label	order	n_safe	ratio	quantity	lo	mid	hi
log-power-n1n2.mapjitter.klw.tn0.1	Risky first	7.0	1.2	p_vertex	0.1771083619931176	0.22103224729151144	0.2696113376846414
log-power-n1n2.mapjitter.klw.tn0.1	Risky first	7.0	1.233392832614218	p_vertex	0.19449127906502317	0.23796489180535574	0.2853962717255114
log-power-n1n2.mapjitter.klw.tn0.1	Risky first	7.0	1.267714899620104	p_vertex	0.21327108429333072	0.25596111566119994	0.3021846650577304
log-power-n1n2.mapjitter.klw.tn0.1	Risky first	7.0	1.3029920591580744	p_vertex	0.23270068530040502	0.2748647641367935	0.3202579036977739
log-power-n1n2.mapjitter.klw.tn0.1	Risky first	7.0	1.339250888932342	p_vertex	0.25299687262300496	0.2947556918223664	0.33883082147910804
log-power-n1n2.mapjitter.klw.tn0.1	Risky first	7.0	1.3765187062344757	p_vertex	0.27531418376037464	0.31572278437706536	0.35845822786959464
log-power-n1n2.mapjitter.klw.tn0.1	Risky first	7.0	1.4148235885241658	p_vertex	0.2983891034928298	0.33746913659831773	0.3786719953379305
log-power-n1n2.mapjitter.klw.tn0.1	Risky first	7.0	1.454194394582695	p_vertex	0.3219520429841331	0.35992170271542157	0.39958575286860615
log-power-n1n2.mapjitter.klw.tn0.1	Risky first	7.0	1.4946607862550567	p_vertex	0.3466720163816647	0.38318789953122767	0.4206434711773018
log-power-n1n2.mapjitter.klw.tn0.1	Risky first	7.0	1.5362532507970992	p_vertex	0.3721739166092954	0.4069835636521111	0.44217579804721757
log-power-n1n2.mapjitter.klw.tn0.1	Risky first	7.0	1.579003123844529	p_vertex	0.3976929395109155	0.43124041988180206	0.4646852337514502
log-power-n1n2.mapjitter.klw.tn0.1	Risky first	7.0	1.6229426130210856	p_vertex	0.4234582745456771	0.4554679683616991	0.486922166887359
log-power-n1n2.mapjitter.klw.tn0.1	Risky first	7.0	1.6681048222036647	p_vertex	0.44996728594860874	0.4800463959457403	0.5096102219950641
log-power-n1n2.mapjitter.klw.tn0.1	Risky first	7.0	1.714523776462679	p_vertex	0.4756798685655398	0.5043110210186181	0.532563138597305
log-power-n1n2.mapjitter.klw.tn0.1	Risky first	7.0	1.7622344476964418	p_vertex	0.5011806131590762	0.5285091792033223	0.5550724948835122
log-power-n1n2.mapjitter.klw.tn0.1	Risky first	7.0	1.8112727809788889	p_vertex	0.5262956839621735	0.5522337947000201	0.5773805827945171
log-power-n1n2.mapjitter.klw.tn0.1	Risky first	7.0	1.861675721640487	p_vertex	0.5508163449261795	0.5754346377587274	0.5996716834985096
log-power-n1n2.mapjitter.klw.tn0.1	Risky first	7.0	1.9134812431027324	p_vertex	0.5743135770939033	0.5980504167599144	0.6214568294658652
log-power-n1n2.mapjitter.klw.tn0.1	Risky first	7.0	1.9667283754872122	p_vertex	0.5972306866540603	0.6200167135273509	0.6426480510623922
log-power-n1n2.mapjitter.klw.tn0.1	Risky first	7.0	2.021457235020777	p_vertex	0.6188160942880505	0.6410983622674422	0.6633376897055762
log-power-n1n2.mapjitter.klw.tn0.1	Risky first	7.0	2.0777090542589844	p_vertex	0.6392773896873731	0.6613022787854761	0.6834024531128399
log-power-n1n2.mapjitter.klw.tn0.1	Risky first	7.0	2.1355262131505808	p_vertex	0.659081250383002	0.6806409937501092	0.7023575259093239
log-power-n1n2.mapjitter.klw.tn0.1	Risky first	7.0	2.1949522709664246	p_vertex	0.6780172647876465	0.6991030514120832	0.7204767645752237
log-power-n1n2.mapjitter.klw.tn0.1	Risky first	7.0	2.256031999116908	p_vertex	0.6957654189795802	0.7165005619046336	0.7375592219256782
log-power-n1n2.mapjitter.klw.tn0.1	Risky first	7.0	2.3188114148826	p_vertex	0.7124703590761469	0.7330657957845583	0.7538469079088047
log-power-n1n2.mapjitter.klw.tn0.1	Risky first	7.0	2.3833378160835275	p_vertex	0.7281374045549308	0.7486774445233848	0.7692877171637776
log-power-n1n2.mapjitter.klw.tn0.1	Risky first	7.0	2.4496598167132055	p_vertex	0.7431382748457054	0.7634162595237395	0.7837428914346084
log-power-n1n2.mapjitter.klw.tn0.1	Risky first	7.0	2.5178273835642724	p_vertex	0.7572038990295382	0.7772333897235799	0.7971892684233209
log-power-n1n2.mapjitter.klw.tn0.1	Risky first	7.0	2.58789187387332	p_vertex	0.7704611791673467	0.7901610995202892	0.8099370699067449
log-power-n1n2.mapjitter.klw.tn0.1	Risky first	7.0	2.659906074013276	p_vertex	0.7826846609899424	0.8023631092497712	0.8218169873878545
log-power-n1n2.mapjitter.klw.tn0.1	Risky first	7.0	2.7339242392624983	p_vertex	0.7944360470000044	0.8139252482979561	0.8328159758494181
log-power-n1n2.mapjitter.klw.tn0.1	Risky first	7.0	2.8100021346805373	p_vertex	0.8054544882575985	0.8246223753297012	0.8433187222701836
log-power-n1n2.mapjitter.klw.tn0.1	Risky first	7.0	2.8881970771213568	p_vertex	0.8158002630216408	0.8346866229280004	0.852968314195233
log-power-n1n2.mapjitter.klw.tn0.1	Risky first	7.0	2.9685679784156793	p_vertex	0.8253257401350332	0.8441044769383357	0.8620327291290032
log-power-n1n2.mapjitter.klw.tn0.1	Risky first	7.0	3.051175389754982	p_vertex	0.8344806367735045	0.8529155051629378	0.870449093660013
log-power-n1n2.mapjitter.klw.tn0.1	Risky first	7.0	3.1360815473105736	p_vertex	0.842890554315301	0.8611586813751706	0.8783008767687365
log-power-n1n2.mapjitter.klw.tn0.1	Risky first	7.0	3.2233504191221405	p_vertex	0.8507566711837314	0.868903762111775	0.8855572887658482
log-power-n1n2.mapjitter.klw.tn0.1	Risky first	7.0	3.31304775329107	p_vertex	0.8581557617685077	0.876112099762707	0.8923169330313296
log-power-n1n2.mapjitter.klw.tn0.1	Risky first	7.0	3.40524112751487	p_vertex	0.8652280958392635	0.8829271415436122	0.8988146732831152
log-power-n1n2.mapjitter.klw.tn0.1	Risky first	7.0	3.5000000000000004	p_vertex	0.8718718825809069	0.8893269308172328	0.9049597769029567
log-power-n1n2.mapjitter.klw.tn0.1	Risky first	7.0	1.2	p_full	0.1877638501155689	0.23822168051522058	0.2926099700966984
log-power-n1n2.mapjitter.klw.tn0.1	Risky first	7.0	1.233392832614218	p_full	0.20511972471899836	0.2552161863830311	0.3083203379263735
log-power-n1n2.mapjitter.klw.tn0.1	Risky first	7.0	1.267714899620104	p_full	0.22384066070237238	0.2728719977734295	0.32436673205789907
log-power-n1n2.mapjitter.klw.tn0.1	Risky first	7.0	1.3029920591580744	p_full	0.24315359525806238	0.29115264331553636	0.3407586507926959
log-power-n1n2.mapjitter.klw.tn0.1	Risky first	7.0	1.339250888932342	p_full	0.2634273849093785	0.310046184217023	0.35772874730054777
log-power-n1n2.mapjitter.klw.tn0.1	Risky first	7.0	1.3765187062344757	p_full	0.2847891793250658	0.32974898197698055	0.3749470567289182
log-power-n1n2.mapjitter.klw.tn0.1	Risky first	7.0	1.4148235885241658	p_full	0.30644058801058977	0.3497358971281662	0.3929257903935736
log-power-n1n2.mapjitter.klw.tn0.1	Risky first	7.0	1.454194394582695	p_full	0.3287172785921662	0.3701338046529168	0.41119355167561145
log-power-n1n2.mapjitter.klw.tn0.1	Risky first	7.0	1.4946607862550567	p_full	0.35156492780578863	0.3907492504321279	0.4296994159836214
log-power-n1n2.mapjitter.klw.tn0.1	Risky first	7.0	1.5362532507970992	p_full	0.3744591783544043	0.4117726575907497	0.4481933641737132
log-power-n1n2.mapjitter.klw.tn0.1	Risky first	7.0	1.579003123844529	p_full	0.3978762283429188	0.4329655665570207	0.46763719566255224
log-power-n1n2.mapjitter.klw.tn0.1	Risky first	7.0	1.6229426130210856	p_full	0.4216820225154912	0.454221995339811	0.48669490048451197
log-power-n1n2.mapjitter.klw.tn0.1	Risky first	7.0	1.6681048222036647	p_full	0.4447657920776514	0.47551145306553616	0.505843930650493
log-power-n1n2.mapjitter.klw.tn0.1	Risky first	7.0	1.714523776462679	p_full	0.4675840387732892	0.49670872370391367	0.5254167634849399
log-power-n1n2.mapjitter.klw.tn0.1	Risky first	7.0	1.7622344476964418	p_full	0.49023591639919994	0.5177893014471482	0.5447543982496017
log-power-n1n2.mapjitter.klw.tn0.1	Risky first	7.0	1.8112727809788889	p_full	0.512571510352758	0.5386643652568894	0.5641679934641101
log-power-n1n2.mapjitter.klw.tn0.1	Risky first	7.0	1.861675721640487	p_full	0.5342800438202684	0.559311352440564	0.5838896399617447
log-power-n1n2.mapjitter.klw.tn0.1	Risky first	7.0	1.9134812431027324	p_full	0.5552265481560132	0.5796732679994243	0.603411406389851
log-power-n1n2.mapjitter.klw.tn0.1	Risky first	7.0	1.9667283754872122	p_full	0.5756254074787573	0.5995478561387404	0.6227218503729688
log-power-n1n2.mapjitter.klw.tn0.1	Risky first	7.0	2.021457235020777	p_full	0.5952638670259937	0.6190319627189967	0.6417943233153062
log-power-n1n2.mapjitter.klw.tn0.1	Risky first	7.0	2.0777090542589844	p_full	0.614013809099732	0.6379540271788979	0.6603930098541005
log-power-n1n2.mapjitter.klw.tn0.1	Risky first	7.0	2.1355262131505808	p_full	0.6324847137389714	0.6563377612357657	0.6786461513712575
log-power-n1n2.mapjitter.klw.tn0.1	Risky first	7.0	2.1949522709664246	p_full	0.6501560541356707	0.6740756176115725	0.6963105098124381
log-power-n1n2.mapjitter.klw.tn0.1	Risky first	7.0	2.256031999116908	p_full	0.6673117815338229	0.6912821595505555	0.7133040973788931
log-power-n1n2.mapjitter.klw.tn0.1	Risky first	7.0	2.3188114148826	p_full	0.683902909893497	0.7076795646964366	0.7298475756769179
log-power-n1n2.mapjitter.klw.tn0.1	Risky first	7.0	2.3833378160835275	p_full	0.6998018193928741	0.7234773442131631	0.7456471437258565
log-power-n1n2.mapjitter.klw.tn0.1	Risky first	7.0	2.4496598167132055	p_full	0.7148215517677984	0.7386748950143516	0.7606418430458702
log-power-n1n2.mapjitter.klw.tn0.1	Risky first	7.0	2.5178273835642724	p_full	0.7294059277934665	0.7532124669352344	0.7750171455059042
log-power-n1n2.mapjitter.klw.tn0.1	Risky first	7.0	2.58789187387332	p_full	0.743245062782789	0.7670747363541688	0.7885855978281695
log-power-n1n2.mapjitter.klw.tn0.1	Risky first	7.0	2.659906074013276	p_full	0.7565748345243849	0.7803030381443112	0.8016340567549279
log-power-n1n2.mapjitter.klw.tn0.1	Risky first	7.0	2.7339242392624983	p_full	0.7691537184050871	0.7928580099899387	0.8139407755557734
log-power-n1n2.mapjitter.klw.tn0.1	Risky first	7.0	2.8100021346805373	p_full	0.7813440405561052	0.8047550115317692	0.8256898871927365
log-power-n1n2.mapjitter.klw.tn0.1	Risky first	7.0	2.8881970771213568	p_full	0.7930209581258598	0.8160835728833093	0.8367346493647446
log-power-n1n2.mapjitter.klw.tn0.1	Risky first	7.0	2.9685679784156793	p_full	0.8041935967448604	0.8267812405347645	0.8470565523419074
log-power-n1n2.mapjitter.klw.tn0.1	Risky first	7.0	3.051175389754982	p_full	0.8147189168008813	0.8369177081831485	0.8568130543548527
log-power-n1n2.mapjitter.klw.tn0.1	Risky first	7.0	3.1360815473105736	p_full	0.8247017238971279	0.84644744142513	0.8658969545099208
log-power-n1n2.mapjitter.klw.tn0.1	Risky first	7.0	3.2233504191221405	p_full	0.833948210910721	0.8555334440017706	0.8744440174411695
log-power-n1n2.mapjitter.klw.tn0.1	Risky first	7.0	3.31304775329107	p_full	0.8428336648086504	0.8639920906191912	0.8824709228370237
log-power-n1n2.mapjitter.klw.tn0.1	Risky first	7.0	3.40524112751487	p_full	0.8511219785400004	0.8720193800311408	0.8900381285278092
log-power-n1n2.mapjitter.klw.tn0.1	Risky first	7.0	3.5000000000000004	p_full	0.8592534888185608	0.8795858057850648	0.8971941904631983
log-power-n1n2.mapjitter.klw.tn0.1	Risky first	7.0	1.2	p_bias_only	0.18128733598392638	0.2269302994795251	0.2780485893659215
log-power-n1n2.mapjitter.klw.tn0.1	Risky first	7.0	1.233392832614218	p_bias_only	0.19863318112552378	0.2442859224531166	0.2944550444861156
log-power-n1n2.mapjitter.klw.tn0.1	Risky first	7.0	1.267714899620104	p_bias_only	0.2168923268397695	0.2624059894878488	0.3116258105762085
log-power-n1n2.mapjitter.klw.tn0.1	Risky first	7.0	1.3029920591580744	p_bias_only	0.2364576841664166	0.28124585757546305	0.3296701899991273
log-power-n1n2.mapjitter.klw.tn0.1	Risky first	7.0	1.339250888932342	p_bias_only	0.2566983388278972	0.3009130680525012	0.34802656889433065
log-power-n1n2.mapjitter.klw.tn0.1	Risky first	7.0	1.3765187062344757	p_bias_only	0.27783032282134656	0.32111939368896447	0.3670666128850859
log-power-n1n2.mapjitter.klw.tn0.1	Risky first	7.0	1.4148235885241658	p_bias_only	0.29989258394652213	0.3420115502151797	0.3863803645239722
log-power-n1n2.mapjitter.klw.tn0.1	Risky first	7.0	1.454194394582695	p_bias_only	0.322741428218923	0.3634532641563769	0.4060080217337588
log-power-n1n2.mapjitter.klw.tn0.1	Risky first	7.0	1.4946607862550567	p_bias_only	0.34567001988867235	0.38528323422561084	0.4262106547254425
log-power-n1n2.mapjitter.klw.tn0.1	Risky first	7.0	1.5362532507970992	p_bias_only	0.3693122987640411	0.40736327080492174	0.4464059812447763
log-power-n1n2.mapjitter.klw.tn0.1	Risky first	7.0	1.579003123844529	p_bias_only	0.3929348480381485	0.4295157002605216	0.4671865132335519
log-power-n1n2.mapjitter.klw.tn0.1	Risky first	7.0	1.6229426130210856	p_bias_only	0.4167076636558866	0.4519352612447326	0.4881525361591533
log-power-n1n2.mapjitter.klw.tn0.1	Risky first	7.0	1.6681048222036647	p_bias_only	0.44095661104055517	0.47436905431511434	0.5090628027260327
log-power-n1n2.mapjitter.klw.tn0.1	Risky first	7.0	1.714523776462679	p_bias_only	0.4646506094541709	0.49666098619749166	0.5300201978348642
log-power-n1n2.mapjitter.klw.tn0.1	Risky first	7.0	1.7622344476964418	p_bias_only	0.48794655871321024	0.5189694686706429	0.5507151082806546
log-power-n1n2.mapjitter.klw.tn0.1	Risky first	7.0	1.8112727809788889	p_bias_only	0.51114018804207	0.5407094205936216	0.5710695298845231
log-power-n1n2.mapjitter.klw.tn0.1	Risky first	7.0	1.861675721640487	p_bias_only	0.533443440126713	0.5621933164209969	0.5909389512729951
log-power-n1n2.mapjitter.klw.tn0.1	Risky first	7.0	1.9134812431027324	p_bias_only	0.5551387426029011	0.58314883552292	0.6108003102503183
log-power-n1n2.mapjitter.klw.tn0.1	Risky first	7.0	1.9667283754872122	p_bias_only	0.5763176595634517	0.603631277356881	0.6301905092819136
log-power-n1n2.mapjitter.klw.tn0.1	Risky first	7.0	2.021457235020777	p_bias_only	0.5967668443955971	0.6236052523007338	0.6493535678070255
log-power-n1n2.mapjitter.klw.tn0.1	Risky first	7.0	2.0777090542589844	p_bias_only	0.6165539150920285	0.6428482655809811	0.6678133170041902
log-power-n1n2.mapjitter.klw.tn0.1	Risky first	7.0	2.1355262131505808	p_bias_only	0.6357221249992367	0.6614319874828276	0.685586889744278
log-power-n1n2.mapjitter.klw.tn0.1	Risky first	7.0	2.1949522709664246	p_bias_only	0.653980614340705	0.6793012451318592	0.7028811352646533
log-power-n1n2.mapjitter.klw.tn0.1	Risky first	7.0	2.256031999116908	p_bias_only	0.6719283685890682	0.6964831560254322	0.7193543607535573
log-power-n1n2.mapjitter.klw.tn0.1	Risky first	7.0	2.3188114148826	p_bias_only	0.688806265321301	0.7129350699200507	0.7351098559201819
log-power-n1n2.mapjitter.klw.tn0.1	Risky first	7.0	2.3833378160835275	p_bias_only	0.7051710046186324	0.7287015138304203	0.7502816440391066
log-power-n1n2.mapjitter.klw.tn0.1	Risky first	7.0	2.4496598167132055	p_bias_only	0.7206372333020481	0.7436945018390395	0.7646489768258449
log-power-n1n2.mapjitter.klw.tn0.1	Risky first	7.0	2.5178273835642724	p_bias_only	0.7354598694667913	0.7580860086218134	0.7782206462203101
log-power-n1n2.mapjitter.klw.tn0.1	Risky first	7.0	2.58789187387332	p_bias_only	0.7495457175232023	0.7716782318439657	0.7911865536964112
log-power-n1n2.mapjitter.klw.tn0.1	Risky first	7.0	2.659906074013276	p_bias_only	0.7629214278363212	0.784567912927137	0.8036812785899636
log-power-n1n2.mapjitter.klw.tn0.1	Risky first	7.0	2.7339242392624983	p_bias_only	0.7757363356645243	0.796737250731687	0.8153986872264598
log-power-n1n2.mapjitter.klw.tn0.1	Risky first	7.0	2.8100021346805373	p_bias_only	0.7877570123299242	0.8083001001235892	0.8265871436968673
log-power-n1n2.mapjitter.klw.tn0.1	Risky first	7.0	2.8881970771213568	p_bias_only	0.7991511994460313	0.8192656024028041	0.8369730382849707
log-power-n1n2.mapjitter.klw.tn0.1	Risky first	7.0	2.9685679784156793	p_bias_only	0.8098336164923684	0.8295064524866589	0.8466165791412257
log-power-n1n2.mapjitter.klw.tn0.1	Risky first	7.0	3.051175389754982	p_bias_only	0.8199054142175217	0.8392741852795069	0.8559219813149066
log-power-n1n2.mapjitter.klw.tn0.1	Risky first	7.0	3.1360815473105736	p_bias_only	0.8295730606928753	0.8484842472084468	0.864631854210486
log-power-n1n2.mapjitter.klw.tn0.1	Risky first	7.0	3.2233504191221405	p_bias_only	0.838743527528605	0.8571607258669309	0.8730037946253554
log-power-n1n2.mapjitter.klw.tn0.1	Risky first	7.0	3.31304775329107	p_bias_only	0.8473515155528664	0.8654115868953411	0.8807173368406745
log-power-n1n2.mapjitter.klw.tn0.1	Risky first	7.0	3.40524112751487	p_bias_only	0.8555280171250723	0.8730886277002019	0.8880470560555325
log-power-n1n2.mapjitter.klw.tn0.1	Risky first	7.0	3.5000000000000004	p_bias_only	0.8633058947859443	0.8803812916529612	0.8947753902943019
log-power-n1n2.mapjitter.klw.tn0.1	Risky first	7.0	1.2	p_scale_only	0.19905798977033679	0.2419016967629854	0.28872969342680127
log-power-n1n2.mapjitter.klw.tn0.1	Risky first	7.0	1.233392832614218	p_scale_only	0.2162418817248923	0.2590848382273161	0.30476842253424125
log-power-n1n2.mapjitter.klw.tn0.1	Risky first	7.0	1.267714899620104	p_scale_only	0.2345373007770434	0.2770750282943007	0.3217176002801425
log-power-n1n2.mapjitter.klw.tn0.1	Risky first	7.0	1.3029920591580744	p_scale_only	0.25409337761979467	0.29576089899141467	0.33920941492577333
log-power-n1n2.mapjitter.klw.tn0.1	Risky first	7.0	1.339250888932342	p_scale_only	0.27483791534271057	0.31510309156467703	0.3571730608584069
log-power-n1n2.mapjitter.klw.tn0.1	Risky first	7.0	1.3765187062344757	p_scale_only	0.29581285938221624	0.3350546334783697	0.37535952938925266
log-power-n1n2.mapjitter.klw.tn0.1	Risky first	7.0	1.4148235885241658	p_scale_only	0.31750872712027495	0.3556695410897886	0.3942859486038141
log-power-n1n2.mapjitter.klw.tn0.1	Risky first	7.0	1.454194394582695	p_scale_only	0.3399539565623732	0.3766715758837912	0.41353102380879564
log-power-n1n2.mapjitter.klw.tn0.1	Risky first	7.0	1.4946607862550567	p_scale_only	0.36276672813157684	0.3979830753141867	0.4331497130642743
log-power-n1n2.mapjitter.klw.tn0.1	Risky first	7.0	1.5362532507970992	p_scale_only	0.38612882940127324	0.4196647353394828	0.45261116224693704
log-power-n1n2.mapjitter.klw.tn0.1	Risky first	7.0	1.579003123844529	p_scale_only	0.40949165565897516	0.44144502225493876	0.4729616454500745
log-power-n1n2.mapjitter.klw.tn0.1	Risky first	7.0	1.6229426130210856	p_scale_only	0.43271562744321257	0.4633248707348639	0.4933197124725606
log-power-n1n2.mapjitter.klw.tn0.1	Risky first	7.0	1.6681048222036647	p_scale_only	0.45591925811437917	0.4850624102328577	0.513804888109557
log-power-n1n2.mapjitter.klw.tn0.1	Risky first	7.0	1.714523776462679	p_scale_only	0.4792984570661317	0.5067991740546414	0.5340743335664841
log-power-n1n2.mapjitter.klw.tn0.1	Risky first	7.0	1.7622344476964418	p_scale_only	0.5020891109683185	0.5284303939652639	0.5546284735544592
log-power-n1n2.mapjitter.klw.tn0.1	Risky first	7.0	1.8112727809788889	p_scale_only	0.524333765586734	0.5497872923472027	0.5749813480131502
log-power-n1n2.mapjitter.klw.tn0.1	Risky first	7.0	1.861675721640487	p_scale_only	0.546045362323802	0.5708501294361125	0.5952972391491897
log-power-n1n2.mapjitter.klw.tn0.1	Risky first	7.0	1.9134812431027324	p_scale_only	0.567155645061182	0.5915501444308404	0.6151721046742596
log-power-n1n2.mapjitter.klw.tn0.1	Risky first	7.0	1.9667283754872122	p_scale_only	0.5878904781981563	0.6117064531243748	0.6347811741339665
log-power-n1n2.mapjitter.klw.tn0.1	Risky first	7.0	2.021457235020777	p_scale_only	0.6081953026726113	0.6313486720417398	0.6540140757541397
log-power-n1n2.mapjitter.klw.tn0.1	Risky first	7.0	2.0777090542589844	p_scale_only	0.6275604954948318	0.6503589332344393	0.6727656095086433
log-power-n1n2.mapjitter.klw.tn0.1	Risky first	7.0	2.1355262131505808	p_scale_only	0.6462935579856588	0.6687651704544189	0.6909594109464295
log-power-n1n2.mapjitter.klw.tn0.1	Risky first	7.0	2.1949522709664246	p_scale_only	0.6642951793664954	0.6866140652572583	0.7082757139419409
log-power-n1n2.mapjitter.klw.tn0.1	Risky first	7.0	2.256031999116908	p_scale_only	0.6814591463550153	0.7037171112490817	0.7250583649296642
log-power-n1n2.mapjitter.klw.tn0.1	Risky first	7.0	2.3188114148826	p_scale_only	0.6982082203611892	0.720161930219497	0.7413155511148326
log-power-n1n2.mapjitter.klw.tn0.1	Risky first	7.0	2.3833378160835275	p_scale_only	0.7138666730107351	0.7358332382421902	0.7567577156764356
log-power-n1n2.mapjitter.klw.tn0.1	Risky first	7.0	2.4496598167132055	p_scale_only	0.7290244968849892	0.7509373453727239	0.7714242778260966
log-power-n1n2.mapjitter.klw.tn0.1	Risky first	7.0	2.5178273835642724	p_scale_only	0.743680528868339	0.7652626412288456	0.7853700065201462
log-power-n1n2.mapjitter.klw.tn0.1	Risky first	7.0	2.58789187387332	p_scale_only	0.7575434599686245	0.7788755058475725	0.7986634116058088
log-power-n1n2.mapjitter.klw.tn0.1	Risky first	7.0	2.659906074013276	p_scale_only	0.770668134540833	0.7917766361004619	0.8110303042550369
log-power-n1n2.mapjitter.klw.tn0.1	Risky first	7.0	2.7339242392624983	p_scale_only	0.7833072839488314	0.8039877196865961	0.8229287216690878
log-power-n1n2.mapjitter.klw.tn0.1	Risky first	7.0	2.8100021346805373	p_scale_only	0.7952985387806248	0.8155751386453165	0.83433541778365
log-power-n1n2.mapjitter.klw.tn0.1	Risky first	7.0	2.8881970771213568	p_scale_only	0.8066537745030129	0.8265013700670073	0.8449952925292994
log-power-n1n2.mapjitter.klw.tn0.1	Risky first	7.0	2.9685679784156793	p_scale_only	0.8174457210686084	0.8368667883708814	0.85476154394295
log-power-n1n2.mapjitter.klw.tn0.1	Risky first	7.0	3.051175389754982	p_scale_only	0.8276179748966169	0.8466129025647883	0.8639257164051389
log-power-n1n2.mapjitter.klw.tn0.1	Risky first	7.0	3.1360815473105736	p_scale_only	0.8371564163878671	0.8557950747253105	0.8727749710100694
log-power-n1n2.mapjitter.klw.tn0.1	Risky first	7.0	3.2233504191221405	p_scale_only	0.8462506717016559	0.8644769375456738	0.881066946242172
log-power-n1n2.mapjitter.klw.tn0.1	Risky first	7.0	3.31304775329107	p_scale_only	0.8546782993491275	0.8726128810948482	0.8886759393255468
log-power-n1n2.mapjitter.klw.tn0.1	Risky first	7.0	3.40524112751487	p_scale_only	0.8626406409213551	0.8802776524839216	0.8957817935885376
log-power-n1n2.mapjitter.klw.tn0.1	Risky first	7.0	3.5000000000000004	p_scale_only	0.8701894767506538	0.8874473589623402	0.9025743988367085
log-power-n1n2.mapjitter.klw.tn0.1	Risky first	7.0	1.2	dp_full	-0.03205257550592754	0.01703055640635156	0.06777549053975476
log-power-n1n2.mapjitter.klw.tn0.1	Risky first	7.0	1.233392832614218	dp_full	-0.030779876403050205	0.01716086063248043	0.06648369176343115
log-power-n1n2.mapjitter.klw.tn0.1	Risky first	7.0	1.267714899620104	dp_full	-0.029673481557069455	0.01703529765875005	0.0643161686455546
log-power-n1n2.mapjitter.klw.tn0.1	Risky first	7.0	1.3029920591580744	dp_full	-0.028966405303812646	0.01625023886612454	0.06217441532761086
log-power-n1n2.mapjitter.klw.tn0.1	Risky first	7.0	1.339250888932342	dp_full	-0.028781404836750707	0.015418941066319046	0.05913006754083656
log-power-n1n2.mapjitter.klw.tn0.1	Risky first	7.0	1.3765187062344757	dp_full	-0.028170726973376338	0.014087044043608497	0.05518136846426397
log-power-n1n2.mapjitter.klw.tn0.1	Risky first	7.0	1.4148235885241658	dp_full	-0.027952849217913765	0.012267942127654306	0.05111675280823062
log-power-n1n2.mapjitter.klw.tn0.1	Risky first	7.0	1.454194394582695	dp_full	-0.028397755916539074	0.01014666727099979	0.046663091650775125
log-power-n1n2.mapjitter.klw.tn0.1	Risky first	7.0	1.4946607862550567	dp_full	-0.029069107231298616	0.007752609627054467	0.04100997698056545
log-power-n1n2.mapjitter.klw.tn0.1	Risky first	7.0	1.5362532507970992	dp_full	-0.02943741094981731	0.005130705053741868	0.0357839442690964
log-power-n1n2.mapjitter.klw.tn0.1	Risky first	7.0	1.579003123844529	dp_full	-0.029960232029122503	0.0020741748067749192	0.030838412807231475
log-power-n1n2.mapjitter.klw.tn0.1	Risky first	7.0	1.6229426130210856	dp_full	-0.030720621708467954	-0.000763474830020567	0.02555791583753311
log-power-n1n2.mapjitter.klw.tn0.1	Risky first	7.0	1.6681048222036647	dp_full	-0.031893933211374195	-0.0038103330242709047	0.019932099848362934
log-power-n1n2.mapjitter.klw.tn0.1	Risky first	7.0	1.714523776462679	dp_full	-0.033374393611190344	-0.006823188240730483	0.015091693202726615
log-power-n1n2.mapjitter.klw.tn0.1	Risky first	7.0	1.7622344476964418	dp_full	-0.035225909108788755	-0.009803639222162833	0.010305065773011613
log-power-n1n2.mapjitter.klw.tn0.1	Risky first	7.0	1.8112727809788889	dp_full	-0.03744957453552381	-0.01264784467531408	0.006119562467336899
log-power-n1n2.mapjitter.klw.tn0.1	Risky first	7.0	1.861675721640487	dp_full	-0.039147701441236554	-0.01520203063280051	0.0024747785977476716
log-power-n1n2.mapjitter.klw.tn0.1	Risky first	7.0	1.9134812431027324	dp_full	-0.04107201767365211	-0.0177181804131938	-0.00017621439062140315
log-power-n1n2.mapjitter.klw.tn0.1	Risky first	7.0	1.9667283754872122	dp_full	-0.04284396250580103	-0.019916809144836005	-0.0023631592955320356
log-power-n1n2.mapjitter.klw.tn0.1	Risky first	7.0	2.021457235020777	dp_full	-0.04468953453309002	-0.021729858872886025	-0.00337331545116275
log-power-n1n2.mapjitter.klw.tn0.1	Risky first	7.0	2.0777090542589844	dp_full	-0.04594201581798192	-0.0231761618845679	-0.004061616961920647
log-power-n1n2.mapjitter.klw.tn0.1	Risky first	7.0	2.1355262131505808	dp_full	-0.04683894236763003	-0.024270550116163553	-0.004492585519747354
log-power-n1n2.mapjitter.klw.tn0.1	Risky first	7.0	2.1949522709664246	dp_full	-0.0477309172675639	-0.02502005746052841	-0.004386736560266414
log-power-n1n2.mapjitter.klw.tn0.1	Risky first	7.0	2.256031999116908	dp_full	-0.04842397074346398	-0.025487065131432805	-0.004191095837375749
log-power-n1n2.mapjitter.klw.tn0.1	Risky first	7.0	2.3188114148826	dp_full	-0.04867653392177174	-0.02558546400990039	-0.0037572217367161796
log-power-n1n2.mapjitter.klw.tn0.1	Risky first	7.0	2.3833378160835275	dp_full	-0.048786537219704655	-0.025390307446835663	-0.003012946678026619
log-power-n1n2.mapjitter.klw.tn0.1	Risky first	7.0	2.4496598167132055	dp_full	-0.048460204690049996	-0.02495923947457672	-0.002080875043592891
log-power-n1n2.mapjitter.klw.tn0.1	Risky first	7.0	2.5178273835642724	dp_full	-0.04819187772351307	-0.024214238080025197	-0.0006010065243120767
log-power-n1n2.mapjitter.klw.tn0.1	Risky first	7.0	2.58789187387332	dp_full	-0.047570095820879926	-0.023366365944624157	0.0004965939738062319
log-power-n1n2.mapjitter.klw.tn0.1	Risky first	7.0	2.659906074013276	dp_full	-0.046453296126880136	-0.022411730041363993	0.0016186964130683228
log-power-n1n2.mapjitter.klw.tn0.1	Risky first	7.0	2.7339242392624983	dp_full	-0.04559560469062849	-0.021297894471285474	0.002791498465486595
log-power-n1n2.mapjitter.klw.tn0.1	Risky first	7.0	2.8100021346805373	dp_full	-0.04415496328937474	-0.020070166031813975	0.0038157900958708407
log-power-n1n2.mapjitter.klw.tn0.1	Risky first	7.0	2.8881970771213568	dp_full	-0.04272087102248917	-0.018805815569308923	0.004864503083918617
log-power-n1n2.mapjitter.klw.tn0.1	Risky first	7.0	2.9685679784156793	dp_full	-0.04133670920136413	-0.017515960670463463	0.005965249521310217
log-power-n1n2.mapjitter.klw.tn0.1	Risky first	7.0	3.051175389754982	dp_full	-0.03976187552214734	-0.01612581354967091	0.007181722501604647
log-power-n1n2.mapjitter.klw.tn0.1	Risky first	7.0	3.1360815473105736	dp_full	-0.03805290685887465	-0.01473616325079933	0.008341112638036368
log-power-n1n2.mapjitter.klw.tn0.1	Risky first	7.0	3.2233504191221405	dp_full	-0.036523506601780616	-0.01332393908804295	0.00941574291679857
log-power-n1n2.mapjitter.klw.tn0.1	Risky first	7.0	3.31304775329107	dp_full	-0.034980534405807014	-0.0119264428443598	0.010474181302822329
log-power-n1n2.mapjitter.klw.tn0.1	Risky first	7.0	3.40524112751487	dp_full	-0.033328767910678236	-0.010659738193551791	0.011298278765207797
log-power-n1n2.mapjitter.klw.tn0.1	Risky first	7.0	3.5000000000000004	dp_full	-0.03182005002134253	-0.009406170248227404	0.012024995564376367
log-power-n1n2.mapjitter.klw.tn0.1	Risky first	7.0	1.2	dp_bias	-0.03270179684891654	0.006134297265608121	0.046258062575080694
log-power-n1n2.mapjitter.klw.tn0.1	Risky first	7.0	1.233392832614218	dp_bias	-0.032049033847279494	0.006542057830078136	0.04600404384924457
log-power-n1n2.mapjitter.klw.tn0.1	Risky first	7.0	1.267714899620104	dp_bias	-0.03169031008522962	0.006597420878344265	0.04562709852439192
log-power-n1n2.mapjitter.klw.tn0.1	Risky first	7.0	1.3029920591580744	dp_bias	-0.03148169320965465	0.006469255259238273	0.044697408480189875
log-power-n1n2.mapjitter.klw.tn0.1	Risky first	7.0	1.339250888932342	dp_bias	-0.031204259497882057	0.005974593172237622	0.04363946981281454
log-power-n1n2.mapjitter.klw.tn0.1	Risky first	7.0	1.3765187062344757	dp_bias	-0.031433176458814445	0.005491194326820298	0.042117272204893835
log-power-n1n2.mapjitter.klw.tn0.1	Risky first	7.0	1.4148235885241658	dp_bias	-0.031822950038551526	0.0045229872657060995	0.04042314633534683
log-power-n1n2.mapjitter.klw.tn0.1	Risky first	7.0	1.454194394582695	dp_bias	-0.03232956229374107	0.003375432430171378	0.03830816833307656
log-power-n1n2.mapjitter.klw.tn0.1	Risky first	7.0	1.4946607862550567	dp_bias	-0.03289281008717051	0.0021470703044616664	0.0355182405952568
log-power-n1n2.mapjitter.klw.tn0.1	Risky first	7.0	1.5362532507970992	dp_bias	-0.03336324341965148	0.0006511046784199027	0.03273123232120781
log-power-n1n2.mapjitter.klw.tn0.1	Risky first	7.0	1.579003123844529	dp_bias	-0.03405191503988315	-0.0010385274874797298	0.02951785368511823
log-power-n1n2.mapjitter.klw.tn0.1	Risky first	7.0	1.6229426130210856	dp_bias	-0.034945787124651066	-0.002815764433898966	0.02653074882489122
log-power-n1n2.mapjitter.klw.tn0.1	Risky first	7.0	1.6681048222036647	dp_bias	-0.03600691417404804	-0.0047673835237325365	0.023222122510208006
log-power-n1n2.mapjitter.klw.tn0.1	Risky first	7.0	1.714523776462679	dp_bias	-0.03686490339497633	-0.006727710936835982	0.019802471286212164
log-power-n1n2.mapjitter.klw.tn0.1	Risky first	7.0	1.7622344476964418	dp_bias	-0.037638431951577705	-0.008754258636607521	0.01637128623415302
log-power-n1n2.mapjitter.klw.tn0.1	Risky first	7.0	1.8112727809788889	dp_bias	-0.03837180547408513	-0.010707129039869055	0.013240133947461295
log-power-n1n2.mapjitter.klw.tn0.1	Risky first	7.0	1.861675721640487	dp_bias	-0.03925304071579186	-0.012571254098369039	0.010098712289343897
log-power-n1n2.mapjitter.klw.tn0.1	Risky first	7.0	1.9134812431027324	dp_bias	-0.04012732896814757	-0.014125325779155918	0.007267023349090811
log-power-n1n2.mapjitter.klw.tn0.1	Risky first	7.0	1.9667283754872122	dp_bias	-0.04086108365939816	-0.015522531628880286	0.004858139868702422
log-power-n1n2.mapjitter.klw.tn0.1	Risky first	7.0	2.021457235020777	dp_bias	-0.04148289263774289	-0.016916563537878827	0.002940732221466803
log-power-n1n2.mapjitter.klw.tn0.1	Risky first	7.0	2.0777090542589844	dp_bias	-0.04193445362667095	-0.017916417522237323	0.0012841105038430213
log-power-n1n2.mapjitter.klw.tn0.1	Risky first	7.0	2.1355262131505808	dp_bias	-0.04190152787200577	-0.018779766095755143	-0.0003021442873746622
log-power-n1n2.mapjitter.klw.tn0.1	Risky first	7.0	2.1949522709664246	dp_bias	-0.041790940205528565	-0.019450665890342063	-0.001270046414006788
log-power-n1n2.mapjitter.klw.tn0.1	Risky first	7.0	2.256031999116908	dp_bias	-0.04178012672876538	-0.019788541969732978	-0.001967786532741456
log-power-n1n2.mapjitter.klw.tn0.1	Risky first	7.0	2.3188114148826	dp_bias	-0.04114673765333538	-0.019977625897214225	-0.0024579640727560976
log-power-n1n2.mapjitter.klw.tn0.1	Risky first	7.0	2.3833378160835275	dp_bias	-0.040376261542729844	-0.019942939071153444	-0.0027439163827804786
log-power-n1n2.mapjitter.klw.tn0.1	Risky first	7.0	2.4496598167132055	dp_bias	-0.03973522439375489	-0.019655742794602464	-0.0026983588105654955
log-power-n1n2.mapjitter.klw.tn0.1	Risky first	7.0	2.5178273835642724	dp_bias	-0.03873415137612107	-0.019210757672233812	-0.0026050370368253684
log-power-n1n2.mapjitter.klw.tn0.1	Risky first	7.0	2.58789187387332	dp_bias	-0.03740627872013563	-0.018638932929438013	-0.0022968928422611393
log-power-n1n2.mapjitter.klw.tn0.1	Risky first	7.0	2.659906074013276	dp_bias	-0.03613587410565401	-0.01798492882318696	-0.002078063068351919
log-power-n1n2.mapjitter.klw.tn0.1	Risky first	7.0	2.7339242392624983	dp_bias	-0.03481674109787779	-0.017282885444117706	-0.0016728227687199152
log-power-n1n2.mapjitter.klw.tn0.1	Risky first	7.0	2.8100021346805373	dp_bias	-0.03330356798416958	-0.01643353280407675	-0.0011663096821055128
log-power-n1n2.mapjitter.klw.tn0.1	Risky first	7.0	2.8881970771213568	dp_bias	-0.031842753385791026	-0.015536117416096576	-0.000591198603266399
log-power-n1n2.mapjitter.klw.tn0.1	Risky first	7.0	2.9685679784156793	dp_bias	-0.03040122033830825	-0.014564048854644011	-2.153287449250673e-06
log-power-n1n2.mapjitter.klw.tn0.1	Risky first	7.0	3.051175389754982	dp_bias	-0.029045374964282583	-0.013596974471341183	0.00058923721207624
log-power-n1n2.mapjitter.klw.tn0.1	Risky first	7.0	3.1360815473105736	dp_bias	-0.027569889208776222	-0.012627965834089488	0.0012804692287799965
log-power-n1n2.mapjitter.klw.tn0.1	Risky first	7.0	3.2233504191221405	dp_bias	-0.0262168934077691	-0.011674091989346286	0.0018293602077594491
log-power-n1n2.mapjitter.klw.tn0.1	Risky first	7.0	3.31304775329107	dp_bias	-0.024752352032305136	-0.010713533279518813	0.0025651628007678728
log-power-n1n2.mapjitter.klw.tn0.1	Risky first	7.0	3.40524112751487	dp_bias	-0.0235611940939889	-0.009807160319157404	0.0031982153584981716
log-power-n1n2.mapjitter.klw.tn0.1	Risky first	7.0	3.5000000000000004	dp_bias	-0.02224386391187087	-0.008870390160066025	0.00375142776461318
log-power-n1n2.mapjitter.klw.tn0.1	Risky first	7.0	1.2	dp_scale	0.0037321792812331413	0.02071334794638454	0.03919322232218651
log-power-n1n2.mapjitter.klw.tn0.1	Risky first	7.0	1.233392832614218	dp_scale	0.004360896162186087	0.02097728114246378	0.03892887306576699
log-power-n1n2.mapjitter.klw.tn0.1	Risky first	7.0	1.267714899620104	dp_scale	0.004977169597204866	0.021062298465482215	0.03850637839596474
log-power-n1n2.mapjitter.klw.tn0.1	Risky first	7.0	1.3029920591580744	dp_scale	0.005184430742997	0.020774994819689627	0.0374664001098439
log-power-n1n2.mapjitter.klw.tn0.1	Risky first	7.0	1.339250888932342	dp_scale	0.005200314941602118	0.020131835673770956	0.03627057105854211
log-power-n1n2.mapjitter.klw.tn0.1	Risky first	7.0	1.3765187062344757	dp_scale	0.004930261890155352	0.019188023214429695	0.03467385291236326
log-power-n1n2.mapjitter.klw.tn0.1	Risky first	7.0	1.4148235885241658	dp_scale	0.004542457908038367	0.017909695347872852	0.03295379060644377
log-power-n1n2.mapjitter.klw.tn0.1	Risky first	7.0	1.454194394582695	dp_scale	0.003706399537289913	0.01629473295098006	0.03078151665961103
log-power-n1n2.mapjitter.klw.tn0.1	Risky first	7.0	1.4946607862550567	dp_scale	0.002740128142525854	0.014480266703131895	0.02802984746200259
log-power-n1n2.mapjitter.klw.tn0.1	Risky first	7.0	1.5362532507970992	dp_scale	0.001448706263913012	0.012371514152805168	0.02501282697660225
log-power-n1n2.mapjitter.klw.tn0.1	Risky first	7.0	1.579003123844529	dp_scale	-0.00012574154767034217	0.010109281944029644	0.021693997222770777
log-power-n1n2.mapjitter.klw.tn0.1	Risky first	7.0	1.6229426130210856	dp_scale	-0.002000540726314989	0.007686437971801635	0.018278968399559253
log-power-n1n2.mapjitter.klw.tn0.1	Risky first	7.0	1.6681048222036647	dp_scale	-0.004142315709438839	0.005205261287922964	0.014965783852990596
log-power-n1n2.mapjitter.klw.tn0.1	Risky first	7.0	1.714523776462679	dp_scale	-0.006618728923390081	0.002674121350968052	0.01198276134213676
log-power-n1n2.mapjitter.klw.tn0.1	Risky first	7.0	1.7622344476964418	dp_scale	-0.0091381292492646	0.0001829418577950637	0.00916390656686183
log-power-n1n2.mapjitter.klw.tn0.1	Risky first	7.0	1.8112727809788889	dp_scale	-0.011738935004320945	-0.00221391962403192	0.006901124196411259
log-power-n1n2.mapjitter.klw.tn0.1	Risky first	7.0	1.861675721640487	dp_scale	-0.014489009360650467	-0.004458649909148618	0.00511331925032544
log-power-n1n2.mapjitter.klw.tn0.1	Risky first	7.0	1.9134812431027324	dp_scale	-0.017102650961133847	-0.006438435247865465	0.0036927840748289704
log-power-n1n2.mapjitter.klw.tn0.1	Risky first	7.0	1.9667283754872122	dp_scale	-0.019732603715864376	-0.008208612920799278	0.0026176106302397166
log-power-n1n2.mapjitter.klw.tn0.1	Risky first	7.0	2.021457235020777	dp_scale	-0.021858801106903927	-0.00965783172346374	0.001878049384191898
log-power-n1n2.mapjitter.klw.tn0.1	Risky first	7.0	2.0777090542589844	dp_scale	-0.023870115644084863	-0.010824171406543188	0.0011653344116689512
log-power-n1n2.mapjitter.klw.tn0.1	Risky first	7.0	2.1355262131505808	dp_scale	-0.025350860492977658	-0.011745817475652051	0.000738486905746476
log-power-n1n2.mapjitter.klw.tn0.1	Risky first	7.0	2.1949522709664246	dp_scale	-0.026591128525027482	-0.012459392747065891	0.0005028355402316173
log-power-n1n2.mapjitter.klw.tn0.1	Risky first	7.0	2.256031999116908	dp_scale	-0.027250687961083545	-0.012768408819897083	0.0004626529519411963
log-power-n1n2.mapjitter.klw.tn0.1	Risky first	7.0	2.3188114148826	dp_scale	-0.027651124115634782	-0.012868252955253014	0.0006624533950851686
log-power-n1n2.mapjitter.klw.tn0.1	Risky first	7.0	2.3833378160835275	dp_scale	-0.027902312279576198	-0.012720674446014033	0.0009301941911323447
log-power-n1n2.mapjitter.klw.tn0.1	Risky first	7.0	2.4496598167132055	dp_scale	-0.02767643649305903	-0.012364309591114474	0.0013514741964673449
log-power-n1n2.mapjitter.klw.tn0.1	Risky first	7.0	2.5178273835642724	dp_scale	-0.027220955039557657	-0.011842178793282327	0.0017444147839813802
log-power-n1n2.mapjitter.klw.tn0.1	Risky first	7.0	2.58789187387332	dp_scale	-0.026571079725012842	-0.011194197995390408	0.0022440713045264312
log-power-n1n2.mapjitter.klw.tn0.1	Risky first	7.0	2.659906074013276	dp_scale	-0.025821802657370375	-0.010483888208561765	0.002953569369846997
log-power-n1n2.mapjitter.klw.tn0.1	Risky first	7.0	2.7339242392624983	dp_scale	-0.0248192017684066	-0.009690415654245867	0.0037592611503433184
log-power-n1n2.mapjitter.klw.tn0.1	Risky first	7.0	2.8100021346805373	dp_scale	-0.02386919348783491	-0.008842942709382932	0.004518249400041191
log-power-n1n2.mapjitter.klw.tn0.1	Risky first	7.0	2.8881970771213568	dp_scale	-0.0225977061124681	-0.00794874993483851	0.005385798390914139
log-power-n1n2.mapjitter.klw.tn0.1	Risky first	7.0	2.9685679784156793	dp_scale	-0.021573048804043447	-0.007009438307625006	0.006171191347888911
log-power-n1n2.mapjitter.klw.tn0.1	Risky first	7.0	3.051175389754982	dp_scale	-0.020415556436414666	-0.006097903531126674	0.0068244030360813815
log-power-n1n2.mapjitter.klw.tn0.1	Risky first	7.0	3.1360815473105736	dp_scale	-0.019229704605345076	-0.005173312704760454	0.007488337026767911
log-power-n1n2.mapjitter.klw.tn0.1	Risky first	7.0	3.2233504191221405	dp_scale	-0.018037544690204473	-0.004273686559018597	0.00810750938771288
log-power-n1n2.mapjitter.klw.tn0.1	Risky first	7.0	3.31304775329107	dp_scale	-0.016897667693348946	-0.0034265562965147146	0.008811742760878961
log-power-n1n2.mapjitter.klw.tn0.1	Risky first	7.0	3.40524112751487	dp_scale	-0.01571289772587333	-0.0025497117598421515	0.009464008064639264
log-power-n1n2.mapjitter.klw.tn0.1	Risky first	7.0	3.5000000000000004	dp_scale	-0.014523449367651627	-0.0017386427447973543	0.010008042496314127
log-power-n1n2.mapjitter.klw.tn0.1	Risky first	7.0	1.2	dp_interaction	-0.020789037050782777	-0.008982903390826993	-0.0017869982459796693
log-power-n1n2.mapjitter.klw.tn0.1	Risky first	7.0	1.233392832614218	dp_interaction	-0.021473184352786785	-0.009705364571172354	-0.0021260367312366953
log-power-n1n2.mapjitter.klw.tn0.1	Risky first	7.0	1.267714899620104	dp_interaction	-0.022116259695927513	-0.010198514122902846	-0.002172554927733593
log-power-n1n2.mapjitter.klw.tn0.1	Risky first	7.0	1.3029920591580744	dp_interaction	-0.02257216936990483	-0.01052010163676671	-0.002111432804682358
log-power-n1n2.mapjitter.klw.tn0.1	Risky first	7.0	1.339250888932342	dp_interaction	-0.022587047495232014	-0.010606956120618218	-0.0019836029539806125
log-power-n1n2.mapjitter.klw.tn0.1	Risky first	7.0	1.3765187062344757	dp_interaction	-0.022555196352077877	-0.010514606283454936	-0.0017537389876332045
log-power-n1n2.mapjitter.klw.tn0.1	Risky first	7.0	1.4148235885241658	dp_interaction	-0.022057180717365742	-0.010188513644980395	-0.0013543463221806476
log-power-n1n2.mapjitter.klw.tn0.1	Risky first	7.0	1.454194394582695	dp_interaction	-0.021387802227474523	-0.009628225997952447	-0.0008725829561012204
log-power-n1n2.mapjitter.klw.tn0.1	Risky first	7.0	1.4946607862550567	dp_interaction	-0.020299686586298223	-0.008922805928066204	-0.00027218176052812987
log-power-n1n2.mapjitter.klw.tn0.1	Risky first	7.0	1.5362532507970992	dp_interaction	-0.01881227469714121	-0.00796485345382908	0.00043434548054433896
log-power-n1n2.mapjitter.klw.tn0.1	Risky first	7.0	1.579003123844529	dp_interaction	-0.017027214435014395	-0.006792202072198057	0.00137635558208935
log-power-n1n2.mapjitter.klw.tn0.1	Risky first	7.0	1.6229426130210856	dp_interaction	-0.015043171000909778	-0.005496848895404936	0.0022533508967822876
log-power-n1n2.mapjitter.klw.tn0.1	Risky first	7.0	1.6681048222036647	dp_interaction	-0.012769423054433864	-0.004157596688924922	0.0033071416784975355
log-power-n1n2.mapjitter.klw.tn0.1	Risky first	7.0	1.714523776462679	dp_interaction	-0.010472009453224138	-0.002756537034985929	0.004499293856438735
log-power-n1n2.mapjitter.klw.tn0.1	Risky first	7.0	1.7622344476964418	dp_interaction	-0.00815624779599582	-0.0013466376709319813	0.005722949201932445
log-power-n1n2.mapjitter.klw.tn0.1	Risky first	7.0	1.8112727809788889	dp_interaction	-0.0060863089622468025	5.4617036232555106e-05	0.007047278379019416
log-power-n1n2.mapjitter.klw.tn0.1	Risky first	7.0	1.861675721640487	dp_interaction	-0.0042026877890975955	0.0013894985609390618	0.008457970730796469
log-power-n1n2.mapjitter.klw.tn0.1	Risky first	7.0	1.9134812431027324	dp_interaction	-0.0024852159033846113	0.002643206905220927	0.009869475570687241
log-power-n1n2.mapjitter.klw.tn0.1	Risky first	7.0	1.9667283754872122	dp_interaction	-0.0011618033588366482	0.0037597327453564497	0.011074640272991931
log-power-n1n2.mapjitter.klw.tn0.1	Risky first	7.0	2.021457235020777	dp_interaction	-4.397169115232483e-05	0.00473997527167439	0.012410566438068354
log-power-n1n2.mapjitter.klw.tn0.1	Risky first	7.0	2.0777090542589844	dp_interaction	0.0008349189268072197	0.005589536628308623	0.013408302421817446
log-power-n1n2.mapjitter.klw.tn0.1	Risky first	7.0	2.1355262131505808	dp_interaction	0.0014487140604480546	0.0062688887139350676	0.014182588885986447
log-power-n1n2.mapjitter.klw.tn0.1	Risky first	7.0	2.1949522709664246	dp_interaction	0.0019547502291787995	0.00672429854843332	0.01476753372163733
log-power-n1n2.mapjitter.klw.tn0.1	Risky first	7.0	2.256031999116908	dp_interaction	0.002317632668938969	0.007063362605979791	0.0150167588668079
log-power-n1n2.mapjitter.klw.tn0.1	Risky first	7.0	2.3188114148826	dp_interaction	0.0025272385368674804	0.007239923122057786	0.015120105032999175
log-power-n1n2.mapjitter.klw.tn0.1	Risky first	7.0	2.3833378160835275	dp_interaction	0.0027175354432245774	0.007280742265766728	0.01500799422509735
log-power-n1n2.mapjitter.klw.tn0.1	Risky first	7.0	2.4496598167132055	dp_interaction	0.002753536830574243	0.00716224177871407	0.01470485370178782
log-power-n1n2.mapjitter.klw.tn0.1	Risky first	7.0	2.5178273835642724	dp_interaction	0.002667223859472261	0.006963349421916577	0.014331631422765213
log-power-n1n2.mapjitter.klw.tn0.1	Risky first	7.0	2.58789187387332	dp_interaction	0.0025308963949331885	0.006632205530893715	0.013751248809388507
log-power-n1n2.mapjitter.klw.tn0.1	Risky first	7.0	2.659906074013276	dp_interaction	0.0023069486825552606	0.006258991308683215	0.013043029593576965
log-power-n1n2.mapjitter.klw.tn0.1	Risky first	7.0	2.7339242392624983	dp_interaction	0.0020246032677717404	0.005792345984552553	0.012334675983147065
log-power-n1n2.mapjitter.klw.tn0.1	Risky first	7.0	2.8100021346805373	dp_interaction	0.0017226800317591462	0.005303949933177723	0.011540456066417622
log-power-n1n2.mapjitter.klw.tn0.1	Risky first	7.0	2.8881970771213568	dp_interaction	0.0013269379256922243	0.004749129480409475	0.010754507828328805
log-power-n1n2.mapjitter.klw.tn0.1	Risky first	7.0	2.9685679784156793	dp_interaction	0.0009669817972270327	0.0041801844174550965	0.00993199293681228
log-power-n1n2.mapjitter.klw.tn0.1	Risky first	7.0	3.051175389754982	dp_interaction	0.0005219313839255519	0.0035835627019701398	0.009147201697550067
log-power-n1n2.mapjitter.klw.tn0.1	Risky first	7.0	3.1360815473105736	dp_interaction	6.0239802641130626e-05	0.0030124493936154123	0.008336350828522405
log-power-n1n2.mapjitter.klw.tn0.1	Risky first	7.0	3.2233504191221405	dp_interaction	-0.0004432800341559618	0.002427690670597694	0.007442378626715324
log-power-n1n2.mapjitter.klw.tn0.1	Risky first	7.0	3.31304775329107	dp_interaction	-0.0009296887559745536	0.0018801564129900155	0.006628879735326124
log-power-n1n2.mapjitter.klw.tn0.1	Risky first	7.0	3.40524112751487	dp_interaction	-0.0013675730403639797	0.0013387367116524925	0.0058359657795003924
log-power-n1n2.mapjitter.klw.tn0.1	Risky first	7.0	3.5000000000000004	dp_interaction	-0.0018104148359718074	0.0008451317648537943	0.005108414518322694
log-power-n1n2.mapjitter.klw.tn0.1	Risky first	7.0	1.2	num_shift	-0.05282065973407759	-0.006813664939978942	0.03843932233599334
log-power-n1n2.mapjitter.klw.tn0.1	Risky first	7.0	1.233392832614218	num_shift	-0.051944468089848116	-0.007444802564407608	0.03642598460043939
log-power-n1n2.mapjitter.klw.tn0.1	Risky first	7.0	1.267714899620104	num_shift	-0.050868250654371214	-0.007920705731917974	0.0341342532931267
log-power-n1n2.mapjitter.klw.tn0.1	Risky first	7.0	1.3029920591580744	num_shift	-0.04999984763164631	-0.008352353093415622	0.0321516322612076
log-power-n1n2.mapjitter.klw.tn0.1	Risky first	7.0	1.339250888932342	num_shift	-0.04903849432151758	-0.008859325977710174	0.030205587062833182
log-power-n1n2.mapjitter.klw.tn0.1	Risky first	7.0	1.3765187062344757	num_shift	-0.04822256802086372	-0.009320934092969945	0.028249576853648366
log-power-n1n2.mapjitter.klw.tn0.1	Risky first	7.0	1.4148235885241658	num_shift	-0.04726473686985324	-0.00976486566628185	0.02642799485448258
log-power-n1n2.mapjitter.klw.tn0.1	Risky first	7.0	1.454194394582695	num_shift	-0.04661009946796135	-0.010198098741884085	0.024819632748871272
log-power-n1n2.mapjitter.klw.tn0.1	Risky first	7.0	1.4946607862550567	num_shift	-0.04601022945086736	-0.010627921272341724	0.023152188900379702
log-power-n1n2.mapjitter.klw.tn0.1	Risky first	7.0	1.5362532507970992	num_shift	-0.04519695498578524	-0.010920506977584078	0.021610087259249962
log-power-n1n2.mapjitter.klw.tn0.1	Risky first	7.0	1.579003123844529	num_shift	-0.04464719192917281	-0.011288644929802784	0.02011539088545997
log-power-n1n2.mapjitter.klw.tn0.1	Risky first	7.0	1.6229426130210856	num_shift	-0.04394028845427825	-0.011774465452028432	0.018655685053440847
log-power-n1n2.mapjitter.klw.tn0.1	Risky first	7.0	1.6681048222036647	num_shift	-0.04326357614508259	-0.012106952299261137	0.01717463367454774
log-power-n1n2.mapjitter.klw.tn0.1	Risky first	7.0	1.714523776462679	num_shift	-0.042885769808694164	-0.012545556795343853	0.015709918697279522
log-power-n1n2.mapjitter.klw.tn0.1	Risky first	7.0	1.7622344476964418	num_shift	-0.04231443291633228	-0.012939574483125136	0.014404609866041303
log-power-n1n2.mapjitter.klw.tn0.1	Risky first	7.0	1.8112727809788889	num_shift	-0.042020706174823334	-0.013284148546683902	0.013143664509529354
log-power-n1n2.mapjitter.klw.tn0.1	Risky first	7.0	1.861675721640487	num_shift	-0.04180816366210217	-0.013638027238787747	0.011939276400349362
log-power-n1n2.mapjitter.klw.tn0.1	Risky first	7.0	1.9134812431027324	num_shift	-0.04160907532307709	-0.013954511656988237	0.010713858181941892
log-power-n1n2.mapjitter.klw.tn0.1	Risky first	7.0	1.9667283754872122	num_shift	-0.041251733532547664	-0.014277364429867549	0.00981535920654393
log-power-n1n2.mapjitter.klw.tn0.1	Risky first	7.0	2.021457235020777	num_shift	-0.041065197216053576	-0.014599691260262181	0.00904661793042682
log-power-n1n2.mapjitter.klw.tn0.1	Risky first	7.0	2.0777090542589844	num_shift	-0.04082316062278944	-0.014870535135340212	0.00805665792181961
log-power-n1n2.mapjitter.klw.tn0.1	Risky first	7.0	2.1355262131505808	num_shift	-0.04040763578072882	-0.015095757694834398	0.007317468698038529
log-power-n1n2.mapjitter.klw.tn0.1	Risky first	7.0	2.1949522709664246	num_shift	-0.040213244590005144	-0.015424887044101979	0.006703458919289726
log-power-n1n2.mapjitter.klw.tn0.1	Risky first	7.0	2.256031999116908	num_shift	-0.04000081032539036	-0.015595105066255438	0.006151482847452873
log-power-n1n2.mapjitter.klw.tn0.1	Risky first	7.0	2.3188114148826	num_shift	-0.039875761358444284	-0.015668816658959285	0.005773316398755914
log-power-n1n2.mapjitter.klw.tn0.1	Risky first	7.0	2.3833378160835275	num_shift	-0.039585760641107456	-0.015756232824234294	0.005463438233749536
log-power-n1n2.mapjitter.klw.tn0.1	Risky first	7.0	2.4496598167132055	num_shift	-0.039478857710437285	-0.015853830893107285	0.005201386803730797
log-power-n1n2.mapjitter.klw.tn0.1	Risky first	7.0	2.5178273835642724	num_shift	-0.03931834432767114	-0.01600347358464877	0.005047901173160013
log-power-n1n2.mapjitter.klw.tn0.1	Risky first	7.0	2.58789187387332	num_shift	-0.038996137316143605	-0.01608755600777713	0.0048332895454512815
log-power-n1n2.mapjitter.klw.tn0.1	Risky first	7.0	2.659906074013276	num_shift	-0.038874361535470865	-0.016162451315396904	0.004500773548859888
log-power-n1n2.mapjitter.klw.tn0.1	Risky first	7.0	2.7339242392624983	num_shift	-0.03888956578414565	-0.0162259867129064	0.004296565489134381
log-power-n1n2.mapjitter.klw.tn0.1	Risky first	7.0	2.8100021346805373	num_shift	-0.03877623248592532	-0.01621068321701926	0.0046186999702842145
log-power-n1n2.mapjitter.klw.tn0.1	Risky first	7.0	2.8881970771213568	num_shift	-0.03872473813933293	-0.01623412428390595	0.004601155467100941
log-power-n1n2.mapjitter.klw.tn0.1	Risky first	7.0	2.9685679784156793	num_shift	-0.03869918825330127	-0.016225173684658367	0.004693433913232576
log-power-n1n2.mapjitter.klw.tn0.1	Risky first	7.0	3.051175389754982	num_shift	-0.03859139452732291	-0.01602980650959491	0.004746111018263498
log-power-n1n2.mapjitter.klw.tn0.1	Risky first	7.0	3.1360815473105736	num_shift	-0.038653310742125385	-0.015909189520913334	0.004858020635820783
log-power-n1n2.mapjitter.klw.tn0.1	Risky first	7.0	3.2233504191221405	num_shift	-0.03851700439611552	-0.015637749328882317	0.005020004164479891
log-power-n1n2.mapjitter.klw.tn0.1	Risky first	7.0	3.31304775329107	num_shift	-0.03838246510617078	-0.015462181954666206	0.005244295729607531
log-power-n1n2.mapjitter.klw.tn0.1	Risky first	7.0	3.40524112751487	num_shift	-0.03822421829444337	-0.015180746990824102	0.005546454475586833
log-power-n1n2.mapjitter.klw.tn0.1	Risky first	7.0	3.5000000000000004	num_shift	-0.03810086994677274	-0.014895632671562603	0.0060453747790775855
log-power-n1n2.mapjitter.klw.tn0.1	Risky first	7.0	1.2	den_ratio	1.0302532074507882	1.135486535293329	1.2581704071517548
log-power-n1n2.mapjitter.klw.tn0.1	Risky first	7.0	1.233392832614218	den_ratio	1.0300003868012768	1.1340402590591154	1.2552367075663862
log-power-n1n2.mapjitter.klw.tn0.1	Risky first	7.0	1.267714899620104	den_ratio	1.0293772529599554	1.132305559914442	1.2523093414229653
log-power-n1n2.mapjitter.klw.tn0.1	Risky first	7.0	1.3029920591580744	den_ratio	1.0294598985110277	1.1306748559361837	1.2489448712231443
log-power-n1n2.mapjitter.klw.tn0.1	Risky first	7.0	1.339250888932342	den_ratio	1.0289164888245803	1.129103409985668	1.2458571412504138
log-power-n1n2.mapjitter.klw.tn0.1	Risky first	7.0	1.3765187062344757	den_ratio	1.0283716319910534	1.1273889630533342	1.242657748757221
log-power-n1n2.mapjitter.klw.tn0.1	Risky first	7.0	1.4148235885241658	den_ratio	1.027883961999435	1.1258390939905087	1.239329455139708
log-power-n1n2.mapjitter.klw.tn0.1	Risky first	7.0	1.454194394582695	den_ratio	1.027818787043779	1.1243395229964634	1.2365440893056519
log-power-n1n2.mapjitter.klw.tn0.1	Risky first	7.0	1.4946607862550567	den_ratio	1.027181813816488	1.122707138234012	1.2340383547406748
log-power-n1n2.mapjitter.klw.tn0.1	Risky first	7.0	1.5362532507970992	den_ratio	1.02641917621408	1.1213371850015235	1.2311691011729702
log-power-n1n2.mapjitter.klw.tn0.1	Risky first	7.0	1.579003123844529	den_ratio	1.0258994775483845	1.119730338940056	1.2282188778017054
log-power-n1n2.mapjitter.klw.tn0.1	Risky first	7.0	1.6229426130210856	den_ratio	1.0257269924053272	1.1180629333875127	1.2248849513390283
log-power-n1n2.mapjitter.klw.tn0.1	Risky first	7.0	1.6681048222036647	den_ratio	1.0252142819111523	1.1166213337879745	1.2218042011581391
log-power-n1n2.mapjitter.klw.tn0.1	Risky first	7.0	1.714523776462679	den_ratio	1.0245087161675352	1.1151759786195883	1.2193560418579
log-power-n1n2.mapjitter.klw.tn0.1	Risky first	7.0	1.7622344476964418	den_ratio	1.0240613431899315	1.1137459463102495	1.2164698174424402
log-power-n1n2.mapjitter.klw.tn0.1	Risky first	7.0	1.8112727809788889	den_ratio	1.0235516706436838	1.1122966527244733	1.2137597932793271
log-power-n1n2.mapjitter.klw.tn0.1	Risky first	7.0	1.861675721640487	den_ratio	1.0228641489433985	1.1109005227080413	1.2114385027803496
log-power-n1n2.mapjitter.klw.tn0.1	Risky first	7.0	1.9134812431027324	den_ratio	1.0228390466819346	1.109324465836211	1.2091899027505246
log-power-n1n2.mapjitter.klw.tn0.1	Risky first	7.0	1.9667283754872122	den_ratio	1.0220395598550058	1.1076686969513636	1.2068472387139064
log-power-n1n2.mapjitter.klw.tn0.1	Risky first	7.0	2.021457235020777	den_ratio	1.0214533893497586	1.1060625510728133	1.204001477962147
log-power-n1n2.mapjitter.klw.tn0.1	Risky first	7.0	2.0777090542589844	den_ratio	1.0208995099478777	1.1045343604625684	1.2013652542039353
log-power-n1n2.mapjitter.klw.tn0.1	Risky first	7.0	2.1355262131505808	den_ratio	1.0202340567490844	1.103135557899174	1.1993566073191826
log-power-n1n2.mapjitter.klw.tn0.1	Risky first	7.0	2.1949522709664246	den_ratio	1.0197311449991555	1.1017965505493375	1.1965008810947932
log-power-n1n2.mapjitter.klw.tn0.1	Risky first	7.0	2.256031999116908	den_ratio	1.0191610488267884	1.1004574848543345	1.1942847760437076
log-power-n1n2.mapjitter.klw.tn0.1	Risky first	7.0	2.3188114148826	den_ratio	1.0185455441256352	1.0989583055431567	1.1916859881410466
log-power-n1n2.mapjitter.klw.tn0.1	Risky first	7.0	2.3833378160835275	den_ratio	1.0174979322455964	1.0974511725320495	1.1894003842919048
log-power-n1n2.mapjitter.klw.tn0.1	Risky first	7.0	2.4496598167132055	den_ratio	1.0163531688832554	1.0960770871107757	1.187445425469358
log-power-n1n2.mapjitter.klw.tn0.1	Risky first	7.0	2.5178273835642724	den_ratio	1.01565502745422	1.0946654360286385	1.1854665670016105
log-power-n1n2.mapjitter.klw.tn0.1	Risky first	7.0	2.58789187387332	den_ratio	1.01407884169323	1.093354420997823	1.1829465073699252
log-power-n1n2.mapjitter.klw.tn0.1	Risky first	7.0	2.659906074013276	den_ratio	1.0133268096081525	1.0920414806930339	1.1808932361237403
log-power-n1n2.mapjitter.klw.tn0.1	Risky first	7.0	2.7339242392624983	den_ratio	1.012215372598356	1.0905762257958929	1.1791807953929951
log-power-n1n2.mapjitter.klw.tn0.1	Risky first	7.0	2.8100021346805373	den_ratio	1.0115065839402373	1.089146249330477	1.177279169288648
log-power-n1n2.mapjitter.klw.tn0.1	Risky first	7.0	2.8881970771213568	den_ratio	1.0103286108698468	1.0878746517132072	1.1760485724898218
log-power-n1n2.mapjitter.klw.tn0.1	Risky first	7.0	2.9685679784156793	den_ratio	1.009440431280602	1.0864396583013132	1.1741378441666375
log-power-n1n2.mapjitter.klw.tn0.1	Risky first	7.0	3.051175389754982	den_ratio	1.008182255588999	1.0851947535564124	1.172578849864208
log-power-n1n2.mapjitter.klw.tn0.1	Risky first	7.0	3.1360815473105736	den_ratio	1.0070779529314737	1.0837229592602422	1.1708452342716429
log-power-n1n2.mapjitter.klw.tn0.1	Risky first	7.0	3.2233504191221405	den_ratio	1.0058388083378353	1.082310383709127	1.169015013041528
log-power-n1n2.mapjitter.klw.tn0.1	Risky first	7.0	3.31304775329107	den_ratio	1.0048717838701462	1.0809149423630342	1.1669392005225057
log-power-n1n2.mapjitter.klw.tn0.1	Risky first	7.0	3.40524112751487	den_ratio	1.0040749275156935	1.079538918793689	1.165193499537925
log-power-n1n2.mapjitter.klw.tn0.1	Risky first	7.0	3.5000000000000004	den_ratio	1.0029196919566186	1.0781598948033513	1.1635835472466252
log-power-n1n2.mapjitter.klw.tn0.1	Risky first	10.0	1.2	p_vertex	0.1612461392228465	0.19009348404773413	0.22195520105205827
log-power-n1n2.mapjitter.klw.tn0.1	Risky first	10.0	1.233392832614218	p_vertex	0.17675632331988658	0.20540098962705844	0.2363089837074682
log-power-n1n2.mapjitter.klw.tn0.1	Risky first	10.0	1.267714899620104	p_vertex	0.1933256138210948	0.2215213158469423	0.2517799190103869
log-power-n1n2.mapjitter.klw.tn0.1	Risky first	10.0	1.3029920591580744	p_vertex	0.21059747290067057	0.23858942098745745	0.26825430947383594
log-power-n1n2.mapjitter.klw.tn0.1	Risky first	10.0	1.339250888932342	p_vertex	0.22867844532383053	0.2564453120098876	0.2852894382522049
log-power-n1n2.mapjitter.klw.tn0.1	Risky first	10.0	1.3765187062344757	p_vertex	0.24797189055184327	0.2751391759254343	0.3032135925694533
log-power-n1n2.mapjitter.klw.tn0.1	Risky first	10.0	1.4148235885241658	p_vertex	0.26790861239176705	0.29445438970900256	0.3214664255341808
log-power-n1n2.mapjitter.klw.tn0.1	Risky first	10.0	1.454194394582695	p_vertex	0.28865994583489074	0.3143112896062884	0.34037428474026643
log-power-n1n2.mapjitter.klw.tn0.1	Risky first	10.0	1.4946607862550567	p_vertex	0.31018994281197465	0.33479032975270484	0.35979497868440335
log-power-n1n2.mapjitter.klw.tn0.1	Risky first	10.0	1.5362532507970992	p_vertex	0.33191018503963604	0.3558103116164604	0.3797984513409315
log-power-n1n2.mapjitter.klw.tn0.1	Risky first	10.0	1.579003123844529	p_vertex	0.35403160275029244	0.3772449042345306	0.4004558697881317
log-power-n1n2.mapjitter.klw.tn0.1	Risky first	10.0	1.6229426130210856	p_vertex	0.3767389180000052	0.3988902744906548	0.42118560035117086
log-power-n1n2.mapjitter.klw.tn0.1	Risky first	10.0	1.6681048222036647	p_vertex	0.39908923820398357	0.4207520067248838	0.4423322527812987
log-power-n1n2.mapjitter.klw.tn0.1	Risky first	10.0	1.714523776462679	p_vertex	0.4218682561617429	0.4426901473050455	0.4637068344929189
log-power-n1n2.mapjitter.klw.tn0.1	Risky first	10.0	1.7622344476964418	p_vertex	0.4443778767780224	0.46445146983624885	0.4848745218127782
log-power-n1n2.mapjitter.klw.tn0.1	Risky first	10.0	1.8112727809788889	p_vertex	0.46669055265070586	0.48608933660329606	0.5061744529601426
log-power-n1n2.mapjitter.klw.tn0.1	Risky first	10.0	1.861675721640487	p_vertex	0.48829506062641254	0.5074598320034507	0.5272219700791595
log-power-n1n2.mapjitter.klw.tn0.1	Risky first	10.0	1.9134812431027324	p_vertex	0.5097039482698967	0.5286626943965268	0.5480882786205348
log-power-n1n2.mapjitter.klw.tn0.1	Risky first	10.0	1.9667283754872122	p_vertex	0.5308016187181556	0.5494201153226318	0.568516503172346
log-power-n1n2.mapjitter.klw.tn0.1	Risky first	10.0	2.021457235020777	p_vertex	0.5512823253292504	0.5696051663437427	0.588565218388681
log-power-n1n2.mapjitter.klw.tn0.1	Risky first	10.0	2.0777090542589844	p_vertex	0.5712141378675926	0.5893040635671245	0.6083058495228061
log-power-n1n2.mapjitter.klw.tn0.1	Risky first	10.0	2.1355262131505808	p_vertex	0.5903756557401454	0.6084736528960506	0.6274251568195036
log-power-n1n2.mapjitter.klw.tn0.1	Risky first	10.0	2.1949522709664246	p_vertex	0.6088307261593026	0.6269881406962355	0.6459294568938941
log-power-n1n2.mapjitter.klw.tn0.1	Risky first	10.0	2.256031999116908	p_vertex	0.6265885925361085	0.6448711491590869	0.6637046602685173
log-power-n1n2.mapjitter.klw.tn0.1	Risky first	10.0	2.3188114148826	p_vertex	0.6439807786335161	0.6620381175450929	0.6806649373275109
log-power-n1n2.mapjitter.klw.tn0.1	Risky first	10.0	2.3833378160835275	p_vertex	0.6603400889971155	0.6785208843879951	0.6971038447895207
log-power-n1n2.mapjitter.klw.tn0.1	Risky first	10.0	2.4496598167132055	p_vertex	0.675772098365453	0.6942076338851948	0.712758914952703
log-power-n1n2.mapjitter.klw.tn0.1	Risky first	10.0	2.5178273835642724	p_vertex	0.6906558187656152	0.7092377504331158	0.7276600467135358
log-power-n1n2.mapjitter.klw.tn0.1	Risky first	10.0	2.58789187387332	p_vertex	0.705216482129621	0.7236200589301158	0.7419152340784021
log-power-n1n2.mapjitter.klw.tn0.1	Risky first	10.0	2.659906074013276	p_vertex	0.718802307958229	0.7373528797859634	0.7555451536115623
log-power-n1n2.mapjitter.klw.tn0.1	Risky first	10.0	2.7339242392624983	p_vertex	0.7321384298591226	0.7504594599384173	0.7684160019920486
log-power-n1n2.mapjitter.klw.tn0.1	Risky first	10.0	2.8100021346805373	p_vertex	0.7444757097713331	0.7629163381439801	0.7807703099617466
log-power-n1n2.mapjitter.klw.tn0.1	Risky first	10.0	2.8881970771213568	p_vertex	0.7563488063641596	0.7747339082656837	0.7924484858725587
log-power-n1n2.mapjitter.klw.tn0.1	Risky first	10.0	2.9685679784156793	p_vertex	0.7677580530284462	0.7859407567384153	0.8033771672268945
log-power-n1n2.mapjitter.klw.tn0.1	Risky first	10.0	3.051175389754982	p_vertex	0.7784276324260927	0.7966110361461045	0.8138117454679608
log-power-n1n2.mapjitter.klw.tn0.1	Risky first	10.0	3.1360815473105736	p_vertex	0.7888184177010592	0.8068200858083607	0.8238144447873561
log-power-n1n2.mapjitter.klw.tn0.1	Risky first	10.0	3.2233504191221405	p_vertex	0.7984247397836669	0.8164169496107125	0.8332526215439034
log-power-n1n2.mapjitter.klw.tn0.1	Risky first	10.0	3.31304775329107	p_vertex	0.807622176356204	0.825518706837572	0.842087751046843
log-power-n1n2.mapjitter.klw.tn0.1	Risky first	10.0	3.40524112751487	p_vertex	0.8162960314345256	0.8340826166928303	0.8507407063605446
log-power-n1n2.mapjitter.klw.tn0.1	Risky first	10.0	3.5000000000000004	p_vertex	0.8244080411661299	0.842149916820073	0.8588591926085801
log-power-n1n2.mapjitter.klw.tn0.1	Risky first	10.0	1.2	p_full	0.17309544300605834	0.20431642193850943	0.2392051147608662
log-power-n1n2.mapjitter.klw.tn0.1	Risky first	10.0	1.233392832614218	p_full	0.18876258199011128	0.21951093111136236	0.2536250842556104
log-power-n1n2.mapjitter.klw.tn0.1	Risky first	10.0	1.267714899620104	p_full	0.20545989743852391	0.2355574847077412	0.26875798020046615
log-power-n1n2.mapjitter.klw.tn0.1	Risky first	10.0	1.3029920591580744	p_full	0.22267968999359028	0.2521493063260728	0.28400745428212787
log-power-n1n2.mapjitter.klw.tn0.1	Risky first	10.0	1.339250888932342	p_full	0.24073343587141077	0.26923997700474084	0.3001242479722882
log-power-n1n2.mapjitter.klw.tn0.1	Risky first	10.0	1.3765187062344757	p_full	0.2593348233008788	0.2869908933572722	0.3167192092494784
log-power-n1n2.mapjitter.klw.tn0.1	Risky first	10.0	1.4148235885241658	p_full	0.2786899589741314	0.3051082009111841	0.33340586384133486
log-power-n1n2.mapjitter.klw.tn0.1	Risky first	10.0	1.454194394582695	p_full	0.29810620556689416	0.32370831466195904	0.35047510413251076
log-power-n1n2.mapjitter.klw.tn0.1	Risky first	10.0	1.4946607862550567	p_full	0.318166995711291	0.34271788558918487	0.3681202694476067
log-power-n1n2.mapjitter.klw.tn0.1	Risky first	10.0	1.5362532507970992	p_full	0.3386192429637498	0.3620136869393963	0.3861014793407286
log-power-n1n2.mapjitter.klw.tn0.1	Risky first	10.0	1.579003123844529	p_full	0.3593069566575466	0.3815926117999532	0.40449171479798807
log-power-n1n2.mapjitter.klw.tn0.1	Risky first	10.0	1.6229426130210856	p_full	0.37992751310049855	0.40139673356552286	0.42319132609467663
log-power-n1n2.mapjitter.klw.tn0.1	Risky first	10.0	1.6681048222036647	p_full	0.40080079246345496	0.4212713691247594	0.44193967735392853
log-power-n1n2.mapjitter.klw.tn0.1	Risky first	10.0	1.714523776462679	p_full	0.42138075587752377	0.44123414124894705	0.4609899682162405
log-power-n1n2.mapjitter.klw.tn0.1	Risky first	10.0	1.7622344476964418	p_full	0.4417884875781481	0.4611833557468361	0.4801537237242917
log-power-n1n2.mapjitter.klw.tn0.1	Risky first	10.0	1.8112727809788889	p_full	0.4621227902186	0.48115344401265125	0.499518660260894
log-power-n1n2.mapjitter.klw.tn0.1	Risky first	10.0	1.861675721640487	p_full	0.48222235093985905	0.5008580419654522	0.5188233132602476
log-power-n1n2.mapjitter.klw.tn0.1	Risky first	10.0	1.9134812431027324	p_full	0.5020485912980428	0.5205465224275811	0.5380378579273452
log-power-n1n2.mapjitter.klw.tn0.1	Risky first	10.0	1.9667283754872122	p_full	0.5211659550894112	0.5398943875741408	0.5574422382359989
log-power-n1n2.mapjitter.klw.tn0.1	Risky first	10.0	2.021457235020777	p_full	0.5401882166328649	0.5589076424531791	0.5766922222422783
log-power-n1n2.mapjitter.klw.tn0.1	Risky first	10.0	2.0777090542589844	p_full	0.5587576931835463	0.577640738330121	0.5956922889482915
log-power-n1n2.mapjitter.klw.tn0.1	Risky first	10.0	2.1355262131505808	p_full	0.5770021157170132	0.5960533078773691	0.614047863557659
log-power-n1n2.mapjitter.klw.tn0.1	Risky first	10.0	2.1949522709664246	p_full	0.5948789079368074	0.613969319566503	0.6322232021700214
log-power-n1n2.mapjitter.klw.tn0.1	Risky first	10.0	2.256031999116908	p_full	0.6123518527835986	0.6314372720606143	0.64991910676083
log-power-n1n2.mapjitter.klw.tn0.1	Risky first	10.0	2.3188114148826	p_full	0.6292676472795207	0.6484707451145291	0.6668625784492971
log-power-n1n2.mapjitter.klw.tn0.1	Risky first	10.0	2.3833378160835275	p_full	0.6456193114145033	0.6650513449518674	0.683472734361869
log-power-n1n2.mapjitter.klw.tn0.1	Risky first	10.0	2.4496598167132055	p_full	0.6613757199356385	0.6809835191326994	0.6995142176867164
log-power-n1n2.mapjitter.klw.tn0.1	Risky first	10.0	2.5178273835642724	p_full	0.6767486317896039	0.6964126201531292	0.7151296849737636
log-power-n1n2.mapjitter.klw.tn0.1	Risky first	10.0	2.58789187387332	p_full	0.6915265878994565	0.7113518920020828	0.7301718122903728
log-power-n1n2.mapjitter.klw.tn0.1	Risky first	10.0	2.659906074013276	p_full	0.7058356338712775	0.7256690531614602	0.7445201803526205
log-power-n1n2.mapjitter.klw.tn0.1	Risky first	10.0	2.7339242392624983	p_full	0.7197295412904013	0.7394129318346689	0.7583047677892865
log-power-n1n2.mapjitter.klw.tn0.1	Risky first	10.0	2.8100021346805373	p_full	0.7329508948009752	0.7526759179162892	0.7714492980909989
log-power-n1n2.mapjitter.klw.tn0.1	Risky first	10.0	2.8881970771213568	p_full	0.745684903818149	0.7653096957967653	0.7839352066386578
log-power-n1n2.mapjitter.klw.tn0.1	Risky first	10.0	2.9685679784156793	p_full	0.757760075756681	0.7774741607384319	0.7957968289252006
log-power-n1n2.mapjitter.klw.tn0.1	Risky first	10.0	3.051175389754982	p_full	0.7693566333989393	0.7891363827625051	0.8071923010317751
log-power-n1n2.mapjitter.klw.tn0.1	Risky first	10.0	3.1360815473105736	p_full	0.780616648930664	0.8002539201524279	0.8181105159641299
log-power-n1n2.mapjitter.klw.tn0.1	Risky first	10.0	3.2233504191221405	p_full	0.7916955431705618	0.8108391554663603	0.8287230680891784
log-power-n1n2.mapjitter.klw.tn0.1	Risky first	10.0	3.31304775329107	p_full	0.8019926649323141	0.8209205147389607	0.8385307795175899
log-power-n1n2.mapjitter.klw.tn0.1	Risky first	10.0	3.40524112751487	p_full	0.8117244163870534	0.8305290658300457	0.8481613396941108
log-power-n1n2.mapjitter.klw.tn0.1	Risky first	10.0	3.5000000000000004	p_full	0.8211927132506731	0.8397377125245307	0.8572973268841426
log-power-n1n2.mapjitter.klw.tn0.1	Risky first	10.0	1.2	p_bias_only	0.16788646879544536	0.1959419676014173	0.22635175006032363
log-power-n1n2.mapjitter.klw.tn0.1	Risky first	10.0	1.233392832614218	p_bias_only	0.18381173888242766	0.2113491126801427	0.24140267688330655
log-power-n1n2.mapjitter.klw.tn0.1	Risky first	10.0	1.267714899620104	p_bias_only	0.20063279080770932	0.2276543266371639	0.2573617265734156
log-power-n1n2.mapjitter.klw.tn0.1	Risky first	10.0	1.3029920591580744	p_bias_only	0.21779740719600393	0.24458822117517331	0.2735936342755869
log-power-n1n2.mapjitter.klw.tn0.1	Risky first	10.0	1.339250888932342	p_bias_only	0.2358521619732231	0.26221044054531184	0.2903224324324808
log-power-n1n2.mapjitter.klw.tn0.1	Risky first	10.0	1.3765187062344757	p_bias_only	0.2548591064239477	0.28037947908683614	0.3076605945378673
log-power-n1n2.mapjitter.klw.tn0.1	Risky first	10.0	1.4148235885241658	p_bias_only	0.2742937999233235	0.29914989314277435	0.32574505022883693
log-power-n1n2.mapjitter.klw.tn0.1	Risky first	10.0	1.454194394582695	p_bias_only	0.2942470519567493	0.3183582749911434	0.34412847843925487
log-power-n1n2.mapjitter.klw.tn0.1	Risky first	10.0	1.4946607862550567	p_bias_only	0.3144469078391296	0.33798107561812324	0.3629557515848211
log-power-n1n2.mapjitter.klw.tn0.1	Risky first	10.0	1.5362532507970992	p_bias_only	0.3349541880662133	0.3579874085521369	0.3818556614816082
log-power-n1n2.mapjitter.klw.tn0.1	Risky first	10.0	1.579003123844529	p_bias_only	0.3554449919725294	0.3782408332779259	0.40143847428787904
log-power-n1n2.mapjitter.klw.tn0.1	Risky first	10.0	1.6229426130210856	p_bias_only	0.3764607232402656	0.39861723994126064	0.42149000681765925
log-power-n1n2.mapjitter.klw.tn0.1	Risky first	10.0	1.6681048222036647	p_bias_only	0.3972272475657551	0.41914351451170384	0.4413843401028611
log-power-n1n2.mapjitter.klw.tn0.1	Risky first	10.0	1.714523776462679	p_bias_only	0.41820264645525007	0.4398262527696461	0.46138799420145804
log-power-n1n2.mapjitter.klw.tn0.1	Risky first	10.0	1.7622344476964418	p_bias_only	0.4388769694139696	0.46031468060949066	0.4816367907478925
log-power-n1n2.mapjitter.klw.tn0.1	Risky first	10.0	1.8112727809788889	p_bias_only	0.45964263486095047	0.4807626127922653	0.5016219348481649
log-power-n1n2.mapjitter.klw.tn0.1	Risky first	10.0	1.861675721640487	p_bias_only	0.480101917268455	0.5009780270296804	0.5213456433451783
log-power-n1n2.mapjitter.klw.tn0.1	Risky first	10.0	1.9134812431027324	p_bias_only	0.5002899941484565	0.5209520821829144	0.54122288929567
log-power-n1n2.mapjitter.klw.tn0.1	Risky first	10.0	1.9667283754872122	p_bias_only	0.5200516454676656	0.5405006843143396	0.5605137470213125
log-power-n1n2.mapjitter.klw.tn0.1	Risky first	10.0	2.021457235020777	p_bias_only	0.5391314433482817	0.5597577460780319	0.5796799593359236
log-power-n1n2.mapjitter.klw.tn0.1	Risky first	10.0	2.0777090542589844	p_bias_only	0.5580262829499817	0.5785736975881145	0.5984141586829507
log-power-n1n2.mapjitter.klw.tn0.1	Risky first	10.0	2.1355262131505808	p_bias_only	0.5764742400277985	0.5969349388206635	0.616449717480559
log-power-n1n2.mapjitter.klw.tn0.1	Risky first	10.0	2.1949522709664246	p_bias_only	0.5946603683542419	0.6147320241477894	0.633953610507704
log-power-n1n2.mapjitter.klw.tn0.1	Risky first	10.0	2.256031999116908	p_bias_only	0.6121143287607812	0.6320772701536702	0.6510172256291984
log-power-n1n2.mapjitter.klw.tn0.1	Risky first	10.0	2.3188114148826	p_bias_only	0.6291868750653697	0.6488505616382758	0.6676477737089968
log-power-n1n2.mapjitter.klw.tn0.1	Risky first	10.0	2.3833378160835275	p_bias_only	0.6457233702860546	0.6650267604103414	0.6836259421984524
log-power-n1n2.mapjitter.klw.tn0.1	Risky first	10.0	2.4496598167132055	p_bias_only	0.6616462371751969	0.680690160631262	0.6988356677962506
log-power-n1n2.mapjitter.klw.tn0.1	Risky first	10.0	2.5178273835642724	p_bias_only	0.6768767319141135	0.6957888836516527	0.7135476595254776
log-power-n1n2.mapjitter.klw.tn0.1	Risky first	10.0	2.58789187387332	p_bias_only	0.6916233277840951	0.7103514818186136	0.7277339374905843
log-power-n1n2.mapjitter.klw.tn0.1	Risky first	10.0	2.659906074013276	p_bias_only	0.7059451999083084	0.7243424439146131	0.7415122560801705
log-power-n1n2.mapjitter.klw.tn0.1	Risky first	10.0	2.7339242392624983	p_bias_only	0.7197613702185119	0.7378220517928881	0.7546311970813226
log-power-n1n2.mapjitter.klw.tn0.1	Risky first	10.0	2.8100021346805373	p_bias_only	0.7328974172310991	0.7506711589074986	0.7672374438050795
log-power-n1n2.mapjitter.klw.tn0.1	Risky first	10.0	2.8881970771213568	p_bias_only	0.7454636569115721	0.7630464597299235	0.7791164624284406
log-power-n1n2.mapjitter.klw.tn0.1	Risky first	10.0	2.9685679784156793	p_bias_only	0.7577144309467314	0.7749455999126008	0.7908088260755533
log-power-n1n2.mapjitter.klw.tn0.1	Risky first	10.0	3.051175389754982	p_bias_only	0.7694195264253006	0.7863262528799585	0.8020110869210806
log-power-n1n2.mapjitter.klw.tn0.1	Risky first	10.0	3.1360815473105736	p_bias_only	0.7804204602899467	0.7971755100863036	0.8127555461875662
log-power-n1n2.mapjitter.klw.tn0.1	Risky first	10.0	3.2233504191221405	p_bias_only	0.7912292742129227	0.8075729096922821	0.8229385745454911
log-power-n1n2.mapjitter.klw.tn0.1	Risky first	10.0	3.31304775329107	p_bias_only	0.8013145922749237	0.8175272926929438	0.8326759763876959
log-power-n1n2.mapjitter.klw.tn0.1	Risky first	10.0	3.40524112751487	p_bias_only	0.811029946756203	0.8270658682170571	0.8420427309757313
log-power-n1n2.mapjitter.klw.tn0.1	Risky first	10.0	3.5000000000000004	p_bias_only	0.8202206489200425	0.8361365885218117	0.8510013334114993
log-power-n1n2.mapjitter.klw.tn0.1	Risky first	10.0	1.2	p_scale_only	0.1777168340800628	0.2054972871690623	0.23685687901513577
log-power-n1n2.mapjitter.klw.tn0.1	Risky first	10.0	1.233392832614218	p_scale_only	0.1935668619668627	0.22104901610714917	0.25169610665880127
log-power-n1n2.mapjitter.klw.tn0.1	Risky first	10.0	1.267714899620104	p_scale_only	0.2099813737542448	0.23731424690019137	0.26700251978065215
log-power-n1n2.mapjitter.klw.tn0.1	Risky first	10.0	1.3029920591580744	p_scale_only	0.22731322464676337	0.2542791319009548	0.28281207816625226
log-power-n1n2.mapjitter.klw.tn0.1	Risky first	10.0	1.339250888932342	p_scale_only	0.24538957307334033	0.27184387803954835	0.29945275650200776
log-power-n1n2.mapjitter.klw.tn0.1	Risky first	10.0	1.3765187062344757	p_scale_only	0.2640495317406973	0.2899568273191667	0.31659900089754905
log-power-n1n2.mapjitter.klw.tn0.1	Risky first	10.0	1.4148235885241658	p_scale_only	0.2832590817451077	0.3084511489849723	0.33420143815730174
log-power-n1n2.mapjitter.klw.tn0.1	Risky first	10.0	1.454194394582695	p_scale_only	0.3028817200503048	0.3273526916173156	0.352159282207869
log-power-n1n2.mapjitter.klw.tn0.1	Risky first	10.0	1.4946607862550567	p_scale_only	0.32285346318868985	0.3467020732224062	0.37060646393713614
log-power-n1n2.mapjitter.klw.tn0.1	Risky first	10.0	1.5362532507970992	p_scale_only	0.3432085509105149	0.3663326355986525	0.38941611574755886
log-power-n1n2.mapjitter.klw.tn0.1	Risky first	10.0	1.579003123844529	p_scale_only	0.36391702655437796	0.3861763267397056	0.408880915622577
log-power-n1n2.mapjitter.klw.tn0.1	Risky first	10.0	1.6229426130210856	p_scale_only	0.3846105263629155	0.40620366962012944	0.42809598390588455
log-power-n1n2.mapjitter.klw.tn0.1	Risky first	10.0	1.6681048222036647	p_scale_only	0.4053893194721281	0.42633824429714096	0.4477675615233935
log-power-n1n2.mapjitter.klw.tn0.1	Risky first	10.0	1.714523776462679	p_scale_only	0.4262488937203687	0.44664892471651724	0.4677766877483282
log-power-n1n2.mapjitter.klw.tn0.1	Risky first	10.0	1.7622344476964418	p_scale_only	0.4471374953724355	0.4669207819386248	0.48754802810875986
log-power-n1n2.mapjitter.klw.tn0.1	Risky first	10.0	1.8112727809788889	p_scale_only	0.46765276644796305	0.48698165208290367	0.5072259936970351
log-power-n1n2.mapjitter.klw.tn0.1	Risky first	10.0	1.861675721640487	p_scale_only	0.4878229844180755	0.5069652545190706	0.5269377847112683
log-power-n1n2.mapjitter.klw.tn0.1	Risky first	10.0	1.9134812431027324	p_scale_only	0.507764356760458	0.5265936069431698	0.5464213631822826
log-power-n1n2.mapjitter.klw.tn0.1	Risky first	10.0	1.9667283754872122	p_scale_only	0.527216252199633	0.545949668414194	0.5656319061335182
log-power-n1n2.mapjitter.klw.tn0.1	Risky first	10.0	2.021457235020777	p_scale_only	0.5464082255257229	0.5650555950477207	0.5842449737953982
log-power-n1n2.mapjitter.klw.tn0.1	Risky first	10.0	2.0777090542589844	p_scale_only	0.565185709683767	0.5837171581500387	0.6028532537113156
log-power-n1n2.mapjitter.klw.tn0.1	Risky first	10.0	2.1355262131505808	p_scale_only	0.5834238978272102	0.6020596823816099	0.6209260054656268
log-power-n1n2.mapjitter.klw.tn0.1	Risky first	10.0	2.1949522709664246	p_scale_only	0.6013357143040395	0.6197970989450694	0.638608636570437
log-power-n1n2.mapjitter.klw.tn0.1	Risky first	10.0	2.256031999116908	p_scale_only	0.6186277822327569	0.6371458352687769	0.6559935272870568
log-power-n1n2.mapjitter.klw.tn0.1	Risky first	10.0	2.3188114148826	p_scale_only	0.6355905703340956	0.6540300990826833	0.6727833051267429
log-power-n1n2.mapjitter.klw.tn0.1	Risky first	10.0	2.3833378160835275	p_scale_only	0.652016581722378	0.6702836353905881	0.688669919551444
log-power-n1n2.mapjitter.klw.tn0.1	Risky first	10.0	2.4496598167132055	p_scale_only	0.6677260674599708	0.6860555214141308	0.7045028625769731
log-power-n1n2.mapjitter.klw.tn0.1	Risky first	10.0	2.5178273835642724	p_scale_only	0.6827872757067093	0.7011989307413814	0.7195055173390177
log-power-n1n2.mapjitter.klw.tn0.1	Risky first	10.0	2.58789187387332	p_scale_only	0.6973953715565945	0.7158176376823807	0.7338702924056602
log-power-n1n2.mapjitter.klw.tn0.1	Risky first	10.0	2.659906074013276	p_scale_only	0.7114496733617289	0.7298110923392602	0.7475339664919597
log-power-n1n2.mapjitter.klw.tn0.1	Risky first	10.0	2.7339242392624983	p_scale_only	0.7248948831185631	0.7432502368460998	0.7607151034289915
log-power-n1n2.mapjitter.klw.tn0.1	Risky first	10.0	2.8100021346805373	p_scale_only	0.7378845934771396	0.7561069449526165	0.7734339192906472
log-power-n1n2.mapjitter.klw.tn0.1	Risky first	10.0	2.8881970771213568	p_scale_only	0.7502577240100855	0.7683965474871355	0.7856622029654896
log-power-n1n2.mapjitter.klw.tn0.1	Risky first	10.0	2.9685679784156793	p_scale_only	0.7620622245022978	0.780167853175186	0.797128149431956
log-power-n1n2.mapjitter.klw.tn0.1	Risky first	10.0	3.051175389754982	p_scale_only	0.7734106771747828	0.7913824589386262	0.8082143444020585
log-power-n1n2.mapjitter.klw.tn0.1	Risky first	10.0	3.1360815473105736	p_scale_only	0.784295588558608	0.8020525196822652	0.818751128625403
log-power-n1n2.mapjitter.klw.tn0.1	Risky first	10.0	3.2233504191221405	p_scale_only	0.7945322715257298	0.8121374143341489	0.8289101971996932
log-power-n1n2.mapjitter.klw.tn0.1	Risky first	10.0	3.31304775329107	p_scale_only	0.804070839576902	0.8217852199264549	0.8384231182652816
log-power-n1n2.mapjitter.klw.tn0.1	Risky first	10.0	3.40524112751487	p_scale_only	0.813603438366924	0.8309977538139728	0.8474901698649144
log-power-n1n2.mapjitter.klw.tn0.1	Risky first	10.0	3.5000000000000004	p_scale_only	0.8224022058984123	0.8396904872461894	0.8558446712663266
log-power-n1n2.mapjitter.klw.tn0.1	Risky first	10.0	1.2	dp_full	-0.017790960985855853	0.014345318012327121	0.048203218979519465
log-power-n1n2.mapjitter.klw.tn0.1	Risky first	10.0	1.233392832614218	dp_full	-0.017047857610694776	0.01422005042704555	0.04718162834689039
log-power-n1n2.mapjitter.klw.tn0.1	Risky first	10.0	1.267714899620104	dp_full	-0.016434885093190747	0.013990064783987642	0.04559041764454447
log-power-n1n2.mapjitter.klw.tn0.1	Risky first	10.0	1.3029920591580744	dp_full	-0.016063946499779536	0.013511017856157177	0.0440745196125032
log-power-n1n2.mapjitter.klw.tn0.1	Risky first	10.0	1.339250888932342	dp_full	-0.015459875837957398	0.012807187982804691	0.04216066716449025
log-power-n1n2.mapjitter.klw.tn0.1	Risky first	10.0	1.3765187062344757	dp_full	-0.014938087735785774	0.011932385752023409	0.039819921921732566
log-power-n1n2.mapjitter.klw.tn0.1	Risky first	10.0	1.4148235885241658	dp_full	-0.014569764182756774	0.010789544019026227	0.03721422651916279
log-power-n1n2.mapjitter.klw.tn0.1	Risky first	10.0	1.454194394582695	dp_full	-0.01450679330342285	0.009380264454200682	0.03409043720999566
log-power-n1n2.mapjitter.klw.tn0.1	Risky first	10.0	1.4946607862550567	dp_full	-0.014443661178708092	0.007938883992148026	0.030632683143978767
log-power-n1n2.mapjitter.klw.tn0.1	Risky first	10.0	1.5362532507970992	dp_full	-0.014500064133198938	0.006244577288590871	0.02722096878685076
log-power-n1n2.mapjitter.klw.tn0.1	Risky first	10.0	1.579003123844529	dp_full	-0.015011083584292354	0.004457923910064492	0.023729861400633104
log-power-n1n2.mapjitter.klw.tn0.1	Risky first	10.0	1.6229426130210856	dp_full	-0.0155398254876815	0.002507132969905278	0.02019435813560561
log-power-n1n2.mapjitter.klw.tn0.1	Risky first	10.0	1.6681048222036647	dp_full	-0.015859186602918712	0.0005937015734746599	0.01658808607506062
log-power-n1n2.mapjitter.klw.tn0.1	Risky first	10.0	1.714523776462679	dp_full	-0.016786026281701033	-0.0013304775619209053	0.013489345858683357
log-power-n1n2.mapjitter.klw.tn0.1	Risky first	10.0	1.7622344476964418	dp_full	-0.01784503798624864	-0.0031964275558286196	0.010502938325410731
log-power-n1n2.mapjitter.klw.tn0.1	Risky first	10.0	1.8112727809788889	dp_full	-0.018817171377646064	-0.005028818885222205	0.007827662263298434
log-power-n1n2.mapjitter.klw.tn0.1	Risky first	10.0	1.861675721640487	dp_full	-0.020131122238678925	-0.006696160528711633	0.005494741965176094
log-power-n1n2.mapjitter.klw.tn0.1	Risky first	10.0	1.9134812431027324	dp_full	-0.02149894099967581	-0.008322069274692	0.003942042505231063
log-power-n1n2.mapjitter.klw.tn0.1	Risky first	10.0	1.9667283754872122	dp_full	-0.02307867843153852	-0.009669383254073495	0.002978236473305638
log-power-n1n2.mapjitter.klw.tn0.1	Risky first	10.0	2.021457235020777	dp_full	-0.024773019582695892	-0.010882664735135938	0.0023969977218291343
log-power-n1n2.mapjitter.klw.tn0.1	Risky first	10.0	2.0777090542589844	dp_full	-0.02669183860249283	-0.01188092105258639	0.0022695883021133737
log-power-n1n2.mapjitter.klw.tn0.1	Risky first	10.0	2.1355262131505808	dp_full	-0.028166952722729035	-0.01261531170296622	0.00241149622287565
log-power-n1n2.mapjitter.klw.tn0.1	Risky first	10.0	2.1949522709664246	dp_full	-0.02960141349710119	-0.013148703146514326	0.0027751392906695807
log-power-n1n2.mapjitter.klw.tn0.1	Risky first	10.0	2.256031999116908	dp_full	-0.031051416612770305	-0.013440347280416255	0.0033577585420850567
log-power-n1n2.mapjitter.klw.tn0.1	Risky first	10.0	2.3188114148826	dp_full	-0.0319154233048753	-0.013538476579555732	0.004017746370998853
log-power-n1n2.mapjitter.klw.tn0.1	Risky first	10.0	2.3833378160835275	dp_full	-0.032683057564421386	-0.013492125861699136	0.004924172965108978
log-power-n1n2.mapjitter.klw.tn0.1	Risky first	10.0	2.4496598167132055	dp_full	-0.03326678260898714	-0.013242791713715878	0.005793182762279846
log-power-n1n2.mapjitter.klw.tn0.1	Risky first	10.0	2.5178273835642724	dp_full	-0.033525165256657614	-0.012815040644387252	0.006648050152595287
log-power-n1n2.mapjitter.klw.tn0.1	Risky first	10.0	2.58789187387332	dp_full	-0.033385133894561936	-0.01228651684021047	0.0077676377114088025
log-power-n1n2.mapjitter.klw.tn0.1	Risky first	10.0	2.659906074013276	dp_full	-0.03316007915270104	-0.011648690918656042	0.009012729871439267
log-power-n1n2.mapjitter.klw.tn0.1	Risky first	10.0	2.7339242392624983	dp_full	-0.032500874708690175	-0.010847143321215266	0.010199527829089962
log-power-n1n2.mapjitter.klw.tn0.1	Risky first	10.0	2.8100021346805373	dp_full	-0.03181858313400835	-0.01010359022837254	0.01107187332578956
log-power-n1n2.mapjitter.klw.tn0.1	Risky first	10.0	2.8881970771213568	dp_full	-0.030991142264194426	-0.009287739687830282	0.012274424371473235
log-power-n1n2.mapjitter.klw.tn0.1	Risky first	10.0	2.9685679784156793	dp_full	-0.030185627192384837	-0.008376583335598289	0.013147574866084507
log-power-n1n2.mapjitter.klw.tn0.1	Risky first	10.0	3.051175389754982	dp_full	-0.02927309990312377	-0.007419243136320341	0.014396057301863729
log-power-n1n2.mapjitter.klw.tn0.1	Risky first	10.0	3.1360815473105736	dp_full	-0.028513878393658793	-0.006484435608135302	0.01541048393996651
log-power-n1n2.mapjitter.klw.tn0.1	Risky first	10.0	3.2233504191221405	dp_full	-0.027491061761422214	-0.005459216487845456	0.01648915176293692
log-power-n1n2.mapjitter.klw.tn0.1	Risky first	10.0	3.31304775329107	dp_full	-0.026460997352002878	-0.004382706673408483	0.01766184449670732
log-power-n1n2.mapjitter.klw.tn0.1	Risky first	10.0	3.40524112751487	dp_full	-0.025280155460103	-0.003457181354608224	0.01878249588567725
log-power-n1n2.mapjitter.klw.tn0.1	Risky first	10.0	3.5000000000000004	dp_full	-0.024366482846065213	-0.002515085250639095	0.019700597028503915
log-power-n1n2.mapjitter.klw.tn0.1	Risky first	10.0	1.2	dp_bias	-0.015306602643233783	0.005755199082485023	0.028617507824328613
log-power-n1n2.mapjitter.klw.tn0.1	Risky first	10.0	1.233392832614218	dp_bias	-0.014917854651376955	0.005946037880127677	0.0284132845984511
log-power-n1n2.mapjitter.klw.tn0.1	Risky first	10.0	1.267714899620104	dp_bias	-0.014643801176325364	0.006025097588439554	0.028055961997303227
log-power-n1n2.mapjitter.klw.tn0.1	Risky first	10.0	1.3029920591580744	dp_bias	-0.014629057161221051	0.006063878247983117	0.02782525312049743
log-power-n1n2.mapjitter.klw.tn0.1	Risky first	10.0	1.339250888932342	dp_bias	-0.014521025373843945	0.0057346724526130995	0.027187613308481975
log-power-n1n2.mapjitter.klw.tn0.1	Risky first	10.0	1.3765187062344757	dp_bias	-0.014701476882765798	0.005375098280545147	0.02626657752438096
log-power-n1n2.mapjitter.klw.tn0.1	Risky first	10.0	1.4148235885241658	dp_bias	-0.015155119222082666	0.004753689754107576	0.025233356768396432
log-power-n1n2.mapjitter.klw.tn0.1	Risky first	10.0	1.454194394582695	dp_bias	-0.015490103670537039	0.003988149245385849	0.024079901335550605
log-power-n1n2.mapjitter.klw.tn0.1	Risky first	10.0	1.4946607862550567	dp_bias	-0.015981593495295456	0.0031038802616885353	0.02266397213629028
log-power-n1n2.mapjitter.klw.tn0.1	Risky first	10.0	1.5362532507970992	dp_bias	-0.01676365783216408	0.0021984018396406972	0.021126853870993945
log-power-n1n2.mapjitter.klw.tn0.1	Risky first	10.0	1.579003123844529	dp_bias	-0.017398199507793376	0.0010769677536649537	0.0195116340592865
log-power-n1n2.mapjitter.klw.tn0.1	Risky first	10.0	1.6229426130210856	dp_bias	-0.01796776953028217	-0.00016296561187604413	0.017730465557306712
log-power-n1n2.mapjitter.klw.tn0.1	Risky first	10.0	1.6681048222036647	dp_bias	-0.01883419833393772	-0.0015026175242407382	0.015807457616030536
log-power-n1n2.mapjitter.klw.tn0.1	Risky first	10.0	1.714523776462679	dp_bias	-0.019713683924947205	-0.0027833574691860565	0.013914590332928597
log-power-n1n2.mapjitter.klw.tn0.1	Risky first	10.0	1.7622344476964418	dp_bias	-0.020844924885895094	-0.004197994824094083	0.01218217868280468
log-power-n1n2.mapjitter.klw.tn0.1	Risky first	10.0	1.8112727809788889	dp_bias	-0.021808563707373933	-0.005526533279630707	0.010508424785994116
log-power-n1n2.mapjitter.klw.tn0.1	Risky first	10.0	1.861675721640487	dp_bias	-0.02276320210156051	-0.006787038748228509	0.008807739854169957
log-power-n1n2.mapjitter.klw.tn0.1	Risky first	10.0	1.9134812431027324	dp_bias	-0.02371773171149372	-0.008036731920302274	0.007291318134047737
log-power-n1n2.mapjitter.klw.tn0.1	Risky first	10.0	1.9667283754872122	dp_bias	-0.024623381764413116	-0.009123135562230253	0.00605517356125089
log-power-n1n2.mapjitter.klw.tn0.1	Risky first	10.0	2.021457235020777	dp_bias	-0.025605234679704398	-0.010105494279403847	0.004948461414584503
log-power-n1n2.mapjitter.klw.tn0.1	Risky first	10.0	2.0777090542589844	dp_bias	-0.026661100977883635	-0.011054315747322933	0.004156512533425266
log-power-n1n2.mapjitter.klw.tn0.1	Risky first	10.0	2.1355262131505808	dp_bias	-0.027747939437998564	-0.011799645688329707	0.0033217043679990526
log-power-n1n2.mapjitter.klw.tn0.1	Risky first	10.0	2.1949522709664246	dp_bias	-0.028444211170952024	-0.01237834346415968	0.002521116294765497
log-power-n1n2.mapjitter.klw.tn0.1	Risky first	10.0	2.256031999116908	dp_bias	-0.029016382676901143	-0.012921166681285744	0.002106388987159429
log-power-n1n2.mapjitter.klw.tn0.1	Risky first	10.0	2.3188114148826	dp_bias	-0.029465986691341525	-0.013344525042006429	0.0018653285010215722
log-power-n1n2.mapjitter.klw.tn0.1	Risky first	10.0	2.3833378160835275	dp_bias	-0.029595214201904373	-0.013529250712754117	0.0017688623530842324
log-power-n1n2.mapjitter.klw.tn0.1	Risky first	10.0	2.4496598167132055	dp_bias	-0.02966928836542324	-0.013621959386489978	0.0017597323633651663
log-power-n1n2.mapjitter.klw.tn0.1	Risky first	10.0	2.5178273835642724	dp_bias	-0.029696600739894143	-0.013545687875902575	0.0018336000181205904
log-power-n1n2.mapjitter.klw.tn0.1	Risky first	10.0	2.58789187387332	dp_bias	-0.02943499463444387	-0.013368307469900188	0.0020382804958522615
log-power-n1n2.mapjitter.klw.tn0.1	Risky first	10.0	2.659906074013276	dp_bias	-0.029155234503987208	-0.013100805244994905	0.0022204972758679935
log-power-n1n2.mapjitter.klw.tn0.1	Risky first	10.0	2.7339242392624983	dp_bias	-0.02866846093285702	-0.012688070250445452	0.0024433237568973554
log-power-n1n2.mapjitter.klw.tn0.1	Risky first	10.0	2.8100021346805373	dp_bias	-0.02783290135027578	-0.012223450009486167	0.002941352373091619
log-power-n1n2.mapjitter.klw.tn0.1	Risky first	10.0	2.8881970771213568	dp_bias	-0.027016390183961958	-0.011721208836206538	0.0034894601442565297
log-power-n1n2.mapjitter.klw.tn0.1	Risky first	10.0	2.9685679784156793	dp_bias	-0.026403023724393657	-0.011062791501169173	0.004017605578781432
log-power-n1n2.mapjitter.klw.tn0.1	Risky first	10.0	3.051175389754982	dp_bias	-0.025528355995703623	-0.010389253579269495	0.004520685093560309
log-power-n1n2.mapjitter.klw.tn0.1	Risky first	10.0	3.1360815473105736	dp_bias	-0.02470350237156311	-0.00960536133232956	0.005206301503192917
log-power-n1n2.mapjitter.klw.tn0.1	Risky first	10.0	3.2233504191221405	dp_bias	-0.023783505831000126	-0.008777756185574932	0.005956989387463189
log-power-n1n2.mapjitter.klw.tn0.1	Risky first	10.0	3.31304775329107	dp_bias	-0.02276924196258262	-0.007893030119755336	0.0067196332994182905
log-power-n1n2.mapjitter.klw.tn0.1	Risky first	10.0	3.40524112751487	dp_bias	-0.021490292552024004	-0.006955186544260403	0.0077040583173695835
log-power-n1n2.mapjitter.klw.tn0.1	Risky first	10.0	3.5000000000000004	dp_bias	-0.020323979669247167	-0.005929538765785555	0.0085952466511248
log-power-n1n2.mapjitter.klw.tn0.1	Risky first	10.0	1.2	dp_scale	0.0001564532919091538	0.015496471533763137	0.03201099743694256
log-power-n1n2.mapjitter.klw.tn0.1	Risky first	10.0	1.233392832614218	dp_scale	0.0006908859272072339	0.01573718673317706	0.031963090531126566
log-power-n1n2.mapjitter.klw.tn0.1	Risky first	10.0	1.267714899620104	dp_scale	0.0010191829135611774	0.015786391720486882	0.03160637817933332
log-power-n1n2.mapjitter.klw.tn0.1	Risky first	10.0	1.3029920591580744	dp_scale	0.0014019302907451014	0.015620716862420229	0.030958812336473237
log-power-n1n2.mapjitter.klw.tn0.1	Risky first	10.0	1.339250888932342	dp_scale	0.0015645229328880472	0.015221881398315849	0.030135009785039423
log-power-n1n2.mapjitter.klw.tn0.1	Risky first	10.0	1.3765187062344757	dp_scale	0.001562488776123878	0.014688500052145465	0.028919236750761593
log-power-n1n2.mapjitter.klw.tn0.1	Risky first	10.0	1.4148235885241658	dp_scale	0.0015848087329368343	0.013908088649927621	0.02738526931335636
log-power-n1n2.mapjitter.klw.tn0.1	Risky first	10.0	1.454194394582695	dp_scale	0.001227406160156545	0.01291519736261957	0.025545714614035885
log-power-n1n2.mapjitter.klw.tn0.1	Risky first	10.0	1.4946607862550567	dp_scale	0.0008630036939655695	0.01169259761141251	0.023628647866099698
log-power-n1n2.mapjitter.klw.tn0.1	Risky first	10.0	1.5362532507970992	dp_scale	0.00022972531908380375	0.010351746803234696	0.02149789439542583
log-power-n1n2.mapjitter.klw.tn0.1	Risky first	10.0	1.579003123844529	dp_scale	-0.00040767360424583354	0.00885075076460625	0.019219964409924992
log-power-n1n2.mapjitter.klw.tn0.1	Risky first	10.0	1.6229426130210856	dp_scale	-0.0011715744067729572	0.00732551570651465	0.016851142931093986
log-power-n1n2.mapjitter.klw.tn0.1	Risky first	10.0	1.6681048222036647	dp_scale	-0.002332400397492867	0.005694353009820409	0.0143237418438963
log-power-n1n2.mapjitter.klw.tn0.1	Risky first	10.0	1.714523776462679	dp_scale	-0.003452305675185068	0.0040776141363915025	0.01193801864804899
log-power-n1n2.mapjitter.klw.tn0.1	Risky first	10.0	1.7622344476964418	dp_scale	-0.004771418018421836	0.0023975738985921083	0.00995494359137741
log-power-n1n2.mapjitter.klw.tn0.1	Risky first	10.0	1.8112727809788889	dp_scale	-0.0063766592290859245	0.0008113911851823498	0.008059049856479858
log-power-n1n2.mapjitter.klw.tn0.1	Risky first	10.0	1.861675721640487	dp_scale	-0.00815158610430622	-0.000739050049454503	0.006411263392852868
log-power-n1n2.mapjitter.klw.tn0.1	Risky first	10.0	1.9134812431027324	dp_scale	-0.009786745101024749	-0.002175827349492763	0.005262432643083963
log-power-n1n2.mapjitter.klw.tn0.1	Risky first	10.0	1.9667283754872122	dp_scale	-0.011594928975744122	-0.003531199606209439	0.004346167670587524
log-power-n1n2.mapjitter.klw.tn0.1	Risky first	10.0	2.021457235020777	dp_scale	-0.013272513007579948	-0.004730772898382245	0.003667031766879598
log-power-n1n2.mapjitter.klw.tn0.1	Risky first	10.0	2.0777090542589844	dp_scale	-0.01483595886665993	-0.005735612811496652	0.0030548744687742334
log-power-n1n2.mapjitter.klw.tn0.1	Risky first	10.0	2.1355262131505808	dp_scale	-0.016198341411168493	-0.006532962725825086	0.002743028375137766
log-power-n1n2.mapjitter.klw.tn0.1	Risky first	10.0	2.1949522709664246	dp_scale	-0.017255323040761248	-0.0071586966623811595	0.00253026104573211
log-power-n1n2.mapjitter.klw.tn0.1	Risky first	10.0	2.256031999116908	dp_scale	-0.018292875839079813	-0.0076796658382418705	0.0024500733353625755
log-power-n1n2.mapjitter.klw.tn0.1	Risky first	10.0	2.3188114148826	dp_scale	-0.018998110683025874	-0.007987385693587885	0.0025825886110201206
log-power-n1n2.mapjitter.klw.tn0.1	Risky first	10.0	2.3833378160835275	dp_scale	-0.019485479583619316	-0.008147961350399573	0.0027188800187789002
log-power-n1n2.mapjitter.klw.tn0.1	Risky first	10.0	2.4496598167132055	dp_scale	-0.01979954051575784	-0.008174484031853647	0.00301189947790003
log-power-n1n2.mapjitter.klw.tn0.1	Risky first	10.0	2.5178273835642724	dp_scale	-0.019933623443981432	-0.00807469747659462	0.0034166885874819526
log-power-n1n2.mapjitter.klw.tn0.1	Risky first	10.0	2.58789187387332	dp_scale	-0.01991245491053868	-0.007848356831571108	0.003828545591154473
log-power-n1n2.mapjitter.klw.tn0.1	Risky first	10.0	2.659906074013276	dp_scale	-0.01964098855669319	-0.0075541252684621155	0.004222390188195721
log-power-n1n2.mapjitter.klw.tn0.1	Risky first	10.0	2.7339242392624983	dp_scale	-0.01947455332632294	-0.007155486787103688	0.004687890340773681
log-power-n1n2.mapjitter.klw.tn0.1	Risky first	10.0	2.8100021346805373	dp_scale	-0.018945616159866625	-0.006762663229849413	0.0050966360577118525
log-power-n1n2.mapjitter.klw.tn0.1	Risky first	10.0	2.8881970771213568	dp_scale	-0.018509115713789097	-0.006312568226589165	0.0055433760260767415
log-power-n1n2.mapjitter.klw.tn0.1	Risky first	10.0	2.9685679784156793	dp_scale	-0.017947765458278257	-0.005807203488411957	0.006096569082297899
log-power-n1n2.mapjitter.klw.tn0.1	Risky first	10.0	3.051175389754982	dp_scale	-0.0173946026468662	-0.005272529641860657	0.006655508203784242
log-power-n1n2.mapjitter.klw.tn0.1	Risky first	10.0	3.1360815473105736	dp_scale	-0.01680858468981586	-0.004714481092462764	0.007096440459014247
log-power-n1n2.mapjitter.klw.tn0.1	Risky first	10.0	3.2233504191221405	dp_scale	-0.016196074966704704	-0.004189919750276062	0.007599174014584427
log-power-n1n2.mapjitter.klw.tn0.1	Risky first	10.0	3.31304775329107	dp_scale	-0.015569787094405107	-0.0036106413366215465	0.008047716473681944
log-power-n1n2.mapjitter.klw.tn0.1	Risky first	10.0	3.40524112751487	dp_scale	-0.014952128248469457	-0.003080703492422218	0.008611276366529823
log-power-n1n2.mapjitter.klw.tn0.1	Risky first	10.0	3.5000000000000004	dp_scale	-0.014235835700223421	-0.0025460487657368597	0.009079332069945899
log-power-n1n2.mapjitter.klw.tn0.1	Risky first	10.0	1.2	dp_interaction	-0.014673436839879346	-0.006499015059366977	-0.001846001576061604
log-power-n1n2.mapjitter.klw.tn0.1	Risky first	10.0	1.233392832614218	dp_interaction	-0.015174514386354254	-0.007046513285802211	-0.002135842614884266
log-power-n1n2.mapjitter.klw.tn0.1	Risky first	10.0	1.267714899620104	dp_interaction	-0.01565458230130219	-0.007492939762315952	-0.0023756973401140888
log-power-n1n2.mapjitter.klw.tn0.1	Risky first	10.0	1.3029920591580744	dp_interaction	-0.016034295954503605	-0.007806188164412105	-0.0025715505590703062
log-power-n1n2.mapjitter.klw.tn0.1	Risky first	10.0	1.339250888932342	dp_interaction	-0.0161016561592871	-0.00793493380531143	-0.002624869422348826
log-power-n1n2.mapjitter.klw.tn0.1	Risky first	10.0	1.3765187062344757	dp_interaction	-0.015959785096167377	-0.007958013214890201	-0.0025903047112549086
log-power-n1n2.mapjitter.klw.tn0.1	Risky first	10.0	1.4148235885241658	dp_interaction	-0.015551088072771422	-0.007793377860553489	-0.0025088205336734806
log-power-n1n2.mapjitter.klw.tn0.1	Risky first	10.0	1.454194394582695	dp_interaction	-0.014907500588700296	-0.007445418925806944	-0.0023148523210505065
log-power-n1n2.mapjitter.klw.tn0.1	Risky first	10.0	1.4946607862550567	dp_interaction	-0.014035251281128215	-0.006946200935062853	-0.002000242834664658
log-power-n1n2.mapjitter.klw.tn0.1	Risky first	10.0	1.5362532507970992	dp_interaction	-0.012893050299231755	-0.006312522975306714	-0.0016094988736488215
log-power-n1n2.mapjitter.klw.tn0.1	Risky first	10.0	1.579003123844529	dp_interaction	-0.01177059058681311	-0.0055520810644715275	-0.001102373989445261
log-power-n1n2.mapjitter.klw.tn0.1	Risky first	10.0	1.6229426130210856	dp_interaction	-0.010487117180388313	-0.004676501348535115	-0.0005109093566991615
log-power-n1n2.mapjitter.klw.tn0.1	Risky first	10.0	1.6681048222036647	dp_interaction	-0.009013370992124485	-0.003678988636779165	0.00020375834567124676
log-power-n1n2.mapjitter.klw.tn0.1	Risky first	10.0	1.714523776462679	dp_interaction	-0.007503428645243708	-0.0026264514200198662	0.0011252122277489065
log-power-n1n2.mapjitter.klw.tn0.1	Risky first	10.0	1.7622344476964418	dp_interaction	-0.00598823037339902	-0.0015534545140383558	0.0022442340108220073
log-power-n1n2.mapjitter.klw.tn0.1	Risky first	10.0	1.8112727809788889	dp_interaction	-0.004435199787380611	-0.00043808849614092207	0.0033804525293191696
log-power-n1n2.mapjitter.klw.tn0.1	Risky first	10.0	1.861675721640487	dp_interaction	-0.0031242036564084396	0.0006399881903296795	0.004705887486795496
log-power-n1n2.mapjitter.klw.tn0.1	Risky first	10.0	1.9134812431027324	dp_interaction	-0.001913903069101427	0.0017578211949460984	0.006035428220624513
log-power-n1n2.mapjitter.klw.tn0.1	Risky first	10.0	1.9667283754872122	dp_interaction	-0.0008289349368011288	0.002798750287206951	0.007410252333504338
log-power-n1n2.mapjitter.klw.tn0.1	Risky first	10.0	2.021457235020777	dp_interaction	0.000159773863768009	0.003800151989996956	0.008651116416425601
log-power-n1n2.mapjitter.klw.tn0.1	Risky first	10.0	2.0777090542589844	dp_interaction	0.0009931315364730888	0.004736631696859395	0.009887233359912635
log-power-n1n2.mapjitter.klw.tn0.1	Risky first	10.0	2.1355262131505808	dp_interaction	0.0017274253971631464	0.005578281881048896	0.010998077186692913
log-power-n1n2.mapjitter.klw.tn0.1	Risky first	10.0	2.1949522709664246	dp_interaction	0.0023538799597853446	0.006310812803089606	0.012002376243788807
log-power-n1n2.mapjitter.klw.tn0.1	Risky first	10.0	2.256031999116908	dp_interaction	0.002916144919570313	0.006965143688435305	0.01285868665540728
log-power-n1n2.mapjitter.klw.tn0.1	Risky first	10.0	2.3188114148826	dp_interaction	0.0033398620320962817	0.007503057776879188	0.013501202514083597
log-power-n1n2.mapjitter.klw.tn0.1	Risky first	10.0	2.3833378160835275	dp_interaction	0.003743944355061328	0.007991152035780259	0.013995770842864783
log-power-n1n2.mapjitter.klw.tn0.1	Risky first	10.0	2.4496598167132055	dp_interaction	0.004038680998266827	0.008328717055716497	0.014376218615428848
log-power-n1n2.mapjitter.klw.tn0.1	Risky first	10.0	2.5178273835642724	dp_interaction	0.004290417209968161	0.008569164584404551	0.014587141040390448
log-power-n1n2.mapjitter.klw.tn0.1	Risky first	10.0	2.58789187387332	dp_interaction	0.004425991762617483	0.008728824896810268	0.014660295024441133
log-power-n1n2.mapjitter.klw.tn0.1	Risky first	10.0	2.659906074013276	dp_interaction	0.004523689503355095	0.008789032002081911	0.014714780787827716
log-power-n1n2.mapjitter.klw.tn0.1	Risky first	10.0	2.7339242392624983	dp_interaction	0.004547604259470328	0.008757741677661864	0.014625455219638076
log-power-n1n2.mapjitter.klw.tn0.1	Risky first	10.0	2.8100021346805373	dp_interaction	0.004506381693595644	0.00867049196285858	0.014332189330265635
log-power-n1n2.mapjitter.klw.tn0.1	Risky first	10.0	2.8881970771213568	dp_interaction	0.004420782156651956	0.008497048642426817	0.01406160324017459
log-power-n1n2.mapjitter.klw.tn0.1	Risky first	10.0	2.9685679784156793	dp_interaction	0.004266446503042109	0.008281165481737112	0.013730136496602985
log-power-n1n2.mapjitter.klw.tn0.1	Risky first	10.0	3.051175389754982	dp_interaction	0.0040360927438900344	0.007982294150308062	0.01334365208480973
log-power-n1n2.mapjitter.klw.tn0.1	Risky first	10.0	3.1360815473105736	dp_interaction	0.0038010320548052612	0.007622675655871644	0.01293725535386881
log-power-n1n2.mapjitter.klw.tn0.1	Risky first	10.0	3.2233504191221405	dp_interaction	0.0034767775604336447	0.007220269106101835	0.012588788625924701
log-power-n1n2.mapjitter.klw.tn0.1	Risky first	10.0	3.31304775329107	dp_interaction	0.003114404235867465	0.006770313202342459	0.012151533857275599
log-power-n1n2.mapjitter.klw.tn0.1	Risky first	10.0	3.40524112751487	dp_interaction	0.002686994375016003	0.006291067065276915	0.011740381879229341
log-power-n1n2.mapjitter.klw.tn0.1	Risky first	10.0	3.5000000000000004	dp_interaction	0.002163075154547043	0.005785900902947604	0.011286667586073426
log-power-n1n2.mapjitter.klw.tn0.1	Risky first	10.0	1.2	num_shift	-0.030221036793041115	-0.005326308546886434	0.019032767878061
log-power-n1n2.mapjitter.klw.tn0.1	Risky first	10.0	1.233392832614218	num_shift	-0.029614967921339535	-0.005699752043911677	0.01790118010536793
log-power-n1n2.mapjitter.klw.tn0.1	Risky first	10.0	1.267714899620104	num_shift	-0.029325971193915713	-0.0060330905442962345	0.016521535093191844
log-power-n1n2.mapjitter.klw.tn0.1	Risky first	10.0	1.3029920591580744	num_shift	-0.028915308628465645	-0.006395561773312175	0.015376651429316417
log-power-n1n2.mapjitter.klw.tn0.1	Risky first	10.0	1.339250888932342	num_shift	-0.02841411651928404	-0.006742825096919721	0.014289986467178419
log-power-n1n2.mapjitter.klw.tn0.1	Risky first	10.0	1.3765187062344757	num_shift	-0.028092752063192054	-0.00705337592545569	0.013334066456951999
log-power-n1n2.mapjitter.klw.tn0.1	Risky first	10.0	1.4148235885241658	num_shift	-0.027774658344670765	-0.007367172839282972	0.012522091222620114
log-power-n1n2.mapjitter.klw.tn0.1	Risky first	10.0	1.454194394582695	num_shift	-0.027424634902356804	-0.007658539411854355	0.011804641477624606
log-power-n1n2.mapjitter.klw.tn0.1	Risky first	10.0	1.4946607862550567	num_shift	-0.027238302756991004	-0.007887043840011996	0.011164864494405088
log-power-n1n2.mapjitter.klw.tn0.1	Risky first	10.0	1.5362532507970992	num_shift	-0.02718110297709986	-0.008134013351459385	0.010487197732823991
log-power-n1n2.mapjitter.klw.tn0.1	Risky first	10.0	1.579003123844529	num_shift	-0.026868179329951888	-0.008379459070683189	0.009861257389247523
log-power-n1n2.mapjitter.klw.tn0.1	Risky first	10.0	1.6229426130210856	num_shift	-0.026786234825944825	-0.00852516818577606	0.00948857329369625
log-power-n1n2.mapjitter.klw.tn0.1	Risky first	10.0	1.6681048222036647	num_shift	-0.02662444672113226	-0.00869187680562773	0.009036737465608142
log-power-n1n2.mapjitter.klw.tn0.1	Risky first	10.0	1.714523776462679	num_shift	-0.026521921706610486	-0.00880206855662726	0.008687319001283833
log-power-n1n2.mapjitter.klw.tn0.1	Risky first	10.0	1.7622344476964418	num_shift	-0.026487333690197314	-0.008924581197467519	0.008400536497779566
log-power-n1n2.mapjitter.klw.tn0.1	Risky first	10.0	1.8112727809788889	num_shift	-0.026149907734325722	-0.00897525501108612	0.008070013986190918
log-power-n1n2.mapjitter.klw.tn0.1	Risky first	10.0	1.861675721640487	num_shift	-0.026070719368552663	-0.009007114245461944	0.008024029513444468
log-power-n1n2.mapjitter.klw.tn0.1	Risky first	10.0	1.9134812431027324	num_shift	-0.02597824724901342	-0.009053858136282051	0.007922177326589478
log-power-n1n2.mapjitter.klw.tn0.1	Risky first	10.0	1.9667283754872122	num_shift	-0.025965183950552122	-0.009067380919593205	0.00795500577116508
log-power-n1n2.mapjitter.klw.tn0.1	Risky first	10.0	2.021457235020777	num_shift	-0.026051116167060427	-0.00907619503777358	0.008023243669357435
log-power-n1n2.mapjitter.klw.tn0.1	Risky first	10.0	2.0777090542589844	num_shift	-0.026126024174880125	-0.008952222465739887	0.008015680956181492
log-power-n1n2.mapjitter.klw.tn0.1	Risky first	10.0	2.1355262131505808	num_shift	-0.026120376788278946	-0.008846372105623595	0.008259618115969711
log-power-n1n2.mapjitter.klw.tn0.1	Risky first	10.0	2.1949522709664246	num_shift	-0.02589532483977766	-0.008771622699500381	0.008442965538886613
log-power-n1n2.mapjitter.klw.tn0.1	Risky first	10.0	2.256031999116908	num_shift	-0.025792574958526854	-0.008594781909924964	0.008626773515976714
log-power-n1n2.mapjitter.klw.tn0.1	Risky first	10.0	2.3188114148826	num_shift	-0.025575734821972434	-0.008385632650437708	0.008908832285966093
log-power-n1n2.mapjitter.klw.tn0.1	Risky first	10.0	2.3833378160835275	num_shift	-0.02540127690795629	-0.00809709162831546	0.009199814916238488
log-power-n1n2.mapjitter.klw.tn0.1	Risky first	10.0	2.4496598167132055	num_shift	-0.025178724474086107	-0.007852423418415397	0.009493524525939812
log-power-n1n2.mapjitter.klw.tn0.1	Risky first	10.0	2.5178273835642724	num_shift	-0.024938243608447045	-0.0075690317854959915	0.009909392082824497
log-power-n1n2.mapjitter.klw.tn0.1	Risky first	10.0	2.58789187387332	num_shift	-0.024817591681073305	-0.00724711621638836	0.01043659372529021
log-power-n1n2.mapjitter.klw.tn0.1	Risky first	10.0	2.659906074013276	num_shift	-0.024642930573693815	-0.006841826945946495	0.010929387450066852
log-power-n1n2.mapjitter.klw.tn0.1	Risky first	10.0	2.7339242392624983	num_shift	-0.0242854933980255	-0.0064536136996340785	0.011459893295707518
log-power-n1n2.mapjitter.klw.tn0.1	Risky first	10.0	2.8100021346805373	num_shift	-0.02404491019623496	-0.0060481293100792975	0.011987308608350093
log-power-n1n2.mapjitter.klw.tn0.1	Risky first	10.0	2.8881970771213568	num_shift	-0.02386645032176271	-0.005541074414847442	0.012717790438977618
log-power-n1n2.mapjitter.klw.tn0.1	Risky first	10.0	2.9685679784156793	num_shift	-0.02343796636920772	-0.005039631129640557	0.013406084991627834
log-power-n1n2.mapjitter.klw.tn0.1	Risky first	10.0	3.051175389754982	num_shift	-0.02319122022545264	-0.004514423882634012	0.01409419981793496
log-power-n1n2.mapjitter.klw.tn0.1	Risky first	10.0	3.1360815473105736	num_shift	-0.022910668206749	-0.003942012322035234	0.014870008271493046
log-power-n1n2.mapjitter.klw.tn0.1	Risky first	10.0	3.2233504191221405	num_shift	-0.022664142266933328	-0.003307626888951457	0.015820866875835286
log-power-n1n2.mapjitter.klw.tn0.1	Risky first	10.0	3.31304775329107	num_shift	-0.022201081246208728	-0.0025804388604178264	0.01669606052346614
log-power-n1n2.mapjitter.klw.tn0.1	Risky first	10.0	3.40524112751487	num_shift	-0.021788253207926093	-0.0018962076612034243	0.017618922900859438
log-power-n1n2.mapjitter.klw.tn0.1	Risky first	10.0	3.5000000000000004	num_shift	-0.021292894247979807	-0.0010865733678527532	0.018704712663741515
log-power-n1n2.mapjitter.klw.tn0.1	Risky first	10.0	1.2	den_ratio	1.021158887661397	1.1077420506275124	1.2056635296931586
log-power-n1n2.mapjitter.klw.tn0.1	Risky first	10.0	1.233392832614218	den_ratio	1.0209633616803504	1.1064283588564199	1.2032309906605665
log-power-n1n2.mapjitter.klw.tn0.1	Risky first	10.0	1.267714899620104	den_ratio	1.0206543890454087	1.105138118464825	1.2005420870146697
log-power-n1n2.mapjitter.klw.tn0.1	Risky first	10.0	1.3029920591580744	den_ratio	1.0205966288573083	1.1037732880935938	1.19801952545508
log-power-n1n2.mapjitter.klw.tn0.1	Risky first	10.0	1.339250888932342	den_ratio	1.0203040243899035	1.1025764637626918	1.1958553442386186
log-power-n1n2.mapjitter.klw.tn0.1	Risky first	10.0	1.3765187062344757	den_ratio	1.0197984549225	1.1011840298093456	1.193347178557209
log-power-n1n2.mapjitter.klw.tn0.1	Risky first	10.0	1.4148235885241658	den_ratio	1.019107105638548	1.0998967043341437	1.1912742762148603
log-power-n1n2.mapjitter.klw.tn0.1	Risky first	10.0	1.454194394582695	den_ratio	1.0186204756394095	1.0986209170508143	1.188826648715346
log-power-n1n2.mapjitter.klw.tn0.1	Risky first	10.0	1.4946607862550567	den_ratio	1.0182882134037434	1.0973700288453911	1.1868547077141953
log-power-n1n2.mapjitter.klw.tn0.1	Risky first	10.0	1.5362532507970992	den_ratio	1.0179867343312325	1.09597544318251	1.1849793238118331
log-power-n1n2.mapjitter.klw.tn0.1	Risky first	10.0	1.579003123844529	den_ratio	1.0176081937918822	1.0945558684541545	1.1828771501880375
log-power-n1n2.mapjitter.klw.tn0.1	Risky first	10.0	1.6229426130210856	den_ratio	1.0170209885834038	1.0931419200208574	1.1802825906969858
log-power-n1n2.mapjitter.klw.tn0.1	Risky first	10.0	1.6681048222036647	den_ratio	1.016467723555776	1.091863402068606	1.1780032200923043
log-power-n1n2.mapjitter.klw.tn0.1	Risky first	10.0	1.714523776462679	den_ratio	1.0157156498259945	1.0905822673125898	1.1761362813165892
log-power-n1n2.mapjitter.klw.tn0.1	Risky first	10.0	1.7622344476964418	den_ratio	1.015147593485927	1.0892332986001112	1.174269435976553
log-power-n1n2.mapjitter.klw.tn0.1	Risky first	10.0	1.8112727809788889	den_ratio	1.0145260977711783	1.0877593564186223	1.1723573928902324
log-power-n1n2.mapjitter.klw.tn0.1	Risky first	10.0	1.861675721640487	den_ratio	1.013425091947151	1.0865131162431045	1.1703363801330264
log-power-n1n2.mapjitter.klw.tn0.1	Risky first	10.0	1.9134812431027324	den_ratio	1.012412935348717	1.0853723223215714	1.1685546021174178
log-power-n1n2.mapjitter.klw.tn0.1	Risky first	10.0	1.9667283754872122	den_ratio	1.0115127707357625	1.0840881998599414	1.1670652154467471
log-power-n1n2.mapjitter.klw.tn0.1	Risky first	10.0	2.021457235020777	den_ratio	1.0104257894420023	1.0827644258897666	1.1652311262573958
log-power-n1n2.mapjitter.klw.tn0.1	Risky first	10.0	2.0777090542589844	den_ratio	1.0094385443179403	1.0816791123266944	1.163630626037484
log-power-n1n2.mapjitter.klw.tn0.1	Risky first	10.0	2.1355262131505808	den_ratio	1.0084100506631788	1.080441523809614	1.1616287268695997
log-power-n1n2.mapjitter.klw.tn0.1	Risky first	10.0	2.1949522709664246	den_ratio	1.0076437179006261	1.0792604192381097	1.159626744793234
log-power-n1n2.mapjitter.klw.tn0.1	Risky first	10.0	2.256031999116908	den_ratio	1.0067860927603864	1.0781660927828858	1.1586000437596973
log-power-n1n2.mapjitter.klw.tn0.1	Risky first	10.0	2.3188114148826	den_ratio	1.0057479246328898	1.076869854942985	1.1572352460408484
log-power-n1n2.mapjitter.klw.tn0.1	Risky first	10.0	2.3833378160835275	den_ratio	1.0050535886982623	1.0757167835909	1.1555757377007232
log-power-n1n2.mapjitter.klw.tn0.1	Risky first	10.0	2.4496598167132055	den_ratio	1.0041837092177115	1.0744973382606389	1.1550307719246682
log-power-n1n2.mapjitter.klw.tn0.1	Risky first	10.0	2.5178273835642724	den_ratio	1.0031142049386275	1.0729669031661162	1.1536828884943298
log-power-n1n2.mapjitter.klw.tn0.1	Risky first	10.0	2.58789187387332	den_ratio	1.0017567175735362	1.0718133247601216	1.1519875309049648
log-power-n1n2.mapjitter.klw.tn0.1	Risky first	10.0	2.659906074013276	den_ratio	1.000333797121296	1.0706392520340327	1.1507040860701125
log-power-n1n2.mapjitter.klw.tn0.1	Risky first	10.0	2.7339242392624983	den_ratio	0.9992372212166026	1.0696281372744991	1.1488426660147772
log-power-n1n2.mapjitter.klw.tn0.1	Risky first	10.0	2.8100021346805373	den_ratio	0.9978887936798886	1.068349876337323	1.1477110229257736
log-power-n1n2.mapjitter.klw.tn0.1	Risky first	10.0	2.8881970771213568	den_ratio	0.9967363234322885	1.067158383894624	1.146248865262036
log-power-n1n2.mapjitter.klw.tn0.1	Risky first	10.0	2.9685679784156793	den_ratio	0.9958236304677403	1.0661515102027637	1.1457203131214404
log-power-n1n2.mapjitter.klw.tn0.1	Risky first	10.0	3.051175389754982	den_ratio	0.9945075535614559	1.0649107649365277	1.1453393561751959
log-power-n1n2.mapjitter.klw.tn0.1	Risky first	10.0	3.1360815473105736	den_ratio	0.9929609586851715	1.0638185163901628	1.1445636325888022
log-power-n1n2.mapjitter.klw.tn0.1	Risky first	10.0	3.2233504191221405	den_ratio	0.9914002119826028	1.062699777768489	1.1437487688942751
log-power-n1n2.mapjitter.klw.tn0.1	Risky first	10.0	3.31304775329107	den_ratio	0.9898988281154265	1.0617378906535166	1.1431543081412177
log-power-n1n2.mapjitter.klw.tn0.1	Risky first	10.0	3.40524112751487	den_ratio	0.9883931232029345	1.0606857662650324	1.1422900034220669
log-power-n1n2.mapjitter.klw.tn0.1	Risky first	10.0	3.5000000000000004	den_ratio	0.9863336290745811	1.0594821802955705	1.142000627785526
log-power-n1n2.mapjitter.klw.tn0.1	Risky first	14.0	1.2	p_vertex	0.1484275666709669	0.17045273014688028	0.19420373856229686
log-power-n1n2.mapjitter.klw.tn0.1	Risky first	14.0	1.233392832614218	p_vertex	0.16219711931042446	0.18416857366000267	0.20775537757536278
log-power-n1n2.mapjitter.klw.tn0.1	Risky first	14.0	1.267714899620104	p_vertex	0.1767330704288809	0.1985147310801723	0.22171744442670707
log-power-n1n2.mapjitter.klw.tn0.1	Risky first	14.0	1.3029920591580744	p_vertex	0.19198507460669023	0.21349482563499875	0.2364090046187541
log-power-n1n2.mapjitter.klw.tn0.1	Risky first	14.0	1.339250888932342	p_vertex	0.20789396334964938	0.22916606299290387	0.25195720016828627
log-power-n1n2.mapjitter.klw.tn0.1	Risky first	14.0	1.3765187062344757	p_vertex	0.22426559111476152	0.24547642202038833	0.26800656456465716
log-power-n1n2.mapjitter.klw.tn0.1	Risky first	14.0	1.4148235885241658	p_vertex	0.24156622177440465	0.26237847327741903	0.2843274545846107
log-power-n1n2.mapjitter.klw.tn0.1	Risky first	14.0	1.454194394582695	p_vertex	0.25939923976097917	0.2799210378096303	0.3016457343667134
log-power-n1n2.mapjitter.klw.tn0.1	Risky first	14.0	1.4946607862550567	p_vertex	0.2778846069501974	0.29792007990627023	0.3192619261199959
log-power-n1n2.mapjitter.klw.tn0.1	Risky first	14.0	1.5362532507970992	p_vertex	0.2966122532937318	0.3163779797243308	0.3371597519347545
log-power-n1n2.mapjitter.klw.tn0.1	Risky first	14.0	1.579003123844529	p_vertex	0.3155866350805954	0.33512942695466624	0.3554822610843187
log-power-n1n2.mapjitter.klw.tn0.1	Risky first	14.0	1.6229426130210856	p_vertex	0.33514514488175773	0.3542327101664936	0.37404849399896667
log-power-n1n2.mapjitter.klw.tn0.1	Risky first	14.0	1.6681048222036647	p_vertex	0.3547510546564615	0.37355368869621874	0.39288554549447735
log-power-n1n2.mapjitter.klw.tn0.1	Risky first	14.0	1.714523776462679	p_vertex	0.37471057211001507	0.3930058976724996	0.4120164341712209
log-power-n1n2.mapjitter.klw.tn0.1	Risky first	14.0	1.7622344476964418	p_vertex	0.394549059084429	0.4125098716530651	0.43109284541464177
log-power-n1n2.mapjitter.klw.tn0.1	Risky first	14.0	1.8112727809788889	p_vertex	0.41426846007382945	0.4320325138956852	0.4502205833739339
log-power-n1n2.mapjitter.klw.tn0.1	Risky first	14.0	1.861675721640487	p_vertex	0.4337759731039164	0.4514990516111663	0.46949314069972603
log-power-n1n2.mapjitter.klw.tn0.1	Risky first	14.0	1.9134812431027324	p_vertex	0.45343949619839935	0.4708415286719992	0.48855731523506124
log-power-n1n2.mapjitter.klw.tn0.1	Risky first	14.0	1.9667283754872122	p_vertex	0.4726643892648241	0.4898476989865168	0.5078008431695362
log-power-n1n2.mapjitter.klw.tn0.1	Risky first	14.0	2.021457235020777	p_vertex	0.49158132680634486	0.5087256827194524	0.5267592988089995
log-power-n1n2.mapjitter.klw.tn0.1	Risky first	14.0	2.0777090542589844	p_vertex	0.5099112667070284	0.5272292369014193	0.5453106103333188
log-power-n1n2.mapjitter.klw.tn0.1	Risky first	14.0	2.1355262131505808	p_vertex	0.5278713310491586	0.5454772211446426	0.5636494884548013
log-power-n1n2.mapjitter.klw.tn0.1	Risky first	14.0	2.1949522709664246	p_vertex	0.5455310723465822	0.56324067253738	0.5813443445128966
log-power-n1n2.mapjitter.klw.tn0.1	Risky first	14.0	2.256031999116908	p_vertex	0.5626437411764745	0.5805538549660296	0.598788793163396
log-power-n1n2.mapjitter.klw.tn0.1	Risky first	14.0	2.3188114148826	p_vertex	0.579269085393095	0.5973971914195192	0.6156858677615695
log-power-n1n2.mapjitter.klw.tn0.1	Risky first	14.0	2.3833378160835275	p_vertex	0.5954698151497444	0.6137500221210959	0.6321375207636379
log-power-n1n2.mapjitter.klw.tn0.1	Risky first	14.0	2.4496598167132055	p_vertex	0.6109498540968018	0.6295963961139237	0.6482148233015822
log-power-n1n2.mapjitter.klw.tn0.1	Risky first	14.0	2.5178273835642724	p_vertex	0.6264924355865755	0.6449443544055049	0.6637178752809579
log-power-n1n2.mapjitter.klw.tn0.1	Risky first	14.0	2.58789187387332	p_vertex	0.6411159344661836	0.6598144548107205	0.6786393126693427
log-power-n1n2.mapjitter.klw.tn0.1	Risky first	14.0	2.659906074013276	p_vertex	0.6552109314956432	0.6740287135942971	0.6930826378434339
log-power-n1n2.mapjitter.klw.tn0.1	Risky first	14.0	2.7339242392624983	p_vertex	0.6686701675491995	0.6876481556895513	0.7069129340894768
log-power-n1n2.mapjitter.klw.tn0.1	Risky first	14.0	2.8100021346805373	p_vertex	0.6814196337701485	0.700753655981639	0.7202392945582862
log-power-n1n2.mapjitter.klw.tn0.1	Risky first	14.0	2.8881970771213568	p_vertex	0.6937174888583149	0.7133424455149577	0.7329020826978312
log-power-n1n2.mapjitter.klw.tn0.1	Risky first	14.0	2.9685679784156793	p_vertex	0.7053972566119334	0.7253581832993817	0.7447941574748242
log-power-n1n2.mapjitter.klw.tn0.1	Risky first	14.0	3.051175389754982	p_vertex	0.7165395719231322	0.736826278621491	0.756571473718096
log-power-n1n2.mapjitter.klw.tn0.1	Risky first	14.0	3.1360815473105736	p_vertex	0.7273118151304071	0.7478040451936004	0.7676438993180548
log-power-n1n2.mapjitter.klw.tn0.1	Risky first	14.0	3.2233504191221405	p_vertex	0.7375348552580686	0.7582018662454719	0.7779758485598192
log-power-n1n2.mapjitter.klw.tn0.1	Risky first	14.0	3.31304775329107	p_vertex	0.7472255056404612	0.7680199597438946	0.7880008286262901
log-power-n1n2.mapjitter.klw.tn0.1	Risky first	14.0	3.40524112751487	p_vertex	0.7564603627853482	0.7773878527980633	0.7976762181813026
log-power-n1n2.mapjitter.klw.tn0.1	Risky first	14.0	3.5000000000000004	p_vertex	0.7650000028313549	0.7861983993266224	0.8067698750305599
log-power-n1n2.mapjitter.klw.tn0.1	Risky first	14.0	1.2	p_full	0.1588374812556086	0.18237674089576847	0.2071877353194478
log-power-n1n2.mapjitter.klw.tn0.1	Risky first	14.0	1.233392832614218	p_full	0.17245239710103488	0.19608239843043107	0.22043660269769713
log-power-n1n2.mapjitter.klw.tn0.1	Risky first	14.0	1.267714899620104	p_full	0.18691530239483442	0.2104377557142762	0.23434331011062776
log-power-n1n2.mapjitter.klw.tn0.1	Risky first	14.0	1.3029920591580744	p_full	0.20210071678124086	0.22529119346648158	0.2484236222211452
log-power-n1n2.mapjitter.klw.tn0.1	Risky first	14.0	1.339250888932342	p_full	0.21789316214437196	0.24071991616890298	0.2633165437662261
log-power-n1n2.mapjitter.klw.tn0.1	Risky first	14.0	1.3765187062344757	p_full	0.23408265829473687	0.2567116675381701	0.27866978681459204
log-power-n1n2.mapjitter.klw.tn0.1	Risky first	14.0	1.4148235885241658	p_full	0.25082196386642563	0.2730389337103432	0.29473160899576584
log-power-n1n2.mapjitter.klw.tn0.1	Risky first	14.0	1.454194394582695	p_full	0.2680445472818494	0.2899233058156414	0.31113227273417104
log-power-n1n2.mapjitter.klw.tn0.1	Risky first	14.0	1.4946607862550567	p_full	0.2856117110127027	0.3072245655955793	0.32778867622140595
log-power-n1n2.mapjitter.klw.tn0.1	Risky first	14.0	1.5362532507970992	p_full	0.30370048227515345	0.32483506014865915	0.34461439313402026
log-power-n1n2.mapjitter.klw.tn0.1	Risky first	14.0	1.579003123844529	p_full	0.3221175817791078	0.3426957697595931	0.3619228715246022
log-power-n1n2.mapjitter.klw.tn0.1	Risky first	14.0	1.6229426130210856	p_full	0.34049194702531144	0.3608723893411794	0.37961975802035713
log-power-n1n2.mapjitter.klw.tn0.1	Risky first	14.0	1.6681048222036647	p_full	0.3589946488668197	0.3792151964937126	0.3975654374353769
log-power-n1n2.mapjitter.klw.tn0.1	Risky first	14.0	1.714523776462679	p_full	0.3776533575121174	0.3975487547326725	0.4156443308361943
log-power-n1n2.mapjitter.klw.tn0.1	Risky first	14.0	1.7622344476964418	p_full	0.396303060738454	0.41602760774930975	0.4340335423915489
log-power-n1n2.mapjitter.klw.tn0.1	Risky first	14.0	1.8112727809788889	p_full	0.41491930149631	0.43461457493773603	0.4522569013330063
log-power-n1n2.mapjitter.klw.tn0.1	Risky first	14.0	1.861675721640487	p_full	0.43358102548882416	0.4531342029706191	0.4704188800223577
log-power-n1n2.mapjitter.klw.tn0.1	Risky first	14.0	1.9134812431027324	p_full	0.45226441292021485	0.47155315609860116	0.48843289084175995
log-power-n1n2.mapjitter.klw.tn0.1	Risky first	14.0	1.9667283754872122	p_full	0.47071772502568665	0.4897876215664077	0.506549960915077
log-power-n1n2.mapjitter.klw.tn0.1	Risky first	14.0	2.021457235020777	p_full	0.4890409096786774	0.5078922394838881	0.5246155492237796
log-power-n1n2.mapjitter.klw.tn0.1	Risky first	14.0	2.0777090542589844	p_full	0.5070732178059857	0.5258357208577603	0.5424601363276816
log-power-n1n2.mapjitter.klw.tn0.1	Risky first	14.0	2.1355262131505808	p_full	0.5248258105129546	0.5435295860627161	0.5601644108369986
log-power-n1n2.mapjitter.klw.tn0.1	Risky first	14.0	2.1949522709664246	p_full	0.5423229980376083	0.5609541751033147	0.5778817064606661
log-power-n1n2.mapjitter.klw.tn0.1	Risky first	14.0	2.256031999116908	p_full	0.5593386875831288	0.5780504805923924	0.5950054936317835
log-power-n1n2.mapjitter.klw.tn0.1	Risky first	14.0	2.3188114148826	p_full	0.5762262113142332	0.594834865774156	0.6120127428789993
log-power-n1n2.mapjitter.klw.tn0.1	Risky first	14.0	2.3833378160835275	p_full	0.5925445683648205	0.6111688455919888	0.6285486086785856
log-power-n1n2.mapjitter.klw.tn0.1	Risky first	14.0	2.4496598167132055	p_full	0.6085647123255076	0.627115884054907	0.6446904187884701
log-power-n1n2.mapjitter.klw.tn0.1	Risky first	14.0	2.5178273835642724	p_full	0.624090319760378	0.6427007673687564	0.6602503653125191
log-power-n1n2.mapjitter.klw.tn0.1	Risky first	14.0	2.58789187387332	p_full	0.6392185645838444	0.6578068766039725	0.6754521554410948
log-power-n1n2.mapjitter.klw.tn0.1	Risky first	14.0	2.659906074013276	p_full	0.6539622505279401	0.6724367539062668	0.6903012746925653
log-power-n1n2.mapjitter.klw.tn0.1	Risky first	14.0	2.7339242392624983	p_full	0.6680832089444579	0.6866588065578483	0.7046427370491404
log-power-n1n2.mapjitter.klw.tn0.1	Risky first	14.0	2.8100021346805373	p_full	0.6818144571149131	0.7005059625855968	0.7184286389779575
log-power-n1n2.mapjitter.klw.tn0.1	Risky first	14.0	2.8881970771213568	p_full	0.6949584871275035	0.7137557180005281	0.7316244904259522
log-power-n1n2.mapjitter.klw.tn0.1	Risky first	14.0	2.9685679784156793	p_full	0.7076865942746887	0.7266105103167426	0.7446782150446029
log-power-n1n2.mapjitter.klw.tn0.1	Risky first	14.0	3.051175389754982	p_full	0.71989696296564	0.7389610782447782	0.7571155604019617
log-power-n1n2.mapjitter.klw.tn0.1	Risky first	14.0	3.1360815473105736	p_full	0.7316843278220698	0.7508295530169647	0.7692419143836824
log-power-n1n2.mapjitter.klw.tn0.1	Risky first	14.0	3.2233504191221405	p_full	0.7427658972666646	0.7622196033918635	0.7809551091796232
log-power-n1n2.mapjitter.klw.tn0.1	Risky first	14.0	3.31304775329107	p_full	0.7536521703420601	0.7732008649973765	0.7919704919013585
log-power-n1n2.mapjitter.klw.tn0.1	Risky first	14.0	3.40524112751487	p_full	0.7638573269116675	0.7836954083956704	0.8027741875322785
log-power-n1n2.mapjitter.klw.tn0.1	Risky first	14.0	3.5000000000000004	p_full	0.773723001004434	0.7937412330342051	0.8131167957535965
log-power-n1n2.mapjitter.klw.tn0.1	Risky first	14.0	1.2	p_bias_only	0.1557508167992693	0.176994424548312	0.19907072159008293
log-power-n1n2.mapjitter.klw.tn0.1	Risky first	14.0	1.233392832614218	p_bias_only	0.16958842976927047	0.1909504532227722	0.2129642964677731
log-power-n1n2.mapjitter.klw.tn0.1	Risky first	14.0	1.267714899620104	p_bias_only	0.18402212602029164	0.20559408306592053	0.22736394620609784
log-power-n1n2.mapjitter.klw.tn0.1	Risky first	14.0	1.3029920591580744	p_bias_only	0.19896044065734442	0.22081567827808218	0.24233306272948965
log-power-n1n2.mapjitter.klw.tn0.1	Risky first	14.0	1.339250888932342	p_bias_only	0.21484204480371563	0.23659811952041326	0.2577563453623147
log-power-n1n2.mapjitter.klw.tn0.1	Risky first	14.0	1.3765187062344757	p_bias_only	0.23106410556554718	0.25283816087421174	0.2740669618081997
log-power-n1n2.mapjitter.klw.tn0.1	Risky first	14.0	1.4148235885241658	p_bias_only	0.24783153780588987	0.26964551551194327	0.2905050207128079
log-power-n1n2.mapjitter.klw.tn0.1	Risky first	14.0	1.454194394582695	p_bias_only	0.26519853004820626	0.2868249047817194	0.30773293254594286
log-power-n1n2.mapjitter.klw.tn0.1	Risky first	14.0	1.4946607862550567	p_bias_only	0.2825739523453104	0.30439340575699514	0.32520457762317123
log-power-n1n2.mapjitter.klw.tn0.1	Risky first	14.0	1.5362532507970992	p_bias_only	0.3007017554478626	0.3223436030633816	0.34334121906756154
log-power-n1n2.mapjitter.klw.tn0.1	Risky first	14.0	1.579003123844529	p_bias_only	0.318901074326472	0.3406176040323067	0.3612454212956628
log-power-n1n2.mapjitter.klw.tn0.1	Risky first	14.0	1.6229426130210856	p_bias_only	0.3373138270713019	0.3589939027699004	0.3794667618572803
log-power-n1n2.mapjitter.klw.tn0.1	Risky first	14.0	1.6681048222036647	p_bias_only	0.35606160403831133	0.37746691264292287	0.397658963255477
log-power-n1n2.mapjitter.klw.tn0.1	Risky first	14.0	1.714523776462679	p_bias_only	0.37501428970828854	0.39611943658553017	0.41624098040414814
log-power-n1n2.mapjitter.klw.tn0.1	Risky first	14.0	1.7622344476964418	p_bias_only	0.3936119005060465	0.4148641489572775	0.4348347910462937
log-power-n1n2.mapjitter.klw.tn0.1	Risky first	14.0	1.8112727809788889	p_bias_only	0.41249982647640165	0.4335462769877284	0.453259276896423
log-power-n1n2.mapjitter.klw.tn0.1	Risky first	14.0	1.861675721640487	p_bias_only	0.431322466827738	0.45208237008733754	0.4718383880819912
log-power-n1n2.mapjitter.klw.tn0.1	Risky first	14.0	1.9134812431027324	p_bias_only	0.4499404131781054	0.470565873166171	0.48994866526879144
log-power-n1n2.mapjitter.klw.tn0.1	Risky first	14.0	1.9667283754872122	p_bias_only	0.4683257354119457	0.4888380908609739	0.5080264894936521
log-power-n1n2.mapjitter.klw.tn0.1	Risky first	14.0	2.021457235020777	p_bias_only	0.48664262314214435	0.5069984135622597	0.5258126764794495
log-power-n1n2.mapjitter.klw.tn0.1	Risky first	14.0	2.0777090542589844	p_bias_only	0.5045153873948544	0.5248604319602308	0.543423803323156
log-power-n1n2.mapjitter.klw.tn0.1	Risky first	14.0	2.1355262131505808	p_bias_only	0.5222442326243203	0.5423164444039357	0.5608796161284129
log-power-n1n2.mapjitter.klw.tn0.1	Risky first	14.0	2.1949522709664246	p_bias_only	0.5395636062567121	0.5593589520965372	0.5779323947519424
log-power-n1n2.mapjitter.klw.tn0.1	Risky first	14.0	2.256031999116908	p_bias_only	0.5565483300961391	0.5761311496480411	0.5945865260259711
log-power-n1n2.mapjitter.klw.tn0.1	Risky first	14.0	2.3188114148826	p_bias_only	0.5732714135195054	0.5925019121513995	0.6108520142864539
log-power-n1n2.mapjitter.klw.tn0.1	Risky first	14.0	2.3833378160835275	p_bias_only	0.5895049325363956	0.6084238686011139	0.6266065048993164
log-power-n1n2.mapjitter.klw.tn0.1	Risky first	14.0	2.4496598167132055	p_bias_only	0.6050528865208429	0.6239133480381913	0.6419687843685065
log-power-n1n2.mapjitter.klw.tn0.1	Risky first	14.0	2.5178273835642724	p_bias_only	0.6202475311535506	0.6390407823974977	0.6570881810335939
log-power-n1n2.mapjitter.klw.tn0.1	Risky first	14.0	2.58789187387332	p_bias_only	0.6352379077214398	0.6537329806677517	0.6715461238595417
log-power-n1n2.mapjitter.klw.tn0.1	Risky first	14.0	2.659906074013276	p_bias_only	0.649501063996262	0.6680222992795548	0.6856056619548625
log-power-n1n2.mapjitter.klw.tn0.1	Risky first	14.0	2.7339242392624983	p_bias_only	0.6634086294524959	0.6819481190242556	0.6994811281137426
log-power-n1n2.mapjitter.klw.tn0.1	Risky first	14.0	2.8100021346805373	p_bias_only	0.6770506743295623	0.6953306686236367	0.7125013254594363
log-power-n1n2.mapjitter.klw.tn0.1	Risky first	14.0	2.8881970771213568	p_bias_only	0.6901263596389233	0.7082990930282747	0.7254803557688175
log-power-n1n2.mapjitter.klw.tn0.1	Risky first	14.0	2.9685679784156793	p_bias_only	0.7028963242794781	0.7208894127544403	0.737832229688726
log-power-n1n2.mapjitter.klw.tn0.1	Risky first	14.0	3.051175389754982	p_bias_only	0.7151324548434	0.7330909464399007	0.7500630422583289
log-power-n1n2.mapjitter.klw.tn0.1	Risky first	14.0	3.1360815473105736	p_bias_only	0.7267225063645104	0.7448347356279401	0.7619745973195047
log-power-n1n2.mapjitter.klw.tn0.1	Risky first	14.0	3.2233504191221405	p_bias_only	0.73787480341371	0.7560842057015436	0.7732609195792491
log-power-n1n2.mapjitter.klw.tn0.1	Risky first	14.0	3.31304775329107	p_bias_only	0.7487246025330901	0.7670237176770496	0.7841639633712935
log-power-n1n2.mapjitter.klw.tn0.1	Risky first	14.0	3.40524112751487	p_bias_only	0.7592124423716695	0.777590606412027	0.7948729723231583
log-power-n1n2.mapjitter.klw.tn0.1	Risky first	14.0	3.5000000000000004	p_bias_only	0.7689034816425574	0.7875799546188382	0.8049827596930125
log-power-n1n2.mapjitter.klw.tn0.1	Risky first	14.0	1.2	p_scale_only	0.16083867552952047	0.18153967671115334	0.20417421181553772
log-power-n1n2.mapjitter.klw.tn0.1	Risky first	14.0	1.233392832614218	p_scale_only	0.17464678196652797	0.19540075045477312	0.21802397549484903
log-power-n1n2.mapjitter.klw.tn0.1	Risky first	14.0	1.267714899620104	p_scale_only	0.18920079377433022	0.20987048394668945	0.23244980122475545
log-power-n1n2.mapjitter.klw.tn0.1	Risky first	14.0	1.3029920591580744	p_scale_only	0.2043206829817313	0.2249123086830065	0.24733829985027625
log-power-n1n2.mapjitter.klw.tn0.1	Risky first	14.0	1.339250888932342	p_scale_only	0.22019223797829296	0.24050930440486018	0.26261801627011133
log-power-n1n2.mapjitter.klw.tn0.1	Risky first	14.0	1.3765187062344757	p_scale_only	0.2362669979146254	0.2565656001429106	0.27828255509048444
log-power-n1n2.mapjitter.klw.tn0.1	Risky first	14.0	1.4148235885241658	p_scale_only	0.25273780947870356	0.2730161873922792	0.2941231891083718
log-power-n1n2.mapjitter.klw.tn0.1	Risky first	14.0	1.454194394582695	p_scale_only	0.27002080609680673	0.28989120274554037	0.3107597313261214
log-power-n1n2.mapjitter.klw.tn0.1	Risky first	14.0	1.4946607862550567	p_scale_only	0.2874016022811892	0.30713625741501904	0.3275966139822441
log-power-n1n2.mapjitter.klw.tn0.1	Risky first	14.0	1.5362532507970992	p_scale_only	0.30519986116413095	0.3246296090256845	0.34489540056460677
log-power-n1n2.mapjitter.klw.tn0.1	Risky first	14.0	1.579003123844529	p_scale_only	0.3231160093461665	0.34248843027498044	0.36273556254194267
log-power-n1n2.mapjitter.klw.tn0.1	Risky first	14.0	1.6229426130210856	p_scale_only	0.341399159674868	0.36047369243897887	0.38048354317711275
log-power-n1n2.mapjitter.klw.tn0.1	Risky first	14.0	1.6681048222036647	p_scale_only	0.35984938001542366	0.378585707303884	0.39827849954503597
log-power-n1n2.mapjitter.klw.tn0.1	Risky first	14.0	1.714523776462679	p_scale_only	0.3782832942522152	0.3968997467178079	0.4165560227385551
log-power-n1n2.mapjitter.klw.tn0.1	Risky first	14.0	1.7622344476964418	p_scale_only	0.3968364717868927	0.41525484842960125	0.43456614099648255
log-power-n1n2.mapjitter.klw.tn0.1	Risky first	14.0	1.8112727809788889	p_scale_only	0.4153959163808712	0.43365268953033176	0.4525493978744428
log-power-n1n2.mapjitter.klw.tn0.1	Risky first	14.0	1.861675721640487	p_scale_only	0.4339525029588487	0.4518993659323186	0.47072913360298324
log-power-n1n2.mapjitter.klw.tn0.1	Risky first	14.0	1.9134812431027324	p_scale_only	0.4521595089161331	0.4699235476396457	0.48882370676071396
log-power-n1n2.mapjitter.klw.tn0.1	Risky first	14.0	1.9667283754872122	p_scale_only	0.4702327474745216	0.48795177376129306	0.5066369830003487
log-power-n1n2.mapjitter.klw.tn0.1	Risky first	14.0	2.021457235020777	p_scale_only	0.48810136835603457	0.5057697570561426	0.5242420265231252
log-power-n1n2.mapjitter.klw.tn0.1	Risky first	14.0	2.0777090542589844	p_scale_only	0.5058110469289627	0.5233014855595306	0.5414428676446726
log-power-n1n2.mapjitter.klw.tn0.1	Risky first	14.0	2.1355262131505808	p_scale_only	0.5232044864004276	0.5406077744949823	0.5584253592799078
log-power-n1n2.mapjitter.klw.tn0.1	Risky first	14.0	2.1949522709664246	p_scale_only	0.5402339548279557	0.5575472652972919	0.5751348033146004
log-power-n1n2.mapjitter.klw.tn0.1	Risky first	14.0	2.256031999116908	p_scale_only	0.5568195400317122	0.5742985487684895	0.5917556235416505
log-power-n1n2.mapjitter.klw.tn0.1	Risky first	14.0	2.3188114148826	p_scale_only	0.5730781980285168	0.5905288001523321	0.6080001164067594
log-power-n1n2.mapjitter.klw.tn0.1	Risky first	14.0	2.3833378160835275	p_scale_only	0.588880630983094	0.6062919863786669	0.6238984872226078
log-power-n1n2.mapjitter.klw.tn0.1	Risky first	14.0	2.4496598167132055	p_scale_only	0.6041524619455909	0.6218021854099538	0.6393335004728993
log-power-n1n2.mapjitter.klw.tn0.1	Risky first	14.0	2.5178273835642724	p_scale_only	0.6190801118099959	0.6368896172602774	0.6541897793409688
log-power-n1n2.mapjitter.klw.tn0.1	Risky first	14.0	2.58789187387332	p_scale_only	0.6335727405423541	0.6513827204171405	0.668942071837231
log-power-n1n2.mapjitter.klw.tn0.1	Risky first	14.0	2.659906074013276	p_scale_only	0.647521210412384	0.6654671154131839	0.6831346671375031
log-power-n1n2.mapjitter.klw.tn0.1	Risky first	14.0	2.7339242392624983	p_scale_only	0.6607791266591313	0.6790896069716323	0.6968195257384515
log-power-n1n2.mapjitter.klw.tn0.1	Risky first	14.0	2.8100021346805373	p_scale_only	0.6739463448254704	0.6922686353485032	0.7100189190086198
log-power-n1n2.mapjitter.klw.tn0.1	Risky first	14.0	2.8881970771213568	p_scale_only	0.6864337582899526	0.7048121466542749	0.7226867128163595
log-power-n1n2.mapjitter.klw.tn0.1	Risky first	14.0	2.9685679784156793	p_scale_only	0.6982389466481643	0.7170608472338305	0.7348256414697507
log-power-n1n2.mapjitter.klw.tn0.1	Risky first	14.0	3.051175389754982	p_scale_only	0.7095316005610496	0.7287055796199924	0.746699320661003
log-power-n1n2.mapjitter.klw.tn0.1	Risky first	14.0	3.1360815473105736	p_scale_only	0.7205037171159783	0.7398596868826246	0.7580192986440688
log-power-n1n2.mapjitter.klw.tn0.1	Risky first	14.0	3.2233504191221405	p_scale_only	0.7310155581768393	0.750483531873722	0.7688862337224874
log-power-n1n2.mapjitter.klw.tn0.1	Risky first	14.0	3.31304775329107	p_scale_only	0.7410481210376616	0.7606212206414418	0.7794199295594051
log-power-n1n2.mapjitter.klw.tn0.1	Risky first	14.0	3.40524112751487	p_scale_only	0.7504834334947766	0.7703347741899975	0.7894616088788489
log-power-n1n2.mapjitter.klw.tn0.1	Risky first	14.0	3.5000000000000004	p_scale_only	0.7596109358691363	0.7796395411264727	0.7989980239259151
log-power-n1n2.mapjitter.klw.tn0.1	Risky first	14.0	1.2	dp_full	-0.012488246343399009	0.011700707223244896	0.03703063792218611
log-power-n1n2.mapjitter.klw.tn0.1	Risky first	14.0	1.233392832614218	dp_full	-0.01208556739544466	0.011672338556023624	0.03659099046632404
log-power-n1n2.mapjitter.klw.tn0.1	Risky first	14.0	1.267714899620104	dp_full	-0.011924937380690892	0.011587637231927827	0.03630688353505155
log-power-n1n2.mapjitter.klw.tn0.1	Risky first	14.0	1.3029920591580744	dp_full	-0.011429217659178714	0.011457160108460547	0.03550256684358451
log-power-n1n2.mapjitter.klw.tn0.1	Risky first	14.0	1.339250888932342	dp_full	-0.011243631500789202	0.011204670590738186	0.03464548861841315
log-power-n1n2.mapjitter.klw.tn0.1	Risky first	14.0	1.3765187062344757	dp_full	-0.010993446755566443	0.010821862291209974	0.03347356658198988
log-power-n1n2.mapjitter.klw.tn0.1	Risky first	14.0	1.4148235885241658	dp_full	-0.010725741481731542	0.010287608963570175	0.03203326546498199
log-power-n1n2.mapjitter.klw.tn0.1	Risky first	14.0	1.454194394582695	dp_full	-0.010606425776936391	0.009649727792496336	0.030722340895191987
log-power-n1n2.mapjitter.klw.tn0.1	Risky first	14.0	1.4946607862550567	dp_full	-0.010579722147261755	0.008909325810069977	0.029156703589561853
log-power-n1n2.mapjitter.klw.tn0.1	Risky first	14.0	1.5362532507970992	dp_full	-0.010655091991401215	0.008223141808886555	0.02731935353399255
log-power-n1n2.mapjitter.klw.tn0.1	Risky first	14.0	1.579003123844529	dp_full	-0.010708853852215787	0.007385097572530664	0.02552870507643027
log-power-n1n2.mapjitter.klw.tn0.1	Risky first	14.0	1.6229426130210856	dp_full	-0.010893670998823355	0.006393224252249489	0.023668428041803427
log-power-n1n2.mapjitter.klw.tn0.1	Risky first	14.0	1.6681048222036647	dp_full	-0.010806829833451898	0.005392194307291532	0.021775765466007947
log-power-n1n2.mapjitter.klw.tn0.1	Risky first	14.0	1.714523776462679	dp_full	-0.011179440876897461	0.004371421613139319	0.01968150760063338
log-power-n1n2.mapjitter.klw.tn0.1	Risky first	14.0	1.7622344476964418	dp_full	-0.011603612056453862	0.00326625558657205	0.01783887994570942
log-power-n1n2.mapjitter.klw.tn0.1	Risky first	14.0	1.8112727809788889	dp_full	-0.012274592827198564	0.002273082254228582	0.016280337289106956
log-power-n1n2.mapjitter.klw.tn0.1	Risky first	14.0	1.861675721640487	dp_full	-0.013055020035769457	0.0013453053536403303	0.015140729564625885
log-power-n1n2.mapjitter.klw.tn0.1	Risky first	14.0	1.9134812431027324	dp_full	-0.014167346208799178	0.0005002456369679624	0.014108290485832096
log-power-n1n2.mapjitter.klw.tn0.1	Risky first	14.0	1.9667283754872122	dp_full	-0.01514450546197544	-0.0001985826204623596	0.013516036554750933
log-power-n1n2.mapjitter.klw.tn0.1	Risky first	14.0	2.021457235020777	dp_full	-0.016103870245464297	-0.0009146238530527603	0.013299221336198949
log-power-n1n2.mapjitter.klw.tn0.1	Risky first	14.0	2.0777090542589844	dp_full	-0.017316747786337454	-0.0014586692737179623	0.013550746455270482
log-power-n1n2.mapjitter.klw.tn0.1	Risky first	14.0	2.1355262131505808	dp_full	-0.01838850266118349	-0.0018935880128577514	0.013816717518252388
log-power-n1n2.mapjitter.klw.tn0.1	Risky first	14.0	2.1949522709664246	dp_full	-0.01963196550031393	-0.002193620953990499	0.014082964372043118
log-power-n1n2.mapjitter.klw.tn0.1	Risky first	14.0	2.256031999116908	dp_full	-0.020537530787449774	-0.0024701068442870957	0.014618807350676501
log-power-n1n2.mapjitter.klw.tn0.1	Risky first	14.0	2.3188114148826	dp_full	-0.02130291028253677	-0.002595441003889517	0.015214915691141364
log-power-n1n2.mapjitter.klw.tn0.1	Risky first	14.0	2.3833378160835275	dp_full	-0.02195785656662705	-0.002653468196375643	0.015957781929943158
log-power-n1n2.mapjitter.klw.tn0.1	Risky first	14.0	2.4496598167132055	dp_full	-0.02262924950960289	-0.002484223362067723	0.016822563014844926
log-power-n1n2.mapjitter.klw.tn0.1	Risky first	14.0	2.5178273835642724	dp_full	-0.02316492613966779	-0.002184716982384201	0.01781440557483812
log-power-n1n2.mapjitter.klw.tn0.1	Risky first	14.0	2.58789187387332	dp_full	-0.02359128057279565	-0.0018981805870555203	0.018660615336195764
log-power-n1n2.mapjitter.klw.tn0.1	Risky first	14.0	2.659906074013276	dp_full	-0.02365121506975144	-0.0014913188062874085	0.019580464387464285
log-power-n1n2.mapjitter.klw.tn0.1	Risky first	14.0	2.7339242392624983	dp_full	-0.023718572668712145	-0.0010090730251767544	0.020513164049049324
log-power-n1n2.mapjitter.klw.tn0.1	Risky first	14.0	2.8100021346805373	dp_full	-0.023439747357315223	-0.00038442028722876097	0.02163086195856559
log-power-n1n2.mapjitter.klw.tn0.1	Risky first	14.0	2.8881970771213568	dp_full	-0.023091200108203903	0.00029733860042853086	0.02265435255393429
log-power-n1n2.mapjitter.klw.tn0.1	Risky first	14.0	2.9685679784156793	dp_full	-0.022787646345768978	0.0011237703863597984	0.023874863122024473
log-power-n1n2.mapjitter.klw.tn0.1	Risky first	14.0	3.051175389754982	dp_full	-0.022206932884779446	0.001983419224655387	0.025315303726146675
log-power-n1n2.mapjitter.klw.tn0.1	Risky first	14.0	3.1360815473105736	dp_full	-0.021570199536330954	0.002904255890396999	0.026691642384242813
log-power-n1n2.mapjitter.klw.tn0.1	Risky first	14.0	3.2233504191221405	dp_full	-0.020769426337896926	0.0038756483825678266	0.028012028678327687
log-power-n1n2.mapjitter.klw.tn0.1	Risky first	14.0	3.31304775329107	dp_full	-0.019751998216067223	0.004995128696294539	0.02946446739033544
log-power-n1n2.mapjitter.klw.tn0.1	Risky first	14.0	3.40524112751487	dp_full	-0.01876586116678742	0.006039975107045454	0.031108161189756057
log-power-n1n2.mapjitter.klw.tn0.1	Risky first	14.0	3.5000000000000004	dp_full	-0.017622037075528615	0.007238830846679073	0.03264686459188066
log-power-n1n2.mapjitter.klw.tn0.1	Risky first	14.0	1.2	dp_bias	-0.00908948493646645	0.006234917669136113	0.02277360084076008
log-power-n1n2.mapjitter.klw.tn0.1	Risky first	14.0	1.233392832614218	dp_bias	-0.009194069860827565	0.006535944060848674	0.023221294998294256
log-power-n1n2.mapjitter.klw.tn0.1	Risky first	14.0	1.267714899620104	dp_bias	-0.0090955696413425	0.006759242358578833	0.023512254270185485
log-power-n1n2.mapjitter.klw.tn0.1	Risky first	14.0	1.3029920591580744	dp_bias	-0.009105395349654826	0.006879558183960795	0.023839855832488193
log-power-n1n2.mapjitter.klw.tn0.1	Risky first	14.0	1.339250888932342	dp_bias	-0.009332772717459414	0.006941927597949763	0.02407175191281431
log-power-n1n2.mapjitter.klw.tn0.1	Risky first	14.0	1.3765187062344757	dp_bias	-0.009528519478729553	0.0069032495666429515	0.024048359107087008
log-power-n1n2.mapjitter.klw.tn0.1	Risky first	14.0	1.4148235885241658	dp_bias	-0.009582627949329318	0.0067663047384303645	0.02384361285450823
log-power-n1n2.mapjitter.klw.tn0.1	Risky first	14.0	1.454194394582695	dp_bias	-0.009778081478279648	0.006457127983570535	0.0236136741668901
log-power-n1n2.mapjitter.klw.tn0.1	Risky first	14.0	1.4946607862550567	dp_bias	-0.01034646352391486	0.006093830941917276	0.023084346569357966
log-power-n1n2.mapjitter.klw.tn0.1	Risky first	14.0	1.5362532507970992	dp_bias	-0.011045594725631082	0.005628293874311984	0.022558225181749093
log-power-n1n2.mapjitter.klw.tn0.1	Risky first	14.0	1.579003123844529	dp_bias	-0.011484516850537632	0.005046437281877799	0.021884528231109597
log-power-n1n2.mapjitter.klw.tn0.1	Risky first	14.0	1.6229426130210856	dp_bias	-0.011891584517467635	0.004487204872558633	0.02110363692308059
log-power-n1n2.mapjitter.klw.tn0.1	Risky first	14.0	1.6681048222036647	dp_bias	-0.012621328474462994	0.0037788922440302524	0.020243407157430292
log-power-n1n2.mapjitter.klw.tn0.1	Risky first	14.0	1.714523776462679	dp_bias	-0.01340197668219613	0.0030373576879912214	0.019217135063041183
log-power-n1n2.mapjitter.klw.tn0.1	Risky first	14.0	1.7622344476964418	dp_bias	-0.014234840849892912	0.002239294518172399	0.018293299247409443
log-power-n1n2.mapjitter.klw.tn0.1	Risky first	14.0	1.8112727809788889	dp_bias	-0.015051218100562697	0.001412760683951168	0.017613643705827225
log-power-n1n2.mapjitter.klw.tn0.1	Risky first	14.0	1.861675721640487	dp_bias	-0.01588984415565633	0.0004978546542602182	0.0167487579763828
log-power-n1n2.mapjitter.klw.tn0.1	Risky first	14.0	1.9134812431027324	dp_bias	-0.016696938983230877	-0.0003477450735272974	0.01584688665426022
log-power-n1n2.mapjitter.klw.tn0.1	Risky first	14.0	1.9667283754872122	dp_bias	-0.01756534629477889	-0.0011456267276776762	0.015121942913799112
log-power-n1n2.mapjitter.klw.tn0.1	Risky first	14.0	2.021457235020777	dp_bias	-0.01844063053236483	-0.0018560038508113822	0.014294924434591025
log-power-n1n2.mapjitter.klw.tn0.1	Risky first	14.0	2.0777090542589844	dp_bias	-0.019317087135432436	-0.002570651533092157	0.01332121772459066
log-power-n1n2.mapjitter.klw.tn0.1	Risky first	14.0	2.1355262131505808	dp_bias	-0.020073214588997378	-0.0033009658477168094	0.012650934519383577
log-power-n1n2.mapjitter.klw.tn0.1	Risky first	14.0	2.1949522709664246	dp_bias	-0.020891373883683978	-0.003955934515602131	0.012180580258777595
log-power-n1n2.mapjitter.klw.tn0.1	Risky first	14.0	2.256031999116908	dp_bias	-0.021769687307707366	-0.004503756907718825	0.011787451660259478
log-power-n1n2.mapjitter.klw.tn0.1	Risky first	14.0	2.3188114148826	dp_bias	-0.022250080485544863	-0.004925025837107034	0.011468046095333244
log-power-n1n2.mapjitter.klw.tn0.1	Risky first	14.0	2.3833378160835275	dp_bias	-0.02287273576033626	-0.00532370573814442	0.011169023938351591
log-power-n1n2.mapjitter.klw.tn0.1	Risky first	14.0	2.4496598167132055	dp_bias	-0.023184257173487488	-0.005605710061315043	0.011010145951481073
log-power-n1n2.mapjitter.klw.tn0.1	Risky first	14.0	2.5178273835642724	dp_bias	-0.023529325180349656	-0.005787356797402857	0.011006133097099606
log-power-n1n2.mapjitter.klw.tn0.1	Risky first	14.0	2.58789187387332	dp_bias	-0.0238048710348654	-0.005855422748732459	0.011126832185676902
log-power-n1n2.mapjitter.klw.tn0.1	Risky first	14.0	2.659906074013276	dp_bias	-0.02369109241531978	-0.005831749287765814	0.011295766631363814
log-power-n1n2.mapjitter.klw.tn0.1	Risky first	14.0	2.7339242392624983	dp_bias	-0.023557394877029864	-0.005678082735496151	0.011610198101117485
log-power-n1n2.mapjitter.klw.tn0.1	Risky first	14.0	2.8100021346805373	dp_bias	-0.023352317733636697	-0.005413979103872495	0.01196914748700583
log-power-n1n2.mapjitter.klw.tn0.1	Risky first	14.0	2.8881970771213568	dp_bias	-0.02303913926159098	-0.005029026370713597	0.012646093355391446
log-power-n1n2.mapjitter.klw.tn0.1	Risky first	14.0	2.9685679784156793	dp_bias	-0.02252069459732207	-0.0045241441858082645	0.013172014125135549
log-power-n1n2.mapjitter.klw.tn0.1	Risky first	14.0	3.051175389754982	dp_bias	-0.021864248828423655	-0.003881569737540081	0.01395349312169143
log-power-n1n2.mapjitter.klw.tn0.1	Risky first	14.0	3.1360815473105736	dp_bias	-0.02112657765171989	-0.0030330891113861795	0.01474650608140222
log-power-n1n2.mapjitter.klw.tn0.1	Risky first	14.0	3.2233504191221405	dp_bias	-0.020385337975243067	-0.002142997163925452	0.01564713041260951
log-power-n1n2.mapjitter.klw.tn0.1	Risky first	14.0	3.31304775329107	dp_bias	-0.019127446998272745	-0.0011723795395477965	0.016714543877389198
log-power-n1n2.mapjitter.klw.tn0.1	Risky first	14.0	3.40524112751487	dp_bias	-0.018120075365354597	-0.00011617398789643486	0.017910723011473898
log-power-n1n2.mapjitter.klw.tn0.1	Risky first	14.0	3.5000000000000004	dp_bias	-0.01703496693807027	0.0010739297294283102	0.01898617766848199
log-power-n1n2.mapjitter.klw.tn0.1	Risky first	14.0	1.2	dp_scale	-0.0022463098848419555	0.010962955687895747	0.025092671555421074
log-power-n1n2.mapjitter.klw.tn0.1	Risky first	14.0	1.233392832614218	dp_scale	-0.001839021575275927	0.01115611755702412	0.025108860834723006
log-power-n1n2.mapjitter.klw.tn0.1	Risky first	14.0	1.267714899620104	dp_scale	-0.0015647435797021074	0.011218489390646444	0.024963977743068997
log-power-n1n2.mapjitter.klw.tn0.1	Risky first	14.0	1.3029920591580744	dp_scale	-0.0013785079573657604	0.011158695145916837	0.024641796832278132
log-power-n1n2.mapjitter.klw.tn0.1	Risky first	14.0	1.339250888932342	dp_scale	-0.0013074648032444657	0.01097956332259253	0.024003172035285333
log-power-n1n2.mapjitter.klw.tn0.1	Risky first	14.0	1.3765187062344757	dp_scale	-0.0012079514477970844	0.010641983923192794	0.023386448193478217
log-power-n1n2.mapjitter.klw.tn0.1	Risky first	14.0	1.4148235885241658	dp_scale	-0.0012800981302750413	0.01016000697486066	0.02248267512953854
log-power-n1n2.mapjitter.klw.tn0.1	Risky first	14.0	1.454194394582695	dp_scale	-0.001390023067559577	0.009570631542694328	0.0213528718338998
log-power-n1n2.mapjitter.klw.tn0.1	Risky first	14.0	1.4946607862550567	dp_scale	-0.0015687309385747146	0.008840105902643643	0.020172299903340386
log-power-n1n2.mapjitter.klw.tn0.1	Risky first	14.0	1.5362532507970992	dp_scale	-0.001746867498287892	0.008058572568540697	0.018747072758546857
log-power-n1n2.mapjitter.klw.tn0.1	Risky first	14.0	1.579003123844529	dp_scale	-0.0022646161835772846	0.007099053693079435	0.01716611518384729
log-power-n1n2.mapjitter.klw.tn0.1	Risky first	14.0	1.6229426130210856	dp_scale	-0.002723637316312069	0.006063738806138823	0.01545615163922753
log-power-n1n2.mapjitter.klw.tn0.1	Risky first	14.0	1.6681048222036647	dp_scale	-0.003323225081948506	0.004994016577793317	0.013883355830097902
log-power-n1n2.mapjitter.klw.tn0.1	Risky first	14.0	1.714523776462679	dp_scale	-0.004136500802619421	0.003847165572906134	0.012313144864331245
log-power-n1n2.mapjitter.klw.tn0.1	Risky first	14.0	1.7622344476964418	dp_scale	-0.004961210815300852	0.0026771398828944644	0.010710447890463565
log-power-n1n2.mapjitter.klw.tn0.1	Risky first	14.0	1.8112727809788889	dp_scale	-0.005921064811343101	0.0015137052101793138	0.009221642152916697
log-power-n1n2.mapjitter.klw.tn0.1	Risky first	14.0	1.861675721640487	dp_scale	-0.0070993729747817	0.00039183959000888637	0.007827022023610034
log-power-n1n2.mapjitter.klw.tn0.1	Risky first	14.0	1.9134812431027324	dp_scale	-0.008347521479006964	-0.0007667851045567267	0.006642368340718461
log-power-n1n2.mapjitter.klw.tn0.1	Risky first	14.0	1.9667283754872122	dp_scale	-0.009511543663308062	-0.0018408207094197382	0.005731996008106809
log-power-n1n2.mapjitter.klw.tn0.1	Risky first	14.0	2.021457235020777	dp_scale	-0.010805449421815896	-0.0028556040704733323	0.004889198487502293
log-power-n1n2.mapjitter.klw.tn0.1	Risky first	14.0	2.0777090542589844	dp_scale	-0.012158578479912158	-0.003817265663853312	0.0041443002235305205
log-power-n1n2.mapjitter.klw.tn0.1	Risky first	14.0	2.1355262131505808	dp_scale	-0.013557872348057309	-0.004703837594322291	0.00369465258711151
log-power-n1n2.mapjitter.klw.tn0.1	Risky first	14.0	2.1949522709664246	dp_scale	-0.014708195885428578	-0.005466690889660862	0.0032204204286965885
log-power-n1n2.mapjitter.klw.tn0.1	Risky first	14.0	2.256031999116908	dp_scale	-0.015955200306608228	-0.006165132009893523	0.0028974309276494055
log-power-n1n2.mapjitter.klw.tn0.1	Risky first	14.0	2.3188114148826	dp_scale	-0.01694305038276461	-0.006766436537453049	0.0027201240964770416
log-power-n1n2.mapjitter.klw.tn0.1	Risky first	14.0	2.3833378160835275	dp_scale	-0.01779361549294331	-0.007254711513042892	0.0025471603144754094
log-power-n1n2.mapjitter.klw.tn0.1	Risky first	14.0	2.4496598167132055	dp_scale	-0.01843597840254201	-0.007655481260540606	0.0023707611864588712
log-power-n1n2.mapjitter.klw.tn0.1	Risky first	14.0	2.5178273835642724	dp_scale	-0.018973491230805148	-0.007935618057599625	0.0024114081965623466
log-power-n1n2.mapjitter.klw.tn0.1	Risky first	14.0	2.58789187387332	dp_scale	-0.0194064268518666	-0.008199372337039334	0.002515042503840258
log-power-n1n2.mapjitter.klw.tn0.1	Risky first	14.0	2.659906074013276	dp_scale	-0.01978665232433329	-0.008396562904527581	0.002679142230250547
log-power-n1n2.mapjitter.klw.tn0.1	Risky first	14.0	2.7339242392624983	dp_scale	-0.020102380256292872	-0.008461845685152182	0.0027756382301859766
log-power-n1n2.mapjitter.klw.tn0.1	Risky first	14.0	2.8100021346805373	dp_scale	-0.02023918009103076	-0.008510306716717575	0.00283128834477755
log-power-n1n2.mapjitter.klw.tn0.1	Risky first	14.0	2.8881970771213568	dp_scale	-0.02029721101571029	-0.00846815915489009	0.0030162183199434933
log-power-n1n2.mapjitter.klw.tn0.1	Risky first	14.0	2.9685679784156793	dp_scale	-0.020412846150716632	-0.008369936692771352	0.0032502898116193147
log-power-n1n2.mapjitter.klw.tn0.1	Risky first	14.0	3.051175389754982	dp_scale	-0.020301721326711857	-0.008266713502733971	0.003546613017561189
log-power-n1n2.mapjitter.klw.tn0.1	Risky first	14.0	3.1360815473105736	dp_scale	-0.019997261700106288	-0.008041104531384678	0.0040041399711172815
log-power-n1n2.mapjitter.klw.tn0.1	Risky first	14.0	3.2233504191221405	dp_scale	-0.01974769082747034	-0.007807828624971221	0.0043623592383154036
log-power-n1n2.mapjitter.klw.tn0.1	Risky first	14.0	3.31304775329107	dp_scale	-0.019415934156170482	-0.007517659016172771	0.004669434271166272
log-power-n1n2.mapjitter.klw.tn0.1	Risky first	14.0	3.40524112751487	dp_scale	-0.01908542128541205	-0.007186848928773717	0.00505273092747438
log-power-n1n2.mapjitter.klw.tn0.1	Risky first	14.0	3.5000000000000004	dp_scale	-0.01863780490138419	-0.006763148831805574	0.0055087123029625255
log-power-n1n2.mapjitter.klw.tn0.1	Risky first	14.0	1.2	dp_interaction	-0.011090562545194683	-0.005285564818938334	-0.0019026822538547722
log-power-n1n2.mapjitter.klw.tn0.1	Risky first	14.0	1.233392832614218	dp_interaction	-0.01176181325341686	-0.005737274605536332	-0.0021610881526588424
log-power-n1n2.mapjitter.klw.tn0.1	Risky first	14.0	1.267714899620104	dp_interaction	-0.012289160485312903	-0.006109573034273079	-0.0023464036954929986
log-power-n1n2.mapjitter.klw.tn0.1	Risky first	14.0	1.3029920591580744	dp_interaction	-0.012734424978548693	-0.006368030999768704	-0.002475724489542424
log-power-n1n2.mapjitter.klw.tn0.1	Risky first	14.0	1.339250888932342	dp_interaction	-0.012953512991027054	-0.00652343910893153	-0.002583006626842688
log-power-n1n2.mapjitter.klw.tn0.1	Risky first	14.0	1.3765187062344757	dp_interaction	-0.012976073351685066	-0.006551360484819877	-0.0025811182734614747
log-power-n1n2.mapjitter.klw.tn0.1	Risky first	14.0	1.4148235885241658	dp_interaction	-0.012778830542596502	-0.006488073614746943	-0.0025109187573980653
log-power-n1n2.mapjitter.klw.tn0.1	Risky first	14.0	1.454194394582695	dp_interaction	-0.012362340683378398	-0.006293465355131645	-0.0024224362889010173
log-power-n1n2.mapjitter.klw.tn0.1	Risky first	14.0	1.4946607862550567	dp_interaction	-0.011886688935684574	-0.006001704076925878	-0.002231255144398875
log-power-n1n2.mapjitter.klw.tn0.1	Risky first	14.0	1.5362532507970992	dp_interaction	-0.011138794381834828	-0.005563854332550871	-0.001939028722713348
log-power-n1n2.mapjitter.klw.tn0.1	Risky first	14.0	1.579003123844529	dp_interaction	-0.010290814840874437	-0.004999443522086096	-0.0015184529589163589
log-power-n1n2.mapjitter.klw.tn0.1	Risky first	14.0	1.6229426130210856	dp_interaction	-0.009208226019649707	-0.004306422854002066	-0.0010088952221944153
log-power-n1n2.mapjitter.klw.tn0.1	Risky first	14.0	1.6681048222036647	dp_interaction	-0.008103208602643375	-0.0035210499571530444	-0.0003779450018286767
log-power-n1n2.mapjitter.klw.tn0.1	Risky first	14.0	1.714523776462679	dp_interaction	-0.006876065482323459	-0.0026479793124017745	0.00039738596727414185
log-power-n1n2.mapjitter.klw.tn0.1	Risky first	14.0	1.7622344476964418	dp_interaction	-0.00570058065367216	-0.0016768433511567926	0.0012959281661581099
log-power-n1n2.mapjitter.klw.tn0.1	Risky first	14.0	1.8112727809788889	dp_interaction	-0.004478400306028764	-0.0006348776595406467	0.002359083742938204
log-power-n1n2.mapjitter.klw.tn0.1	Risky first	14.0	1.861675721640487	dp_interaction	-0.003239616296385248	0.0004199755348179556	0.0035643204915067847
log-power-n1n2.mapjitter.klw.tn0.1	Risky first	14.0	1.9134812431027324	dp_interaction	-0.002073922291469017	0.0015002933179704457	0.00485284870898997
log-power-n1n2.mapjitter.klw.tn0.1	Risky first	14.0	1.9667283754872122	dp_interaction	-0.0009732311866191183	0.00262534798511818	0.006207750519974603
log-power-n1n2.mapjitter.klw.tn0.1	Risky first	14.0	2.021457235020777	dp_interaction	0.0001368813759218026	0.003738705619626514	0.007626340400825752
log-power-n1n2.mapjitter.klw.tn0.1	Risky first	14.0	2.0777090542589844	dp_interaction	0.0011935472437573516	0.004855987060537701	0.009100937055960651
log-power-n1n2.mapjitter.klw.tn0.1	Risky first	14.0	2.1355262131505808	dp_interaction	0.002149928920124177	0.005948236305563732	0.010483601245939935
log-power-n1n2.mapjitter.klw.tn0.1	Risky first	14.0	2.1949522709664246	dp_interaction	0.00306016021854793	0.007004422682118917	0.011844358576269386
log-power-n1n2.mapjitter.klw.tn0.1	Risky first	14.0	2.256031999116908	dp_interaction	0.0038481032176547743	0.008022176195210742	0.013182629581590931
log-power-n1n2.mapjitter.klw.tn0.1	Risky first	14.0	2.3188114148826	dp_interaction	0.00465157790400918	0.008989925947012763	0.014567426242080982
log-power-n1n2.mapjitter.klw.tn0.1	Risky first	14.0	2.3833378160835275	dp_interaction	0.0053690794160956784	0.009898870872299336	0.015704071427035053
log-power-n1n2.mapjitter.klw.tn0.1	Risky first	14.0	2.4496598167132055	dp_interaction	0.005987861372666002	0.010710753404644797	0.016789352858644073
log-power-n1n2.mapjitter.klw.tn0.1	Risky first	14.0	2.5178273835642724	dp_interaction	0.006482488233673711	0.011466531267565952	0.01781432798174313
log-power-n1n2.mapjitter.klw.tn0.1	Risky first	14.0	2.58789187387332	dp_interaction	0.006976625759129296	0.012115148269121946	0.01864407682972769
log-power-n1n2.mapjitter.klw.tn0.1	Risky first	14.0	2.659906074013276	dp_interaction	0.007410980342357435	0.01268616093890837	0.019496987488783504
log-power-n1n2.mapjitter.klw.tn0.1	Risky first	14.0	2.7339242392624983	dp_interaction	0.0077551018489383445	0.013139212900304495	0.020092860147469874
log-power-n1n2.mapjitter.klw.tn0.1	Risky first	14.0	2.8100021346805373	dp_interaction	0.007985450207763296	0.013492113818310775	0.020598370011544073
log-power-n1n2.mapjitter.klw.tn0.1	Risky first	14.0	2.8881970771213568	dp_interaction	0.008139188383836362	0.013756941563413384	0.020997640403605085
log-power-n1n2.mapjitter.klw.tn0.1	Risky first	14.0	2.9685679784156793	dp_interaction	0.008182651331769347	0.01387008934751124	0.02131702861405089
log-power-n1n2.mapjitter.klw.tn0.1	Risky first	14.0	3.051175389754982	dp_interaction	0.008219903591375624	0.013934487778699135	0.021511619659989926
log-power-n1n2.mapjitter.klw.tn0.1	Risky first	14.0	3.1360815473105736	dp_interaction	0.008117093881162952	0.01389254016902409	0.021490945058647053
log-power-n1n2.mapjitter.klw.tn0.1	Risky first	14.0	3.2233504191221405	dp_interaction	0.007983903789043833	0.01372674818847763	0.021436290892415756
log-power-n1n2.mapjitter.klw.tn0.1	Risky first	14.0	3.31304775329107	dp_interaction	0.007695524684000757	0.01345151575125628	0.021149598481884465
log-power-n1n2.mapjitter.klw.tn0.1	Risky first	14.0	3.40524112751487	dp_interaction	0.007351768132461802	0.013117809295509767	0.02087355052000975
log-power-n1n2.mapjitter.klw.tn0.1	Risky first	14.0	3.5000000000000004	dp_interaction	0.006956293563207606	0.012645513596357936	0.02047114973565107
log-power-n1n2.mapjitter.klw.tn0.1	Risky first	14.0	1.2	num_shift	-0.021634115151254192	-0.0030816212513290445	0.015191885557246317
log-power-n1n2.mapjitter.klw.tn0.1	Risky first	14.0	1.233392832614218	num_shift	-0.0214846576547707	-0.0031309971037711826	0.014794411387713119
log-power-n1n2.mapjitter.klw.tn0.1	Risky first	14.0	1.267714899620104	num_shift	-0.021554444662590225	-0.0032632950492136508	0.014484509062546648
log-power-n1n2.mapjitter.klw.tn0.1	Risky first	14.0	1.3029920591580744	num_shift	-0.02152081326394123	-0.00331276217106264	0.014349705875751075
log-power-n1n2.mapjitter.klw.tn0.1	Risky first	14.0	1.339250888932342	num_shift	-0.021510373017575572	-0.003353561276211032	0.014253927406026226
log-power-n1n2.mapjitter.klw.tn0.1	Risky first	14.0	1.3765187062344757	num_shift	-0.021518285821029257	-0.0033798502744329106	0.014045789867884054
log-power-n1n2.mapjitter.klw.tn0.1	Risky first	14.0	1.4148235885241658	num_shift	-0.02141392293245693	-0.0033649974949227866	0.014071653258660763
log-power-n1n2.mapjitter.klw.tn0.1	Risky first	14.0	1.454194394582695	num_shift	-0.021332494415144468	-0.0032480161436891134	0.014208833242094987
log-power-n1n2.mapjitter.klw.tn0.1	Risky first	14.0	1.4946607862550567	num_shift	-0.02134499223317914	-0.003159757742403238	0.014209810187970877
log-power-n1n2.mapjitter.klw.tn0.1	Risky first	14.0	1.5362532507970992	num_shift	-0.021274937613853344	-0.00303913110434622	0.014268318729513497
log-power-n1n2.mapjitter.klw.tn0.1	Risky first	14.0	1.579003123844529	num_shift	-0.021156867926269512	-0.0028565293864370885	0.01438838903222847
log-power-n1n2.mapjitter.klw.tn0.1	Risky first	14.0	1.6229426130210856	num_shift	-0.021116926938627604	-0.0026711187853592664	0.014640252134874222
log-power-n1n2.mapjitter.klw.tn0.1	Risky first	14.0	1.6681048222036647	num_shift	-0.02099687513154204	-0.002499043026905177	0.014934656731786596
log-power-n1n2.mapjitter.klw.tn0.1	Risky first	14.0	1.714523776462679	num_shift	-0.020801572530232033	-0.0022925525497048535	0.015288051417237837
log-power-n1n2.mapjitter.klw.tn0.1	Risky first	14.0	1.7622344476964418	num_shift	-0.02062913576838255	-0.002042344184941063	0.01570162424563765
log-power-n1n2.mapjitter.klw.tn0.1	Risky first	14.0	1.8112727809788889	num_shift	-0.020512234033149078	-0.001709781109821508	0.016109471864015013
log-power-n1n2.mapjitter.klw.tn0.1	Risky first	14.0	1.861675721640487	num_shift	-0.020186908945685055	-0.0013562743439072846	0.016458914570834687
log-power-n1n2.mapjitter.klw.tn0.1	Risky first	14.0	1.9134812431027324	num_shift	-0.01991890979160308	-0.0009647122528876674	0.016901683672815873
log-power-n1n2.mapjitter.klw.tn0.1	Risky first	14.0	1.9667283754872122	num_shift	-0.019627170834487086	-0.0005730946809300253	0.017473867906259866
log-power-n1n2.mapjitter.klw.tn0.1	Risky first	14.0	2.021457235020777	num_shift	-0.019305658268366627	-0.00010391507712395053	0.01801627663211464
log-power-n1n2.mapjitter.klw.tn0.1	Risky first	14.0	2.0777090542589844	num_shift	-0.01906498131574177	0.0003574655492846238	0.01878858466894254
log-power-n1n2.mapjitter.klw.tn0.1	Risky first	14.0	2.1355262131505808	num_shift	-0.018525259905467235	0.000837292487670595	0.01949096156778796
log-power-n1n2.mapjitter.klw.tn0.1	Risky first	14.0	2.1949522709664246	num_shift	-0.01798622312495806	0.001354614177145174	0.020182826991321855
log-power-n1n2.mapjitter.klw.tn0.1	Risky first	14.0	2.256031999116908	num_shift	-0.017571456776628795	0.0018888924639834247	0.020781446983283547
log-power-n1n2.mapjitter.klw.tn0.1	Risky first	14.0	2.3188114148826	num_shift	-0.0169795982016334	0.0024866853455212676	0.02160176351438156
log-power-n1n2.mapjitter.klw.tn0.1	Risky first	14.0	2.3833378160835275	num_shift	-0.01654160700756789	0.0031486113034730812	0.022400307488237105
log-power-n1n2.mapjitter.klw.tn0.1	Risky first	14.0	2.4496598167132055	num_shift	-0.01606827128462037	0.0038845499029139443	0.023175197680609105
log-power-n1n2.mapjitter.klw.tn0.1	Risky first	14.0	2.5178273835642724	num_shift	-0.015639477463601538	0.0046817984122383485	0.024125903966398896
log-power-n1n2.mapjitter.klw.tn0.1	Risky first	14.0	2.58789187387332	num_shift	-0.01506474290091809	0.005489105326102351	0.025229827204215568
log-power-n1n2.mapjitter.klw.tn0.1	Risky first	14.0	2.659906074013276	num_shift	-0.014627147584231283	0.0063470354994664725	0.026231656240455075
log-power-n1n2.mapjitter.klw.tn0.1	Risky first	14.0	2.7339242392624983	num_shift	-0.014347991537900845	0.007178711116709291	0.027563691571229468
log-power-n1n2.mapjitter.klw.tn0.1	Risky first	14.0	2.8100021346805373	num_shift	-0.013733570653228113	0.008051304759306238	0.028846713011540962
log-power-n1n2.mapjitter.klw.tn0.1	Risky first	14.0	2.8881970771213568	num_shift	-0.013001511411654816	0.009015119113056809	0.030194712930603006
log-power-n1n2.mapjitter.klw.tn0.1	Risky first	14.0	2.9685679784156793	num_shift	-0.012545127573242904	0.009988995489732855	0.0317718455609226
log-power-n1n2.mapjitter.klw.tn0.1	Risky first	14.0	3.051175389754982	num_shift	-0.011970724845609635	0.011029173426434167	0.03341474826745656
log-power-n1n2.mapjitter.klw.tn0.1	Risky first	14.0	3.1360815473105736	num_shift	-0.011327340652770485	0.01208223374424136	0.03512903607023438
log-power-n1n2.mapjitter.klw.tn0.1	Risky first	14.0	3.2233504191221405	num_shift	-0.010830861557019764	0.013160372707825711	0.036950663488256215
log-power-n1n2.mapjitter.klw.tn0.1	Risky first	14.0	3.31304775329107	num_shift	-0.01045258959987434	0.014276981007099794	0.03896842976980319
log-power-n1n2.mapjitter.klw.tn0.1	Risky first	14.0	3.40524112751487	num_shift	-0.009953113052856443	0.015491797387857557	0.04096093582788182
log-power-n1n2.mapjitter.klw.tn0.1	Risky first	14.0	3.5000000000000004	num_shift	-0.009554584786596768	0.016631920827418774	0.04308461511830723
log-power-n1n2.mapjitter.klw.tn0.1	Risky first	14.0	1.2	den_ratio	1.0122877338685852	1.0838196425107811	1.1655470803832613
log-power-n1n2.mapjitter.klw.tn0.1	Risky first	14.0	1.233392832614218	den_ratio	1.01183799437652	1.082541309131932	1.163579701592014
log-power-n1n2.mapjitter.klw.tn0.1	Risky first	14.0	1.267714899620104	den_ratio	1.0111355240265365	1.0814280281367825	1.1619132893384605
log-power-n1n2.mapjitter.klw.tn0.1	Risky first	14.0	1.3029920591580744	den_ratio	1.010694949964011	1.0801395864058758	1.1601060308829285
log-power-n1n2.mapjitter.klw.tn0.1	Risky first	14.0	1.339250888932342	den_ratio	1.010126241565697	1.0790008433992582	1.1582272379090446
log-power-n1n2.mapjitter.klw.tn0.1	Risky first	14.0	1.3765187062344757	den_ratio	1.009430094436164	1.077978656758663	1.156657114719034
log-power-n1n2.mapjitter.klw.tn0.1	Risky first	14.0	1.4148235885241658	den_ratio	1.0087676047654528	1.076858398854967	1.1550017316680654
log-power-n1n2.mapjitter.klw.tn0.1	Risky first	14.0	1.454194394582695	den_ratio	1.0078623233765376	1.0756072393747145	1.1537658152526646
log-power-n1n2.mapjitter.klw.tn0.1	Risky first	14.0	1.4946607862550567	den_ratio	1.0074641451703374	1.0745070763885012	1.1520367395172266
log-power-n1n2.mapjitter.klw.tn0.1	Risky first	14.0	1.5362532507970992	den_ratio	1.0065337639072187	1.0732754726656881	1.1503604657711044
log-power-n1n2.mapjitter.klw.tn0.1	Risky first	14.0	1.579003123844529	den_ratio	1.0057356335857424	1.0720740018106651	1.1492941749034333
log-power-n1n2.mapjitter.klw.tn0.1	Risky first	14.0	1.6229426130210856	den_ratio	1.004927288380469	1.071209743049021	1.1474509322627513
log-power-n1n2.mapjitter.klw.tn0.1	Risky first	14.0	1.6681048222036647	den_ratio	1.0038401518509343	1.0700920834235164	1.1461440103034541
log-power-n1n2.mapjitter.klw.tn0.1	Risky first	14.0	1.714523776462679	den_ratio	1.0032971219210878	1.0690727485044533	1.1441515239535922
log-power-n1n2.mapjitter.klw.tn0.1	Risky first	14.0	1.7622344476964418	den_ratio	1.0022078198647006	1.0679443851020358	1.1428415487830892
log-power-n1n2.mapjitter.klw.tn0.1	Risky first	14.0	1.8112727809788889	den_ratio	1.0011211483701126	1.0668775742082524	1.1414446317712863
log-power-n1n2.mapjitter.klw.tn0.1	Risky first	14.0	1.861675721640487	den_ratio	0.9999485641382522	1.06594886957969	1.1400624956243126
log-power-n1n2.mapjitter.klw.tn0.1	Risky first	14.0	1.9134812431027324	den_ratio	0.9986975960479951	1.0648736074473342	1.1395420223015436
log-power-n1n2.mapjitter.klw.tn0.1	Risky first	14.0	1.9667283754872122	den_ratio	0.9973416329773317	1.0637240959157364	1.1388475007765682
log-power-n1n2.mapjitter.klw.tn0.1	Risky first	14.0	2.021457235020777	den_ratio	0.9961384253241999	1.0627088194273797	1.1374907440613065
log-power-n1n2.mapjitter.klw.tn0.1	Risky first	14.0	2.0777090542589844	den_ratio	0.9953025964923611	1.0617792927553826	1.1359774284852364
log-power-n1n2.mapjitter.klw.tn0.1	Risky first	14.0	2.1355262131505808	den_ratio	0.9942899942408486	1.0607132511734636	1.135302922202996
log-power-n1n2.mapjitter.klw.tn0.1	Risky first	14.0	2.1949522709664246	den_ratio	0.9931202958594474	1.0596152125744087	1.1348109048957438
log-power-n1n2.mapjitter.klw.tn0.1	Risky first	14.0	2.256031999116908	den_ratio	0.9918428594963881	1.0586138391897713	1.1340336507476367
log-power-n1n2.mapjitter.klw.tn0.1	Risky first	14.0	2.3188114148826	den_ratio	0.9905495269574924	1.0576118587418022	1.1330289284251995
log-power-n1n2.mapjitter.klw.tn0.1	Risky first	14.0	2.3833378160835275	den_ratio	0.9890569938595782	1.0566799509767262	1.1323087933131328
log-power-n1n2.mapjitter.klw.tn0.1	Risky first	14.0	2.4496598167132055	den_ratio	0.9876276414979706	1.0556993896956355	1.1320437711012228
log-power-n1n2.mapjitter.klw.tn0.1	Risky first	14.0	2.5178273835642724	den_ratio	0.9861021923702294	1.0546909912750568	1.1314807591174036
log-power-n1n2.mapjitter.klw.tn0.1	Risky first	14.0	2.58789187387332	den_ratio	0.9846397667721715	1.0536546806143645	1.1304144260493174
log-power-n1n2.mapjitter.klw.tn0.1	Risky first	14.0	2.659906074013276	den_ratio	0.9832064242293055	1.052682215054599	1.1294525260491233
log-power-n1n2.mapjitter.klw.tn0.1	Risky first	14.0	2.7339242392624983	den_ratio	0.9816349964688122	1.0517565189453109	1.1288909097508772
log-power-n1n2.mapjitter.klw.tn0.1	Risky first	14.0	2.8100021346805373	den_ratio	0.9799160450546313	1.0508199458366898	1.1285293574418191
log-power-n1n2.mapjitter.klw.tn0.1	Risky first	14.0	2.8881970771213568	den_ratio	0.9782417002676835	1.0497551779283403	1.1285320562515648
log-power-n1n2.mapjitter.klw.tn0.1	Risky first	14.0	2.9685679784156793	den_ratio	0.976605845593539	1.0488925437243957	1.128659944051213
log-power-n1n2.mapjitter.klw.tn0.1	Risky first	14.0	3.051175389754982	den_ratio	0.9751519351363493	1.0478906376044765	1.1282896081395968
log-power-n1n2.mapjitter.klw.tn0.1	Risky first	14.0	3.1360815473105736	den_ratio	0.9734476731389216	1.0468136774893486	1.1281827446323942
log-power-n1n2.mapjitter.klw.tn0.1	Risky first	14.0	3.2233504191221405	den_ratio	0.9719529549142437	1.045991263760885	1.1277643913968642
log-power-n1n2.mapjitter.klw.tn0.1	Risky first	14.0	3.31304775329107	den_ratio	0.9705323092617782	1.0449467609955447	1.1277101360310016
log-power-n1n2.mapjitter.klw.tn0.1	Risky first	14.0	3.40524112751487	den_ratio	0.9688023622270727	1.0441274611213578	1.127428148087926
log-power-n1n2.mapjitter.klw.tn0.1	Risky first	14.0	3.5000000000000004	den_ratio	0.9672606992298886	1.0433400063851206	1.1281158735843002
log-power-n1n2.mapjitter.klw.tn0.1	Risky first	20.0	1.2	p_vertex	0.1406112389678559	0.1610613808418377	0.1834116047424802
log-power-n1n2.mapjitter.klw.tn0.1	Risky first	20.0	1.233392832614218	p_vertex	0.1526110408101021	0.1731784764822899	0.19564374975146726
log-power-n1n2.mapjitter.klw.tn0.1	Risky first	20.0	1.267714899620104	p_vertex	0.16504508340462012	0.18575600192414604	0.20821944015991425
log-power-n1n2.mapjitter.klw.tn0.1	Risky first	20.0	1.3029920591580744	p_vertex	0.17807090380947146	0.19899880722354996	0.2212567736407045
log-power-n1n2.mapjitter.klw.tn0.1	Risky first	20.0	1.339250888932342	p_vertex	0.19192532179378155	0.21273813662756708	0.2350656097039899
log-power-n1n2.mapjitter.klw.tn0.1	Risky first	20.0	1.3765187062344757	p_vertex	0.2061868769887533	0.22697050943398075	0.2489881011077191
log-power-n1n2.mapjitter.klw.tn0.1	Risky first	20.0	1.4148235885241658	p_vertex	0.22104901767393373	0.24174246561103693	0.26329501881988826
log-power-n1n2.mapjitter.klw.tn0.1	Risky first	20.0	1.454194394582695	p_vertex	0.23663502725097454	0.25698016484626973	0.2782769466354752
log-power-n1n2.mapjitter.klw.tn0.1	Risky first	20.0	1.4946607862550567	p_vertex	0.25257226334064115	0.2726269567252234	0.2936362881558278
log-power-n1n2.mapjitter.klw.tn0.1	Risky first	20.0	1.5362532507970992	p_vertex	0.2690103206377329	0.2886914060899828	0.30909286282658527
log-power-n1n2.mapjitter.klw.tn0.1	Risky first	20.0	1.579003123844529	p_vertex	0.2857540041790391	0.3050647225851047	0.3250666998424357
log-power-n1n2.mapjitter.klw.tn0.1	Risky first	20.0	1.6229426130210856	p_vertex	0.3027211900099461	0.32170963842648	0.3415286213988006
log-power-n1n2.mapjitter.klw.tn0.1	Risky first	20.0	1.6681048222036647	p_vertex	0.31970270193908634	0.33858124144203644	0.35814457879978806
log-power-n1n2.mapjitter.klw.tn0.1	Risky first	20.0	1.714523776462679	p_vertex	0.3372961820101149	0.3557563879099319	0.375181424275376
log-power-n1n2.mapjitter.klw.tn0.1	Risky first	20.0	1.7622344476964418	p_vertex	0.3546373411689292	0.3730311131351198	0.3919830612889804
log-power-n1n2.mapjitter.klw.tn0.1	Risky first	20.0	1.8112727809788889	p_vertex	0.3719237048071411	0.3903656840887267	0.40911510678656093
log-power-n1n2.mapjitter.klw.tn0.1	Risky first	20.0	1.861675721640487	p_vertex	0.38954358363931174	0.40761945940734834	0.4263819685525843
log-power-n1n2.mapjitter.klw.tn0.1	Risky first	20.0	1.9134812431027324	p_vertex	0.40671445814393825	0.42490115358113223	0.44356437074079536
log-power-n1n2.mapjitter.klw.tn0.1	Risky first	20.0	1.9667283754872122	p_vertex	0.42370600970146405	0.4420755126235606	0.4608317503446014
log-power-n1n2.mapjitter.klw.tn0.1	Risky first	20.0	2.021457235020777	p_vertex	0.44059876237168777	0.45919207633128045	0.47786319607293454
log-power-n1n2.mapjitter.klw.tn0.1	Risky first	20.0	2.0777090542589844	p_vertex	0.4572481392067633	0.4759979686435296	0.495167097931393
log-power-n1n2.mapjitter.klw.tn0.1	Risky first	20.0	2.1355262131505808	p_vertex	0.4737987173864604	0.4925965581978521	0.5120073441090858
log-power-n1n2.mapjitter.klw.tn0.1	Risky first	20.0	2.1949522709664246	p_vertex	0.4897393324264044	0.5089588681022637	0.5287553152728693
log-power-n1n2.mapjitter.klw.tn0.1	Risky first	20.0	2.256031999116908	p_vertex	0.5053073934461457	0.524919412937823	0.5449873080293356
log-power-n1n2.mapjitter.klw.tn0.1	Risky first	20.0	2.3188114148826	p_vertex	0.5201440425576386	0.5405697326930172	0.5611224513707488
log-power-n1n2.mapjitter.klw.tn0.1	Risky first	20.0	2.3833378160835275	p_vertex	0.5349814401532413	0.5557913146905407	0.577042618310133
log-power-n1n2.mapjitter.klw.tn0.1	Risky first	20.0	2.4496598167132055	p_vertex	0.5493467695148245	0.5705207024515574	0.5922457245872375
log-power-n1n2.mapjitter.klw.tn0.1	Risky first	20.0	2.5178273835642724	p_vertex	0.5633834410810415	0.5848508573347317	0.6071867301138573
log-power-n1n2.mapjitter.klw.tn0.1	Risky first	20.0	2.58789187387332	p_vertex	0.5766447048707463	0.5987344647943991	0.6216747028893288
log-power-n1n2.mapjitter.klw.tn0.1	Risky first	20.0	2.659906074013276	p_vertex	0.5894544676975584	0.6122227766872776	0.6355441407819898
log-power-n1n2.mapjitter.klw.tn0.1	Risky first	20.0	2.7339242392624983	p_vertex	0.6016556409520188	0.6253280064841007	0.6489861243238558
log-power-n1n2.mapjitter.klw.tn0.1	Risky first	20.0	2.8100021346805373	p_vertex	0.6133748512685371	0.637787234890785	0.6620248324563325
log-power-n1n2.mapjitter.klw.tn0.1	Risky first	20.0	2.8881970771213568	p_vertex	0.6248191063054436	0.6498833825665321	0.6745931704410052
log-power-n1n2.mapjitter.klw.tn0.1	Risky first	20.0	2.9685679784156793	p_vertex	0.6357811334846106	0.6614151014718407	0.6866194534396601
log-power-n1n2.mapjitter.klw.tn0.1	Risky first	20.0	3.051175389754982	p_vertex	0.6460018114787556	0.6724871385579791	0.6980889659672522
log-power-n1n2.mapjitter.klw.tn0.1	Risky first	20.0	3.1360815473105736	p_vertex	0.6557034992300425	0.6828936208767185	0.7091346156857279
log-power-n1n2.mapjitter.klw.tn0.1	Risky first	20.0	3.2233504191221405	p_vertex	0.6649612122316487	0.6929162580551933	0.7197044991705629
log-power-n1n2.mapjitter.klw.tn0.1	Risky first	20.0	3.31304775329107	p_vertex	0.6741992966186339	0.7025706420036995	0.7297310505536013
log-power-n1n2.mapjitter.klw.tn0.1	Risky first	20.0	3.40524112751487	p_vertex	0.6828958723627243	0.7117460681899841	0.7393150428955932
log-power-n1n2.mapjitter.klw.tn0.1	Risky first	20.0	3.5000000000000004	p_vertex	0.6910815816722964	0.720442320893977	0.7486261867382211
log-power-n1n2.mapjitter.klw.tn0.1	Risky first	20.0	1.2	p_full	0.14677147388991696	0.1691894579647048	0.19183483777946006
log-power-n1n2.mapjitter.klw.tn0.1	Risky first	20.0	1.233392832614218	p_full	0.15888596020079168	0.18160297271589837	0.20418565585314727
log-power-n1n2.mapjitter.klw.tn0.1	Risky first	20.0	1.267714899620104	p_full	0.17150084602003413	0.19448277630462207	0.2172771918385854
log-power-n1n2.mapjitter.klw.tn0.1	Risky first	20.0	1.3029920591580744	p_full	0.1848720745335683	0.2078592286811603	0.2306879570496168
log-power-n1n2.mapjitter.klw.tn0.1	Risky first	20.0	1.339250888932342	p_full	0.198774286569478	0.22176357624273257	0.24447623061650256
log-power-n1n2.mapjitter.klw.tn0.1	Risky first	20.0	1.3765187062344757	p_full	0.21298617544322268	0.2360849310553212	0.2588899125661227
log-power-n1n2.mapjitter.klw.tn0.1	Risky first	20.0	1.4148235885241658	p_full	0.2277954053166442	0.250804610044647	0.27324246016841536
log-power-n1n2.mapjitter.klw.tn0.1	Risky first	20.0	1.454194394582695	p_full	0.2430244022368924	0.2659386210289778	0.28816753447952936
log-power-n1n2.mapjitter.klw.tn0.1	Risky first	20.0	1.4946607862550567	p_full	0.25880740210569747	0.2814049759208105	0.3033826079783002
log-power-n1n2.mapjitter.klw.tn0.1	Risky first	20.0	1.5362532507970992	p_full	0.27502671873568085	0.2972239365863175	0.31867358837166637
log-power-n1n2.mapjitter.klw.tn0.1	Risky first	20.0	1.579003123844529	p_full	0.29134382432055256	0.3132259520257197	0.33422483654523777
log-power-n1n2.mapjitter.klw.tn0.1	Risky first	20.0	1.6229426130210856	p_full	0.3078080660696392	0.32960223590891663	0.3502041469776404
log-power-n1n2.mapjitter.klw.tn0.1	Risky first	20.0	1.6681048222036647	p_full	0.32455806499159523	0.3462066854802595	0.36624947605251795
log-power-n1n2.mapjitter.klw.tn0.1	Risky first	20.0	1.714523776462679	p_full	0.34151143268294193	0.3629873121605385	0.38252707194924684
log-power-n1n2.mapjitter.klw.tn0.1	Risky first	20.0	1.7622344476964418	p_full	0.35852049972442446	0.379841665519836	0.398985704948197
log-power-n1n2.mapjitter.klw.tn0.1	Risky first	20.0	1.8112727809788889	p_full	0.3756778905239903	0.3966448918236501	0.4153083544134792
log-power-n1n2.mapjitter.klw.tn0.1	Risky first	20.0	1.861675721640487	p_full	0.39298947862672357	0.4135453366291707	0.4318776459504075
log-power-n1n2.mapjitter.klw.tn0.1	Risky first	20.0	1.9134812431027324	p_full	0.410329581054685	0.4304335440494601	0.4487210549597497
log-power-n1n2.mapjitter.klw.tn0.1	Risky first	20.0	1.9667283754872122	p_full	0.4276622601225519	0.4473560820259693	0.46538411222168863
log-power-n1n2.mapjitter.klw.tn0.1	Risky first	20.0	2.021457235020777	p_full	0.44473143816632504	0.46406486208242037	0.4821748554371612
log-power-n1n2.mapjitter.klw.tn0.1	Risky first	20.0	2.0777090542589844	p_full	0.4616733797879892	0.4807365275372758	0.49893272468400274
log-power-n1n2.mapjitter.klw.tn0.1	Risky first	20.0	2.1355262131505808	p_full	0.47818875822788404	0.4971187957774762	0.5155904156238079
log-power-n1n2.mapjitter.klw.tn0.1	Risky first	20.0	2.1949522709664246	p_full	0.49442682417485134	0.5134296424735298	0.5320919564896427
log-power-n1n2.mapjitter.klw.tn0.1	Risky first	20.0	2.256031999116908	p_full	0.5107146356517608	0.5295613008607192	0.5483001239017088
log-power-n1n2.mapjitter.klw.tn0.1	Risky first	20.0	2.3188114148826	p_full	0.5265534751921941	0.5455749069014859	0.5643856877439972
log-power-n1n2.mapjitter.klw.tn0.1	Risky first	20.0	2.3833378160835275	p_full	0.5418695456317197	0.561138522588853	0.5803432487830542
log-power-n1n2.mapjitter.klw.tn0.1	Risky first	20.0	2.4496598167132055	p_full	0.556737431692082	0.5764485135010693	0.5958883561821965
log-power-n1n2.mapjitter.klw.tn0.1	Risky first	20.0	2.5178273835642724	p_full	0.5712101405219747	0.5913907440375805	0.6113533061914552
log-power-n1n2.mapjitter.klw.tn0.1	Risky first	20.0	2.58789187387332	p_full	0.5854775393698594	0.6059698842014818	0.6265243352141199
log-power-n1n2.mapjitter.klw.tn0.1	Risky first	20.0	2.659906074013276	p_full	0.5991322744495744	0.6201506777124215	0.6410849275900647
log-power-n1n2.mapjitter.klw.tn0.1	Risky first	20.0	2.7339242392624983	p_full	0.6122760478346333	0.6340417430673451	0.6553550305343422
log-power-n1n2.mapjitter.klw.tn0.1	Risky first	20.0	2.8100021346805373	p_full	0.6250098216963875	0.6475896565977763	0.6694953630083665
log-power-n1n2.mapjitter.klw.tn0.1	Risky first	20.0	2.8881970771213568	p_full	0.6374706568305285	0.6606892389777541	0.6833422877010318
log-power-n1n2.mapjitter.klw.tn0.1	Risky first	20.0	2.9685679784156793	p_full	0.6493730046884558	0.6734895281823041	0.6967146780999502
log-power-n1n2.mapjitter.klw.tn0.1	Risky first	20.0	3.051175389754982	p_full	0.6605679090834087	0.6858326727166357	0.7096227272031349
log-power-n1n2.mapjitter.klw.tn0.1	Risky first	20.0	3.1360815473105736	p_full	0.67189591591504	0.6978050513571061	0.722091747896996
log-power-n1n2.mapjitter.klw.tn0.1	Risky first	20.0	3.2233504191221405	p_full	0.6823752206098282	0.7093161744229297	0.7339021657260714
log-power-n1n2.mapjitter.klw.tn0.1	Risky first	20.0	3.31304775329107	p_full	0.6928827476196902	0.7205193055431043	0.745726446376632
log-power-n1n2.mapjitter.klw.tn0.1	Risky first	20.0	3.40524112751487	p_full	0.7030991709694525	0.7312495501255574	0.7570175858201118
log-power-n1n2.mapjitter.klw.tn0.1	Risky first	20.0	3.5000000000000004	p_full	0.7129058762361972	0.7415895619627729	0.7680064406484909
log-power-n1n2.mapjitter.klw.tn0.1	Risky first	20.0	1.2	p_bias_only	0.14584248767102007	0.16710188824057232	0.1883507499517793
log-power-n1n2.mapjitter.klw.tn0.1	Risky first	20.0	1.233392832614218	p_bias_only	0.15805044061050763	0.17967447048633634	0.201253829800041
log-power-n1n2.mapjitter.klw.tn0.1	Risky first	20.0	1.267714899620104	p_bias_only	0.17078950115390173	0.1927988338659865	0.21492851030216067
log-power-n1n2.mapjitter.klw.tn0.1	Risky first	20.0	1.3029920591580744	p_bias_only	0.18398109893317863	0.2064010518436178	0.2285923343576524
log-power-n1n2.mapjitter.klw.tn0.1	Risky first	20.0	1.339250888932342	p_bias_only	0.19786563854573433	0.22051008863343574	0.24271732277526875
log-power-n1n2.mapjitter.klw.tn0.1	Risky first	20.0	1.3765187062344757	p_bias_only	0.21235372359183047	0.2350937836168805	0.2572282402174268
log-power-n1n2.mapjitter.klw.tn0.1	Risky first	20.0	1.4148235885241658	p_bias_only	0.22712066243841672	0.2500403086452804	0.2720671936542342
log-power-n1n2.mapjitter.klw.tn0.1	Risky first	20.0	1.454194394582695	p_bias_only	0.2422911861387896	0.2653279888704968	0.2874734248821001
log-power-n1n2.mapjitter.klw.tn0.1	Risky first	20.0	1.4946607862550567	p_bias_only	0.25792922099780313	0.2810242185210815	0.3031834827090536
log-power-n1n2.mapjitter.klw.tn0.1	Risky first	20.0	1.5362532507970992	p_bias_only	0.27407239190509536	0.29693627389144994	0.31880143487643825
log-power-n1n2.mapjitter.klw.tn0.1	Risky first	20.0	1.579003123844529	p_bias_only	0.29023029863611693	0.31317872298669347	0.33507053435802603
log-power-n1n2.mapjitter.klw.tn0.1	Risky first	20.0	1.6229426130210856	p_bias_only	0.3068922830961093	0.32963141554769504	0.351508842172296
log-power-n1n2.mapjitter.klw.tn0.1	Risky first	20.0	1.6681048222036647	p_bias_only	0.32356333885260147	0.3463222371791208	0.36818976190433517
log-power-n1n2.mapjitter.klw.tn0.1	Risky first	20.0	1.714523776462679	p_bias_only	0.34060388386737456	0.36308861603923914	0.384797252852111
log-power-n1n2.mapjitter.klw.tn0.1	Risky first	20.0	1.7622344476964418	p_bias_only	0.3579888749575275	0.3799938135457787	0.40132458940455323
log-power-n1n2.mapjitter.klw.tn0.1	Risky first	20.0	1.8112727809788889	p_bias_only	0.37537486657053387	0.39683413710958326	0.41797757978017913
log-power-n1n2.mapjitter.klw.tn0.1	Risky first	20.0	1.861675721640487	p_bias_only	0.3925441884678465	0.4137656227567206	0.434386893167033
log-power-n1n2.mapjitter.klw.tn0.1	Risky first	20.0	1.9134812431027324	p_bias_only	0.4094100532003649	0.4306714474563115	0.45095239147162186
log-power-n1n2.mapjitter.klw.tn0.1	Risky first	20.0	1.9667283754872122	p_bias_only	0.4265799012596374	0.4475085987881791	0.46752072264134437
log-power-n1n2.mapjitter.klw.tn0.1	Risky first	20.0	2.021457235020777	p_bias_only	0.44359430993015597	0.46405280324817366	0.48415417808667066
log-power-n1n2.mapjitter.klw.tn0.1	Risky first	20.0	2.0777090542589844	p_bias_only	0.46012394880868157	0.48054923965246243	0.5004758168006895
log-power-n1n2.mapjitter.klw.tn0.1	Risky first	20.0	2.1355262131505808	p_bias_only	0.47630111996556646	0.4967390530192236	0.5167162842308974
log-power-n1n2.mapjitter.klw.tn0.1	Risky first	20.0	2.1949522709664246	p_bias_only	0.4926508445549919	0.5127426628072667	0.5326307378877678
log-power-n1n2.mapjitter.klw.tn0.1	Risky first	20.0	2.256031999116908	p_bias_only	0.508361222473259	0.528545887819379	0.5481890175834269
log-power-n1n2.mapjitter.klw.tn0.1	Risky first	20.0	2.3188114148826	p_bias_only	0.523952852868668	0.5439793790944505	0.5636551233241035
log-power-n1n2.mapjitter.klw.tn0.1	Risky first	20.0	2.3833378160835275	p_bias_only	0.5391708448946025	0.5591621511802293	0.5789560346569718
log-power-n1n2.mapjitter.klw.tn0.1	Risky first	20.0	2.4496598167132055	p_bias_only	0.5539360444908101	0.5740671218757684	0.5940085806464553
log-power-n1n2.mapjitter.klw.tn0.1	Risky first	20.0	2.5178273835642724	p_bias_only	0.5680417302738251	0.588480435240524	0.6087261394699478
log-power-n1n2.mapjitter.klw.tn0.1	Risky first	20.0	2.58789187387332	p_bias_only	0.5818787032306811	0.6027236062357251	0.6228841900357056
log-power-n1n2.mapjitter.klw.tn0.1	Risky first	20.0	2.659906074013276	p_bias_only	0.5954555541461417	0.616537276277966	0.6368444488001235
log-power-n1n2.mapjitter.klw.tn0.1	Risky first	20.0	2.7339242392624983	p_bias_only	0.6083954894664004	0.6300153784905274	0.650435100324204
log-power-n1n2.mapjitter.klw.tn0.1	Risky first	20.0	2.8100021346805373	p_bias_only	0.6210690103019463	0.6432155621339153	0.6639833255829161
log-power-n1n2.mapjitter.klw.tn0.1	Risky first	20.0	2.8881970771213568	p_bias_only	0.6332708514558153	0.6559781349960735	0.6772341112729474
log-power-n1n2.mapjitter.klw.tn0.1	Risky first	20.0	2.9685679784156793	p_bias_only	0.6449662384491177	0.6683416974037881	0.6899526284726093
log-power-n1n2.mapjitter.klw.tn0.1	Risky first	20.0	3.051175389754982	p_bias_only	0.6565177081439496	0.6802427442706	0.7021761048939897
log-power-n1n2.mapjitter.klw.tn0.1	Risky first	20.0	3.1360815473105736	p_bias_only	0.6677368172016122	0.6918130110720386	0.7142159561751709
log-power-n1n2.mapjitter.klw.tn0.1	Risky first	20.0	3.2233504191221405	p_bias_only	0.6783582367281872	0.7030130266137814	0.7261437749377238
log-power-n1n2.mapjitter.klw.tn0.1	Risky first	20.0	3.31304775329107	p_bias_only	0.6886298703526099	0.7138610858964228	0.7373654721747226
log-power-n1n2.mapjitter.klw.tn0.1	Risky first	20.0	3.40524112751487	p_bias_only	0.69811782471089	0.724270869324337	0.7482866075029035
log-power-n1n2.mapjitter.klw.tn0.1	Risky first	20.0	3.5000000000000004	p_bias_only	0.7074904671148047	0.7344175457603642	0.7587718997909314
log-power-n1n2.mapjitter.klw.tn0.1	Risky first	20.0	1.2	p_scale_only	0.14870681748321407	0.16789746121498772	0.18847072732524686
log-power-n1n2.mapjitter.klw.tn0.1	Risky first	20.0	1.233392832614218	p_scale_only	0.1608195589554371	0.18016385220319264	0.20078964433063348
log-power-n1n2.mapjitter.klw.tn0.1	Risky first	20.0	1.267714899620104	p_scale_only	0.1734896329687302	0.19290134708109502	0.21379890248863495
log-power-n1n2.mapjitter.klw.tn0.1	Risky first	20.0	1.3029920591580744	p_scale_only	0.1866600101823437	0.20611267889854618	0.22692048869259981
log-power-n1n2.mapjitter.klw.tn0.1	Risky first	20.0	1.339250888932342	p_scale_only	0.20024368777662577	0.21977608632639603	0.24067091277114178
log-power-n1n2.mapjitter.klw.tn0.1	Risky first	20.0	1.3765187062344757	p_scale_only	0.21440196861268032	0.23390445623292017	0.2545581045431915
log-power-n1n2.mapjitter.klw.tn0.1	Risky first	20.0	1.4148235885241658	p_scale_only	0.22893550754135622	0.2483976046534716	0.2690548807825719
log-power-n1n2.mapjitter.klw.tn0.1	Risky first	20.0	1.454194394582695	p_scale_only	0.24366561850366986	0.263212805924563	0.2838701556358163
log-power-n1n2.mapjitter.klw.tn0.1	Risky first	20.0	1.4946607862550567	p_scale_only	0.2588263254917087	0.2783598490199156	0.2989536774713189
log-power-n1n2.mapjitter.klw.tn0.1	Risky first	20.0	1.5362532507970992	p_scale_only	0.274228578011373	0.29371875114179613	0.3142565096221491
log-power-n1n2.mapjitter.klw.tn0.1	Risky first	20.0	1.579003123844529	p_scale_only	0.2900075374092408	0.30936142832514935	0.3296451786538702
log-power-n1n2.mapjitter.klw.tn0.1	Risky first	20.0	1.6229426130210856	p_scale_only	0.30599337461447174	0.32519228046827425	0.3451937449383055
log-power-n1n2.mapjitter.klw.tn0.1	Risky first	20.0	1.6681048222036647	p_scale_only	0.3220474742118813	0.34118927274079736	0.36093546626011747
log-power-n1n2.mapjitter.klw.tn0.1	Risky first	20.0	1.714523776462679	p_scale_only	0.3384037757673815	0.35730859746799126	0.3768050026701337
log-power-n1n2.mapjitter.klw.tn0.1	Risky first	20.0	1.7622344476964418	p_scale_only	0.3547745946504322	0.37352461617593957	0.39265382336495025
log-power-n1n2.mapjitter.klw.tn0.1	Risky first	20.0	1.8112727809788889	p_scale_only	0.37118622930216144	0.38979113370917284	0.40864878087115
log-power-n1n2.mapjitter.klw.tn0.1	Risky first	20.0	1.861675721640487	p_scale_only	0.38735901027258923	0.40600919821080084	0.42463871404691667
log-power-n1n2.mapjitter.klw.tn0.1	Risky first	20.0	1.9134812431027324	p_scale_only	0.40365121892572126	0.422181170554076	0.44068650346212035
log-power-n1n2.mapjitter.klw.tn0.1	Risky first	20.0	1.9667283754872122	p_scale_only	0.41991682607911457	0.43817581205520784	0.4566029283123436
log-power-n1n2.mapjitter.klw.tn0.1	Risky first	20.0	2.021457235020777	p_scale_only	0.43599392918963026	0.45411463125407747	0.4723888114969856
log-power-n1n2.mapjitter.klw.tn0.1	Risky first	20.0	2.0777090542589844	p_scale_only	0.4516876534879056	0.46993752947074074	0.4881042879403
log-power-n1n2.mapjitter.klw.tn0.1	Risky first	20.0	2.1355262131505808	p_scale_only	0.4672374164086119	0.4855796217925271	0.5037556216106526
log-power-n1n2.mapjitter.klw.tn0.1	Risky first	20.0	2.1949522709664246	p_scale_only	0.48243063646096507	0.5009258412596296	0.519267225228425
log-power-n1n2.mapjitter.klw.tn0.1	Risky first	20.0	2.256031999116908	p_scale_only	0.4972902667749286	0.5160715007920578	0.5346365910526943
log-power-n1n2.mapjitter.klw.tn0.1	Risky first	20.0	2.3188114148826	p_scale_only	0.5118233995144593	0.5309864442365133	0.5497560162708746
log-power-n1n2.mapjitter.klw.tn0.1	Risky first	20.0	2.3833378160835275	p_scale_only	0.5260630010069133	0.5456153212963997	0.564675287627742
log-power-n1n2.mapjitter.klw.tn0.1	Risky first	20.0	2.4496598167132055	p_scale_only	0.5400942635924412	0.5599450803555337	0.5792858110530291
log-power-n1n2.mapjitter.klw.tn0.1	Risky first	20.0	2.5178273835642724	p_scale_only	0.5537220822482939	0.5738580513793077	0.5939043736192253
log-power-n1n2.mapjitter.klw.tn0.1	Risky first	20.0	2.58789187387332	p_scale_only	0.5665504009906714	0.5873231111497886	0.6077471574491297
log-power-n1n2.mapjitter.klw.tn0.1	Risky first	20.0	2.659906074013276	p_scale_only	0.5792309986219973	0.6004468925042643	0.6212569372861709
log-power-n1n2.mapjitter.klw.tn0.1	Risky first	20.0	2.7339242392624983	p_scale_only	0.5914725896955082	0.6132191627807546	0.6345682469565292
log-power-n1n2.mapjitter.klw.tn0.1	Risky first	20.0	2.8100021346805373	p_scale_only	0.603443454323738	0.6255185666030404	0.6473798101518422
log-power-n1n2.mapjitter.klw.tn0.1	Risky first	20.0	2.8881970771213568	p_scale_only	0.614934201695703	0.6375341139911075	0.6599136841735189
log-power-n1n2.mapjitter.klw.tn0.1	Risky first	20.0	2.9685679784156793	p_scale_only	0.6258496523880485	0.6490916890852504	0.6720078374310413
log-power-n1n2.mapjitter.klw.tn0.1	Risky first	20.0	3.051175389754982	p_scale_only	0.6363787292488895	0.6601869007549155	0.6838276099460086
log-power-n1n2.mapjitter.klw.tn0.1	Risky first	20.0	3.1360815473105736	p_scale_only	0.6465327856690404	0.6708755812815166	0.694973437499906
log-power-n1n2.mapjitter.klw.tn0.1	Risky first	20.0	3.2233504191221405	p_scale_only	0.6560096307731602	0.6812560043669662	0.7058674230285368
log-power-n1n2.mapjitter.klw.tn0.1	Risky first	20.0	3.31304775329107	p_scale_only	0.6651893359704578	0.6910993479545122	0.7161489114872154
log-power-n1n2.mapjitter.klw.tn0.1	Risky first	20.0	3.40524112751487	p_scale_only	0.673775050264405	0.7006182974293536	0.7262737522882896
log-power-n1n2.mapjitter.klw.tn0.1	Risky first	20.0	3.5000000000000004	p_scale_only	0.6824085926762831	0.7096726300171323	0.7358053075918457
log-power-n1n2.mapjitter.klw.tn0.1	Risky first	20.0	1.2	dp_full	-0.014469134379113784	0.00777101995897859	0.03094935276167554
log-power-n1n2.mapjitter.klw.tn0.1	Risky first	20.0	1.233392832614218	dp_full	-0.013951861082005846	0.008065086900560806	0.03130822107344155
log-power-n1n2.mapjitter.klw.tn0.1	Risky first	20.0	1.267714899620104	dp_full	-0.013407992431178265	0.008263319608449237	0.03145233801188655
log-power-n1n2.mapjitter.klw.tn0.1	Risky first	20.0	1.3029920591580744	dp_full	-0.01281595931758884	0.008439159294693771	0.03131012614188866
log-power-n1n2.mapjitter.klw.tn0.1	Risky first	20.0	1.339250888932342	dp_full	-0.012591351865860113	0.00852344971712105	0.03117255233082028
log-power-n1n2.mapjitter.klw.tn0.1	Risky first	20.0	1.3765187062344757	dp_full	-0.012402599971297881	0.008622947518502597	0.030559128421765353
log-power-n1n2.mapjitter.klw.tn0.1	Risky first	20.0	1.4148235885241658	dp_full	-0.012137897217200192	0.00864832480088935	0.029920148146786875
log-power-n1n2.mapjitter.klw.tn0.1	Risky first	20.0	1.454194394582695	dp_full	-0.011860944551128356	0.008536497064075577	0.02938710345335513
log-power-n1n2.mapjitter.klw.tn0.1	Risky first	20.0	1.4946607862550567	dp_full	-0.011346088324494508	0.00835585541716306	0.028671138271169364
log-power-n1n2.mapjitter.klw.tn0.1	Risky first	20.0	1.5362532507970992	dp_full	-0.011149289143234736	0.008169313153297816	0.027692405537028116
log-power-n1n2.mapjitter.klw.tn0.1	Risky first	20.0	1.579003123844529	dp_full	-0.011066216757198932	0.007947839419937505	0.02677998743485328
log-power-n1n2.mapjitter.klw.tn0.1	Risky first	20.0	1.6229426130210856	dp_full	-0.01090889012141363	0.007610291417032421	0.026050403530545316
log-power-n1n2.mapjitter.klw.tn0.1	Risky first	20.0	1.6681048222036647	dp_full	-0.010597502365729828	0.0073273168145097725	0.024976730731503242
log-power-n1n2.mapjitter.klw.tn0.1	Risky first	20.0	1.714523776462679	dp_full	-0.010662203941000403	0.0069924209769255865	0.02407707675978171
log-power-n1n2.mapjitter.klw.tn0.1	Risky first	20.0	1.7622344476964418	dp_full	-0.010908955328214325	0.006597460006823699	0.02323143209385054
log-power-n1n2.mapjitter.klw.tn0.1	Risky first	20.0	1.8112727809788889	dp_full	-0.01130518355817591	0.006209421785116156	0.022490003534232694
log-power-n1n2.mapjitter.klw.tn0.1	Risky first	20.0	1.861675721640487	dp_full	-0.01161648405370277	0.005824632091701214	0.022148791163817037
log-power-n1n2.mapjitter.klw.tn0.1	Risky first	20.0	1.9134812431027324	dp_full	-0.0119786387765345	0.005470868685587882	0.022000230198250176
log-power-n1n2.mapjitter.klw.tn0.1	Risky first	20.0	1.9667283754872122	dp_full	-0.012795496924797537	0.005184610231797787	0.02216014023744254
log-power-n1n2.mapjitter.klw.tn0.1	Risky first	20.0	2.021457235020777	dp_full	-0.013696535195150837	0.00489366432063338	0.022407607894608262
log-power-n1n2.mapjitter.klw.tn0.1	Risky first	20.0	2.0777090542589844	dp_full	-0.014613628633303332	0.004796381745558853	0.0231824810237313
log-power-n1n2.mapjitter.klw.tn0.1	Risky first	20.0	2.1355262131505808	dp_full	-0.015726203307979136	0.004756285754603606	0.023888395425209572
log-power-n1n2.mapjitter.klw.tn0.1	Risky first	20.0	2.1949522709664246	dp_full	-0.016486190108954624	0.004674853406405468	0.024899429645805393
log-power-n1n2.mapjitter.klw.tn0.1	Risky first	20.0	2.256031999116908	dp_full	-0.01739352569243181	0.004742228109240765	0.026123341768216683
log-power-n1n2.mapjitter.klw.tn0.1	Risky first	20.0	2.3188114148826	dp_full	-0.018403699989928766	0.0049315674228741935	0.02723903809848741
log-power-n1n2.mapjitter.klw.tn0.1	Risky first	20.0	2.3833378160835275	dp_full	-0.01888750975786082	0.00521066768576086	0.028671575120060327
log-power-n1n2.mapjitter.klw.tn0.1	Risky first	20.0	2.4496598167132055	dp_full	-0.01939818524071833	0.005745364911331338	0.030023117144350023
log-power-n1n2.mapjitter.klw.tn0.1	Risky first	20.0	2.5178273835642724	dp_full	-0.019753054879104642	0.006364167924844012	0.03144186895423944
log-power-n1n2.mapjitter.klw.tn0.1	Risky first	20.0	2.58789187387332	dp_full	-0.019869171681418184	0.006960932703221467	0.03310951903495699
log-power-n1n2.mapjitter.klw.tn0.1	Risky first	20.0	2.659906074013276	dp_full	-0.01975643401376153	0.007705620764706618	0.03477468820350325
log-power-n1n2.mapjitter.klw.tn0.1	Risky first	20.0	2.7339242392624983	dp_full	-0.020052237078198143	0.008696803856916163	0.03659088386164396
log-power-n1n2.mapjitter.klw.tn0.1	Risky first	20.0	2.8100021346805373	dp_full	-0.019954979986908875	0.009701234805496822	0.038686076361068335
log-power-n1n2.mapjitter.klw.tn0.1	Risky first	20.0	2.8881970771213568	dp_full	-0.019664781596379067	0.010857930131202814	0.04089400551431037
log-power-n1n2.mapjitter.klw.tn0.1	Risky first	20.0	2.9685679784156793	dp_full	-0.019045737630881566	0.012094064346427605	0.04293260546332748
log-power-n1n2.mapjitter.klw.tn0.1	Risky first	20.0	3.051175389754982	dp_full	-0.01844597773219209	0.013411707860932091	0.04511155702577268
log-power-n1n2.mapjitter.klw.tn0.1	Risky first	20.0	3.1360815473105736	dp_full	-0.017623736099433265	0.014743459530659905	0.0474785044325783
log-power-n1n2.mapjitter.klw.tn0.1	Risky first	20.0	3.2233504191221405	dp_full	-0.017047575440336613	0.016266975532372746	0.04988487009566089
log-power-n1n2.mapjitter.klw.tn0.1	Risky first	20.0	3.31304775329107	dp_full	-0.01574989214726502	0.017944046535634476	0.052374152465785764
log-power-n1n2.mapjitter.klw.tn0.1	Risky first	20.0	3.40524112751487	dp_full	-0.014592175416659692	0.01962444984442667	0.05433998118945554
log-power-n1n2.mapjitter.klw.tn0.1	Risky first	20.0	3.5000000000000004	dp_full	-0.013590508732745721	0.021343389649033616	0.05657598923732705
log-power-n1n2.mapjitter.klw.tn0.1	Risky first	20.0	1.2	dp_bias	-0.009917454812968973	0.005642979064829129	0.0220053066899213
log-power-n1n2.mapjitter.klw.tn0.1	Risky first	20.0	1.233392832614218	dp_bias	-0.009794119750012063	0.006075878444892166	0.022839962248673816
log-power-n1n2.mapjitter.klw.tn0.1	Risky first	20.0	1.267714899620104	dp_bias	-0.009711945667498823	0.00650130940888923	0.023621089308010126
log-power-n1n2.mapjitter.klw.tn0.1	Risky first	20.0	1.3029920591580744	dp_bias	-0.00959451536476239	0.006878699453902848	0.02411679765599461
log-power-n1n2.mapjitter.klw.tn0.1	Risky first	20.0	1.339250888932342	dp_bias	-0.00947519191468023	0.007181639359898564	0.024588444270448293
log-power-n1n2.mapjitter.klw.tn0.1	Risky first	20.0	1.3765187062344757	dp_bias	-0.009392477033295788	0.007432684990387203	0.024845258291351265
log-power-n1n2.mapjitter.klw.tn0.1	Risky first	20.0	1.4148235885241658	dp_bias	-0.009453164386296568	0.007674772769000471	0.025248260531517776
log-power-n1n2.mapjitter.klw.tn0.1	Risky first	20.0	1.454194394582695	dp_bias	-0.009377108148817776	0.007788136345503746	0.02532923908995941
log-power-n1n2.mapjitter.klw.tn0.1	Risky first	20.0	1.4946607862550567	dp_bias	-0.009504754231573685	0.007881302427614336	0.02553688531299028
log-power-n1n2.mapjitter.klw.tn0.1	Risky first	20.0	1.5362532507970992	dp_bias	-0.009650424054248348	0.007963891364729588	0.02562314251593616
log-power-n1n2.mapjitter.klw.tn0.1	Risky first	20.0	1.579003123844529	dp_bias	-0.009879388568107597	0.007881943577651561	0.025411656999440386
log-power-n1n2.mapjitter.klw.tn0.1	Risky first	20.0	1.6229426130210856	dp_bias	-0.010099191097466738	0.007707008269625328	0.02522687372868655
log-power-n1n2.mapjitter.klw.tn0.1	Risky first	20.0	1.6681048222036647	dp_bias	-0.010390853621892682	0.007532777397032956	0.025040390709194782
log-power-n1n2.mapjitter.klw.tn0.1	Risky first	20.0	1.714523776462679	dp_bias	-0.010875942086597364	0.007264604545574788	0.02473568522622063
log-power-n1n2.mapjitter.klw.tn0.1	Risky first	20.0	1.7622344476964418	dp_bias	-0.011302107647942672	0.006956663026976248	0.0243831889215611
log-power-n1n2.mapjitter.klw.tn0.1	Risky first	20.0	1.8112727809788889	dp_bias	-0.011794930858423341	0.006629749553930888	0.023904065475168025
log-power-n1n2.mapjitter.klw.tn0.1	Risky first	20.0	1.861675721640487	dp_bias	-0.01216504374648865	0.006255371948422202	0.023684971944057935
log-power-n1n2.mapjitter.klw.tn0.1	Risky first	20.0	1.9134812431027324	dp_bias	-0.012879872999275673	0.005813354298394592	0.02352431890298063
log-power-n1n2.mapjitter.klw.tn0.1	Risky first	20.0	1.9667283754872122	dp_bias	-0.013450010095227805	0.005378894700450405	0.023271217559433215
log-power-n1n2.mapjitter.klw.tn0.1	Risky first	20.0	2.021457235020777	dp_bias	-0.014388009846219919	0.004980307388665317	0.023012133335266857
log-power-n1n2.mapjitter.klw.tn0.1	Risky first	20.0	2.0777090542589844	dp_bias	-0.015168821738006365	0.004627095757360441	0.022926711500364176
log-power-n1n2.mapjitter.klw.tn0.1	Risky first	20.0	2.1355262131505808	dp_bias	-0.01585466910172964	0.004336721005268487	0.02292960776484199
log-power-n1n2.mapjitter.klw.tn0.1	Risky first	20.0	2.1949522709664246	dp_bias	-0.016499454913346857	0.003991541346461892	0.0230557269896462
log-power-n1n2.mapjitter.klw.tn0.1	Risky first	20.0	2.256031999116908	dp_bias	-0.017134521717793963	0.0037979257875981423	0.02336409657499591
log-power-n1n2.mapjitter.klw.tn0.1	Risky first	20.0	2.3188114148826	dp_bias	-0.017720751201248233	0.0036323265714532354	0.02351156019100347
log-power-n1n2.mapjitter.klw.tn0.1	Risky first	20.0	2.3833378160835275	dp_bias	-0.018265014490306337	0.0035587094877324653	0.02406399029198609
log-power-n1n2.mapjitter.klw.tn0.1	Risky first	20.0	2.4496598167132055	dp_bias	-0.018726209120216934	0.003518480727212558	0.024429729884057727
log-power-n1n2.mapjitter.klw.tn0.1	Risky first	20.0	2.5178273835642724	dp_bias	-0.018936133666193088	0.003647502444836785	0.02507997837880237
log-power-n1n2.mapjitter.klw.tn0.1	Risky first	20.0	2.58789187387332	dp_bias	-0.01908462550108328	0.0038365433052074166	0.025623748870027167
log-power-n1n2.mapjitter.klw.tn0.1	Risky first	20.0	2.659906074013276	dp_bias	-0.019083215297240937	0.004225468069974333	0.02652058258066002
log-power-n1n2.mapjitter.klw.tn0.1	Risky first	20.0	2.7339242392624983	dp_bias	-0.018858072223213868	0.00464707519387215	0.027299920524685037
log-power-n1n2.mapjitter.klw.tn0.1	Risky first	20.0	2.8100021346805373	dp_bias	-0.018548289630790173	0.005206543710053026	0.028357082752771844
log-power-n1n2.mapjitter.klw.tn0.1	Risky first	20.0	2.8881970771213568	dp_bias	-0.01833862379482609	0.005862073560948103	0.029337001743726266
log-power-n1n2.mapjitter.klw.tn0.1	Risky first	20.0	2.9685679784156793	dp_bias	-0.018048662738478282	0.006675398626362507	0.030331958672949445
log-power-n1n2.mapjitter.klw.tn0.1	Risky first	20.0	3.051175389754982	dp_bias	-0.017484192662616613	0.007642250255947662	0.03170804152126553
log-power-n1n2.mapjitter.klw.tn0.1	Risky first	20.0	3.1360815473105736	dp_bias	-0.016659107903402037	0.008757039266030182	0.03303791821958189
log-power-n1n2.mapjitter.klw.tn0.1	Risky first	20.0	3.2233504191221405	dp_bias	-0.01587119630877785	0.009888451687929543	0.034808060888542235
log-power-n1n2.mapjitter.klw.tn0.1	Risky first	20.0	3.31304775329107	dp_bias	-0.01497269088923177	0.01115756755970314	0.03645354929536377
log-power-n1n2.mapjitter.klw.tn0.1	Risky first	20.0	3.40524112751487	dp_bias	-0.013925878261195507	0.012525718115339507	0.03830851878077191
log-power-n1n2.mapjitter.klw.tn0.1	Risky first	20.0	3.5000000000000004	dp_bias	-0.012816928493253665	0.013907822812772239	0.04017153103011578
log-power-n1n2.mapjitter.klw.tn0.1	Risky first	20.0	1.2	dp_scale	-0.004513936608929669	0.006807153428014485	0.019187615617850387
log-power-n1n2.mapjitter.klw.tn0.1	Risky first	20.0	1.233392832614218	dp_scale	-0.004308928920744552	0.006997605797095801	0.019310624620967304
log-power-n1n2.mapjitter.klw.tn0.1	Risky first	20.0	1.267714899620104	dp_scale	-0.004193487359408681	0.00708755996287595	0.019236002519073758
log-power-n1n2.mapjitter.klw.tn0.1	Risky first	20.0	1.3029920591580744	dp_scale	-0.004136842987475345	0.007036947833032836	0.019015255534195252
log-power-n1n2.mapjitter.klw.tn0.1	Risky first	20.0	1.339250888932342	dp_scale	-0.004076764119379325	0.006954824732240085	0.018719677029257635
log-power-n1n2.mapjitter.klw.tn0.1	Risky first	20.0	1.3765187062344757	dp_scale	-0.004075721296025285	0.006744269305245592	0.018371236432441266
log-power-n1n2.mapjitter.klw.tn0.1	Risky first	20.0	1.4148235885241658	dp_scale	-0.004105820464226663	0.006401589846874072	0.017870436749008962
log-power-n1n2.mapjitter.klw.tn0.1	Risky first	20.0	1.454194394582695	dp_scale	-0.004248193542207221	0.006017323243869301	0.017176694147785148
log-power-n1n2.mapjitter.klw.tn0.1	Risky first	20.0	1.4946607862550567	dp_scale	-0.004356289889916559	0.005533100268424488	0.016328630571857322
log-power-n1n2.mapjitter.klw.tn0.1	Risky first	20.0	1.5362532507970992	dp_scale	-0.004790767659833678	0.004916398920577	0.01520695467851714
log-power-n1n2.mapjitter.klw.tn0.1	Risky first	20.0	1.579003123844529	dp_scale	-0.005168686248442715	0.004217157253229057	0.013931784267090033
log-power-n1n2.mapjitter.klw.tn0.1	Risky first	20.0	1.6229426130210856	dp_scale	-0.005595097141924443	0.0033931915118452097	0.012649699363831087
log-power-n1n2.mapjitter.klw.tn0.1	Risky first	20.0	1.6681048222036647	dp_scale	-0.0061391338083790735	0.0024652072104084854	0.011324438085358974
log-power-n1n2.mapjitter.klw.tn0.1	Risky first	20.0	1.714523776462679	dp_scale	-0.006870061321640033	0.0014909236091133664	0.009958496812662669
log-power-n1n2.mapjitter.klw.tn0.1	Risky first	20.0	1.7622344476964418	dp_scale	-0.007663061289457409	0.0004508434874070516	0.008659629345968704
log-power-n1n2.mapjitter.klw.tn0.1	Risky first	20.0	1.8112727809788889	dp_scale	-0.008654368039331818	-0.0005968970827270072	0.007329599907140278
log-power-n1n2.mapjitter.klw.tn0.1	Risky first	20.0	1.861675721640487	dp_scale	-0.009769886641940563	-0.0016959314779906812	0.0060655266706451175
log-power-n1n2.mapjitter.klw.tn0.1	Risky first	20.0	1.9134812431027324	dp_scale	-0.01107776678497313	-0.002782214915829642	0.004887999023257723
log-power-n1n2.mapjitter.klw.tn0.1	Risky first	20.0	1.9667283754872122	dp_scale	-0.012423182937092181	-0.003943241600144816	0.004002852632621825
log-power-n1n2.mapjitter.klw.tn0.1	Risky first	20.0	2.021457235020777	dp_scale	-0.013871793886201073	-0.004999055936868543	0.0031265500302088568
log-power-n1n2.mapjitter.klw.tn0.1	Risky first	20.0	2.0777090542589844	dp_scale	-0.0152004592455388	-0.0060524922620192895	0.002376952614330406
log-power-n1n2.mapjitter.klw.tn0.1	Risky first	20.0	2.1355262131505808	dp_scale	-0.016659101903173892	-0.006970624194960529	0.001702941245913457
log-power-n1n2.mapjitter.klw.tn0.1	Risky first	20.0	2.1949522709664246	dp_scale	-0.01796729050019491	-0.007884926366716592	0.0010274060617567863
log-power-n1n2.mapjitter.klw.tn0.1	Risky first	20.0	2.256031999116908	dp_scale	-0.019312449356652578	-0.008689694410429183	0.0005116702145765288
log-power-n1n2.mapjitter.klw.tn0.1	Risky first	20.0	2.3188114148826	dp_scale	-0.020371630150184925	-0.009393732107805804	0.0002139201583073845
log-power-n1n2.mapjitter.klw.tn0.1	Risky first	20.0	2.3833378160835275	dp_scale	-0.02136188931717141	-0.010070218364207056	-5.557091499237276e-05
log-power-n1n2.mapjitter.klw.tn0.1	Risky first	20.0	2.4496598167132055	dp_scale	-0.022356838543874075	-0.010651771820089563	-0.00035465633927252887
log-power-n1n2.mapjitter.klw.tn0.1	Risky first	20.0	2.5178273835642724	dp_scale	-0.02305609173639045	-0.011129379090994875	-0.0005252220607365639
log-power-n1n2.mapjitter.klw.tn0.1	Risky first	20.0	2.58789187387332	dp_scale	-0.023625084279478226	-0.011507135499943387	-0.0006074255999160712
log-power-n1n2.mapjitter.klw.tn0.1	Risky first	20.0	2.659906074013276	dp_scale	-0.02405692570199576	-0.011775787471708321	-0.0005971497491856582
log-power-n1n2.mapjitter.klw.tn0.1	Risky first	20.0	2.7339242392624983	dp_scale	-0.024496995499179167	-0.011974396528773527	-0.0005336816270215847
log-power-n1n2.mapjitter.klw.tn0.1	Risky first	20.0	2.8100021346805373	dp_scale	-0.02472153142544683	-0.012067676429210503	-0.000491768272265685
log-power-n1n2.mapjitter.klw.tn0.1	Risky first	20.0	2.8881970771213568	dp_scale	-0.02498570320419345	-0.012114448714047817	-0.00032047603158225167
log-power-n1n2.mapjitter.klw.tn0.1	Risky first	20.0	2.9685679784156793	dp_scale	-0.02511772378857158	-0.012067618300789236	-0.00013830537072428357
log-power-n1n2.mapjitter.klw.tn0.1	Risky first	20.0	3.051175389754982	dp_scale	-0.02498540961470797	-0.012002123011003927	-3.847204227474097e-05
log-power-n1n2.mapjitter.klw.tn0.1	Risky first	20.0	3.1360815473105736	dp_scale	-0.024856705000938447	-0.011852899570777977	0.0003206744279489019
log-power-n1n2.mapjitter.klw.tn0.1	Risky first	20.0	3.2233504191221405	dp_scale	-0.024558727106845472	-0.011599310098274782	0.0006116667407630861
log-power-n1n2.mapjitter.klw.tn0.1	Risky first	20.0	3.31304775329107	dp_scale	-0.02428508941135807	-0.011322688880081986	0.0008685971775594097
log-power-n1n2.mapjitter.klw.tn0.1	Risky first	20.0	3.40524112751487	dp_scale	-0.02400370313580555	-0.010943811104314628	0.0012371295610238964
log-power-n1n2.mapjitter.klw.tn0.1	Risky first	20.0	3.5000000000000004	dp_scale	-0.023637163716594814	-0.010583611796162355	0.0017396776066660301
log-power-n1n2.mapjitter.klw.tn0.1	Risky first	20.0	1.2	dp_interaction	-0.009352290437521352	-0.004750366564412038	-0.001954967847358447
log-power-n1n2.mapjitter.klw.tn0.1	Risky first	20.0	1.233392832614218	dp_interaction	-0.009892486916663753	-0.005090138220576211	-0.0021059567021026316
log-power-n1n2.mapjitter.klw.tn0.1	Risky first	20.0	1.267714899620104	dp_interaction	-0.010354753350205434	-0.005374723162108446	-0.0022582955271949635
log-power-n1n2.mapjitter.klw.tn0.1	Risky first	20.0	1.3029920591580744	dp_interaction	-0.010727430662075618	-0.005560104282816364	-0.002344373204753813
log-power-n1n2.mapjitter.klw.tn0.1	Risky first	20.0	1.339250888932342	dp_interaction	-0.01097082829729008	-0.005665329992483162	-0.002351933347347648
log-power-n1n2.mapjitter.klw.tn0.1	Risky first	20.0	1.3765187062344757	dp_interaction	-0.011051447591327446	-0.00567196498100324	-0.002280970182292457
log-power-n1n2.mapjitter.klw.tn0.1	Risky first	20.0	1.4148235885241658	dp_interaction	-0.010938429653488662	-0.005588337532834522	-0.002129803646054896
log-power-n1n2.mapjitter.klw.tn0.1	Risky first	20.0	1.454194394582695	dp_interaction	-0.010638642602066109	-0.005377900352462134	-0.0019174229516428117
log-power-n1n2.mapjitter.klw.tn0.1	Risky first	20.0	1.4946607862550567	dp_interaction	-0.010273015522618277	-0.005044636322122339	-0.001589733476078851
log-power-n1n2.mapjitter.klw.tn0.1	Risky first	20.0	1.5362532507970992	dp_interaction	-0.009643211178402486	-0.004614797766485016	-0.0012006301000569968
log-power-n1n2.mapjitter.klw.tn0.1	Risky first	20.0	1.579003123844529	dp_interaction	-0.008820396886849267	-0.004056934484784761	-0.000667913286760488
log-power-n1n2.mapjitter.klw.tn0.1	Risky first	20.0	1.6229426130210856	dp_interaction	-0.007964355248677753	-0.0033709909247751427	-1.7808430335876495e-05
log-power-n1n2.mapjitter.klw.tn0.1	Risky first	20.0	1.6681048222036647	dp_interaction	-0.00711691371704787	-0.0025917664411322498	0.0007377814972209365
log-power-n1n2.mapjitter.klw.tn0.1	Risky first	20.0	1.714523776462679	dp_interaction	-0.006053903444242908	-0.001719348809087643	0.001741596471286898
log-power-n1n2.mapjitter.klw.tn0.1	Risky first	20.0	1.7622344476964418	dp_interaction	-0.004867331863608783	-0.0007670529758856907	0.002842590892124972
log-power-n1n2.mapjitter.klw.tn0.1	Risky first	20.0	1.8112727809788889	dp_interaction	-0.0037753386220640904	0.0002774331409810205	0.0040738821739923214
log-power-n1n2.mapjitter.klw.tn0.1	Risky first	20.0	1.861675721640487	dp_interaction	-0.0026817752787035524	0.0013855951388653978	0.005448076996583468
log-power-n1n2.mapjitter.klw.tn0.1	Risky first	20.0	1.9134812431027324	dp_interaction	-0.0015976979754421792	0.002542238961697736	0.006916538441771399
log-power-n1n2.mapjitter.klw.tn0.1	Risky first	20.0	1.9667283754872122	dp_interaction	-0.00045702041808587916	0.0036993294730578276	0.00851033085515326
log-power-n1n2.mapjitter.klw.tn0.1	Risky first	20.0	2.021457235020777	dp_interaction	0.0005741844631214023	0.004915396523952981	0.01013490074926988
log-power-n1n2.mapjitter.klw.tn0.1	Risky first	20.0	2.0777090542589844	dp_interaction	0.0015513900457740206	0.006131738911653036	0.011759176979325811
log-power-n1n2.mapjitter.klw.tn0.1	Risky first	20.0	2.1355262131505808	dp_interaction	0.002477335306918241	0.007338801662425982	0.013462200479355885
log-power-n1n2.mapjitter.klw.tn0.1	Risky first	20.0	2.1949522709664246	dp_interaction	0.0035319307477766405	0.008532014630950612	0.015094709370730854
log-power-n1n2.mapjitter.klw.tn0.1	Risky first	20.0	2.256031999116908	dp_interaction	0.004443693262539122	0.00970225352264954	0.016628261843253
log-power-n1n2.mapjitter.klw.tn0.1	Risky first	20.0	2.3188114148826	dp_interaction	0.005328410646204086	0.01079967938821617	0.0180414167408805
log-power-n1n2.mapjitter.klw.tn0.1	Risky first	20.0	2.3833378160835275	dp_interaction	0.0061512733288821	0.011834565651986578	0.019424099650815006
log-power-n1n2.mapjitter.klw.tn0.1	Risky first	20.0	2.4496598167132055	dp_interaction	0.006909373821465241	0.01283974145839472	0.02060390834038122
log-power-n1n2.mapjitter.klw.tn0.1	Risky first	20.0	2.5178273835642724	dp_interaction	0.007541346738305675	0.013752274622962652	0.021834381619259137
log-power-n1n2.mapjitter.klw.tn0.1	Risky first	20.0	2.58789187387332	dp_interaction	0.008184789035931785	0.014581839556723607	0.02303148519624228
log-power-n1n2.mapjitter.klw.tn0.1	Risky first	20.0	2.659906074013276	dp_interaction	0.008660954923606018	0.01533329439905088	0.024035520981468026
log-power-n1n2.mapjitter.klw.tn0.1	Risky first	20.0	2.7339242392624983	dp_interaction	0.009183000851194013	0.015988605107888406	0.02496662237717544
log-power-n1n2.mapjitter.klw.tn0.1	Risky first	20.0	2.8100021346805373	dp_interaction	0.00956526308142064	0.016566783541634815	0.025699215200290934
log-power-n1n2.mapjitter.klw.tn0.1	Risky first	20.0	2.8881970771213568	dp_interaction	0.009832104024592418	0.017026216657353974	0.026351385843939503
log-power-n1n2.mapjitter.klw.tn0.1	Risky first	20.0	2.9685679784156793	dp_interaction	0.010061925904536298	0.017341671867311136	0.026929366749061615
log-power-n1n2.mapjitter.klw.tn0.1	Risky first	20.0	3.051175389754982	dp_interaction	0.01017053952888858	0.017594121848822614	0.02726512436433342
log-power-n1n2.mapjitter.klw.tn0.1	Risky first	20.0	3.1360815473105736	dp_interaction	0.010206392228767435	0.01775268266338876	0.027704107215474717
log-power-n1n2.mapjitter.klw.tn0.1	Risky first	20.0	3.2233504191221405	dp_interaction	0.010039477447524517	0.017838625809008517	0.027906280545737062
log-power-n1n2.mapjitter.klw.tn0.1	Risky first	20.0	3.31304775329107	dp_interaction	0.00997923890450248	0.017817866133097934	0.028060732545770524
log-power-n1n2.mapjitter.klw.tn0.1	Risky first	20.0	3.40524112751487	dp_interaction	0.009707902181362959	0.017749131293392253	0.028235876888442434
log-power-n1n2.mapjitter.klw.tn0.1	Risky first	20.0	3.5000000000000004	dp_interaction	0.00942764396437894	0.017573385770460026	0.02817513322982091
log-power-n1n2.mapjitter.klw.tn0.1	Risky first	20.0	1.2	num_shift	-0.021396124612401084	0.0006029044361576443	0.021001821733287327
log-power-n1n2.mapjitter.klw.tn0.1	Risky first	20.0	1.233392832614218	num_shift	-0.021259941147548624	0.0008482743760698035	0.021415095735201013
log-power-n1n2.mapjitter.klw.tn0.1	Risky first	20.0	1.267714899620104	num_shift	-0.02113134401646784	0.0011453104070827582	0.021599709765257324
log-power-n1n2.mapjitter.klw.tn0.1	Risky first	20.0	1.3029920591580744	num_shift	-0.02080104183947352	0.0014680914359572932	0.02207916745167781
log-power-n1n2.mapjitter.klw.tn0.1	Risky first	20.0	1.339250888932342	num_shift	-0.0203976178517341	0.001825369477686414	0.02267066222573065
log-power-n1n2.mapjitter.klw.tn0.1	Risky first	20.0	1.3765187062344757	num_shift	-0.020076262025282336	0.0022928245483003293	0.02293828379522307
log-power-n1n2.mapjitter.klw.tn0.1	Risky first	20.0	1.4148235885241658	num_shift	-0.019857227387267112	0.0027812575644479394	0.02348666668966589
log-power-n1n2.mapjitter.klw.tn0.1	Risky first	20.0	1.454194394582695	num_shift	-0.019181697982719237	0.0032992596144008693	0.024054720855823487
log-power-n1n2.mapjitter.klw.tn0.1	Risky first	20.0	1.4946607862550567	num_shift	-0.01864859917199032	0.0037858145380448285	0.02474942032932079
log-power-n1n2.mapjitter.klw.tn0.1	Risky first	20.0	1.5362532507970992	num_shift	-0.018166603376626	0.004359895761223986	0.02523326866676778
log-power-n1n2.mapjitter.klw.tn0.1	Risky first	20.0	1.579003123844529	num_shift	-0.017390110466815135	0.004910160495845157	0.025990711616928303
log-power-n1n2.mapjitter.klw.tn0.1	Risky first	20.0	1.6229426130210856	num_shift	-0.01672415259688216	0.00561530344902378	0.026555310985687735
log-power-n1n2.mapjitter.klw.tn0.1	Risky first	20.0	1.6681048222036647	num_shift	-0.016206526791376415	0.006240074244944509	0.027020491199616407
log-power-n1n2.mapjitter.klw.tn0.1	Risky first	20.0	1.714523776462679	num_shift	-0.015615110648584491	0.0068462455003625265	0.027746952646696924
log-power-n1n2.mapjitter.klw.tn0.1	Risky first	20.0	1.7622344476964418	num_shift	-0.014765356382663795	0.007582155218562642	0.028531629895914453
log-power-n1n2.mapjitter.klw.tn0.1	Risky first	20.0	1.8112727809788889	num_shift	-0.014077460626255317	0.008318837666402717	0.029323622794184188
log-power-n1n2.mapjitter.klw.tn0.1	Risky first	20.0	1.861675721640487	num_shift	-0.01358771146691723	0.009122932150243455	0.03037134233030413
log-power-n1n2.mapjitter.klw.tn0.1	Risky first	20.0	1.9134812431027324	num_shift	-0.01293042811625393	0.010055121358182957	0.031580639672045274
log-power-n1n2.mapjitter.klw.tn0.1	Risky first	20.0	1.9667283754872122	num_shift	-0.012432336508037673	0.010947495897419314	0.03286144806853119
log-power-n1n2.mapjitter.klw.tn0.1	Risky first	20.0	2.021457235020777	num_shift	-0.011926400422368734	0.011854708825501797	0.034229720670476325
log-power-n1n2.mapjitter.klw.tn0.1	Risky first	20.0	2.0777090542589844	num_shift	-0.011215734678141315	0.01285853187231904	0.03548606881094943
log-power-n1n2.mapjitter.klw.tn0.1	Risky first	20.0	2.1355262131505808	num_shift	-0.010663046987130834	0.013773740252575075	0.0369642165343917
log-power-n1n2.mapjitter.klw.tn0.1	Risky first	20.0	2.1949522709664246	num_shift	-0.009787853451503273	0.014818938128676407	0.038571501891745914
log-power-n1n2.mapjitter.klw.tn0.1	Risky first	20.0	2.256031999116908	num_shift	-0.00917673047035591	0.01596720347652813	0.04025932699865478
log-power-n1n2.mapjitter.klw.tn0.1	Risky first	20.0	2.3188114148826	num_shift	-0.00893975085017671	0.017145011106227764	0.04196399828237794
log-power-n1n2.mapjitter.klw.tn0.1	Risky first	20.0	2.3833378160835275	num_shift	-0.008029423112203503	0.018274812398033517	0.04394633066490949
log-power-n1n2.mapjitter.klw.tn0.1	Risky first	20.0	2.4496598167132055	num_shift	-0.00754810864186048	0.01945423821932562	0.046070615473453244
log-power-n1n2.mapjitter.klw.tn0.1	Risky first	20.0	2.5178273835642724	num_shift	-0.006782663500664931	0.02077205441688725	0.04803919979433962
log-power-n1n2.mapjitter.klw.tn0.1	Risky first	20.0	2.58789187387332	num_shift	-0.0064326596903264855	0.021958452374464567	0.050125488902459533
log-power-n1n2.mapjitter.klw.tn0.1	Risky first	20.0	2.659906074013276	num_shift	-0.005842741191703401	0.023276361571736362	0.05228342980334656
log-power-n1n2.mapjitter.klw.tn0.1	Risky first	20.0	2.7339242392624983	num_shift	-0.005578661458141818	0.024637598570246534	0.054714478781642206
log-power-n1n2.mapjitter.klw.tn0.1	Risky first	20.0	2.8100021346805373	num_shift	-0.005212029765006785	0.026123145513666	0.05709387259371771
log-power-n1n2.mapjitter.klw.tn0.1	Risky first	20.0	2.8881970771213568	num_shift	-0.005101794827831552	0.02756358092385208	0.05969402975615352
log-power-n1n2.mapjitter.klw.tn0.1	Risky first	20.0	2.9685679784156793	num_shift	-0.004538979472446378	0.029099441457961533	0.06251523067324524
log-power-n1n2.mapjitter.klw.tn0.1	Risky first	20.0	3.051175389754982	num_shift	-0.00423747700094528	0.03074182823204072	0.06528943230168542
log-power-n1n2.mapjitter.klw.tn0.1	Risky first	20.0	3.1360815473105736	num_shift	-0.003903129800905524	0.03238854036110804	0.06833338572873428
log-power-n1n2.mapjitter.klw.tn0.1	Risky first	20.0	3.2233504191221405	num_shift	-0.0036007217052252817	0.034040865717159696	0.07126736852768314
log-power-n1n2.mapjitter.klw.tn0.1	Risky first	20.0	3.31304775329107	num_shift	-0.0034775770252089473	0.035830105452340805	0.07442883493430058
log-power-n1n2.mapjitter.klw.tn0.1	Risky first	20.0	3.40524112751487	num_shift	-0.0027015577588109527	0.037586238093691916	0.07767937657948061
log-power-n1n2.mapjitter.klw.tn0.1	Risky first	20.0	3.5000000000000004	num_shift	-0.002198296803602162	0.039361490981083935	0.08069457535063444
log-power-n1n2.mapjitter.klw.tn0.1	Risky first	20.0	1.2	den_ratio	0.9965483163759953	1.059494693748762	1.1298285988436447
log-power-n1n2.mapjitter.klw.tn0.1	Risky first	20.0	1.233392832614218	den_ratio	0.9953089930961412	1.0586492077286378	1.1287637777304063
log-power-n1n2.mapjitter.klw.tn0.1	Risky first	20.0	1.267714899620104	den_ratio	0.9942281026780336	1.057725140884324	1.1280169667442557
log-power-n1n2.mapjitter.klw.tn0.1	Risky first	20.0	1.3029920591580744	den_ratio	0.9936125581382518	1.056803101328996	1.1269807674707673
log-power-n1n2.mapjitter.klw.tn0.1	Risky first	20.0	1.339250888932342	den_ratio	0.9929440394756894	1.0558722247048613	1.125992524609901
log-power-n1n2.mapjitter.klw.tn0.1	Risky first	20.0	1.3765187062344757	den_ratio	0.9923378471224785	1.0549263433000116	1.1248518090060782
log-power-n1n2.mapjitter.klw.tn0.1	Risky first	20.0	1.4148235885241658	den_ratio	0.9915584670115223	1.054099930044015	1.1240484087446212
log-power-n1n2.mapjitter.klw.tn0.1	Risky first	20.0	1.454194394582695	den_ratio	0.9904482241391327	1.0530435415139086	1.1231320097955366
log-power-n1n2.mapjitter.klw.tn0.1	Risky first	20.0	1.4946607862550567	den_ratio	0.989205602472194	1.0521265350204487	1.1222097115818666
log-power-n1n2.mapjitter.klw.tn0.1	Risky first	20.0	1.5362532507970992	den_ratio	0.988149670332623	1.0511969333784177	1.1212893226227856
log-power-n1n2.mapjitter.klw.tn0.1	Risky first	20.0	1.579003123844529	den_ratio	0.9870271828888122	1.050161549926058	1.1207935581814874
log-power-n1n2.mapjitter.klw.tn0.1	Risky first	20.0	1.6229426130210856	den_ratio	0.985720859782715	1.0493917080233057	1.1204633727718087
log-power-n1n2.mapjitter.klw.tn0.1	Risky first	20.0	1.6681048222036647	den_ratio	0.9844667272612723	1.048425829549945	1.1198956972982792
log-power-n1n2.mapjitter.klw.tn0.1	Risky first	20.0	1.714523776462679	den_ratio	0.9832872338199797	1.0477713349512718	1.11935156891135
log-power-n1n2.mapjitter.klw.tn0.1	Risky first	20.0	1.7622344476964418	den_ratio	0.9819218678318244	1.0470752882557703	1.1189733160430297
log-power-n1n2.mapjitter.klw.tn0.1	Risky first	20.0	1.8112727809788889	den_ratio	0.9805822321985465	1.0460700553055233	1.1180455507621185
log-power-n1n2.mapjitter.klw.tn0.1	Risky first	20.0	1.861675721640487	den_ratio	0.9795384515815534	1.045213339120395	1.117185307577844
log-power-n1n2.mapjitter.klw.tn0.1	Risky first	20.0	1.9134812431027324	den_ratio	0.9778804940665903	1.0443654849720696	1.116777970749903
log-power-n1n2.mapjitter.klw.tn0.1	Risky first	20.0	1.9667283754872122	den_ratio	0.976354022887765	1.0435896742368498	1.116058464664958
log-power-n1n2.mapjitter.klw.tn0.1	Risky first	20.0	2.021457235020777	den_ratio	0.9752454287049792	1.0427356843308444	1.11572919035529
log-power-n1n2.mapjitter.klw.tn0.1	Risky first	20.0	2.0777090542589844	den_ratio	0.9738947830192992	1.0419402853049156	1.115792969671666
log-power-n1n2.mapjitter.klw.tn0.1	Risky first	20.0	2.1355262131505808	den_ratio	0.9723316132133512	1.0410612011611793	1.115261846195274
log-power-n1n2.mapjitter.klw.tn0.1	Risky first	20.0	2.1949522709664246	den_ratio	0.9707187776663454	1.0401377584974325	1.1152076352923188
log-power-n1n2.mapjitter.klw.tn0.1	Risky first	20.0	2.256031999116908	den_ratio	0.9694359349023334	1.0393953539085026	1.1153114342496087
log-power-n1n2.mapjitter.klw.tn0.1	Risky first	20.0	2.3188114148826	den_ratio	0.9681553073111818	1.0384053375862785	1.1156424860762395
log-power-n1n2.mapjitter.klw.tn0.1	Risky first	20.0	2.3833378160835275	den_ratio	0.9666504264540982	1.03760983501612	1.1159790163393022
log-power-n1n2.mapjitter.klw.tn0.1	Risky first	20.0	2.4496598167132055	den_ratio	0.9650560039257614	1.0369081738455366	1.116138377837729
log-power-n1n2.mapjitter.klw.tn0.1	Risky first	20.0	2.5178273835642724	den_ratio	0.9634300980035208	1.0360992007866319	1.1162390667093312
log-power-n1n2.mapjitter.klw.tn0.1	Risky first	20.0	2.58789187387332	den_ratio	0.9618692406609463	1.0350362419133528	1.1166229059021044
log-power-n1n2.mapjitter.klw.tn0.1	Risky first	20.0	2.659906074013276	den_ratio	0.9598969054506284	1.0341267617095986	1.116829605236981
log-power-n1n2.mapjitter.klw.tn0.1	Risky first	20.0	2.7339242392624983	den_ratio	0.9583178072957926	1.0331939887312453	1.1166751220987776
log-power-n1n2.mapjitter.klw.tn0.1	Risky first	20.0	2.8100021346805373	den_ratio	0.9568267707784092	1.0324035724394844	1.1171946978033382
log-power-n1n2.mapjitter.klw.tn0.1	Risky first	20.0	2.8881970771213568	den_ratio	0.9550356868200439	1.031817643106541	1.1174969029340387
log-power-n1n2.mapjitter.klw.tn0.1	Risky first	20.0	2.9685679784156793	den_ratio	0.9533936817430546	1.030836288805661	1.117335065748949
log-power-n1n2.mapjitter.klw.tn0.1	Risky first	20.0	3.051175389754982	den_ratio	0.9514938735512906	1.029920159809474	1.1175597285560825
log-power-n1n2.mapjitter.klw.tn0.1	Risky first	20.0	3.1360815473105736	den_ratio	0.9498907231076031	1.029177499748125	1.117712819899427
log-power-n1n2.mapjitter.klw.tn0.1	Risky first	20.0	3.2233504191221405	den_ratio	0.9484217831370653	1.0284223963258734	1.1182308561344645
log-power-n1n2.mapjitter.klw.tn0.1	Risky first	20.0	3.31304775329107	den_ratio	0.946597810764019	1.0275846714310584	1.1188844196459578
log-power-n1n2.mapjitter.klw.tn0.1	Risky first	20.0	3.40524112751487	den_ratio	0.9449425217155029	1.0269733590588788	1.119472438602082
log-power-n1n2.mapjitter.klw.tn0.1	Risky first	20.0	3.5000000000000004	den_ratio	0.9436331033412662	1.0262596173686105	1.1196188613576044
log-power-n1n2.mapjitter.klw.tn0.1	Risky first	28.0	1.2	p_vertex	0.13997234570725128	0.16359483412164633	0.18880299329199818
log-power-n1n2.mapjitter.klw.tn0.1	Risky first	28.0	1.233392832614218	p_vertex	0.1508867951800224	0.174690312959107	0.19968138071458386
log-power-n1n2.mapjitter.klw.tn0.1	Risky first	28.0	1.267714899620104	p_vertex	0.16215544555119768	0.18611349520811638	0.2111983114133696
log-power-n1n2.mapjitter.klw.tn0.1	Risky first	28.0	1.3029920591580744	p_vertex	0.17416581832443725	0.19807664192899832	0.2230260621157307
log-power-n1n2.mapjitter.klw.tn0.1	Risky first	28.0	1.339250888932342	p_vertex	0.1865152640922094	0.21041478638257827	0.23524723580202306
log-power-n1n2.mapjitter.klw.tn0.1	Risky first	28.0	1.3765187062344757	p_vertex	0.19921072629593986	0.2231866670489503	0.24786191290966605
log-power-n1n2.mapjitter.klw.tn0.1	Risky first	28.0	1.4148235885241658	p_vertex	0.2126420359728466	0.2364265814130741	0.26065856988639496
log-power-n1n2.mapjitter.klw.tn0.1	Risky first	28.0	1.454194394582695	p_vertex	0.22634255841474116	0.24990260695443886	0.27384683792065545
log-power-n1n2.mapjitter.klw.tn0.1	Risky first	28.0	1.4946607862550567	p_vertex	0.2404082763838044	0.26368358005188003	0.28726918838352655
log-power-n1n2.mapjitter.klw.tn0.1	Risky first	28.0	1.5362532507970992	p_vertex	0.2548511721623506	0.2776962838047742	0.3010445398097563
log-power-n1n2.mapjitter.klw.tn0.1	Risky first	28.0	1.579003123844529	p_vertex	0.2698360735240822	0.29204217195024695	0.3151345143117641
log-power-n1n2.mapjitter.klw.tn0.1	Risky first	28.0	1.6229426130210856	p_vertex	0.2846935439005658	0.30677003487162235	0.3296625404069909
log-power-n1n2.mapjitter.klw.tn0.1	Risky first	28.0	1.6681048222036647	p_vertex	0.29941321267251925	0.32158863896467216	0.3441129307155581
log-power-n1n2.mapjitter.klw.tn0.1	Risky first	28.0	1.714523776462679	p_vertex	0.31483571040347086	0.33666726361120747	0.35910241764004786
log-power-n1n2.mapjitter.klw.tn0.1	Risky first	28.0	1.7622344476964418	p_vertex	0.3301442466678697	0.35183721969254234	0.3741843796980539
log-power-n1n2.mapjitter.klw.tn0.1	Risky first	28.0	1.8112727809788889	p_vertex	0.34527264099511074	0.3669361652276654	0.3893738645820271
log-power-n1n2.mapjitter.klw.tn0.1	Risky first	28.0	1.861675721640487	p_vertex	0.3605544662384591	0.3820319764222979	0.40452823503014074
log-power-n1n2.mapjitter.klw.tn0.1	Risky first	28.0	1.9134812431027324	p_vertex	0.3753445822765303	0.39715278721934494	0.4198794570895747
log-power-n1n2.mapjitter.klw.tn0.1	Risky first	28.0	1.9667283754872122	p_vertex	0.39020914563837295	0.41222735080605194	0.4354298862739945
log-power-n1n2.mapjitter.klw.tn0.1	Risky first	28.0	2.021457235020777	p_vertex	0.40465906005296354	0.4270438010132511	0.4506320293461153
log-power-n1n2.mapjitter.klw.tn0.1	Risky first	28.0	2.0777090542589844	p_vertex	0.4187250940185618	0.44183003607352966	0.46619688617222843
log-power-n1n2.mapjitter.klw.tn0.1	Risky first	28.0	2.1355262131505808	p_vertex	0.4329987157846393	0.45636319089343214	0.48132366074859256
log-power-n1n2.mapjitter.klw.tn0.1	Risky first	28.0	2.1949522709664246	p_vertex	0.4464701883257882	0.4706359995563663	0.4961425233794077
log-power-n1n2.mapjitter.klw.tn0.1	Risky first	28.0	2.256031999116908	p_vertex	0.45936779121326216	0.48449802887982285	0.5106810365454949
log-power-n1n2.mapjitter.klw.tn0.1	Risky first	28.0	2.3188114148826	p_vertex	0.47216453579977236	0.49814918789815543	0.5250001295943132
log-power-n1n2.mapjitter.klw.tn0.1	Risky first	28.0	2.3833378160835275	p_vertex	0.4844700636631416	0.5115240807451498	0.5394536998241957
log-power-n1n2.mapjitter.klw.tn0.1	Risky first	28.0	2.4496598167132055	p_vertex	0.4968166010215682	0.5245540166454459	0.5534324920626106
log-power-n1n2.mapjitter.klw.tn0.1	Risky first	28.0	2.5178273835642724	p_vertex	0.5085151186277911	0.5372654746302337	0.567089887202491
log-power-n1n2.mapjitter.klw.tn0.1	Risky first	28.0	2.58789187387332	p_vertex	0.5197943907630133	0.5496204350824895	0.5798922823255812
log-power-n1n2.mapjitter.klw.tn0.1	Risky first	28.0	2.659906074013276	p_vertex	0.5309345855995281	0.5615766419500055	0.5928380731632236
log-power-n1n2.mapjitter.klw.tn0.1	Risky first	28.0	2.7339242392624983	p_vertex	0.5416767116013562	0.5731816279302783	0.6053799975225667
log-power-n1n2.mapjitter.klw.tn0.1	Risky first	28.0	2.8100021346805373	p_vertex	0.5518942334772656	0.5843873967976521	0.6173345663927589
log-power-n1n2.mapjitter.klw.tn0.1	Risky first	28.0	2.8881970771213568	p_vertex	0.5621157953863126	0.5952283784322834	0.6288469275510488
log-power-n1n2.mapjitter.klw.tn0.1	Risky first	28.0	2.9685679784156793	p_vertex	0.5716746046895353	0.6056488532058236	0.6399688579724307
log-power-n1n2.mapjitter.klw.tn0.1	Risky first	28.0	3.051175389754982	p_vertex	0.5806249462970137	0.6158262548148481	0.6506965411953406
log-power-n1n2.mapjitter.klw.tn0.1	Risky first	28.0	3.1360815473105736	p_vertex	0.5893086337742809	0.6255677466692796	0.6612400325646232
log-power-n1n2.mapjitter.klw.tn0.1	Risky first	28.0	3.2233504191221405	p_vertex	0.5977012118281967	0.6349163843778408	0.6712537960041984
log-power-n1n2.mapjitter.klw.tn0.1	Risky first	28.0	3.31304775329107	p_vertex	0.6051383128951112	0.6437658229872443	0.680631048736695
log-power-n1n2.mapjitter.klw.tn0.1	Risky first	28.0	3.40524112751487	p_vertex	0.6127611738988898	0.6522874866584176	0.6894523355795991
log-power-n1n2.mapjitter.klw.tn0.1	Risky first	28.0	3.5000000000000004	p_vertex	0.6201781491398636	0.6603843807694947	0.69837250454933
log-power-n1n2.mapjitter.klw.tn0.1	Risky first	28.0	1.2	p_full	0.1417603428225979	0.16560602372328043	0.19068506373353586
log-power-n1n2.mapjitter.klw.tn0.1	Risky first	28.0	1.233392832614218	p_full	0.15282280186097127	0.17701116248197546	0.2022196348983017
log-power-n1n2.mapjitter.klw.tn0.1	Risky first	28.0	1.267714899620104	p_full	0.1644439443085615	0.18885660269690407	0.21406895949186233
log-power-n1n2.mapjitter.klw.tn0.1	Risky first	28.0	1.3029920591580744	p_full	0.17639832486626517	0.2010899197418053	0.2262873887524127
log-power-n1n2.mapjitter.klw.tn0.1	Risky first	28.0	1.339250888932342	p_full	0.18900030891498565	0.21375785340756331	0.23886875259834717
log-power-n1n2.mapjitter.klw.tn0.1	Risky first	28.0	1.3765187062344757	p_full	0.2019879860230105	0.2267882133303617	0.2518381619247568
log-power-n1n2.mapjitter.klw.tn0.1	Risky first	28.0	1.4148235885241658	p_full	0.21548019393194062	0.2400958287946961	0.26490021309617384
log-power-n1n2.mapjitter.klw.tn0.1	Risky first	28.0	1.454194394582695	p_full	0.22936964716361938	0.25385257743627343	0.27848006137733894
log-power-n1n2.mapjitter.klw.tn0.1	Risky first	28.0	1.4946607862550567	p_full	0.2433582975225629	0.26790200271537756	0.29199366086949863
log-power-n1n2.mapjitter.klw.tn0.1	Risky first	28.0	1.5362532507970992	p_full	0.25781124758714596	0.28216696024147464	0.3058356964166859
log-power-n1n2.mapjitter.klw.tn0.1	Risky first	28.0	1.579003123844529	p_full	0.27264022396254906	0.2967281602195401	0.31983970385958155
log-power-n1n2.mapjitter.klw.tn0.1	Risky first	28.0	1.6229426130210856	p_full	0.28776206054451264	0.3115139885357943	0.3343082608049587
log-power-n1n2.mapjitter.klw.tn0.1	Risky first	28.0	1.6681048222036647	p_full	0.3030737991024338	0.3264438047201099	0.3491998605199245
log-power-n1n2.mapjitter.klw.tn0.1	Risky first	28.0	1.714523776462679	p_full	0.31865350927296093	0.3415197178627013	0.36394811114871745
log-power-n1n2.mapjitter.klw.tn0.1	Risky first	28.0	1.7622344476964418	p_full	0.3339782215437021	0.35679642155162183	0.378705215183765
log-power-n1n2.mapjitter.klw.tn0.1	Risky first	28.0	1.8112727809788889	p_full	0.34948034955653845	0.37208136556653815	0.39392335827944763
log-power-n1n2.mapjitter.klw.tn0.1	Risky first	28.0	1.861675721640487	p_full	0.36494885064989524	0.3875704907607156	0.4092793566170686
log-power-n1n2.mapjitter.klw.tn0.1	Risky first	28.0	1.9134812431027324	p_full	0.3805310961556601	0.40297691627570253	0.42490454573694875
log-power-n1n2.mapjitter.klw.tn0.1	Risky first	28.0	1.9667283754872122	p_full	0.3958495463251391	0.41823468613170667	0.4404751740014013
log-power-n1n2.mapjitter.klw.tn0.1	Risky first	28.0	2.021457235020777	p_full	0.41095885715684244	0.4335037334099765	0.4558630416086061
log-power-n1n2.mapjitter.klw.tn0.1	Risky first	28.0	2.0777090542589844	p_full	0.42619913022096423	0.4487543559795378	0.4715449081346343
log-power-n1n2.mapjitter.klw.tn0.1	Risky first	28.0	2.1355262131505808	p_full	0.44100469278898197	0.46381358989838106	0.4869684683352895
log-power-n1n2.mapjitter.klw.tn0.1	Risky first	28.0	2.1949522709664246	p_full	0.45563304382489994	0.47875992234719866	0.5027462887191486
log-power-n1n2.mapjitter.klw.tn0.1	Risky first	28.0	2.256031999116908	p_full	0.46960071330497	0.49360272623722506	0.5181408652572508
log-power-n1n2.mapjitter.klw.tn0.1	Risky first	28.0	2.3188114148826	p_full	0.48318151978761464	0.5082198796952788	0.5333144434935638
log-power-n1n2.mapjitter.klw.tn0.1	Risky first	28.0	2.3833378160835275	p_full	0.4969060732175447	0.5226839528912932	0.5486557359415629
log-power-n1n2.mapjitter.klw.tn0.1	Risky first	28.0	2.4496598167132055	p_full	0.5103576242178072	0.5369841798482035	0.5636165829805179
log-power-n1n2.mapjitter.klw.tn0.1	Risky first	28.0	2.5178273835642724	p_full	0.5231041333341844	0.5509033498203377	0.5784242489378233
log-power-n1n2.mapjitter.klw.tn0.1	Risky first	28.0	2.58789187387332	p_full	0.5357254270992248	0.5646456360128896	0.5929369927134333
log-power-n1n2.mapjitter.klw.tn0.1	Risky first	28.0	2.659906074013276	p_full	0.5476623794538721	0.5780558084988966	0.607181261708546
log-power-n1n2.mapjitter.klw.tn0.1	Risky first	28.0	2.7339242392624983	p_full	0.5595063681970499	0.5910253144833159	0.6211153791920743
log-power-n1n2.mapjitter.klw.tn0.1	Risky first	28.0	2.8100021346805373	p_full	0.5712291362378112	0.603846547981209	0.6350106163263514
log-power-n1n2.mapjitter.klw.tn0.1	Risky first	28.0	2.8881970771213568	p_full	0.5823969113501064	0.6163711306004233	0.6482453436549622
log-power-n1n2.mapjitter.klw.tn0.1	Risky first	28.0	2.9685679784156793	p_full	0.5933155344433967	0.6285202053089143	0.6614342829750143
log-power-n1n2.mapjitter.klw.tn0.1	Risky first	28.0	3.051175389754982	p_full	0.6038686707112779	0.6403778971894607	0.6737617493250156
log-power-n1n2.mapjitter.klw.tn0.1	Risky first	28.0	3.1360815473105736	p_full	0.6143488236930932	0.6518327956888964	0.6860381708344326
log-power-n1n2.mapjitter.klw.tn0.1	Risky first	28.0	3.2233504191221405	p_full	0.6243579741660816	0.6629737024346298	0.6980160072919604
log-power-n1n2.mapjitter.klw.tn0.1	Risky first	28.0	3.31304775329107	p_full	0.6339817250549016	0.6737131264245628	0.7095658616457239
log-power-n1n2.mapjitter.klw.tn0.1	Risky first	28.0	3.40524112751487	p_full	0.6432501229811127	0.6842273103826318	0.7208740470780097
log-power-n1n2.mapjitter.klw.tn0.1	Risky first	28.0	3.5000000000000004	p_full	0.6523892770180896	0.6944930315048279	0.7319142231939544
log-power-n1n2.mapjitter.klw.tn0.1	Risky first	28.0	1.2	p_bias_only	0.14350642550247747	0.1671304925878762	0.19171352224345073
log-power-n1n2.mapjitter.klw.tn0.1	Risky first	28.0	1.233392832614218	p_bias_only	0.1548007277345031	0.17867338806258287	0.20374299464225304
log-power-n1n2.mapjitter.klw.tn0.1	Risky first	28.0	1.267714899620104	p_bias_only	0.166391230528212	0.19076684538761637	0.21597306319050244
log-power-n1n2.mapjitter.klw.tn0.1	Risky first	28.0	1.3029920591580744	p_bias_only	0.17846121435125187	0.20322661101284206	0.22870716326166174
log-power-n1n2.mapjitter.klw.tn0.1	Risky first	28.0	1.339250888932342	p_bias_only	0.19107963532806432	0.21607872033583608	0.24157747275186447
log-power-n1n2.mapjitter.klw.tn0.1	Risky first	28.0	1.3765187062344757	p_bias_only	0.20413427611230514	0.2292722967966383	0.2545182347385267
log-power-n1n2.mapjitter.klw.tn0.1	Risky first	28.0	1.4148235885241658	p_bias_only	0.21752390887154302	0.2428218034170804	0.26808477851798584
log-power-n1n2.mapjitter.klw.tn0.1	Risky first	28.0	1.454194394582695	p_bias_only	0.2314613931216999	0.2566888696022227	0.28192470501576666
log-power-n1n2.mapjitter.klw.tn0.1	Risky first	28.0	1.4946607862550567	p_bias_only	0.24564264833355465	0.27089278700443	0.2956372128722627
log-power-n1n2.mapjitter.klw.tn0.1	Risky first	28.0	1.5362532507970992	p_bias_only	0.26034893690898386	0.28536320906974433	0.31003369317392043
log-power-n1n2.mapjitter.klw.tn0.1	Risky first	28.0	1.579003123844529	p_bias_only	0.27505573388428506	0.3001549170945565	0.3247107982445163
log-power-n1n2.mapjitter.klw.tn0.1	Risky first	28.0	1.6229426130210856	p_bias_only	0.28981713330348446	0.31503790807051946	0.3392674838144063
log-power-n1n2.mapjitter.klw.tn0.1	Risky first	28.0	1.6681048222036647	p_bias_only	0.3052457877396141	0.3300240767015066	0.3541048068444797
log-power-n1n2.mapjitter.klw.tn0.1	Risky first	28.0	1.714523776462679	p_bias_only	0.32057711922131765	0.34519809159807946	0.36912886697165403
log-power-n1n2.mapjitter.klw.tn0.1	Risky first	28.0	1.7622344476964418	p_bias_only	0.336313349309781	0.36046481041681055	0.38441520414870906
log-power-n1n2.mapjitter.klw.tn0.1	Risky first	28.0	1.8112727809788889	p_bias_only	0.3518331784420661	0.37580067813934515	0.39975991712030445
log-power-n1n2.mapjitter.klw.tn0.1	Risky first	28.0	1.861675721640487	p_bias_only	0.36731985463176703	0.391095610206733	0.41511597448851395
log-power-n1n2.mapjitter.klw.tn0.1	Risky first	28.0	1.9134812431027324	p_bias_only	0.38259671039736387	0.4064276455600457	0.43032430909691904
log-power-n1n2.mapjitter.klw.tn0.1	Risky first	28.0	1.9667283754872122	p_bias_only	0.39764597171483357	0.4217275290865691	0.4454305793022985
log-power-n1n2.mapjitter.klw.tn0.1	Risky first	28.0	2.021457235020777	p_bias_only	0.41273442904759566	0.4368101367226548	0.4606956070749602
log-power-n1n2.mapjitter.klw.tn0.1	Risky first	28.0	2.0777090542589844	p_bias_only	0.4275592729110597	0.4519026318841679	0.47594099128481476
log-power-n1n2.mapjitter.klw.tn0.1	Risky first	28.0	2.1355262131505808	p_bias_only	0.4419161838948211	0.466710596443255	0.49089507605438953
log-power-n1n2.mapjitter.klw.tn0.1	Risky first	28.0	2.1949522709664246	p_bias_only	0.45629712683666884	0.4813192426042129	0.5055568220368686
log-power-n1n2.mapjitter.klw.tn0.1	Risky first	28.0	2.256031999116908	p_bias_only	0.4701653879140361	0.4956800737706043	0.5202172317675006
log-power-n1n2.mapjitter.klw.tn0.1	Risky first	28.0	2.3188114148826	p_bias_only	0.4837941644544942	0.5096863831291112	0.5345967296557407
log-power-n1n2.mapjitter.klw.tn0.1	Risky first	28.0	2.3833378160835275	p_bias_only	0.497176215931064	0.5236237815174332	0.5491487733168771
log-power-n1n2.mapjitter.klw.tn0.1	Risky first	28.0	2.4496598167132055	p_bias_only	0.510376816306567	0.5373296427684129	0.5632757688746828
log-power-n1n2.mapjitter.klw.tn0.1	Risky first	28.0	2.5178273835642724	p_bias_only	0.5227753641350712	0.550718774867585	0.577090458697363
log-power-n1n2.mapjitter.klw.tn0.1	Risky first	28.0	2.58789187387332	p_bias_only	0.5349496410412665	0.5638926371721298	0.5908104720884114
log-power-n1n2.mapjitter.klw.tn0.1	Risky first	28.0	2.659906074013276	p_bias_only	0.5469338900786297	0.5766588444420992	0.6040682985831859
log-power-n1n2.mapjitter.klw.tn0.1	Risky first	28.0	2.7339242392624983	p_bias_only	0.558319045120008	0.5889381324533562	0.6171230288209021
log-power-n1n2.mapjitter.klw.tn0.1	Risky first	28.0	2.8100021346805373	p_bias_only	0.5695175183480321	0.6010637003863766	0.6300469682973617
log-power-n1n2.mapjitter.klw.tn0.1	Risky first	28.0	2.8881970771213568	p_bias_only	0.5801159970712061	0.6127084176730346	0.6426011677753111
log-power-n1n2.mapjitter.klw.tn0.1	Risky first	28.0	2.9685679784156793	p_bias_only	0.5910949536539027	0.6242871009355848	0.6545511306027735
log-power-n1n2.mapjitter.klw.tn0.1	Risky first	28.0	3.051175389754982	p_bias_only	0.6015466872473297	0.6355749680317018	0.6664548451768811
log-power-n1n2.mapjitter.klw.tn0.1	Risky first	28.0	3.1360815473105736	p_bias_only	0.6112244944739772	0.6464302517586935	0.6781371002702088
log-power-n1n2.mapjitter.klw.tn0.1	Risky first	28.0	3.2233504191221405	p_bias_only	0.6206434183205851	0.6570491269567984	0.6891133649972255
log-power-n1n2.mapjitter.klw.tn0.1	Risky first	28.0	3.31304775329107	p_bias_only	0.6297205089751	0.6673174693232422	0.7000919638183027
log-power-n1n2.mapjitter.klw.tn0.1	Risky first	28.0	3.40524112751487	p_bias_only	0.6387013524267999	0.6772400405995707	0.7105734508733355
log-power-n1n2.mapjitter.klw.tn0.1	Risky first	28.0	3.5000000000000004	p_bias_only	0.6472885708927596	0.6867954434819673	0.7210506899342188
log-power-n1n2.mapjitter.klw.tn0.1	Risky first	28.0	1.2	p_scale_only	0.1449990694545158	0.16677078037292603	0.18993074628885895
log-power-n1n2.mapjitter.klw.tn0.1	Risky first	28.0	1.233392832614218	p_scale_only	0.15567153028070793	0.1777796075502393	0.2010356636146981
log-power-n1n2.mapjitter.klw.tn0.1	Risky first	28.0	1.267714899620104	p_scale_only	0.1667669898231479	0.18923055121900462	0.2125680973427871
log-power-n1n2.mapjitter.klw.tn0.1	Risky first	28.0	1.3029920591580744	p_scale_only	0.17851852966077764	0.20095575551952793	0.22447988845745745
log-power-n1n2.mapjitter.klw.tn0.1	Risky first	28.0	1.339250888932342	p_scale_only	0.19048360215362317	0.21316884870612543	0.2367255555508334
log-power-n1n2.mapjitter.klw.tn0.1	Risky first	28.0	1.3765187062344757	p_scale_only	0.20302926033204957	0.22557825985902324	0.24911617881821632
log-power-n1n2.mapjitter.klw.tn0.1	Risky first	28.0	1.4148235885241658	p_scale_only	0.21548135069047042	0.23823599600802056	0.26196861602609656
log-power-n1n2.mapjitter.klw.tn0.1	Risky first	28.0	1.454194394582695	p_scale_only	0.2282873569350369	0.25110110030486366	0.27479457478978414
log-power-n1n2.mapjitter.klw.tn0.1	Risky first	28.0	1.4946607862550567	p_scale_only	0.24141331193464133	0.26435521248447813	0.2879171205064881
log-power-n1n2.mapjitter.klw.tn0.1	Risky first	28.0	1.5362532507970992	p_scale_only	0.25488043016611817	0.27775998201103225	0.3013694379214496
log-power-n1n2.mapjitter.klw.tn0.1	Risky first	28.0	1.579003123844529	p_scale_only	0.26893579061940753	0.2914181296773499	0.31463121198971966
log-power-n1n2.mapjitter.klw.tn0.1	Risky first	28.0	1.6229426130210856	p_scale_only	0.28297575268784136	0.3051894716032829	0.3282727300365998
log-power-n1n2.mapjitter.klw.tn0.1	Risky first	28.0	1.6681048222036647	p_scale_only	0.29704857019470593	0.31904467348899923	0.3419817731791439
log-power-n1n2.mapjitter.klw.tn0.1	Risky first	28.0	1.714523776462679	p_scale_only	0.31115969911401903	0.3331666528703292	0.3559078281023825
log-power-n1n2.mapjitter.klw.tn0.1	Risky first	28.0	1.7622344476964418	p_scale_only	0.3252254796301012	0.3472911360223103	0.37009616941958845
log-power-n1n2.mapjitter.klw.tn0.1	Risky first	28.0	1.8112727809788889	p_scale_only	0.33923330178892896	0.3614410361464332	0.3841445131354437
log-power-n1n2.mapjitter.klw.tn0.1	Risky first	28.0	1.861675721640487	p_scale_only	0.3533301649846982	0.37551476415772866	0.3984052915130819
log-power-n1n2.mapjitter.klw.tn0.1	Risky first	28.0	1.9134812431027324	p_scale_only	0.36752711646609154	0.3896328826842854	0.41235347078987916
log-power-n1n2.mapjitter.klw.tn0.1	Risky first	28.0	1.9667283754872122	p_scale_only	0.38179407790651343	0.40375759278527185	0.4266627923796534
log-power-n1n2.mapjitter.klw.tn0.1	Risky first	28.0	2.021457235020777	p_scale_only	0.39540333487168955	0.41771861031407775	0.44064942268196017
log-power-n1n2.mapjitter.klw.tn0.1	Risky first	28.0	2.0777090542589844	p_scale_only	0.40869445368570384	0.4316188509615852	0.4548044287348192
log-power-n1n2.mapjitter.klw.tn0.1	Risky first	28.0	2.1355262131505808	p_scale_only	0.42200253743996846	0.4452769358530359	0.46875793492525547
log-power-n1n2.mapjitter.klw.tn0.1	Risky first	28.0	2.1949522709664246	p_scale_only	0.4352126069884687	0.45883245486236035	0.48290876196963384
log-power-n1n2.mapjitter.klw.tn0.1	Risky first	28.0	2.256031999116908	p_scale_only	0.44804002742373766	0.4722424775701981	0.49675841749762734
log-power-n1n2.mapjitter.klw.tn0.1	Risky first	28.0	2.3188114148826	p_scale_only	0.4603207042128595	0.48544307955462795	0.5102733701088609
log-power-n1n2.mapjitter.klw.tn0.1	Risky first	28.0	2.3833378160835275	p_scale_only	0.4725532403052779	0.4984222849659985	0.5235810750630325
log-power-n1n2.mapjitter.klw.tn0.1	Risky first	28.0	2.4496598167132055	p_scale_only	0.4844928017786632	0.5110354173319474	0.5370431705478895
log-power-n1n2.mapjitter.klw.tn0.1	Risky first	28.0	2.5178273835642724	p_scale_only	0.49581502070655503	0.5233787263385874	0.5502544730838224
log-power-n1n2.mapjitter.klw.tn0.1	Risky first	28.0	2.58789187387332	p_scale_only	0.5068304925245333	0.535523006757056	0.5630700124974686
log-power-n1n2.mapjitter.klw.tn0.1	Risky first	28.0	2.659906074013276	p_scale_only	0.5177972497538754	0.547296593274782	0.5756245370284898
log-power-n1n2.mapjitter.klw.tn0.1	Risky first	28.0	2.7339242392624983	p_scale_only	0.5281663959621996	0.5587278047545943	0.5878931634558355
log-power-n1n2.mapjitter.klw.tn0.1	Risky first	28.0	2.8100021346805373	p_scale_only	0.5379892921334032	0.5699415296934437	0.5999726149874935
log-power-n1n2.mapjitter.klw.tn0.1	Risky first	28.0	2.8881970771213568	p_scale_only	0.5479374572800746	0.5809049742286809	0.611577698921575
log-power-n1n2.mapjitter.klw.tn0.1	Risky first	28.0	2.9685679784156793	p_scale_only	0.5574039193718299	0.5914079964136132	0.6230448447553685
log-power-n1n2.mapjitter.klw.tn0.1	Risky first	28.0	3.051175389754982	p_scale_only	0.5667699224980328	0.6015801520421498	0.634034886608913
log-power-n1n2.mapjitter.klw.tn0.1	Risky first	28.0	3.1360815473105736	p_scale_only	0.5755208876700465	0.6114687792548006	0.6448084872899659
log-power-n1n2.mapjitter.klw.tn0.1	Risky first	28.0	3.2233504191221405	p_scale_only	0.583988103319507	0.6209129407683589	0.6552753512958294
log-power-n1n2.mapjitter.klw.tn0.1	Risky first	28.0	3.31304775329107	p_scale_only	0.5923076424739976	0.6299539249215508	0.6650909224261278
log-power-n1n2.mapjitter.klw.tn0.1	Risky first	28.0	3.40524112751487	p_scale_only	0.6000868240229671	0.6387344842354421	0.6745553103669614
log-power-n1n2.mapjitter.klw.tn0.1	Risky first	28.0	3.5000000000000004	p_scale_only	0.6076080077485544	0.6471647645187055	0.6840087164080644
log-power-n1n2.mapjitter.klw.tn0.1	Risky first	28.0	1.2	dp_full	-0.021584242267321245	0.0018239786526559269	0.02528953124897434
log-power-n1n2.mapjitter.klw.tn0.1	Risky first	28.0	1.233392832614218	dp_full	-0.020982753926163767	0.002161983911417602	0.025556896922480747
log-power-n1n2.mapjitter.klw.tn0.1	Risky first	28.0	1.267714899620104	dp_full	-0.020503401201993697	0.0025408112908102513	0.02581524061202993
log-power-n1n2.mapjitter.klw.tn0.1	Risky first	28.0	1.3029920591580744	dp_full	-0.01992927699385921	0.0028002063710365105	0.02596558635468519
log-power-n1n2.mapjitter.klw.tn0.1	Risky first	28.0	1.339250888932342	dp_full	-0.0193160892751528	0.0031615802514701787	0.025941005309800202
log-power-n1n2.mapjitter.klw.tn0.1	Risky first	28.0	1.3765187062344757	dp_full	-0.018761310360197455	0.003491054183217813	0.025735193882417722
log-power-n1n2.mapjitter.klw.tn0.1	Risky first	28.0	1.4148235885241658	dp_full	-0.01821415404511191	0.0038507907746008125	0.025561673128014578
log-power-n1n2.mapjitter.klw.tn0.1	Risky first	28.0	1.454194394582695	dp_full	-0.017642573411949906	0.003985558572244582	0.025238774755591695
log-power-n1n2.mapjitter.klw.tn0.1	Risky first	28.0	1.4946607862550567	dp_full	-0.016924671292543762	0.004181101741778052	0.024896013571655783
log-power-n1n2.mapjitter.klw.tn0.1	Risky first	28.0	1.5362532507970992	dp_full	-0.016386517063208077	0.004305174836075662	0.024883279696703512
log-power-n1n2.mapjitter.klw.tn0.1	Risky first	28.0	1.579003123844529	dp_full	-0.01617689024756239	0.004514775129178726	0.02458864021743112
log-power-n1n2.mapjitter.klw.tn0.1	Risky first	28.0	1.6229426130210856	dp_full	-0.01594415652673143	0.004572994411518563	0.024443597110684678
log-power-n1n2.mapjitter.klw.tn0.1	Risky first	28.0	1.6681048222036647	dp_full	-0.015811419974182374	0.004708431071254475	0.024359719811532992
log-power-n1n2.mapjitter.klw.tn0.1	Risky first	28.0	1.714523776462679	dp_full	-0.015730870573066075	0.00481473265281849	0.024327672054876945
log-power-n1n2.mapjitter.klw.tn0.1	Risky first	28.0	1.7622344476964418	dp_full	-0.01579422826485218	0.004907580606721117	0.024696754632681783
log-power-n1n2.mapjitter.klw.tn0.1	Risky first	28.0	1.8112727809788889	dp_full	-0.015851804683780286	0.005131490595419135	0.02526278545508768
log-power-n1n2.mapjitter.klw.tn0.1	Risky first	28.0	1.861675721640487	dp_full	-0.01633540340583095	0.005264339300829102	0.026124397047816297
log-power-n1n2.mapjitter.klw.tn0.1	Risky first	28.0	1.9134812431027324	dp_full	-0.016807035898204526	0.005424363558144618	0.027225043737583495
log-power-n1n2.mapjitter.klw.tn0.1	Risky first	28.0	1.9667283754872122	dp_full	-0.017346612996991678	0.005761204287665788	0.028579613530129156
log-power-n1n2.mapjitter.klw.tn0.1	Risky first	28.0	2.021457235020777	dp_full	-0.018233078928080508	0.006114865197676363	0.03032109232325112
log-power-n1n2.mapjitter.klw.tn0.1	Risky first	28.0	2.0777090542589844	dp_full	-0.019153130622322257	0.006576287692910963	0.03205686910267311
log-power-n1n2.mapjitter.klw.tn0.1	Risky first	28.0	2.1355262131505808	dp_full	-0.020053566527540565	0.007323443314630515	0.0338273239700881
log-power-n1n2.mapjitter.klw.tn0.1	Risky first	28.0	2.1949522709664246	dp_full	-0.020922384691466685	0.008085352542979162	0.0360154525730655
log-power-n1n2.mapjitter.klw.tn0.1	Risky first	28.0	2.256031999116908	dp_full	-0.02131410887554851	0.00891432710163841	0.03818482012017515
log-power-n1n2.mapjitter.klw.tn0.1	Risky first	28.0	2.3188114148826	dp_full	-0.02185498247483793	0.009740434850906397	0.040248525661184704
log-power-n1n2.mapjitter.klw.tn0.1	Risky first	28.0	2.3833378160835275	dp_full	-0.02180600826622075	0.010855749358379426	0.04258475336029587
log-power-n1n2.mapjitter.klw.tn0.1	Risky first	28.0	2.4496598167132055	dp_full	-0.021982219667297274	0.01205814242628675	0.04483439777142755
log-power-n1n2.mapjitter.klw.tn0.1	Risky first	28.0	2.5178273835642724	dp_full	-0.0218207454819817	0.013392528802015705	0.047300309236629354
log-power-n1n2.mapjitter.klw.tn0.1	Risky first	28.0	2.58789187387332	dp_full	-0.021761832535186855	0.014756800004959278	0.04993532181388717
log-power-n1n2.mapjitter.klw.tn0.1	Risky first	28.0	2.659906074013276	dp_full	-0.02154739385046659	0.01620413631644365	0.0526212127336955
log-power-n1n2.mapjitter.klw.tn0.1	Risky first	28.0	2.7339242392624983	dp_full	-0.021207317957582995	0.01769359610102562	0.05581907966897849
log-power-n1n2.mapjitter.klw.tn0.1	Risky first	28.0	2.8100021346805373	dp_full	-0.020838408732459776	0.019252848719193583	0.058357280237692544
log-power-n1n2.mapjitter.klw.tn0.1	Risky first	28.0	2.8881970771213568	dp_full	-0.020295009984528264	0.020984153373474812	0.06134657084465313
log-power-n1n2.mapjitter.klw.tn0.1	Risky first	28.0	2.9685679784156793	dp_full	-0.019593447744424543	0.022692443080552425	0.06406275090984041
log-power-n1n2.mapjitter.klw.tn0.1	Risky first	28.0	3.051175389754982	dp_full	-0.019090657795184672	0.024556640716463265	0.06715283616108755
log-power-n1n2.mapjitter.klw.tn0.1	Risky first	28.0	3.1360815473105736	dp_full	-0.018003555898855782	0.02638409417067182	0.07002391308762827
log-power-n1n2.mapjitter.klw.tn0.1	Risky first	28.0	3.2233504191221405	dp_full	-0.017297865069921613	0.028150536396975605	0.07267914557574491
log-power-n1n2.mapjitter.klw.tn0.1	Risky first	28.0	3.31304775329107	dp_full	-0.016251255175368743	0.029878424055772897	0.0754716693181409
log-power-n1n2.mapjitter.klw.tn0.1	Risky first	28.0	3.40524112751487	dp_full	-0.01563109612801122	0.03187707996070842	0.07850525516152504
log-power-n1n2.mapjitter.klw.tn0.1	Risky first	28.0	3.5000000000000004	dp_full	-0.014589061704824605	0.033859137974252045	0.08131257621354188
log-power-n1n2.mapjitter.klw.tn0.1	Risky first	28.0	1.2	dp_bias	-0.014532656643785282	0.003444165397542032	0.02147444199757485
log-power-n1n2.mapjitter.klw.tn0.1	Risky first	28.0	1.233392832614218	dp_bias	-0.0141670581699289	0.003994293278038144	0.02236249025189565
log-power-n1n2.mapjitter.klw.tn0.1	Risky first	28.0	1.267714899620104	dp_bias	-0.013906590826721245	0.004556955604606304	0.023116572848858267
log-power-n1n2.mapjitter.klw.tn0.1	Risky first	28.0	1.3029920591580744	dp_bias	-0.013599676014359364	0.005084028384191025	0.023808961056791807
log-power-n1n2.mapjitter.klw.tn0.1	Risky first	28.0	1.339250888932342	dp_bias	-0.013373388897397233	0.005614061284691543	0.02466157262713595
log-power-n1n2.mapjitter.klw.tn0.1	Risky first	28.0	1.3765187062344757	dp_bias	-0.013170618057526885	0.006117891948016936	0.02517542828546172
log-power-n1n2.mapjitter.klw.tn0.1	Risky first	28.0	1.4148235885241658	dp_bias	-0.01290847792066076	0.006496941633427308	0.02586789424298375
log-power-n1n2.mapjitter.klw.tn0.1	Risky first	28.0	1.454194394582695	dp_bias	-0.012946833165652406	0.006883538170835288	0.026367967165551082
log-power-n1n2.mapjitter.klw.tn0.1	Risky first	28.0	1.4946607862550567	dp_bias	-0.012757461458076547	0.007156498878886542	0.026957400035442083
log-power-n1n2.mapjitter.klw.tn0.1	Risky first	28.0	1.5362532507970992	dp_bias	-0.012698877032049534	0.007513377707913204	0.027533285664256123
log-power-n1n2.mapjitter.klw.tn0.1	Risky first	28.0	1.579003123844529	dp_bias	-0.012729776429243039	0.007786757819536848	0.027874919913937906
log-power-n1n2.mapjitter.klw.tn0.1	Risky first	28.0	1.6229426130210856	dp_bias	-0.012697476102317007	0.008044398448390468	0.028372808722362378
log-power-n1n2.mapjitter.klw.tn0.1	Risky first	28.0	1.6681048222036647	dp_bias	-0.012772690190682064	0.008269509322073891	0.028744725806378
log-power-n1n2.mapjitter.klw.tn0.1	Risky first	28.0	1.714523776462679	dp_bias	-0.013000109962974637	0.008471770406534698	0.029190910619105875
log-power-n1n2.mapjitter.klw.tn0.1	Risky first	28.0	1.7622344476964418	dp_bias	-0.01346906538831436	0.008546931974208114	0.0297196665037028
log-power-n1n2.mapjitter.klw.tn0.1	Risky first	28.0	1.8112727809788889	dp_bias	-0.013874070501200987	0.008726081612960441	0.030427921289874187
log-power-n1n2.mapjitter.klw.tn0.1	Risky first	28.0	1.861675721640487	dp_bias	-0.014348173050807603	0.00901011091475911	0.03083736633501796
log-power-n1n2.mapjitter.klw.tn0.1	Risky first	28.0	1.9134812431027324	dp_bias	-0.01474581502112168	0.009138653779554315	0.031652456004859976
log-power-n1n2.mapjitter.klw.tn0.1	Risky first	28.0	1.9667283754872122	dp_bias	-0.015250643441341293	0.009273074616658859	0.03273014889436127
log-power-n1n2.mapjitter.klw.tn0.1	Risky first	28.0	2.021457235020777	dp_bias	-0.01579085627990711	0.009423077385545393	0.03355521333119667
log-power-n1n2.mapjitter.klw.tn0.1	Risky first	28.0	2.0777090542589844	dp_bias	-0.016414443167955636	0.009712998392310407	0.034570919416761714
log-power-n1n2.mapjitter.klw.tn0.1	Risky first	28.0	2.1355262131505808	dp_bias	-0.016986690388442444	0.010021738725851659	0.03552250475314497
log-power-n1n2.mapjitter.klw.tn0.1	Risky first	28.0	2.1949522709664246	dp_bias	-0.017341130222690095	0.01041392970746352	0.03663071785204705
log-power-n1n2.mapjitter.klw.tn0.1	Risky first	28.0	2.256031999116908	dp_bias	-0.017689988425588995	0.010763281951098519	0.03780215886432386
log-power-n1n2.mapjitter.klw.tn0.1	Risky first	28.0	2.3188114148826	dp_bias	-0.01784252718660541	0.011188171111292186	0.03897511762629769
log-power-n1n2.mapjitter.klw.tn0.1	Risky first	28.0	2.3833378160835275	dp_bias	-0.01805541277418294	0.011760364468180073	0.04026234402747571
log-power-n1n2.mapjitter.klw.tn0.1	Risky first	28.0	2.4496598167132055	dp_bias	-0.018526652232596235	0.012334052440471466	0.041568778942161544
log-power-n1n2.mapjitter.klw.tn0.1	Risky first	28.0	2.5178273835642724	dp_bias	-0.018738508117282476	0.01300015287052295	0.043048895635710224
log-power-n1n2.mapjitter.klw.tn0.1	Risky first	28.0	2.58789187387332	dp_bias	-0.018839170664865033	0.013733395000431532	0.04450545923429867
log-power-n1n2.mapjitter.klw.tn0.1	Risky first	28.0	2.659906074013276	dp_bias	-0.018814576608562044	0.01443131774874398	0.045944080108947315
log-power-n1n2.mapjitter.klw.tn0.1	Risky first	28.0	2.7339242392624983	dp_bias	-0.018724077934575475	0.015295396131411874	0.04736197165144251
log-power-n1n2.mapjitter.klw.tn0.1	Risky first	28.0	2.8100021346805373	dp_bias	-0.018533033015106157	0.016183159824362414	0.04913571134325477
log-power-n1n2.mapjitter.klw.tn0.1	Risky first	28.0	2.8881970771213568	dp_bias	-0.01830199531703245	0.017222873364854265	0.05083567846190359
log-power-n1n2.mapjitter.klw.tn0.1	Risky first	28.0	2.9685679784156793	dp_bias	-0.017734762350114397	0.018224907880798336	0.05252739183539319
log-power-n1n2.mapjitter.klw.tn0.1	Risky first	28.0	3.051175389754982	dp_bias	-0.01708874672636458	0.019382240263877873	0.05431056585305227
log-power-n1n2.mapjitter.klw.tn0.1	Risky first	28.0	3.1360815473105736	dp_bias	-0.016616454786795378	0.02042057643111589	0.055895232425705266
log-power-n1n2.mapjitter.klw.tn0.1	Risky first	28.0	3.2233504191221405	dp_bias	-0.01632531811287336	0.021622984401774868	0.057880666301193796
log-power-n1n2.mapjitter.klw.tn0.1	Risky first	28.0	3.31304775329107	dp_bias	-0.015488499566938018	0.023016080136089634	0.05988557913284339
log-power-n1n2.mapjitter.klw.tn0.1	Risky first	28.0	3.40524112751487	dp_bias	-0.01496863866197982	0.024453568158176453	0.06166040704281763
log-power-n1n2.mapjitter.klw.tn0.1	Risky first	28.0	3.5000000000000004	dp_bias	-0.014061560151785227	0.025943866128866774	0.06384950149872698
log-power-n1n2.mapjitter.klw.tn0.1	Risky first	28.0	1.2	dp_scale	-0.007696644876776215	0.0031140777877376566	0.014796973841837825
log-power-n1n2.mapjitter.klw.tn0.1	Risky first	28.0	1.233392832614218	dp_scale	-0.007667928517836678	0.003116121100467957	0.014852602202512163
log-power-n1n2.mapjitter.klw.tn0.1	Risky first	28.0	1.267714899620104	dp_scale	-0.007847265735119017	0.0030466760578004544	0.014646514516213946
log-power-n1n2.mapjitter.klw.tn0.1	Risky first	28.0	1.3029920591580744	dp_scale	-0.00794933556449424	0.002860440140740568	0.014450243944319648
log-power-n1n2.mapjitter.klw.tn0.1	Risky first	28.0	1.339250888932342	dp_scale	-0.00820797979666353	0.002608045547633018	0.014246766295980014
log-power-n1n2.mapjitter.klw.tn0.1	Risky first	28.0	1.3765187062344757	dp_scale	-0.008398155377369872	0.0022865622852151117	0.013739069295803664
log-power-n1n2.mapjitter.klw.tn0.1	Risky first	28.0	1.4148235885241658	dp_scale	-0.008704581001541888	0.0018689666115875637	0.013054601817193581
log-power-n1n2.mapjitter.klw.tn0.1	Risky first	28.0	1.454194394582695	dp_scale	-0.009098856174476908	0.00137191594224428	0.01228880122836557
log-power-n1n2.mapjitter.klw.tn0.1	Risky first	28.0	1.4946607862550567	dp_scale	-0.009547382150245476	0.0007645285739211281	0.011391021724734383
log-power-n1n2.mapjitter.klw.tn0.1	Risky first	28.0	1.5362532507970992	dp_scale	-0.01000463009202018	6.236771815746631e-05	0.010436852950773835
log-power-n1n2.mapjitter.klw.tn0.1	Risky first	28.0	1.579003123844529	dp_scale	-0.010667381155525414	-0.000710778665340204	0.00933043437946093
log-power-n1n2.mapjitter.klw.tn0.1	Risky first	28.0	1.6229426130210856	dp_scale	-0.01148265575397602	-0.0015617963454192495	0.008137408838575683
log-power-n1n2.mapjitter.klw.tn0.1	Risky first	28.0	1.6681048222036647	dp_scale	-0.012190107203920194	-0.0024364746423108548	0.006761898365904516
log-power-n1n2.mapjitter.klw.tn0.1	Risky first	28.0	1.714523776462679	dp_scale	-0.013032887872799694	-0.0034134020259415357	0.005442548070995485
log-power-n1n2.mapjitter.klw.tn0.1	Risky first	28.0	1.7622344476964418	dp_scale	-0.013957109694814498	-0.004416377808924012	0.0042780932842309246
log-power-n1n2.mapjitter.klw.tn0.1	Risky first	28.0	1.8112727809788889	dp_scale	-0.014905792459431143	-0.005389935941857194	0.00316878706406949
log-power-n1n2.mapjitter.klw.tn0.1	Risky first	28.0	1.861675721640487	dp_scale	-0.015897611832640143	-0.006373034382180749	0.002218594594067862
log-power-n1n2.mapjitter.klw.tn0.1	Risky first	28.0	1.9134812431027324	dp_scale	-0.017255883586084514	-0.007375409633234579	0.001412428083742228
log-power-n1n2.mapjitter.klw.tn0.1	Risky first	28.0	1.9667283754872122	dp_scale	-0.01842562467866576	-0.008358519658167547	0.0005802946256665373
log-power-n1n2.mapjitter.klw.tn0.1	Risky first	28.0	2.021457235020777	dp_scale	-0.01968414766747165	-0.00927946199794137	-0.0002730821943452243
log-power-n1n2.mapjitter.klw.tn0.1	Risky first	28.0	2.0777090542589844	dp_scale	-0.02080453644610681	-0.010159476852946171	-0.000955110828515943
log-power-n1n2.mapjitter.klw.tn0.1	Risky first	28.0	2.1355262131505808	dp_scale	-0.021894377924583597	-0.010928166821613508	-0.001453490757292037
log-power-n1n2.mapjitter.klw.tn0.1	Risky first	28.0	2.1949522709664246	dp_scale	-0.023044323509548183	-0.011671023897896884	-0.0018640652469207883
log-power-n1n2.mapjitter.klw.tn0.1	Risky first	28.0	2.256031999116908	dp_scale	-0.024120135771261618	-0.012283502901883292	-0.002235790157801577
log-power-n1n2.mapjitter.klw.tn0.1	Risky first	28.0	2.3188114148826	dp_scale	-0.024875804110580352	-0.012798286261540393	-0.0024028653003033947
log-power-n1n2.mapjitter.klw.tn0.1	Risky first	28.0	2.3833378160835275	dp_scale	-0.025539577589044505	-0.013266796716971	-0.0026958994111958737
log-power-n1n2.mapjitter.klw.tn0.1	Risky first	28.0	2.4496598167132055	dp_scale	-0.02610846137313207	-0.013653295181817324	-0.0029333125394540144
log-power-n1n2.mapjitter.klw.tn0.1	Risky first	28.0	2.5178273835642724	dp_scale	-0.026861772948819102	-0.013942281119364599	-0.003121900681749712
log-power-n1n2.mapjitter.klw.tn0.1	Risky first	28.0	2.58789187387332	dp_scale	-0.027387083786189443	-0.01418869409067974	-0.003159183729446598
log-power-n1n2.mapjitter.klw.tn0.1	Risky first	28.0	2.659906074013276	dp_scale	-0.0276285127601847	-0.014325554451185225	-0.0030575301316848416
log-power-n1n2.mapjitter.klw.tn0.1	Risky first	28.0	2.7339242392624983	dp_scale	-0.027882109558597535	-0.014437447242021569	-0.003010940213895819
log-power-n1n2.mapjitter.klw.tn0.1	Risky first	28.0	2.8100021346805373	dp_scale	-0.027926340377073495	-0.014461335947831978	-0.0027612136669667546
log-power-n1n2.mapjitter.klw.tn0.1	Risky first	28.0	2.8881970771213568	dp_scale	-0.028006824236936633	-0.014402102147214487	-0.0026618556950671335
log-power-n1n2.mapjitter.klw.tn0.1	Risky first	28.0	2.9685679784156793	dp_scale	-0.027995041482148854	-0.01431035154680441	-0.002421295326548782
log-power-n1n2.mapjitter.klw.tn0.1	Risky first	28.0	3.051175389754982	dp_scale	-0.027927767252512954	-0.014174904170911516	-0.0022116631948169217
log-power-n1n2.mapjitter.klw.tn0.1	Risky first	28.0	3.1360815473105736	dp_scale	-0.02789270816067782	-0.014022015874577727	-0.0018734921751898783
log-power-n1n2.mapjitter.klw.tn0.1	Risky first	28.0	3.2233504191221405	dp_scale	-0.02775877554496192	-0.01383318415847043	-0.001557498410940583
log-power-n1n2.mapjitter.klw.tn0.1	Risky first	28.0	3.31304775329107	dp_scale	-0.02770064559480918	-0.013616863561223002	-0.0012262617080002916
log-power-n1n2.mapjitter.klw.tn0.1	Risky first	28.0	3.40524112751487	dp_scale	-0.02766737971226421	-0.013344344034858178	-0.0009337440285346982
log-power-n1n2.mapjitter.klw.tn0.1	Risky first	28.0	3.5000000000000004	dp_scale	-0.027308668945230163	-0.013080166228068024	-0.0004756132102591962
log-power-n1n2.mapjitter.klw.tn0.1	Risky first	28.0	1.2	dp_interaction	-0.009295693346779587	-0.004675312712142516	-0.0016302411397177536
log-power-n1n2.mapjitter.klw.tn0.1	Risky first	28.0	1.233392832614218	dp_interaction	-0.009607011768885095	-0.004843105435923307	-0.0016876737055970714
log-power-n1n2.mapjitter.klw.tn0.1	Risky first	28.0	1.267714899620104	dp_interaction	-0.009831680683692222	-0.004939946115400842	-0.001650864919100446
log-power-n1n2.mapjitter.klw.tn0.1	Risky first	28.0	1.3029920591580744	dp_interaction	-0.010031169508536827	-0.004974929248878747	-0.0015833879351330943
log-power-n1n2.mapjitter.klw.tn0.1	Risky first	28.0	1.339250888932342	dp_interaction	-0.010079388373047515	-0.004909175862157944	-0.0014013080678877458
log-power-n1n2.mapjitter.klw.tn0.1	Risky first	28.0	1.3765187062344757	dp_interaction	-0.00995465027215558	-0.0047676986482120525	-0.001168210637467706
log-power-n1n2.mapjitter.klw.tn0.1	Risky first	28.0	1.4148235885241658	dp_interaction	-0.009666895654671184	-0.0044945234558945	-0.0008409199814393361
log-power-n1n2.mapjitter.klw.tn0.1	Risky first	28.0	1.454194394582695	dp_interaction	-0.00929846215391871	-0.004139515335618308	-0.00037818497326232224
log-power-n1n2.mapjitter.klw.tn0.1	Risky first	28.0	1.4946607862550567	dp_interaction	-0.00882918144629609	-0.003706698068798404	0.00024381595903401584
log-power-n1n2.mapjitter.klw.tn0.1	Risky first	28.0	1.5362532507970992	dp_interaction	-0.008189562962960448	-0.003178981312984945	0.0009509103779352392
log-power-n1n2.mapjitter.klw.tn0.1	Risky first	28.0	1.579003123844529	dp_interaction	-0.007477466871881299	-0.00257031429373116	0.001710431771297636
log-power-n1n2.mapjitter.klw.tn0.1	Risky first	28.0	1.6229426130210856	dp_interaction	-0.006775935593319588	-0.0018802056155759975	0.0026201940785539213
log-power-n1n2.mapjitter.klw.tn0.1	Risky first	28.0	1.6681048222036647	dp_interaction	-0.005961145203726342	-0.0011004924358981464	0.003750736109724857
log-power-n1n2.mapjitter.klw.tn0.1	Risky first	28.0	1.714523776462679	dp_interaction	-0.005136442949128842	-0.00022824094008831185	0.004963052871734206
log-power-n1n2.mapjitter.klw.tn0.1	Risky first	28.0	1.7622344476964418	dp_interaction	-0.004216767577206171	0.0006823147337883797	0.006220057705303674
log-power-n1n2.mapjitter.klw.tn0.1	Risky first	28.0	1.8112727809788889	dp_interaction	-0.0033596750497996894	0.0016530793394639223	0.007577903259139633
log-power-n1n2.mapjitter.klw.tn0.1	Risky first	28.0	1.861675721640487	dp_interaction	-0.0024929389880390157	0.002664706909673401	0.009057686218360903
log-power-n1n2.mapjitter.klw.tn0.1	Risky first	28.0	1.9134812431027324	dp_interaction	-0.001680510450075723	0.0036869676344319768	0.010647955891971653
log-power-n1n2.mapjitter.klw.tn0.1	Risky first	28.0	1.9667283754872122	dp_interaction	-0.0008863150283565253	0.004769364545595623	0.012287595276733095
log-power-n1n2.mapjitter.klw.tn0.1	Risky first	28.0	2.021457235020777	dp_interaction	3.0148488528959636e-06	0.005867162529787402	0.013970439246549508
log-power-n1n2.mapjitter.klw.tn0.1	Risky first	28.0	2.0777090542589844	dp_interaction	0.0008689273567154763	0.0069550840686882125	0.015580023472223831
log-power-n1n2.mapjitter.klw.tn0.1	Risky first	28.0	2.1355262131505808	dp_interaction	0.0017074112335637986	0.008023341143673594	0.017181124488140773
log-power-n1n2.mapjitter.klw.tn0.1	Risky first	28.0	2.1949522709664246	dp_interaction	0.0025411772213113845	0.009102505541993901	0.018539212715599725
log-power-n1n2.mapjitter.klw.tn0.1	Risky first	28.0	2.256031999116908	dp_interaction	0.00333267271396921	0.010141266314100473	0.01992649870145762
log-power-n1n2.mapjitter.klw.tn0.1	Risky first	28.0	2.3188114148826	dp_interaction	0.004143590787039907	0.011145914092653364	0.021322870500186313
log-power-n1n2.mapjitter.klw.tn0.1	Risky first	28.0	2.3833378160835275	dp_interaction	0.004937651144324984	0.012128067643835578	0.022671643425604644
log-power-n1n2.mapjitter.klw.tn0.1	Risky first	28.0	2.4496598167132055	dp_interaction	0.005602138525887554	0.01310892353798319	0.02410950570237051
log-power-n1n2.mapjitter.klw.tn0.1	Risky first	28.0	2.5178273835642724	dp_interaction	0.0062537680150756775	0.01400868635406315	0.025557852010443128
log-power-n1n2.mapjitter.klw.tn0.1	Risky first	28.0	2.58789187387332	dp_interaction	0.006799053270466398	0.01490267952188139	0.02664725327565552
log-power-n1n2.mapjitter.klw.tn0.1	Risky first	28.0	2.659906074013276	dp_interaction	0.00737558012917376	0.01571908773333853	0.027869896867116217
log-power-n1n2.mapjitter.klw.tn0.1	Risky first	28.0	2.7339242392624983	dp_interaction	0.007929246773576171	0.01648481475864812	0.029028449169309644
log-power-n1n2.mapjitter.klw.tn0.1	Risky first	28.0	2.8100021346805373	dp_interaction	0.008352982719137337	0.017161354033216364	0.029991840782292153
log-power-n1n2.mapjitter.klw.tn0.1	Risky first	28.0	2.8881970771213568	dp_interaction	0.008804242608797452	0.01787765597640308	0.030968425618618893
log-power-n1n2.mapjitter.klw.tn0.1	Risky first	28.0	2.9685679784156793	dp_interaction	0.009114766133502684	0.01849594626383163	0.03192708021194617
log-power-n1n2.mapjitter.klw.tn0.1	Risky first	28.0	3.051175389754982	dp_interaction	0.009400908874352678	0.019021236554730127	0.0327851870974661
log-power-n1n2.mapjitter.klw.tn0.1	Risky first	28.0	3.1360815473105736	dp_interaction	0.009624264437066325	0.019526485283331285	0.033513756733329736
log-power-n1n2.mapjitter.klw.tn0.1	Risky first	28.0	3.2233504191221405	dp_interaction	0.009757776311166207	0.01992072673273877	0.034184758311192165
log-power-n1n2.mapjitter.klw.tn0.1	Risky first	28.0	3.31304775329107	dp_interaction	0.009773112488953916	0.020269109154565604	0.0348173934161024
log-power-n1n2.mapjitter.klw.tn0.1	Risky first	28.0	3.40524112751487	dp_interaction	0.009740981782067318	0.020501459110255298	0.03531657710648095
log-power-n1n2.mapjitter.klw.tn0.1	Risky first	28.0	3.5000000000000004	dp_interaction	0.009665806034954127	0.02071298547594945	0.0358440666750298
log-power-n1n2.mapjitter.klw.tn0.1	Risky first	28.0	1.2	num_shift	-0.02359317833070216	0.003433970410558077	0.028052215755488885
log-power-n1n2.mapjitter.klw.tn0.1	Risky first	28.0	1.233392832614218	num_shift	-0.022748086934346844	0.0041865220214142625	0.0287790308179284
log-power-n1n2.mapjitter.klw.tn0.1	Risky first	28.0	1.267714899620104	num_shift	-0.022004326484314773	0.004964537750644645	0.02965981036754724
log-power-n1n2.mapjitter.klw.tn0.1	Risky first	28.0	1.3029920591580744	num_shift	-0.021114483522755512	0.005787608530267335	0.030594382521426676
log-power-n1n2.mapjitter.klw.tn0.1	Risky first	28.0	1.339250888932342	num_shift	-0.020310483171611993	0.006685017252292806	0.03143676680449528
log-power-n1n2.mapjitter.klw.tn0.1	Risky first	28.0	1.3765187062344757	num_shift	-0.01949659887519921	0.00757179069018676	0.032411300583395135
log-power-n1n2.mapjitter.klw.tn0.1	Risky first	28.0	1.4148235885241658	num_shift	-0.01866907392646014	0.008551525666215195	0.033512896400204814
log-power-n1n2.mapjitter.klw.tn0.1	Risky first	28.0	1.454194394582695	num_shift	-0.018084561225454356	0.009508858788461893	0.034730258825245275
log-power-n1n2.mapjitter.klw.tn0.1	Risky first	28.0	1.4946607862550567	num_shift	-0.017205202082433334	0.01054208366596933	0.03597429006774615
log-power-n1n2.mapjitter.klw.tn0.1	Risky first	28.0	1.5362532507970992	num_shift	-0.016464322350750966	0.011488815730430726	0.0372164180596594
log-power-n1n2.mapjitter.klw.tn0.1	Risky first	28.0	1.579003123844529	num_shift	-0.015651079021909084	0.01259982355671806	0.03873946650221753
log-power-n1n2.mapjitter.klw.tn0.1	Risky first	28.0	1.6229426130210856	num_shift	-0.014770152232344676	0.01368194568158465	0.04044541195817506
log-power-n1n2.mapjitter.klw.tn0.1	Risky first	28.0	1.6681048222036647	num_shift	-0.014146898603891612	0.014776997381162801	0.04193517838855136
log-power-n1n2.mapjitter.klw.tn0.1	Risky first	28.0	1.714523776462679	num_shift	-0.013331968152597915	0.01609203134049779	0.043611159560551435
log-power-n1n2.mapjitter.klw.tn0.1	Risky first	28.0	1.7622344476964418	num_shift	-0.012914233424773896	0.017260572450400375	0.04534957832273825
log-power-n1n2.mapjitter.klw.tn0.1	Risky first	28.0	1.8112727809788889	num_shift	-0.012283542609913479	0.018481686054215386	0.04748751957237755
log-power-n1n2.mapjitter.klw.tn0.1	Risky first	28.0	1.861675721640487	num_shift	-0.011432408120406601	0.01981157268313726	0.049598870761990994
log-power-n1n2.mapjitter.klw.tn0.1	Risky first	28.0	1.9134812431027324	num_shift	-0.01092560247739057	0.021123454017347002	0.05183871108603328
log-power-n1n2.mapjitter.klw.tn0.1	Risky first	28.0	1.9667283754872122	num_shift	-0.010504553572875297	0.02259826020418937	0.053896267123965544
log-power-n1n2.mapjitter.klw.tn0.1	Risky first	28.0	2.021457235020777	num_shift	-0.010024771979081238	0.02410100001853513	0.05594962598478275
log-power-n1n2.mapjitter.klw.tn0.1	Risky first	28.0	2.0777090542589844	num_shift	-0.009327023150180863	0.02551517759314765	0.058497451227331076
log-power-n1n2.mapjitter.klw.tn0.1	Risky first	28.0	2.1355262131505808	num_shift	-0.008852825765255028	0.02697145470088516	0.061043654909661314
log-power-n1n2.mapjitter.klw.tn0.1	Risky first	28.0	2.1949522709664246	num_shift	-0.008184008570674011	0.028525684649106486	0.06386276642423697
log-power-n1n2.mapjitter.klw.tn0.1	Risky first	28.0	2.256031999116908	num_shift	-0.00763193372878967	0.030117860127663362	0.06674756473293865
log-power-n1n2.mapjitter.klw.tn0.1	Risky first	28.0	2.3188114148826	num_shift	-0.007135328767204335	0.03176223240389006	0.06965642415905558
log-power-n1n2.mapjitter.klw.tn0.1	Risky first	28.0	2.3833378160835275	num_shift	-0.006875180771579993	0.033416217365228165	0.07271519271001615
log-power-n1n2.mapjitter.klw.tn0.1	Risky first	28.0	2.4496598167132055	num_shift	-0.006570182477343993	0.03516312327934666	0.07581892156452878
log-power-n1n2.mapjitter.klw.tn0.1	Risky first	28.0	2.5178273835642724	num_shift	-0.006261940321015464	0.03712755717956376	0.07926952707072227
log-power-n1n2.mapjitter.klw.tn0.1	Risky first	28.0	2.58789187387332	num_shift	-0.0059121841655943785	0.03892451134978982	0.08263820002880223
log-power-n1n2.mapjitter.klw.tn0.1	Risky first	28.0	2.659906074013276	num_shift	-0.005391572122855749	0.040741913219735276	0.08608604277584989
log-power-n1n2.mapjitter.klw.tn0.1	Risky first	28.0	2.7339242392624983	num_shift	-0.005011072396614176	0.042653926527417285	0.08971238540465114
log-power-n1n2.mapjitter.klw.tn0.1	Risky first	28.0	2.8100021346805373	num_shift	-0.004689634509101768	0.044580284769255456	0.09349343164494704
log-power-n1n2.mapjitter.klw.tn0.1	Risky first	28.0	2.8881970771213568	num_shift	-0.0043146448582658025	0.046644824348108405	0.09753865640321169
log-power-n1n2.mapjitter.klw.tn0.1	Risky first	28.0	2.9685679784156793	num_shift	-0.004172304206562173	0.04870650368549927	0.10143061118279098
log-power-n1n2.mapjitter.klw.tn0.1	Risky first	28.0	3.051175389754982	num_shift	-0.0035260766517920504	0.05087237382374967	0.10550298495492412
log-power-n1n2.mapjitter.klw.tn0.1	Risky first	28.0	3.1360815473105736	num_shift	-0.0039515232906288875	0.053008342534678454	0.10981520599477049
log-power-n1n2.mapjitter.klw.tn0.1	Risky first	28.0	3.2233504191221405	num_shift	-0.0038259088263976533	0.05514340694612589	0.11396192348070448
log-power-n1n2.mapjitter.klw.tn0.1	Risky first	28.0	3.31304775329107	num_shift	-0.003784681210001699	0.05731081154501533	0.11840166568967651
log-power-n1n2.mapjitter.klw.tn0.1	Risky first	28.0	3.40524112751487	num_shift	-0.0034684713123098385	0.05943533383307168	0.12276579309622467
log-power-n1n2.mapjitter.klw.tn0.1	Risky first	28.0	3.5000000000000004	num_shift	-0.0034162830475814544	0.061706488645441745	0.1272641263655539
log-power-n1n2.mapjitter.klw.tn0.1	Risky first	28.0	1.2	den_ratio	0.9764996690678547	1.0372492874454162	1.1049823910791623
log-power-n1n2.mapjitter.klw.tn0.1	Risky first	28.0	1.233392832614218	den_ratio	0.9749643291879599	1.0365140713105165	1.1050723040802284
log-power-n1n2.mapjitter.klw.tn0.1	Risky first	28.0	1.267714899620104	den_ratio	0.9733768400523011	1.0358481421745418	1.1045948598279998
log-power-n1n2.mapjitter.klw.tn0.1	Risky first	28.0	1.3029920591580744	den_ratio	0.9723046247928586	1.0350818804461985	1.104137780021566
log-power-n1n2.mapjitter.klw.tn0.1	Risky first	28.0	1.339250888932342	den_ratio	0.9710512104285463	1.0342939372895348	1.1038925036733085
log-power-n1n2.mapjitter.klw.tn0.1	Risky first	28.0	1.3765187062344757	den_ratio	0.9697603556278918	1.0334909978787716	1.1037332173609027
log-power-n1n2.mapjitter.klw.tn0.1	Risky first	28.0	1.4148235885241658	den_ratio	0.9685057307941757	1.0326806094325431	1.1037307221859087
log-power-n1n2.mapjitter.klw.tn0.1	Risky first	28.0	1.454194394582695	den_ratio	0.9677433956101096	1.0318900662406059	1.1031655603603598
log-power-n1n2.mapjitter.klw.tn0.1	Risky first	28.0	1.4946607862550567	den_ratio	0.9667426139284773	1.0310590302085683	1.1033782067718336
log-power-n1n2.mapjitter.klw.tn0.1	Risky first	28.0	1.5362532507970992	den_ratio	0.9656548916503135	1.0303755225263298	1.1030380982584531
log-power-n1n2.mapjitter.klw.tn0.1	Risky first	28.0	1.579003123844529	den_ratio	0.9644391352830356	1.0297192548371836	1.1026556104917846
log-power-n1n2.mapjitter.klw.tn0.1	Risky first	28.0	1.6229426130210856	den_ratio	0.96324226987397	1.0291079762220905	1.102819449957105
log-power-n1n2.mapjitter.klw.tn0.1	Risky first	28.0	1.6681048222036647	den_ratio	0.9616354341341681	1.0282594231272872	1.102480490047228
log-power-n1n2.mapjitter.klw.tn0.1	Risky first	28.0	1.714523776462679	den_ratio	0.9600553632169744	1.0275731394594412	1.1024817780196041
log-power-n1n2.mapjitter.klw.tn0.1	Risky first	28.0	1.7622344476964418	den_ratio	0.9584892763163295	1.0268865079649498	1.1031855022374186
log-power-n1n2.mapjitter.klw.tn0.1	Risky first	28.0	1.8112727809788889	den_ratio	0.9569250592376393	1.0261326982550174	1.1029287256074087
log-power-n1n2.mapjitter.klw.tn0.1	Risky first	28.0	1.861675721640487	den_ratio	0.9553790727692386	1.0253412936906603	1.1033207483530894
log-power-n1n2.mapjitter.klw.tn0.1	Risky first	28.0	1.9134812431027324	den_ratio	0.9538222459775277	1.0245266856840503	1.1035310948147554
log-power-n1n2.mapjitter.klw.tn0.1	Risky first	28.0	1.9667283754872122	den_ratio	0.9522317265692173	1.0237673919955435	1.1031995999065265
log-power-n1n2.mapjitter.klw.tn0.1	Risky first	28.0	2.021457235020777	den_ratio	0.9506995143507971	1.0229785971008085	1.1028809320176332
log-power-n1n2.mapjitter.klw.tn0.1	Risky first	28.0	2.0777090542589844	den_ratio	0.948887134594368	1.0223294041791737	1.1031235250772593
log-power-n1n2.mapjitter.klw.tn0.1	Risky first	28.0	2.1355262131505808	den_ratio	0.9472259150247961	1.0215070848477688	1.1034765207834294
log-power-n1n2.mapjitter.klw.tn0.1	Risky first	28.0	2.1949522709664246	den_ratio	0.9457693655654259	1.0209409929551718	1.103710766226892
log-power-n1n2.mapjitter.klw.tn0.1	Risky first	28.0	2.256031999116908	den_ratio	0.9439343480360943	1.0203337952646288	1.1041006548196188
log-power-n1n2.mapjitter.klw.tn0.1	Risky first	28.0	2.3188114148826	den_ratio	0.9428101966583609	1.0196183686423594	1.1044789270632587
log-power-n1n2.mapjitter.klw.tn0.1	Risky first	28.0	2.3833378160835275	den_ratio	0.9412863521577864	1.018890261340807	1.1047603515312938
log-power-n1n2.mapjitter.klw.tn0.1	Risky first	28.0	2.4496598167132055	den_ratio	0.9399271594024863	1.0182267357456949	1.105611432869829
log-power-n1n2.mapjitter.klw.tn0.1	Risky first	28.0	2.5178273835642724	den_ratio	0.93887023393927	1.0174913430313053	1.106806002653502
log-power-n1n2.mapjitter.klw.tn0.1	Risky first	28.0	2.58789187387332	den_ratio	0.9375184274995232	1.0167653218720485	1.1069795962688593
log-power-n1n2.mapjitter.klw.tn0.1	Risky first	28.0	2.659906074013276	den_ratio	0.9361702695247073	1.0161876578669353	1.1071386016227358
log-power-n1n2.mapjitter.klw.tn0.1	Risky first	28.0	2.7339242392624983	den_ratio	0.9344467555296648	1.0155055537351465	1.107333901850963
log-power-n1n2.mapjitter.klw.tn0.1	Risky first	28.0	2.8100021346805373	den_ratio	0.9327149048412845	1.01490666560994	1.107643652689422
log-power-n1n2.mapjitter.klw.tn0.1	Risky first	28.0	2.8881970771213568	den_ratio	0.930745007145295	1.0144537281218207	1.1085021360015317
log-power-n1n2.mapjitter.klw.tn0.1	Risky first	28.0	2.9685679784156793	den_ratio	0.9292468428607823	1.0137174648088214	1.10916785817514
log-power-n1n2.mapjitter.klw.tn0.1	Risky first	28.0	3.051175389754982	den_ratio	0.9271700307940284	1.0131770433236564	1.1090039024916618
log-power-n1n2.mapjitter.klw.tn0.1	Risky first	28.0	3.1360815473105736	den_ratio	0.9255797576481684	1.0124542959132876	1.1097460712980514
log-power-n1n2.mapjitter.klw.tn0.1	Risky first	28.0	3.2233504191221405	den_ratio	0.923991633518427	1.0116464475489746	1.1100951845340443
log-power-n1n2.mapjitter.klw.tn0.1	Risky first	28.0	3.31304775329107	den_ratio	0.9224819394237458	1.0110282739606848	1.1107838128567706
log-power-n1n2.mapjitter.klw.tn0.1	Risky first	28.0	3.40524112751487	den_ratio	0.920700202051786	1.0105519666321559	1.1115959135549374
log-power-n1n2.mapjitter.klw.tn0.1	Risky first	28.0	3.5000000000000004	den_ratio	0.918882605498646	1.0097946172191046	1.1115551663174787
log-power-n1n2.mapjitter.klw.tn0.1	Risky second	7.0	1.2	p_vertex	0.10110263513713208	0.13023044011618878	0.16597735331654406
log-power-n1n2.mapjitter.klw.tn0.1	Risky second	7.0	1.233392832614218	p_vertex	0.11441429634267025	0.14456101217295658	0.18069641483356247
log-power-n1n2.mapjitter.klw.tn0.1	Risky second	7.0	1.267714899620104	p_vertex	0.1296500113976451	0.16018648749355185	0.19652045988755668
log-power-n1n2.mapjitter.klw.tn0.1	Risky second	7.0	1.3029920591580744	p_vertex	0.14617361829111092	0.17725588637490916	0.2137575721483312
log-power-n1n2.mapjitter.klw.tn0.1	Risky second	7.0	1.339250888932342	p_vertex	0.16411738582665278	0.19558003800114365	0.2321735534008739
log-power-n1n2.mapjitter.klw.tn0.1	Risky second	7.0	1.3765187062344757	p_vertex	0.1833882734210995	0.21528011620962584	0.25173288824918577
log-power-n1n2.mapjitter.klw.tn0.1	Risky second	7.0	1.4148235885241658	p_vertex	0.20473203866311548	0.23640410577334517	0.27255327725929335
log-power-n1n2.mapjitter.klw.tn0.1	Risky second	7.0	1.454194394582695	p_vertex	0.2271347488675441	0.258769442953358	0.29443499658937294
log-power-n1n2.mapjitter.klw.tn0.1	Risky second	7.0	1.4946607862550567	p_vertex	0.250853338848586	0.28242158323721755	0.3175461473327737
log-power-n1n2.mapjitter.klw.tn0.1	Risky second	7.0	1.5362532507970992	p_vertex	0.276343700621497	0.3073182208709847	0.3413036054647101
log-power-n1n2.mapjitter.klw.tn0.1	Risky second	7.0	1.579003123844529	p_vertex	0.3029065011235814	0.3330497454949646	0.36604632135548126
log-power-n1n2.mapjitter.klw.tn0.1	Risky second	7.0	1.6229426130210856	p_vertex	0.3301546843049231	0.35974446293022744	0.3913211073560571
log-power-n1n2.mapjitter.klw.tn0.1	Risky second	7.0	1.6681048222036647	p_vertex	0.35777257177072774	0.38699310336021	0.4179401865667099
log-power-n1n2.mapjitter.klw.tn0.1	Risky second	7.0	1.714523776462679	p_vertex	0.38578906050650785	0.4146829997305245	0.44487114990166027
log-power-n1n2.mapjitter.klw.tn0.1	Risky second	7.0	1.7622344476964418	p_vertex	0.4142076729169363	0.44258435195074675	0.47205144890546646
log-power-n1n2.mapjitter.klw.tn0.1	Risky second	7.0	1.8112727809788889	p_vertex	0.4424551482765113	0.4705447913901065	0.4993112807870889
log-power-n1n2.mapjitter.klw.tn0.1	Risky second	7.0	1.861675721640487	p_vertex	0.4702858235245225	0.49829843899770465	0.5271081078218884
log-power-n1n2.mapjitter.klw.tn0.1	Risky second	7.0	1.9134812431027324	p_vertex	0.4973343190077756	0.5257736716488771	0.5544358888857397
log-power-n1n2.mapjitter.klw.tn0.1	Risky second	7.0	1.9667283754872122	p_vertex	0.5237160603160906	0.5525648556251093	0.580925958478819
log-power-n1n2.mapjitter.klw.tn0.1	Risky second	7.0	2.021457235020777	p_vertex	0.5497210104674014	0.5786473228862384	0.6072884321780739
log-power-n1n2.mapjitter.klw.tn0.1	Risky second	7.0	2.0777090542589844	p_vertex	0.5744722120156294	0.6039310529438819	0.632609804024553
log-power-n1n2.mapjitter.klw.tn0.1	Risky second	7.0	2.1355262131505808	p_vertex	0.5983459123287324	0.6283738027102088	0.6569816497850021
log-power-n1n2.mapjitter.klw.tn0.1	Risky second	7.0	2.1949522709664246	p_vertex	0.6212921252159466	0.6517778548702822	0.6807734368545405
log-power-n1n2.mapjitter.klw.tn0.1	Risky second	7.0	2.256031999116908	p_vertex	0.6430491537746089	0.6740516787895218	0.7029067029164188
log-power-n1n2.mapjitter.klw.tn0.1	Risky second	7.0	2.3188114148826	p_vertex	0.6640246334782319	0.695153513857651	0.7240045797912829
log-power-n1n2.mapjitter.klw.tn0.1	Risky second	7.0	2.3833378160835275	p_vertex	0.6839831528863372	0.7150642492559849	0.7437451869863437
log-power-n1n2.mapjitter.klw.tn0.1	Risky second	7.0	2.4496598167132055	p_vertex	0.7029292504430733	0.7338827632299876	0.7623008099646691
log-power-n1n2.mapjitter.klw.tn0.1	Risky second	7.0	2.5178273835642724	p_vertex	0.7207254474895856	0.7517104533599168	0.7795242582035915
log-power-n1n2.mapjitter.klw.tn0.1	Risky second	7.0	2.58789187387332	p_vertex	0.7377744890063479	0.7682789164138335	0.7956116430224247
log-power-n1n2.mapjitter.klw.tn0.1	Risky second	7.0	2.659906074013276	p_vertex	0.7534770900507379	0.7837699154461273	0.8107725616930848
log-power-n1n2.mapjitter.klw.tn0.1	Risky second	7.0	2.7339242392624983	p_vertex	0.7682013119313885	0.7982644532252223	0.8248545947458821
log-power-n1n2.mapjitter.klw.tn0.1	Risky second	7.0	2.8100021346805373	p_vertex	0.7821135781020891	0.8118033701851606	0.8376506195796743
log-power-n1n2.mapjitter.klw.tn0.1	Risky second	7.0	2.8881970771213568	p_vertex	0.7952673032023525	0.8243849286717023	0.8495844264247284
log-power-n1n2.mapjitter.klw.tn0.1	Risky second	7.0	2.9685679784156793	p_vertex	0.8075382196041909	0.835961176036232	0.8608594458748052
log-power-n1n2.mapjitter.klw.tn0.1	Risky second	7.0	3.051175389754982	p_vertex	0.8190194881641265	0.8467630824287031	0.871244312892944
log-power-n1n2.mapjitter.klw.tn0.1	Risky second	7.0	3.1360815473105736	p_vertex	0.8300939333431726	0.8568786252229775	0.8805697423388232
log-power-n1n2.mapjitter.klw.tn0.1	Risky second	7.0	3.2233504191221405	p_vertex	0.8400374927850615	0.8663110956365796	0.8891865314287911
log-power-n1n2.mapjitter.klw.tn0.1	Risky second	7.0	3.31304775329107	p_vertex	0.8494029245965096	0.8749842347061283	0.8972286278045184
log-power-n1n2.mapjitter.klw.tn0.1	Risky second	7.0	3.40524112751487	p_vertex	0.8581121962017425	0.8830873824309315	0.9046594998711732
log-power-n1n2.mapjitter.klw.tn0.1	Risky second	7.0	3.5000000000000004	p_vertex	0.8661686897418667	0.8906044421865776	0.9114660101109752
log-power-n1n2.mapjitter.klw.tn0.1	Risky second	7.0	1.2	p_full	0.14061525105036857	0.17831744508965333	0.21987865757417446
log-power-n1n2.mapjitter.klw.tn0.1	Risky second	7.0	1.233392832614218	p_full	0.15603869465209178	0.19385876421043954	0.23523948661754274
log-power-n1n2.mapjitter.klw.tn0.1	Risky second	7.0	1.267714899620104	p_full	0.17252643130132267	0.21028216248966652	0.25089665479516987
log-power-n1n2.mapjitter.klw.tn0.1	Risky second	7.0	1.3029920591580744	p_full	0.18991055357434355	0.2276580210609317	0.26787922043834406
log-power-n1n2.mapjitter.klw.tn0.1	Risky second	7.0	1.339250888932342	p_full	0.20861857394500932	0.2459323599158522	0.28503846118879467
log-power-n1n2.mapjitter.klw.tn0.1	Risky second	7.0	1.3765187062344757	p_full	0.2282078262230916	0.26504334547012254	0.3033280046369023
log-power-n1n2.mapjitter.klw.tn0.1	Risky second	7.0	1.4148235885241658	p_full	0.24889858491521713	0.28498172158203416	0.3229480251005732
log-power-n1n2.mapjitter.klw.tn0.1	Risky second	7.0	1.454194394582695	p_full	0.27051848211982216	0.3056474921911866	0.34263923790753675
log-power-n1n2.mapjitter.klw.tn0.1	Risky second	7.0	1.4946607862550567	p_full	0.2927662994617525	0.3271071005524203	0.36274768559253995
log-power-n1n2.mapjitter.klw.tn0.1	Risky second	7.0	1.5362532507970992	p_full	0.31610709283564314	0.3492131302558883	0.38411413839533043
log-power-n1n2.mapjitter.klw.tn0.1	Risky second	7.0	1.579003123844529	p_full	0.3395823636980337	0.3717848376508681	0.4051292347088106
log-power-n1n2.mapjitter.klw.tn0.1	Risky second	7.0	1.6229426130210856	p_full	0.3638632248459132	0.39464799697675507	0.4268639534921977
log-power-n1n2.mapjitter.klw.tn0.1	Risky second	7.0	1.6681048222036647	p_full	0.3878088279348933	0.41794109917212463	0.4491969113076179
log-power-n1n2.mapjitter.klw.tn0.1	Risky second	7.0	1.714523776462679	p_full	0.4121800577892779	0.4414604401817087	0.4713929177606518
log-power-n1n2.mapjitter.klw.tn0.1	Risky second	7.0	1.7622344476964418	p_full	0.4365692539777304	0.46496438924280886	0.49390853985442457
log-power-n1n2.mapjitter.klw.tn0.1	Risky second	7.0	1.8112727809788889	p_full	0.4610192548337864	0.48849904723369	0.5168353852798746
log-power-n1n2.mapjitter.klw.tn0.1	Risky second	7.0	1.861675721640487	p_full	0.48509339995110434	0.5119360516590874	0.5398464808066358
log-power-n1n2.mapjitter.klw.tn0.1	Risky second	7.0	1.9134812431027324	p_full	0.5089608903772875	0.5351906109690128	0.5629346521239319
log-power-n1n2.mapjitter.klw.tn0.1	Risky second	7.0	1.9667283754872122	p_full	0.5321530169934244	0.5581020187681226	0.5851567666197243
log-power-n1n2.mapjitter.klw.tn0.1	Risky second	7.0	2.021457235020777	p_full	0.5544703564528917	0.5806821623841737	0.6079791428562176
log-power-n1n2.mapjitter.klw.tn0.1	Risky second	7.0	2.0777090542589844	p_full	0.575913831955791	0.602958086628234	0.6300480288849512
log-power-n1n2.mapjitter.klw.tn0.1	Risky second	7.0	2.1355262131505808	p_full	0.5969977823963984	0.6245302593124609	0.6518351040392678
log-power-n1n2.mapjitter.klw.tn0.1	Risky second	7.0	2.1949522709664246	p_full	0.6176716781800996	0.6454391120346343	0.6728874495317542
log-power-n1n2.mapjitter.klw.tn0.1	Risky second	7.0	2.256031999116908	p_full	0.6375514493163572	0.6656213266306492	0.6931455572480691
log-power-n1n2.mapjitter.klw.tn0.1	Risky second	7.0	2.3188114148826	p_full	0.6568642275656863	0.6851107737424613	0.7126522161646239
log-power-n1n2.mapjitter.klw.tn0.1	Risky second	7.0	2.3833378160835275	p_full	0.6750993880858338	0.7037683695089987	0.7313266174625603
log-power-n1n2.mapjitter.klw.tn0.1	Risky second	7.0	2.4496598167132055	p_full	0.692655918190275	0.721674050923123	0.7491880674560809
log-power-n1n2.mapjitter.klw.tn0.1	Risky second	7.0	2.5178273835642724	p_full	0.7094374751733517	0.7387756449466222	0.7661656461337639
log-power-n1n2.mapjitter.klw.tn0.1	Risky second	7.0	2.58789187387332	p_full	0.7257145871137399	0.7550841133571409	0.7821068325283032
log-power-n1n2.mapjitter.klw.tn0.1	Risky second	7.0	2.659906074013276	p_full	0.7409913384252592	0.7704440477881974	0.7973170678962817
log-power-n1n2.mapjitter.klw.tn0.1	Risky second	7.0	2.7339242392624983	p_full	0.7559339183663643	0.7849782065272289	0.811691995377739
log-power-n1n2.mapjitter.klw.tn0.1	Risky second	7.0	2.8100021346805373	p_full	0.7698275923173501	0.7987555363334657	0.8249206111263819
log-power-n1n2.mapjitter.klw.tn0.1	Risky second	7.0	2.8881970771213568	p_full	0.7831208467698966	0.8117071981899306	0.8372457639906922
log-power-n1n2.mapjitter.klw.tn0.1	Risky second	7.0	2.9685679784156793	p_full	0.7958883910873366	0.823968346644899	0.84904126494999
log-power-n1n2.mapjitter.klw.tn0.1	Risky second	7.0	3.051175389754982	p_full	0.8080354749946427	0.835470081291956	0.8598573540809885
log-power-n1n2.mapjitter.klw.tn0.1	Risky second	7.0	3.1360815473105736	p_full	0.8192919934251429	0.846276237257489	0.8699367952497028
log-power-n1n2.mapjitter.klw.tn0.1	Risky second	7.0	3.2233504191221405	p_full	0.829973123986098	0.8563523626400444	0.8792939671919633
log-power-n1n2.mapjitter.klw.tn0.1	Risky second	7.0	3.31304775329107	p_full	0.8400740908085849	0.8658442455882622	0.8881087979147267
log-power-n1n2.mapjitter.klw.tn0.1	Risky second	7.0	3.40524112751487	p_full	0.8496334630616187	0.8746869169868494	0.8960874417683472
log-power-n1n2.mapjitter.klw.tn0.1	Risky second	7.0	3.5000000000000004	p_full	0.8586670949616291	0.8828910379178175	0.9034386137502959
log-power-n1n2.mapjitter.klw.tn0.1	Risky second	7.0	1.2	p_bias_only	0.13275587143477888	0.1691164556247309	0.21010032508254775
log-power-n1n2.mapjitter.klw.tn0.1	Risky second	7.0	1.233392832614218	p_bias_only	0.14819700096213312	0.18480730377646787	0.22569139112519845
log-power-n1n2.mapjitter.klw.tn0.1	Risky second	7.0	1.267714899620104	p_bias_only	0.1647779800793044	0.2015952303523329	0.24223151500177634
log-power-n1n2.mapjitter.klw.tn0.1	Risky second	7.0	1.3029920591580744	p_bias_only	0.1824182253092493	0.21933952387429204	0.25979091796539666
log-power-n1n2.mapjitter.klw.tn0.1	Risky second	7.0	1.339250888932342	p_bias_only	0.20125631493116	0.23813164831156378	0.2780829824035569
log-power-n1n2.mapjitter.klw.tn0.1	Risky second	7.0	1.3765187062344757	p_bias_only	0.22117927781918956	0.25795488723716486	0.29757474350580876
log-power-n1n2.mapjitter.klw.tn0.1	Risky second	7.0	1.4148235885241658	p_bias_only	0.24245494720962993	0.27882037844342955	0.3182242464820079
log-power-n1n2.mapjitter.klw.tn0.1	Risky second	7.0	1.454194394582695	p_bias_only	0.2642971800513047	0.3003316009627349	0.33927723466955767
log-power-n1n2.mapjitter.klw.tn0.1	Risky second	7.0	1.4946607862550567	p_bias_only	0.2870620997869394	0.3225811063344153	0.36078309398585584
log-power-n1n2.mapjitter.klw.tn0.1	Risky second	7.0	1.5362532507970992	p_bias_only	0.31078165697845994	0.34563275307762636	0.3831830722604046
log-power-n1n2.mapjitter.klw.tn0.1	Risky second	7.0	1.579003123844529	p_bias_only	0.33522866492951225	0.36926702069485223	0.40594934085370576
log-power-n1n2.mapjitter.klw.tn0.1	Risky second	7.0	1.6229426130210856	p_bias_only	0.35963357518866196	0.3933760700619203	0.42934608296804433
log-power-n1n2.mapjitter.klw.tn0.1	Risky second	7.0	1.6681048222036647	p_bias_only	0.3844299766762152	0.4178161165418514	0.4528196477862618
log-power-n1n2.mapjitter.klw.tn0.1	Risky second	7.0	1.714523776462679	p_bias_only	0.40981012974627457	0.44244585905535905	0.4768809283990489
log-power-n1n2.mapjitter.klw.tn0.1	Risky second	7.0	1.7622344476964418	p_bias_only	0.4354543407051959	0.4672005335346925	0.5009684036514053
log-power-n1n2.mapjitter.klw.tn0.1	Risky second	7.0	1.8112727809788889	p_bias_only	0.46010272385335255	0.491749937186624	0.5250542696903507
log-power-n1n2.mapjitter.klw.tn0.1	Risky second	7.0	1.861675721640487	p_bias_only	0.4852468154167025	0.516131057278467	0.548916811315317
log-power-n1n2.mapjitter.klw.tn0.1	Risky second	7.0	1.9134812431027324	p_bias_only	0.5099794732267673	0.5403062425655324	0.5720257332108276
log-power-n1n2.mapjitter.klw.tn0.1	Risky second	7.0	1.9667283754872122	p_bias_only	0.534340979393648	0.564150364405234	0.5949977450455849
log-power-n1n2.mapjitter.klw.tn0.1	Risky second	7.0	2.021457235020777	p_bias_only	0.557967205183866	0.5874962899574512	0.6179711874126343
log-power-n1n2.mapjitter.klw.tn0.1	Risky second	7.0	2.0777090542589844	p_bias_only	0.5805153969064067	0.6100941862704994	0.64006433314238
log-power-n1n2.mapjitter.klw.tn0.1	Risky second	7.0	2.1355262131505808	p_bias_only	0.6025511568994452	0.6317894000143414	0.6614685469406939
log-power-n1n2.mapjitter.klw.tn0.1	Risky second	7.0	2.1949522709664246	p_bias_only	0.6237100792541094	0.6529002774466541	0.6820705682328698
log-power-n1n2.mapjitter.klw.tn0.1	Risky second	7.0	2.256031999116908	p_bias_only	0.6443353703410428	0.6732327574900163	0.7018931746560696
log-power-n1n2.mapjitter.klw.tn0.1	Risky second	7.0	2.3188114148826	p_bias_only	0.6637840563621445	0.6927183592805393	0.7210659043694222
log-power-n1n2.mapjitter.klw.tn0.1	Risky second	7.0	2.3833378160835275	p_bias_only	0.68261681251483	0.7113329006689573	0.7391402112151038
log-power-n1n2.mapjitter.klw.tn0.1	Risky second	7.0	2.4496598167132055	p_bias_only	0.700651722992725	0.7290187935182999	0.7563410018725651
log-power-n1n2.mapjitter.klw.tn0.1	Risky second	7.0	2.5178273835642724	p_bias_only	0.7176144420997647	0.7458403937600222	0.7725598305401697
log-power-n1n2.mapjitter.klw.tn0.1	Risky second	7.0	2.58789187387332	p_bias_only	0.7336738948294187	0.7617712423665004	0.7879052012273198
log-power-n1n2.mapjitter.klw.tn0.1	Risky second	7.0	2.659906074013276	p_bias_only	0.7492722314813633	0.7768645065940903	0.802294016372953
log-power-n1n2.mapjitter.klw.tn0.1	Risky second	7.0	2.7339242392624983	p_bias_only	0.7640014001634613	0.7911826146735541	0.8157071911060699
log-power-n1n2.mapjitter.klw.tn0.1	Risky second	7.0	2.8100021346805373	p_bias_only	0.7777670883173353	0.8045293593948226	0.8285179273807162
log-power-n1n2.mapjitter.klw.tn0.1	Risky second	7.0	2.8881970771213568	p_bias_only	0.7910057647161213	0.8170403294219444	0.8403594476166506
log-power-n1n2.mapjitter.klw.tn0.1	Risky second	7.0	2.9685679784156793	p_bias_only	0.8035097408417683	0.8288090301082085	0.851134270154922
log-power-n1n2.mapjitter.klw.tn0.1	Risky second	7.0	3.051175389754982	p_bias_only	0.8155062018267107	0.8397796246100536	0.8615875960671676
log-power-n1n2.mapjitter.klw.tn0.1	Risky second	7.0	3.1360815473105736	p_bias_only	0.8265384220935629	0.8500546929685397	0.8710770807965348
log-power-n1n2.mapjitter.klw.tn0.1	Risky second	7.0	3.2233504191221405	p_bias_only	0.8366067049484055	0.8596325914823535	0.879892867522117
log-power-n1n2.mapjitter.klw.tn0.1	Risky second	7.0	3.31304775329107	p_bias_only	0.846408116734878	0.8685780216962027	0.8880764843216011
log-power-n1n2.mapjitter.klw.tn0.1	Risky second	7.0	3.40524112751487	p_bias_only	0.8554103165464824	0.8769483050866639	0.8956585434301777
log-power-n1n2.mapjitter.klw.tn0.1	Risky second	7.0	3.5000000000000004	p_bias_only	0.8638851121010227	0.8847519695881425	0.9028684943388459
log-power-n1n2.mapjitter.klw.tn0.1	Risky second	7.0	1.2	p_scale_only	0.11628247945935982	0.14745297958178621	0.18373027092604552
log-power-n1n2.mapjitter.klw.tn0.1	Risky second	7.0	1.233392832614218	p_scale_only	0.1306651949935517	0.16251303752512652	0.1993717051079887
log-power-n1n2.mapjitter.klw.tn0.1	Risky second	7.0	1.267714899620104	p_scale_only	0.1459074959453291	0.1785998516652217	0.21586452608072296
log-power-n1n2.mapjitter.klw.tn0.1	Risky second	7.0	1.3029920591580744	p_scale_only	0.1627053690739646	0.1959160785914484	0.23319527433716297
log-power-n1n2.mapjitter.klw.tn0.1	Risky second	7.0	1.339250888932342	p_scale_only	0.18092951385253428	0.21430490886785186	0.25123174016426225
log-power-n1n2.mapjitter.klw.tn0.1	Risky second	7.0	1.3765187062344757	p_scale_only	0.20001805475888132	0.23357402585115292	0.27003498986035007
log-power-n1n2.mapjitter.klw.tn0.1	Risky second	7.0	1.4148235885241658	p_scale_only	0.22025361482975017	0.2540275430016692	0.28978571852301416
log-power-n1n2.mapjitter.klw.tn0.1	Risky second	7.0	1.454194394582695	p_scale_only	0.2415570216481649	0.27527755608572047	0.31066331464127883
log-power-n1n2.mapjitter.klw.tn0.1	Risky second	7.0	1.4946607862550567	p_scale_only	0.26396616460940664	0.29733863246959147	0.33239569243896194
log-power-n1n2.mapjitter.klw.tn0.1	Risky second	7.0	1.5362532507970992	p_scale_only	0.2870095228257482	0.3202531251125361	0.35484940378149565
log-power-n1n2.mapjitter.klw.tn0.1	Risky second	7.0	1.579003123844529	p_scale_only	0.31109449056074934	0.3439269278010064	0.37741806189036897
log-power-n1n2.mapjitter.klw.tn0.1	Risky second	7.0	1.6229426130210856	p_scale_only	0.3356992337884456	0.36802643032598725	0.4006831760811661
log-power-n1n2.mapjitter.klw.tn0.1	Risky second	7.0	1.6681048222036647	p_scale_only	0.3611245529167134	0.3925573728928109	0.42381118697431397
log-power-n1n2.mapjitter.klw.tn0.1	Risky second	7.0	1.714523776462679	p_scale_only	0.38699922797299896	0.41758356694126253	0.44748525108776493
log-power-n1n2.mapjitter.klw.tn0.1	Risky second	7.0	1.7622344476964418	p_scale_only	0.412845045400429	0.4426392451301707	0.47180041357025193
log-power-n1n2.mapjitter.klw.tn0.1	Risky second	7.0	1.8112727809788889	p_scale_only	0.43868299436386804	0.4677373647680533	0.4962852173774777
log-power-n1n2.mapjitter.klw.tn0.1	Risky second	7.0	1.861675721640487	p_scale_only	0.4643585431357167	0.49298309817749064	0.5207408909931569
log-power-n1n2.mapjitter.klw.tn0.1	Risky second	7.0	1.9134812431027324	p_scale_only	0.48981412980552186	0.5180334196643732	0.5449306096332391
log-power-n1n2.mapjitter.klw.tn0.1	Risky second	7.0	1.9667283754872122	p_scale_only	0.5148931743209073	0.5425917165339034	0.5692734103741334
log-power-n1n2.mapjitter.klw.tn0.1	Risky second	7.0	2.021457235020777	p_scale_only	0.5395113996226648	0.5667298238107034	0.5934326264262184
log-power-n1n2.mapjitter.klw.tn0.1	Risky second	7.0	2.0777090542589844	p_scale_only	0.5637880071754068	0.5904224243588614	0.6168445565154562
log-power-n1n2.mapjitter.klw.tn0.1	Risky second	7.0	2.1355262131505808	p_scale_only	0.5871451131833346	0.6136341938738731	0.6399244688113443
log-power-n1n2.mapjitter.klw.tn0.1	Risky second	7.0	2.1949522709664246	p_scale_only	0.6095809901711886	0.6359840879562683	0.6621732910171011
log-power-n1n2.mapjitter.klw.tn0.1	Risky second	7.0	2.256031999116908	p_scale_only	0.631066745295891	0.6575832471983667	0.6834532625990384
log-power-n1n2.mapjitter.klw.tn0.1	Risky second	7.0	2.3188114148826	p_scale_only	0.6516099358545292	0.678483363447945	0.7039711229483743
log-power-n1n2.mapjitter.klw.tn0.1	Risky second	7.0	2.3833378160835275	p_scale_only	0.67151728320438	0.6983798780187691	0.7240750223682565
log-power-n1n2.mapjitter.klw.tn0.1	Risky second	7.0	2.4496598167132055	p_scale_only	0.6907865245092488	0.7174240242995429	0.7428689173144077
log-power-n1n2.mapjitter.klw.tn0.1	Risky second	7.0	2.5178273835642724	p_scale_only	0.70907412582899	0.7356456106575702	0.7610777818747941
log-power-n1n2.mapjitter.klw.tn0.1	Risky second	7.0	2.58789187387332	p_scale_only	0.7265147949460138	0.752861346139232	0.7780503965616163
log-power-n1n2.mapjitter.klw.tn0.1	Risky second	7.0	2.659906074013276	p_scale_only	0.7429934587373522	0.7692238545858929	0.7940327665152911
log-power-n1n2.mapjitter.klw.tn0.1	Risky second	7.0	2.7339242392624983	p_scale_only	0.7589355224106605	0.784630486635095	0.8090953779186841
log-power-n1n2.mapjitter.klw.tn0.1	Risky second	7.0	2.8100021346805373	p_scale_only	0.7735943953994354	0.799151130234415	0.8230722547554465
log-power-n1n2.mapjitter.klw.tn0.1	Risky second	7.0	2.8881970771213568	p_scale_only	0.7876486827093286	0.8128157102650644	0.8361786070645434
log-power-n1n2.mapjitter.klw.tn0.1	Risky second	7.0	2.9685679784156793	p_scale_only	0.8010878495322763	0.8256726742588348	0.8485440954644827
log-power-n1n2.mapjitter.klw.tn0.1	Risky second	7.0	3.051175389754982	p_scale_only	0.8135517161849989	0.8376089300290932	0.8599833378632725
log-power-n1n2.mapjitter.klw.tn0.1	Risky second	7.0	3.1360815473105736	p_scale_only	0.825275272474455	0.8488502007372223	0.8705258567964665
log-power-n1n2.mapjitter.klw.tn0.1	Risky second	7.0	3.2233504191221405	p_scale_only	0.8360526877588761	0.85926338466494	0.8804133215629607
log-power-n1n2.mapjitter.klw.tn0.1	Risky second	7.0	3.31304775329107	p_scale_only	0.846341545089972	0.8689300764701219	0.8895174260252263
log-power-n1n2.mapjitter.klw.tn0.1	Risky second	7.0	3.40524112751487	p_scale_only	0.8559827893694518	0.8779912513554962	0.8979346649326551
log-power-n1n2.mapjitter.klw.tn0.1	Risky second	7.0	3.5000000000000004	p_scale_only	0.8650358684571986	0.8864316619461999	0.9056994172224538
log-power-n1n2.mapjitter.klw.tn0.1	Risky second	7.0	1.2	dp_full	0.012537107520092003	0.047209579277570954	0.08393101424875148
log-power-n1n2.mapjitter.klw.tn0.1	Risky second	7.0	1.233392832614218	dp_full	0.014005315149073265	0.04836950165948095	0.0848197978070558
log-power-n1n2.mapjitter.klw.tn0.1	Risky second	7.0	1.267714899620104	dp_full	0.014818527718042575	0.049172931755916145	0.08548588570838225
log-power-n1n2.mapjitter.klw.tn0.1	Risky second	7.0	1.3029920591580744	dp_full	0.015930440793456794	0.04955230713465901	0.08519522768421733
log-power-n1n2.mapjitter.klw.tn0.1	Risky second	7.0	1.339250888932342	dp_full	0.0164493201878329	0.04952410519049222	0.08436508606804273
log-power-n1n2.mapjitter.klw.tn0.1	Risky second	7.0	1.3765187062344757	dp_full	0.016464510725244616	0.04904825662543981	0.08304282117299663
log-power-n1n2.mapjitter.klw.tn0.1	Risky second	7.0	1.4148235885241658	dp_full	0.016140783078891573	0.047854107054352786	0.08103692962012178
log-power-n1n2.mapjitter.klw.tn0.1	Risky second	7.0	1.454194394582695	dp_full	0.01601622252006821	0.04628085624773083	0.07814916253928002
log-power-n1n2.mapjitter.klw.tn0.1	Risky second	7.0	1.4946607862550567	dp_full	0.014900764289260729	0.04404579235132507	0.07444722677362245
log-power-n1n2.mapjitter.klw.tn0.1	Risky second	7.0	1.5362532507970992	dp_full	0.013898184764350882	0.041234009301400545	0.06983582784527635
log-power-n1n2.mapjitter.klw.tn0.1	Risky second	7.0	1.579003123844529	dp_full	0.012422993484269104	0.038038524899506786	0.06504197171533546
log-power-n1n2.mapjitter.klw.tn0.1	Risky second	7.0	1.6229426130210856	dp_full	0.010652750742497797	0.03446445166716758	0.06000859801836387
log-power-n1n2.mapjitter.klw.tn0.1	Risky second	7.0	1.6681048222036647	dp_full	0.008456484639661112	0.03041410525359652	0.05541927184555344
log-power-n1n2.mapjitter.klw.tn0.1	Risky second	7.0	1.714523776462679	dp_full	0.005397385317316461	0.026250210831899906	0.050242916751529455
log-power-n1n2.mapjitter.klw.tn0.1	Risky second	7.0	1.7622344476964418	dp_full	0.0015874503268060334	0.021874559409069294	0.044932286680392015
log-power-n1n2.mapjitter.klw.tn0.1	Risky second	7.0	1.8112727809788889	dp_full	-0.002338182768216385	0.01753839613551536	0.04039503782735307
log-power-n1n2.mapjitter.klw.tn0.1	Risky second	7.0	1.861675721640487	dp_full	-0.006807726437533391	0.013183202615538092	0.036354041682462514
log-power-n1n2.mapjitter.klw.tn0.1	Risky second	7.0	1.9134812431027324	dp_full	-0.011677541907334305	0.008959835820609446	0.03266318446732488
log-power-n1n2.mapjitter.klw.tn0.1	Risky second	7.0	1.9667283754872122	dp_full	-0.016608631401167553	0.0051503624842299655	0.029489193779540318
log-power-n1n2.mapjitter.klw.tn0.1	Risky second	7.0	2.021457235020777	dp_full	-0.021173095199448818	0.0017746986011934263	0.027299441783452224
log-power-n1n2.mapjitter.klw.tn0.1	Risky second	7.0	2.0777090542589844	dp_full	-0.025737525103259867	-0.0013615495688521408	0.025083194048837867
log-power-n1n2.mapjitter.klw.tn0.1	Risky second	7.0	2.1355262131505808	dp_full	-0.029802657830166317	-0.004179760195988874	0.02337360521920135
log-power-n1n2.mapjitter.klw.tn0.1	Risky second	7.0	2.1949522709664246	dp_full	-0.03369088489606238	-0.006470812882873424	0.022175088033014476
log-power-n1n2.mapjitter.klw.tn0.1	Risky second	7.0	2.256031999116908	dp_full	-0.037154310665401036	-0.008442467171364241	0.021351839953835012
log-power-n1n2.mapjitter.klw.tn0.1	Risky second	7.0	2.3188114148826	dp_full	-0.039840318302374764	-0.009984790443430333	0.02056754253083695
log-power-n1n2.mapjitter.klw.tn0.1	Risky second	7.0	2.3833378160835275	dp_full	-0.04185563698713145	-0.011149506718400256	0.019973325999137845
log-power-n1n2.mapjitter.klw.tn0.1	Risky second	7.0	2.4496598167132055	dp_full	-0.04371181657577056	-0.012021707057195406	0.019675147695360034
log-power-n1n2.mapjitter.klw.tn0.1	Risky second	7.0	2.5178273835642724	dp_full	-0.04465719144479378	-0.012711054999271014	0.019241395496717117
log-power-n1n2.mapjitter.klw.tn0.1	Risky second	7.0	2.58789187387332	dp_full	-0.04527727395648582	-0.013008104547037228	0.019106270561593607
log-power-n1n2.mapjitter.klw.tn0.1	Risky second	7.0	2.659906074013276	dp_full	-0.04537782978798915	-0.013043988879199254	0.01908835854333826
log-power-n1n2.mapjitter.klw.tn0.1	Risky second	7.0	2.7339242392624983	dp_full	-0.04526109617599105	-0.012932867066758537	0.018933772191009706
log-power-n1n2.mapjitter.klw.tn0.1	Risky second	7.0	2.8100021346805373	dp_full	-0.04476621182242191	-0.012667930961016864	0.018964978880087063
log-power-n1n2.mapjitter.klw.tn0.1	Risky second	7.0	2.8881970771213568	dp_full	-0.04404780135538723	-0.012170130651995853	0.01902100081853443
log-power-n1n2.mapjitter.klw.tn0.1	Risky second	7.0	2.9685679784156793	dp_full	-0.04299396514052365	-0.011594916548862983	0.01904417179670393
log-power-n1n2.mapjitter.klw.tn0.1	Risky second	7.0	3.051175389754982	dp_full	-0.04188216991765604	-0.010956157893549812	0.019224870168399084
log-power-n1n2.mapjitter.klw.tn0.1	Risky second	7.0	3.1360815473105736	dp_full	-0.04052473771282334	-0.010296519027377297	0.019392582502577315
log-power-n1n2.mapjitter.klw.tn0.1	Risky second	7.0	3.2233504191221405	dp_full	-0.03913194875500158	-0.009579843165748175	0.01936452483987995
log-power-n1n2.mapjitter.klw.tn0.1	Risky second	7.0	3.31304775329107	dp_full	-0.03761663054630094	-0.008767825436971355	0.019503938149109674
log-power-n1n2.mapjitter.klw.tn0.1	Risky second	7.0	3.40524112751487	dp_full	-0.03613158745908143	-0.00803554466702162	0.019455377407197844
log-power-n1n2.mapjitter.klw.tn0.1	Risky second	7.0	3.5000000000000004	dp_full	-0.03460719863472594	-0.007329630202184736	0.0195399577300889
log-power-n1n2.mapjitter.klw.tn0.1	Risky second	7.0	1.2	dp_bias	0.010203877955025694	0.03766546214558891	0.07027158418762923
log-power-n1n2.mapjitter.klw.tn0.1	Risky second	7.0	1.233392832614218	dp_bias	0.01118462448180331	0.03911197774235328	0.07180966615772136
log-power-n1n2.mapjitter.klw.tn0.1	Risky second	7.0	1.267714899620104	dp_bias	0.011837581108339053	0.0403700094206207	0.07319261573694923
log-power-n1n2.mapjitter.klw.tn0.1	Risky second	7.0	1.3029920591580744	dp_bias	0.012427420642475706	0.04123330707481347	0.07429076583561071
log-power-n1n2.mapjitter.klw.tn0.1	Risky second	7.0	1.339250888932342	dp_bias	0.012927091012123651	0.041702041730481074	0.07518414857704216
log-power-n1n2.mapjitter.klw.tn0.1	Risky second	7.0	1.3765187062344757	dp_bias	0.013045227575439477	0.041794841053086194	0.07478883060100767
log-power-n1n2.mapjitter.klw.tn0.1	Risky second	7.0	1.4148235885241658	dp_bias	0.01291285409630368	0.041428049919334436	0.07414336964846227
log-power-n1n2.mapjitter.klw.tn0.1	Risky second	7.0	1.454194394582695	dp_bias	0.012499262553444003	0.04064629543408795	0.07290806950915019
log-power-n1n2.mapjitter.klw.tn0.1	Risky second	7.0	1.4946607862550567	dp_bias	0.011631221073814254	0.03934944754447028	0.07109964818583997
log-power-n1n2.mapjitter.klw.tn0.1	Risky second	7.0	1.5362532507970992	dp_bias	0.010533311985266977	0.037635688756666986	0.06890568148485082
log-power-n1n2.mapjitter.klw.tn0.1	Risky second	7.0	1.579003123844529	dp_bias	0.00885240892727236	0.035619217765468995	0.06615371865027579
log-power-n1n2.mapjitter.klw.tn0.1	Risky second	7.0	1.6229426130210856	dp_bias	0.007085217960742432	0.033249345007146894	0.06313320282051725
log-power-n1n2.mapjitter.klw.tn0.1	Risky second	7.0	1.6681048222036647	dp_bias	0.004932797202047012	0.03043903029524911	0.05913867053778768
log-power-n1n2.mapjitter.klw.tn0.1	Risky second	7.0	1.714523776462679	dp_bias	0.0026480738524558975	0.027422739345588695	0.05532473668322744
log-power-n1n2.mapjitter.klw.tn0.1	Risky second	7.0	1.7622344476964418	dp_bias	0.00015192589713216217	0.024249574599336104	0.051289587695489115
log-power-n1n2.mapjitter.klw.tn0.1	Risky second	7.0	1.8112727809788889	dp_bias	-0.0025983365854436386	0.020896296167207035	0.04721322632036117
log-power-n1n2.mapjitter.klw.tn0.1	Risky second	7.0	1.861675721640487	dp_bias	-0.005708843501109691	0.017635124387277032	0.043024469042263654
log-power-n1n2.mapjitter.klw.tn0.1	Risky second	7.0	1.9134812431027324	dp_bias	-0.00864762146713648	0.01439195350556828	0.039105751135781894
log-power-n1n2.mapjitter.klw.tn0.1	Risky second	7.0	1.9667283754872122	dp_bias	-0.011384584466847399	0.011276514421366832	0.035778051888486796
log-power-n1n2.mapjitter.klw.tn0.1	Risky second	7.0	2.021457235020777	dp_bias	-0.014238336209764434	0.008371869991688671	0.03217442697176208
log-power-n1n2.mapjitter.klw.tn0.1	Risky second	7.0	2.0777090542589844	dp_bias	-0.01717443491635649	0.005710353489593488	0.02920598147638907
log-power-n1n2.mapjitter.klw.tn0.1	Risky second	7.0	2.1355262131505808	dp_bias	-0.019409983932297252	0.003332158856986945	0.026257437480019432
log-power-n1n2.mapjitter.klw.tn0.1	Risky second	7.0	2.1949522709664246	dp_bias	-0.021619642947705454	0.0011484758618651122	0.023853444176891538
log-power-n1n2.mapjitter.klw.tn0.1	Risky second	7.0	2.256031999116908	dp_bias	-0.023590877943923533	-0.0006383574777217817	0.0216484732916687
log-power-n1n2.mapjitter.klw.tn0.1	Risky second	7.0	2.3188114148826	dp_bias	-0.024823907728379262	-0.0022052821523275137	0.01979243537379181
log-power-n1n2.mapjitter.klw.tn0.1	Risky second	7.0	2.3833378160835275	dp_bias	-0.0259419141237323	-0.003568209445867404	0.017896388247436504
log-power-n1n2.mapjitter.klw.tn0.1	Risky second	7.0	2.4496598167132055	dp_bias	-0.026671858293221874	-0.004641686816670479	0.016556615082538723
log-power-n1n2.mapjitter.klw.tn0.1	Risky second	7.0	2.5178273835642724	dp_bias	-0.02712521654213266	-0.005536561534916686	0.015388808118071192
log-power-n1n2.mapjitter.klw.tn0.1	Risky second	7.0	2.58789187387332	dp_bias	-0.027380275887065743	-0.006176745884768651	0.014258794686342776
log-power-n1n2.mapjitter.klw.tn0.1	Risky second	7.0	2.659906074013276	dp_bias	-0.027348849247672707	-0.006612002173702697	0.013197907603874685
log-power-n1n2.mapjitter.klw.tn0.1	Risky second	7.0	2.7339242392624983	dp_bias	-0.027230351129171416	-0.006839728721065747	0.012482416565627066
log-power-n1n2.mapjitter.klw.tn0.1	Risky second	7.0	2.8100021346805373	dp_bias	-0.026877822659657997	-0.0069579920555144	0.011784153317026442
log-power-n1n2.mapjitter.klw.tn0.1	Risky second	7.0	2.8881970771213568	dp_bias	-0.026478105675638675	-0.007033814294167325	0.011394212101069435
log-power-n1n2.mapjitter.klw.tn0.1	Risky second	7.0	2.9685679784156793	dp_bias	-0.02617414977175055	-0.006961635993994788	0.011002702579231933
log-power-n1n2.mapjitter.klw.tn0.1	Risky second	7.0	3.051175389754982	dp_bias	-0.025464443510172373	-0.006776807225450366	0.010723655607916683
log-power-n1n2.mapjitter.klw.tn0.1	Risky second	7.0	3.1360815473105736	dp_bias	-0.024656680825227116	-0.006595529935086238	0.010475174919771868
log-power-n1n2.mapjitter.klw.tn0.1	Risky second	7.0	3.2233504191221405	dp_bias	-0.023896685576517075	-0.006373977667361925	0.010281112275888142
log-power-n1n2.mapjitter.klw.tn0.1	Risky second	7.0	3.31304775329107	dp_bias	-0.023165030207329948	-0.006122232238902063	0.010059801048767641
log-power-n1n2.mapjitter.klw.tn0.1	Risky second	7.0	3.40524112751487	dp_bias	-0.022386748319763315	-0.005849587185447522	0.009817482532545087
log-power-n1n2.mapjitter.klw.tn0.1	Risky second	7.0	3.5000000000000004	dp_bias	-0.021614155807972824	-0.005577319458744758	0.00970235961885501
log-power-n1n2.mapjitter.klw.tn0.1	Risky second	7.0	1.2	dp_scale	-0.0026872231405801936	0.016728928925938316	0.03820243662774636
log-power-n1n2.mapjitter.klw.tn0.1	Risky second	7.0	1.233392832614218	dp_scale	-0.0023752764065679364	0.017400158147502707	0.03901454390438273
log-power-n1n2.mapjitter.klw.tn0.1	Risky second	7.0	1.267714899620104	dp_scale	-0.0021763630650362916	0.017910813670003384	0.03954494202684553
log-power-n1n2.mapjitter.klw.tn0.1	Risky second	7.0	1.3029920591580744	dp_scale	-0.001978615300579595	0.018154524940536182	0.03971549280331933
log-power-n1n2.mapjitter.klw.tn0.1	Risky second	7.0	1.339250888932342	dp_scale	-0.001889582871088138	0.018149596957204944	0.03932095444310253
log-power-n1n2.mapjitter.klw.tn0.1	Risky second	7.0	1.3765187062344757	dp_scale	-0.0018513136416361767	0.0177659579808368	0.03822629183894866
log-power-n1n2.mapjitter.klw.tn0.1	Risky second	7.0	1.4148235885241658	dp_scale	-0.002018611260505704	0.017056674438502895	0.036777916345368984
log-power-n1n2.mapjitter.klw.tn0.1	Risky second	7.0	1.454194394582695	dp_scale	-0.002355695025031976	0.015885591988211926	0.03476435869864164
log-power-n1n2.mapjitter.klw.tn0.1	Risky second	7.0	1.4946607862550567	dp_scale	-0.0027330134764234713	0.014430250552140263	0.03202341803516623
log-power-n1n2.mapjitter.klw.tn0.1	Risky second	7.0	1.5362532507970992	dp_scale	-0.003330128092206083	0.012638548410041882	0.028880589855171224
log-power-n1n2.mapjitter.klw.tn0.1	Risky second	7.0	1.579003123844529	dp_scale	-0.003952771986814801	0.010497375532432539	0.025186107206121362
log-power-n1n2.mapjitter.klw.tn0.1	Risky second	7.0	1.6229426130210856	dp_scale	-0.0050342629477445906	0.008033108413423357	0.021036329355813878
log-power-n1n2.mapjitter.klw.tn0.1	Risky second	7.0	1.6681048222036647	dp_scale	-0.006268933098971172	0.005464125892232246	0.01671161441958449
log-power-n1n2.mapjitter.klw.tn0.1	Risky second	7.0	1.714523776462679	dp_scale	-0.007793902450807483	0.0027774461384999114	0.012572385849545384
log-power-n1n2.mapjitter.klw.tn0.1	Risky second	7.0	1.7622344476964418	dp_scale	-0.009650343593912382	1.7430949752554405e-05	0.008436050317396299
log-power-n1n2.mapjitter.klw.tn0.1	Risky second	7.0	1.8112727809788889	dp_scale	-0.011784463843667894	-0.0027548665085693324	0.004994651844229574
log-power-n1n2.mapjitter.klw.tn0.1	Risky second	7.0	1.861675721640487	dp_scale	-0.014353708290493475	-0.005411784168336283	0.0022229496476674914
log-power-n1n2.mapjitter.klw.tn0.1	Risky second	7.0	1.9134812431027324	dp_scale	-0.017253781803949493	-0.00796966709360352	0.00038162520285179
log-power-n1n2.mapjitter.klw.tn0.1	Risky second	7.0	1.9667283754872122	dp_scale	-0.020503404944013426	-0.010161102236841638	-0.0009350093825238536
log-power-n1n2.mapjitter.klw.tn0.1	Risky second	7.0	2.021457235020777	dp_scale	-0.02359422673479358	-0.012092028962399907	-0.001654242199289518
log-power-n1n2.mapjitter.klw.tn0.1	Risky second	7.0	2.0777090542589844	dp_scale	-0.026553153093684487	-0.013778894585053734	-0.001954790515092256
log-power-n1n2.mapjitter.klw.tn0.1	Risky second	7.0	2.1355262131505808	dp_scale	-0.028993590949356704	-0.015010202094758052	-0.002218833274261652
log-power-n1n2.mapjitter.klw.tn0.1	Risky second	7.0	2.1949522709664246	dp_scale	-0.031046514482719	-0.015941085812707624	-0.0021697710721652838
log-power-n1n2.mapjitter.klw.tn0.1	Risky second	7.0	2.256031999116908	dp_scale	-0.032664450521317875	-0.016471705386596654	-0.0018763229693945151
log-power-n1n2.mapjitter.klw.tn0.1	Risky second	7.0	2.3188114148826	dp_scale	-0.033848058628167185	-0.01665935754164171	-0.0013536932524096895
log-power-n1n2.mapjitter.klw.tn0.1	Risky second	7.0	2.3833378160835275	dp_scale	-0.034413053500448224	-0.01662934875240418	-0.0005628809427165112
log-power-n1n2.mapjitter.klw.tn0.1	Risky second	7.0	2.4496598167132055	dp_scale	-0.034673251108627345	-0.016361873420674515	0.00021058135306408174
log-power-n1n2.mapjitter.klw.tn0.1	Risky second	7.0	2.5178273835642724	dp_scale	-0.03459926403672693	-0.01582027702018746	0.00115749075810815
log-power-n1n2.mapjitter.klw.tn0.1	Risky second	7.0	2.58789187387332	dp_scale	-0.034203187784997265	-0.015076753429271363	0.00228877948498204
log-power-n1n2.mapjitter.klw.tn0.1	Risky second	7.0	2.659906074013276	dp_scale	-0.0336477873795805	-0.014177399283825609	0.003351316089152344
log-power-n1n2.mapjitter.klw.tn0.1	Risky second	7.0	2.7339242392624983	dp_scale	-0.03278233612934844	-0.013188540976385867	0.0043949172046669534
log-power-n1n2.mapjitter.klw.tn0.1	Risky second	7.0	2.8100021346805373	dp_scale	-0.031617007550295555	-0.01212757695071005	0.005592466171101326
log-power-n1n2.mapjitter.klw.tn0.1	Risky second	7.0	2.8881970771213568	dp_scale	-0.030222148141743926	-0.011014923410645694	0.006680882581188446
log-power-n1n2.mapjitter.klw.tn0.1	Risky second	7.0	2.9685679784156793	dp_scale	-0.028866120619948633	-0.009891512793012147	0.007600904986478949
log-power-n1n2.mapjitter.klw.tn0.1	Risky second	7.0	3.051175389754982	dp_scale	-0.027348562736857637	-0.00871690887866286	0.008340651185110412
log-power-n1n2.mapjitter.klw.tn0.1	Risky second	7.0	3.1360815473105736	dp_scale	-0.025911246968991	-0.007669159188007091	0.009192150378823266
log-power-n1n2.mapjitter.klw.tn0.1	Risky second	7.0	3.2233504191221405	dp_scale	-0.024444908853760935	-0.006655381512448402	0.009926097475796657
log-power-n1n2.mapjitter.klw.tn0.1	Risky second	7.0	3.31304775329107	dp_scale	-0.022927787459858778	-0.005687508131403816	0.010431621755934366
log-power-n1n2.mapjitter.klw.tn0.1	Risky second	7.0	3.40524112751487	dp_scale	-0.021351676138147008	-0.004713563371700878	0.01103682250247882
log-power-n1n2.mapjitter.klw.tn0.1	Risky second	7.0	3.5000000000000004	dp_scale	-0.019971785090736684	-0.003826110120963809	0.011567141996697436
log-power-n1n2.mapjitter.klw.tn0.1	Risky second	7.0	1.2	dp_interaction	-0.017636828247083174	-0.007208937626354892	-0.0016730165621141047
log-power-n1n2.mapjitter.klw.tn0.1	Risky second	7.0	1.233392832614218	dp_interaction	-0.018827251135646688	-0.008195014250133737	-0.00245303375925305
log-power-n1n2.mapjitter.klw.tn0.1	Risky second	7.0	1.267714899620104	dp_interaction	-0.019824455121026617	-0.009081148016863525	-0.0029739434303130787
log-power-n1n2.mapjitter.klw.tn0.1	Risky second	7.0	1.3029920591580744	dp_interaction	-0.020755820798189353	-0.009797894541131207	-0.003345516082695414
log-power-n1n2.mapjitter.klw.tn0.1	Risky second	7.0	1.339250888932342	dp_interaction	-0.021502670529766687	-0.010316822158322726	-0.003592165558044696
log-power-n1n2.mapjitter.klw.tn0.1	Risky second	7.0	1.3765187062344757	dp_interaction	-0.021858600750536937	-0.010609456719851801	-0.0036562613802731147
log-power-n1n2.mapjitter.klw.tn0.1	Risky second	7.0	1.4148235885241658	dp_interaction	-0.02169051781605021	-0.010594917016752655	-0.003493975374329583
log-power-n1n2.mapjitter.klw.tn0.1	Risky second	7.0	1.454194394582695	dp_interaction	-0.02145928691302671	-0.010352507875565183	-0.003240986601342625
log-power-n1n2.mapjitter.klw.tn0.1	Risky second	7.0	1.4946607862550567	dp_interaction	-0.020660774320310726	-0.009828721790730074	-0.002754780529261726
log-power-n1n2.mapjitter.klw.tn0.1	Risky second	7.0	1.5362532507970992	dp_interaction	-0.019348576940189724	-0.009011776870282723	-0.0021754242048859502
log-power-n1n2.mapjitter.klw.tn0.1	Risky second	7.0	1.579003123844529	dp_interaction	-0.017841646868999167	-0.008007995096336516	-0.001230295695543794
log-power-n1n2.mapjitter.klw.tn0.1	Risky second	7.0	1.6229426130210856	dp_interaction	-0.016004574210022635	-0.006788632292961942	-9.035802900724207e-05
log-power-n1n2.mapjitter.klw.tn0.1	Risky second	7.0	1.6681048222036647	dp_interaction	-0.013820529571551941	-0.005338241568428867	0.0013704013602214259
log-power-n1n2.mapjitter.klw.tn0.1	Risky second	7.0	1.714523776462679	dp_interaction	-0.011575451307477249	-0.003753141716668605	0.00290475341997121
log-power-n1n2.mapjitter.klw.tn0.1	Risky second	7.0	1.7622344476964418	dp_interaction	-0.009228807410159199	-0.0021258077980970424	0.004665452370456996
log-power-n1n2.mapjitter.klw.tn0.1	Risky second	7.0	1.8112727809788889	dp_interaction	-0.006922129479546459	-0.000522842543400747	0.0064347163462936076
log-power-n1n2.mapjitter.klw.tn0.1	Risky second	7.0	1.861675721640487	dp_interaction	-0.005058873702747969	0.001099039092141416	0.0083205052135807
log-power-n1n2.mapjitter.klw.tn0.1	Risky second	7.0	1.9134812431027324	dp_interaction	-0.0033336725171391694	0.002647824867734342	0.010227796320076555
log-power-n1n2.mapjitter.klw.tn0.1	Risky second	7.0	1.9667283754872122	dp_interaction	-0.0017923990939388232	0.004069315591811788	0.012010329339968812
log-power-n1n2.mapjitter.klw.tn0.1	Risky second	7.0	2.021457235020777	dp_interaction	-0.000575695961484975	0.00533765217240638	0.013710146092398142
log-power-n1n2.mapjitter.klw.tn0.1	Risky second	7.0	2.0777090542589844	dp_interaction	0.0004425616182943361	0.006413710311927886	0.015193053145203148
log-power-n1n2.mapjitter.klw.tn0.1	Risky second	7.0	2.1355262131505808	dp_interaction	0.0012201443109137533	0.007280513682967733	0.016373340475519898
log-power-n1n2.mapjitter.klw.tn0.1	Risky second	7.0	2.1949522709664246	dp_interaction	0.0018134193255180744	0.00795858946117565	0.01731385328436503
log-power-n1n2.mapjitter.klw.tn0.1	Risky second	7.0	2.256031999116908	dp_interaction	0.0022187432548871904	0.008404484694280252	0.017906175753647936
log-power-n1n2.mapjitter.klw.tn0.1	Risky second	7.0	2.3188114148826	dp_interaction	0.002563104741717233	0.00868889085342597	0.01822812244229897
log-power-n1n2.mapjitter.klw.tn0.1	Risky second	7.0	2.3833378160835275	dp_interaction	0.002736510039262003	0.00873589143142224	0.01815261830928319
log-power-n1n2.mapjitter.klw.tn0.1	Risky second	7.0	2.4496598167132055	dp_interaction	0.0028207227822371053	0.008634842154336719	0.01792950144400894
log-power-n1n2.mapjitter.klw.tn0.1	Risky second	7.0	2.5178273835642724	dp_interaction	0.002776938219247359	0.008400862284223765	0.017421269135379475
log-power-n1n2.mapjitter.klw.tn0.1	Risky second	7.0	2.58789187387332	dp_interaction	0.0026725297661675733	0.008039187136766435	0.016659136151996504
log-power-n1n2.mapjitter.klw.tn0.1	Risky second	7.0	2.659906074013276	dp_interaction	0.0024783452371336264	0.007537984506200416	0.015738532989468312
log-power-n1n2.mapjitter.klw.tn0.1	Risky second	7.0	2.7339242392624983	dp_interaction	0.002230879283560191	0.007002223323949539	0.014815412723540745
log-power-n1n2.mapjitter.klw.tn0.1	Risky second	7.0	2.8100021346805373	dp_interaction	0.0019128736169819586	0.006420058728471596	0.013764178767209919
log-power-n1n2.mapjitter.klw.tn0.1	Risky second	7.0	2.8881970771213568	dp_interaction	0.0015881290223689149	0.005805703822538465	0.012695312882817568
log-power-n1n2.mapjitter.klw.tn0.1	Risky second	7.0	2.9685679784156793	dp_interaction	0.001173817336617502	0.00519177697101573	0.011671348906506781
log-power-n1n2.mapjitter.klw.tn0.1	Risky second	7.0	3.051175389754982	dp_interaction	0.0008148237230109457	0.004567579014375138	0.01067366005750934
log-power-n1n2.mapjitter.klw.tn0.1	Risky second	7.0	3.1360815473105736	dp_interaction	0.00044817896253300494	0.003930220180078527	0.00972412818765495
log-power-n1n2.mapjitter.klw.tn0.1	Risky second	7.0	3.2233504191221405	dp_interaction	5.02856577313742e-05	0.003347236057686614	0.008849607008442143
log-power-n1n2.mapjitter.klw.tn0.1	Risky second	7.0	3.31304775329107	dp_interaction	-0.0003683567843913932	0.0028014434028387205	0.008139664539130094
log-power-n1n2.mapjitter.klw.tn0.1	Risky second	7.0	3.40524112751487	dp_interaction	-0.0007585188483035066	0.0023051959597334215	0.007401254670222419
log-power-n1n2.mapjitter.klw.tn0.1	Risky second	7.0	3.5000000000000004	dp_interaction	-0.0011078350940625617	0.0018380030379618534	0.006772005321783121
log-power-n1n2.mapjitter.klw.tn0.1	Risky second	7.0	1.2	num_shift	-0.0017425554568985828	0.037141700920430704	0.07934534772461158
log-power-n1n2.mapjitter.klw.tn0.1	Risky second	7.0	1.233392832614218	num_shift	-0.001711304338446559	0.03594439983794068	0.0772444200907907
log-power-n1n2.mapjitter.klw.tn0.1	Risky second	7.0	1.267714899620104	num_shift	-0.0019032749214900591	0.03480690684231533	0.07505796474027474
log-power-n1n2.mapjitter.klw.tn0.1	Risky second	7.0	1.3029920591580744	num_shift	-0.002307943976428403	0.0336395499764931	0.0727122377200147
log-power-n1n2.mapjitter.klw.tn0.1	Risky second	7.0	1.339250888932342	num_shift	-0.002488052945250583	0.03250585783683387	0.07063545252258978
log-power-n1n2.mapjitter.klw.tn0.1	Risky second	7.0	1.3765187062344757	num_shift	-0.0025668112146060235	0.03136242829961032	0.06852382909017445
log-power-n1n2.mapjitter.klw.tn0.1	Risky second	7.0	1.4148235885241658	num_shift	-0.0024525434577726	0.03022942506169793	0.06632523620338847
log-power-n1n2.mapjitter.klw.tn0.1	Risky second	7.0	1.454194394582695	num_shift	-0.002739279936737378	0.029059255879515876	0.06399924925695812
log-power-n1n2.mapjitter.klw.tn0.1	Risky second	7.0	1.4946607862550567	num_shift	-0.0028623940918845133	0.027921574001065708	0.06193384384385368
log-power-n1n2.mapjitter.klw.tn0.1	Risky second	7.0	1.5362532507970992	num_shift	-0.00329995054854469	0.026755505322489527	0.05998868152487043
log-power-n1n2.mapjitter.klw.tn0.1	Risky second	7.0	1.579003123844529	num_shift	-0.0035684038356846195	0.02565183160709813	0.05793597189600397
log-power-n1n2.mapjitter.klw.tn0.1	Risky second	7.0	1.6229426130210856	num_shift	-0.004081909884794432	0.024563604403420813	0.05600562921598338
log-power-n1n2.mapjitter.klw.tn0.1	Risky second	7.0	1.6681048222036647	num_shift	-0.004426164447951156	0.023575183889098628	0.05414840635163289
log-power-n1n2.mapjitter.klw.tn0.1	Risky second	7.0	1.714523776462679	num_shift	-0.004878872487170294	0.02255198986053733	0.05247881254107591
log-power-n1n2.mapjitter.klw.tn0.1	Risky second	7.0	1.7622344476964418	num_shift	-0.005335786365156575	0.021542741797011853	0.05082485611277798
log-power-n1n2.mapjitter.klw.tn0.1	Risky second	7.0	1.8112727809788889	num_shift	-0.005759027935724058	0.020375981631617898	0.04923318017766371
log-power-n1n2.mapjitter.klw.tn0.1	Risky second	7.0	1.861675721640487	num_shift	-0.006304727845563956	0.01938500730875485	0.04785996797770393
log-power-n1n2.mapjitter.klw.tn0.1	Risky second	7.0	1.9134812431027324	num_shift	-0.006674180572715585	0.018357395145763438	0.04648805862081348
log-power-n1n2.mapjitter.klw.tn0.1	Risky second	7.0	1.9667283754872122	num_shift	-0.007198371556750062	0.01732476214423325	0.04517654909242287
log-power-n1n2.mapjitter.klw.tn0.1	Risky second	7.0	2.021457235020777	num_shift	-0.007912395432753983	0.016380263133669342	0.0438644441389651
log-power-n1n2.mapjitter.klw.tn0.1	Risky second	7.0	2.0777090542589844	num_shift	-0.008519963129025627	0.015459375004081989	0.04265741897460158
log-power-n1n2.mapjitter.klw.tn0.1	Risky second	7.0	2.1355262131505808	num_shift	-0.009141157386350582	0.014543398473316115	0.04151078892405331
log-power-n1n2.mapjitter.klw.tn0.1	Risky second	7.0	2.1949522709664246	num_shift	-0.009770251652186774	0.013669163585525189	0.04036680631959995
log-power-n1n2.mapjitter.klw.tn0.1	Risky second	7.0	2.256031999116908	num_shift	-0.010445788607382468	0.01278476564643464	0.03911512366804518
log-power-n1n2.mapjitter.klw.tn0.1	Risky second	7.0	2.3188114148826	num_shift	-0.011065967671268717	0.011917289133323574	0.037917152295160315
log-power-n1n2.mapjitter.klw.tn0.1	Risky second	7.0	2.3833378160835275	num_shift	-0.011640588177867171	0.011140733784183773	0.036908897967340516
log-power-n1n2.mapjitter.klw.tn0.1	Risky second	7.0	2.4496598167132055	num_shift	-0.012188148090832835	0.010460592806805506	0.03593587113851536
log-power-n1n2.mapjitter.klw.tn0.1	Risky second	7.0	2.5178273835642724	num_shift	-0.012838336495370306	0.009705579363313272	0.034874483414093216
log-power-n1n2.mapjitter.klw.tn0.1	Risky second	7.0	2.58789187387332	num_shift	-0.013668749682570635	0.008966680648966647	0.03425261754448741
log-power-n1n2.mapjitter.klw.tn0.1	Risky second	7.0	2.659906074013276	num_shift	-0.01424653036005963	0.008269933953428309	0.033485121197035304
log-power-n1n2.mapjitter.klw.tn0.1	Risky second	7.0	2.7339242392624983	num_shift	-0.014921302320033311	0.007693737775489432	0.03286585296763797
log-power-n1n2.mapjitter.klw.tn0.1	Risky second	7.0	2.8100021346805373	num_shift	-0.015623839100398995	0.007034556479405132	0.03226142265937736
log-power-n1n2.mapjitter.klw.tn0.1	Risky second	7.0	2.8881970771213568	num_shift	-0.016273388528470267	0.00648195395146914	0.031526083376443755
log-power-n1n2.mapjitter.klw.tn0.1	Risky second	7.0	2.9685679784156793	num_shift	-0.016702856661178926	0.00597627285069376	0.03110116058143631
log-power-n1n2.mapjitter.klw.tn0.1	Risky second	7.0	3.051175389754982	num_shift	-0.017273361881085338	0.005471998824186779	0.030683529112887502
log-power-n1n2.mapjitter.klw.tn0.1	Risky second	7.0	3.1360815473105736	num_shift	-0.017719819676445092	0.004983837216647621	0.03005224931030789
log-power-n1n2.mapjitter.klw.tn0.1	Risky second	7.0	3.2233504191221405	num_shift	-0.018190013085215284	0.004655033819348664	0.029681484711815375
log-power-n1n2.mapjitter.klw.tn0.1	Risky second	7.0	3.31304775329107	num_shift	-0.018522285274747707	0.004336292738894699	0.029460396221379824
log-power-n1n2.mapjitter.klw.tn0.1	Risky second	7.0	3.40524112751487	num_shift	-0.018970920743873368	0.0040522696517585905	0.029178596273857462
log-power-n1n2.mapjitter.klw.tn0.1	Risky second	7.0	3.5000000000000004	num_shift	-0.019199756819399748	0.0037641913488152823	0.029151056492895927
log-power-n1n2.mapjitter.klw.tn0.1	Risky second	7.0	1.2	den_ratio	1.030349028830448	1.140572104952581	1.2679212316006565
log-power-n1n2.mapjitter.klw.tn0.1	Risky second	7.0	1.233392832614218	den_ratio	1.0303416893272317	1.1396060867074684	1.2666167995267377
log-power-n1n2.mapjitter.klw.tn0.1	Risky second	7.0	1.267714899620104	den_ratio	1.0295654315277545	1.1385117581076518	1.2648718641251813
log-power-n1n2.mapjitter.klw.tn0.1	Risky second	7.0	1.3029920591580744	den_ratio	1.0291552096772243	1.13761653444596	1.2630535275700685
log-power-n1n2.mapjitter.klw.tn0.1	Risky second	7.0	1.339250888932342	den_ratio	1.0287399821461478	1.1365695555039608	1.2613296865253207
log-power-n1n2.mapjitter.klw.tn0.1	Risky second	7.0	1.3765187062344757	den_ratio	1.0281244168381185	1.1356063041011375	1.2599422830905194
log-power-n1n2.mapjitter.klw.tn0.1	Risky second	7.0	1.4148235885241658	den_ratio	1.0274195652283036	1.1347367615148947	1.2586474224626958
log-power-n1n2.mapjitter.klw.tn0.1	Risky second	7.0	1.454194394582695	den_ratio	1.026816889234765	1.1335231999159947	1.2573575837099835
log-power-n1n2.mapjitter.klw.tn0.1	Risky second	7.0	1.4946607862550567	den_ratio	1.0260130887840013	1.13245834683855	1.2553597573445459
log-power-n1n2.mapjitter.klw.tn0.1	Risky second	7.0	1.5362532507970992	den_ratio	1.0249409898493453	1.1314735020711377	1.2534032515396045
log-power-n1n2.mapjitter.klw.tn0.1	Risky second	7.0	1.579003123844529	den_ratio	1.024496798150595	1.1303827116852525	1.252209558767743
log-power-n1n2.mapjitter.klw.tn0.1	Risky second	7.0	1.6229426130210856	den_ratio	1.0237974952060276	1.129118392607431	1.250122401399527
log-power-n1n2.mapjitter.klw.tn0.1	Risky second	7.0	1.6681048222036647	den_ratio	1.023209817230722	1.1279598289295585	1.2493520439855523
log-power-n1n2.mapjitter.klw.tn0.1	Risky second	7.0	1.714523776462679	den_ratio	1.0223768275323395	1.126721489166202	1.248086976546254
log-power-n1n2.mapjitter.klw.tn0.1	Risky second	7.0	1.7622344476964418	den_ratio	1.0213273840672363	1.125525829312756	1.2470294864953706
log-power-n1n2.mapjitter.klw.tn0.1	Risky second	7.0	1.8112727809788889	den_ratio	1.0205594296764462	1.1242300489595982	1.2454663312168828
log-power-n1n2.mapjitter.klw.tn0.1	Risky second	7.0	1.861675721640487	den_ratio	1.0197923397363085	1.1227831966366861	1.2436092704867647
log-power-n1n2.mapjitter.klw.tn0.1	Risky second	7.0	1.9134812431027324	den_ratio	1.0191998210781938	1.1213416890624344	1.241321347455044
log-power-n1n2.mapjitter.klw.tn0.1	Risky second	7.0	1.9667283754872122	den_ratio	1.0180764040292258	1.1198684285521436	1.2398993684100852
log-power-n1n2.mapjitter.klw.tn0.1	Risky second	7.0	2.021457235020777	den_ratio	1.016881084251886	1.1185931197469703	1.237810833391705
log-power-n1n2.mapjitter.klw.tn0.1	Risky second	7.0	2.0777090542589844	den_ratio	1.0158939456499532	1.1170259201894883	1.2357410059092548
log-power-n1n2.mapjitter.klw.tn0.1	Risky second	7.0	2.1355262131505808	den_ratio	1.015286285818598	1.1156844130057721	1.2339934618017703
log-power-n1n2.mapjitter.klw.tn0.1	Risky second	7.0	2.1949522709664246	den_ratio	1.0144183076609294	1.1141072320702186	1.2315185747704318
log-power-n1n2.mapjitter.klw.tn0.1	Risky second	7.0	2.256031999116908	den_ratio	1.0134338848710276	1.1125812228278416	1.2294590964318934
log-power-n1n2.mapjitter.klw.tn0.1	Risky second	7.0	2.3188114148826	den_ratio	1.0126109814114574	1.1110622427057963	1.2277003118035557
log-power-n1n2.mapjitter.klw.tn0.1	Risky second	7.0	2.3833378160835275	den_ratio	1.0117039029683532	1.1096010746768867	1.2257958055914282
log-power-n1n2.mapjitter.klw.tn0.1	Risky second	7.0	2.4496598167132055	den_ratio	1.0101529830648157	1.1078915919644898	1.2236102041617731
log-power-n1n2.mapjitter.klw.tn0.1	Risky second	7.0	2.5178273835642724	den_ratio	1.008727954983548	1.1062245816182685	1.2219257129177616
log-power-n1n2.mapjitter.klw.tn0.1	Risky second	7.0	2.58789187387332	den_ratio	1.0078476298564332	1.104630812790695	1.2201859827473462
log-power-n1n2.mapjitter.klw.tn0.1	Risky second	7.0	2.659906074013276	den_ratio	1.0067912943491655	1.1030735500491735	1.2181435637241653
log-power-n1n2.mapjitter.klw.tn0.1	Risky second	7.0	2.7339242392624983	den_ratio	1.0058039682127808	1.1013345232859844	1.2163093394598377
log-power-n1n2.mapjitter.klw.tn0.1	Risky second	7.0	2.8100021346805373	den_ratio	1.0042172387852892	1.0997066101977822	1.213553817888803
log-power-n1n2.mapjitter.klw.tn0.1	Risky second	7.0	2.8881970771213568	den_ratio	1.0029597019081573	1.09801949738349	1.2114053671246083
log-power-n1n2.mapjitter.klw.tn0.1	Risky second	7.0	2.9685679784156793	den_ratio	1.0018924852265727	1.0961603827622834	1.2087446623539688
log-power-n1n2.mapjitter.klw.tn0.1	Risky second	7.0	3.051175389754982	den_ratio	1.000383447552591	1.0944257625013762	1.2063137851359367
log-power-n1n2.mapjitter.klw.tn0.1	Risky second	7.0	3.1360815473105736	den_ratio	0.9990621105096908	1.0926253629866993	1.2038478013182334
log-power-n1n2.mapjitter.klw.tn0.1	Risky second	7.0	3.2233504191221405	den_ratio	0.9976726195116583	1.0908581198616885	1.2008557971439215
log-power-n1n2.mapjitter.klw.tn0.1	Risky second	7.0	3.31304775329107	den_ratio	0.996055111195979	1.0890066848271855	1.1988391422927944
log-power-n1n2.mapjitter.klw.tn0.1	Risky second	7.0	3.40524112751487	den_ratio	0.9946927186074642	1.0871076807092512	1.1967684801309035
log-power-n1n2.mapjitter.klw.tn0.1	Risky second	7.0	3.5000000000000004	den_ratio	0.9931952616355094	1.0852376834101738	1.1941121761098121
log-power-n1n2.mapjitter.klw.tn0.1	Risky second	10.0	1.2	p_vertex	0.12611434547512415	0.15074035560782056	0.17891863312554102
log-power-n1n2.mapjitter.klw.tn0.1	Risky second	10.0	1.233392832614218	p_vertex	0.14136507108379293	0.16635033209184302	0.19485168515689574
log-power-n1n2.mapjitter.klw.tn0.1	Risky second	10.0	1.267714899620104	p_vertex	0.15761667685800587	0.18311211315737544	0.2115488987470266
log-power-n1n2.mapjitter.klw.tn0.1	Risky second	10.0	1.3029920591580744	p_vertex	0.1752310745481987	0.20105916748612268	0.22965449652759232
log-power-n1n2.mapjitter.klw.tn0.1	Risky second	10.0	1.339250888932342	p_vertex	0.19402933482198095	0.2199383441428043	0.24847703586412714
log-power-n1n2.mapjitter.klw.tn0.1	Risky second	10.0	1.3765187062344757	p_vertex	0.21413019813504866	0.23995725810398605	0.26821515857735256
log-power-n1n2.mapjitter.klw.tn0.1	Risky second	10.0	1.4148235885241658	p_vertex	0.2353751230321175	0.2610007010798681	0.2887767203461819
log-power-n1n2.mapjitter.klw.tn0.1	Risky second	10.0	1.454194394582695	p_vertex	0.25776672993305244	0.2829029562235468	0.310107954142899
log-power-n1n2.mapjitter.klw.tn0.1	Risky second	10.0	1.4946607862550567	p_vertex	0.2811936225488344	0.30565311451298893	0.33207887572781664
log-power-n1n2.mapjitter.klw.tn0.1	Risky second	10.0	1.5362532507970992	p_vertex	0.3055693062013639	0.32927091451632234	0.35454484857395074
log-power-n1n2.mapjitter.klw.tn0.1	Risky second	10.0	1.579003123844529	p_vertex	0.3302377115280476	0.3533734456241729	0.37760311150171194
log-power-n1n2.mapjitter.klw.tn0.1	Risky second	10.0	1.6229426130210856	p_vertex	0.355739952912672	0.3779633957863185	0.40108010105467334
log-power-n1n2.mapjitter.klw.tn0.1	Risky second	10.0	1.6681048222036647	p_vertex	0.3809376658745596	0.40291750148264827	0.42517876302580054
log-power-n1n2.mapjitter.klw.tn0.1	Risky second	10.0	1.714523776462679	p_vertex	0.40651438445907123	0.42803122882758254	0.4495739596966104
log-power-n1n2.mapjitter.klw.tn0.1	Risky second	10.0	1.7622344476964418	p_vertex	0.43242559615271303	0.45326862619123387	0.4739056939621189
log-power-n1n2.mapjitter.klw.tn0.1	Risky second	10.0	1.8112727809788889	p_vertex	0.4577572863792627	0.47827575725220817	0.4985969834382707
log-power-n1n2.mapjitter.klw.tn0.1	Risky second	10.0	1.861675721640487	p_vertex	0.4826688967273189	0.5029889678444142	0.5232423893829042
log-power-n1n2.mapjitter.klw.tn0.1	Risky second	10.0	1.9134812431027324	p_vertex	0.5068216300322858	0.5271850187193861	0.5476191253689398
log-power-n1n2.mapjitter.klw.tn0.1	Risky second	10.0	1.9667283754872122	p_vertex	0.5306793152284275	0.5510590330354008	0.5712751783806397
log-power-n1n2.mapjitter.klw.tn0.1	Risky second	10.0	2.021457235020777	p_vertex	0.5541411364884549	0.5743669107238485	0.5946914876194005
log-power-n1n2.mapjitter.klw.tn0.1	Risky second	10.0	2.0777090542589844	p_vertex	0.5765049092833595	0.5969759783947073	0.617403361463152
log-power-n1n2.mapjitter.klw.tn0.1	Risky second	10.0	2.1355262131505808	p_vertex	0.597937444945912	0.6188633347878114	0.6396487007339583
log-power-n1n2.mapjitter.klw.tn0.1	Risky second	10.0	2.1949522709664246	p_vertex	0.6188423187778034	0.6398986090404379	0.6607556668653416
log-power-n1n2.mapjitter.klw.tn0.1	Risky second	10.0	2.256031999116908	p_vertex	0.6387559472874286	0.6600922895924208	0.6813234117558598
log-power-n1n2.mapjitter.klw.tn0.1	Risky second	10.0	2.3188114148826	p_vertex	0.6576528153501251	0.6793600885026682	0.7006577151182654
log-power-n1n2.mapjitter.klw.tn0.1	Risky second	10.0	2.3833378160835275	p_vertex	0.6751759872185337	0.6977610524677021	0.7192746292825636
log-power-n1n2.mapjitter.klw.tn0.1	Risky second	10.0	2.4496598167132055	p_vertex	0.6925720134008482	0.7152844982800894	0.7367124334906823
log-power-n1n2.mapjitter.klw.tn0.1	Risky second	10.0	2.5178273835642724	p_vertex	0.7092919420559504	0.7317785596673626	0.7532380982060223
log-power-n1n2.mapjitter.klw.tn0.1	Risky second	10.0	2.58789187387332	p_vertex	0.7251002280020662	0.7475230696078581	0.768822665153783
log-power-n1n2.mapjitter.klw.tn0.1	Risky second	10.0	2.659906074013276	p_vertex	0.7400361742317881	0.7623716687152107	0.7834400844554232
log-power-n1n2.mapjitter.klw.tn0.1	Risky second	10.0	2.7339242392624983	p_vertex	0.7541072725855505	0.7764017458337544	0.7972512016026371
log-power-n1n2.mapjitter.klw.tn0.1	Risky second	10.0	2.8100021346805373	p_vertex	0.7674311064082628	0.78954901632319	0.8101382212747136
log-power-n1n2.mapjitter.klw.tn0.1	Risky second	10.0	2.8881970771213568	p_vertex	0.7800975203512752	0.8019619191394284	0.8221109390567023
log-power-n1n2.mapjitter.klw.tn0.1	Risky second	10.0	2.9685679784156793	p_vertex	0.7918837405692616	0.8135385427226876	0.8335014121233769
log-power-n1n2.mapjitter.klw.tn0.1	Risky second	10.0	3.051175389754982	p_vertex	0.8030395357473976	0.8244018654746419	0.8440603474830096
log-power-n1n2.mapjitter.klw.tn0.1	Risky second	10.0	3.1360815473105736	p_vertex	0.8133585784995234	0.8346044850462639	0.8539584470209507
log-power-n1n2.mapjitter.klw.tn0.1	Risky second	10.0	3.2233504191221405	p_vertex	0.8230882789366097	0.8441921569493437	0.8631096968709302
log-power-n1n2.mapjitter.klw.tn0.1	Risky second	10.0	3.31304775329107	p_vertex	0.832232999373746	0.8530761517187381	0.8718173587736249
log-power-n1n2.mapjitter.klw.tn0.1	Risky second	10.0	3.40524112751487	p_vertex	0.841005854646265	0.8614211249566077	0.8798630864562899
log-power-n1n2.mapjitter.klw.tn0.1	Risky second	10.0	3.5000000000000004	p_vertex	0.8489734980874319	0.8691646799354402	0.8875284652826717
log-power-n1n2.mapjitter.klw.tn0.1	Risky second	10.0	1.2	p_full	0.16131170416410706	0.1905335345543807	0.22332901439920905
log-power-n1n2.mapjitter.klw.tn0.1	Risky second	10.0	1.233392832614218	p_full	0.17715137146802093	0.206375514895061	0.23903897845144292
log-power-n1n2.mapjitter.klw.tn0.1	Risky second	10.0	1.267714899620104	p_full	0.19415914964611755	0.22303266650991455	0.25541369845618456
log-power-n1n2.mapjitter.klw.tn0.1	Risky second	10.0	1.3029920591580744	p_full	0.21206757326719541	0.2404799992377805	0.272505149415628
log-power-n1n2.mapjitter.klw.tn0.1	Risky second	10.0	1.339250888932342	p_full	0.2306148793564901	0.2587155131863885	0.290375425222566
log-power-n1n2.mapjitter.klw.tn0.1	Risky second	10.0	1.3765187062344757	p_full	0.24993656361462857	0.27770982299084157	0.30883484451377136
log-power-n1n2.mapjitter.klw.tn0.1	Risky second	10.0	1.4148235885241658	p_full	0.2700255624212494	0.29731111444344477	0.32769531083614495
log-power-n1n2.mapjitter.klw.tn0.1	Risky second	10.0	1.454194394582695	p_full	0.2908567965859725	0.3175104389270923	0.3470598489230056
log-power-n1n2.mapjitter.klw.tn0.1	Risky second	10.0	1.4946607862550567	p_full	0.31231384923882827	0.33823908890315135	0.3667899702691186
log-power-n1n2.mapjitter.klw.tn0.1	Risky second	10.0	1.5362532507970992	p_full	0.3344327125641728	0.3592530194669301	0.3869702574892818
log-power-n1n2.mapjitter.klw.tn0.1	Risky second	10.0	1.579003123844529	p_full	0.356581080347085	0.3807083324017134	0.40741545280507835
log-power-n1n2.mapjitter.klw.tn0.1	Risky second	10.0	1.6229426130210856	p_full	0.37922106843835074	0.4023920824106527	0.42791235087642
log-power-n1n2.mapjitter.klw.tn0.1	Risky second	10.0	1.6681048222036647	p_full	0.4019917798267485	0.4242540160954323	0.448931572515268
log-power-n1n2.mapjitter.klw.tn0.1	Risky second	10.0	1.714523776462679	p_full	0.4247517624365972	0.4463151475311763	0.46995410234446505
log-power-n1n2.mapjitter.klw.tn0.1	Risky second	10.0	1.7622344476964418	p_full	0.44756927522652135	0.4683888792956047	0.49110652636775526
log-power-n1n2.mapjitter.klw.tn0.1	Risky second	10.0	1.8112727809788889	p_full	0.4701053810019978	0.49031724417939004	0.5123982163654671
log-power-n1n2.mapjitter.klw.tn0.1	Risky second	10.0	1.861675721640487	p_full	0.4924698469810476	0.5120708200072849	0.533336253057298
log-power-n1n2.mapjitter.klw.tn0.1	Risky second	10.0	1.9134812431027324	p_full	0.5146198719193661	0.5336109922057152	0.5544310208673301
log-power-n1n2.mapjitter.klw.tn0.1	Risky second	10.0	1.9667283754872122	p_full	0.5362590943416281	0.5549730123075545	0.5753111991208855
log-power-n1n2.mapjitter.klw.tn0.1	Risky second	10.0	2.021457235020777	p_full	0.5572078945495805	0.5759432987371464	0.5958937570361756
log-power-n1n2.mapjitter.klw.tn0.1	Risky second	10.0	2.0777090542589844	p_full	0.5773710045902473	0.5964913484766454	0.6162306060061339
log-power-n1n2.mapjitter.klw.tn0.1	Risky second	10.0	2.1355262131505808	p_full	0.5972569506967993	0.6164595512988584	0.6362643420081974
log-power-n1n2.mapjitter.klw.tn0.1	Risky second	10.0	2.1949522709664246	p_full	0.616255110390918	0.6359077783974008	0.6557227679590579
log-power-n1n2.mapjitter.klw.tn0.1	Risky second	10.0	2.256031999116908	p_full	0.6350857782751043	0.6547561174639145	0.6747601937966139
log-power-n1n2.mapjitter.klw.tn0.1	Risky second	10.0	2.3188114148826	p_full	0.6533396540035351	0.673028309217738	0.692782599513851
log-power-n1n2.mapjitter.klw.tn0.1	Risky second	10.0	2.3833378160835275	p_full	0.6706875022200578	0.6906304542079191	0.7105123054657346
log-power-n1n2.mapjitter.klw.tn0.1	Risky second	10.0	2.4496598167132055	p_full	0.6875602136699859	0.7076558117114173	0.7276150498302127
log-power-n1n2.mapjitter.klw.tn0.1	Risky second	10.0	2.5178273835642724	p_full	0.7035697382981114	0.7238880773982697	0.7438609949439635
log-power-n1n2.mapjitter.klw.tn0.1	Risky second	10.0	2.58789187387332	p_full	0.7189760410532839	0.7394949013587492	0.7593425197339025
log-power-n1n2.mapjitter.klw.tn0.1	Risky second	10.0	2.659906074013276	p_full	0.7338629552623795	0.754383505581754	0.7743238225509669
log-power-n1n2.mapjitter.klw.tn0.1	Risky second	10.0	2.7339242392624983	p_full	0.7482473959867265	0.7685192193606134	0.7884918714941976
log-power-n1n2.mapjitter.klw.tn0.1	Risky second	10.0	2.8100021346805373	p_full	0.7617817058390948	0.7820666580696732	0.8018320723702281
log-power-n1n2.mapjitter.klw.tn0.1	Risky second	10.0	2.8881970771213568	p_full	0.7744481183220379	0.794974374941465	0.814455378469654
log-power-n1n2.mapjitter.klw.tn0.1	Risky second	10.0	2.9685679784156793	p_full	0.7867232344386571	0.8072003943378198	0.8264676099563427
log-power-n1n2.mapjitter.klw.tn0.1	Risky second	10.0	3.051175389754982	p_full	0.7983139620193286	0.818854247484589	0.8377758571820618
log-power-n1n2.mapjitter.klw.tn0.1	Risky second	10.0	3.1360815473105736	p_full	0.8093497047074665	0.8297999346838398	0.8484839160622424
log-power-n1n2.mapjitter.klw.tn0.1	Risky second	10.0	3.2233504191221405	p_full	0.8198740878300618	0.8400645100929705	0.8584910094758941
log-power-n1n2.mapjitter.klw.tn0.1	Risky second	10.0	3.31304775329107	p_full	0.8299684120120272	0.8497950187578682	0.8678892827261662
log-power-n1n2.mapjitter.klw.tn0.1	Risky second	10.0	3.40524112751487	p_full	0.8393670245584968	0.8589782132493577	0.8767418665762466
log-power-n1n2.mapjitter.klw.tn0.1	Risky second	10.0	3.5000000000000004	p_full	0.8482342664518585	0.8676441348802744	0.8851060556274222
log-power-n1n2.mapjitter.klw.tn0.1	Risky second	10.0	1.2	p_bias_only	0.15715909888517973	0.1839126297820925	0.21410056445506484
log-power-n1n2.mapjitter.klw.tn0.1	Risky second	10.0	1.233392832614218	p_bias_only	0.17335223321396115	0.20025430908649255	0.23026913689350634
log-power-n1n2.mapjitter.klw.tn0.1	Risky second	10.0	1.267714899620104	p_bias_only	0.19051332610429572	0.21747851909885504	0.24712741531518828
log-power-n1n2.mapjitter.klw.tn0.1	Risky second	10.0	1.3029920591580744	p_bias_only	0.20857281409012937	0.23547496966550535	0.26483134144937237
log-power-n1n2.mapjitter.klw.tn0.1	Risky second	10.0	1.339250888932342	p_bias_only	0.22748157051182422	0.25422244600518507	0.2831485874834995
log-power-n1n2.mapjitter.klw.tn0.1	Risky second	10.0	1.3765187062344757	p_bias_only	0.24736929866090693	0.27368268794201445	0.30232121003853435
log-power-n1n2.mapjitter.klw.tn0.1	Risky second	10.0	1.4148235885241658	p_bias_only	0.2676284506517876	0.29379328334612975	0.32221349907035907
log-power-n1n2.mapjitter.klw.tn0.1	Risky second	10.0	1.454194394582695	p_bias_only	0.2887681605295275	0.3146416716322228	0.3424985812916535
log-power-n1n2.mapjitter.klw.tn0.1	Risky second	10.0	1.4946607862550567	p_bias_only	0.3103705591722835	0.3360077974227268	0.36335649654540075
log-power-n1n2.mapjitter.klw.tn0.1	Risky second	10.0	1.5362532507970992	p_bias_only	0.33272374538668353	0.35777699562639775	0.38475843859557685
log-power-n1n2.mapjitter.klw.tn0.1	Risky second	10.0	1.579003123844529	p_bias_only	0.3551573267086387	0.37991056996249994	0.40647061804479895
log-power-n1n2.mapjitter.klw.tn0.1	Risky second	10.0	1.6229426130210856	p_bias_only	0.3780763937137584	0.40224719710064705	0.42838845334911657
log-power-n1n2.mapjitter.klw.tn0.1	Risky second	10.0	1.6681048222036647	p_bias_only	0.40100937384625923	0.4247694193504968	0.4503640990185545
log-power-n1n2.mapjitter.klw.tn0.1	Risky second	10.0	1.714523776462679	p_bias_only	0.4242493863824771	0.44725114425848056	0.4728097731017358
log-power-n1n2.mapjitter.klw.tn0.1	Risky second	10.0	1.7622344476964418	p_bias_only	0.4471494863387386	0.46976141507142927	0.4949024792513053
log-power-n1n2.mapjitter.klw.tn0.1	Risky second	10.0	1.8112727809788889	p_bias_only	0.4698844518226743	0.49216901394980467	0.5169201290852472
log-power-n1n2.mapjitter.klw.tn0.1	Risky second	10.0	1.861675721640487	p_bias_only	0.4924640964029534	0.5143451958125707	0.5388907341647033
log-power-n1n2.mapjitter.klw.tn0.1	Risky second	10.0	1.9134812431027324	p_bias_only	0.5146383958930759	0.5361779870637169	0.5605284256289735
log-power-n1n2.mapjitter.klw.tn0.1	Risky second	10.0	1.9667283754872122	p_bias_only	0.5363151272398423	0.55761753147864	0.5817761900329512
log-power-n1n2.mapjitter.klw.tn0.1	Risky second	10.0	2.021457235020777	p_bias_only	0.5573196788071438	0.5787400412765202	0.6026122578472425
log-power-n1n2.mapjitter.klw.tn0.1	Risky second	10.0	2.0777090542589844	p_bias_only	0.5779836329749805	0.5991961362989825	0.622873499389776
log-power-n1n2.mapjitter.klw.tn0.1	Risky second	10.0	2.1355262131505808	p_bias_only	0.598013305624766	0.6192050765167285	0.6428663991044815
log-power-n1n2.mapjitter.klw.tn0.1	Risky second	10.0	2.1949522709664246	p_bias_only	0.6172733721985132	0.6385849066100237	0.6621878959644868
log-power-n1n2.mapjitter.klw.tn0.1	Risky second	10.0	2.256031999116908	p_bias_only	0.6359324303082776	0.6572574686062655	0.6805549789924269
log-power-n1n2.mapjitter.klw.tn0.1	Risky second	10.0	2.3188114148826	p_bias_only	0.6538846588324285	0.6752825851244268	0.6980745641499727
log-power-n1n2.mapjitter.klw.tn0.1	Risky second	10.0	2.3833378160835275	p_bias_only	0.6710836362859839	0.6926471516003221	0.7151823180611478
log-power-n1n2.mapjitter.klw.tn0.1	Risky second	10.0	2.4496598167132055	p_bias_only	0.687759813031085	0.7092856379090364	0.7314764674773463
log-power-n1n2.mapjitter.klw.tn0.1	Risky second	10.0	2.5178273835642724	p_bias_only	0.7036520438396484	0.7252055729832596	0.7473304152387849
log-power-n1n2.mapjitter.klw.tn0.1	Risky second	10.0	2.58789187387332	p_bias_only	0.719283070379448	0.740413743949097	0.7622860288960035
log-power-n1n2.mapjitter.klw.tn0.1	Risky second	10.0	2.659906074013276	p_bias_only	0.7341415531670809	0.7549577703153579	0.776201635675874
log-power-n1n2.mapjitter.klw.tn0.1	Risky second	10.0	2.7339242392624983	p_bias_only	0.7482624999264116	0.7687812131002376	0.7894765484228977
log-power-n1n2.mapjitter.klw.tn0.1	Risky second	10.0	2.8100021346805373	p_bias_only	0.7615827695377763	0.7819689028479009	0.8021066876812184
log-power-n1n2.mapjitter.klw.tn0.1	Risky second	10.0	2.8881970771213568	p_bias_only	0.7742387805065638	0.7944943520707457	0.8140194905743083
log-power-n1n2.mapjitter.klw.tn0.1	Risky second	10.0	2.9685679784156793	p_bias_only	0.7864303030703462	0.8063205295661826	0.8256141511314524
log-power-n1n2.mapjitter.klw.tn0.1	Risky second	10.0	3.051175389754982	p_bias_only	0.7980671047501204	0.8175082680988708	0.8365640027904292
log-power-n1n2.mapjitter.klw.tn0.1	Risky second	10.0	3.1360815473105736	p_bias_only	0.8091234214190778	0.8281068894281551	0.8466902431741675
log-power-n1n2.mapjitter.klw.tn0.1	Risky second	10.0	3.2233504191221405	p_bias_only	0.8195469064044677	0.8382078699024769	0.8562324582365594
log-power-n1n2.mapjitter.klw.tn0.1	Risky second	10.0	3.31304775329107	p_bias_only	0.8293880323083725	0.8477226529508411	0.865401766154672
log-power-n1n2.mapjitter.klw.tn0.1	Risky second	10.0	3.40524112751487	p_bias_only	0.8387364324692865	0.8567397170821746	0.8739378589269617
log-power-n1n2.mapjitter.klw.tn0.1	Risky second	10.0	3.5000000000000004	p_bias_only	0.8475236061064587	0.8652436716619172	0.8820258889400868
log-power-n1n2.mapjitter.klw.tn0.1	Risky second	10.0	1.2	p_scale_only	0.13962273583251408	0.16485932853070784	0.19313595317553617
log-power-n1n2.mapjitter.klw.tn0.1	Risky second	10.0	1.233392832614218	p_scale_only	0.15496808042535326	0.18075503793660458	0.20913439507962603
log-power-n1n2.mapjitter.klw.tn0.1	Risky second	10.0	1.267714899620104	p_scale_only	0.17139516176113975	0.19762620585145868	0.22590459103671695
log-power-n1n2.mapjitter.klw.tn0.1	Risky second	10.0	1.3029920591580744	p_scale_only	0.1887369891714927	0.21544814130914053	0.24381064349787337
log-power-n1n2.mapjitter.klw.tn0.1	Risky second	10.0	1.339250888932342	p_scale_only	0.20743204876702764	0.2341492924091778	0.2623365136636457
log-power-n1n2.mapjitter.klw.tn0.1	Risky second	10.0	1.3765187062344757	p_scale_only	0.2271327734036084	0.2536151306770171	0.2813287187982201
log-power-n1n2.mapjitter.klw.tn0.1	Risky second	10.0	1.4148235885241658	p_scale_only	0.2476388097748243	0.27388941059633576	0.30121537872774473
log-power-n1n2.mapjitter.klw.tn0.1	Risky second	10.0	1.454194394582695	p_scale_only	0.26894833749277636	0.29488598345909967	0.321491219880186
log-power-n1n2.mapjitter.klw.tn0.1	Risky second	10.0	1.4946607862550567	p_scale_only	0.29089356367873515	0.31642661677490547	0.3423906174582496
log-power-n1n2.mapjitter.klw.tn0.1	Risky second	10.0	1.5362532507970992	p_scale_only	0.31351738732779333	0.3384686562770217	0.3640022570117212
log-power-n1n2.mapjitter.klw.tn0.1	Risky second	10.0	1.579003123844529	p_scale_only	0.3367197572708855	0.3610460981750818	0.38565905551990093
log-power-n1n2.mapjitter.klw.tn0.1	Risky second	10.0	1.6229426130210856	p_scale_only	0.36051288855821556	0.38389469739450055	0.4076656171196097
log-power-n1n2.mapjitter.klw.tn0.1	Risky second	10.0	1.6681048222036647	p_scale_only	0.38411518431032626	0.40710608421332345	0.43000110156761095
log-power-n1n2.mapjitter.klw.tn0.1	Risky second	10.0	1.714523776462679	p_scale_only	0.407965100516491	0.4304590089408087	0.45242285675166294
log-power-n1n2.mapjitter.klw.tn0.1	Risky second	10.0	1.7622344476964418	p_scale_only	0.43190807919494056	0.45384362393057054	0.4748710896077129
log-power-n1n2.mapjitter.klw.tn0.1	Risky second	10.0	1.8112727809788889	p_scale_only	0.45564111569299387	0.4772950317079929	0.4976767218819261
log-power-n1n2.mapjitter.klw.tn0.1	Risky second	10.0	1.861675721640487	p_scale_only	0.4794261937720407	0.5002995281058106	0.5204047161927823
log-power-n1n2.mapjitter.klw.tn0.1	Risky second	10.0	1.9134812431027324	p_scale_only	0.5026737631049176	0.5231439390600314	0.542958873557534
log-power-n1n2.mapjitter.klw.tn0.1	Risky second	10.0	1.9667283754872122	p_scale_only	0.5257054079256761	0.5456103803994357	0.5651775179475825
log-power-n1n2.mapjitter.klw.tn0.1	Risky second	10.0	2.021457235020777	p_scale_only	0.54803546291903	0.5676860718018921	0.5870715975399419
log-power-n1n2.mapjitter.klw.tn0.1	Risky second	10.0	2.0777090542589844	p_scale_only	0.5697901551410748	0.5891843071089523	0.6085259315289185
log-power-n1n2.mapjitter.klw.tn0.1	Risky second	10.0	2.1355262131505808	p_scale_only	0.5908656572015094	0.6101815308985548	0.6296566789000618
log-power-n1n2.mapjitter.klw.tn0.1	Risky second	10.0	2.1949522709664246	p_scale_only	0.6112874540775208	0.6306176339607839	0.6502476902624876
log-power-n1n2.mapjitter.klw.tn0.1	Risky second	10.0	2.256031999116908	p_scale_only	0.6308109693607331	0.6504075810912474	0.6700963128685165
log-power-n1n2.mapjitter.klw.tn0.1	Risky second	10.0	2.3188114148826	p_scale_only	0.6498418140619754	0.6694564838225034	0.6890945263203668
log-power-n1n2.mapjitter.klw.tn0.1	Risky second	10.0	2.3833378160835275	p_scale_only	0.6681268036060455	0.687791253897819	0.7074628777493457
log-power-n1n2.mapjitter.klw.tn0.1	Risky second	10.0	2.4496598167132055	p_scale_only	0.685726548393395	0.7053386810110955	0.7251281451168194
log-power-n1n2.mapjitter.klw.tn0.1	Risky second	10.0	2.5178273835642724	p_scale_only	0.7024156839112483	0.722084695796579	0.7419056830351702
log-power-n1n2.mapjitter.klw.tn0.1	Risky second	10.0	2.58789187387332	p_scale_only	0.7182332779766083	0.7380397535956384	0.7577235995942874
log-power-n1n2.mapjitter.klw.tn0.1	Risky second	10.0	2.659906074013276	p_scale_only	0.733565526108714	0.7532045275127925	0.7728889705044345
log-power-n1n2.mapjitter.klw.tn0.1	Risky second	10.0	2.7339242392624983	p_scale_only	0.7479951240980525	0.7676495952982835	0.7870982229395833
log-power-n1n2.mapjitter.klw.tn0.1	Risky second	10.0	2.8100021346805373	p_scale_only	0.7614652432054743	0.7812947910018725	0.8006319455687789
log-power-n1n2.mapjitter.klw.tn0.1	Risky second	10.0	2.8881970771213568	p_scale_only	0.7745835412507072	0.7941991669570392	0.8132633882073338
log-power-n1n2.mapjitter.klw.tn0.1	Risky second	10.0	2.9685679784156793	p_scale_only	0.7868397225880595	0.806399283015236	0.8252810346742617
log-power-n1n2.mapjitter.klw.tn0.1	Risky second	10.0	3.051175389754982	p_scale_only	0.7984183174252165	0.8178679097714997	0.8365832263619687
log-power-n1n2.mapjitter.klw.tn0.1	Risky second	10.0	3.1360815473105736	p_scale_only	0.8093967800131443	0.8286447876057932	0.8471484389253479
log-power-n1n2.mapjitter.klw.tn0.1	Risky second	10.0	3.2233504191221405	p_scale_only	0.8195957340008141	0.8387811789284269	0.8567988140325622
log-power-n1n2.mapjitter.klw.tn0.1	Risky second	10.0	3.31304775329107	p_scale_only	0.829368508667163	0.8483173644129653	0.865813856439727
log-power-n1n2.mapjitter.klw.tn0.1	Risky second	10.0	3.40524112751487	p_scale_only	0.8385019630829055	0.8571385606209803	0.8745560264087522
log-power-n1n2.mapjitter.klw.tn0.1	Risky second	10.0	3.5000000000000004	p_scale_only	0.8470170859525457	0.8654303283879841	0.8827011867221749
log-power-n1n2.mapjitter.klw.tn0.1	Risky second	10.0	1.2	dp_full	0.011277652753678341	0.039640302721175705	0.06917497615381044
log-power-n1n2.mapjitter.klw.tn0.1	Risky second	10.0	1.233392832614218	dp_full	0.011635538355968448	0.03993566254143439	0.06924881756812125
log-power-n1n2.mapjitter.klw.tn0.1	Risky second	10.0	1.267714899620104	dp_full	0.011972156175894231	0.03988988400755692	0.06901919024012945
log-power-n1n2.mapjitter.klw.tn0.1	Risky second	10.0	1.3029920591580744	dp_full	0.012356645864285311	0.039486789842305914	0.06808274645733578
log-power-n1n2.mapjitter.klw.tn0.1	Risky second	10.0	1.339250888932342	dp_full	0.01250942581750692	0.03873718993068266	0.06667285097128653
log-power-n1n2.mapjitter.klw.tn0.1	Risky second	10.0	1.3765187062344757	dp_full	0.012331776886927378	0.03769333734841516	0.06465958575074429
log-power-n1n2.mapjitter.klw.tn0.1	Risky second	10.0	1.4148235885241658	dp_full	0.011993332024715163	0.03627594945064859	0.06210087976336213
log-power-n1n2.mapjitter.klw.tn0.1	Risky second	10.0	1.454194394582695	dp_full	0.01151619474016231	0.034492321795683345	0.05915439940915249
log-power-n1n2.mapjitter.klw.tn0.1	Risky second	10.0	1.4946607862550567	dp_full	0.010844366736349354	0.03231271819225564	0.05549799222440432
log-power-n1n2.mapjitter.klw.tn0.1	Risky second	10.0	1.5362532507970992	dp_full	0.009995152731043365	0.029857271989745596	0.051498094693838314
log-power-n1n2.mapjitter.klw.tn0.1	Risky second	10.0	1.579003123844529	dp_full	0.009154377812417604	0.02728368758729252	0.04702498033824285
log-power-n1n2.mapjitter.klw.tn0.1	Risky second	10.0	1.6229426130210856	dp_full	0.007816911280188497	0.024358925354872198	0.04252014750716342
log-power-n1n2.mapjitter.klw.tn0.1	Risky second	10.0	1.6681048222036647	dp_full	0.006394267320340748	0.021293484416363306	0.03783130050984586
log-power-n1n2.mapjitter.klw.tn0.1	Risky second	10.0	1.714523776462679	dp_full	0.004763699205160954	0.018179777483458767	0.03352949930581052
log-power-n1n2.mapjitter.klw.tn0.1	Risky second	10.0	1.7622344476964418	dp_full	0.0024926420038300983	0.015108791360968366	0.029653245038081893
log-power-n1n2.mapjitter.klw.tn0.1	Risky second	10.0	1.8112727809788889	dp_full	-0.00013079498788460053	0.0120639662175184	0.02581311364067572
log-power-n1n2.mapjitter.klw.tn0.1	Risky second	10.0	1.861675721640487	dp_full	-0.0031216077206135256	0.009009713639705009	0.023064492436718945
log-power-n1n2.mapjitter.klw.tn0.1	Risky second	10.0	1.9134812431027324	dp_full	-0.006386182465313386	0.006297460248139113	0.020545875891286366
log-power-n1n2.mapjitter.klw.tn0.1	Risky second	10.0	1.9667283754872122	dp_full	-0.009899448726370932	0.0037095913231248922	0.01844674399560027
log-power-n1n2.mapjitter.klw.tn0.1	Risky second	10.0	2.021457235020777	dp_full	-0.013218842598233992	0.0014143891707047943	0.016573277430372232
log-power-n1n2.mapjitter.klw.tn0.1	Risky second	10.0	2.0777090542589844	dp_full	-0.0163697108825808	-0.0006221223769728271	0.015428601080906245
log-power-n1n2.mapjitter.klw.tn0.1	Risky second	10.0	2.1355262131505808	dp_full	-0.01940224896524721	-0.0024605342857659607	0.015011733217359583
log-power-n1n2.mapjitter.klw.tn0.1	Risky second	10.0	2.1949522709664246	dp_full	-0.022292404683491054	-0.0040502808991260825	0.014391224399090507
log-power-n1n2.mapjitter.klw.tn0.1	Risky second	10.0	2.256031999116908	dp_full	-0.024586975924938297	-0.005290625986290685	0.014030277813729942
log-power-n1n2.mapjitter.klw.tn0.1	Risky second	10.0	2.3188114148826	dp_full	-0.026779219438770405	-0.006302303394367896	0.013788149628646518
log-power-n1n2.mapjitter.klw.tn0.1	Risky second	10.0	2.3833378160835275	dp_full	-0.028558303219770435	-0.007089953661586239	0.014045252946589773
log-power-n1n2.mapjitter.klw.tn0.1	Risky second	10.0	2.4496598167132055	dp_full	-0.029774833431194716	-0.00761319338743068	0.014279407469380919
log-power-n1n2.mapjitter.klw.tn0.1	Risky second	10.0	2.5178273835642724	dp_full	-0.030643678953934564	-0.007919230172481445	0.014404140165290248
log-power-n1n2.mapjitter.klw.tn0.1	Risky second	10.0	2.58789187387332	dp_full	-0.031275387446748196	-0.008107464040626011	0.01474964937538236
log-power-n1n2.mapjitter.klw.tn0.1	Risky second	10.0	2.659906074013276	dp_full	-0.03152204128084651	-0.008034937139965571	0.014956484463296943
log-power-n1n2.mapjitter.klw.tn0.1	Risky second	10.0	2.7339242392624983	dp_full	-0.0315475782265759	-0.0077809136239018785	0.015365889539160606
log-power-n1n2.mapjitter.klw.tn0.1	Risky second	10.0	2.8100021346805373	dp_full	-0.031222815687886672	-0.00747274048038901	0.015738285961978068
log-power-n1n2.mapjitter.klw.tn0.1	Risky second	10.0	2.8881970771213568	dp_full	-0.03069533782616615	-0.006976941772002237	0.01651879372573312
log-power-n1n2.mapjitter.klw.tn0.1	Risky second	10.0	2.9685679784156793	dp_full	-0.03000475994797141	-0.006371742860783372	0.017002326924998642
log-power-n1n2.mapjitter.klw.tn0.1	Risky second	10.0	3.051175389754982	dp_full	-0.029023017239166046	-0.005729291967977569	0.017453144830552048
log-power-n1n2.mapjitter.klw.tn0.1	Risky second	10.0	3.1360815473105736	dp_full	-0.028131167569911453	-0.005051496226439909	0.01808636418516488
log-power-n1n2.mapjitter.klw.tn0.1	Risky second	10.0	3.2233504191221405	dp_full	-0.02729853205918132	-0.004173841192235076	0.018675047728740773
log-power-n1n2.mapjitter.klw.tn0.1	Risky second	10.0	3.31304775329107	dp_full	-0.026280532635375733	-0.003365248187541324	0.01925581123690585
log-power-n1n2.mapjitter.klw.tn0.1	Risky second	10.0	3.40524112751487	dp_full	-0.025133061973663683	-0.002467702808884366	0.019825064002988207
log-power-n1n2.mapjitter.klw.tn0.1	Risky second	10.0	3.5000000000000004	dp_full	-0.023807863845768436	-0.0015409861521310313	0.020531290331920467
log-power-n1n2.mapjitter.klw.tn0.1	Risky second	10.0	1.2	dp_bias	0.013785069783781431	0.03253049438314368	0.054298383528249734
log-power-n1n2.mapjitter.klw.tn0.1	Risky second	10.0	1.233392832614218	dp_bias	0.014262347531753096	0.03328615843719557	0.05552840562189399
log-power-n1n2.mapjitter.klw.tn0.1	Risky second	10.0	1.267714899620104	dp_bias	0.014510145280999517	0.03380616786823852	0.056134449603822086
log-power-n1n2.mapjitter.klw.tn0.1	Risky second	10.0	1.3029920591580744	dp_bias	0.01450555276447575	0.03399098602749416	0.056254342858374
log-power-n1n2.mapjitter.klw.tn0.1	Risky second	10.0	1.339250888932342	dp_bias	0.014273198940145537	0.033841859860438125	0.05638484120065478
log-power-n1n2.mapjitter.klw.tn0.1	Risky second	10.0	1.3765187062344757	dp_bias	0.013873163556126252	0.033408461308395324	0.05568007235776772
log-power-n1n2.mapjitter.klw.tn0.1	Risky second	10.0	1.4148235885241658	dp_bias	0.01338970920297231	0.032670936176929705	0.05432806813410706
log-power-n1n2.mapjitter.klw.tn0.1	Risky second	10.0	1.454194394582695	dp_bias	0.012742014494508517	0.03156864679661752	0.05293872673880029
log-power-n1n2.mapjitter.klw.tn0.1	Risky second	10.0	1.4946607862550567	dp_bias	0.011711760143316709	0.030123422264354934	0.051079327712839594
log-power-n1n2.mapjitter.klw.tn0.1	Risky second	10.0	1.5362532507970992	dp_bias	0.010555668728488106	0.028306767359756728	0.048621211981808625
log-power-n1n2.mapjitter.klw.tn0.1	Risky second	10.0	1.579003123844529	dp_bias	0.009134190427326112	0.02625318448594789	0.04612326115934558
log-power-n1n2.mapjitter.klw.tn0.1	Risky second	10.0	1.6229426130210856	dp_bias	0.007328244021742643	0.0240827916426398	0.04346289706878111
log-power-n1n2.mapjitter.klw.tn0.1	Risky second	10.0	1.6681048222036647	dp_bias	0.005472699439202069	0.021731916565758465	0.04043993339248754
log-power-n1n2.mapjitter.klw.tn0.1	Risky second	10.0	1.714523776462679	dp_bias	0.0035184980045696156	0.019259159265581763	0.03738879113334973
log-power-n1n2.mapjitter.klw.tn0.1	Risky second	10.0	1.7622344476964418	dp_bias	0.0013770789495067203	0.016686093776357137	0.034142248317040796
log-power-n1n2.mapjitter.klw.tn0.1	Risky second	10.0	1.8112727809788889	dp_bias	-0.0011172693236049613	0.01410845294004235	0.031241734885169608
log-power-n1n2.mapjitter.klw.tn0.1	Risky second	10.0	1.861675721640487	dp_bias	-0.003522173085219806	0.011592778560349539	0.02812617850461488
log-power-n1n2.mapjitter.klw.tn0.1	Risky second	10.0	1.9134812431027324	dp_bias	-0.006011242246527975	0.009094975682066925	0.02544640533275183
log-power-n1n2.mapjitter.klw.tn0.1	Risky second	10.0	1.9667283754872122	dp_bias	-0.00829868068884765	0.006750785157251489	0.022940344397738895
log-power-n1n2.mapjitter.klw.tn0.1	Risky second	10.0	2.021457235020777	dp_bias	-0.010583160965332065	0.0045081382810815114	0.020543047404531178
log-power-n1n2.mapjitter.klw.tn0.1	Risky second	10.0	2.0777090542589844	dp_bias	-0.012803324332299163	0.0024901237654482477	0.01848514980910125
log-power-n1n2.mapjitter.klw.tn0.1	Risky second	10.0	2.1355262131505808	dp_bias	-0.014807481715544687	0.0005537267379313339	0.01670792259252994
log-power-n1n2.mapjitter.klw.tn0.1	Risky second	10.0	2.1949522709664246	dp_bias	-0.016650161461757174	-0.0011253124524788663	0.015066246233108416
log-power-n1n2.mapjitter.klw.tn0.1	Risky second	10.0	2.256031999116908	dp_bias	-0.01814218944282407	-0.0026372294270212366	0.013521150453109752
log-power-n1n2.mapjitter.klw.tn0.1	Risky second	10.0	2.3188114148826	dp_bias	-0.019482882701316144	-0.003865735873022382	0.012289863943684422
log-power-n1n2.mapjitter.klw.tn0.1	Risky second	10.0	2.3833378160835275	dp_bias	-0.02070663755517388	-0.004921247634960305	0.011283714281974808
log-power-n1n2.mapjitter.klw.tn0.1	Risky second	10.0	2.4496598167132055	dp_bias	-0.021696276073177524	-0.005769653087065127	0.010608918570420671
log-power-n1n2.mapjitter.klw.tn0.1	Risky second	10.0	2.5178273835642724	dp_bias	-0.022476056730382717	-0.006463612368294581	0.009750437877236387
log-power-n1n2.mapjitter.klw.tn0.1	Risky second	10.0	2.58789187387332	dp_bias	-0.02303342158932189	-0.006961692894850331	0.009191282136621848
log-power-n1n2.mapjitter.klw.tn0.1	Risky second	10.0	2.659906074013276	dp_bias	-0.023266907768331208	-0.0073084571096309605	0.008838032383679112
log-power-n1n2.mapjitter.klw.tn0.1	Risky second	10.0	2.7339242392624983	dp_bias	-0.02337616600303172	-0.007460706134752495	0.00857667601830296
log-power-n1n2.mapjitter.klw.tn0.1	Risky second	10.0	2.8100021346805373	dp_bias	-0.023245691372191218	-0.007403628275960188	0.00844564015438528
log-power-n1n2.mapjitter.klw.tn0.1	Risky second	10.0	2.8881970771213568	dp_bias	-0.022917566204205986	-0.007242970675137366	0.008394848327006271
log-power-n1n2.mapjitter.klw.tn0.1	Risky second	10.0	2.9685679784156793	dp_bias	-0.022668770656989044	-0.007052794058556119	0.008365310910404463
log-power-n1n2.mapjitter.klw.tn0.1	Risky second	10.0	3.051175389754982	dp_bias	-0.02230486314635534	-0.006666706380674067	0.008549229515952272
log-power-n1n2.mapjitter.klw.tn0.1	Risky second	10.0	3.1360815473105736	dp_bias	-0.021629874903486015	-0.006218941840055238	0.008811498186885511
log-power-n1n2.mapjitter.klw.tn0.1	Risky second	10.0	3.2233504191221405	dp_bias	-0.021127662306495872	-0.005769395961116511	0.009165176283897685
log-power-n1n2.mapjitter.klw.tn0.1	Risky second	10.0	3.31304775329107	dp_bias	-0.02039276188889905	-0.005135983870744307	0.0095403128072977
log-power-n1n2.mapjitter.klw.tn0.1	Risky second	10.0	3.40524112751487	dp_bias	-0.01959097537162538	-0.004425224843608743	0.010051367152696163
log-power-n1n2.mapjitter.klw.tn0.1	Risky second	10.0	3.5000000000000004	dp_bias	-0.018754309142908807	-0.0036768829406909733	0.010618948568066873
log-power-n1n2.mapjitter.klw.tn0.1	Risky second	10.0	1.2	dp_scale	-0.002975657797340006	0.013853515310359546	0.03238024807732493
log-power-n1n2.mapjitter.klw.tn0.1	Risky second	10.0	1.233392832614218	dp_scale	-0.002815160648567482	0.01408649700732197	0.032603622218188
log-power-n1n2.mapjitter.klw.tn0.1	Risky second	10.0	1.267714899620104	dp_scale	-0.002576044800218434	0.014166396179620313	0.03250501031299772
log-power-n1n2.mapjitter.klw.tn0.1	Risky second	10.0	1.3029920591580744	dp_scale	-0.0025228704393638747	0.014041393823930107	0.03207635623897121
log-power-n1n2.mapjitter.klw.tn0.1	Risky second	10.0	1.339250888932342	dp_scale	-0.002386597086114857	0.013730909080977642	0.03124653929929134
log-power-n1n2.mapjitter.klw.tn0.1	Risky second	10.0	1.3765187062344757	dp_scale	-0.0026105018466060417	0.013196277391972006	0.02990688383136706
log-power-n1n2.mapjitter.klw.tn0.1	Risky second	10.0	1.4148235885241658	dp_scale	-0.00267041621087748	0.012488002762253904	0.02836806144314025
log-power-n1n2.mapjitter.klw.tn0.1	Risky second	10.0	1.454194394582695	dp_scale	-0.002824365973251599	0.011497811393623806	0.02634538519727354
log-power-n1n2.mapjitter.klw.tn0.1	Risky second	10.0	1.4946607862550567	dp_scale	-0.003009282251684952	0.010346724163865537	0.02400976446742799
log-power-n1n2.mapjitter.klw.tn0.1	Risky second	10.0	1.5362532507970992	dp_scale	-0.0032074566844973655	0.008980727462902013	0.02159769600835009
log-power-n1n2.mapjitter.klw.tn0.1	Risky second	10.0	1.579003123844529	dp_scale	-0.0036773233617539815	0.007511936194304104	0.018676287460570415
log-power-n1n2.mapjitter.klw.tn0.1	Risky second	10.0	1.6229426130210856	dp_scale	-0.004141986491679679	0.005890724047958908	0.015569473100415697
log-power-n1n2.mapjitter.klw.tn0.1	Risky second	10.0	1.6681048222036647	dp_scale	-0.004653774971478563	0.0042024393369398585	0.012645803074199274
log-power-n1n2.mapjitter.klw.tn0.1	Risky second	10.0	1.714523776462679	dp_scale	-0.0053205268496206975	0.0024560697840167187	0.009732584180546703
log-power-n1n2.mapjitter.klw.tn0.1	Risky second	10.0	1.7622344476964418	dp_scale	-0.006323168237377242	0.0007072720389349912	0.007206754577200329
log-power-n1n2.mapjitter.klw.tn0.1	Risky second	10.0	1.8112727809788889	dp_scale	-0.0077752180515076545	-0.0010517715086098686	0.005017980259983636
log-power-n1n2.mapjitter.klw.tn0.1	Risky second	10.0	1.861675721640487	dp_scale	-0.009475810622002171	-0.002722996861672741	0.0034964246274563227
log-power-n1n2.mapjitter.klw.tn0.1	Risky second	10.0	1.9134812431027324	dp_scale	-0.01136356778530822	-0.004246749551561532	0.002525256106460396
log-power-n1n2.mapjitter.klw.tn0.1	Risky second	10.0	1.9667283754872122	dp_scale	-0.013647533454726983	-0.005528924884602134	0.0020018667595071205
log-power-n1n2.mapjitter.klw.tn0.1	Risky second	10.0	2.021457235020777	dp_scale	-0.01581589797375926	-0.006743250461761628	0.0016715341066473272
log-power-n1n2.mapjitter.klw.tn0.1	Risky second	10.0	2.0777090542589844	dp_scale	-0.01796847275037224	-0.007720874965791772	0.0016919028511600239
log-power-n1n2.mapjitter.klw.tn0.1	Risky second	10.0	2.1355262131505808	dp_scale	-0.019824447625502704	-0.008541917673699665	0.0017066147941942362
log-power-n1n2.mapjitter.klw.tn0.1	Risky second	10.0	2.1949522709664246	dp_scale	-0.021371639427779747	-0.009175253459465071	0.0019778880084855457
log-power-n1n2.mapjitter.klw.tn0.1	Risky second	10.0	2.256031999116908	dp_scale	-0.02261818148054963	-0.009609435836347463	0.002158923590519128
log-power-n1n2.mapjitter.klw.tn0.1	Risky second	10.0	2.3188114148826	dp_scale	-0.023609628483887403	-0.009847340859151503	0.0025959477333313977
log-power-n1n2.mapjitter.klw.tn0.1	Risky second	10.0	2.3833378160835275	dp_scale	-0.0242511325623893	-0.009949745679941113	0.0031616423868761167
log-power-n1n2.mapjitter.klw.tn0.1	Risky second	10.0	2.4496598167132055	dp_scale	-0.02467210161712	-0.009834593699499548	0.003718873070439176
log-power-n1n2.mapjitter.klw.tn0.1	Risky second	10.0	2.5178273835642724	dp_scale	-0.024880165024527168	-0.009630232754526121	0.0043608464029905435
log-power-n1n2.mapjitter.klw.tn0.1	Risky second	10.0	2.58789187387332	dp_scale	-0.02472142423128521	-0.009276851066513405	0.004871673453234255
log-power-n1n2.mapjitter.klw.tn0.1	Risky second	10.0	2.659906074013276	dp_scale	-0.024509308464977047	-0.008882320787002115	0.005433849597486743
log-power-n1n2.mapjitter.klw.tn0.1	Risky second	10.0	2.7339242392624983	dp_scale	-0.024193008034623615	-0.008413351947243061	0.005935502615894835
log-power-n1n2.mapjitter.klw.tn0.1	Risky second	10.0	2.8100021346805373	dp_scale	-0.02368647729495233	-0.00790741448281074	0.006367537263662463
log-power-n1n2.mapjitter.klw.tn0.1	Risky second	10.0	2.8881970771213568	dp_scale	-0.023141675814074614	-0.007387007045758091	0.006861220145544087
log-power-n1n2.mapjitter.klw.tn0.1	Risky second	10.0	2.9685679784156793	dp_scale	-0.02241207450558149	-0.0068290215488334	0.007199835990849999
log-power-n1n2.mapjitter.klw.tn0.1	Risky second	10.0	3.051175389754982	dp_scale	-0.021619197970907108	-0.006246614489888743	0.007623364851886723
log-power-n1n2.mapjitter.klw.tn0.1	Risky second	10.0	3.1360815473105736	dp_scale	-0.020871724013970618	-0.005707430743006359	0.008055053161860885
log-power-n1n2.mapjitter.klw.tn0.1	Risky second	10.0	3.2233504191221405	dp_scale	-0.02002715023063865	-0.005145387380184914	0.008450734644733308
log-power-n1n2.mapjitter.klw.tn0.1	Risky second	10.0	3.31304775329107	dp_scale	-0.0192026735604645	-0.00458546825663023	0.008703534007533726
log-power-n1n2.mapjitter.klw.tn0.1	Risky second	10.0	3.40524112751487	dp_scale	-0.018320026583558337	-0.004044698371138505	0.00899902665102056
log-power-n1n2.mapjitter.klw.tn0.1	Risky second	10.0	3.5000000000000004	dp_scale	-0.01748371203686307	-0.0035425117054330847	0.009292015011651916
log-power-n1n2.mapjitter.klw.tn0.1	Risky second	10.0	1.2	dp_interaction	-0.01471624424361469	-0.006863008248540081	-0.002429256089713846
log-power-n1n2.mapjitter.klw.tn0.1	Risky second	10.0	1.233392832614218	dp_interaction	-0.015732207484869358	-0.0075750325074407324	-0.002806327393550251
log-power-n1n2.mapjitter.klw.tn0.1	Risky second	10.0	1.267714899620104	dp_interaction	-0.016342313321806787	-0.008184511145901208	-0.0031101597802060507
log-power-n1n2.mapjitter.klw.tn0.1	Risky second	10.0	1.3029920591580744	dp_interaction	-0.016989058851233432	-0.0086071443758944	-0.003280208671419603
log-power-n1n2.mapjitter.klw.tn0.1	Risky second	10.0	1.339250888932342	dp_interaction	-0.017416618156194313	-0.008860878548305848	-0.003404343282237604
log-power-n1n2.mapjitter.klw.tn0.1	Risky second	10.0	1.3765187062344757	dp_interaction	-0.017371953940638653	-0.008965143376849435	-0.003444230971425494
log-power-n1n2.mapjitter.klw.tn0.1	Risky second	10.0	1.4148235885241658	dp_interaction	-0.017088875514386516	-0.008858842779248154	-0.0033469599326758533
log-power-n1n2.mapjitter.klw.tn0.1	Risky second	10.0	1.454194394582695	dp_interaction	-0.016533101822409906	-0.008547926488775788	-0.003193371313919798
log-power-n1n2.mapjitter.klw.tn0.1	Risky second	10.0	1.4946607862550567	dp_interaction	-0.015672346755053704	-0.008018805031135334	-0.0029028916781504064
log-power-n1n2.mapjitter.klw.tn0.1	Risky second	10.0	1.5362532507970992	dp_interaction	-0.014639687058162083	-0.007360494092721652	-0.0024931847027778245
log-power-n1n2.mapjitter.klw.tn0.1	Risky second	10.0	1.579003123844529	dp_interaction	-0.013284661438794587	-0.00653229214360441	-0.0019242686023880652
log-power-n1n2.mapjitter.klw.tn0.1	Risky second	10.0	1.6229426130210856	dp_interaction	-0.011749567285709826	-0.005548676195772973	-0.0013106158568452777
log-power-n1n2.mapjitter.klw.tn0.1	Risky second	10.0	1.6681048222036647	dp_interaction	-0.010125580515612928	-0.004440364041323183	-0.0005995031991260591
log-power-n1n2.mapjitter.klw.tn0.1	Risky second	10.0	1.714523776462679	dp_interaction	-0.008373962554863409	-0.0032814206275633374	0.0003319441752024582
log-power-n1n2.mapjitter.klw.tn0.1	Risky second	10.0	1.7622344476964418	dp_interaction	-0.006651715599069316	-0.0020810317247955895	0.0014509580091192902
log-power-n1n2.mapjitter.klw.tn0.1	Risky second	10.0	1.8112727809788889	dp_interaction	-0.0050602743100325	-0.0008912179057145812	0.002759793612604029
log-power-n1n2.mapjitter.klw.tn0.1	Risky second	10.0	1.861675721640487	dp_interaction	-0.0035106568413681627	0.00028733775008716635	0.004104399690075469
log-power-n1n2.mapjitter.klw.tn0.1	Risky second	10.0	1.9134812431027324	dp_interaction	-0.0021006441843798487	0.0014037179100126762	0.00557638228904028
log-power-n1n2.mapjitter.klw.tn0.1	Risky second	10.0	1.9667283754872122	dp_interaction	-0.0009912809562696147	0.002498848555846984	0.006996771069296785
log-power-n1n2.mapjitter.klw.tn0.1	Risky second	10.0	2.021457235020777	dp_interaction	-1.2067153036072428e-05	0.0035246030980664194	0.00838019005373562
log-power-n1n2.mapjitter.klw.tn0.1	Risky second	10.0	2.0777090542589844	dp_interaction	0.0008416227091760852	0.004474725701360779	0.009679005680273672
log-power-n1n2.mapjitter.klw.tn0.1	Risky second	10.0	2.1355262131505808	dp_interaction	0.0014899666937536198	0.005296693459396528	0.010783150272608642
log-power-n1n2.mapjitter.klw.tn0.1	Risky second	10.0	2.1949522709664246	dp_interaction	0.002030967524529183	0.006008219051038365	0.011787051339660647
log-power-n1n2.mapjitter.klw.tn0.1	Risky second	10.0	2.256031999116908	dp_interaction	0.0025476717322901023	0.006605654218359491	0.012622593904962488
log-power-n1n2.mapjitter.klw.tn0.1	Risky second	10.0	2.3188114148826	dp_interaction	0.002889244253057392	0.007086118558401173	0.013278979073745678
log-power-n1n2.mapjitter.klw.tn0.1	Risky second	10.0	2.3833378160835275	dp_interaction	0.0032138310626487416	0.007459498835074034	0.013794382839656795
log-power-n1n2.mapjitter.klw.tn0.1	Risky second	10.0	2.4496598167132055	dp_interaction	0.0034791655564472526	0.007719138763195157	0.014071418952758855
log-power-n1n2.mapjitter.klw.tn0.1	Risky second	10.0	2.5178273835642724	dp_interaction	0.0036810344022647984	0.007908193592590602	0.01420503049472652
log-power-n1n2.mapjitter.klw.tn0.1	Risky second	10.0	2.58789187387332	dp_interaction	0.003842261020377425	0.007996092123644105	0.014199784749295964
log-power-n1n2.mapjitter.klw.tn0.1	Risky second	10.0	2.659906074013276	dp_interaction	0.0038772481099230184	0.007988786830829864	0.014132321743694385
log-power-n1n2.mapjitter.klw.tn0.1	Risky second	10.0	2.7339242392624983	dp_interaction	0.0038706778986782675	0.00795114468771678	0.014057448519646392
log-power-n1n2.mapjitter.klw.tn0.1	Risky second	10.0	2.8100021346805373	dp_interaction	0.0038487049546646122	0.007855589087342983	0.013901768214310524
log-power-n1n2.mapjitter.klw.tn0.1	Risky second	10.0	2.8881970771213568	dp_interaction	0.0037592543012739802	0.00769777294086658	0.013740818514687572
log-power-n1n2.mapjitter.klw.tn0.1	Risky second	10.0	2.9685679784156793	dp_interaction	0.0035989088320399353	0.007507320722431156	0.013514389670385584
log-power-n1n2.mapjitter.klw.tn0.1	Risky second	10.0	3.051175389754982	dp_interaction	0.0033970550019164557	0.007292356610586035	0.013161574870606972
log-power-n1n2.mapjitter.klw.tn0.1	Risky second	10.0	3.1360815473105736	dp_interaction	0.0031828081610848517	0.007017304717030857	0.012871456832363135
log-power-n1n2.mapjitter.klw.tn0.1	Risky second	10.0	3.2233504191221405	dp_interaction	0.0029430251218077433	0.006725084917623104	0.012522770581807167
log-power-n1n2.mapjitter.klw.tn0.1	Risky second	10.0	3.31304775329107	dp_interaction	0.0026345634405654608	0.006412987786233573	0.012172751574336803
log-power-n1n2.mapjitter.klw.tn0.1	Risky second	10.0	3.40524112751487	dp_interaction	0.0023387748913251045	0.0060491822074277375	0.01187390704914866
log-power-n1n2.mapjitter.klw.tn0.1	Risky second	10.0	3.5000000000000004	dp_interaction	0.0019859723491384763	0.0057016483054371965	0.011437123458148001
log-power-n1n2.mapjitter.klw.tn0.1	Risky second	10.0	1.2	num_shift	0.00474176772208203	0.02713155243703132	0.051484531232077815
log-power-n1n2.mapjitter.klw.tn0.1	Risky second	10.0	1.233392832614218	num_shift	0.0043439528045984286	0.02607572666253214	0.04947092216794157
log-power-n1n2.mapjitter.klw.tn0.1	Risky second	10.0	1.267714899620104	num_shift	0.0038738928281885614	0.02505707500183696	0.04778298440818293
log-power-n1n2.mapjitter.klw.tn0.1	Risky second	10.0	1.3029920591580744	num_shift	0.0034616021620464048	0.023985974362125614	0.0461525617103034
log-power-n1n2.mapjitter.klw.tn0.1	Risky second	10.0	1.339250888932342	num_shift	0.0030431376049947353	0.022989794546300568	0.044644123597122505
log-power-n1n2.mapjitter.klw.tn0.1	Risky second	10.0	1.3765187062344757	num_shift	0.002488068632643351	0.02200233246376256	0.0431064546355507
log-power-n1n2.mapjitter.klw.tn0.1	Risky second	10.0	1.4148235885241658	num_shift	0.002082447352664507	0.021094211371683012	0.04169573452628307
log-power-n1n2.mapjitter.klw.tn0.1	Risky second	10.0	1.454194394582695	num_shift	0.0016822238940601784	0.020141029594641334	0.04057582378057998
log-power-n1n2.mapjitter.klw.tn0.1	Risky second	10.0	1.4946607862550567	num_shift	0.0011306834010793316	0.019187890077631647	0.03933303758000125
log-power-n1n2.mapjitter.klw.tn0.1	Risky second	10.0	1.5362532507970992	num_shift	0.000522646751632104	0.0182327642884436	0.03797649435645665
log-power-n1n2.mapjitter.klw.tn0.1	Risky second	10.0	1.579003123844529	num_shift	-0.0001795848257806504	0.017375001438934654	0.036784018679836716
log-power-n1n2.mapjitter.klw.tn0.1	Risky second	10.0	1.6229426130210856	num_shift	-0.0006580743791592772	0.016515271522138487	0.035600754839190646
log-power-n1n2.mapjitter.klw.tn0.1	Risky second	10.0	1.6681048222036647	num_shift	-0.0011654360698309875	0.01572834028400525	0.03442325552982671
log-power-n1n2.mapjitter.klw.tn0.1	Risky second	10.0	1.714523776462679	num_shift	-0.0016964511513142132	0.014972678791054139	0.03367235612538207
log-power-n1n2.mapjitter.klw.tn0.1	Risky second	10.0	1.7622344476964418	num_shift	-0.0025363373579665566	0.014148356238777422	0.03290183067818516
log-power-n1n2.mapjitter.klw.tn0.1	Risky second	10.0	1.8112727809788889	num_shift	-0.0033211042535528316	0.013350040290421968	0.032182631179794044
log-power-n1n2.mapjitter.klw.tn0.1	Risky second	10.0	1.861675721640487	num_shift	-0.003981971090260824	0.012682537314738429	0.031489378303693236
log-power-n1n2.mapjitter.klw.tn0.1	Risky second	10.0	1.9134812431027324	num_shift	-0.0047154090338477825	0.012005501477425386	0.031040716094818555
log-power-n1n2.mapjitter.klw.tn0.1	Risky second	10.0	1.9667283754872122	num_shift	-0.0053604354514477795	0.011351359966564539	0.030567766531614946
log-power-n1n2.mapjitter.klw.tn0.1	Risky second	10.0	2.021457235020777	num_shift	-0.005855937309002545	0.010774287843365609	0.030117660315374658
log-power-n1n2.mapjitter.klw.tn0.1	Risky second	10.0	2.0777090542589844	num_shift	-0.006310461567283878	0.01025286032984611	0.02978900102467901
log-power-n1n2.mapjitter.klw.tn0.1	Risky second	10.0	2.1355262131505808	num_shift	-0.00693833352816456	0.00973555651572383	0.02943087268466423
log-power-n1n2.mapjitter.klw.tn0.1	Risky second	10.0	2.1949522709664246	num_shift	-0.007582880161000134	0.009308618996373492	0.029144085561576785
log-power-n1n2.mapjitter.klw.tn0.1	Risky second	10.0	2.256031999116908	num_shift	-0.008155439618718273	0.008891575456273008	0.028831316623379094
log-power-n1n2.mapjitter.klw.tn0.1	Risky second	10.0	2.3188114148826	num_shift	-0.00872212215234047	0.008552232789534908	0.028509211534329764
log-power-n1n2.mapjitter.klw.tn0.1	Risky second	10.0	2.3833378160835275	num_shift	-0.009229922149572339	0.008321426616983077	0.028287029765685565
log-power-n1n2.mapjitter.klw.tn0.1	Risky second	10.0	2.4496598167132055	num_shift	-0.009621104635158728	0.008066072465635312	0.028326052588885323
log-power-n1n2.mapjitter.klw.tn0.1	Risky second	10.0	2.5178273835642724	num_shift	-0.009919809651322421	0.007898564091923608	0.028315613282463455
log-power-n1n2.mapjitter.klw.tn0.1	Risky second	10.0	2.58789187387332	num_shift	-0.010373784281362576	0.007766717848865812	0.028398349078425502
log-power-n1n2.mapjitter.klw.tn0.1	Risky second	10.0	2.659906074013276	num_shift	-0.01083372266984844	0.00767291902522028	0.028635894321943876
log-power-n1n2.mapjitter.klw.tn0.1	Risky second	10.0	2.7339242392624983	num_shift	-0.010987513850485398	0.007688699418151973	0.02873249347177998
log-power-n1n2.mapjitter.klw.tn0.1	Risky second	10.0	2.8100021346805373	num_shift	-0.01119880838428089	0.00776474070897638	0.028953099442249948
log-power-n1n2.mapjitter.klw.tn0.1	Risky second	10.0	2.8881970771213568	num_shift	-0.011337526481892282	0.007983172608232995	0.029353510238664778
log-power-n1n2.mapjitter.klw.tn0.1	Risky second	10.0	2.9685679784156793	num_shift	-0.011334179876753428	0.00816025921984474	0.029756353141583255
log-power-n1n2.mapjitter.klw.tn0.1	Risky second	10.0	3.051175389754982	num_shift	-0.011331839241130516	0.008489543185527883	0.030321353675684695
log-power-n1n2.mapjitter.klw.tn0.1	Risky second	10.0	3.1360815473105736	num_shift	-0.011238640790998278	0.008951774174562818	0.030902859314074587
log-power-n1n2.mapjitter.klw.tn0.1	Risky second	10.0	3.2233504191221405	num_shift	-0.011151467132540682	0.009289745862321924	0.031628699264995695
log-power-n1n2.mapjitter.klw.tn0.1	Risky second	10.0	3.31304775329107	num_shift	-0.010913654365539977	0.009804858302594551	0.03231975052095629
log-power-n1n2.mapjitter.klw.tn0.1	Risky second	10.0	3.40524112751487	num_shift	-0.010748193009260327	0.010372359631251722	0.033081096601859976
log-power-n1n2.mapjitter.klw.tn0.1	Risky second	10.0	3.5000000000000004	num_shift	-0.010482186756903832	0.011034898787370899	0.03395390371498068
log-power-n1n2.mapjitter.klw.tn0.1	Risky second	10.0	1.2	den_ratio	1.0204689660587891	1.1105122005253756	1.2128376143096027
log-power-n1n2.mapjitter.klw.tn0.1	Risky second	10.0	1.233392832614218	den_ratio	1.019948571149266	1.1094747229487667	1.2114479555315847
log-power-n1n2.mapjitter.klw.tn0.1	Risky second	10.0	1.267714899620104	den_ratio	1.0195027968082724	1.108603243547242	1.2099018103176902
log-power-n1n2.mapjitter.klw.tn0.1	Risky second	10.0	1.3029920591580744	den_ratio	1.0187129442076064	1.1076865851749997	1.2086315439529423
log-power-n1n2.mapjitter.klw.tn0.1	Risky second	10.0	1.339250888932342	den_ratio	1.0180939333984917	1.1065396087625812	1.207214913767091
log-power-n1n2.mapjitter.klw.tn0.1	Risky second	10.0	1.3765187062344757	den_ratio	1.0173405828906863	1.105359703668771	1.2056944035365247
log-power-n1n2.mapjitter.klw.tn0.1	Risky second	10.0	1.4148235885241658	den_ratio	1.0167558372592571	1.1042459355245131	1.2043869588325722
log-power-n1n2.mapjitter.klw.tn0.1	Risky second	10.0	1.454194394582695	den_ratio	1.0160694397670669	1.1030668094962077	1.2032072933356992
log-power-n1n2.mapjitter.klw.tn0.1	Risky second	10.0	1.4946607862550567	den_ratio	1.0149788450009525	1.1019769501772365	1.2020426690388866
log-power-n1n2.mapjitter.klw.tn0.1	Risky second	10.0	1.5362532507970992	den_ratio	1.014314189301032	1.100780512204773	1.2005561450866093
log-power-n1n2.mapjitter.klw.tn0.1	Risky second	10.0	1.579003123844529	den_ratio	1.0134682458272357	1.0995251969878823	1.1989246667771174
log-power-n1n2.mapjitter.klw.tn0.1	Risky second	10.0	1.6229426130210856	den_ratio	1.0129348362134953	1.0982374817029839	1.1970105253838224
log-power-n1n2.mapjitter.klw.tn0.1	Risky second	10.0	1.6681048222036647	den_ratio	1.0118423513129586	1.0969578506176731	1.195135512999984
log-power-n1n2.mapjitter.klw.tn0.1	Risky second	10.0	1.714523776462679	den_ratio	1.0107778594064032	1.0956684465037527	1.1935403424720947
log-power-n1n2.mapjitter.klw.tn0.1	Risky second	10.0	1.7622344476964418	den_ratio	1.0097250949494865	1.0942816058017621	1.1922339240125335
log-power-n1n2.mapjitter.klw.tn0.1	Risky second	10.0	1.8112727809788889	den_ratio	1.0088315855702559	1.0930205288391157	1.1901511400039173
log-power-n1n2.mapjitter.klw.tn0.1	Risky second	10.0	1.861675721640487	den_ratio	1.007922506433702	1.0916136930093545	1.188004343021057
log-power-n1n2.mapjitter.klw.tn0.1	Risky second	10.0	1.9134812431027324	den_ratio	1.0069892474982594	1.0902951352470973	1.1862721482824965
log-power-n1n2.mapjitter.klw.tn0.1	Risky second	10.0	1.9667283754872122	den_ratio	1.0059717279656153	1.0890118860810758	1.184548771784306
log-power-n1n2.mapjitter.klw.tn0.1	Risky second	10.0	2.021457235020777	den_ratio	1.005061013796191	1.0873730849607535	1.1831961259175896
log-power-n1n2.mapjitter.klw.tn0.1	Risky second	10.0	2.0777090542589844	den_ratio	1.0041858796925311	1.0858912173220476	1.1813803417872197
log-power-n1n2.mapjitter.klw.tn0.1	Risky second	10.0	2.1355262131505808	den_ratio	1.0029103291180095	1.0844322550921814	1.1795133997594298
log-power-n1n2.mapjitter.klw.tn0.1	Risky second	10.0	2.1949522709664246	den_ratio	1.0016170371323991	1.0828908723619852	1.1778611983705976
log-power-n1n2.mapjitter.klw.tn0.1	Risky second	10.0	2.256031999116908	den_ratio	0.9998832575265023	1.0812640562972156	1.1760162471562017
log-power-n1n2.mapjitter.klw.tn0.1	Risky second	10.0	2.3188114148826	den_ratio	0.9986045364217238	1.079522439807981	1.1742538263361513
log-power-n1n2.mapjitter.klw.tn0.1	Risky second	10.0	2.3833378160835275	den_ratio	0.9974197453270058	1.0778894151648453	1.1720312698682427
log-power-n1n2.mapjitter.klw.tn0.1	Risky second	10.0	2.4496598167132055	den_ratio	0.9959085926800402	1.0761479598436376	1.1699073289737005
log-power-n1n2.mapjitter.klw.tn0.1	Risky second	10.0	2.5178273835642724	den_ratio	0.9944437668771455	1.074607933023087	1.1681433028418164
log-power-n1n2.mapjitter.klw.tn0.1	Risky second	10.0	2.58789187387332	den_ratio	0.993047076788028	1.072838947824029	1.1656864611971913
log-power-n1n2.mapjitter.klw.tn0.1	Risky second	10.0	2.659906074013276	den_ratio	0.9916433184499915	1.0712577556880487	1.1638170744279672
log-power-n1n2.mapjitter.klw.tn0.1	Risky second	10.0	2.7339242392624983	den_ratio	0.9899551070796209	1.0696332461861315	1.1620963570563618
log-power-n1n2.mapjitter.klw.tn0.1	Risky second	10.0	2.8100021346805373	den_ratio	0.9883969226810796	1.0678805172308725	1.160107433220945
log-power-n1n2.mapjitter.klw.tn0.1	Risky second	10.0	2.8881970771213568	den_ratio	0.986909007425129	1.0661773838020272	1.158224406969835
log-power-n1n2.mapjitter.klw.tn0.1	Risky second	10.0	2.9685679784156793	den_ratio	0.9854823217900673	1.0643028693106964	1.1563147624476966
log-power-n1n2.mapjitter.klw.tn0.1	Risky second	10.0	3.051175389754982	den_ratio	0.9840380605894419	1.0626585190829219	1.1539762576439683
log-power-n1n2.mapjitter.klw.tn0.1	Risky second	10.0	3.1360815473105736	den_ratio	0.9825160848777902	1.0609447237297474	1.1514744124940384
log-power-n1n2.mapjitter.klw.tn0.1	Risky second	10.0	3.2233504191221405	den_ratio	0.9807846845561687	1.0589310489112131	1.1499571903413077
log-power-n1n2.mapjitter.klw.tn0.1	Risky second	10.0	3.31304775329107	den_ratio	0.9791547097009207	1.0569474595487858	1.1480233217899205
log-power-n1n2.mapjitter.klw.tn0.1	Risky second	10.0	3.40524112751487	den_ratio	0.9774199619531233	1.055175704298101	1.1457445967655004
log-power-n1n2.mapjitter.klw.tn0.1	Risky second	10.0	3.5000000000000004	den_ratio	0.9754913264580183	1.053156272901382	1.1440751899974526
log-power-n1n2.mapjitter.klw.tn0.1	Risky second	14.0	1.2	p_vertex	0.15161903974120877	0.17365800635442727	0.19905559942969375
log-power-n1n2.mapjitter.klw.tn0.1	Risky second	14.0	1.233392832614218	p_vertex	0.16723215171423966	0.18966397327363554	0.21489007590845952
log-power-n1n2.mapjitter.klw.tn0.1	Risky second	14.0	1.267714899620104	p_vertex	0.18398344514780826	0.20655397174114393	0.2318887929950904
log-power-n1n2.mapjitter.klw.tn0.1	Risky second	14.0	1.3029920591580744	p_vertex	0.2017072922032252	0.22444380291775057	0.24973969985784214
log-power-n1n2.mapjitter.klw.tn0.1	Risky second	14.0	1.339250888932342	p_vertex	0.22038597502862145	0.2430503664685102	0.26803608055662453
log-power-n1n2.mapjitter.klw.tn0.1	Risky second	14.0	1.3765187062344757	p_vertex	0.23984979691623287	0.2624681667602604	0.2869931301909854
log-power-n1n2.mapjitter.klw.tn0.1	Risky second	14.0	1.4148235885241658	p_vertex	0.2601390922264412	0.28246808425516484	0.30656374520862023
log-power-n1n2.mapjitter.klw.tn0.1	Risky second	14.0	1.454194394582695	p_vertex	0.281089843293601	0.3031851355562689	0.32667428458615955
log-power-n1n2.mapjitter.klw.tn0.1	Risky second	14.0	1.4946607862550567	p_vertex	0.3027701757126261	0.32431523113135513	0.3470890184456919
log-power-n1n2.mapjitter.klw.tn0.1	Risky second	14.0	1.5362532507970992	p_vertex	0.3249444266129226	0.34586345635251214	0.36790888778188596
log-power-n1n2.mapjitter.klw.tn0.1	Risky second	14.0	1.579003123844529	p_vertex	0.34721355875793425	0.36765728122637087	0.38888437868599407
log-power-n1n2.mapjitter.klw.tn0.1	Risky second	14.0	1.6229426130210856	p_vertex	0.3697655456427956	0.38978131185725384	0.4103362654603172
log-power-n1n2.mapjitter.klw.tn0.1	Risky second	14.0	1.6681048222036647	p_vertex	0.3924925143236772	0.4120827412288498	0.4320622343266512
log-power-n1n2.mapjitter.klw.tn0.1	Risky second	14.0	1.714523776462679	p_vertex	0.4151492714594881	0.43436872864517095	0.4539875453767596
log-power-n1n2.mapjitter.klw.tn0.1	Risky second	14.0	1.7622344476964418	p_vertex	0.43780311236047414	0.4566662333169194	0.4759666521351781
log-power-n1n2.mapjitter.klw.tn0.1	Risky second	14.0	1.8112727809788889	p_vertex	0.46009200909310655	0.4786708016008632	0.49775486402346747
log-power-n1n2.mapjitter.klw.tn0.1	Risky second	14.0	1.861675721640487	p_vertex	0.48203152317371906	0.5003975814270891	0.5193268220257768
log-power-n1n2.mapjitter.klw.tn0.1	Risky second	14.0	1.9134812431027324	p_vertex	0.5035343837166023	0.5218128366446442	0.5408938244801474
log-power-n1n2.mapjitter.klw.tn0.1	Risky second	14.0	1.9667283754872122	p_vertex	0.5247270487528549	0.5428416699228291	0.5620733764452246
log-power-n1n2.mapjitter.klw.tn0.1	Risky second	14.0	2.021457235020777	p_vertex	0.5450184112188631	0.56337695970803	0.5826066952873363
log-power-n1n2.mapjitter.klw.tn0.1	Risky second	14.0	2.0777090542589844	p_vertex	0.5650850454955698	0.5833013376201339	0.6028141399071208
log-power-n1n2.mapjitter.klw.tn0.1	Risky second	14.0	2.1355262131505808	p_vertex	0.5844606426522331	0.6027096433360692	0.6220051379305613
log-power-n1n2.mapjitter.klw.tn0.1	Risky second	14.0	2.1949522709664246	p_vertex	0.6028917751296411	0.6214782103504162	0.6407869446720389
log-power-n1n2.mapjitter.klw.tn0.1	Risky second	14.0	2.256031999116908	p_vertex	0.6205890347054969	0.6395943587618929	0.6588147489990207
log-power-n1n2.mapjitter.klw.tn0.1	Risky second	14.0	2.3188114148826	p_vertex	0.6379572913645114	0.6569354139198982	0.6761612338360681
log-power-n1n2.mapjitter.klw.tn0.1	Risky second	14.0	2.3833378160835275	p_vertex	0.6545751167189096	0.6735612766674888	0.6931116460126299
log-power-n1n2.mapjitter.klw.tn0.1	Risky second	14.0	2.4496598167132055	p_vertex	0.6703677119502263	0.6895647128250744	0.7091996763811792
log-power-n1n2.mapjitter.klw.tn0.1	Risky second	14.0	2.5178273835642724	p_vertex	0.6852177804316973	0.7047250517431467	0.724357209909203
log-power-n1n2.mapjitter.klw.tn0.1	Risky second	14.0	2.58789187387332	p_vertex	0.69962325988132	0.7192204119473762	0.7387482627430333
log-power-n1n2.mapjitter.klw.tn0.1	Risky second	14.0	2.659906074013276	p_vertex	0.7132123424518112	0.7330094072343005	0.7522938045521703
log-power-n1n2.mapjitter.klw.tn0.1	Risky second	14.0	2.7339242392624983	p_vertex	0.7264762264470445	0.7460942363940514	0.7654482657825864
log-power-n1n2.mapjitter.klw.tn0.1	Risky second	14.0	2.8100021346805373	p_vertex	0.7387421921048462	0.7584939846379596	0.7777724681624202
log-power-n1n2.mapjitter.klw.tn0.1	Risky second	14.0	2.8881970771213568	p_vertex	0.7502651357556084	0.7702054437701921	0.7892802970722956
log-power-n1n2.mapjitter.klw.tn0.1	Risky second	14.0	2.9685679784156793	p_vertex	0.7610976110904351	0.7811501874980831	0.8001909741071338
log-power-n1n2.mapjitter.klw.tn0.1	Risky second	14.0	3.051175389754982	p_vertex	0.7712221871128423	0.7915214990688824	0.8105079660001818
log-power-n1n2.mapjitter.klw.tn0.1	Risky second	14.0	3.1360815473105736	p_vertex	0.7808495499385885	0.8012005734204106	0.8201073064242274
log-power-n1n2.mapjitter.klw.tn0.1	Risky second	14.0	3.2233504191221405	p_vertex	0.7896460036934692	0.8102832534816271	0.8291738545208538
log-power-n1n2.mapjitter.klw.tn0.1	Risky second	14.0	3.31304775329107	p_vertex	0.79805317797283	0.8186936245989238	0.8373478815569256
log-power-n1n2.mapjitter.klw.tn0.1	Risky second	14.0	3.40524112751487	p_vertex	0.8059457450566476	0.8265405918799462	0.8449992467968258
log-power-n1n2.mapjitter.klw.tn0.1	Risky second	14.0	3.5000000000000004	p_vertex	0.8130814558481937	0.8339211739391249	0.8523803685454016
log-power-n1n2.mapjitter.klw.tn0.1	Risky second	14.0	1.2	p_full	0.1789573119083848	0.20431398335415812	0.23311841986522175
log-power-n1n2.mapjitter.klw.tn0.1	Risky second	14.0	1.233392832614218	p_full	0.19473326433507682	0.22009420209960512	0.2487664223458502
log-power-n1n2.mapjitter.klw.tn0.1	Risky second	14.0	1.267714899620104	p_full	0.21125312515595426	0.23651057415111085	0.26503292854373195
log-power-n1n2.mapjitter.klw.tn0.1	Risky second	14.0	1.3029920591580744	p_full	0.22823360962364375	0.25365924051193145	0.2818812435261239
log-power-n1n2.mapjitter.klw.tn0.1	Risky second	14.0	1.339250888932342	p_full	0.245987000791829	0.2713174313967981	0.2993552814665187
log-power-n1n2.mapjitter.klw.tn0.1	Risky second	14.0	1.3765187062344757	p_full	0.26436995537472546	0.28937365862830766	0.316968977877898
log-power-n1n2.mapjitter.klw.tn0.1	Risky second	14.0	1.4148235885241658	p_full	0.28342012618796236	0.30797010535191227	0.3353438389133479
log-power-n1n2.mapjitter.klw.tn0.1	Risky second	14.0	1.454194394582695	p_full	0.30295384319427987	0.326966602994061	0.35388204231898107
log-power-n1n2.mapjitter.klw.tn0.1	Risky second	14.0	1.4946607862550567	p_full	0.32303820679128137	0.3463654299748709	0.3726910635595748
log-power-n1n2.mapjitter.klw.tn0.1	Risky second	14.0	1.5362532507970992	p_full	0.34336603568809454	0.36609174775690956	0.39176480579255457
log-power-n1n2.mapjitter.klw.tn0.1	Risky second	14.0	1.579003123844529	p_full	0.36399271025453694	0.3859844088886196	0.4111751984713391
log-power-n1n2.mapjitter.klw.tn0.1	Risky second	14.0	1.6229426130210856	p_full	0.38463209943314514	0.4061878474549984	0.4307883583762128
log-power-n1n2.mapjitter.klw.tn0.1	Risky second	14.0	1.6681048222036647	p_full	0.4054743500295155	0.42649580847928353	0.45017951886433966
log-power-n1n2.mapjitter.klw.tn0.1	Risky second	14.0	1.714523776462679	p_full	0.4263259106754215	0.44686391201612247	0.46965263311903405
log-power-n1n2.mapjitter.klw.tn0.1	Risky second	14.0	1.7622344476964418	p_full	0.44700003625550855	0.46708979814643126	0.48926513297197405
log-power-n1n2.mapjitter.klw.tn0.1	Risky second	14.0	1.8112727809788889	p_full	0.4675554522353761	0.48731355700532386	0.5088071397927327
log-power-n1n2.mapjitter.klw.tn0.1	Risky second	14.0	1.861675721640487	p_full	0.4879146607616977	0.5073005606021657	0.5281682707429239
log-power-n1n2.mapjitter.klw.tn0.1	Risky second	14.0	1.9134812431027324	p_full	0.5081095372421788	0.5271067072095981	0.54733847746927
log-power-n1n2.mapjitter.klw.tn0.1	Risky second	14.0	1.9667283754872122	p_full	0.5280766307532865	0.5467456057669613	0.5665257226418339
log-power-n1n2.mapjitter.klw.tn0.1	Risky second	14.0	2.021457235020777	p_full	0.5475194989338119	0.565935888700289	0.5850608247352791
log-power-n1n2.mapjitter.klw.tn0.1	Risky second	14.0	2.0777090542589844	p_full	0.5664662437399651	0.5848589596662972	0.6038204998656206
log-power-n1n2.mapjitter.klw.tn0.1	Risky second	14.0	2.1355262131505808	p_full	0.5852289235424316	0.6033130264649029	0.6220216723948345
log-power-n1n2.mapjitter.klw.tn0.1	Risky second	14.0	2.1949522709664246	p_full	0.603233150295647	0.6213700192384151	0.6395601808604369
log-power-n1n2.mapjitter.klw.tn0.1	Risky second	14.0	2.256031999116908	p_full	0.6207065845259868	0.6389002142596816	0.6571059693977487
log-power-n1n2.mapjitter.klw.tn0.1	Risky second	14.0	2.3188114148826	p_full	0.6378754029055874	0.6559526300754586	0.6739006052757405
log-power-n1n2.mapjitter.klw.tn0.1	Risky second	14.0	2.3833378160835275	p_full	0.6544146152950164	0.672423572577553	0.6905591866688664
log-power-n1n2.mapjitter.klw.tn0.1	Risky second	14.0	2.4496598167132055	p_full	0.6706208766302099	0.6884073281036279	0.7063887242951122
log-power-n1n2.mapjitter.klw.tn0.1	Risky second	14.0	2.5178273835642724	p_full	0.686014290144815	0.7037868502801299	0.7215756233084927
log-power-n1n2.mapjitter.klw.tn0.1	Risky second	14.0	2.58789187387332	p_full	0.7006848829921066	0.7186222073664064	0.7362313869139319
log-power-n1n2.mapjitter.klw.tn0.1	Risky second	14.0	2.659906074013276	p_full	0.7148630378954597	0.7328687166742001	0.7505592934541437
log-power-n1n2.mapjitter.klw.tn0.1	Risky second	14.0	2.7339242392624983	p_full	0.7285401308464432	0.7465457442721681	0.7641177955460726
log-power-n1n2.mapjitter.klw.tn0.1	Risky second	14.0	2.8100021346805373	p_full	0.7415810973815743	0.7597023434965984	0.7772718668574845
log-power-n1n2.mapjitter.klw.tn0.1	Risky second	14.0	2.8881970771213568	p_full	0.7539815383941078	0.772238634863456	0.7896947130932277
log-power-n1n2.mapjitter.klw.tn0.1	Risky second	14.0	2.9685679784156793	p_full	0.7658983439879944	0.784204268150904	0.8016845226023965
log-power-n1n2.mapjitter.klw.tn0.1	Risky second	14.0	3.051175389754982	p_full	0.7772840114970355	0.7956976596297429	0.8130288527735422
log-power-n1n2.mapjitter.klw.tn0.1	Risky second	14.0	3.1360815473105736	p_full	0.7881310401817099	0.8066695623028333	0.8238945367173115
log-power-n1n2.mapjitter.klw.tn0.1	Risky second	14.0	3.2233504191221405	p_full	0.7984991529487578	0.8170370355404373	0.834285654771723
log-power-n1n2.mapjitter.klw.tn0.1	Risky second	14.0	3.31304775329107	p_full	0.8085067159882579	0.8268730184323569	0.8440212023962769
log-power-n1n2.mapjitter.klw.tn0.1	Risky second	14.0	3.40524112751487	p_full	0.8177904849355841	0.8362515601963239	0.8535437182434782
log-power-n1n2.mapjitter.klw.tn0.1	Risky second	14.0	3.5000000000000004	p_full	0.82636595343335	0.8451850149709915	0.862441475812957
log-power-n1n2.mapjitter.klw.tn0.1	Risky second	14.0	1.2	p_bias_only	0.1781470650435231	0.2006282657805429	0.22611980339416785
log-power-n1n2.mapjitter.klw.tn0.1	Risky second	14.0	1.233392832614218	p_bias_only	0.19419362173945834	0.21678362753810076	0.2424669567306963
log-power-n1n2.mapjitter.klw.tn0.1	Risky second	14.0	1.267714899620104	p_bias_only	0.21085212336278483	0.23366638194067518	0.2595062294054946
log-power-n1n2.mapjitter.klw.tn0.1	Risky second	14.0	1.3029920591580744	p_bias_only	0.2282204472222742	0.2511655845307017	0.27705852730102554
log-power-n1n2.mapjitter.klw.tn0.1	Risky second	14.0	1.339250888932342	p_bias_only	0.2461216035079539	0.269294774894586	0.29515134184585223
log-power-n1n2.mapjitter.klw.tn0.1	Risky second	14.0	1.3765187062344757	p_bias_only	0.26478631343049724	0.28780648301588097	0.31345835086568696
log-power-n1n2.mapjitter.klw.tn0.1	Risky second	14.0	1.4148235885241658	p_bias_only	0.2837848959632057	0.3068201437156858	0.3323070942025652
log-power-n1n2.mapjitter.klw.tn0.1	Risky second	14.0	1.454194394582695	p_bias_only	0.3032926206993573	0.32609483880025636	0.35148247890622947
log-power-n1n2.mapjitter.klw.tn0.1	Risky second	14.0	1.4946607862550567	p_bias_only	0.3231535462377277	0.34584322401381024	0.3710818896045399
log-power-n1n2.mapjitter.klw.tn0.1	Risky second	14.0	1.5362532507970992	p_bias_only	0.34337570759218755	0.3659456230582306	0.3909726659239479
log-power-n1n2.mapjitter.klw.tn0.1	Risky second	14.0	1.579003123844529	p_bias_only	0.3635039886622711	0.386103863809378	0.410777961347296
log-power-n1n2.mapjitter.klw.tn0.1	Risky second	14.0	1.6229426130210856	p_bias_only	0.3841103009066305	0.40647772768991264	0.43087798156418705
log-power-n1n2.mapjitter.klw.tn0.1	Risky second	14.0	1.6681048222036647	p_bias_only	0.4049601960205674	0.42682904301624064	0.4511238803064339
log-power-n1n2.mapjitter.klw.tn0.1	Risky second	14.0	1.714523776462679	p_bias_only	0.4258546068634511	0.4472528687858386	0.4712977389232412
log-power-n1n2.mapjitter.klw.tn0.1	Risky second	14.0	1.7622344476964418	p_bias_only	0.44639163965333845	0.4675683764183989	0.49136528020670744
log-power-n1n2.mapjitter.klw.tn0.1	Risky second	14.0	1.8112727809788889	p_bias_only	0.4667880196193929	0.4877698600997852	0.5115567858317148
log-power-n1n2.mapjitter.klw.tn0.1	Risky second	14.0	1.861675721640487	p_bias_only	0.4869548043642693	0.5077348956680148	0.5311032241900349
log-power-n1n2.mapjitter.klw.tn0.1	Risky second	14.0	1.9134812431027324	p_bias_only	0.5069218237264728	0.5274634571486985	0.5506516834328483
log-power-n1n2.mapjitter.klw.tn0.1	Risky second	14.0	1.9667283754872122	p_bias_only	0.5265132840442003	0.5468695569616073	0.5698199780649993
log-power-n1n2.mapjitter.klw.tn0.1	Risky second	14.0	2.021457235020777	p_bias_only	0.5455467195250505	0.565934815046659	0.5884503050651289
log-power-n1n2.mapjitter.klw.tn0.1	Risky second	14.0	2.0777090542589844	p_bias_only	0.5642044510803731	0.5845743164132713	0.6068466691311408
log-power-n1n2.mapjitter.klw.tn0.1	Risky second	14.0	2.1355262131505808	p_bias_only	0.582399556633692	0.6026452797542974	0.6246932515857534
log-power-n1n2.mapjitter.klw.tn0.1	Risky second	14.0	2.1949522709664246	p_bias_only	0.6002455789289974	0.620278400117514	0.6419957198043355
log-power-n1n2.mapjitter.klw.tn0.1	Risky second	14.0	2.256031999116908	p_bias_only	0.6175913727971528	0.6373751118907821	0.6587947867913116
log-power-n1n2.mapjitter.klw.tn0.1	Risky second	14.0	2.3188114148826	p_bias_only	0.6342214118396805	0.6540544539003215	0.6754164112629676
log-power-n1n2.mapjitter.klw.tn0.1	Risky second	14.0	2.3833378160835275	p_bias_only	0.6502872094766843	0.6701088146300556	0.691095157977826
log-power-n1n2.mapjitter.klw.tn0.1	Risky second	14.0	2.4496598167132055	p_bias_only	0.6658235354100905	0.6857108867359283	0.7063284555680086
log-power-n1n2.mapjitter.klw.tn0.1	Risky second	14.0	2.5178273835642724	p_bias_only	0.6811139819294657	0.700740489108995	0.7211369105410004
log-power-n1n2.mapjitter.klw.tn0.1	Risky second	14.0	2.58789187387332	p_bias_only	0.695858841380763	0.7152253655491138	0.7352725273311274
log-power-n1n2.mapjitter.klw.tn0.1	Risky second	14.0	2.659906074013276	p_bias_only	0.7099614533268906	0.7291834441214349	0.7490901917233653
log-power-n1n2.mapjitter.klw.tn0.1	Risky second	14.0	2.7339242392624983	p_bias_only	0.7234385156863454	0.7426263883691038	0.7621666881843902
log-power-n1n2.mapjitter.klw.tn0.1	Risky second	14.0	2.8100021346805373	p_bias_only	0.7364117655526943	0.755535338372713	0.774675909006455
log-power-n1n2.mapjitter.klw.tn0.1	Risky second	14.0	2.8881970771213568	p_bias_only	0.7490606692890178	0.7678652404780137	0.7865788059556966
log-power-n1n2.mapjitter.klw.tn0.1	Risky second	14.0	2.9685679784156793	p_bias_only	0.7609659993674593	0.7796073969665017	0.798041159393512
log-power-n1n2.mapjitter.klw.tn0.1	Risky second	14.0	3.051175389754982	p_bias_only	0.7723877223744593	0.7908832913609376	0.8090910426199801
log-power-n1n2.mapjitter.klw.tn0.1	Risky second	14.0	3.1360815473105736	p_bias_only	0.7832258030593384	0.8015379389057915	0.81955123215348
log-power-n1n2.mapjitter.klw.tn0.1	Risky second	14.0	3.2233504191221405	p_bias_only	0.793731162288778	0.8118120366536392	0.8295529758683664
log-power-n1n2.mapjitter.klw.tn0.1	Risky second	14.0	3.31304775329107	p_bias_only	0.8034605867708591	0.821501042114223	0.8391816453885507
log-power-n1n2.mapjitter.klw.tn0.1	Risky second	14.0	3.40524112751487	p_bias_only	0.8125613694288378	0.8308625792413462	0.8483375336798726
log-power-n1n2.mapjitter.klw.tn0.1	Risky second	14.0	3.5000000000000004	p_bias_only	0.8216699866315788	0.8397011046471653	0.8571131401768767
log-power-n1n2.mapjitter.klw.tn0.1	Risky second	14.0	1.2	p_scale_only	0.16233553282228202	0.1845364938769743	0.20870987858651666
log-power-n1n2.mapjitter.klw.tn0.1	Risky second	14.0	1.233392832614218	p_scale_only	0.17833925530679867	0.2006702689348669	0.22473483135116984
log-power-n1n2.mapjitter.klw.tn0.1	Risky second	14.0	1.267714899620104	p_scale_only	0.19508914177118417	0.21757738100941507	0.24164149032026405
log-power-n1n2.mapjitter.klw.tn0.1	Risky second	14.0	1.3029920591580744	p_scale_only	0.21257888565010227	0.23517747095604458	0.25920680941312196
log-power-n1n2.mapjitter.klw.tn0.1	Risky second	14.0	1.339250888932342	p_scale_only	0.23075698319423796	0.2534538187102465	0.2773926950917575
log-power-n1n2.mapjitter.klw.tn0.1	Risky second	14.0	1.3765187062344757	p_scale_only	0.24982708491058428	0.27234998423057577	0.29615876935802554
log-power-n1n2.mapjitter.klw.tn0.1	Risky second	14.0	1.4148235885241658	p_scale_only	0.2692871785783308	0.2917116401527384	0.31535841210718685
log-power-n1n2.mapjitter.klw.tn0.1	Risky second	14.0	1.454194394582695	p_scale_only	0.2894889815636522	0.31161555602943547	0.33489049560384326
log-power-n1n2.mapjitter.klw.tn0.1	Risky second	14.0	1.4946607862550567	p_scale_only	0.30976455298732314	0.3319287554344876	0.35479656946050075
log-power-n1n2.mapjitter.klw.tn0.1	Risky second	14.0	1.5362532507970992	p_scale_only	0.3307423699742641	0.3526367129761573	0.37492563919564875
log-power-n1n2.mapjitter.klw.tn0.1	Risky second	14.0	1.579003123844529	p_scale_only	0.3522315309786611	0.37345528911917225	0.3953312612511757
log-power-n1n2.mapjitter.klw.tn0.1	Risky second	14.0	1.6229426130210856	p_scale_only	0.37352009246735113	0.3945128905492063	0.41602981915605364
log-power-n1n2.mapjitter.klw.tn0.1	Risky second	14.0	1.6681048222036647	p_scale_only	0.39519577767014963	0.41564969638622595	0.43669712597177707
log-power-n1n2.mapjitter.klw.tn0.1	Risky second	14.0	1.714523776462679	p_scale_only	0.41697768757051284	0.4368018279990822	0.4573219789046722
log-power-n1n2.mapjitter.klw.tn0.1	Risky second	14.0	1.7622344476964418	p_scale_only	0.43855733880326886	0.4578455252978607	0.47818869882297577
log-power-n1n2.mapjitter.klw.tn0.1	Risky second	14.0	1.8112727809788889	p_scale_only	0.4597824241950828	0.4787118026811016	0.49877191668680193
log-power-n1n2.mapjitter.klw.tn0.1	Risky second	14.0	1.861675721640487	p_scale_only	0.4807999940657517	0.49946814171186227	0.5192770583536627
log-power-n1n2.mapjitter.klw.tn0.1	Risky second	14.0	1.9134812431027324	p_scale_only	0.5017376663894715	0.5199178309700239	0.5392560604426656
log-power-n1n2.mapjitter.klw.tn0.1	Risky second	14.0	1.9667283754872122	p_scale_only	0.5220932723674755	0.5400918725624502	0.5592346144594438
log-power-n1n2.mapjitter.klw.tn0.1	Risky second	14.0	2.021457235020777	p_scale_only	0.5418372747009991	0.5597185394837854	0.57879590714992
log-power-n1n2.mapjitter.klw.tn0.1	Risky second	14.0	2.0777090542589844	p_scale_only	0.5610812784487896	0.5789321604454419	0.5978517364340662
log-power-n1n2.mapjitter.klw.tn0.1	Risky second	14.0	2.1355262131505808	p_scale_only	0.5799256261484539	0.597576497314103	0.616372955934407
log-power-n1n2.mapjitter.klw.tn0.1	Risky second	14.0	2.1949522709664246	p_scale_only	0.5982421687044555	0.6157926004762403	0.6343818382182415
log-power-n1n2.mapjitter.klw.tn0.1	Risky second	14.0	2.256031999116908	p_scale_only	0.6157273418978698	0.6333536783407263	0.6519675324139114
log-power-n1n2.mapjitter.klw.tn0.1	Risky second	14.0	2.3188114148826	p_scale_only	0.6326977445004786	0.6502809732360211	0.6687702035592947
log-power-n1n2.mapjitter.klw.tn0.1	Risky second	14.0	2.3833378160835275	p_scale_only	0.6491112663744393	0.6666049849763199	0.6848604036403936
log-power-n1n2.mapjitter.klw.tn0.1	Risky second	14.0	2.4496598167132055	p_scale_only	0.6647448708001813	0.6822828264706237	0.7004318899915092
log-power-n1n2.mapjitter.klw.tn0.1	Risky second	14.0	2.5178273835642724	p_scale_only	0.6796567462097229	0.6973037053384106	0.715421821132259
log-power-n1n2.mapjitter.klw.tn0.1	Risky second	14.0	2.58789187387332	p_scale_only	0.6941661367822755	0.7116638096705332	0.7296006112209023
log-power-n1n2.mapjitter.klw.tn0.1	Risky second	14.0	2.659906074013276	p_scale_only	0.7079029404275297	0.7253247237621213	0.743204951613727
log-power-n1n2.mapjitter.klw.tn0.1	Risky second	14.0	2.7339242392624983	p_scale_only	0.7209416759584506	0.7383027359263186	0.7562665032393291
log-power-n1n2.mapjitter.klw.tn0.1	Risky second	14.0	2.8100021346805373	p_scale_only	0.7332299585100154	0.7506519737656598	0.7684992632377626
log-power-n1n2.mapjitter.klw.tn0.1	Risky second	14.0	2.8881970771213568	p_scale_only	0.7448993734066219	0.7624171097288039	0.7803463585008691
log-power-n1n2.mapjitter.klw.tn0.1	Risky second	14.0	2.9685679784156793	p_scale_only	0.7559789321912651	0.7735566093463148	0.7912742837371116
log-power-n1n2.mapjitter.klw.tn0.1	Risky second	14.0	3.051175389754982	p_scale_only	0.7662904679287413	0.7839960393918951	0.8016475504256128
log-power-n1n2.mapjitter.klw.tn0.1	Risky second	14.0	3.1360815473105736	p_scale_only	0.7760725888119318	0.7939031798906628	0.8115787858285533
log-power-n1n2.mapjitter.klw.tn0.1	Risky second	14.0	3.2233504191221405	p_scale_only	0.7853563684958597	0.8031598730667788	0.8208435353743431
log-power-n1n2.mapjitter.klw.tn0.1	Risky second	14.0	3.31304775329107	p_scale_only	0.7940577888293066	0.81190582194915	0.8295273582242142
log-power-n1n2.mapjitter.klw.tn0.1	Risky second	14.0	3.40524112751487	p_scale_only	0.8019672449909748	0.8201080154627463	0.837728640932089
log-power-n1n2.mapjitter.klw.tn0.1	Risky second	14.0	3.5000000000000004	p_scale_only	0.8095026798994674	0.8277593317072538	0.845486795930716
log-power-n1n2.mapjitter.klw.tn0.1	Risky second	14.0	1.2	dp_full	0.005090111869758939	0.03015131133662039	0.05742203151847409
log-power-n1n2.mapjitter.klw.tn0.1	Risky second	14.0	1.233392832614218	dp_full	0.004974667506177574	0.02983040792615972	0.057045969718972876
log-power-n1n2.mapjitter.klw.tn0.1	Risky second	14.0	1.267714899620104	dp_full	0.004987773793947617	0.02933924061643891	0.056366306611181326
log-power-n1n2.mapjitter.klw.tn0.1	Risky second	14.0	1.3029920591580744	dp_full	0.004620002282954292	0.02864287430906573	0.05539198108146146
log-power-n1n2.mapjitter.klw.tn0.1	Risky second	14.0	1.339250888932342	dp_full	0.004355043592133658	0.027760019504606062	0.053851684384875365
log-power-n1n2.mapjitter.klw.tn0.1	Risky second	14.0	1.3765187062344757	dp_full	0.0038516584608060183	0.026602317288557137	0.05218795864672098
log-power-n1n2.mapjitter.klw.tn0.1	Risky second	14.0	1.4148235885241658	dp_full	0.003160985183870031	0.025275000732674628	0.05007551841562304
log-power-n1n2.mapjitter.klw.tn0.1	Risky second	14.0	1.454194394582695	dp_full	0.0025473329491004265	0.023689813371567038	0.047729886723967094
log-power-n1n2.mapjitter.klw.tn0.1	Risky second	14.0	1.4946607862550567	dp_full	0.0015017094871546278	0.02194227271962912	0.045027842643452935
log-power-n1n2.mapjitter.klw.tn0.1	Risky second	14.0	1.5362532507970992	dp_full	0.000947628998899786	0.020198823821975465	0.04217789452780918
log-power-n1n2.mapjitter.klw.tn0.1	Risky second	14.0	1.579003123844529	dp_full	0.00027554440134504614	0.018195919506650532	0.039334024108306206
log-power-n1n2.mapjitter.klw.tn0.1	Risky second	14.0	1.6229426130210856	dp_full	-0.0006044997605150905	0.016189258053396008	0.036327180056769805
log-power-n1n2.mapjitter.klw.tn0.1	Risky second	14.0	1.6681048222036647	dp_full	-0.0017791536960222085	0.014208562314071586	0.03318000271186016
log-power-n1n2.mapjitter.klw.tn0.1	Risky second	14.0	1.714523776462679	dp_full	-0.0031732140775119627	0.0121784145609026	0.030070463424436575
log-power-n1n2.mapjitter.klw.tn0.1	Risky second	14.0	1.7622344476964418	dp_full	-0.004660219389733066	0.010301078271987174	0.027615772581764744
log-power-n1n2.mapjitter.klw.tn0.1	Risky second	14.0	1.8112727809788889	dp_full	-0.006234339238119109	0.008423745538268055	0.025326153958267518
log-power-n1n2.mapjitter.klw.tn0.1	Risky second	14.0	1.861675721640487	dp_full	-0.007914790430241715	0.006706030099840019	0.023070296534289037
log-power-n1n2.mapjitter.klw.tn0.1	Risky second	14.0	1.9134812431027324	dp_full	-0.009486189875001796	0.005105320989325158	0.021229672795184076
log-power-n1n2.mapjitter.klw.tn0.1	Risky second	14.0	1.9667283754872122	dp_full	-0.01120460253737153	0.0036859489952439217	0.019786356647243656
log-power-n1n2.mapjitter.klw.tn0.1	Risky second	14.0	2.021457235020777	dp_full	-0.012829119147176831	0.0025299192686798707	0.018682500202619266
log-power-n1n2.mapjitter.klw.tn0.1	Risky second	14.0	2.0777090542589844	dp_full	-0.01440192992783069	0.0014393365364163374	0.017972399253200752
log-power-n1n2.mapjitter.klw.tn0.1	Risky second	14.0	2.1355262131505808	dp_full	-0.0160277227734888	0.0005534657157215492	0.017591575430920662
log-power-n1n2.mapjitter.klw.tn0.1	Risky second	14.0	2.1949522709664246	dp_full	-0.01765763613174213	-0.00017657192453225548	0.01743119243725272
log-power-n1n2.mapjitter.klw.tn0.1	Risky second	14.0	2.256031999116908	dp_full	-0.018994391295778672	-0.0007632669894212653	0.01733116007104162
log-power-n1n2.mapjitter.klw.tn0.1	Risky second	14.0	2.3188114148826	dp_full	-0.02023841763836627	-0.0010390282345905952	0.01733303745734713
log-power-n1n2.mapjitter.klw.tn0.1	Risky second	14.0	2.3833378160835275	dp_full	-0.020967288092100467	-0.0012461191047117934	0.017734503352277508
log-power-n1n2.mapjitter.klw.tn0.1	Risky second	14.0	2.4496598167132055	dp_full	-0.021462746627396317	-0.0013202097181155995	0.01823870718756135
log-power-n1n2.mapjitter.klw.tn0.1	Risky second	14.0	2.5178273835642724	dp_full	-0.021681528540831968	-0.0012075859368263823	0.018915311592762333
log-power-n1n2.mapjitter.klw.tn0.1	Risky second	14.0	2.58789187387332	dp_full	-0.02177245655094611	-0.000815587926583809	0.01958154122288059
log-power-n1n2.mapjitter.klw.tn0.1	Risky second	14.0	2.659906074013276	dp_full	-0.02155198703359505	-0.00028524329638922915	0.0205175045822028
log-power-n1n2.mapjitter.klw.tn0.1	Risky second	14.0	2.7339242392624983	dp_full	-0.021023832521780614	0.0004041775538947721	0.02152354116893114
log-power-n1n2.mapjitter.klw.tn0.1	Risky second	14.0	2.8100021346805373	dp_full	-0.020482469187589586	0.0011531754632255484	0.02238326098661684
log-power-n1n2.mapjitter.klw.tn0.1	Risky second	14.0	2.8881970771213568	dp_full	-0.01963238284387067	0.0020150580225497487	0.023610898585221512
log-power-n1n2.mapjitter.klw.tn0.1	Risky second	14.0	2.9685679784156793	dp_full	-0.018905390078724927	0.0029829328451909404	0.025012821268016877
log-power-n1n2.mapjitter.klw.tn0.1	Risky second	14.0	3.051175389754982	dp_full	-0.017889961755272257	0.004078579478300827	0.0264052009951222
log-power-n1n2.mapjitter.klw.tn0.1	Risky second	14.0	3.1360815473105736	dp_full	-0.016984029128864046	0.005296185045163729	0.027814662633002096
log-power-n1n2.mapjitter.klw.tn0.1	Risky second	14.0	3.2233504191221405	dp_full	-0.015754482324083743	0.006636230273578403	0.02926709060414624
log-power-n1n2.mapjitter.klw.tn0.1	Risky second	14.0	3.31304775329107	dp_full	-0.014185516130568737	0.008098670181921912	0.030958092913113747
log-power-n1n2.mapjitter.klw.tn0.1	Risky second	14.0	3.40524112751487	dp_full	-0.0126461766133797	0.009566724590349258	0.03271460299792901
log-power-n1n2.mapjitter.klw.tn0.1	Risky second	14.0	3.5000000000000004	dp_full	-0.011136969590608607	0.011173496977761373	0.03425692047133176
log-power-n1n2.mapjitter.klw.tn0.1	Risky second	14.0	1.2	dp_bias	0.010058505196830644	0.026645351688111815	0.04603278151717838
log-power-n1n2.mapjitter.klw.tn0.1	Risky second	14.0	1.233392832614218	dp_bias	0.009971571242195464	0.02673124089594543	0.046411844721698854
log-power-n1n2.mapjitter.klw.tn0.1	Risky second	14.0	1.267714899620104	dp_bias	0.00965739086922311	0.026628592136968547	0.04660456107599374
log-power-n1n2.mapjitter.klw.tn0.1	Risky second	14.0	1.3029920591580744	dp_bias	0.0091834644278776	0.026302512018421938	0.0464938805153167
log-power-n1n2.mapjitter.klw.tn0.1	Risky second	14.0	1.339250888932342	dp_bias	0.008444335088416357	0.025747032497031773	0.046020466310902355
log-power-n1n2.mapjitter.klw.tn0.1	Risky second	14.0	1.3765187062344757	dp_bias	0.007751432824498631	0.024989195467745556	0.04526391568512242
log-power-n1n2.mapjitter.klw.tn0.1	Risky second	14.0	1.4148235885241658	dp_bias	0.006714780208500992	0.024028492463578133	0.04425818267295828
log-power-n1n2.mapjitter.klw.tn0.1	Risky second	14.0	1.454194394582695	dp_bias	0.00562259080959651	0.02283659398480893	0.04322304147039451
log-power-n1n2.mapjitter.klw.tn0.1	Risky second	14.0	1.4946607862550567	dp_bias	0.004458092526752511	0.02139949098791813	0.04178437668872884
log-power-n1n2.mapjitter.klw.tn0.1	Risky second	14.0	1.5362532507970992	dp_bias	0.0029003485481959726	0.019817185503572355	0.04018225633988882
log-power-n1n2.mapjitter.klw.tn0.1	Risky second	14.0	1.579003123844529	dp_bias	0.0015012037992350176	0.01817671023175781	0.03837690292260732
log-power-n1n2.mapjitter.klw.tn0.1	Risky second	14.0	1.6229426130210856	dp_bias	-1.833102167479657e-05	0.016400453893769144	0.036204613076561275
log-power-n1n2.mapjitter.klw.tn0.1	Risky second	14.0	1.6681048222036647	dp_bias	-0.0018353324529719914	0.014594554067793109	0.034078852824351656
log-power-n1n2.mapjitter.klw.tn0.1	Risky second	14.0	1.714523776462679	dp_bias	-0.0034137529348299426	0.01271326397556109	0.03208336680225327
log-power-n1n2.mapjitter.klw.tn0.1	Risky second	14.0	1.7622344476964418	dp_bias	-0.005409959297556161	0.010773229237252342	0.029756709708601687
log-power-n1n2.mapjitter.klw.tn0.1	Risky second	14.0	1.8112727809788889	dp_bias	-0.007182857296833458	0.0089497629538184	0.02769467905037355
log-power-n1n2.mapjitter.klw.tn0.1	Risky second	14.0	1.861675721640487	dp_bias	-0.008955386294743135	0.007128074552980522	0.025686891266210016
log-power-n1n2.mapjitter.klw.tn0.1	Risky second	14.0	1.9134812431027324	dp_bias	-0.010729205775318195	0.005369074717349057	0.023898830114261905
log-power-n1n2.mapjitter.klw.tn0.1	Risky second	14.0	1.9667283754872122	dp_bias	-0.012460672125799481	0.0037876549588221724	0.022142045083826466
log-power-n1n2.mapjitter.klw.tn0.1	Risky second	14.0	2.021457235020777	dp_bias	-0.014134919674713354	0.002321489214846678	0.02034913590941423
log-power-n1n2.mapjitter.klw.tn0.1	Risky second	14.0	2.0777090542589844	dp_bias	-0.015714446079377005	0.0009501251104979307	0.018986859574948608
log-power-n1n2.mapjitter.klw.tn0.1	Risky second	14.0	2.1355262131505808	dp_bias	-0.017061870177685692	-0.0003300297887306561	0.017848906061074667
log-power-n1n2.mapjitter.klw.tn0.1	Risky second	14.0	2.1949522709664246	dp_bias	-0.018040334282947317	-0.0013587105662094734	0.016794980731678153
log-power-n1n2.mapjitter.klw.tn0.1	Risky second	14.0	2.256031999116908	dp_bias	-0.019236799274050784	-0.0022041609591027865	0.015875423283401944
log-power-n1n2.mapjitter.klw.tn0.1	Risky second	14.0	2.3188114148826	dp_bias	-0.020074007203820285	-0.00288942705952172	0.015164847944232207
log-power-n1n2.mapjitter.klw.tn0.1	Risky second	14.0	2.3833378160835275	dp_bias	-0.02050535961010034	-0.00341961932694719	0.014569972064221877
log-power-n1n2.mapjitter.klw.tn0.1	Risky second	14.0	2.4496598167132055	dp_bias	-0.0209536838030448	-0.0037853336262637957	0.014073908827245773
log-power-n1n2.mapjitter.klw.tn0.1	Risky second	14.0	2.5178273835642724	dp_bias	-0.021191569716976326	-0.003993620294887586	0.013709956675187868
log-power-n1n2.mapjitter.klw.tn0.1	Risky second	14.0	2.58789187387332	dp_bias	-0.021274738203803878	-0.0039807826378403495	0.013547602165276486
log-power-n1n2.mapjitter.klw.tn0.1	Risky second	14.0	2.659906074013276	dp_bias	-0.02121689733624074	-0.003789563974051763	0.013615100890685674
log-power-n1n2.mapjitter.klw.tn0.1	Risky second	14.0	2.7339242392624983	dp_bias	-0.020897431655296166	-0.003415878769747061	0.013965786915561301
log-power-n1n2.mapjitter.klw.tn0.1	Risky second	14.0	2.8100021346805373	dp_bias	-0.020497208280390734	-0.0028619783876460215	0.014400725574412486
log-power-n1n2.mapjitter.klw.tn0.1	Risky second	14.0	2.8881970771213568	dp_bias	-0.019806359264780138	-0.002259731938810728	0.01477604504420532
log-power-n1n2.mapjitter.klw.tn0.1	Risky second	14.0	2.9685679784156793	dp_bias	-0.01905357280945236	-0.0014320381247917022	0.015407070006004506
log-power-n1n2.mapjitter.klw.tn0.1	Risky second	14.0	3.051175389754982	dp_bias	-0.01784234977206145	-0.0005274768286746802	0.01631345877565563
log-power-n1n2.mapjitter.klw.tn0.1	Risky second	14.0	3.1360815473105736	dp_bias	-0.016514168688449474	0.0004702498291855753	0.01714683708624389
log-power-n1n2.mapjitter.klw.tn0.1	Risky second	14.0	3.2233504191221405	dp_bias	-0.015209218820256451	0.0017149323711850334	0.018350620699942432
log-power-n1n2.mapjitter.klw.tn0.1	Risky second	14.0	3.31304775329107	dp_bias	-0.013834298323969879	0.00304595048071986	0.019563234389367856
log-power-n1n2.mapjitter.klw.tn0.1	Risky second	14.0	3.40524112751487	dp_bias	-0.012051849203075173	0.004496437004347384	0.02085605323843371
log-power-n1n2.mapjitter.klw.tn0.1	Risky second	14.0	3.5000000000000004	dp_bias	-0.010356873045824076	0.006036259812852062	0.02231437418526385
log-power-n1n2.mapjitter.klw.tn0.1	Risky second	14.0	1.2	dp_scale	-0.003855046333975403	0.010418491308463413	0.02600751441029089
log-power-n1n2.mapjitter.klw.tn0.1	Risky second	14.0	1.233392832614218	dp_scale	-0.0035351438588565012	0.010498146890802713	0.025758405718138123
log-power-n1n2.mapjitter.klw.tn0.1	Risky second	14.0	1.267714899620104	dp_scale	-0.0033916700542182604	0.010456331087483776	0.02551498402517822
log-power-n1n2.mapjitter.klw.tn0.1	Risky second	14.0	1.3029920591580744	dp_scale	-0.0032247464470386658	0.010327671384233008	0.024923634423571178
log-power-n1n2.mapjitter.klw.tn0.1	Risky second	14.0	1.339250888932342	dp_scale	-0.003031464144131522	0.010061986461048611	0.024132181975075245
log-power-n1n2.mapjitter.klw.tn0.1	Risky second	14.0	1.3765187062344757	dp_scale	-0.0029045297262899833	0.00963798001214199	0.023086749324285952
log-power-n1n2.mapjitter.klw.tn0.1	Risky second	14.0	1.4148235885241658	dp_scale	-0.002731609552777127	0.009048922662342408	0.02176236064306724
log-power-n1n2.mapjitter.klw.tn0.1	Risky second	14.0	1.454194394582695	dp_scale	-0.002756666189160762	0.008392364801731843	0.020220591827502632
log-power-n1n2.mapjitter.klw.tn0.1	Risky second	14.0	1.4946607862550567	dp_scale	-0.002845978740274517	0.007591657139464286	0.018459924288635292
log-power-n1n2.mapjitter.klw.tn0.1	Risky second	14.0	1.5362532507970992	dp_scale	-0.0029516368701697007	0.006694601902254457	0.016661752173486248
log-power-n1n2.mapjitter.klw.tn0.1	Risky second	14.0	1.579003123844529	dp_scale	-0.003085735435821231	0.005702218441775128	0.014674784554464682
log-power-n1n2.mapjitter.klw.tn0.1	Risky second	14.0	1.6229426130210856	dp_scale	-0.0034116277256388853	0.004690726846446096	0.012783319036115709
log-power-n1n2.mapjitter.klw.tn0.1	Risky second	14.0	1.6681048222036647	dp_scale	-0.003871267556695425	0.0036271205305641986	0.010885923766499243
log-power-n1n2.mapjitter.klw.tn0.1	Risky second	14.0	1.714523776462679	dp_scale	-0.004372267362074049	0.002499676672234511	0.009176430859640244
log-power-n1n2.mapjitter.klw.tn0.1	Risky second	14.0	1.7622344476964418	dp_scale	-0.005132003590908853	0.0013853785409612058	0.007698121304650939
log-power-n1n2.mapjitter.klw.tn0.1	Risky second	14.0	1.8112727809788889	dp_scale	-0.006117255052710546	0.0002546740105405787	0.006452234142098847
log-power-n1n2.mapjitter.klw.tn0.1	Risky second	14.0	1.861675721640487	dp_scale	-0.007350519891526461	-0.0008018468521296138	0.005716574134522922
log-power-n1n2.mapjitter.klw.tn0.1	Risky second	14.0	1.9134812431027324	dp_scale	-0.008852421376301971	-0.0017585010181392024	0.005088495228435747
log-power-n1n2.mapjitter.klw.tn0.1	Risky second	14.0	1.9667283754872122	dp_scale	-0.01047676411548635	-0.0027103176808372697	0.0048417211237145475
log-power-n1n2.mapjitter.klw.tn0.1	Risky second	14.0	2.021457235020777	dp_scale	-0.011881490152970626	-0.003528758444516656	0.004574551809323332
log-power-n1n2.mapjitter.klw.tn0.1	Risky second	14.0	2.0777090542589844	dp_scale	-0.01335294668217363	-0.004308250763113615	0.004400581904651032
log-power-n1n2.mapjitter.klw.tn0.1	Risky second	14.0	2.1355262131505808	dp_scale	-0.014870011568441054	-0.005031773388139638	0.004390689260159841
log-power-n1n2.mapjitter.klw.tn0.1	Risky second	14.0	2.1949522709664246	dp_scale	-0.016060875795537548	-0.005600372493302358	0.004250164898698737
log-power-n1n2.mapjitter.klw.tn0.1	Risky second	14.0	2.256031999116908	dp_scale	-0.017177182275822104	-0.0061246554752504324	0.004343527037376719
log-power-n1n2.mapjitter.klw.tn0.1	Risky second	14.0	2.3188114148826	dp_scale	-0.018140240203173154	-0.006528051064383351	0.004397700478795668
log-power-n1n2.mapjitter.klw.tn0.1	Risky second	14.0	2.3833378160835275	dp_scale	-0.018962245576881184	-0.006875687924774791	0.004468427291954968
log-power-n1n2.mapjitter.klw.tn0.1	Risky second	14.0	2.4496598167132055	dp_scale	-0.019428256034665338	-0.007152600523763491	0.0045135190108033605
log-power-n1n2.mapjitter.klw.tn0.1	Risky second	14.0	2.5178273835642724	dp_scale	-0.020031666956883812	-0.007341035376112014	0.004561207987746344
log-power-n1n2.mapjitter.klw.tn0.1	Risky second	14.0	2.58789187387332	dp_scale	-0.020332001690398623	-0.0074981627850092426	0.004508446418097903
log-power-n1n2.mapjitter.klw.tn0.1	Risky second	14.0	2.659906074013276	dp_scale	-0.020533181751997646	-0.0075727625542248616	0.004542047309251912
log-power-n1n2.mapjitter.klw.tn0.1	Risky second	14.0	2.7339242392624983	dp_scale	-0.02069805670025584	-0.007588859160814413	0.004539048465115357
log-power-n1n2.mapjitter.klw.tn0.1	Risky second	14.0	2.8100021346805373	dp_scale	-0.02077562119989371	-0.0075536914631934345	0.004586860359383114
log-power-n1n2.mapjitter.klw.tn0.1	Risky second	14.0	2.8881970771213568	dp_scale	-0.020733805497678427	-0.007540142530079841	0.004691110933476226
log-power-n1n2.mapjitter.klw.tn0.1	Risky second	14.0	2.9685679784156793	dp_scale	-0.02052742450904748	-0.0074304377736262705	0.004895845626527682
log-power-n1n2.mapjitter.klw.tn0.1	Risky second	14.0	3.051175389754982	dp_scale	-0.020263154566074033	-0.007277059317217456	0.005007075771166
log-power-n1n2.mapjitter.klw.tn0.1	Risky second	14.0	3.1360815473105736	dp_scale	-0.01992035206548367	-0.0070907089817317075	0.005115295613988308
log-power-n1n2.mapjitter.klw.tn0.1	Risky second	14.0	3.2233504191221405	dp_scale	-0.019455776963522083	-0.006861516430577447	0.005275065121857916
log-power-n1n2.mapjitter.klw.tn0.1	Risky second	14.0	3.31304775329107	dp_scale	-0.019024557174274617	-0.006617196018350113	0.005421403037876928
log-power-n1n2.mapjitter.klw.tn0.1	Risky second	14.0	3.40524112751487	dp_scale	-0.018583628219436647	-0.006285368965288545	0.005566420067864683
log-power-n1n2.mapjitter.klw.tn0.1	Risky second	14.0	3.5000000000000004	dp_scale	-0.01808673690367427	-0.005916498118917325	0.005788924583499889
log-power-n1n2.mapjitter.klw.tn0.1	Risky second	14.0	1.2	dp_interaction	-0.013161572157654951	-0.006767508175489602	-0.00286429438811972
log-power-n1n2.mapjitter.klw.tn0.1	Risky second	14.0	1.233392832614218	dp_interaction	-0.01378263163877724	-0.007239105683496727	-0.0031284122194067286
log-power-n1n2.mapjitter.klw.tn0.1	Risky second	14.0	1.267714899620104	dp_interaction	-0.01419472717164943	-0.00759340968523212	-0.0032998782400537816
log-power-n1n2.mapjitter.klw.tn0.1	Risky second	14.0	1.3029920591580744	dp_interaction	-0.014473730593172713	-0.007822657126969994	-0.003437864192747986
log-power-n1n2.mapjitter.klw.tn0.1	Risky second	14.0	1.339250888932342	dp_interaction	-0.014686175851405567	-0.007900703003974517	-0.0034685923836992095
log-power-n1n2.mapjitter.klw.tn0.1	Risky second	14.0	1.3765187062344757	dp_interaction	-0.014555444064907738	-0.007836040829837118	-0.0034337597196674005
log-power-n1n2.mapjitter.klw.tn0.1	Risky second	14.0	1.4148235885241658	dp_interaction	-0.014187823373262815	-0.007638772497576255	-0.003303905491752245
log-power-n1n2.mapjitter.klw.tn0.1	Risky second	14.0	1.454194394582695	dp_interaction	-0.01361376784924756	-0.007294263339105892	-0.003086155288765615
log-power-n1n2.mapjitter.klw.tn0.1	Risky second	14.0	1.4946607862550567	dp_interaction	-0.01288614761946155	-0.006828329827631967	-0.0027794792986738127
log-power-n1n2.mapjitter.klw.tn0.1	Risky second	14.0	1.5362532507970992	dp_interaction	-0.012018932107250373	-0.006228122731868261	-0.0023601520640009967
log-power-n1n2.mapjitter.klw.tn0.1	Risky second	14.0	1.579003123844529	dp_interaction	-0.010927926582714747	-0.005500558306819028	-0.0018772109096837838
log-power-n1n2.mapjitter.klw.tn0.1	Risky second	14.0	1.6229426130210856	dp_interaction	-0.009714471874533242	-0.004642238790944728	-0.0012949057224270746
log-power-n1n2.mapjitter.klw.tn0.1	Risky second	14.0	1.6681048222036647	dp_interaction	-0.008413174800149692	-0.0037401017430021524	-0.0006104851407379638
log-power-n1n2.mapjitter.klw.tn0.1	Risky second	14.0	1.714523776462679	dp_interaction	-0.006950713769003727	-0.0027301703390884913	0.00024170473278812342
log-power-n1n2.mapjitter.klw.tn0.1	Risky second	14.0	1.7622344476964418	dp_interaction	-0.005622736568988853	-0.0017185391640230597	0.0011793643063744026
log-power-n1n2.mapjitter.klw.tn0.1	Risky second	14.0	1.8112727809788889	dp_interaction	-0.004312409964196633	-0.000650624327125226	0.0022346699615423717
log-power-n1n2.mapjitter.klw.tn0.1	Risky second	14.0	1.861675721640487	dp_interaction	-0.0030855560229394526	0.000409860270589879	0.003386543535899891
log-power-n1n2.mapjitter.klw.tn0.1	Risky second	14.0	1.9134812431027324	dp_interaction	-0.0018816017616368266	0.0014575073461640256	0.004692957409695247
log-power-n1n2.mapjitter.klw.tn0.1	Risky second	14.0	1.9667283754872122	dp_interaction	-0.0007112817641667668	0.002512446442683813	0.0059765169774488695
log-power-n1n2.mapjitter.klw.tn0.1	Risky second	14.0	2.021457235020777	dp_interaction	0.000369327027863893	0.0035394403418662884	0.007306581328910116
log-power-n1n2.mapjitter.klw.tn0.1	Risky second	14.0	2.0777090542589844	dp_interaction	0.0013099818428580496	0.004534750541080145	0.008545722971719398
log-power-n1n2.mapjitter.klw.tn0.1	Risky second	14.0	2.1355262131505808	dp_interaction	0.002169487257150777	0.0054919748640263	0.009770944665964875
log-power-n1n2.mapjitter.klw.tn0.1	Risky second	14.0	2.1949522709664246	dp_interaction	0.002923697899509744	0.0064045517685460025	0.010928956877869597
log-power-n1n2.mapjitter.klw.tn0.1	Risky second	14.0	2.256031999116908	dp_interaction	0.003625602881657946	0.00728796624198321	0.01203405565622926
log-power-n1n2.mapjitter.klw.tn0.1	Risky second	14.0	2.3188114148826	dp_interaction	0.004225566225440074	0.008097875709199405	0.013051783942056564
log-power-n1n2.mapjitter.klw.tn0.1	Risky second	14.0	2.3833378160835275	dp_interaction	0.004739034869565639	0.008837322155779235	0.014060898650262364
log-power-n1n2.mapjitter.klw.tn0.1	Risky second	14.0	2.4496598167132055	dp_interaction	0.005177376644575379	0.009509410926962182	0.01494296081511346
log-power-n1n2.mapjitter.klw.tn0.1	Risky second	14.0	2.5178273835642724	dp_interaction	0.005560245802685194	0.010094664850248524	0.015751770428846755
log-power-n1n2.mapjitter.klw.tn0.1	Risky second	14.0	2.58789187387332	dp_interaction	0.005937824877706501	0.010584465409595765	0.016486038734847545
log-power-n1n2.mapjitter.klw.tn0.1	Risky second	14.0	2.659906074013276	dp_interaction	0.0062211965881032736	0.011008496696096451	0.01714616607676125
log-power-n1n2.mapjitter.klw.tn0.1	Risky second	14.0	2.7339242392624983	dp_interaction	0.006441760742811269	0.011386776328517482	0.017689802741076437
log-power-n1n2.mapjitter.klw.tn0.1	Risky second	14.0	2.8100021346805373	dp_interaction	0.006605623775848373	0.01163634040097178	0.018163003444440134
log-power-n1n2.mapjitter.klw.tn0.1	Risky second	14.0	2.8881970771213568	dp_interaction	0.006692083767625337	0.011832164295749056	0.018523872981376026
log-power-n1n2.mapjitter.klw.tn0.1	Risky second	14.0	2.9685679784156793	dp_interaction	0.006690719544201851	0.011913047741355078	0.01875504537691545
log-power-n1n2.mapjitter.klw.tn0.1	Risky second	14.0	3.051175389754982	dp_interaction	0.006665472857459934	0.011934513016244623	0.01883626671121127
log-power-n1n2.mapjitter.klw.tn0.1	Risky second	14.0	3.1360815473105736	dp_interaction	0.006609318765059816	0.011887438740462403	0.0188080835789958
log-power-n1n2.mapjitter.klw.tn0.1	Risky second	14.0	3.2233504191221405	dp_interaction	0.006461279369275799	0.01178051916313533	0.018679536016526416
log-power-n1n2.mapjitter.klw.tn0.1	Risky second	14.0	3.31304775329107	dp_interaction	0.0062510219870237395	0.011619210623476874	0.0185579188299062
log-power-n1n2.mapjitter.klw.tn0.1	Risky second	14.0	3.40524112751487	dp_interaction	0.006055584586007982	0.011380912157881128	0.01828171097879122
log-power-n1n2.mapjitter.klw.tn0.1	Risky second	14.0	3.5000000000000004	dp_interaction	0.005791522527095129	0.011090264141226653	0.01796317318296043
log-power-n1n2.mapjitter.klw.tn0.1	Risky second	14.0	1.2	num_shift	0.0005172322314060172	0.017800194129614977	0.03752553754868493
log-power-n1n2.mapjitter.klw.tn0.1	Risky second	14.0	1.233392832614218	num_shift	-0.00012866909264898789	0.01700539273059364	0.036722390974132435
log-power-n1n2.mapjitter.klw.tn0.1	Risky second	14.0	1.267714899620104	num_shift	-0.0008188372987291302	0.016205345815503456	0.03589884233195754
log-power-n1n2.mapjitter.klw.tn0.1	Risky second	14.0	1.3029920591580744	num_shift	-0.00149309832680656	0.015460691786090084	0.03512736800599143
log-power-n1n2.mapjitter.klw.tn0.1	Risky second	14.0	1.339250888932342	num_shift	-0.0022354855633676288	0.014853790392611824	0.03449418374793583
log-power-n1n2.mapjitter.klw.tn0.1	Risky second	14.0	1.3765187062344757	num_shift	-0.002962876203085492	0.014167633246001388	0.03395955235322426
log-power-n1n2.mapjitter.klw.tn0.1	Risky second	14.0	1.4148235885241658	num_shift	-0.003537249689080505	0.013549190162384902	0.03358323592559554
log-power-n1n2.mapjitter.klw.tn0.1	Risky second	14.0	1.454194394582695	num_shift	-0.0042663547373328736	0.012955553448591357	0.03312390740624802
log-power-n1n2.mapjitter.klw.tn0.1	Risky second	14.0	1.4946607862550567	num_shift	-0.0048544603829551196	0.012414736309108197	0.03256854656393398
log-power-n1n2.mapjitter.klw.tn0.1	Risky second	14.0	1.5362532507970992	num_shift	-0.005446084682823502	0.011982621893052551	0.03224414005990255
log-power-n1n2.mapjitter.klw.tn0.1	Risky second	14.0	1.579003123844529	num_shift	-0.006027293457333125	0.011577763833486826	0.03209946314721065
log-power-n1n2.mapjitter.klw.tn0.1	Risky second	14.0	1.6229426130210856	num_shift	-0.006544238862794783	0.011232459324068411	0.0319683148574772
log-power-n1n2.mapjitter.klw.tn0.1	Risky second	14.0	1.6681048222036647	num_shift	-0.007014544661987637	0.01089221715745491	0.031833486112870034
log-power-n1n2.mapjitter.klw.tn0.1	Risky second	14.0	1.714523776462679	num_shift	-0.007355352238887354	0.010644383438103706	0.031864096561440416
log-power-n1n2.mapjitter.klw.tn0.1	Risky second	14.0	1.7622344476964418	num_shift	-0.007700326853692807	0.010468549589537716	0.031862253409313666
log-power-n1n2.mapjitter.klw.tn0.1	Risky second	14.0	1.8112727809788889	num_shift	-0.008113143940834297	0.010356403791557289	0.03189348942368929
log-power-n1n2.mapjitter.klw.tn0.1	Risky second	14.0	1.861675721640487	num_shift	-0.008510346354777647	0.010258008775489845	0.03172716573414528
log-power-n1n2.mapjitter.klw.tn0.1	Risky second	14.0	1.9134812431027324	num_shift	-0.008800237413319204	0.010210767564304868	0.03187034873828938
log-power-n1n2.mapjitter.klw.tn0.1	Risky second	14.0	1.9667283754872122	num_shift	-0.008966340029599383	0.010234514974560812	0.03205536028869072
log-power-n1n2.mapjitter.klw.tn0.1	Risky second	14.0	2.021457235020777	num_shift	-0.009146163985154138	0.010323210559533058	0.03212948866732362
log-power-n1n2.mapjitter.klw.tn0.1	Risky second	14.0	2.0777090542589844	num_shift	-0.009214665845506993	0.010551977674271368	0.03244630763981142
log-power-n1n2.mapjitter.klw.tn0.1	Risky second	14.0	2.1355262131505808	num_shift	-0.00919859995499655	0.010796448275779552	0.03295578718815227
log-power-n1n2.mapjitter.klw.tn0.1	Risky second	14.0	2.1949522709664246	num_shift	-0.009160329944897206	0.011036453572666059	0.03348384552777995
log-power-n1n2.mapjitter.klw.tn0.1	Risky second	14.0	2.256031999116908	num_shift	-0.009021532472739326	0.011415516867081279	0.03386671878157228
log-power-n1n2.mapjitter.klw.tn0.1	Risky second	14.0	2.3188114148826	num_shift	-0.008908754502317052	0.011841287171888731	0.0343302208352961
log-power-n1n2.mapjitter.klw.tn0.1	Risky second	14.0	2.3833378160835275	num_shift	-0.008655192136986935	0.012354099011811918	0.03497399140111495
log-power-n1n2.mapjitter.klw.tn0.1	Risky second	14.0	2.4496598167132055	num_shift	-0.008402049595638636	0.012987310063749025	0.035798177718395684
log-power-n1n2.mapjitter.klw.tn0.1	Risky second	14.0	2.5178273835642724	num_shift	-0.008043507863146383	0.013685784652748008	0.03676247605186741
log-power-n1n2.mapjitter.klw.tn0.1	Risky second	14.0	2.58789187387332	num_shift	-0.007619434587514719	0.014413949303314038	0.03775430602914802
log-power-n1n2.mapjitter.klw.tn0.1	Risky second	14.0	2.659906074013276	num_shift	-0.006896645354804321	0.015169941768056982	0.03866617107450066
log-power-n1n2.mapjitter.klw.tn0.1	Risky second	14.0	2.7339242392624983	num_shift	-0.006378280437522871	0.016132762225857453	0.03993819078622881
log-power-n1n2.mapjitter.klw.tn0.1	Risky second	14.0	2.8100021346805373	num_shift	-0.0057613126181585185	0.01710884387586084	0.04123178245631222
log-power-n1n2.mapjitter.klw.tn0.1	Risky second	14.0	2.8881970771213568	num_shift	-0.005179295949077925	0.01816456577380396	0.04271894054106379
log-power-n1n2.mapjitter.klw.tn0.1	Risky second	14.0	2.9685679784156793	num_shift	-0.004371540899967562	0.01930955595075262	0.04443232666443159
log-power-n1n2.mapjitter.klw.tn0.1	Risky second	14.0	3.051175389754982	num_shift	-0.0037164207283980327	0.020526938070491944	0.04616531068635284
log-power-n1n2.mapjitter.klw.tn0.1	Risky second	14.0	3.1360815473105736	num_shift	-0.0029628644659777255	0.021827585729940473	0.04784974910569219
log-power-n1n2.mapjitter.klw.tn0.1	Risky second	14.0	3.2233504191221405	num_shift	-0.0020911458021161977	0.02324010236576202	0.04955872802425943
log-power-n1n2.mapjitter.klw.tn0.1	Risky second	14.0	3.31304775329107	num_shift	-0.0010678454615597837	0.024805582855943017	0.05151518694261792
log-power-n1n2.mapjitter.klw.tn0.1	Risky second	14.0	3.40524112751487	num_shift	-0.00041532881395151943	0.026458287093097492	0.05364869150473699
log-power-n1n2.mapjitter.klw.tn0.1	Risky second	14.0	3.5000000000000004	num_shift	0.0004347050431184252	0.028106069075663327	0.0559336911435427
log-power-n1n2.mapjitter.klw.tn0.1	Risky second	14.0	1.2	den_ratio	1.0102712657426758	1.0842897206445206	1.1695574120580357
log-power-n1n2.mapjitter.klw.tn0.1	Risky second	14.0	1.233392832614218	den_ratio	1.0096569883165423	1.0833098154154124	1.1684792051435078
log-power-n1n2.mapjitter.klw.tn0.1	Risky second	14.0	1.267714899620104	den_ratio	1.0089488500631045	1.0821341538619282	1.167483328217334
log-power-n1n2.mapjitter.klw.tn0.1	Risky second	14.0	1.3029920591580744	den_ratio	1.0080596194990303	1.0809909121699752	1.1660817530206662
log-power-n1n2.mapjitter.klw.tn0.1	Risky second	14.0	1.339250888932342	den_ratio	1.0071888550901456	1.0798765178686576	1.164669708340829
log-power-n1n2.mapjitter.klw.tn0.1	Risky second	14.0	1.3765187062344757	den_ratio	1.0063439443947406	1.0785914294641756	1.163126872564335
log-power-n1n2.mapjitter.klw.tn0.1	Risky second	14.0	1.4148235885241658	den_ratio	1.005461583840368	1.077294998809166	1.161188744785654
log-power-n1n2.mapjitter.klw.tn0.1	Risky second	14.0	1.454194394582695	den_ratio	1.0045455039539486	1.0760761077663579	1.1596697392381647
log-power-n1n2.mapjitter.klw.tn0.1	Risky second	14.0	1.4946607862550567	den_ratio	1.0035709492549778	1.074851366556421	1.1579827795676654
log-power-n1n2.mapjitter.klw.tn0.1	Risky second	14.0	1.5362532507970992	den_ratio	1.0027453070796366	1.073740076139261	1.156372901355919
log-power-n1n2.mapjitter.klw.tn0.1	Risky second	14.0	1.579003123844529	den_ratio	1.001491142379686	1.072421690736992	1.1544519696749656
log-power-n1n2.mapjitter.klw.tn0.1	Risky second	14.0	1.6229426130210856	den_ratio	1.0004329978425281	1.071217161581677	1.1527420425164376
log-power-n1n2.mapjitter.klw.tn0.1	Risky second	14.0	1.6681048222036647	den_ratio	0.9990647469888081	1.0697976483789051	1.1513351517159882
log-power-n1n2.mapjitter.klw.tn0.1	Risky second	14.0	1.714523776462679	den_ratio	0.9976816695814024	1.0682913986774656	1.1501062347519173
log-power-n1n2.mapjitter.klw.tn0.1	Risky second	14.0	1.7622344476964418	den_ratio	0.9964437539290277	1.067085482802816	1.1483078991684113
log-power-n1n2.mapjitter.klw.tn0.1	Risky second	14.0	1.8112727809788889	den_ratio	0.9954649582668704	1.0657825938286383	1.1469007787798857
log-power-n1n2.mapjitter.klw.tn0.1	Risky second	14.0	1.861675721640487	den_ratio	0.9944601128461776	1.0643589178330037	1.1451338169792502
log-power-n1n2.mapjitter.klw.tn0.1	Risky second	14.0	1.9134812431027324	den_ratio	0.9930995098403638	1.0629623833512547	1.1438225177681602
log-power-n1n2.mapjitter.klw.tn0.1	Risky second	14.0	1.9667283754872122	den_ratio	0.9920025713681047	1.0615053265519159	1.1416816565733157
log-power-n1n2.mapjitter.klw.tn0.1	Risky second	14.0	2.021457235020777	den_ratio	0.9899036162654594	1.0599339236435388	1.1393283540254908
log-power-n1n2.mapjitter.klw.tn0.1	Risky second	14.0	2.0777090542589844	den_ratio	0.9887158922902102	1.0584335572893062	1.1373092002174128
log-power-n1n2.mapjitter.klw.tn0.1	Risky second	14.0	2.1355262131505808	den_ratio	0.987433347704663	1.0568446023052276	1.136075960624164
log-power-n1n2.mapjitter.klw.tn0.1	Risky second	14.0	2.1949522709664246	den_ratio	0.9854336164767231	1.0551633034867447	1.1351772115222247
log-power-n1n2.mapjitter.klw.tn0.1	Risky second	14.0	2.256031999116908	den_ratio	0.9841221899361643	1.0534370464642095	1.1333585508613204
log-power-n1n2.mapjitter.klw.tn0.1	Risky second	14.0	2.3188114148826	den_ratio	0.9826125693295155	1.0517784281496134	1.1312064148058352
log-power-n1n2.mapjitter.klw.tn0.1	Risky second	14.0	2.3833378160835275	den_ratio	0.9809127512822434	1.0499941633007976	1.1291697801436094
log-power-n1n2.mapjitter.klw.tn0.1	Risky second	14.0	2.4496598167132055	den_ratio	0.9793445069210335	1.0484749800047992	1.1276419581111399
log-power-n1n2.mapjitter.klw.tn0.1	Risky second	14.0	2.5178273835642724	den_ratio	0.9775562767404927	1.0467015715847472	1.1259219975023702
log-power-n1n2.mapjitter.klw.tn0.1	Risky second	14.0	2.58789187387332	den_ratio	0.9753547729062931	1.0449216758903712	1.124507947616075
log-power-n1n2.mapjitter.klw.tn0.1	Risky second	14.0	2.659906074013276	den_ratio	0.9732450737195214	1.043285489912724	1.1230460939626834
log-power-n1n2.mapjitter.klw.tn0.1	Risky second	14.0	2.7339242392624983	den_ratio	0.9715362909714748	1.0414714582165316	1.1211179913032705
log-power-n1n2.mapjitter.klw.tn0.1	Risky second	14.0	2.8100021346805373	den_ratio	0.9699415429519475	1.0397816472858357	1.1190477147447224
log-power-n1n2.mapjitter.klw.tn0.1	Risky second	14.0	2.8881970771213568	den_ratio	0.9679415188919551	1.0381640627694624	1.1171318609820622
log-power-n1n2.mapjitter.klw.tn0.1	Risky second	14.0	2.9685679784156793	den_ratio	0.9657055812275294	1.0364667506788083	1.1156624241169975
log-power-n1n2.mapjitter.klw.tn0.1	Risky second	14.0	3.051175389754982	den_ratio	0.9632408809138125	1.034520548021939	1.114193111511662
log-power-n1n2.mapjitter.klw.tn0.1	Risky second	14.0	3.1360815473105736	den_ratio	0.9612624204592339	1.032518182960076	1.1129723969860257
log-power-n1n2.mapjitter.klw.tn0.1	Risky second	14.0	3.2233504191221405	den_ratio	0.9591475772975753	1.0305027487525575	1.111476150171145
log-power-n1n2.mapjitter.klw.tn0.1	Risky second	14.0	3.31304775329107	den_ratio	0.9572914026663273	1.0285803817060453	1.109777121883318
log-power-n1n2.mapjitter.klw.tn0.1	Risky second	14.0	3.40524112751487	den_ratio	0.9552532140911396	1.0266760153428325	1.1080632121288736
log-power-n1n2.mapjitter.klw.tn0.1	Risky second	14.0	3.5000000000000004	den_ratio	0.952668271993239	1.0247815979148336	1.1068219337776377
log-power-n1n2.mapjitter.klw.tn0.1	Risky second	20.0	1.2	p_vertex	0.1760125132957101	0.19951014143868603	0.22442425852732228
log-power-n1n2.mapjitter.klw.tn0.1	Risky second	20.0	1.233392832614218	p_vertex	0.1913578716144716	0.215036176261927	0.23954720181860542
log-power-n1n2.mapjitter.klw.tn0.1	Risky second	20.0	1.267714899620104	p_vertex	0.20734147581441267	0.2311924828469638	0.2561299772803466
log-power-n1n2.mapjitter.klw.tn0.1	Risky second	20.0	1.3029920591580744	p_vertex	0.2239558125053796	0.24796953526856844	0.272559273055911
log-power-n1n2.mapjitter.klw.tn0.1	Risky second	20.0	1.339250888932342	p_vertex	0.2412372104019066	0.2652757569196299	0.28947502184228774
log-power-n1n2.mapjitter.klw.tn0.1	Risky second	20.0	1.3765187062344757	p_vertex	0.2592476948883978	0.2831213286000729	0.30715291244293236
log-power-n1n2.mapjitter.klw.tn0.1	Risky second	20.0	1.4148235885241658	p_vertex	0.277926848063061	0.3012336992195731	0.3249255527376737
log-power-n1n2.mapjitter.klw.tn0.1	Risky second	20.0	1.454194394582695	p_vertex	0.2966242094830072	0.3198810828719529	0.34310125817507253
log-power-n1n2.mapjitter.klw.tn0.1	Risky second	20.0	1.4946607862550567	p_vertex	0.31582450639251153	0.3386202215178512	0.3617268840508765
log-power-n1n2.mapjitter.klw.tn0.1	Risky second	20.0	1.5362532507970992	p_vertex	0.3350139795330045	0.3577445987147644	0.3801081578859087
log-power-n1n2.mapjitter.klw.tn0.1	Risky second	20.0	1.579003123844529	p_vertex	0.35481777965537015	0.37698519275686593	0.3990396720044535
log-power-n1n2.mapjitter.klw.tn0.1	Risky second	20.0	1.6229426130210856	p_vertex	0.3747658545964911	0.3964629579786147	0.41785201051270404
log-power-n1n2.mapjitter.klw.tn0.1	Risky second	20.0	1.6681048222036647	p_vertex	0.39482472657469075	0.4158638792221978	0.4367885305751766
log-power-n1n2.mapjitter.klw.tn0.1	Risky second	20.0	1.714523776462679	p_vertex	0.4148584455011535	0.43526992654295393	0.45587058363458566
log-power-n1n2.mapjitter.klw.tn0.1	Risky second	20.0	1.7622344476964418	p_vertex	0.4345370904767837	0.45462186052470194	0.47496062242057585
log-power-n1n2.mapjitter.klw.tn0.1	Risky second	20.0	1.8112727809788889	p_vertex	0.4537512723076708	0.4737182832804637	0.49415592846319356
log-power-n1n2.mapjitter.klw.tn0.1	Risky second	20.0	1.861675721640487	p_vertex	0.4729983173506143	0.49254786670084605	0.5128185646999398
log-power-n1n2.mapjitter.klw.tn0.1	Risky second	20.0	1.9134812431027324	p_vertex	0.49177266778238127	0.510978620758034	0.5312360762603888
log-power-n1n2.mapjitter.klw.tn0.1	Risky second	20.0	1.9667283754872122	p_vertex	0.5100658968122564	0.5292310329702075	0.5493959305278417
log-power-n1n2.mapjitter.klw.tn0.1	Risky second	20.0	2.021457235020777	p_vertex	0.5280234780461645	0.5469829988880199	0.5669124866491811
log-power-n1n2.mapjitter.klw.tn0.1	Risky second	20.0	2.0777090542589844	p_vertex	0.5451311361743829	0.5642705508324508	0.5843872991573069
log-power-n1n2.mapjitter.klw.tn0.1	Risky second	20.0	2.1355262131505808	p_vertex	0.5615533432730394	0.5809825600554488	0.6012071151938355
log-power-n1n2.mapjitter.klw.tn0.1	Risky second	20.0	2.1949522709664246	p_vertex	0.5774274130205231	0.5972101367371236	0.6176735698296961
log-power-n1n2.mapjitter.klw.tn0.1	Risky second	20.0	2.256031999116908	p_vertex	0.5927243886614234	0.6128599933949739	0.6334161869080294
log-power-n1n2.mapjitter.klw.tn0.1	Risky second	20.0	2.3188114148826	p_vertex	0.6073457677461782	0.6279303043586533	0.6487917108958691
log-power-n1n2.mapjitter.klw.tn0.1	Risky second	20.0	2.3833378160835275	p_vertex	0.6210949154791748	0.6424880231264604	0.6635284014083509
log-power-n1n2.mapjitter.klw.tn0.1	Risky second	20.0	2.4496598167132055	p_vertex	0.6346526659130092	0.6564173703542242	0.6777055713290322
log-power-n1n2.mapjitter.klw.tn0.1	Risky second	20.0	2.5178273835642724	p_vertex	0.6473074748736141	0.6696401454556001	0.6912805252988757
log-power-n1n2.mapjitter.klw.tn0.1	Risky second	20.0	2.58789187387332	p_vertex	0.6593039858549947	0.6822984767175013	0.7041851403539936
log-power-n1n2.mapjitter.klw.tn0.1	Risky second	20.0	2.659906074013276	p_vertex	0.6706653637273235	0.6942131139453483	0.7162888123813898
log-power-n1n2.mapjitter.klw.tn0.1	Risky second	20.0	2.7339242392624983	p_vertex	0.6812176580935988	0.7055701738055461	0.7278679082518764
log-power-n1n2.mapjitter.klw.tn0.1	Risky second	20.0	2.8100021346805373	p_vertex	0.691288856734618	0.7162835977122497	0.7389116745395621
log-power-n1n2.mapjitter.klw.tn0.1	Risky second	20.0	2.8881970771213568	p_vertex	0.7010248357764424	0.7263951951076617	0.7492286134958852
log-power-n1n2.mapjitter.klw.tn0.1	Risky second	20.0	2.9685679784156793	p_vertex	0.7101368178917483	0.7359226465706483	0.7587947365822888
log-power-n1n2.mapjitter.klw.tn0.1	Risky second	20.0	3.051175389754982	p_vertex	0.7187519344010637	0.7447614197134291	0.7680014604338607
log-power-n1n2.mapjitter.klw.tn0.1	Risky second	20.0	3.1360815473105736	p_vertex	0.7267765310271176	0.7531626317068285	0.7766697803934096
log-power-n1n2.mapjitter.klw.tn0.1	Risky second	20.0	3.2233504191221405	p_vertex	0.7341421513760056	0.7610587235146593	0.7847518249881856
log-power-n1n2.mapjitter.klw.tn0.1	Risky second	20.0	3.31304775329107	p_vertex	0.7410063842119676	0.7684375310506986	0.7921353655973129
log-power-n1n2.mapjitter.klw.tn0.1	Risky second	20.0	3.40524112751487	p_vertex	0.7474145366071747	0.7752494702996204	0.7990337609635202
log-power-n1n2.mapjitter.klw.tn0.1	Risky second	20.0	3.5000000000000004	p_vertex	0.7533170831066482	0.7816212813595842	0.8057784218694813
log-power-n1n2.mapjitter.klw.tn0.1	Risky second	20.0	1.2	p_full	0.19435145978854856	0.2191867573402434	0.2466203173707158
log-power-n1n2.mapjitter.klw.tn0.1	Risky second	20.0	1.233392832614218	p_full	0.20948198964418857	0.23431191355083142	0.26197314707330605
log-power-n1n2.mapjitter.klw.tn0.1	Risky second	20.0	1.267714899620104	p_full	0.22479996649151238	0.24997096679773198	0.27756852588474973
log-power-n1n2.mapjitter.klw.tn0.1	Risky second	20.0	1.3029920591580744	p_full	0.24101923692798416	0.2661271417743991	0.2936484138007304
log-power-n1n2.mapjitter.klw.tn0.1	Risky second	20.0	1.339250888932342	p_full	0.25773076144288737	0.2827271986577301	0.31010043522854436
log-power-n1n2.mapjitter.klw.tn0.1	Risky second	20.0	1.3765187062344757	p_full	0.2746568846252739	0.2997641966131168	0.32681104466785316
log-power-n1n2.mapjitter.klw.tn0.1	Risky second	20.0	1.4148235885241658	p_full	0.2921333793251536	0.31706340481379147	0.3439692044543431
log-power-n1n2.mapjitter.klw.tn0.1	Risky second	20.0	1.454194394582695	p_full	0.3100026424039443	0.3346131143681088	0.36103429103019113
log-power-n1n2.mapjitter.klw.tn0.1	Risky second	20.0	1.4946607862550567	p_full	0.3282771912939023	0.3524668040743789	0.37869780345756887
log-power-n1n2.mapjitter.klw.tn0.1	Risky second	20.0	1.5362532507970992	p_full	0.3465978292554587	0.3704889785833372	0.3962874535886066
log-power-n1n2.mapjitter.klw.tn0.1	Risky second	20.0	1.579003123844529	p_full	0.36514841837097084	0.3886723842794768	0.41378318859016244
log-power-n1n2.mapjitter.klw.tn0.1	Risky second	20.0	1.6229426130210856	p_full	0.38414330390156276	0.40700697300610206	0.4314932124168132
log-power-n1n2.mapjitter.klw.tn0.1	Risky second	20.0	1.6681048222036647	p_full	0.40303461391023987	0.425463048465499	0.4491412484853428
log-power-n1n2.mapjitter.klw.tn0.1	Risky second	20.0	1.714523776462679	p_full	0.4218500970190752	0.44384470943180515	0.4672727234355958
log-power-n1n2.mapjitter.klw.tn0.1	Risky second	20.0	1.7622344476964418	p_full	0.440434192806791	0.4622405060794866	0.48523587798431034
log-power-n1n2.mapjitter.klw.tn0.1	Risky second	20.0	1.8112727809788889	p_full	0.45893805064311033	0.4803819989255246	0.5028267805128758
log-power-n1n2.mapjitter.klw.tn0.1	Risky second	20.0	1.861675721640487	p_full	0.4775546409437994	0.4984725829530056	0.5202797077595714
log-power-n1n2.mapjitter.klw.tn0.1	Risky second	20.0	1.9134812431027324	p_full	0.49587527659930836	0.5163235266703383	0.5375398168561241
log-power-n1n2.mapjitter.klw.tn0.1	Risky second	20.0	1.9667283754872122	p_full	0.5138060129334513	0.5339818704521335	0.5548093864405796
log-power-n1n2.mapjitter.klw.tn0.1	Risky second	20.0	2.021457235020777	p_full	0.5314323601883911	0.5513483397518324	0.5716275918062761
log-power-n1n2.mapjitter.klw.tn0.1	Risky second	20.0	2.0777090542589844	p_full	0.5486598079495034	0.568371289328288	0.5882506794611126
log-power-n1n2.mapjitter.klw.tn0.1	Risky second	20.0	2.1355262131505808	p_full	0.565410291399118	0.5851141071449142	0.6048839499032425
log-power-n1n2.mapjitter.klw.tn0.1	Risky second	20.0	2.1949522709664246	p_full	0.581958376980957	0.6014708294413815	0.621033007979579
log-power-n1n2.mapjitter.klw.tn0.1	Risky second	20.0	2.256031999116908	p_full	0.5979081398448136	0.6174473789731265	0.6367069671245843
log-power-n1n2.mapjitter.klw.tn0.1	Risky second	20.0	2.3188114148826	p_full	0.6135472492158223	0.633039331994861	0.6519961177146395
log-power-n1n2.mapjitter.klw.tn0.1	Risky second	20.0	2.3833378160835275	p_full	0.62854488294211	0.6481931165145589	0.6672064289816991
log-power-n1n2.mapjitter.klw.tn0.1	Risky second	20.0	2.4496598167132055	p_full	0.6432151432988563	0.662810636846962	0.6816756948115378
log-power-n1n2.mapjitter.klw.tn0.1	Risky second	20.0	2.5178273835642724	p_full	0.6572631694148667	0.6770178190437204	0.6959710115477125
log-power-n1n2.mapjitter.klw.tn0.1	Risky second	20.0	2.58789187387332	p_full	0.6705545280763797	0.6907479627316377	0.7100109663832014
log-power-n1n2.mapjitter.klw.tn0.1	Risky second	20.0	2.659906074013276	p_full	0.6836704012946132	0.7040438170420371	0.7235604934793712
log-power-n1n2.mapjitter.klw.tn0.1	Risky second	20.0	2.7339242392624983	p_full	0.6959789469482972	0.7169651369421826	0.736685052840661
log-power-n1n2.mapjitter.klw.tn0.1	Risky second	20.0	2.8100021346805373	p_full	0.7079348268415402	0.7292847536120887	0.7494136314501298
log-power-n1n2.mapjitter.klw.tn0.1	Risky second	20.0	2.8881970771213568	p_full	0.7191649095083439	0.7410879596694524	0.761435389820582
log-power-n1n2.mapjitter.klw.tn0.1	Risky second	20.0	2.9685679784156793	p_full	0.730100151443089	0.7523983375815377	0.7730404225959442
log-power-n1n2.mapjitter.klw.tn0.1	Risky second	20.0	3.051175389754982	p_full	0.7402873982866699	0.7631885312698465	0.7842996653539637
log-power-n1n2.mapjitter.klw.tn0.1	Risky second	20.0	3.1360815473105736	p_full	0.750373400802167	0.7736601010507858	0.7951982630993287
log-power-n1n2.mapjitter.klw.tn0.1	Risky second	20.0	3.2233504191221405	p_full	0.7598089649863691	0.7836456248757263	0.8056256925449157
log-power-n1n2.mapjitter.klw.tn0.1	Risky second	20.0	3.31304775329107	p_full	0.7686170745222868	0.7931724687988848	0.8154560977547967
log-power-n1n2.mapjitter.klw.tn0.1	Risky second	20.0	3.40524112751487	p_full	0.7772741048497818	0.8023596523433415	0.8250174627227382
log-power-n1n2.mapjitter.klw.tn0.1	Risky second	20.0	3.5000000000000004	p_full	0.7854137841300116	0.8110937677771495	0.8340641739353294
log-power-n1n2.mapjitter.klw.tn0.1	Risky second	20.0	1.2	p_bias_only	0.19548058759566905	0.21929818246345856	0.24456342382350066
log-power-n1n2.mapjitter.klw.tn0.1	Risky second	20.0	1.233392832614218	p_bias_only	0.21061757048504218	0.2346950655220228	0.2602229038805199
log-power-n1n2.mapjitter.klw.tn0.1	Risky second	20.0	1.267714899620104	p_bias_only	0.22616385493522115	0.2505478529931425	0.2759896649468906
log-power-n1n2.mapjitter.klw.tn0.1	Risky second	20.0	1.3029920591580744	p_bias_only	0.24223405641876042	0.2667723313527003	0.2923767320171657
log-power-n1n2.mapjitter.klw.tn0.1	Risky second	20.0	1.339250888932342	p_bias_only	0.2586346980314494	0.283401434942148	0.3089282751115861
log-power-n1n2.mapjitter.klw.tn0.1	Risky second	20.0	1.3765187062344757	p_bias_only	0.2757142685053272	0.3005004317642581	0.32594602120246274
log-power-n1n2.mapjitter.klw.tn0.1	Risky second	20.0	1.4148235885241658	p_bias_only	0.2930096004181209	0.3178953756032541	0.34330034520319136
log-power-n1n2.mapjitter.klw.tn0.1	Risky second	20.0	1.454194394582695	p_bias_only	0.3107045755755589	0.33543473987452177	0.360807855634805
log-power-n1n2.mapjitter.klw.tn0.1	Risky second	20.0	1.4946607862550567	p_bias_only	0.32883835888670204	0.3532953528717484	0.3785490237299646
log-power-n1n2.mapjitter.klw.tn0.1	Risky second	20.0	1.5362532507970992	p_bias_only	0.34683691026275776	0.37135458466770094	0.39654104011551833
log-power-n1n2.mapjitter.klw.tn0.1	Risky second	20.0	1.579003123844529	p_bias_only	0.36528561691619615	0.38943296365078695	0.41419607358955385
log-power-n1n2.mapjitter.klw.tn0.1	Risky second	20.0	1.6229426130210856	p_bias_only	0.3838395933582866	0.4075751118938563	0.4321118147275056
log-power-n1n2.mapjitter.klw.tn0.1	Risky second	20.0	1.6681048222036647	p_bias_only	0.40220375399523395	0.42578917753400436	0.4500958099511515
log-power-n1n2.mapjitter.klw.tn0.1	Risky second	20.0	1.714523776462679	p_bias_only	0.42083346304217645	0.4439185735038588	0.46822900283535457
log-power-n1n2.mapjitter.klw.tn0.1	Risky second	20.0	1.7622344476964418	p_bias_only	0.4392490695549241	0.4621031411628062	0.4858437459156253
log-power-n1n2.mapjitter.klw.tn0.1	Risky second	20.0	1.8112727809788889	p_bias_only	0.4573869765181931	0.48006766221943104	0.503565859614754
log-power-n1n2.mapjitter.klw.tn0.1	Risky second	20.0	1.861675721640487	p_bias_only	0.4754541987837484	0.4979121785569369	0.5211419852733467
log-power-n1n2.mapjitter.klw.tn0.1	Risky second	20.0	1.9134812431027324	p_bias_only	0.49331757098407686	0.5154602181843839	0.5381854832866487
log-power-n1n2.mapjitter.klw.tn0.1	Risky second	20.0	1.9667283754872122	p_bias_only	0.5111509691773979	0.532936049602615	0.5552569735618804
log-power-n1n2.mapjitter.klw.tn0.1	Risky second	20.0	2.021457235020777	p_bias_only	0.5285758754972552	0.5499198250904946	0.572049177786604
log-power-n1n2.mapjitter.klw.tn0.1	Risky second	20.0	2.0777090542589844	p_bias_only	0.5455538669401598	0.5666763730734192	0.5885070588853063
log-power-n1n2.mapjitter.klw.tn0.1	Risky second	20.0	2.1355262131505808	p_bias_only	0.5620827631957761	0.5830754798133415	0.6045023411158382
log-power-n1n2.mapjitter.klw.tn0.1	Risky second	20.0	2.1949522709664246	p_bias_only	0.5781304774261851	0.5990673432605809	0.6200022230845973
log-power-n1n2.mapjitter.klw.tn0.1	Risky second	20.0	2.256031999116908	p_bias_only	0.5937095189594579	0.6147557724529057	0.6355176646959085
log-power-n1n2.mapjitter.klw.tn0.1	Risky second	20.0	2.3188114148826	p_bias_only	0.6086931064723105	0.6300005838144989	0.6505609576316669
log-power-n1n2.mapjitter.klw.tn0.1	Risky second	20.0	2.3833378160835275	p_bias_only	0.6237742155237999	0.6447960913659354	0.6650935140902966
log-power-n1n2.mapjitter.klw.tn0.1	Risky second	20.0	2.4496598167132055	p_bias_only	0.6381048057266585	0.6590886631350975	0.679382701330452
log-power-n1n2.mapjitter.klw.tn0.1	Risky second	20.0	2.5178273835642724	p_bias_only	0.65184613187864	0.6730434651812995	0.6930786021447071
log-power-n1n2.mapjitter.klw.tn0.1	Risky second	20.0	2.58789187387332	p_bias_only	0.6651546794972143	0.6864677954003485	0.7065226392247331
log-power-n1n2.mapjitter.klw.tn0.1	Risky second	20.0	2.659906074013276	p_bias_only	0.6780644935921665	0.6994301533780882	0.7196676221812524
log-power-n1n2.mapjitter.klw.tn0.1	Risky second	20.0	2.7339242392624983	p_bias_only	0.690408609190153	0.7117993890602458	0.7322695994472577
log-power-n1n2.mapjitter.klw.tn0.1	Risky second	20.0	2.8100021346805373	p_bias_only	0.7022706833467571	0.7237094832254438	0.7442449368104223
log-power-n1n2.mapjitter.klw.tn0.1	Risky second	20.0	2.8881970771213568	p_bias_only	0.7135674575016107	0.7351354533914529	0.7557834826587624
log-power-n1n2.mapjitter.klw.tn0.1	Risky second	20.0	2.9685679784156793	p_bias_only	0.7244559923392401	0.7461482871584084	0.7669968174835023
log-power-n1n2.mapjitter.klw.tn0.1	Risky second	20.0	3.051175389754982	p_bias_only	0.7346113795857094	0.7567225656144696	0.7779579313960601
log-power-n1n2.mapjitter.klw.tn0.1	Risky second	20.0	3.1360815473105736	p_bias_only	0.7442768706371213	0.7667904229403408	0.7883538789358161
log-power-n1n2.mapjitter.klw.tn0.1	Risky second	20.0	3.2233504191221405	p_bias_only	0.7535355165854083	0.7764539255068488	0.7980085438890131
log-power-n1n2.mapjitter.klw.tn0.1	Risky second	20.0	3.31304775329107	p_bias_only	0.7625578961106365	0.7855550117935179	0.8073203584882372
log-power-n1n2.mapjitter.klw.tn0.1	Risky second	20.0	3.40524112751487	p_bias_only	0.7707234291354453	0.7943001781208103	0.8162791563528365
log-power-n1n2.mapjitter.klw.tn0.1	Risky second	20.0	3.5000000000000004	p_bias_only	0.7787346865240349	0.8025682955121315	0.8246365246609754
log-power-n1n2.mapjitter.klw.tn0.1	Risky second	20.0	1.2	p_scale_only	0.18387278947356683	0.2069413866826914	0.23061349328802122
log-power-n1n2.mapjitter.klw.tn0.1	Risky second	20.0	1.233392832614218	p_scale_only	0.19918091615921002	0.22256020472947738	0.24635331211161993
log-power-n1n2.mapjitter.klw.tn0.1	Risky second	20.0	1.267714899620104	p_scale_only	0.21530029496442962	0.23874675881904098	0.26257288371920623
log-power-n1n2.mapjitter.klw.tn0.1	Risky second	20.0	1.3029920591580744	p_scale_only	0.2319567829415945	0.25538945914947797	0.279202006500299
log-power-n1n2.mapjitter.klw.tn0.1	Risky second	20.0	1.339250888932342	p_scale_only	0.24914298074596622	0.2725118558206068	0.2963696187160843
log-power-n1n2.mapjitter.klw.tn0.1	Risky second	20.0	1.3765187062344757	p_scale_only	0.2667389565823696	0.2900103539720117	0.31366395996957375
log-power-n1n2.mapjitter.klw.tn0.1	Risky second	20.0	1.4148235885241658	p_scale_only	0.28482779647933243	0.3079384355800054	0.33110999648902306
log-power-n1n2.mapjitter.klw.tn0.1	Risky second	20.0	1.454194394582695	p_scale_only	0.3030808897425862	0.32601018099814216	0.3490839107193899
log-power-n1n2.mapjitter.klw.tn0.1	Risky second	20.0	1.4946607862550567	p_scale_only	0.32168887441994826	0.3443970271888543	0.36717887870771293
log-power-n1n2.mapjitter.klw.tn0.1	Risky second	20.0	1.5362532507970992	p_scale_only	0.34049081159336014	0.3628439864059681	0.38535685868623715
log-power-n1n2.mapjitter.klw.tn0.1	Risky second	20.0	1.579003123844529	p_scale_only	0.35934603454599773	0.3814453109110909	0.4035641756690353
log-power-n1n2.mapjitter.klw.tn0.1	Risky second	20.0	1.6229426130210856	p_scale_only	0.3784847617811282	0.4001057775551823	0.421674164614199
log-power-n1n2.mapjitter.klw.tn0.1	Risky second	20.0	1.6681048222036647	p_scale_only	0.397661831528807	0.41870023882185997	0.43988607286790604
log-power-n1n2.mapjitter.klw.tn0.1	Risky second	20.0	1.714523776462679	p_scale_only	0.4167325500941345	0.4372402842554369	0.45812475306114664
log-power-n1n2.mapjitter.klw.tn0.1	Risky second	20.0	1.7622344476964418	p_scale_only	0.4356686499344585	0.45558445821619253	0.4761214941139944
log-power-n1n2.mapjitter.klw.tn0.1	Risky second	20.0	1.8112727809788889	p_scale_only	0.45409356625899905	0.4737391469141482	0.4940841962236103
log-power-n1n2.mapjitter.klw.tn0.1	Risky second	20.0	1.861675721640487	p_scale_only	0.472515616805853	0.4916881553627354	0.5117029453575366
log-power-n1n2.mapjitter.klw.tn0.1	Risky second	20.0	1.9134812431027324	p_scale_only	0.4903430592424423	0.5093531646993333	0.5293866753411968
log-power-n1n2.mapjitter.klw.tn0.1	Risky second	20.0	1.9667283754872122	p_scale_only	0.5079395158197412	0.5266343606701757	0.5463513941389367
log-power-n1n2.mapjitter.klw.tn0.1	Risky second	20.0	2.021457235020777	p_scale_only	0.5251183726864269	0.5435166084584944	0.5630259616380491
log-power-n1n2.mapjitter.klw.tn0.1	Risky second	20.0	2.0777090542589844	p_scale_only	0.5415635332846189	0.5600465436327033	0.5793951623428182
log-power-n1n2.mapjitter.klw.tn0.1	Risky second	20.0	2.1355262131505808	p_scale_only	0.5576427835264268	0.5761632559867503	0.5954651866265539
log-power-n1n2.mapjitter.klw.tn0.1	Risky second	20.0	2.1949522709664246	p_scale_only	0.573371509611932	0.5917492864467461	0.6108414780178669
log-power-n1n2.mapjitter.klw.tn0.1	Risky second	20.0	2.256031999116908	p_scale_only	0.5882533784689893	0.6067985068797712	0.6258375324853236
log-power-n1n2.mapjitter.klw.tn0.1	Risky second	20.0	2.3188114148826	p_scale_only	0.6028068780948238	0.6213177028701908	0.6405169714648269
log-power-n1n2.mapjitter.klw.tn0.1	Risky second	20.0	2.3833378160835275	p_scale_only	0.616583845568406	0.6354383954289751	0.6544995035087292
log-power-n1n2.mapjitter.klw.tn0.1	Risky second	20.0	2.4496598167132055	p_scale_only	0.6297542003520057	0.648853583043101	0.6680991488469572
log-power-n1n2.mapjitter.klw.tn0.1	Risky second	20.0	2.5178273835642724	p_scale_only	0.6425696745196423	0.6617871412040195	0.6812247130109533
log-power-n1n2.mapjitter.klw.tn0.1	Risky second	20.0	2.58789187387332	p_scale_only	0.6544339328654488	0.6741855644846695	0.6937448334494721
log-power-n1n2.mapjitter.klw.tn0.1	Risky second	20.0	2.659906074013276	p_scale_only	0.6656709677787477	0.6859468494989862	0.7055475878160937
log-power-n1n2.mapjitter.klw.tn0.1	Risky second	20.0	2.7339242392624983	p_scale_only	0.6764905634748279	0.6971912457198306	0.7170266456573704
log-power-n1n2.mapjitter.klw.tn0.1	Risky second	20.0	2.8100021346805373	p_scale_only	0.6867682916949883	0.7078265532379258	0.7278405128754833
log-power-n1n2.mapjitter.klw.tn0.1	Risky second	20.0	2.8881970771213568	p_scale_only	0.6964857216448829	0.7179821302023683	0.7382239928135802
log-power-n1n2.mapjitter.klw.tn0.1	Risky second	20.0	2.9685679784156793	p_scale_only	0.7055554547416373	0.7275852589867846	0.7481663721311217
log-power-n1n2.mapjitter.klw.tn0.1	Risky second	20.0	3.051175389754982	p_scale_only	0.7140989398415448	0.7366625887939036	0.7576567660672552
log-power-n1n2.mapjitter.klw.tn0.1	Risky second	20.0	3.1360815473105736	p_scale_only	0.7219217569195995	0.7452603251573026	0.7666607194345331
log-power-n1n2.mapjitter.klw.tn0.1	Risky second	20.0	3.2233504191221405	p_scale_only	0.7295843839610145	0.7533344918386847	0.7751739999091914
log-power-n1n2.mapjitter.klw.tn0.1	Risky second	20.0	3.31304775329107	p_scale_only	0.7367664966200682	0.7609744617439749	0.7830082016832756
log-power-n1n2.mapjitter.klw.tn0.1	Risky second	20.0	3.40524112751487	p_scale_only	0.7433461554697991	0.7680480145538962	0.7903506817225404
log-power-n1n2.mapjitter.klw.tn0.1	Risky second	20.0	3.5000000000000004	p_scale_only	0.7494181786311908	0.7746884374780669	0.7974458507221278
log-power-n1n2.mapjitter.klw.tn0.1	Risky second	20.0	1.2	dp_full	-0.004626703070463607	0.019786021412361875	0.04644536540571955
log-power-n1n2.mapjitter.klw.tn0.1	Risky second	20.0	1.233392832614218	dp_full	-0.0046588570558443645	0.019350433323338995	0.045905234313871196
log-power-n1n2.mapjitter.klw.tn0.1	Risky second	20.0	1.267714899620104	dp_full	-0.004618765738603454	0.018847618878451024	0.04535436925986534
log-power-n1n2.mapjitter.klw.tn0.1	Risky second	20.0	1.3029920591580744	dp_full	-0.004739675574653543	0.018235821164411053	0.04448177114137593
log-power-n1n2.mapjitter.klw.tn0.1	Risky second	20.0	1.339250888932342	dp_full	-0.005153910875969164	0.017468360330753798	0.04346935112716003
log-power-n1n2.mapjitter.klw.tn0.1	Risky second	20.0	1.3765187062344757	dp_full	-0.005509679953740388	0.016551464448146123	0.04209373685061524
log-power-n1n2.mapjitter.klw.tn0.1	Risky second	20.0	1.4148235885241658	dp_full	-0.005968029779351719	0.01565783956936824	0.04073791575706671
log-power-n1n2.mapjitter.klw.tn0.1	Risky second	20.0	1.454194394582695	dp_full	-0.006459316267747701	0.014685000951756039	0.03896384505126303
log-power-n1n2.mapjitter.klw.tn0.1	Risky second	20.0	1.4946607862550567	dp_full	-0.00689772230747713	0.01364159257941686	0.03735395308786944
log-power-n1n2.mapjitter.klw.tn0.1	Risky second	20.0	1.5362532507970992	dp_full	-0.007431312801931065	0.012515717336851584	0.035312814483973526
log-power-n1n2.mapjitter.klw.tn0.1	Risky second	20.0	1.579003123844529	dp_full	-0.00798138705382142	0.011445514505293072	0.0333393020721847
log-power-n1n2.mapjitter.klw.tn0.1	Risky second	20.0	1.6229426130210856	dp_full	-0.008512986471927917	0.010381339299236278	0.03144325861614377
log-power-n1n2.mapjitter.klw.tn0.1	Risky second	20.0	1.6681048222036647	dp_full	-0.009200329241483781	0.009397914866146918	0.030048272315470977
log-power-n1n2.mapjitter.klw.tn0.1	Risky second	20.0	1.714523776462679	dp_full	-0.010051645721133342	0.008382615388529815	0.028394298073903226
log-power-n1n2.mapjitter.klw.tn0.1	Risky second	20.0	1.7622344476964418	dp_full	-0.010890782162101584	0.0074320662532471075	0.027293643649045594
log-power-n1n2.mapjitter.klw.tn0.1	Risky second	20.0	1.8112727809788889	dp_full	-0.011676213989522484	0.00660462689048129	0.026259808666283278
log-power-n1n2.mapjitter.klw.tn0.1	Risky second	20.0	1.861675721640487	dp_full	-0.012663536541811446	0.0058322260166798106	0.0254986923653277
log-power-n1n2.mapjitter.klw.tn0.1	Risky second	20.0	1.9134812431027324	dp_full	-0.01341706983439995	0.005169883635893352	0.024870712713359656
log-power-n1n2.mapjitter.klw.tn0.1	Risky second	20.0	1.9667283754872122	dp_full	-0.014474467741279752	0.004627336865016517	0.02461306517076233
log-power-n1n2.mapjitter.klw.tn0.1	Risky second	20.0	2.021457235020777	dp_full	-0.01548074451235505	0.0043429840883884374	0.024428641904469035
log-power-n1n2.mapjitter.klw.tn0.1	Risky second	20.0	2.0777090542589844	dp_full	-0.01637343523455655	0.004127693285936785	0.024442877413995468
log-power-n1n2.mapjitter.klw.tn0.1	Risky second	20.0	2.1355262131505808	dp_full	-0.016935253424430165	0.003924446494438355	0.025231055979319687
log-power-n1n2.mapjitter.klw.tn0.1	Risky second	20.0	2.1949522709664246	dp_full	-0.017387172187672217	0.004027857623803149	0.025889876940708028
log-power-n1n2.mapjitter.klw.tn0.1	Risky second	20.0	2.256031999116908	dp_full	-0.01778183409817374	0.004289223576129373	0.02691100144188556
log-power-n1n2.mapjitter.klw.tn0.1	Risky second	20.0	2.3188114148826	dp_full	-0.017980158420833305	0.004807169667697283	0.028230629997520476
log-power-n1n2.mapjitter.klw.tn0.1	Risky second	20.0	2.3833378160835275	dp_full	-0.0182031674878887	0.00534305472279719	0.029422689077990092
log-power-n1n2.mapjitter.klw.tn0.1	Risky second	20.0	2.4496598167132055	dp_full	-0.018214454090362327	0.006219349829073211	0.03084363141797308
log-power-n1n2.mapjitter.klw.tn0.1	Risky second	20.0	2.5178273835642724	dp_full	-0.01817523488226314	0.007248563671690099	0.03229114396502263
log-power-n1n2.mapjitter.klw.tn0.1	Risky second	20.0	2.58789187387332	dp_full	-0.017681462429626538	0.008300600207376573	0.033881566846755314
log-power-n1n2.mapjitter.klw.tn0.1	Risky second	20.0	2.659906074013276	dp_full	-0.01709383627148647	0.009674088959001039	0.0359997285779536
log-power-n1n2.mapjitter.klw.tn0.1	Risky second	20.0	2.7339242392624983	dp_full	-0.01623948436217767	0.01114446053793716	0.037996915304629064
log-power-n1n2.mapjitter.klw.tn0.1	Risky second	20.0	2.8100021346805373	dp_full	-0.014956551206094796	0.012772285822397412	0.04014039779223479
log-power-n1n2.mapjitter.klw.tn0.1	Risky second	20.0	2.8881970771213568	dp_full	-0.01372152007399607	0.014521238914775815	0.042580624094302105
log-power-n1n2.mapjitter.klw.tn0.1	Risky second	20.0	2.9685679784156793	dp_full	-0.012303648498885636	0.01641398981707827	0.04530452330333687
log-power-n1n2.mapjitter.klw.tn0.1	Risky second	20.0	3.051175389754982	dp_full	-0.010665433115178537	0.01838404713091222	0.04782001140613071
log-power-n1n2.mapjitter.klw.tn0.1	Risky second	20.0	3.1360815473105736	dp_full	-0.009261347368566486	0.020534570935298008	0.050362332935487426
log-power-n1n2.mapjitter.klw.tn0.1	Risky second	20.0	3.2233504191221405	dp_full	-0.007313043777659495	0.02262446263455222	0.05342079476274507
log-power-n1n2.mapjitter.klw.tn0.1	Risky second	20.0	3.31304775329107	dp_full	-0.005254155672581702	0.024945689986458665	0.05601698296212449
log-power-n1n2.mapjitter.klw.tn0.1	Risky second	20.0	3.40524112751487	dp_full	-0.0035490837665174252	0.027251579078015786	0.05879514864265879
log-power-n1n2.mapjitter.klw.tn0.1	Risky second	20.0	3.5000000000000004	dp_full	-0.0017468724224768022	0.02969621386494905	0.06180278082165369
log-power-n1n2.mapjitter.klw.tn0.1	Risky second	20.0	1.2	dp_bias	0.0014443191460741173	0.019669055597921408	0.04073277559455498
log-power-n1n2.mapjitter.klw.tn0.1	Risky second	20.0	1.233392832614218	dp_bias	0.0011497323983070782	0.019475918576237265	0.04090467269542972
log-power-n1n2.mapjitter.klw.tn0.1	Risky second	20.0	1.267714899620104	dp_bias	0.0005441837039235302	0.019116599950430024	0.040710568666105756
log-power-n1n2.mapjitter.klw.tn0.1	Risky second	20.0	1.3029920591580744	dp_bias	-2.373447253662643e-05	0.01864035281813104	0.04020120021320818
log-power-n1n2.mapjitter.klw.tn0.1	Risky second	20.0	1.339250888932342	dp_bias	-0.0008326669575239013	0.018029835225653983	0.03961542250856175
log-power-n1n2.mapjitter.klw.tn0.1	Risky second	20.0	1.3765187062344757	dp_bias	-0.0017743889128673937	0.017261663363319465	0.03895819936660122
log-power-n1n2.mapjitter.klw.tn0.1	Risky second	20.0	1.4148235885241658	dp_bias	-0.0026660862378913817	0.016368156364965296	0.03790085243805579
log-power-n1n2.mapjitter.klw.tn0.1	Risky second	20.0	1.454194394582695	dp_bias	-0.003509458499002972	0.015340023494019143	0.03672563793390225
log-power-n1n2.mapjitter.klw.tn0.1	Risky second	20.0	1.4946607862550567	dp_bias	-0.0044807988472534725	0.014298529226515134	0.03548010956262855
log-power-n1n2.mapjitter.klw.tn0.1	Risky second	20.0	1.5362532507970992	dp_bias	-0.005718462367045806	0.013146670379508979	0.03416455565572695
log-power-n1n2.mapjitter.klw.tn0.1	Risky second	20.0	1.579003123844529	dp_bias	-0.006854469015671165	0.011940278476438988	0.03286509369799601
log-power-n1n2.mapjitter.klw.tn0.1	Risky second	20.0	1.6229426130210856	dp_bias	-0.008057763747337745	0.01075015989828465	0.031688888784850384
log-power-n1n2.mapjitter.klw.tn0.1	Risky second	20.0	1.6681048222036647	dp_bias	-0.00937139097242835	0.009587277377034003	0.030131597552818554
log-power-n1n2.mapjitter.klw.tn0.1	Risky second	20.0	1.714523776462679	dp_bias	-0.010484158154221275	0.008433023782645004	0.02861916086185705
log-power-n1n2.mapjitter.klw.tn0.1	Risky second	20.0	1.7622344476964418	dp_bias	-0.011748404335443238	0.007325349090014666	0.027506371143786817
log-power-n1n2.mapjitter.klw.tn0.1	Risky second	20.0	1.8112727809788889	dp_bias	-0.013047256648031786	0.006347237638114405	0.02647837357948791
log-power-n1n2.mapjitter.klw.tn0.1	Risky second	20.0	1.861675721640487	dp_bias	-0.014132651033859923	0.005396441545648176	0.02565447918510396
log-power-n1n2.mapjitter.klw.tn0.1	Risky second	20.0	1.9134812431027324	dp_bias	-0.015349907555274465	0.004481498284508549	0.024669542770988845
log-power-n1n2.mapjitter.klw.tn0.1	Risky second	20.0	1.9667283754872122	dp_bias	-0.016218244173310865	0.0037247639021847946	0.0238878687993521
log-power-n1n2.mapjitter.klw.tn0.1	Risky second	20.0	2.021457235020777	dp_bias	-0.017146443616709882	0.002990116862485151	0.023209174711233436
log-power-n1n2.mapjitter.klw.tn0.1	Risky second	20.0	2.0777090542589844	dp_bias	-0.017876248498341806	0.0024403670533869005	0.022685689938898294
log-power-n1n2.mapjitter.klw.tn0.1	Risky second	20.0	2.1355262131505808	dp_bias	-0.01851453361640278	0.002022390267665872	0.022377833423917828
log-power-n1n2.mapjitter.klw.tn0.1	Risky second	20.0	2.1949522709664246	dp_bias	-0.01879599789269796	0.0018100462967292094	0.02223159241033944
log-power-n1n2.mapjitter.klw.tn0.1	Risky second	20.0	2.256031999116908	dp_bias	-0.018826901055492253	0.001706137905123957	0.022434613754601
log-power-n1n2.mapjitter.klw.tn0.1	Risky second	20.0	2.3188114148826	dp_bias	-0.01899870519414247	0.0017848059241371045	0.022698157785651252
log-power-n1n2.mapjitter.klw.tn0.1	Risky second	20.0	2.3833378160835275	dp_bias	-0.018955988982137316	0.0020890855371277616	0.023129785593011064
log-power-n1n2.mapjitter.klw.tn0.1	Risky second	20.0	2.4496598167132055	dp_bias	-0.018813519424600498	0.0025671424123911426	0.023502258187936404
log-power-n1n2.mapjitter.klw.tn0.1	Risky second	20.0	2.5178273835642724	dp_bias	-0.018383347220066713	0.0031958526309244792	0.024274816892727785
log-power-n1n2.mapjitter.klw.tn0.1	Risky second	20.0	2.58789187387332	dp_bias	-0.017653621491391852	0.004013809662770814	0.025235477726584937
log-power-n1n2.mapjitter.klw.tn0.1	Risky second	20.0	2.659906074013276	dp_bias	-0.016959606241865054	0.004932351465255336	0.0262783682513867
log-power-n1n2.mapjitter.klw.tn0.1	Risky second	20.0	2.7339242392624983	dp_bias	-0.016162819675783938	0.0060910591787399545	0.027722561993400566
log-power-n1n2.mapjitter.klw.tn0.1	Risky second	20.0	2.8100021346805373	dp_bias	-0.015154707470173945	0.007359225054623921	0.02928901109381188
log-power-n1n2.mapjitter.klw.tn0.1	Risky second	20.0	2.8881970771213568	dp_bias	-0.013926852167448054	0.008755392057152358	0.030897642035312683
log-power-n1n2.mapjitter.klw.tn0.1	Risky second	20.0	2.9685679784156793	dp_bias	-0.012531587606005375	0.01022921525070819	0.032533749503040825
log-power-n1n2.mapjitter.klw.tn0.1	Risky second	20.0	3.051175389754982	dp_bias	-0.01097456762414413	0.011930566265680235	0.034540454437189484
log-power-n1n2.mapjitter.klw.tn0.1	Risky second	20.0	3.1360815473105736	dp_bias	-0.009447067614568847	0.01367004690659903	0.03680541969638573
log-power-n1n2.mapjitter.klw.tn0.1	Risky second	20.0	3.2233504191221405	dp_bias	-0.00765263125072181	0.015540321866471692	0.03886006779447056
log-power-n1n2.mapjitter.klw.tn0.1	Risky second	20.0	3.31304775329107	dp_bias	-0.005885103851651618	0.017428890343427712	0.041047610243945536
log-power-n1n2.mapjitter.klw.tn0.1	Risky second	20.0	3.40524112751487	dp_bias	-0.004236891034873579	0.01932335807227316	0.04322887532630998
log-power-n1n2.mapjitter.klw.tn0.1	Risky second	20.0	3.5000000000000004	dp_bias	-0.0025288709984711	0.021378421176086425	0.04558455391255402
log-power-n1n2.mapjitter.klw.tn0.1	Risky second	20.0	1.2	dp_scale	-0.004252957596053043	0.007348850830291994	0.02013210534508564
log-power-n1n2.mapjitter.klw.tn0.1	Risky second	20.0	1.233392832614218	dp_scale	-0.003934933886961167	0.007429570173178728	0.019926702352208107
log-power-n1n2.mapjitter.klw.tn0.1	Risky second	20.0	1.267714899620104	dp_scale	-0.003625039830366503	0.007438307904753063	0.01982310125880804
log-power-n1n2.mapjitter.klw.tn0.1	Risky second	20.0	1.3029920591580744	dp_scale	-0.0033276009294718268	0.007370261646662818	0.019289589227600958
log-power-n1n2.mapjitter.klw.tn0.1	Risky second	20.0	1.339250888932342	dp_scale	-0.003069762020040055	0.007202752685319244	0.018642954591678317
log-power-n1n2.mapjitter.klw.tn0.1	Risky second	20.0	1.3765187062344757	dp_scale	-0.003000149991189861	0.006936795827805301	0.017719869537540338
log-power-n1n2.mapjitter.klw.tn0.1	Risky second	20.0	1.4148235885241658	dp_scale	-0.0028496329692200995	0.006570585501475798	0.016844109542606255
log-power-n1n2.mapjitter.klw.tn0.1	Risky second	20.0	1.454194394582695	dp_scale	-0.00286561988715949	0.006133690932144926	0.015762298171463938
log-power-n1n2.mapjitter.klw.tn0.1	Risky second	20.0	1.4946607862550567	dp_scale	-0.002868370779961517	0.005629240973677132	0.014646939475963388
log-power-n1n2.mapjitter.klw.tn0.1	Risky second	20.0	1.5362532507970992	dp_scale	-0.00297573298735993	0.005055544815790116	0.013535517343560838
log-power-n1n2.mapjitter.klw.tn0.1	Risky second	20.0	1.579003123844529	dp_scale	-0.003190065371933399	0.004385856611196653	0.01225796561100579
log-power-n1n2.mapjitter.klw.tn0.1	Risky second	20.0	1.6229426130210856	dp_scale	-0.003525421675224792	0.003672679975845051	0.010923232274290994
log-power-n1n2.mapjitter.klw.tn0.1	Risky second	20.0	1.6681048222036647	dp_scale	-0.004084836225507318	0.00287611830404641	0.009896600002031984
log-power-n1n2.mapjitter.klw.tn0.1	Risky second	20.0	1.714523776462679	dp_scale	-0.004745284771623773	0.0020221545325889495	0.008803928995805437
log-power-n1n2.mapjitter.klw.tn0.1	Risky second	20.0	1.7622344476964418	dp_scale	-0.005516771677443279	0.0011388034668420827	0.007798521352738349
log-power-n1n2.mapjitter.klw.tn0.1	Risky second	20.0	1.8112727809788889	dp_scale	-0.0066057226345107795	0.0002645835079846448	0.007042416370545486
log-power-n1n2.mapjitter.klw.tn0.1	Risky second	20.0	1.861675721640487	dp_scale	-0.0077818843645486085	-0.0006651137016146827	0.006408477739900327
log-power-n1n2.mapjitter.klw.tn0.1	Risky second	20.0	1.9134812431027324	dp_scale	-0.009087455522373994	-0.0015630634693087264	0.006045538461680611
log-power-n1n2.mapjitter.klw.tn0.1	Risky second	20.0	1.9667283754872122	dp_scale	-0.010431279701645688	-0.0023978660494772385	0.005647243283866993
log-power-n1n2.mapjitter.klw.tn0.1	Risky second	20.0	2.021457235020777	dp_scale	-0.011799134977621167	-0.003198905006782893	0.005267894640024835
log-power-n1n2.mapjitter.klw.tn0.1	Risky second	20.0	2.0777090542589844	dp_scale	-0.013152733465571765	-0.003950375699217153	0.005004703211137727
log-power-n1n2.mapjitter.klw.tn0.1	Risky second	20.0	2.1355262131505808	dp_scale	-0.014370678395344076	-0.004725884125633828	0.0047377596756907015
log-power-n1n2.mapjitter.klw.tn0.1	Risky second	20.0	2.1949522709664246	dp_scale	-0.015575687940572807	-0.005353098510996244	0.004466660757101452
log-power-n1n2.mapjitter.klw.tn0.1	Risky second	20.0	2.256031999116908	dp_scale	-0.01665790886084363	-0.0059733883152744615	0.004180599393696668
log-power-n1n2.mapjitter.klw.tn0.1	Risky second	20.0	2.3188114148826	dp_scale	-0.017629440943425587	-0.006551896599439015	0.004053182740364506
log-power-n1n2.mapjitter.klw.tn0.1	Risky second	20.0	2.3833378160835275	dp_scale	-0.018409182378447627	-0.007042475146525088	0.003961221267888537
log-power-n1n2.mapjitter.klw.tn0.1	Risky second	20.0	2.4496598167132055	dp_scale	-0.01916953761871497	-0.007437259083664811	0.003872407385903969
log-power-n1n2.mapjitter.klw.tn0.1	Risky second	20.0	2.5178273835642724	dp_scale	-0.019750323117927612	-0.007736663660278777	0.0038896353445359044
log-power-n1n2.mapjitter.klw.tn0.1	Risky second	20.0	2.58789187387332	dp_scale	-0.02031535496635705	-0.00799877112224081	0.0039011615368308343
log-power-n1n2.mapjitter.klw.tn0.1	Risky second	20.0	2.659906074013276	dp_scale	-0.020619597647923055	-0.008168117732194611	0.0037882096570756954
log-power-n1n2.mapjitter.klw.tn0.1	Risky second	20.0	2.7339242392624983	dp_scale	-0.020861238929804782	-0.008256609238592418	0.003727173220085237
log-power-n1n2.mapjitter.klw.tn0.1	Risky second	20.0	2.8100021346805373	dp_scale	-0.0208949692678578	-0.00825655607706211	0.003870885233856066
log-power-n1n2.mapjitter.klw.tn0.1	Risky second	20.0	2.8881970771213568	dp_scale	-0.02095026145799871	-0.008245816927182362	0.004013800824564982
log-power-n1n2.mapjitter.klw.tn0.1	Risky second	20.0	2.9685679784156793	dp_scale	-0.020991959176234126	-0.008172014616208596	0.004236551019291051
log-power-n1n2.mapjitter.klw.tn0.1	Risky second	20.0	3.051175389754982	dp_scale	-0.02071713819232274	-0.00801540961972214	0.004459133396214936
log-power-n1n2.mapjitter.klw.tn0.1	Risky second	20.0	3.1360815473105736	dp_scale	-0.020504225477326176	-0.007831256346238945	0.004532132088633993
log-power-n1n2.mapjitter.klw.tn0.1	Risky second	20.0	3.2233504191221405	dp_scale	-0.020147107432864547	-0.007625301858627918	0.004749070393147826
log-power-n1n2.mapjitter.klw.tn0.1	Risky second	20.0	3.31304775329107	dp_scale	-0.019709132370413406	-0.007366080578855113	0.005073347057316023
log-power-n1n2.mapjitter.klw.tn0.1	Risky second	20.0	3.40524112751487	dp_scale	-0.01937846518069874	-0.007052301141326948	0.005382236268702615
log-power-n1n2.mapjitter.klw.tn0.1	Risky second	20.0	3.5000000000000004	dp_scale	-0.018967604866220168	-0.006753759554573709	0.005651991171451336
log-power-n1n2.mapjitter.klw.tn0.1	Risky second	20.0	1.2	dp_interaction	-0.012749026575513012	-0.007162218412947192	-0.003369588708606118
log-power-n1n2.mapjitter.klw.tn0.1	Risky second	20.0	1.233392832614218	dp_interaction	-0.013133574069959814	-0.0074318793703105	-0.0035416753565900654
log-power-n1n2.mapjitter.klw.tn0.1	Risky second	20.0	1.267714899620104	dp_interaction	-0.013288435279961945	-0.007576786336605062	-0.003659116672646724
log-power-n1n2.mapjitter.klw.tn0.1	Risky second	20.0	1.3029920591580744	dp_interaction	-0.013297549938443981	-0.0076181997736287695	-0.0037156411076907318
log-power-n1n2.mapjitter.klw.tn0.1	Risky second	20.0	1.339250888932342	dp_interaction	-0.013124132985358508	-0.007515206845136025	-0.0036794196070143574
log-power-n1n2.mapjitter.klw.tn0.1	Risky second	20.0	1.3765187062344757	dp_interaction	-0.012888192360998757	-0.007328131109272168	-0.0035511197172153467
log-power-n1n2.mapjitter.klw.tn0.1	Risky second	20.0	1.4148235885241658	dp_interaction	-0.012469578980492236	-0.006999667266652287	-0.0033218965872141397
log-power-n1n2.mapjitter.klw.tn0.1	Risky second	20.0	1.454194394582695	dp_interaction	-0.011914546605345046	-0.006573933817987371	-0.003003521144295945
log-power-n1n2.mapjitter.klw.tn0.1	Risky second	20.0	1.4946607862550567	dp_interaction	-0.011198410706040067	-0.006035658871688453	-0.002563943047213898
log-power-n1n2.mapjitter.klw.tn0.1	Risky second	20.0	1.5362532507970992	dp_interaction	-0.010325340706216504	-0.005377103268406176	-0.002023607525619997
log-power-n1n2.mapjitter.klw.tn0.1	Risky second	20.0	1.579003123844529	dp_interaction	-0.00932711263432102	-0.004637188945321655	-0.0013635637646389103
log-power-n1n2.mapjitter.klw.tn0.1	Risky second	20.0	1.6229426130210856	dp_interaction	-0.008238634079884632	-0.0038212999124572263	-0.0005950404415737257
log-power-n1n2.mapjitter.klw.tn0.1	Risky second	20.0	1.6681048222036647	dp_interaction	-0.007140262846214445	-0.002898182805390874	0.00025356778905355135
log-power-n1n2.mapjitter.klw.tn0.1	Risky second	20.0	1.714523776462679	dp_interaction	-0.005901753601226671	-0.0019285073540772854	0.0012462110781714965
log-power-n1n2.mapjitter.klw.tn0.1	Risky second	20.0	1.7622344476964418	dp_interaction	-0.004768041126270161	-0.0009063923991510693	0.0023346941037300072
log-power-n1n2.mapjitter.klw.tn0.1	Risky second	20.0	1.8112727809788889	dp_interaction	-0.0036121462879265317	0.00015144626350048327	0.003539967526100067
log-power-n1n2.mapjitter.klw.tn0.1	Risky second	20.0	1.861675721640487	dp_interaction	-0.002475002618589262	0.0012520017924093274	0.004796933152090233
log-power-n1n2.mapjitter.klw.tn0.1	Risky second	20.0	1.9134812431027324	dp_interaction	-0.0013204083599033156	0.002360900187394423	0.006101876811988098
log-power-n1n2.mapjitter.klw.tn0.1	Risky second	20.0	1.9667283754872122	dp_interaction	-0.00025226191345409013	0.003499990395126968	0.007450885215798354
log-power-n1n2.mapjitter.klw.tn0.1	Risky second	20.0	2.021457235020777	dp_interaction	0.0007814852735105977	0.004591746607340839	0.00884400389579304
log-power-n1n2.mapjitter.klw.tn0.1	Risky second	20.0	2.0777090542589844	dp_interaction	0.0018025018061051672	0.005647652048471373	0.01021373033771732
log-power-n1n2.mapjitter.klw.tn0.1	Risky second	20.0	2.1355262131505808	dp_interaction	0.002698897890632247	0.006711216637962	0.01152021305891962
log-power-n1n2.mapjitter.klw.tn0.1	Risky second	20.0	2.1949522709664246	dp_interaction	0.0035382477915994162	0.0077274017270877494	0.012823705326372661
log-power-n1n2.mapjitter.klw.tn0.1	Risky second	20.0	2.256031999116908	dp_interaction	0.004337980789612781	0.008669419588275468	0.014031830050463908
log-power-n1n2.mapjitter.klw.tn0.1	Risky second	20.0	2.3188114148826	dp_interaction	0.005036543906684738	0.009558779550766559	0.01512370890122328
log-power-n1n2.mapjitter.klw.tn0.1	Risky second	20.0	2.3833378160835275	dp_interaction	0.005709128852511056	0.010382882103217778	0.016192623124542782
log-power-n1n2.mapjitter.klw.tn0.1	Risky second	20.0	2.4496598167132055	dp_interaction	0.006288964350321335	0.011127735742684105	0.01712912291261322
log-power-n1n2.mapjitter.klw.tn0.1	Risky second	20.0	2.5178273835642724	dp_interaction	0.006780728540127892	0.011810396274460636	0.01793911621148024
log-power-n1n2.mapjitter.klw.tn0.1	Risky second	20.0	2.58789187387332	dp_interaction	0.007260816113346069	0.012409931529468373	0.018662221591281513
log-power-n1n2.mapjitter.klw.tn0.1	Risky second	20.0	2.659906074013276	dp_interaction	0.007641564261413256	0.012925880201564035	0.01944253257188234
log-power-n1n2.mapjitter.klw.tn0.1	Risky second	20.0	2.7339242392624983	dp_interaction	0.00796726966901833	0.013366153287359557	0.02000036176865506
log-power-n1n2.mapjitter.klw.tn0.1	Risky second	20.0	2.8100021346805373	dp_interaction	0.008228820220256535	0.013745481968242768	0.020535912900891826
log-power-n1n2.mapjitter.klw.tn0.1	Risky second	20.0	2.8881970771213568	dp_interaction	0.00845293821285922	0.01404625239325236	0.020972416449320453
log-power-n1n2.mapjitter.klw.tn0.1	Risky second	20.0	2.9685679784156793	dp_interaction	0.008541054322531449	0.014298933670274882	0.021377371853414796
log-power-n1n2.mapjitter.klw.tn0.1	Risky second	20.0	3.051175389754982	dp_interaction	0.008569217257033638	0.014507634064176671	0.02170922925822507
log-power-n1n2.mapjitter.klw.tn0.1	Risky second	20.0	3.1360815473105736	dp_interaction	0.00855535839312359	0.01462961358165852	0.022062968466525543
log-power-n1n2.mapjitter.klw.tn0.1	Risky second	20.0	3.2233504191221405	dp_interaction	0.008537267377017889	0.014762065524190899	0.022283929807942443
log-power-n1n2.mapjitter.klw.tn0.1	Risky second	20.0	3.31304775329107	dp_interaction	0.008452230803264012	0.014825714788194501	0.022587334860156228
log-power-n1n2.mapjitter.klw.tn0.1	Risky second	20.0	3.40524112751487	dp_interaction	0.008312735980183597	0.01487986977596191	0.022827603929813343
log-power-n1n2.mapjitter.klw.tn0.1	Risky second	20.0	3.5000000000000004	dp_interaction	0.008167069083607563	0.01490113584469354	0.02312067395271446
log-power-n1n2.mapjitter.klw.tn0.1	Risky second	20.0	1.2	num_shift	-0.011105367687210618	0.010050277720429903	0.03414382498054691
log-power-n1n2.mapjitter.klw.tn0.1	Risky second	20.0	1.233392832614218	num_shift	-0.011361882891280059	0.009829702763242217	0.03378762367057865
log-power-n1n2.mapjitter.klw.tn0.1	Risky second	20.0	1.267714899620104	num_shift	-0.011569035683320336	0.009670763425905338	0.03361390390712479
log-power-n1n2.mapjitter.klw.tn0.1	Risky second	20.0	1.3029920591580744	num_shift	-0.011923928554002743	0.009591470318464856	0.03356818315091716
log-power-n1n2.mapjitter.klw.tn0.1	Risky second	20.0	1.339250888932342	num_shift	-0.012224780504600803	0.009500499835814944	0.0335335389471633
log-power-n1n2.mapjitter.klw.tn0.1	Risky second	20.0	1.3765187062344757	num_shift	-0.012453510910783016	0.009525056098778696	0.03370096546916892
log-power-n1n2.mapjitter.klw.tn0.1	Risky second	20.0	1.4148235885241658	num_shift	-0.01257017054933887	0.00958026888495904	0.03386803706853043
log-power-n1n2.mapjitter.klw.tn0.1	Risky second	20.0	1.454194394582695	num_shift	-0.012415674933120516	0.009739465550499954	0.03419525967958477
log-power-n1n2.mapjitter.klw.tn0.1	Risky second	20.0	1.4946607862550567	num_shift	-0.012368563472799162	0.009987171376016134	0.03438916876548965
log-power-n1n2.mapjitter.klw.tn0.1	Risky second	20.0	1.5362532507970992	num_shift	-0.012258404389659574	0.010319096908186151	0.03485862257668311
log-power-n1n2.mapjitter.klw.tn0.1	Risky second	20.0	1.579003123844529	num_shift	-0.012113518874254308	0.01065397277244014	0.03521279684359463
log-power-n1n2.mapjitter.klw.tn0.1	Risky second	20.0	1.6229426130210856	num_shift	-0.012002512061651658	0.011114006438885993	0.03570021425032681
log-power-n1n2.mapjitter.klw.tn0.1	Risky second	20.0	1.6681048222036647	num_shift	-0.011600060661459154	0.011732553803260869	0.03620724625125079
log-power-n1n2.mapjitter.klw.tn0.1	Risky second	20.0	1.714523776462679	num_shift	-0.011121838156925346	0.012409666575172921	0.036942693116320854
log-power-n1n2.mapjitter.klw.tn0.1	Risky second	20.0	1.7622344476964418	num_shift	-0.010662572274048952	0.01311472099591219	0.037811771497578854
log-power-n1n2.mapjitter.klw.tn0.1	Risky second	20.0	1.8112727809788889	num_shift	-0.009994057511876783	0.013875532958635379	0.0384833554990538
log-power-n1n2.mapjitter.klw.tn0.1	Risky second	20.0	1.861675721640487	num_shift	-0.009401004304399597	0.01477697491333539	0.03930364743263559
log-power-n1n2.mapjitter.klw.tn0.1	Risky second	20.0	1.9134812431027324	num_shift	-0.008812308655368983	0.01563642546099453	0.0403132547906695
log-power-n1n2.mapjitter.klw.tn0.1	Risky second	20.0	1.9667283754872122	num_shift	-0.0081938027299157	0.01659790961672135	0.04149957867778697
log-power-n1n2.mapjitter.klw.tn0.1	Risky second	20.0	2.021457235020777	num_shift	-0.00744448642841339	0.017680583726518845	0.04274715744860473
log-power-n1n2.mapjitter.klw.tn0.1	Risky second	20.0	2.0777090542589844	num_shift	-0.006895252681788951	0.01881298562791988	0.044189496999444744
log-power-n1n2.mapjitter.klw.tn0.1	Risky second	20.0	2.1355262131505808	num_shift	-0.00618960995489688	0.020001077643608506	0.0457188710833326
log-power-n1n2.mapjitter.klw.tn0.1	Risky second	20.0	2.1949522709664246	num_shift	-0.00538015672391153	0.02132947949016655	0.04746734734986155
log-power-n1n2.mapjitter.klw.tn0.1	Risky second	20.0	2.256031999116908	num_shift	-0.004569488055304635	0.02274931688842445	0.04908679608910155
log-power-n1n2.mapjitter.klw.tn0.1	Risky second	20.0	2.3188114148826	num_shift	-0.0033489342579847963	0.024228625626415305	0.05109777354056875
log-power-n1n2.mapjitter.klw.tn0.1	Risky second	20.0	2.3833378160835275	num_shift	-0.002529600072361398	0.025794549087588794	0.053103752300884065
log-power-n1n2.mapjitter.klw.tn0.1	Risky second	20.0	2.4496598167132055	num_shift	-0.0016696476609793535	0.02752179524835487	0.0555816682526443
log-power-n1n2.mapjitter.klw.tn0.1	Risky second	20.0	2.5178273835642724	num_shift	-0.00018660595282381045	0.029365002913005665	0.058365403503865564
log-power-n1n2.mapjitter.klw.tn0.1	Risky second	20.0	2.58789187387332	num_shift	0.0006660185499740448	0.03130922890354856	0.06103631083643313
log-power-n1n2.mapjitter.klw.tn0.1	Risky second	20.0	2.659906074013276	num_shift	0.001938946203751701	0.03330254094397939	0.06378944311080299
log-power-n1n2.mapjitter.klw.tn0.1	Risky second	20.0	2.7339242392624983	num_shift	0.0033069032166422297	0.03529183794277404	0.06675464616656594
log-power-n1n2.mapjitter.klw.tn0.1	Risky second	20.0	2.8100021346805373	num_shift	0.004540849649359722	0.03739789798193473	0.06995323543116641
log-power-n1n2.mapjitter.klw.tn0.1	Risky second	20.0	2.8881970771213568	num_shift	0.005717616182560617	0.039578149846209956	0.07328697077406968
log-power-n1n2.mapjitter.klw.tn0.1	Risky second	20.0	2.9685679784156793	num_shift	0.006677662711365032	0.041961662451564644	0.07643653526146911
log-power-n1n2.mapjitter.klw.tn0.1	Risky second	20.0	3.051175389754982	num_shift	0.008297224391326024	0.04434131052711893	0.08005381987263624
log-power-n1n2.mapjitter.klw.tn0.1	Risky second	20.0	3.1360815473105736	num_shift	0.009588542224111856	0.046937258867221346	0.08386539802275321
log-power-n1n2.mapjitter.klw.tn0.1	Risky second	20.0	3.2233504191221405	num_shift	0.010846572407259673	0.04946837870454987	0.08803626309438975
log-power-n1n2.mapjitter.klw.tn0.1	Risky second	20.0	3.31304775329107	num_shift	0.01212786758192139	0.05226261438247573	0.09223466757939978
log-power-n1n2.mapjitter.klw.tn0.1	Risky second	20.0	3.40524112751487	num_shift	0.013204106909448947	0.055005412234937455	0.09701772501302312
log-power-n1n2.mapjitter.klw.tn0.1	Risky second	20.0	3.5000000000000004	num_shift	0.014315360725481422	0.05777559908974076	0.10212355324974147
log-power-n1n2.mapjitter.klw.tn0.1	Risky second	20.0	1.2	den_ratio	0.9948082348856825	1.0585029546854852	1.1300240040019482
log-power-n1n2.mapjitter.klw.tn0.1	Risky second	20.0	1.233392832614218	den_ratio	0.9935620937198891	1.057306574475576	1.128784550335117
log-power-n1n2.mapjitter.klw.tn0.1	Risky second	20.0	1.267714899620104	den_ratio	0.9923793111967473	1.0559984325242775	1.1276165493896066
log-power-n1n2.mapjitter.klw.tn0.1	Risky second	20.0	1.3029920591580744	den_ratio	0.991271913749825	1.0546103013684394	1.1259457223327718
log-power-n1n2.mapjitter.klw.tn0.1	Risky second	20.0	1.339250888932342	den_ratio	0.9903671926470096	1.0535080877819463	1.1247500576840872
log-power-n1n2.mapjitter.klw.tn0.1	Risky second	20.0	1.3765187062344757	den_ratio	0.9892839856197774	1.0522764070047288	1.123319643837938
log-power-n1n2.mapjitter.klw.tn0.1	Risky second	20.0	1.4148235885241658	den_ratio	0.9884581569259394	1.0509223742924905	1.121885195905714
log-power-n1n2.mapjitter.klw.tn0.1	Risky second	20.0	1.454194394582695	den_ratio	0.9872878886834306	1.049618622548333	1.1204607975870344
log-power-n1n2.mapjitter.klw.tn0.1	Risky second	20.0	1.4946607862550567	den_ratio	0.985762353219042	1.0481418404858134	1.119188761544565
log-power-n1n2.mapjitter.klw.tn0.1	Risky second	20.0	1.5362532507970992	den_ratio	0.9845005678315025	1.0466626007332434	1.1176068097047154
log-power-n1n2.mapjitter.klw.tn0.1	Risky second	20.0	1.579003123844529	den_ratio	0.9832671348731482	1.0451989174876686	1.115717258449116
log-power-n1n2.mapjitter.klw.tn0.1	Risky second	20.0	1.6229426130210856	den_ratio	0.9820138292108301	1.0436640675582347	1.1140658241071368
log-power-n1n2.mapjitter.klw.tn0.1	Risky second	20.0	1.6681048222036647	den_ratio	0.9804528697823234	1.0422429416790169	1.1127083082178064
log-power-n1n2.mapjitter.klw.tn0.1	Risky second	20.0	1.714523776462679	den_ratio	0.9788825512524124	1.0407303697683474	1.111791183263915
log-power-n1n2.mapjitter.klw.tn0.1	Risky second	20.0	1.7622344476964418	den_ratio	0.9773026374254223	1.0393697113345768	1.1103267575421119
log-power-n1n2.mapjitter.klw.tn0.1	Risky second	20.0	1.8112727809788889	den_ratio	0.9753946336459731	1.0378373608293376	1.1090858302930129
log-power-n1n2.mapjitter.klw.tn0.1	Risky second	20.0	1.861675721640487	den_ratio	0.9738266305778768	1.036304487554529	1.1074406865514985
log-power-n1n2.mapjitter.klw.tn0.1	Risky second	20.0	1.9134812431027324	den_ratio	0.9721166591621981	1.034602548784375	1.1060075549654176
log-power-n1n2.mapjitter.klw.tn0.1	Risky second	20.0	1.9667283754872122	den_ratio	0.9704929309006395	1.032939536408564	1.1046270473014927
log-power-n1n2.mapjitter.klw.tn0.1	Risky second	20.0	2.021457235020777	den_ratio	0.9686728086182617	1.0313315284861897	1.103171399673295
log-power-n1n2.mapjitter.klw.tn0.1	Risky second	20.0	2.0777090542589844	den_ratio	0.9669856863192612	1.0296727281898987	1.1021120333165118
log-power-n1n2.mapjitter.klw.tn0.1	Risky second	20.0	2.1355262131505808	den_ratio	0.9648651738839551	1.0280024522049043	1.1004845239101226
log-power-n1n2.mapjitter.klw.tn0.1	Risky second	20.0	2.1949522709664246	den_ratio	0.9627347971691381	1.0263209316785369	1.0991956622426862
log-power-n1n2.mapjitter.klw.tn0.1	Risky second	20.0	2.256031999116908	den_ratio	0.960734969246918	1.0245817774229136	1.097567435605464
log-power-n1n2.mapjitter.klw.tn0.1	Risky second	20.0	2.3188114148826	den_ratio	0.958749894108835	1.0229604934801309	1.0959019910263423
log-power-n1n2.mapjitter.klw.tn0.1	Risky second	20.0	2.3833378160835275	den_ratio	0.9569162925827502	1.0212295093261003	1.0939153223676175
log-power-n1n2.mapjitter.klw.tn0.1	Risky second	20.0	2.4496598167132055	den_ratio	0.9549126998737791	1.0194985492073356	1.0925441184315612
log-power-n1n2.mapjitter.klw.tn0.1	Risky second	20.0	2.5178273835642724	den_ratio	0.9526943960265416	1.0178925251252398	1.0907567048167544
log-power-n1n2.mapjitter.klw.tn0.1	Risky second	20.0	2.58789187387332	den_ratio	0.9500720436418209	1.0162116878300433	1.0892818326516034
log-power-n1n2.mapjitter.klw.tn0.1	Risky second	20.0	2.659906074013276	den_ratio	0.9475834986573224	1.0143875914116447	1.0881614391786536
log-power-n1n2.mapjitter.klw.tn0.1	Risky second	20.0	2.7339242392624983	den_ratio	0.9452923711030776	1.0126450401357685	1.0869030886859588
log-power-n1n2.mapjitter.klw.tn0.1	Risky second	20.0	2.8100021346805373	den_ratio	0.9430493372314839	1.0106806137681166	1.0861341656777452
log-power-n1n2.mapjitter.klw.tn0.1	Risky second	20.0	2.8881970771213568	den_ratio	0.9406223098949913	1.008820030815638	1.0845846826649403
log-power-n1n2.mapjitter.klw.tn0.1	Risky second	20.0	2.9685679784156793	den_ratio	0.9380905227843662	1.006965913548366	1.0832861904392
log-power-n1n2.mapjitter.klw.tn0.1	Risky second	20.0	3.051175389754982	den_ratio	0.9355311383397749	1.0050978537888398	1.0817737460788008
log-power-n1n2.mapjitter.klw.tn0.1	Risky second	20.0	3.1360815473105736	den_ratio	0.9331073946876646	1.0032782057034302	1.0801592886280893
log-power-n1n2.mapjitter.klw.tn0.1	Risky second	20.0	3.2233504191221405	den_ratio	0.9299695545949946	1.0014445983931548	1.0787368536571285
log-power-n1n2.mapjitter.klw.tn0.1	Risky second	20.0	3.31304775329107	den_ratio	0.9268444856621914	0.9996131792112801	1.077480127621149
log-power-n1n2.mapjitter.klw.tn0.1	Risky second	20.0	3.40524112751487	den_ratio	0.9242509740094094	0.9976390854074256	1.0760288838930983
log-power-n1n2.mapjitter.klw.tn0.1	Risky second	20.0	3.5000000000000004	den_ratio	0.9217611976494432	0.9955918231654575	1.0744687778793471
log-power-n1n2.mapjitter.klw.tn0.1	Risky second	28.0	1.2	p_vertex	0.193630787722984	0.22218936354699487	0.2509771018911821
log-power-n1n2.mapjitter.klw.tn0.1	Risky second	28.0	1.233392832614218	p_vertex	0.2079742139857022	0.23664254079493768	0.2653266589392197
log-power-n1n2.mapjitter.klw.tn0.1	Risky second	28.0	1.267714899620104	p_vertex	0.2231784669326383	0.25150386763731464	0.2801052309488349
log-power-n1n2.mapjitter.klw.tn0.1	Risky second	28.0	1.3029920591580744	p_vertex	0.2387457904982754	0.2667602580492865	0.2950606481850835
log-power-n1n2.mapjitter.klw.tn0.1	Risky second	28.0	1.339250888932342	p_vertex	0.2545812867755676	0.2825338796612278	0.3104277301570049
log-power-n1n2.mapjitter.klw.tn0.1	Risky second	28.0	1.3765187062344757	p_vertex	0.2706248541596967	0.29848806820343593	0.3264904316788078
log-power-n1n2.mapjitter.klw.tn0.1	Risky second	28.0	1.4148235885241658	p_vertex	0.2873679737135475	0.31477738810803724	0.3421844962651159
log-power-n1n2.mapjitter.klw.tn0.1	Risky second	28.0	1.454194394582695	p_vertex	0.304058972904237	0.33118653986501534	0.358239532440343
log-power-n1n2.mapjitter.klw.tn0.1	Risky second	28.0	1.4946607862550567	p_vertex	0.32132422682654255	0.34788244171757815	0.37457168364123494
log-power-n1n2.mapjitter.klw.tn0.1	Risky second	28.0	1.5362532507970992	p_vertex	0.3385712908191136	0.3645908510190035	0.3909939426139155
log-power-n1n2.mapjitter.klw.tn0.1	Risky second	28.0	1.579003123844529	p_vertex	0.35579021284165674	0.38138000848881937	0.4072719097319889
log-power-n1n2.mapjitter.klw.tn0.1	Risky second	28.0	1.6229426130210856	p_vertex	0.37307632126933715	0.3982585856577896	0.4236583844262987
log-power-n1n2.mapjitter.klw.tn0.1	Risky second	28.0	1.6681048222036647	p_vertex	0.39059083774790887	0.41499799938542004	0.43982052881820577
log-power-n1n2.mapjitter.klw.tn0.1	Risky second	28.0	1.714523776462679	p_vertex	0.4075467723320128	0.4317673629233442	0.4560851868810596
log-power-n1n2.mapjitter.klw.tn0.1	Risky second	28.0	1.7622344476964418	p_vertex	0.42402273160045295	0.4483454691242775	0.47207576366678616
log-power-n1n2.mapjitter.klw.tn0.1	Risky second	28.0	1.8112727809788889	p_vertex	0.44047336110714846	0.4647316648621602	0.4885022631112878
log-power-n1n2.mapjitter.klw.tn0.1	Risky second	28.0	1.861675721640487	p_vertex	0.4565445879777381	0.48071312655799303	0.5045750968010326
log-power-n1n2.mapjitter.klw.tn0.1	Risky second	28.0	1.9134812431027324	p_vertex	0.47192552117514835	0.49652438263242804	0.5204070711389285
log-power-n1n2.mapjitter.klw.tn0.1	Risky second	28.0	1.9667283754872122	p_vertex	0.48685794277559735	0.5118060823186343	0.5358474358924918
log-power-n1n2.mapjitter.klw.tn0.1	Risky second	28.0	2.021457235020777	p_vertex	0.5013988249284413	0.5267935990547852	0.5513064523065663
log-power-n1n2.mapjitter.klw.tn0.1	Risky second	28.0	2.0777090542589844	p_vertex	0.5153327407621517	0.5412128275967891	0.566283149896215
log-power-n1n2.mapjitter.klw.tn0.1	Risky second	28.0	2.1355262131505808	p_vertex	0.5287423968327954	0.5551909696788779	0.5806614751810241
log-power-n1n2.mapjitter.klw.tn0.1	Risky second	28.0	2.1949522709664246	p_vertex	0.54147848034867	0.5688136989329051	0.5946740128262505
log-power-n1n2.mapjitter.klw.tn0.1	Risky second	28.0	2.256031999116908	p_vertex	0.553560070538442	0.5818996325805907	0.6083574884262463
log-power-n1n2.mapjitter.klw.tn0.1	Risky second	28.0	2.3188114148826	p_vertex	0.565138054114932	0.5944256453283043	0.6213759172782006
log-power-n1n2.mapjitter.klw.tn0.1	Risky second	28.0	2.3833378160835275	p_vertex	0.5765228406756943	0.6065290182661849	0.6341015771164197
log-power-n1n2.mapjitter.klw.tn0.1	Risky second	28.0	2.4496598167132055	p_vertex	0.5872714245003137	0.6179987841589307	0.6466416155074625
log-power-n1n2.mapjitter.klw.tn0.1	Risky second	28.0	2.5178273835642724	p_vertex	0.5974233916427965	0.628928569816197	0.6581891280250269
log-power-n1n2.mapjitter.klw.tn0.1	Risky second	28.0	2.58789187387332	p_vertex	0.6071580388247989	0.6393165394514967	0.6694889644066508
log-power-n1n2.mapjitter.klw.tn0.1	Risky second	28.0	2.659906074013276	p_vertex	0.6160755159657697	0.6493736049831664	0.680156253675638
log-power-n1n2.mapjitter.klw.tn0.1	Risky second	28.0	2.7339242392624983	p_vertex	0.6246038667386186	0.6588439357983735	0.6901058965000133
log-power-n1n2.mapjitter.klw.tn0.1	Risky second	28.0	2.8100021346805373	p_vertex	0.6328544310634915	0.6678312964028632	0.6996586443874785
log-power-n1n2.mapjitter.klw.tn0.1	Risky second	28.0	2.8881970771213568	p_vertex	0.6403104032684606	0.6763042697720099	0.7088562846331792
log-power-n1n2.mapjitter.klw.tn0.1	Risky second	28.0	2.9685679784156793	p_vertex	0.6476149586799342	0.684384892142236	0.7175209704377111
log-power-n1n2.mapjitter.klw.tn0.1	Risky second	28.0	3.051175389754982	p_vertex	0.6546745193183077	0.691917423570857	0.7258257512394518
log-power-n1n2.mapjitter.klw.tn0.1	Risky second	28.0	3.1360815473105736	p_vertex	0.6606656645611582	0.6990207673823121	0.7334260514487667
log-power-n1n2.mapjitter.klw.tn0.1	Risky second	28.0	3.2233504191221405	p_vertex	0.6664785901169471	0.7057655694697547	0.7407925408330658
log-power-n1n2.mapjitter.klw.tn0.1	Risky second	28.0	3.31304775329107	p_vertex	0.6718664980745654	0.7120546190535715	0.747627776612797
log-power-n1n2.mapjitter.klw.tn0.1	Risky second	28.0	3.40524112751487	p_vertex	0.6768641561610318	0.717987414642455	0.7540209737947293
log-power-n1n2.mapjitter.klw.tn0.1	Risky second	28.0	3.5000000000000004	p_vertex	0.681594340205094	0.7235388710520766	0.7599567422516481
log-power-n1n2.mapjitter.klw.tn0.1	Risky second	28.0	1.2	p_full	0.20551556244726285	0.23351323338425523	0.2620031590422741
log-power-n1n2.mapjitter.klw.tn0.1	Risky second	28.0	1.233392832614218	p_full	0.21957969024539623	0.2478157917646961	0.2763849055181924
log-power-n1n2.mapjitter.klw.tn0.1	Risky second	28.0	1.267714899620104	p_full	0.23420140235367223	0.2625482316377967	0.2911314314471332
log-power-n1n2.mapjitter.klw.tn0.1	Risky second	28.0	1.3029920591580744	p_full	0.2491559717919813	0.27743822899165027	0.3060539960660101
log-power-n1n2.mapjitter.klw.tn0.1	Risky second	28.0	1.339250888932342	p_full	0.26449439880894554	0.29278485939274124	0.3211815794607699
log-power-n1n2.mapjitter.klw.tn0.1	Risky second	28.0	1.3765187062344757	p_full	0.2804836430743802	0.30835206005940446	0.33672385528550636
log-power-n1n2.mapjitter.klw.tn0.1	Risky second	28.0	1.4148235885241658	p_full	0.29641656531232186	0.3242052107196327	0.35222590673181603
log-power-n1n2.mapjitter.klw.tn0.1	Risky second	28.0	1.454194394582695	p_full	0.31238312358698866	0.340123574608747	0.36780555823999656
log-power-n1n2.mapjitter.klw.tn0.1	Risky second	28.0	1.4946607862550567	p_full	0.32877889757374734	0.35627921672515317	0.38370580425935535
log-power-n1n2.mapjitter.klw.tn0.1	Risky second	28.0	1.5362532507970992	p_full	0.34543217212314675	0.3725263716253947	0.3993643392769264
log-power-n1n2.mapjitter.klw.tn0.1	Risky second	28.0	1.579003123844529	p_full	0.36229709817184647	0.3889086775351307	0.41500974685077496
log-power-n1n2.mapjitter.klw.tn0.1	Risky second	28.0	1.6229426130210856	p_full	0.37927757881131796	0.40525383299186624	0.4308297536212127
log-power-n1n2.mapjitter.klw.tn0.1	Risky second	28.0	1.6681048222036647	p_full	0.3962312406862434	0.42172259295954606	0.44665386874670965
log-power-n1n2.mapjitter.klw.tn0.1	Risky second	28.0	1.714523776462679	p_full	0.4132764946737361	0.43814019827947226	0.4625337705444944
log-power-n1n2.mapjitter.klw.tn0.1	Risky second	28.0	1.7622344476964418	p_full	0.4300370482394238	0.45454220614148966	0.47846865681336803
log-power-n1n2.mapjitter.klw.tn0.1	Risky second	28.0	1.8112727809788889	p_full	0.44680408639548913	0.4708412261503029	0.49435161381648535
log-power-n1n2.mapjitter.klw.tn0.1	Risky second	28.0	1.861675721640487	p_full	0.4631261081459895	0.48696559048032473	0.5104449226007297
log-power-n1n2.mapjitter.klw.tn0.1	Risky second	28.0	1.9134812431027324	p_full	0.47914629121128943	0.5028286722066225	0.526065771828694
log-power-n1n2.mapjitter.klw.tn0.1	Risky second	28.0	1.9667283754872122	p_full	0.4951828770673594	0.5185283720443361	0.5416042704946438
log-power-n1n2.mapjitter.klw.tn0.1	Risky second	28.0	2.021457235020777	p_full	0.5107928563148103	0.5340459533569757	0.5572415751614942
log-power-n1n2.mapjitter.klw.tn0.1	Risky second	28.0	2.0777090542589844	p_full	0.5259141027556895	0.5491505808088291	0.5723362202154428
log-power-n1n2.mapjitter.klw.tn0.1	Risky second	28.0	2.1355262131505808	p_full	0.5408708251363136	0.5640882133436362	0.5874084097629751
log-power-n1n2.mapjitter.klw.tn0.1	Risky second	28.0	2.1949522709664246	p_full	0.555134919619542	0.5787270763762424	0.602125208437063
log-power-n1n2.mapjitter.klw.tn0.1	Risky second	28.0	2.256031999116908	p_full	0.5689515169194478	0.59302300074901	0.6165168061926405
log-power-n1n2.mapjitter.klw.tn0.1	Risky second	28.0	2.3188114148826	p_full	0.5822424823281973	0.6069139716744099	0.6309625966797536
log-power-n1n2.mapjitter.klw.tn0.1	Risky second	28.0	2.3833378160835275	p_full	0.5952419493291838	0.6204606070329584	0.644997153157198
log-power-n1n2.mapjitter.klw.tn0.1	Risky second	28.0	2.4496598167132055	p_full	0.6076078801520718	0.633669795310175	0.6588369545648362
log-power-n1n2.mapjitter.klw.tn0.1	Risky second	28.0	2.5178273835642724	p_full	0.6200167841200391	0.6464434448684463	0.6722730342135183
log-power-n1n2.mapjitter.klw.tn0.1	Risky second	28.0	2.58789187387332	p_full	0.6313278387524063	0.6589224578302351	0.6851799400782472
log-power-n1n2.mapjitter.klw.tn0.1	Risky second	28.0	2.659906074013276	p_full	0.6426020850258379	0.6708864207757419	0.6978282620418489
log-power-n1n2.mapjitter.klw.tn0.1	Risky second	28.0	2.7339242392624983	p_full	0.6533722412992584	0.6824835782426701	0.7103066429499938
log-power-n1n2.mapjitter.klw.tn0.1	Risky second	28.0	2.8100021346805373	p_full	0.6635057180943363	0.693688315439632	0.7222147566767225
log-power-n1n2.mapjitter.klw.tn0.1	Risky second	28.0	2.8881970771213568	p_full	0.6732631791517063	0.7045046785322371	0.7336844506556199
log-power-n1n2.mapjitter.klw.tn0.1	Risky second	28.0	2.9685679784156793	p_full	0.6825426828804982	0.7148286757292841	0.744854530965861
log-power-n1n2.mapjitter.klw.tn0.1	Risky second	28.0	3.051175389754982	p_full	0.6914076182146257	0.7248790452501268	0.7558018733658027
log-power-n1n2.mapjitter.klw.tn0.1	Risky second	28.0	3.1360815473105736	p_full	0.7003205356990747	0.7344419908352253	0.7657237321245771
log-power-n1n2.mapjitter.klw.tn0.1	Risky second	28.0	3.2233504191221405	p_full	0.7086324025135728	0.7436798872272558	0.775651746043039
log-power-n1n2.mapjitter.klw.tn0.1	Risky second	28.0	3.31304775329107	p_full	0.7168715800247791	0.7524695830788446	0.7851544459829035
log-power-n1n2.mapjitter.klw.tn0.1	Risky second	28.0	3.40524112751487	p_full	0.7242215280890186	0.7609583746994645	0.7943264423445764
log-power-n1n2.mapjitter.klw.tn0.1	Risky second	28.0	3.5000000000000004	p_full	0.7314105065727476	0.7691816349023792	0.8032322603664278
log-power-n1n2.mapjitter.klw.tn0.1	Risky second	28.0	1.2	p_bias_only	0.20909611535193348	0.23643027978567216	0.26455571443426673
log-power-n1n2.mapjitter.klw.tn0.1	Risky second	28.0	1.233392832614218	p_bias_only	0.22310574831091928	0.2506538301461836	0.27903991572057946
log-power-n1n2.mapjitter.klw.tn0.1	Risky second	28.0	1.267714899620104	p_bias_only	0.2376368467377077	0.2652643145930169	0.2937605877469687
log-power-n1n2.mapjitter.klw.tn0.1	Risky second	28.0	1.3029920591580744	p_bias_only	0.25230850056050197	0.28005514232574846	0.30841693457667924
log-power-n1n2.mapjitter.klw.tn0.1	Risky second	28.0	1.339250888932342	p_bias_only	0.2675715190508518	0.29533550755147575	0.32372481583031254
log-power-n1n2.mapjitter.klw.tn0.1	Risky second	28.0	1.3765187062344757	p_bias_only	0.2830901618471267	0.3108542682124331	0.33897709741842635
log-power-n1n2.mapjitter.klw.tn0.1	Risky second	28.0	1.4148235885241658	p_bias_only	0.29884647023526095	0.3266353999364926	0.354606135855173
log-power-n1n2.mapjitter.klw.tn0.1	Risky second	28.0	1.454194394582695	p_bias_only	0.3147868830150224	0.3425001448673286	0.3704498779916099
log-power-n1n2.mapjitter.klw.tn0.1	Risky second	28.0	1.4946607862550567	p_bias_only	0.33139631572349737	0.35859194260065563	0.3863836450628303
log-power-n1n2.mapjitter.klw.tn0.1	Risky second	28.0	1.5362532507970992	p_bias_only	0.347787853181452	0.3748868743937419	0.4022346545357884
log-power-n1n2.mapjitter.klw.tn0.1	Risky second	28.0	1.579003123844529	p_bias_only	0.36419992058590767	0.39125825160178235	0.41812300881145004
log-power-n1n2.mapjitter.klw.tn0.1	Risky second	28.0	1.6229426130210856	p_bias_only	0.38089838143417687	0.4076569490345293	0.43393035823444714
log-power-n1n2.mapjitter.klw.tn0.1	Risky second	28.0	1.6681048222036647	p_bias_only	0.3973820396628781	0.4241009949925125	0.449856286541317
log-power-n1n2.mapjitter.klw.tn0.1	Risky second	28.0	1.714523776462679	p_bias_only	0.4139849631724668	0.44028851560077276	0.4653226732311039
log-power-n1n2.mapjitter.klw.tn0.1	Risky second	28.0	1.7622344476964418	p_bias_only	0.4305207667402221	0.45651728422540283	0.48109888233289794
log-power-n1n2.mapjitter.klw.tn0.1	Risky second	28.0	1.8112727809788889	p_bias_only	0.44729010238887684	0.47251908724821146	0.4968360907190525
log-power-n1n2.mapjitter.klw.tn0.1	Risky second	28.0	1.861675721640487	p_bias_only	0.4633184085809347	0.48839660853206346	0.5126649089885923
log-power-n1n2.mapjitter.klw.tn0.1	Risky second	28.0	1.9134812431027324	p_bias_only	0.4794614263622038	0.5040749151877113	0.5278302299949333
log-power-n1n2.mapjitter.klw.tn0.1	Risky second	28.0	1.9667283754872122	p_bias_only	0.494871275098574	0.5193968514659959	0.5428541335291508
log-power-n1n2.mapjitter.klw.tn0.1	Risky second	28.0	2.021457235020777	p_bias_only	0.5099722041839172	0.5344672211245272	0.5577778366212061
log-power-n1n2.mapjitter.klw.tn0.1	Risky second	28.0	2.0777090542589844	p_bias_only	0.5249066944634507	0.5492550371131424	0.5725675952102339
log-power-n1n2.mapjitter.klw.tn0.1	Risky second	28.0	2.1355262131505808	p_bias_only	0.5392565096865655	0.5638133575296609	0.5869302807051172
log-power-n1n2.mapjitter.klw.tn0.1	Risky second	28.0	2.1949522709664246	p_bias_only	0.5534282110346562	0.5779378966650175	0.6013718531527472
log-power-n1n2.mapjitter.klw.tn0.1	Risky second	28.0	2.256031999116908	p_bias_only	0.5673457875023413	0.5917717969212567	0.6152869126093268
log-power-n1n2.mapjitter.klw.tn0.1	Risky second	28.0	2.3188114148826	p_bias_only	0.5803386989212735	0.605187219833601	0.6288233511409315
log-power-n1n2.mapjitter.klw.tn0.1	Risky second	28.0	2.3833378160835275	p_bias_only	0.5930207652982034	0.6181440298678567	0.6423781181364433
log-power-n1n2.mapjitter.klw.tn0.1	Risky second	28.0	2.4496598167132055	p_bias_only	0.6052828353858901	0.6307385316001802	0.6554078232071533
log-power-n1n2.mapjitter.klw.tn0.1	Risky second	28.0	2.5178273835642724	p_bias_only	0.6168403005839285	0.6428857527788897	0.6680442842760501
log-power-n1n2.mapjitter.klw.tn0.1	Risky second	28.0	2.58789187387332	p_bias_only	0.6281633723277746	0.654576834063994	0.6801135395175576
log-power-n1n2.mapjitter.klw.tn0.1	Risky second	28.0	2.659906074013276	p_bias_only	0.6390093259498949	0.6659144718973553	0.6915600448707634
log-power-n1n2.mapjitter.klw.tn0.1	Risky second	28.0	2.7339242392624983	p_bias_only	0.6492774120802826	0.6768258896319499	0.7028677097319594
log-power-n1n2.mapjitter.klw.tn0.1	Risky second	28.0	2.8100021346805373	p_bias_only	0.6589236670088913	0.6873196479123707	0.7139556554125657
log-power-n1n2.mapjitter.klw.tn0.1	Risky second	28.0	2.8881970771213568	p_bias_only	0.6683926096551945	0.697449377621324	0.7246468159788712
log-power-n1n2.mapjitter.klw.tn0.1	Risky second	28.0	2.9685679784156793	p_bias_only	0.6773864697815472	0.7071061090506026	0.7348468869552757
log-power-n1n2.mapjitter.klw.tn0.1	Risky second	28.0	3.051175389754982	p_bias_only	0.6859476610055202	0.7163879023608559	0.744771536980217
log-power-n1n2.mapjitter.klw.tn0.1	Risky second	28.0	3.1360815473105736	p_bias_only	0.6943096823677656	0.7253433048066946	0.7541625530449018
log-power-n1n2.mapjitter.klw.tn0.1	Risky second	28.0	3.2233504191221405	p_bias_only	0.701868826612129	0.733835812227945	0.7633495248356239
log-power-n1n2.mapjitter.klw.tn0.1	Risky second	28.0	3.31304775329107	p_bias_only	0.7094821097252869	0.7420291897026008	0.7720125457035868
log-power-n1n2.mapjitter.klw.tn0.1	Risky second	28.0	3.40524112751487	p_bias_only	0.7161319598864728	0.7498682275156657	0.7804633770360816
log-power-n1n2.mapjitter.klw.tn0.1	Risky second	28.0	3.5000000000000004	p_bias_only	0.7225505966443527	0.7573965519813106	0.7885488360226302
log-power-n1n2.mapjitter.klw.tn0.1	Risky second	28.0	1.2	p_scale_only	0.20068292833900225	0.22772431816316066	0.25518211229255167
log-power-n1n2.mapjitter.klw.tn0.1	Risky second	28.0	1.233392832614218	p_scale_only	0.21543275643595924	0.24221927316998443	0.2696772329845379
log-power-n1n2.mapjitter.klw.tn0.1	Risky second	28.0	1.267714899620104	p_scale_only	0.23017705778575795	0.2571271829337528	0.2847498340421113
log-power-n1n2.mapjitter.klw.tn0.1	Risky second	28.0	1.3029920591580744	p_scale_only	0.24525278358496447	0.2723598379300388	0.29961400046734016
log-power-n1n2.mapjitter.klw.tn0.1	Risky second	28.0	1.339250888932342	p_scale_only	0.2607818634235734	0.28786815121199105	0.31515638050801315
log-power-n1n2.mapjitter.klw.tn0.1	Risky second	28.0	1.3765187062344757	p_scale_only	0.27674333036867277	0.3035604771753085	0.330265322904473
log-power-n1n2.mapjitter.klw.tn0.1	Risky second	28.0	1.4148235885241658	p_scale_only	0.29294036167038356	0.31944040896401527	0.34601424534070824
log-power-n1n2.mapjitter.klw.tn0.1	Risky second	28.0	1.454194394582695	p_scale_only	0.30917495357342917	0.33553893516905164	0.36176950133173663
log-power-n1n2.mapjitter.klw.tn0.1	Risky second	28.0	1.4946607862550567	p_scale_only	0.3256703150347948	0.3515925093663302	0.3777771643176014
log-power-n1n2.mapjitter.klw.tn0.1	Risky second	28.0	1.5362532507970992	p_scale_only	0.34220838621313066	0.367722859573957	0.39349940752313683
log-power-n1n2.mapjitter.klw.tn0.1	Risky second	28.0	1.579003123844529	p_scale_only	0.35868308010876865	0.3838136635356954	0.40919890816358756
log-power-n1n2.mapjitter.klw.tn0.1	Risky second	28.0	1.6229426130210856	p_scale_only	0.37519999628364525	0.39996078798953305	0.42513484277580055
log-power-n1n2.mapjitter.klw.tn0.1	Risky second	28.0	1.6681048222036647	p_scale_only	0.39158288412507025	0.4159760018084515	0.4406694970810313
log-power-n1n2.mapjitter.klw.tn0.1	Risky second	28.0	1.714523776462679	p_scale_only	0.40772533527547183	0.4318542005811701	0.4562166146733434
log-power-n1n2.mapjitter.klw.tn0.1	Risky second	28.0	1.7622344476964418	p_scale_only	0.42360034467925367	0.4475046688894001	0.47166579795931557
log-power-n1n2.mapjitter.klw.tn0.1	Risky second	28.0	1.8112727809788889	p_scale_only	0.4394253638136491	0.4630930648299165	0.4871045799660642
log-power-n1n2.mapjitter.klw.tn0.1	Risky second	28.0	1.861675721640487	p_scale_only	0.4547261352530147	0.47826818983668307	0.5021228977372245
log-power-n1n2.mapjitter.klw.tn0.1	Risky second	28.0	1.9134812431027324	p_scale_only	0.46962957940060845	0.4931686083196153	0.5170205861128764
log-power-n1n2.mapjitter.klw.tn0.1	Risky second	28.0	1.9667283754872122	p_scale_only	0.4841398886243052	0.5078728141189464	0.5314067109690935
log-power-n1n2.mapjitter.klw.tn0.1	Risky second	28.0	2.021457235020777	p_scale_only	0.4983654343924316	0.5221629176923457	0.5459379183287084
log-power-n1n2.mapjitter.klw.tn0.1	Risky second	28.0	2.0777090542589844	p_scale_only	0.5118481415755829	0.5360382338988856	0.560118965815318
log-power-n1n2.mapjitter.klw.tn0.1	Risky second	28.0	2.1355262131505808	p_scale_only	0.5251948887006607	0.5496015370745526	0.5737421423825263
log-power-n1n2.mapjitter.klw.tn0.1	Risky second	28.0	2.1949522709664246	p_scale_only	0.5376096592557548	0.562635871581304	0.5870024523851495
log-power-n1n2.mapjitter.klw.tn0.1	Risky second	28.0	2.256031999116908	p_scale_only	0.5498080345600841	0.5753361754049549	0.6000571166140594
log-power-n1n2.mapjitter.klw.tn0.1	Risky second	28.0	2.3188114148826	p_scale_only	0.5612883109695052	0.5876006591578053	0.6125427555846595
log-power-n1n2.mapjitter.klw.tn0.1	Risky second	28.0	2.3833378160835275	p_scale_only	0.5724038327145333	0.5993705036366606	0.6247088848844965
log-power-n1n2.mapjitter.klw.tn0.1	Risky second	28.0	2.4496598167132055	p_scale_only	0.583016148938105	0.6105591605633098	0.6364986316108583
log-power-n1n2.mapjitter.klw.tn0.1	Risky second	28.0	2.5178273835642724	p_scale_only	0.5930654024670037	0.6214177908768179	0.6478929062503872
log-power-n1n2.mapjitter.klw.tn0.1	Risky second	28.0	2.58789187387332	p_scale_only	0.6027652787069456	0.6317717402954557	0.6590429215047384
log-power-n1n2.mapjitter.klw.tn0.1	Risky second	28.0	2.659906074013276	p_scale_only	0.6115539295505207	0.6416489995020964	0.6694690098769348
log-power-n1n2.mapjitter.klw.tn0.1	Risky second	28.0	2.7339242392624983	p_scale_only	0.6197394914091788	0.651121638901603	0.6794559338582523
log-power-n1n2.mapjitter.klw.tn0.1	Risky second	28.0	2.8100021346805373	p_scale_only	0.6280182355642262	0.660175551547501	0.6892760383270519
log-power-n1n2.mapjitter.klw.tn0.1	Risky second	28.0	2.8881970771213568	p_scale_only	0.635561174351372	0.6686595989373942	0.6984483431123574
log-power-n1n2.mapjitter.klw.tn0.1	Risky second	28.0	2.9685679784156793	p_scale_only	0.6428822528053247	0.6768353901821629	0.7073080016774896
log-power-n1n2.mapjitter.klw.tn0.1	Risky second	28.0	3.051175389754982	p_scale_only	0.6494615765214804	0.6846606905167751	0.7158043325121857
log-power-n1n2.mapjitter.klw.tn0.1	Risky second	28.0	3.1360815473105736	p_scale_only	0.6556171624661944	0.6918612638917807	0.7236653485730999
log-power-n1n2.mapjitter.klw.tn0.1	Risky second	28.0	3.2233504191221405	p_scale_only	0.661518614392327	0.6986386890558707	0.7313227431722144
log-power-n1n2.mapjitter.klw.tn0.1	Risky second	28.0	3.31304775329107	p_scale_only	0.6669233869455647	0.7051765785703968	0.7384189734945796
log-power-n1n2.mapjitter.klw.tn0.1	Risky second	28.0	3.40524112751487	p_scale_only	0.671905627935236	0.7112014542836305	0.7449786279768615
log-power-n1n2.mapjitter.klw.tn0.1	Risky second	28.0	3.5000000000000004	p_scale_only	0.6766427081073695	0.7168817549721322	0.7513358346831018
log-power-n1n2.mapjitter.klw.tn0.1	Risky second	28.0	1.2	dp_full	-0.014551240432421429	0.01098893289693879	0.037457534064460285
log-power-n1n2.mapjitter.klw.tn0.1	Risky second	28.0	1.233392832614218	dp_full	-0.01453264463165579	0.010754971864132004	0.03691709290056147
log-power-n1n2.mapjitter.klw.tn0.1	Risky second	28.0	1.267714899620104	dp_full	-0.014496999252349959	0.010586419803056489	0.03641044391555563
log-power-n1n2.mapjitter.klw.tn0.1	Risky second	28.0	1.3029920591580744	dp_full	-0.014654933606782484	0.010328036640517419	0.03569384444304485
log-power-n1n2.mapjitter.klw.tn0.1	Risky second	28.0	1.339250888932342	dp_full	-0.014633214813537502	0.00991041366060047	0.03502930700895789
log-power-n1n2.mapjitter.klw.tn0.1	Risky second	28.0	1.3765187062344757	dp_full	-0.014758629751592126	0.009501116260149016	0.03427962739863741
log-power-n1n2.mapjitter.klw.tn0.1	Risky second	28.0	1.4148235885241658	dp_full	-0.014855644274335838	0.009079577394476498	0.033764518734570266
log-power-n1n2.mapjitter.klw.tn0.1	Risky second	28.0	1.454194394582695	dp_full	-0.014844572597228647	0.008737435883541788	0.03299340109561458
log-power-n1n2.mapjitter.klw.tn0.1	Risky second	28.0	1.4946607862550567	dp_full	-0.01486247736669719	0.008331650336270247	0.03219419808836091
log-power-n1n2.mapjitter.klw.tn0.1	Risky second	28.0	1.5362532507970992	dp_full	-0.014807717822625233	0.007888392376622377	0.031091913270656926
log-power-n1n2.mapjitter.klw.tn0.1	Risky second	28.0	1.579003123844529	dp_full	-0.015162955785188632	0.007483173646164037	0.030448985725377783
log-power-n1n2.mapjitter.klw.tn0.1	Risky second	28.0	1.6229426130210856	dp_full	-0.015455118970849084	0.007203339223983356	0.02986882193712451
log-power-n1n2.mapjitter.klw.tn0.1	Risky second	28.0	1.6681048222036647	dp_full	-0.015827210977830485	0.006920412714063619	0.02948089214362953
log-power-n1n2.mapjitter.klw.tn0.1	Risky second	28.0	1.714523776462679	dp_full	-0.015994836868513686	0.006687797711617453	0.029250677765068636
log-power-n1n2.mapjitter.klw.tn0.1	Risky second	28.0	1.7622344476964418	dp_full	-0.016400193745520274	0.006381660835325497	0.029595062800671406
log-power-n1n2.mapjitter.klw.tn0.1	Risky second	28.0	1.8112727809788889	dp_full	-0.016929163922402495	0.0063620683374721095	0.029898054741500635
log-power-n1n2.mapjitter.klw.tn0.1	Risky second	28.0	1.861675721640487	dp_full	-0.017460891333896885	0.006388536419126871	0.03052287435717609
log-power-n1n2.mapjitter.klw.tn0.1	Risky second	28.0	1.9134812431027324	dp_full	-0.018031770418832808	0.006511344281088896	0.03175359722878026
log-power-n1n2.mapjitter.klw.tn0.1	Risky second	28.0	1.9667283754872122	dp_full	-0.0189807522548243	0.006989612851904799	0.032888116910938785
log-power-n1n2.mapjitter.klw.tn0.1	Risky second	28.0	2.021457235020777	dp_full	-0.01957629792946522	0.007494589788818191	0.034409593787778185
log-power-n1n2.mapjitter.klw.tn0.1	Risky second	28.0	2.0777090542589844	dp_full	-0.02000143502027451	0.00811985380837276	0.03611137334045877
log-power-n1n2.mapjitter.klw.tn0.1	Risky second	28.0	2.1355262131505808	dp_full	-0.020128880357330525	0.008997143721787317	0.03832238782556714
log-power-n1n2.mapjitter.klw.tn0.1	Risky second	28.0	2.1949522709664246	dp_full	-0.02021253757442764	0.00998254285093345	0.04027797047966806
log-power-n1n2.mapjitter.klw.tn0.1	Risky second	28.0	2.256031999116908	dp_full	-0.020128499281269505	0.011124004606501276	0.04291210686351472
log-power-n1n2.mapjitter.klw.tn0.1	Risky second	28.0	2.3188114148826	dp_full	-0.01997965456643548	0.01254536111067572	0.045672940475172626
log-power-n1n2.mapjitter.klw.tn0.1	Risky second	28.0	2.3833378160835275	dp_full	-0.019554740386557603	0.014032232077108443	0.048382264130553805
log-power-n1n2.mapjitter.klw.tn0.1	Risky second	28.0	2.4496598167132055	dp_full	-0.01907373077250143	0.015681372287372486	0.05120683217698201
log-power-n1n2.mapjitter.klw.tn0.1	Risky second	28.0	2.5178273835642724	dp_full	-0.018483254315561085	0.01745380574208653	0.05414703450794098
log-power-n1n2.mapjitter.klw.tn0.1	Risky second	28.0	2.58789187387332	dp_full	-0.01773682032698171	0.019384709076527777	0.05746542720790826
log-power-n1n2.mapjitter.klw.tn0.1	Risky second	28.0	2.659906074013276	dp_full	-0.01684550898580273	0.021517522313661597	0.06075829978240834
log-power-n1n2.mapjitter.klw.tn0.1	Risky second	28.0	2.7339242392624983	dp_full	-0.015633212678751538	0.023684291478741196	0.06410629185208563
log-power-n1n2.mapjitter.klw.tn0.1	Risky second	28.0	2.8100021346805373	dp_full	-0.014166356546020277	0.02600634346490824	0.06742917214924447
log-power-n1n2.mapjitter.klw.tn0.1	Risky second	28.0	2.8881970771213568	dp_full	-0.012595737731194958	0.028220996674532164	0.07100028642836288
log-power-n1n2.mapjitter.klw.tn0.1	Risky second	28.0	2.9685679784156793	dp_full	-0.011258036036687537	0.030674618355725537	0.0745035242189583
log-power-n1n2.mapjitter.klw.tn0.1	Risky second	28.0	3.051175389754982	dp_full	-0.009327153377954932	0.03309041027938281	0.07817164196835158
log-power-n1n2.mapjitter.klw.tn0.1	Risky second	28.0	3.1360815473105736	dp_full	-0.007774829854221153	0.035652763779283655	0.08183816254870908
log-power-n1n2.mapjitter.klw.tn0.1	Risky second	28.0	3.2233504191221405	dp_full	-0.0061377375435288945	0.038226475934739705	0.08519335783453653
log-power-n1n2.mapjitter.klw.tn0.1	Risky second	28.0	3.31304775329107	dp_full	-0.004355749390251899	0.040677897613604054	0.08882303263445808
log-power-n1n2.mapjitter.klw.tn0.1	Risky second	28.0	3.40524112751487	dp_full	-0.0024419554532449767	0.04327772577642171	0.09243667394111994
log-power-n1n2.mapjitter.klw.tn0.1	Risky second	28.0	3.5000000000000004	dp_full	-0.0008792945588028616	0.04594289005969947	0.09608773179813891
log-power-n1n2.mapjitter.klw.tn0.1	Risky second	28.0	1.2	dp_bias	-0.007278287277581764	0.013877372916423148	0.03611345665190968
log-power-n1n2.mapjitter.klw.tn0.1	Risky second	28.0	1.233392832614218	dp_bias	-0.007470324995983403	0.013720539205702504	0.036010658978008654
log-power-n1n2.mapjitter.klw.tn0.1	Risky second	28.0	1.267714899620104	dp_bias	-0.007665617877887417	0.013496436656972671	0.03598271478748497
log-power-n1n2.mapjitter.klw.tn0.1	Risky second	28.0	1.3029920591580744	dp_bias	-0.00820035496550964	0.013221377832029802	0.0356852190877498
log-power-n1n2.mapjitter.klw.tn0.1	Risky second	28.0	1.339250888932342	dp_bias	-0.008820470232767061	0.012812610987838868	0.035206657821559496
log-power-n1n2.mapjitter.klw.tn0.1	Risky second	28.0	1.3765187062344757	dp_bias	-0.009103894028801443	0.012401147035740526	0.03467731191878353
log-power-n1n2.mapjitter.klw.tn0.1	Risky second	28.0	1.4148235885241658	dp_bias	-0.00983698548085167	0.011880797027875086	0.03424002855045964
log-power-n1n2.mapjitter.klw.tn0.1	Risky second	28.0	1.454194394582695	dp_bias	-0.010619899317196152	0.011406091633705012	0.03398873392474364
log-power-n1n2.mapjitter.klw.tn0.1	Risky second	28.0	1.4946607862550567	dp_bias	-0.01140538684067083	0.010855325967701142	0.03337351365356544
log-power-n1n2.mapjitter.klw.tn0.1	Risky second	28.0	1.5362532507970992	dp_bias	-0.011966985407360643	0.010304518714844592	0.032776637566301364
log-power-n1n2.mapjitter.klw.tn0.1	Risky second	28.0	1.579003123844529	dp_bias	-0.012886097289759922	0.009813695399900369	0.03238413412894706
log-power-n1n2.mapjitter.klw.tn0.1	Risky second	28.0	1.6229426130210856	dp_bias	-0.01339607985174979	0.009365121336351437	0.03185928564701402
log-power-n1n2.mapjitter.klw.tn0.1	Risky second	28.0	1.6681048222036647	dp_bias	-0.014090364682518999	0.008895479240628924	0.03173420919643652
log-power-n1n2.mapjitter.klw.tn0.1	Risky second	28.0	1.714523776462679	dp_bias	-0.014856930084613015	0.008505114448662452	0.03154961944218467
log-power-n1n2.mapjitter.klw.tn0.1	Risky second	28.0	1.7622344476964418	dp_bias	-0.015340320875423323	0.008220818132114484	0.03138009983580933
log-power-n1n2.mapjitter.klw.tn0.1	Risky second	28.0	1.8112727809788889	dp_bias	-0.016108414853279757	0.00797187676156956	0.03144989419777139
log-power-n1n2.mapjitter.klw.tn0.1	Risky second	28.0	1.861675721640487	dp_bias	-0.016699408772125196	0.007760370250572679	0.03170743981316986
log-power-n1n2.mapjitter.klw.tn0.1	Risky second	28.0	1.9134812431027324	dp_bias	-0.017242977761108495	0.007676584229973488	0.03207045514894652
log-power-n1n2.mapjitter.klw.tn0.1	Risky second	28.0	1.9667283754872122	dp_bias	-0.01772417288615805	0.007875411132205596	0.032661930042805605
log-power-n1n2.mapjitter.klw.tn0.1	Risky second	28.0	2.021457235020777	dp_bias	-0.01812401387658117	0.008197673979615648	0.03343669339288076
log-power-n1n2.mapjitter.klw.tn0.1	Risky second	28.0	2.0777090542589844	dp_bias	-0.017990298325626045	0.008462962784928914	0.03439505624261419
log-power-n1n2.mapjitter.klw.tn0.1	Risky second	28.0	2.1355262131505808	dp_bias	-0.01795079373910223	0.008880087797428871	0.03537024726474146
log-power-n1n2.mapjitter.klw.tn0.1	Risky second	28.0	2.1949522709664246	dp_bias	-0.01803279077610998	0.009424925535	0.036371951026735454
log-power-n1n2.mapjitter.klw.tn0.1	Risky second	28.0	2.256031999116908	dp_bias	-0.01782226304895322	0.010154961933490962	0.03765514946630818
log-power-n1n2.mapjitter.klw.tn0.1	Risky second	28.0	2.3188114148826	dp_bias	-0.017578694902303713	0.010858013455058099	0.03896443727734732
log-power-n1n2.mapjitter.klw.tn0.1	Risky second	28.0	2.3833378160835275	dp_bias	-0.01717776714326329	0.011798679930589612	0.04067326055868945
log-power-n1n2.mapjitter.klw.tn0.1	Risky second	28.0	2.4496598167132055	dp_bias	-0.016834654621222658	0.01286818805216327	0.04266151953192451
log-power-n1n2.mapjitter.klw.tn0.1	Risky second	28.0	2.5178273835642724	dp_bias	-0.01620305998210037	0.014062857930232492	0.04433082851356672
log-power-n1n2.mapjitter.klw.tn0.1	Risky second	28.0	2.58789187387332	dp_bias	-0.01571745254588747	0.015460887312074192	0.04638815579515337
log-power-n1n2.mapjitter.klw.tn0.1	Risky second	28.0	2.659906074013276	dp_bias	-0.014744376034474814	0.016779793818204262	0.04834264041362259
log-power-n1n2.mapjitter.klw.tn0.1	Risky second	28.0	2.7339242392624983	dp_bias	-0.014025395565916494	0.018212484332513088	0.05041554393947028
log-power-n1n2.mapjitter.klw.tn0.1	Risky second	28.0	2.8100021346805373	dp_bias	-0.013135032313978869	0.019743320493240325	0.05292959229681634
log-power-n1n2.mapjitter.klw.tn0.1	Risky second	28.0	2.8881970771213568	dp_bias	-0.01224407075644516	0.021432667251354273	0.05508886721113224
log-power-n1n2.mapjitter.klw.tn0.1	Risky second	28.0	2.9685679784156793	dp_bias	-0.01117944241416745	0.023151959736862036	0.05764066009664859
log-power-n1n2.mapjitter.klw.tn0.1	Risky second	28.0	3.051175389754982	dp_bias	-0.010094618997440992	0.025004160824049944	0.060106089949256584
log-power-n1n2.mapjitter.klw.tn0.1	Risky second	28.0	3.1360815473105736	dp_bias	-0.008960556194999482	0.026864228244787125	0.06265701110901585
log-power-n1n2.mapjitter.klw.tn0.1	Risky second	28.0	3.2233504191221405	dp_bias	-0.007745537260116117	0.028779797476273686	0.06536665379114025
log-power-n1n2.mapjitter.klw.tn0.1	Risky second	28.0	3.31304775329107	dp_bias	-0.0064361075695356295	0.030697621335775804	0.06842115749178383
log-power-n1n2.mapjitter.klw.tn0.1	Risky second	28.0	3.40524112751487	dp_bias	-0.0047487395130538625	0.03258762777763022	0.07133738557663483
log-power-n1n2.mapjitter.klw.tn0.1	Risky second	28.0	3.5000000000000004	dp_bias	-0.003458427291060292	0.0346227100456669	0.074070796335547
log-power-n1n2.mapjitter.klw.tn0.1	Risky second	28.0	1.2	dp_scale	-0.004947101805445711	0.0053270259889957785	0.016561046376489075
log-power-n1n2.mapjitter.klw.tn0.1	Risky second	28.0	1.233392832614218	dp_scale	-0.0048181447833068785	0.0054013911372480395	0.016449416124014737
log-power-n1n2.mapjitter.klw.tn0.1	Risky second	28.0	1.267714899620104	dp_scale	-0.004482682751251067	0.005439191216919958	0.016248560798090367
log-power-n1n2.mapjitter.klw.tn0.1	Risky second	28.0	1.3029920591580744	dp_scale	-0.004277371757048688	0.005352942901887334	0.015939471523448347
log-power-n1n2.mapjitter.klw.tn0.1	Risky second	28.0	1.339250888932342	dp_scale	-0.004230548718163812	0.005172351663970351	0.015432384801295709
log-power-n1n2.mapjitter.klw.tn0.1	Risky second	28.0	1.3765187062344757	dp_scale	-0.0041837937704269764	0.0048838502227384	0.014832261409661917
log-power-n1n2.mapjitter.klw.tn0.1	Risky second	28.0	1.4148235885241658	dp_scale	-0.004129407456691875	0.00452892999170384	0.014028197742616948
log-power-n1n2.mapjitter.klw.tn0.1	Risky second	28.0	1.454194394582695	dp_scale	-0.004169110505312011	0.004104619070844157	0.0131869005624032
log-power-n1n2.mapjitter.klw.tn0.1	Risky second	28.0	1.4946607862550567	dp_scale	-0.004388178947728784	0.0036061833979585903	0.012386110777887987
log-power-n1n2.mapjitter.klw.tn0.1	Risky second	28.0	1.5362532507970992	dp_scale	-0.004722605065728046	0.003009058200968074	0.011483605735687819
log-power-n1n2.mapjitter.klw.tn0.1	Risky second	28.0	1.579003123844529	dp_scale	-0.005154806571062585	0.0023249643070714764	0.010455611143925922
log-power-n1n2.mapjitter.klw.tn0.1	Risky second	28.0	1.6229426130210856	dp_scale	-0.005776129404130258	0.001625047702699283	0.00944311166273476
log-power-n1n2.mapjitter.klw.tn0.1	Risky second	28.0	1.6681048222036647	dp_scale	-0.006554771514135022	0.0008486367444469349	0.008638964471399276
log-power-n1n2.mapjitter.klw.tn0.1	Risky second	28.0	1.714523776462679	dp_scale	-0.007473235635877998	8.538454901064831e-05	0.007684106869845646
log-power-n1n2.mapjitter.klw.tn0.1	Risky second	28.0	1.7622344476964418	dp_scale	-0.008521274693577392	-0.0007622102162831605	0.006887024863350427
log-power-n1n2.mapjitter.klw.tn0.1	Risky second	28.0	1.8112727809788889	dp_scale	-0.009659403955060666	-0.001573689131496376	0.006282243941112029
log-power-n1n2.mapjitter.klw.tn0.1	Risky second	28.0	1.861675721640487	dp_scale	-0.01081755137654359	-0.0023473642765274444	0.005771878723635108
log-power-n1n2.mapjitter.klw.tn0.1	Risky second	28.0	1.9134812431027324	dp_scale	-0.012066474012227256	-0.003099315181514804	0.005209849302185041
log-power-n1n2.mapjitter.klw.tn0.1	Risky second	28.0	1.9667283754872122	dp_scale	-0.013263314421296612	-0.003792825360721855	0.004916108030474448
log-power-n1n2.mapjitter.klw.tn0.1	Risky second	28.0	2.021457235020777	dp_scale	-0.014411281659471194	-0.004445892245201054	0.004625616456608614
log-power-n1n2.mapjitter.klw.tn0.1	Risky second	28.0	2.0777090542589844	dp_scale	-0.015539789118949838	-0.005049454446086371	0.00446410886160411
log-power-n1n2.mapjitter.klw.tn0.1	Risky second	28.0	2.1355262131505808	dp_scale	-0.016513177995534686	-0.00559538406374333	0.004376797625083002
log-power-n1n2.mapjitter.klw.tn0.1	Risky second	28.0	2.1949522709664246	dp_scale	-0.01736352533564546	-0.006044670357598248	0.004290310228895769
log-power-n1n2.mapjitter.klw.tn0.1	Risky second	28.0	2.256031999116908	dp_scale	-0.018123221513215163	-0.006453144055725016	0.004182287177668447
log-power-n1n2.mapjitter.klw.tn0.1	Risky second	28.0	2.3188114148826	dp_scale	-0.018726789460419748	-0.006788127105314819	0.0041877948264155375
log-power-n1n2.mapjitter.klw.tn0.1	Risky second	28.0	2.3833378160835275	dp_scale	-0.019405658431474727	-0.007074181198609081	0.004306375430075266
log-power-n1n2.mapjitter.klw.tn0.1	Risky second	28.0	2.4496598167132055	dp_scale	-0.01985849617151775	-0.00727057552409679	0.004356271879344094
log-power-n1n2.mapjitter.klw.tn0.1	Risky second	28.0	2.5178273835642724	dp_scale	-0.020347593916436257	-0.0074180637302544115	0.004405608836188667
log-power-n1n2.mapjitter.klw.tn0.1	Risky second	28.0	2.58789187387332	dp_scale	-0.020615740561681462	-0.007498720148858249	0.00446345868284041
log-power-n1n2.mapjitter.klw.tn0.1	Risky second	28.0	2.659906074013276	dp_scale	-0.020708328941701114	-0.007546314756896032	0.004672467935595166
log-power-n1n2.mapjitter.klw.tn0.1	Risky second	28.0	2.7339242392624983	dp_scale	-0.020788340312505642	-0.007555885422190453	0.004888436637175199
log-power-n1n2.mapjitter.klw.tn0.1	Risky second	28.0	2.8100021346805373	dp_scale	-0.020771855006707567	-0.007507478743406385	0.005049763671913105
log-power-n1n2.mapjitter.klw.tn0.1	Risky second	28.0	2.8881970771213568	dp_scale	-0.020664032888077194	-0.007432913582726505	0.005230092224551045
log-power-n1n2.mapjitter.klw.tn0.1	Risky second	28.0	2.9685679784156793	dp_scale	-0.02063086156111152	-0.007328819019174948	0.005421300871671748
log-power-n1n2.mapjitter.klw.tn0.1	Risky second	28.0	3.051175389754982	dp_scale	-0.020349507044678295	-0.007230493974306322	0.005560067795184159
log-power-n1n2.mapjitter.klw.tn0.1	Risky second	28.0	3.1360815473105736	dp_scale	-0.02017984249823348	-0.007118573648259182	0.005786096471803253
log-power-n1n2.mapjitter.klw.tn0.1	Risky second	28.0	3.2233504191221405	dp_scale	-0.02007478742515092	-0.00695312691731967	0.006018916414580894
log-power-n1n2.mapjitter.klw.tn0.1	Risky second	28.0	3.31304775329107	dp_scale	-0.019986511156227526	-0.006813903574775668	0.006243593854231806
log-power-n1n2.mapjitter.klw.tn0.1	Risky second	28.0	3.40524112751487	dp_scale	-0.019841224276589062	-0.006633342952938645	0.0064681069039363
log-power-n1n2.mapjitter.klw.tn0.1	Risky second	28.0	3.5000000000000004	dp_scale	-0.01956694202051211	-0.006508629342112372	0.006663579018385644
log-power-n1n2.mapjitter.klw.tn0.1	Risky second	28.0	1.2	dp_interaction	-0.01448024482797706	-0.008103990552853416	-0.0036632481077095787
log-power-n1n2.mapjitter.klw.tn0.1	Risky second	28.0	1.233392832614218	dp_interaction	-0.01461207341271589	-0.008201244537691934	-0.003751058286517023
log-power-n1n2.mapjitter.klw.tn0.1	Risky second	28.0	1.267714899620104	dp_interaction	-0.014571892538927132	-0.008184398002412822	-0.0037812917287435976
log-power-n1n2.mapjitter.klw.tn0.1	Risky second	28.0	1.3029920591580744	dp_interaction	-0.014373606061588658	-0.00809102109132693	-0.003662115215597565
log-power-n1n2.mapjitter.klw.tn0.1	Risky second	28.0	1.339250888932342	dp_interaction	-0.014073203215009553	-0.007873245943447228	-0.0034989058407084287
log-power-n1n2.mapjitter.klw.tn0.1	Risky second	28.0	1.3765187062344757	dp_interaction	-0.013731005177402627	-0.007541045238613127	-0.0032819713642438823
log-power-n1n2.mapjitter.klw.tn0.1	Risky second	28.0	1.4148235885241658	dp_interaction	-0.013235312754827026	-0.0071108018245630775	-0.0029150857711594956
log-power-n1n2.mapjitter.klw.tn0.1	Risky second	28.0	1.454194394582695	dp_interaction	-0.012658853534577475	-0.006618391014489338	-0.002430649538405833
log-power-n1n2.mapjitter.klw.tn0.1	Risky second	28.0	1.4946607862550567	dp_interaction	-0.011950361795615061	-0.00600071011009421	-0.0018241399407792314
log-power-n1n2.mapjitter.klw.tn0.1	Risky second	28.0	1.5362532507970992	dp_interaction	-0.011131789835738431	-0.0053237577453278655	-0.0010669470951371629
log-power-n1n2.mapjitter.klw.tn0.1	Risky second	28.0	1.579003123844529	dp_interaction	-0.010210128039881411	-0.004570159321201414	-0.0002363075403697612
log-power-n1n2.mapjitter.klw.tn0.1	Risky second	28.0	1.6229426130210856	dp_interaction	-0.0092286429869669	-0.003739542977829718	0.0006691873866281006
log-power-n1n2.mapjitter.klw.tn0.1	Risky second	28.0	1.6681048222036647	dp_interaction	-0.008193533299170124	-0.0028652893129355655	0.0016683400819098788
log-power-n1n2.mapjitter.klw.tn0.1	Risky second	28.0	1.714523776462679	dp_interaction	-0.0071215100455850845	-0.001956277421171092	0.002814565857683067
log-power-n1n2.mapjitter.klw.tn0.1	Risky second	28.0	1.7622344476964418	dp_interaction	-0.006075029313452362	-0.0010024569998013473	0.003954627723235932
log-power-n1n2.mapjitter.klw.tn0.1	Risky second	28.0	1.8112727809788889	dp_interaction	-0.0050882880763796715	-4.608755428441034e-05	0.005204379820894868
log-power-n1n2.mapjitter.klw.tn0.1	Risky second	28.0	1.861675721640487	dp_interaction	-0.004032679436134898	0.0009594273891209465	0.006426191639009672
log-power-n1n2.mapjitter.klw.tn0.1	Risky second	28.0	1.9134812431027324	dp_interaction	-0.0030221622395851994	0.0019554581040476344	0.007678224829642319
log-power-n1n2.mapjitter.klw.tn0.1	Risky second	28.0	1.9667283754872122	dp_interaction	-0.0020832426850367837	0.002955015929165782	0.008973160965657976
log-power-n1n2.mapjitter.klw.tn0.1	Risky second	28.0	2.021457235020777	dp_interaction	-0.0010965936751321107	0.00393645932902334	0.010153113806515833
log-power-n1n2.mapjitter.klw.tn0.1	Risky second	28.0	2.0777090542589844	dp_interaction	-0.00018143693585417114	0.004890485849902183	0.011261267658107347
log-power-n1n2.mapjitter.klw.tn0.1	Risky second	28.0	2.1355262131505808	dp_interaction	0.0006818344623313364	0.005785784808409768	0.012426647462102949
log-power-n1n2.mapjitter.klw.tn0.1	Risky second	28.0	2.1949522709664246	dp_interaction	0.001556584667851133	0.006700129241755689	0.013572035272336741
log-power-n1n2.mapjitter.klw.tn0.1	Risky second	28.0	2.256031999116908	dp_interaction	0.002305355917066724	0.007591958675939405	0.014646288654086785
log-power-n1n2.mapjitter.klw.tn0.1	Risky second	28.0	2.3188114148826	dp_interaction	0.003064241698041579	0.00843866624408652	0.015583942014776083
log-power-n1n2.mapjitter.klw.tn0.1	Risky second	28.0	2.3833378160835275	dp_interaction	0.003726281701932725	0.009261613124645577	0.01673574505454516
log-power-n1n2.mapjitter.klw.tn0.1	Risky second	28.0	2.4496598167132055	dp_interaction	0.004292552446276188	0.010025114426609402	0.01765778677830655
log-power-n1n2.mapjitter.klw.tn0.1	Risky second	28.0	2.5178273835642724	dp_interaction	0.004924985099653781	0.010792481405694564	0.018717407793741744
log-power-n1n2.mapjitter.klw.tn0.1	Risky second	28.0	2.58789187387332	dp_interaction	0.0054344019067671286	0.011493481244560335	0.019646297991205583
log-power-n1n2.mapjitter.klw.tn0.1	Risky second	28.0	2.659906074013276	dp_interaction	0.005954644017887159	0.012197008134143296	0.020546628043395312
log-power-n1n2.mapjitter.klw.tn0.1	Risky second	28.0	2.7339242392624983	dp_interaction	0.006348921408239137	0.012851639045865096	0.021579311678304614
log-power-n1n2.mapjitter.klw.tn0.1	Risky second	28.0	2.8100021346805373	dp_interaction	0.006671140550200264	0.013480541993448867	0.022477350272349417
log-power-n1n2.mapjitter.klw.tn0.1	Risky second	28.0	2.8881970771213568	dp_interaction	0.007067953879701442	0.014095989230133854	0.023400357235074627
log-power-n1n2.mapjitter.klw.tn0.1	Risky second	28.0	2.9685679784156793	dp_interaction	0.007393491298066133	0.014658748101948157	0.024385311975743746
log-power-n1n2.mapjitter.klw.tn0.1	Risky second	28.0	3.051175389754982	dp_interaction	0.007691400380142695	0.01519708792736027	0.025254680741193403
log-power-n1n2.mapjitter.klw.tn0.1	Risky second	28.0	3.1360815473105736	dp_interaction	0.007946968257427061	0.01574099012712874	0.026074666037550036
log-power-n1n2.mapjitter.klw.tn0.1	Risky second	28.0	3.2233504191221405	dp_interaction	0.008191589216977019	0.016251549191524002	0.026992523572111543
log-power-n1n2.mapjitter.klw.tn0.1	Risky second	28.0	3.31304775329107	dp_interaction	0.008381734862729907	0.016724850180051445	0.027793392937208946
log-power-n1n2.mapjitter.klw.tn0.1	Risky second	28.0	3.40524112751487	dp_interaction	0.008579490241639948	0.017222233878268538	0.028718717525432747
log-power-n1n2.mapjitter.klw.tn0.1	Risky second	28.0	3.5000000000000004	dp_interaction	0.008771313628607436	0.01765528784989877	0.029619488265446938
log-power-n1n2.mapjitter.klw.tn0.1	Risky second	28.0	1.2	num_shift	-0.019709769946609217	0.0070554177056092	0.03438828857200553
log-power-n1n2.mapjitter.klw.tn0.1	Risky second	28.0	1.233392832614218	num_shift	-0.019254656978657168	0.0076444338071727565	0.03500316061832966
log-power-n1n2.mapjitter.klw.tn0.1	Risky second	28.0	1.267714899620104	num_shift	-0.01900629633540147	0.008366892408425364	0.035834512548238
log-power-n1n2.mapjitter.klw.tn0.1	Risky second	28.0	1.3029920591580744	num_shift	-0.018211079019529543	0.009094925603104615	0.03684151857533598
log-power-n1n2.mapjitter.klw.tn0.1	Risky second	28.0	1.339250888932342	num_shift	-0.017689502308931848	0.00995608690120165	0.03782273785393723
log-power-n1n2.mapjitter.klw.tn0.1	Risky second	28.0	1.3765187062344757	num_shift	-0.01695840967312893	0.010984077247994377	0.03880606131700513
log-power-n1n2.mapjitter.klw.tn0.1	Risky second	28.0	1.4148235885241658	num_shift	-0.016158970306317397	0.011938460012447244	0.03985338029259126
log-power-n1n2.mapjitter.klw.tn0.1	Risky second	28.0	1.454194394582695	num_shift	-0.015475594385094367	0.01305168639905286	0.04101684977077031
log-power-n1n2.mapjitter.klw.tn0.1	Risky second	28.0	1.4946607862550567	num_shift	-0.014547193650625503	0.014251855327803738	0.04228428075707194
log-power-n1n2.mapjitter.klw.tn0.1	Risky second	28.0	1.5362532507970992	num_shift	-0.013714891134953455	0.015550019186307643	0.043532310266005306
log-power-n1n2.mapjitter.klw.tn0.1	Risky second	28.0	1.579003123844529	num_shift	-0.012764542869234492	0.016893507204795953	0.04509707846735401
log-power-n1n2.mapjitter.klw.tn0.1	Risky second	28.0	1.6229426130210856	num_shift	-0.011704912777658479	0.01835372446406989	0.047023833778864106
log-power-n1n2.mapjitter.klw.tn0.1	Risky second	28.0	1.6681048222036647	num_shift	-0.010518690125538977	0.019874129668697876	0.04911279307941502
log-power-n1n2.mapjitter.klw.tn0.1	Risky second	28.0	1.714523776462679	num_shift	-0.009343382168004972	0.021455351176534722	0.05098169120727295
log-power-n1n2.mapjitter.klw.tn0.1	Risky second	28.0	1.7622344476964418	num_shift	-0.008413202338344812	0.02325339108722508	0.05303523767250794
log-power-n1n2.mapjitter.klw.tn0.1	Risky second	28.0	1.8112727809788889	num_shift	-0.007055003930274594	0.02491660806776278	0.0557545770504306
log-power-n1n2.mapjitter.klw.tn0.1	Risky second	28.0	1.861675721640487	num_shift	-0.005966411067831151	0.026842918811882357	0.058247310004108634
log-power-n1n2.mapjitter.klw.tn0.1	Risky second	28.0	1.9134812431027324	num_shift	-0.004707559008556188	0.02890149000625556	0.06144631994170588
log-power-n1n2.mapjitter.klw.tn0.1	Risky second	28.0	1.9667283754872122	num_shift	-0.003300678021662333	0.03099972013476097	0.0642376253083133
log-power-n1n2.mapjitter.klw.tn0.1	Risky second	28.0	2.021457235020777	num_shift	-0.0019561383279041856	0.03316016309521258	0.06781420348196399
log-power-n1n2.mapjitter.klw.tn0.1	Risky second	28.0	2.0777090542589844	num_shift	-0.00037504996663320877	0.03544016199747914	0.07095468308058807
log-power-n1n2.mapjitter.klw.tn0.1	Risky second	28.0	2.1355262131505808	num_shift	0.0011028153465241757	0.03771040476237607	0.07441080298802427
log-power-n1n2.mapjitter.klw.tn0.1	Risky second	28.0	2.1949522709664246	num_shift	0.002496213823501361	0.04012889516580938	0.07803838772566306
log-power-n1n2.mapjitter.klw.tn0.1	Risky second	28.0	2.256031999116908	num_shift	0.00386951586695292	0.04261487184847649	0.0820715775373632
log-power-n1n2.mapjitter.klw.tn0.1	Risky second	28.0	2.3188114148826	num_shift	0.004910865796624777	0.045086913983437976	0.08630575315588133
log-power-n1n2.mapjitter.klw.tn0.1	Risky second	28.0	2.3833378160835275	num_shift	0.005950228533192551	0.04776272251460196	0.09034068022829313
log-power-n1n2.mapjitter.klw.tn0.1	Risky second	28.0	2.4496598167132055	num_shift	0.007151126934010775	0.05045979320771459	0.09478593825798622
log-power-n1n2.mapjitter.klw.tn0.1	Risky second	28.0	2.5178273835642724	num_shift	0.008470706071611975	0.05338811179301499	0.09919540029491561
log-power-n1n2.mapjitter.klw.tn0.1	Risky second	28.0	2.58789187387332	num_shift	0.009483467317111997	0.05638550611632215	0.1038806788391332
log-power-n1n2.mapjitter.klw.tn0.1	Risky second	28.0	2.659906074013276	num_shift	0.010987607287700221	0.0595118980854594	0.10886229613258164
log-power-n1n2.mapjitter.klw.tn0.1	Risky second	28.0	2.7339242392624983	num_shift	0.012392715101742936	0.06290458946011532	0.11432647918765453
log-power-n1n2.mapjitter.klw.tn0.1	Risky second	28.0	2.8100021346805373	num_shift	0.013331770206850386	0.0662088554747577	0.11952729965477048
log-power-n1n2.mapjitter.klw.tn0.1	Risky second	28.0	2.8881970771213568	num_shift	0.014669420160600504	0.06954699052278346	0.1252576513656094
log-power-n1n2.mapjitter.klw.tn0.1	Risky second	28.0	2.9685679784156793	num_shift	0.0160617572296509	0.07297861858848223	0.13086824504408567
log-power-n1n2.mapjitter.klw.tn0.1	Risky second	28.0	3.051175389754982	num_shift	0.017140641916737594	0.07646792777660866	0.13653084495612441
log-power-n1n2.mapjitter.klw.tn0.1	Risky second	28.0	3.1360815473105736	num_shift	0.01825257117374625	0.08007450820902043	0.1427882803739906
log-power-n1n2.mapjitter.klw.tn0.1	Risky second	28.0	3.2233504191221405	num_shift	0.019793673611319014	0.08366446088228818	0.14931792514958103
log-power-n1n2.mapjitter.klw.tn0.1	Risky second	28.0	3.31304775329107	num_shift	0.0208890327883464	0.08737337154537334	0.15603726750873848
log-power-n1n2.mapjitter.klw.tn0.1	Risky second	28.0	3.40524112751487	num_shift	0.021697049383303003	0.09128810849844135	0.16277387993181977
log-power-n1n2.mapjitter.klw.tn0.1	Risky second	28.0	3.5000000000000004	num_shift	0.022568817753019825	0.09513455788833688	0.16925229623500196
log-power-n1n2.mapjitter.klw.tn0.1	Risky second	28.0	1.2	den_ratio	0.9748326177785049	1.033978724730244	1.100914611213903
log-power-n1n2.mapjitter.klw.tn0.1	Risky second	28.0	1.233392832614218	den_ratio	0.9736176566361858	1.0325790693508174	1.0999176793082077
log-power-n1n2.mapjitter.klw.tn0.1	Risky second	28.0	1.267714899620104	den_ratio	0.9718922802411935	1.0313311272785883	1.0987580780369206
log-power-n1n2.mapjitter.klw.tn0.1	Risky second	28.0	1.3029920591580744	den_ratio	0.9702990683170534	1.0301709073458118	1.0969077403813046
log-power-n1n2.mapjitter.klw.tn0.1	Risky second	28.0	1.339250888932342	den_ratio	0.968478613280196	1.028877901239253	1.0963160528758888
log-power-n1n2.mapjitter.klw.tn0.1	Risky second	28.0	1.3765187062344757	den_ratio	0.9670844261931875	1.0274983010117102	1.0946474212944457
log-power-n1n2.mapjitter.klw.tn0.1	Risky second	28.0	1.4148235885241658	den_ratio	0.9657234123834111	1.0261205482634257	1.0932698390319608
log-power-n1n2.mapjitter.klw.tn0.1	Risky second	28.0	1.454194394582695	den_ratio	0.9641274457939634	1.0246838861461305	1.0921483097655729
log-power-n1n2.mapjitter.klw.tn0.1	Risky second	28.0	1.4946607862550567	den_ratio	0.9624518009520239	1.0230537029322744	1.0907528880401995
log-power-n1n2.mapjitter.klw.tn0.1	Risky second	28.0	1.5362532507970992	den_ratio	0.9610906049039908	1.0215601099908236	1.0895711401238342
log-power-n1n2.mapjitter.klw.tn0.1	Risky second	28.0	1.579003123844529	den_ratio	0.9593509089975906	1.0200455457186839	1.0884509110666645
log-power-n1n2.mapjitter.klw.tn0.1	Risky second	28.0	1.6229426130210856	den_ratio	0.957296883844395	1.0184120486462653	1.0870126786134369
log-power-n1n2.mapjitter.klw.tn0.1	Risky second	28.0	1.6681048222036647	den_ratio	0.9557347831965591	1.0167670400183864	1.0859457381931772
log-power-n1n2.mapjitter.klw.tn0.1	Risky second	28.0	1.714523776462679	den_ratio	0.9537211647967928	1.0151919414491508	1.0848249928444966
log-power-n1n2.mapjitter.klw.tn0.1	Risky second	28.0	1.7622344476964418	den_ratio	0.9514116360814197	1.0137159855708742	1.0838426536159473
log-power-n1n2.mapjitter.klw.tn0.1	Risky second	28.0	1.8112727809788889	den_ratio	0.949171459507322	1.0120686241174024	1.0825619880158317
log-power-n1n2.mapjitter.klw.tn0.1	Risky second	28.0	1.861675721640487	den_ratio	0.9470096561299213	1.010419553059892	1.0816089406485063
log-power-n1n2.mapjitter.klw.tn0.1	Risky second	28.0	1.9134812431027324	den_ratio	0.9445340036438554	1.0087787805538984	1.080238267623535
log-power-n1n2.mapjitter.klw.tn0.1	Risky second	28.0	1.9667283754872122	den_ratio	0.9423353818356769	1.0070992942811765	1.0790893981243563
log-power-n1n2.mapjitter.klw.tn0.1	Risky second	28.0	2.021457235020777	den_ratio	0.9400865306914098	1.0054123036943174	1.0778350892087531
log-power-n1n2.mapjitter.klw.tn0.1	Risky second	28.0	2.0777090542589844	den_ratio	0.9379050569344026	1.0038810786335508	1.076671168886711
log-power-n1n2.mapjitter.klw.tn0.1	Risky second	28.0	2.1355262131505808	den_ratio	0.9353666864136702	1.0021767904228458	1.0752877414507709
log-power-n1n2.mapjitter.klw.tn0.1	Risky second	28.0	2.1949522709664246	den_ratio	0.9331473902376937	1.000432828774375	1.0741269130817341
log-power-n1n2.mapjitter.klw.tn0.1	Risky second	28.0	2.256031999116908	den_ratio	0.930637747912629	0.9986699879827996	1.0729542720418945
log-power-n1n2.mapjitter.klw.tn0.1	Risky second	28.0	2.3188114148826	den_ratio	0.9284745750781768	0.9968685568395161	1.0716895532770674
log-power-n1n2.mapjitter.klw.tn0.1	Risky second	28.0	2.3833378160835275	den_ratio	0.9262343671391056	0.9950931765533816	1.0703258190840816
log-power-n1n2.mapjitter.klw.tn0.1	Risky second	28.0	2.4496598167132055	den_ratio	0.9234229551493542	0.9935551882395546	1.0689797821208085
log-power-n1n2.mapjitter.klw.tn0.1	Risky second	28.0	2.5178273835642724	den_ratio	0.9209104021275207	0.991598079311499	1.0677241635200112
log-power-n1n2.mapjitter.klw.tn0.1	Risky second	28.0	2.58789187387332	den_ratio	0.9187108854741455	0.9898613560131461	1.0664502897957362
log-power-n1n2.mapjitter.klw.tn0.1	Risky second	28.0	2.659906074013276	den_ratio	0.9158933004344003	0.9881454995000867	1.065490738783305
log-power-n1n2.mapjitter.klw.tn0.1	Risky second	28.0	2.7339242392624983	den_ratio	0.9131500962453972	0.9863033146235805	1.0643611978082204
log-power-n1n2.mapjitter.klw.tn0.1	Risky second	28.0	2.8100021346805373	den_ratio	0.9105804847529896	0.984317538477862	1.0639283110460354
log-power-n1n2.mapjitter.klw.tn0.1	Risky second	28.0	2.8881970771213568	den_ratio	0.9080480411324674	0.982496722134317	1.063619867954685
log-power-n1n2.mapjitter.klw.tn0.1	Risky second	28.0	2.9685679784156793	den_ratio	0.9053133807308399	0.9807501741664667	1.0630057668579098
log-power-n1n2.mapjitter.klw.tn0.1	Risky second	28.0	3.051175389754982	den_ratio	0.9026176051094823	0.9788039004495864	1.0615919595937229
log-power-n1n2.mapjitter.klw.tn0.1	Risky second	28.0	3.1360815473105736	den_ratio	0.9001151541766683	0.9769083888674787	1.0606387719587915
log-power-n1n2.mapjitter.klw.tn0.1	Risky second	28.0	3.2233504191221405	den_ratio	0.8971680066724543	0.9750618774145987	1.0600205253867305
log-power-n1n2.mapjitter.klw.tn0.1	Risky second	28.0	3.31304775329107	den_ratio	0.894267530206946	0.9731793877321588	1.059634068763085
log-power-n1n2.mapjitter.klw.tn0.1	Risky second	28.0	3.40524112751487	den_ratio	0.8912606829878295	0.9714286148124315	1.0594964361063426
log-power-n1n2.mapjitter.klw.tn0.1	Risky second	28.0	3.5000000000000004	den_ratio	0.888167974751404	0.9695307914348736	1.0585529558933267
