label	order	n_safe	ratio	quantity	lo	mid	hi
log-power-percx.pathfinder.klw	Risky first	7.0	1.2	p_vertex	0.1363170301498429	0.17936701651441336	0.2267484931408273
log-power-percx.pathfinder.klw	Risky first	7.0	1.233392832614218	p_vertex	0.15278260511378125	0.19652756428731752	0.24355534056200176
log-power-percx.pathfinder.klw	Risky first	7.0	1.267714899620104	p_vertex	0.17054328047563258	0.21506858085387165	0.26146302247549413
log-power-percx.pathfinder.klw	Risky first	7.0	1.3029920591580744	p_vertex	0.19035323526987488	0.23499098354906195	0.2815102663932682
log-power-percx.pathfinder.klw	Risky first	7.0	1.339250888932342	p_vertex	0.21168989309974282	0.25636448217192054	0.3023744100611764
log-power-percx.pathfinder.klw	Risky first	7.0	1.3765187062344757	p_vertex	0.23400109558639975	0.27907781903732487	0.3244555387364174
log-power-percx.pathfinder.klw	Risky first	7.0	1.4148235885241658	p_vertex	0.25855320764842216	0.303075668644304	0.3482454370696589
log-power-percx.pathfinder.klw	Risky first	7.0	1.454194394582695	p_vertex	0.28430109009033333	0.32827399849573274	0.3724415439598385
log-power-percx.pathfinder.klw	Risky first	7.0	1.4946607862550567	p_vertex	0.311496064674666	0.35456972846990653	0.3976746364384847
log-power-percx.pathfinder.klw	Risky first	7.0	1.5362532507970992	p_vertex	0.3399551596592909	0.3817598605619865	0.4241052658425221
log-power-percx.pathfinder.klw	Risky first	7.0	1.579003123844529	p_vertex	0.3694796170401742	0.4095745036295805	0.45045748365127564
log-power-percx.pathfinder.klw	Risky first	7.0	1.6229426130210856	p_vertex	0.39879327222919797	0.437839368436312	0.4769598913806465
log-power-percx.pathfinder.klw	Risky first	7.0	1.6681048222036647	p_vertex	0.4283315540509828	0.46657357008496714	0.5044511841928939
log-power-percx.pathfinder.klw	Risky first	7.0	1.714523776462679	p_vertex	0.45753028069552065	0.4952105822011047	0.532699834997251
log-power-percx.pathfinder.klw	Risky first	7.0	1.7622344476964418	p_vertex	0.4870086362642959	0.5237077023242408	0.5604593111298705
log-power-percx.pathfinder.klw	Risky first	7.0	1.8112727809788889	p_vertex	0.5155201000171024	0.5517690653818499	0.5874614330508369
log-power-percx.pathfinder.klw	Risky first	7.0	1.861675721640487	p_vertex	0.5432212435577803	0.5791679900320221	0.6147932242579477
log-power-percx.pathfinder.klw	Risky first	7.0	1.9134812431027324	p_vertex	0.56969424452941	0.6057106929296714	0.641529550287031
log-power-percx.pathfinder.klw	Risky first	7.0	1.9667283754872122	p_vertex	0.5951964254410115	0.6313830628838053	0.6671619998654325
log-power-percx.pathfinder.klw	Risky first	7.0	2.021457235020777	p_vertex	0.6191350911476706	0.6557140356704546	0.6911769218548792
log-power-percx.pathfinder.klw	Risky first	7.0	2.0777090542589844	p_vertex	0.6422916785222812	0.6789256639294274	0.7144117881703849
log-power-percx.pathfinder.klw	Risky first	7.0	2.1355262131505808	p_vertex	0.6642017080189679	0.7010107937670401	0.7363465203153725
log-power-percx.pathfinder.klw	Risky first	7.0	2.1949522709664246	p_vertex	0.6853093652866059	0.7215935461823401	0.7570541831759501
log-power-percx.pathfinder.klw	Risky first	7.0	2.256031999116908	p_vertex	0.7044571409102485	0.7407657716958997	0.7759459965746897
log-power-percx.pathfinder.klw	Risky first	7.0	2.3188114148826	p_vertex	0.7227979075585781	0.7586737870875861	0.7938969061806682
log-power-percx.pathfinder.klw	Risky first	7.0	2.3833378160835275	p_vertex	0.7401289363102499	0.7753611146647398	0.8102796554199355
log-power-percx.pathfinder.klw	Risky first	7.0	2.4496598167132055	p_vertex	0.7561121267090746	0.7910047802403524	0.8254462884710023
log-power-percx.pathfinder.klw	Risky first	7.0	2.5178273835642724	p_vertex	0.7709657713984237	0.8054853473918471	0.8393154699572919
log-power-percx.pathfinder.klw	Risky first	7.0	2.58789187387332	p_vertex	0.7848457836495084	0.8187925426792457	0.8520224554139857
log-power-percx.pathfinder.klw	Risky first	7.0	2.659906074013276	p_vertex	0.7978220839834095	0.8311458716680051	0.8635822958934196
log-power-percx.pathfinder.klw	Risky first	7.0	2.7339242392624983	p_vertex	0.8096216294619152	0.8425605198444206	0.8742714439125687
log-power-percx.pathfinder.klw	Risky first	7.0	2.8100021346805373	p_vertex	0.8205627392040684	0.853055901444828	0.8841744874102905
log-power-percx.pathfinder.klw	Risky first	7.0	2.8881970771213568	p_vertex	0.830868939855989	0.8627442410463815	0.8929564903113832
log-power-percx.pathfinder.klw	Risky first	7.0	2.9685679784156793	p_vertex	0.8405219852999039	0.8716644730300867	0.9010743742571152
log-power-percx.pathfinder.klw	Risky first	7.0	3.051175389754982	p_vertex	0.84955217453916	0.8798699993037921	0.9083048614503534
log-power-percx.pathfinder.klw	Risky first	7.0	3.1360815473105736	p_vertex	0.8577507082412078	0.8874543139357617	0.9151527687944411
log-power-percx.pathfinder.klw	Risky first	7.0	3.2233504191221405	p_vertex	0.8652540377865413	0.8945237688750123	0.921187402401247
log-power-percx.pathfinder.klw	Risky first	7.0	3.31304775329107	p_vertex	0.8723304070877755	0.9009560586137473	0.9267507363814546
log-power-percx.pathfinder.klw	Risky first	7.0	3.40524112751487	p_vertex	0.8789525841105006	0.906911754965716	0.9319431151715319
log-power-percx.pathfinder.klw	Risky first	7.0	3.5000000000000004	p_vertex	0.8851749726163075	0.9124545730890892	0.936517051895605
log-power-percx.pathfinder.klw	Risky first	7.0	1.2	p_full	0.19221910308915446	0.2425584378381635	0.29656891764481846
log-power-percx.pathfinder.klw	Risky first	7.0	1.233392832614218	p_full	0.20968843480623117	0.2590813007561574	0.31233798697396414
log-power-percx.pathfinder.klw	Risky first	7.0	1.267714899620104	p_full	0.2278120804793299	0.2766481983183212	0.32915020651174937
log-power-percx.pathfinder.klw	Risky first	7.0	1.3029920591580744	p_full	0.24693983227001343	0.29509351568667036	0.34664138156148344
log-power-percx.pathfinder.klw	Risky first	7.0	1.339250888932342	p_full	0.26694182301335173	0.3143107283319282	0.36474555059961
log-power-percx.pathfinder.klw	Risky first	7.0	1.3765187062344757	p_full	0.28791602950688083	0.33453113047764893	0.38336838770367165
log-power-percx.pathfinder.klw	Risky first	7.0	1.4148235885241658	p_full	0.3098868263234454	0.35548576813331817	0.4026008512554161
log-power-percx.pathfinder.klw	Risky first	7.0	1.454194394582695	p_full	0.33230120379273187	0.3769328284599156	0.4229044748894184
log-power-percx.pathfinder.klw	Risky first	7.0	1.4946607862550567	p_full	0.35585219639047194	0.39882533802363584	0.44334707447561017
log-power-percx.pathfinder.klw	Risky first	7.0	1.5362532507970992	p_full	0.37949370669954835	0.4209703817630114	0.46398277478419475
log-power-percx.pathfinder.klw	Risky first	7.0	1.579003123844529	p_full	0.40342265059066157	0.44359567048117177	0.4846738288506439
log-power-percx.pathfinder.klw	Risky first	7.0	1.6229426130210856	p_full	0.42748539756263587	0.46644541980235227	0.5060122877532623
log-power-percx.pathfinder.klw	Risky first	7.0	1.6681048222036647	p_full	0.451553918511497	0.4893788989037915	0.5273487205151509
log-power-percx.pathfinder.klw	Risky first	7.0	1.714523776462679	p_full	0.4753950559187875	0.5123071276699994	0.5492127473181376
log-power-percx.pathfinder.klw	Risky first	7.0	1.7622344476964418	p_full	0.4989480122312643	0.5348828622397286	0.5708108345953095
log-power-percx.pathfinder.klw	Risky first	7.0	1.8112727809788889	p_full	0.5222929943869107	0.557290821764405	0.5925414268075592
log-power-percx.pathfinder.klw	Risky first	7.0	1.861675721640487	p_full	0.5453687297734643	0.5793331196760678	0.6144169936897486
log-power-percx.pathfinder.klw	Risky first	7.0	1.9134812431027324	p_full	0.5671121472344899	0.6007755652959577	0.6354282052083482
log-power-percx.pathfinder.klw	Risky first	7.0	1.9667283754872122	p_full	0.5882444570022549	0.6219209642074061	0.6556349550888645
log-power-percx.pathfinder.klw	Risky first	7.0	2.021457235020777	p_full	0.6085608275756474	0.6422887013860523	0.6757684536032957
log-power-percx.pathfinder.klw	Risky first	7.0	2.0777090542589844	p_full	0.6279917333978992	0.6619514580147237	0.6952768767402717
log-power-percx.pathfinder.klw	Risky first	7.0	2.1355262131505808	p_full	0.6469790522850841	0.6808005974735127	0.7142625405327597
log-power-percx.pathfinder.klw	Risky first	7.0	2.1949522709664246	p_full	0.6652689071736299	0.6988794598823524	0.732894998878077
log-power-percx.pathfinder.klw	Risky first	7.0	2.256031999116908	p_full	0.6826670692730128	0.7162115083938863	0.7502254274737967
log-power-percx.pathfinder.klw	Risky first	7.0	2.3188114148826	p_full	0.6990539080155201	0.7327059223280722	0.7661537030337449
log-power-percx.pathfinder.klw	Risky first	7.0	2.3833378160835275	p_full	0.7146165158158074	0.7484610382478514	0.7816708294246122
log-power-percx.pathfinder.klw	Risky first	7.0	2.4496598167132055	p_full	0.7295616291142126	0.7633600195542155	0.7964877346993053
log-power-percx.pathfinder.klw	Risky first	7.0	2.5178273835642724	p_full	0.7436972853824177	0.7774842478808093	0.8101391997614379
log-power-percx.pathfinder.klw	Risky first	7.0	2.58789187387332	p_full	0.7569963732455467	0.790819089583348	0.8231598343153023
log-power-percx.pathfinder.klw	Risky first	7.0	2.659906074013276	p_full	0.7697983240989577	0.8033939011028118	0.8353141317609463
log-power-percx.pathfinder.klw	Risky first	7.0	2.7339242392624983	p_full	0.7818822022508927	0.8151951720281182	0.846601461218513
log-power-percx.pathfinder.klw	Risky first	7.0	2.8100021346805373	p_full	0.7934534505503821	0.8262977215247636	0.8571121010112909
log-power-percx.pathfinder.klw	Risky first	7.0	2.8881970771213568	p_full	0.8041889741066417	0.8367431198080804	0.8667392078883953
log-power-percx.pathfinder.klw	Risky first	7.0	2.9685679784156793	p_full	0.8142834492029242	0.8466027769181383	0.8759378471962955
log-power-percx.pathfinder.klw	Risky first	7.0	3.051175389754982	p_full	0.8238404464126567	0.8557267178388408	0.8843444089282874
log-power-percx.pathfinder.klw	Risky first	7.0	3.1360815473105736	p_full	0.832995959348388	0.8642824189608119	0.8923278533893141
log-power-percx.pathfinder.klw	Risky first	7.0	3.2233504191221405	p_full	0.8414410291713951	0.8722030371807402	0.8997492370825706
log-power-percx.pathfinder.klw	Risky first	7.0	3.31304775329107	p_full	0.8497298910593051	0.8796728623414947	0.9065388294490856
log-power-percx.pathfinder.klw	Risky first	7.0	3.40524112751487	p_full	0.8574678099478636	0.8866350710239371	0.9127731479207556
log-power-percx.pathfinder.klw	Risky first	7.0	3.5000000000000004	p_full	0.8647023570741278	0.8931864380716656	0.9185464722207735
log-power-percx.pathfinder.klw	Risky first	7.0	1.2	p_bias_only	0.1814313997763638	0.23160282663995432	0.28749303949502997
log-power-percx.pathfinder.klw	Risky first	7.0	1.233392832614218	p_bias_only	0.19838392495587787	0.24862023620257984	0.3037009415249699
log-power-percx.pathfinder.klw	Risky first	7.0	1.267714899620104	p_bias_only	0.21668792845733578	0.2667489580118073	0.3211493301393444
log-power-percx.pathfinder.klw	Risky first	7.0	1.3029920591580744	p_bias_only	0.23659952466665488	0.2858359457894062	0.3399206253368286
log-power-percx.pathfinder.klw	Risky first	7.0	1.339250888932342	p_bias_only	0.2574736752903613	0.3058981229942248	0.35889657471154657
log-power-percx.pathfinder.klw	Risky first	7.0	1.3765187062344757	p_bias_only	0.27925929458644005	0.3268471544710907	0.3789632500326538
log-power-percx.pathfinder.klw	Risky first	7.0	1.4148235885241658	p_bias_only	0.3021732816569264	0.3486131102397452	0.3997930005755649
log-power-percx.pathfinder.klw	Risky first	7.0	1.454194394582695	p_bias_only	0.32553876904505386	0.3710751240046553	0.42071201657928076
log-power-percx.pathfinder.klw	Risky first	7.0	1.4946607862550567	p_bias_only	0.34972990677699417	0.39420061997369377	0.4422559695902513
log-power-percx.pathfinder.klw	Risky first	7.0	1.5362532507970992	p_bias_only	0.374188919265059	0.4179281441182334	0.46466066440337156
log-power-percx.pathfinder.klw	Risky first	7.0	1.579003123844529	p_bias_only	0.3991446271178709	0.44193870344244324	0.4869710192528208
log-power-percx.pathfinder.klw	Risky first	7.0	1.6229426130210856	p_bias_only	0.4241472600173403	0.46603501063191677	0.5098417059309522
log-power-percx.pathfinder.klw	Risky first	7.0	1.6681048222036647	p_bias_only	0.4493763102409878	0.49005233850605834	0.5323306295719671
log-power-percx.pathfinder.klw	Risky first	7.0	1.714523776462679	p_bias_only	0.474813094560392	0.5144490455153495	0.555348120039463
log-power-percx.pathfinder.klw	Risky first	7.0	1.7622344476964418	p_bias_only	0.4997333043118816	0.538374638551796	0.5783790001479352
log-power-percx.pathfinder.klw	Risky first	7.0	1.8112727809788889	p_bias_only	0.5240944651717127	0.5618535164609574	0.6011367272084991
log-power-percx.pathfinder.klw	Risky first	7.0	1.861675721640487	p_bias_only	0.5480822451841051	0.5850414794118428	0.6229613839365683
log-power-percx.pathfinder.klw	Risky first	7.0	1.9134812431027324	p_bias_only	0.5708276562250308	0.6075736108955272	0.6450131565433294
log-power-percx.pathfinder.klw	Risky first	7.0	1.9667283754872122	p_bias_only	0.593339785738984	0.6292523175638919	0.6669652470482491
log-power-percx.pathfinder.klw	Risky first	7.0	2.021457235020777	p_bias_only	0.6143464940210142	0.6503264156921118	0.6873389074964777
log-power-percx.pathfinder.klw	Risky first	7.0	2.0777090542589844	p_bias_only	0.6347699975943522	0.6705856490548268	0.7070950053044774
log-power-percx.pathfinder.klw	Risky first	7.0	2.1355262131505808	p_bias_only	0.6539982084633219	0.6899323250779239	0.7259745730023717
log-power-percx.pathfinder.klw	Risky first	7.0	2.1949522709664246	p_bias_only	0.6727460243022614	0.7083867850470896	0.7443379540196409
log-power-percx.pathfinder.klw	Risky first	7.0	2.256031999116908	p_bias_only	0.6905240328083856	0.7259729460563311	0.7618827643772443
log-power-percx.pathfinder.klw	Risky first	7.0	2.3188114148826	p_bias_only	0.706422556298555	0.7425954755966587	0.7781134850899805
log-power-percx.pathfinder.klw	Risky first	7.0	2.3833378160835275	p_bias_only	0.7226662565862494	0.7583129930654456	0.7937907277131996
log-power-percx.pathfinder.klw	Risky first	7.0	2.4496598167132055	p_bias_only	0.7378990558067787	0.7732663341921295	0.8081821795994273
log-power-percx.pathfinder.klw	Risky first	7.0	2.5178273835642724	p_bias_only	0.7523750884839974	0.7875399627625694	0.8217987195652479
log-power-percx.pathfinder.klw	Risky first	7.0	2.58789187387332	p_bias_only	0.765799777164116	0.8009060100857472	0.8346660552148587
log-power-percx.pathfinder.klw	Risky first	7.0	2.659906074013276	p_bias_only	0.7786640272819644	0.8134157083548155	0.8465540968161475
log-power-percx.pathfinder.klw	Risky first	7.0	2.7339242392624983	p_bias_only	0.7908325942421899	0.8251863442236387	0.8574904198546238
log-power-percx.pathfinder.klw	Risky first	7.0	2.8100021346805373	p_bias_only	0.8024614193484476	0.8362597669963009	0.8678374099041595
log-power-percx.pathfinder.klw	Risky first	7.0	2.8881970771213568	p_bias_only	0.8133658354398786	0.846636108833037	0.8773748872978218
log-power-percx.pathfinder.klw	Risky first	7.0	2.9685679784156793	p_bias_only	0.8235246939286958	0.8564137599343657	0.8862031919937933
log-power-percx.pathfinder.klw	Risky first	7.0	3.051175389754982	p_bias_only	0.8330615444565502	0.8654736687092586	0.8942776748705611
log-power-percx.pathfinder.klw	Risky first	7.0	3.1360815473105736	p_bias_only	0.8418857667330193	0.8738769217112903	0.9018371669819684
log-power-percx.pathfinder.klw	Risky first	7.0	3.2233504191221405	p_bias_only	0.8506589341486267	0.8816565777580258	0.9087898484733511
log-power-percx.pathfinder.klw	Risky first	7.0	3.31304775329107	p_bias_only	0.8586245533828362	0.8889461666447753	0.9152049525779924
log-power-percx.pathfinder.klw	Risky first	7.0	3.40524112751487	p_bias_only	0.866240852812264	0.895767834123048	0.9210026618146866
log-power-percx.pathfinder.klw	Risky first	7.0	3.5000000000000004	p_bias_only	0.8734605897326746	0.9021158825309483	0.9263295618493567
log-power-percx.pathfinder.klw	Risky first	7.0	1.2	p_scale_only	0.1595120346370643	0.19960531753613125	0.2439576323628233
log-power-percx.pathfinder.klw	Risky first	7.0	1.233392832614218	p_scale_only	0.17677060222372354	0.21703890009368978	0.26122912240316526
log-power-percx.pathfinder.klw	Risky first	7.0	1.267714899620104	p_scale_only	0.19534782857622093	0.23545438138733285	0.2793494807336879
log-power-percx.pathfinder.klw	Risky first	7.0	1.3029920591580744	p_scale_only	0.21528915306550495	0.25514051414816036	0.2984267847510442
log-power-percx.pathfinder.klw	Risky first	7.0	1.339250888932342	p_scale_only	0.23619214230952354	0.27600195292490026	0.318355725222877
log-power-percx.pathfinder.klw	Risky first	7.0	1.3765187062344757	p_scale_only	0.2582743308695696	0.2977413406796182	0.33964794083813143
log-power-percx.pathfinder.klw	Risky first	7.0	1.4148235885241658	p_scale_only	0.2815454464262406	0.32058827191448136	0.36175571600269274
log-power-percx.pathfinder.klw	Risky first	7.0	1.454194394582695	p_scale_only	0.30543823169853385	0.34420977643177153	0.3848535513611547
log-power-percx.pathfinder.klw	Risky first	7.0	1.4946607862550567	p_scale_only	0.33024403941048175	0.3684782719747792	0.4081637838290471
log-power-percx.pathfinder.klw	Risky first	7.0	1.5362532507970992	p_scale_only	0.3557114926570236	0.3933147714473547	0.43215231920571884
log-power-percx.pathfinder.klw	Risky first	7.0	1.579003123844529	p_scale_only	0.3820000082418259	0.41877917959138566	0.4568285063624951
log-power-percx.pathfinder.klw	Risky first	7.0	1.6229426130210856	p_scale_only	0.4082056624205963	0.44436120918120015	0.4814500516859257
log-power-percx.pathfinder.klw	Risky first	7.0	1.6681048222036647	p_scale_only	0.43440070882942783	0.4701734451699051	0.5062811010554942
log-power-percx.pathfinder.klw	Risky first	7.0	1.714523776462679	p_scale_only	0.4608342697372189	0.49590351078559747	0.5314344933869517
log-power-percx.pathfinder.klw	Risky first	7.0	1.7622344476964418	p_scale_only	0.4869637955015936	0.5215330641933805	0.5566946907075242
log-power-percx.pathfinder.klw	Risky first	7.0	1.8112727809788889	p_scale_only	0.5122554739096247	0.5467804443172662	0.5813670439643028
log-power-percx.pathfinder.klw	Risky first	7.0	1.861675721640487	p_scale_only	0.5375768708246247	0.571440419379337	0.6052353098594294
log-power-percx.pathfinder.klw	Risky first	7.0	1.9134812431027324	p_scale_only	0.5620710801326358	0.5957558760895658	0.6290496735012182
log-power-percx.pathfinder.klw	Risky first	7.0	1.9667283754872122	p_scale_only	0.5855563235254353	0.6194258838723783	0.6522500516708313
log-power-percx.pathfinder.klw	Risky first	7.0	2.021457235020777	p_scale_only	0.6080709568152537	0.6420576316910169	0.6749711326512043
log-power-percx.pathfinder.klw	Risky first	7.0	2.0777090542589844	p_scale_only	0.6297266691652772	0.6639762283873817	0.697016753425934
log-power-percx.pathfinder.klw	Risky first	7.0	2.1355262131505808	p_scale_only	0.6509065382409072	0.6847638654276947	0.7176570724329835
log-power-percx.pathfinder.klw	Risky first	7.0	2.1949522709664246	p_scale_only	0.6707414410111943	0.7044911432933808	0.7374017853842819
log-power-percx.pathfinder.klw	Risky first	7.0	2.256031999116908	p_scale_only	0.6895163237019408	0.7232676281549425	0.755934758699375
log-power-percx.pathfinder.klw	Risky first	7.0	2.3188114148826	p_scale_only	0.7073274681078883	0.7410954607952998	0.7738563257966462
log-power-percx.pathfinder.klw	Risky first	7.0	2.3833378160835275	p_scale_only	0.7243686481548379	0.7577795940067893	0.7906061280326043
log-power-percx.pathfinder.klw	Risky first	7.0	2.4496598167132055	p_scale_only	0.7404434583552869	0.7734609006320388	0.8063628268654871
log-power-percx.pathfinder.klw	Risky first	7.0	2.5178273835642724	p_scale_only	0.755884353145763	0.7881591945942967	0.8208783979251462
log-power-percx.pathfinder.klw	Risky first	7.0	2.58789187387332	p_scale_only	0.770166502457177	0.8020047925313845	0.8342569713173652
log-power-percx.pathfinder.klw	Risky first	7.0	2.659906074013276	p_scale_only	0.7834286272780231	0.814930849568092	0.8465599720587909
log-power-percx.pathfinder.klw	Risky first	7.0	2.7339242392624983	p_scale_only	0.7959777562121222	0.826968529730352	0.8576495673605287
log-power-percx.pathfinder.klw	Risky first	7.0	2.8100021346805373	p_scale_only	0.8077486674651378	0.8382593733675849	0.8682957125596719
log-power-percx.pathfinder.klw	Risky first	7.0	2.8881970771213568	p_scale_only	0.8182876461508686	0.848689620144083	0.878153784771309
log-power-percx.pathfinder.klw	Risky first	7.0	2.9685679784156793	p_scale_only	0.8287791020547555	0.858371278818632	0.8871776196502533
log-power-percx.pathfinder.klw	Risky first	7.0	3.051175389754982	p_scale_only	0.8382349125977689	0.8673766678600975	0.8954402584958435
log-power-percx.pathfinder.klw	Risky first	7.0	3.1360815473105736	p_scale_only	0.8469942566086023	0.87566464546181	0.9027876138550943
log-power-percx.pathfinder.klw	Risky first	7.0	3.2233504191221405	p_scale_only	0.8552271988474573	0.8833186955973837	0.9098063957947767
log-power-percx.pathfinder.klw	Risky first	7.0	3.31304775329107	p_scale_only	0.8626923659674545	0.8904180541158417	0.9165132384842215
log-power-percx.pathfinder.klw	Risky first	7.0	3.40524112751487	p_scale_only	0.8695262675742947	0.897108535452489	0.9225936930342004
log-power-percx.pathfinder.klw	Risky first	7.0	3.5000000000000004	p_scale_only	0.8763609692844485	0.9033218923121443	0.9279389728449768
log-power-percx.pathfinder.klw	Risky first	7.0	1.2	dp_full	0.023427396501904417	0.06276218637047927	0.10346301341262473
log-power-percx.pathfinder.klw	Risky first	7.0	1.233392832614218	dp_full	0.02380382441992795	0.06235441018783705	0.10244681937708754
log-power-percx.pathfinder.klw	Risky first	7.0	1.267714899620104	dp_full	0.02456063643020695	0.06158519913465156	0.10052896534995082
log-power-percx.pathfinder.klw	Risky first	7.0	1.3029920591580744	dp_full	0.02425262969656778	0.060314645165545556	0.09821934206290203
log-power-percx.pathfinder.klw	Risky first	7.0	1.339250888932342	dp_full	0.023531259885356055	0.0582212940549746	0.0946520330952683
log-power-percx.pathfinder.klw	Risky first	7.0	1.3765187062344757	dp_full	0.022883809158485136	0.055480458447130204	0.09042257201089411
log-power-percx.pathfinder.klw	Risky first	7.0	1.4148235885241658	dp_full	0.021818361213028607	0.052223703655429804	0.08549004104381458
log-power-percx.pathfinder.klw	Risky first	7.0	1.454194394582695	dp_full	0.020212273555267626	0.048452487068614124	0.07959296360800472
log-power-percx.pathfinder.klw	Risky first	7.0	1.4946607862550567	dp_full	0.018605882886965335	0.04410670904615682	0.07300446842952331
log-power-percx.pathfinder.klw	Risky first	7.0	1.5362532507970992	dp_full	0.016338374747969515	0.03939443135788258	0.06537246917772316
log-power-percx.pathfinder.klw	Risky first	7.0	1.579003123844529	dp_full	0.013934721121776822	0.03409566732647984	0.05790780464432576
log-power-percx.pathfinder.klw	Risky first	7.0	1.6229426130210856	dp_full	0.010748309315958425	0.028430435915706636	0.04974612619854329
log-power-percx.pathfinder.klw	Risky first	7.0	1.6681048222036647	dp_full	0.007131905346973793	0.022643211474981148	0.0414528736251202
log-power-percx.pathfinder.klw	Risky first	7.0	1.714523776462679	dp_full	0.0028707374687654517	0.016818382312416037	0.03376051105340135
log-power-percx.pathfinder.klw	Risky first	7.0	1.7622344476964418	dp_full	-0.002166900055454469	0.011118597682752333	0.02637928366379635
log-power-percx.pathfinder.klw	Risky first	7.0	1.8112727809788889	dp_full	-0.008091289238105873	0.0054141817973317186	0.01973161099184653
log-power-percx.pathfinder.klw	Risky first	7.0	1.861675721640487	dp_full	-0.014201050593300516	0.00014790074529276838	0.014348464051744815
log-power-percx.pathfinder.klw	Risky first	7.0	1.9134812431027324	dp_full	-0.020299430008933556	-0.004771771635502483	0.009853130676278042
log-power-percx.pathfinder.klw	Risky first	7.0	1.9667283754872122	dp_full	-0.02618624758351919	-0.009393393357708876	0.006519551754617222
log-power-percx.pathfinder.klw	Risky first	7.0	2.021457235020777	dp_full	-0.031481537318256314	-0.013362345464242704	0.003930150137116237
log-power-percx.pathfinder.klw	Risky first	7.0	2.0777090542589844	dp_full	-0.036425639867957424	-0.01691557626878975	0.0019753137343286333
log-power-percx.pathfinder.klw	Risky first	7.0	2.1355262131505808	dp_full	-0.04077648655904849	-0.01991353648145825	0.0004981607853252423
log-power-percx.pathfinder.klw	Risky first	7.0	2.1949522709664246	dp_full	-0.044455226105627736	-0.022384543857187023	-0.0005520402483844954
log-power-percx.pathfinder.klw	Risky first	7.0	2.256031999116908	dp_full	-0.04751480437573869	-0.024346332720696917	-0.0013191397989776414
log-power-percx.pathfinder.klw	Risky first	7.0	2.3188114148826	dp_full	-0.05001144958017438	-0.025874506433592334	-0.0017512852712830193
log-power-percx.pathfinder.klw	Risky first	7.0	2.3833378160835275	dp_full	-0.051828279974383794	-0.02693026597376312	-0.002066792029014163
log-power-percx.pathfinder.klw	Risky first	7.0	2.4496598167132055	dp_full	-0.05298731699784485	-0.02759635999254967	-0.002062856592781371
log-power-percx.pathfinder.klw	Risky first	7.0	2.5178273835642724	dp_full	-0.053508570011903185	-0.027800122134406823	-0.0018971122960650016
log-power-percx.pathfinder.klw	Risky first	7.0	2.58789187387332	dp_full	-0.05389013712350692	-0.027890454791409613	-0.0017528062986769124
log-power-percx.pathfinder.klw	Risky first	7.0	2.659906074013276	dp_full	-0.05367464027842756	-0.02767065227837277	-0.0011348323769810674
log-power-percx.pathfinder.klw	Risky first	7.0	2.7339242392624983	dp_full	-0.05313486219827244	-0.027272866531557458	-0.0007298989828197704
log-power-percx.pathfinder.klw	Risky first	7.0	2.8100021346805373	dp_full	-0.05240025329923669	-0.026758225315155912	-0.0004168129586265065
log-power-percx.pathfinder.klw	Risky first	7.0	2.8881970771213568	dp_full	-0.051461932217272785	-0.02602282697846408	0.00013019402279879045
log-power-percx.pathfinder.klw	Risky first	7.0	2.9685679784156793	dp_full	-0.050152579878588455	-0.025104398855993013	0.0005752920318734664
log-power-percx.pathfinder.klw	Risky first	7.0	3.051175389754982	dp_full	-0.04877663240217435	-0.02418959880163353	0.0010139840191854107
log-power-percx.pathfinder.klw	Risky first	7.0	3.1360815473105736	dp_full	-0.047353119291660806	-0.0232062389600114	0.0016159693038871007
log-power-percx.pathfinder.klw	Risky first	7.0	3.2233504191221405	dp_full	-0.04597597665469249	-0.022297756716238258	0.0021362718586812024
log-power-percx.pathfinder.klw	Risky first	7.0	3.31304775329107	dp_full	-0.04456410893897527	-0.021293144460677677	0.002575916968616062
log-power-percx.pathfinder.klw	Risky first	7.0	3.40524112751487	dp_full	-0.04313573198630929	-0.02029211096857729	0.0029727307881040814
log-power-percx.pathfinder.klw	Risky first	7.0	3.5000000000000004	dp_full	-0.0416830982729684	-0.019330420466801706	0.00342073631081466
log-power-percx.pathfinder.klw	Risky first	7.0	1.2	dp_bias	0.018772347499437837	0.051569924151376	0.09091184112632832
log-power-percx.pathfinder.klw	Risky first	7.0	1.233392832614218	dp_bias	0.019135803995308773	0.05177531043582553	0.09060589195052704
log-power-percx.pathfinder.klw	Risky first	7.0	1.267714899620104	dp_bias	0.01949828025050511	0.05153291217977077	0.08944764276181005
log-power-percx.pathfinder.klw	Risky first	7.0	1.3029920591580744	dp_bias	0.019370633025018548	0.05080798238341927	0.08788308552274376
log-power-percx.pathfinder.klw	Risky first	7.0	1.339250888932342	dp_bias	0.019021241134492443	0.04962412793127077	0.0859817502934132
log-power-percx.pathfinder.klw	Risky first	7.0	1.3765187062344757	dp_bias	0.018570239439700036	0.04783084881947972	0.08291464200761157
log-power-percx.pathfinder.klw	Risky first	7.0	1.4148235885241658	dp_bias	0.017851873870511757	0.04555788403527412	0.07917742338318023
log-power-percx.pathfinder.klw	Risky first	7.0	1.454194394582695	dp_bias	0.016501965188955737	0.04279210030907008	0.07431074166074762
log-power-percx.pathfinder.klw	Risky first	7.0	1.4946607862550567	dp_bias	0.014821565910145246	0.039651382863220876	0.0696409505793528
log-power-percx.pathfinder.klw	Risky first	7.0	1.5362532507970992	dp_bias	0.012779300660162819	0.03597716139607296	0.06437160071756848
log-power-percx.pathfinder.klw	Risky first	7.0	1.579003123844529	dp_bias	0.010468977994343834	0.03203949066292805	0.0588599063189167
log-power-percx.pathfinder.klw	Risky first	7.0	1.6229426130210856	dp_bias	0.007944350050344254	0.02789272342170101	0.05281612192342665
log-power-percx.pathfinder.klw	Risky first	7.0	1.6681048222036647	dp_bias	0.004695069163025883	0.023532285734716267	0.046829751891562334
log-power-percx.pathfinder.klw	Risky first	7.0	1.714523776462679	dp_bias	0.0010807349805984608	0.01904570697762195	0.04073861499187399
log-power-percx.pathfinder.klw	Risky first	7.0	1.7622344476964418	dp_bias	-0.0027429936443039114	0.01450069456435715	0.035189249570006256
log-power-percx.pathfinder.klw	Risky first	7.0	1.8112727809788889	dp_bias	-0.007121915956261465	0.010074800142558446	0.029539769197081085
log-power-percx.pathfinder.klw	Risky first	7.0	1.861675721640487	dp_bias	-0.011138311793724435	0.005906346914590077	0.024098878378532654
log-power-percx.pathfinder.klw	Risky first	7.0	1.9134812431027324	dp_bias	-0.015385712144884557	0.0018729845708605301	0.019546258508416837
log-power-percx.pathfinder.klw	Risky first	7.0	1.9667283754872122	dp_bias	-0.019655456379407552	-0.0017928162315409414	0.015710332799795633
log-power-percx.pathfinder.klw	Risky first	7.0	2.021457235020777	dp_bias	-0.023723600592643633	-0.0050875118911314	0.012362057488105331
log-power-percx.pathfinder.klw	Risky first	7.0	2.0777090542589844	dp_bias	-0.027313508852383563	-0.008053565790191427	0.009689720757896262
log-power-percx.pathfinder.klw	Risky first	7.0	2.1355262131505808	dp_bias	-0.03058398063041555	-0.010501818717356531	0.007364903675093842
log-power-percx.pathfinder.klw	Risky first	7.0	2.1949522709664246	dp_bias	-0.03321050328177502	-0.012583033849722671	0.005572385664930082
log-power-percx.pathfinder.klw	Risky first	7.0	2.256031999116908	dp_bias	-0.03522879296705538	-0.014271999617348074	0.004311283190627552
log-power-percx.pathfinder.klw	Risky first	7.0	2.3188114148826	dp_bias	-0.03702110893868282	-0.015601917648699778	0.0035642541608893277
log-power-percx.pathfinder.klw	Risky first	7.0	2.3833378160835275	dp_bias	-0.03825848791504129	-0.016563546235041533	0.0029783847455959215
log-power-percx.pathfinder.klw	Risky first	7.0	2.4496598167132055	dp_bias	-0.03917536944158857	-0.017238722463606304	0.002539828784538782
log-power-percx.pathfinder.klw	Risky first	7.0	2.5178273835642724	dp_bias	-0.03909135911757366	-0.017529839718982566	0.002261984849847186
log-power-percx.pathfinder.klw	Risky first	7.0	2.58789187387332	dp_bias	-0.03932205800506541	-0.017586481026972994	0.002473657081399571
log-power-percx.pathfinder.klw	Risky first	7.0	2.659906074013276	dp_bias	-0.0388613082277175	-0.017397462488562245	0.002833573626842881
log-power-percx.pathfinder.klw	Risky first	7.0	2.7339242392624983	dp_bias	-0.038344740970153085	-0.01709133199388909	0.0028373678107605645
log-power-percx.pathfinder.klw	Risky first	7.0	2.8100021346805373	dp_bias	-0.03765575157006903	-0.016648335254836034	0.0032808408222781533
log-power-percx.pathfinder.klw	Risky first	7.0	2.8881970771213568	dp_bias	-0.03692627853032161	-0.016012803900671346	0.0036801652087079103
log-power-percx.pathfinder.klw	Risky first	7.0	2.9685679784156793	dp_bias	-0.03605400117803543	-0.015317749572897051	0.004171067572381423
log-power-percx.pathfinder.klw	Risky first	7.0	3.051175389754982	dp_bias	-0.03489089157990848	-0.014565129957778944	0.004640559172985391
log-power-percx.pathfinder.klw	Risky first	7.0	3.1360815473105736	dp_bias	-0.03358241109822223	-0.01376701008555635	0.005112209947106219
log-power-percx.pathfinder.klw	Risky first	7.0	3.2233504191221405	dp_bias	-0.03243374286698505	-0.012939048170893436	0.005622630033346129
log-power-percx.pathfinder.klw	Risky first	7.0	3.31304775329107	dp_bias	-0.03134949440903094	-0.012131543989284468	0.006095439872591566
log-power-percx.pathfinder.klw	Risky first	7.0	3.40524112751487	dp_bias	-0.03018419695845373	-0.011312566392113602	0.006679731793930115
log-power-percx.pathfinder.klw	Risky first	7.0	3.5000000000000004	dp_bias	-0.02920781990969856	-0.01046899716907541	0.007212289927493316
log-power-percx.pathfinder.klw	Risky first	7.0	1.2	dp_scale	0.006953917749717997	0.019970843322054215	0.0347907859880194
log-power-percx.pathfinder.klw	Risky first	7.0	1.233392832614218	dp_scale	0.00711020480201304	0.02033238282980531	0.03536880202932573
log-power-percx.pathfinder.klw	Risky first	7.0	1.267714899620104	dp_scale	0.0073243106689775735	0.020375827653107553	0.035589839630055735
log-power-percx.pathfinder.klw	Risky first	7.0	1.3029920591580744	dp_scale	0.00713737009391353	0.020218788224220123	0.03544127883019433
log-power-percx.pathfinder.klw	Risky first	7.0	1.339250888932342	dp_scale	0.006927900494143346	0.019615867666580467	0.034668699985007934
log-power-percx.pathfinder.klw	Risky first	7.0	1.3765187062344757	dp_scale	0.006403480733299003	0.01869707635435463	0.03321857547858922
log-power-percx.pathfinder.klw	Risky first	7.0	1.4148235885241658	dp_scale	0.005740860861463804	0.01746055156182096	0.031465183891025476
log-power-percx.pathfinder.klw	Risky first	7.0	1.454194394582695	dp_scale	0.004861223057728017	0.01585749099560519	0.029030021159038365
log-power-percx.pathfinder.klw	Risky first	7.0	1.4946607862550567	dp_scale	0.0036599840277035346	0.013877685564773076	0.02630588549356609
log-power-percx.pathfinder.klw	Risky first	7.0	1.5362532507970992	dp_scale	0.0022805286659428113	0.011636507952201653	0.022967527647564313
log-power-percx.pathfinder.klw	Risky first	7.0	1.579003123844529	dp_scale	0.0005006645033580155	0.009108771656519122	0.01935840458643808
log-power-percx.pathfinder.klw	Risky first	7.0	1.6229426130210856	dp_scale	-0.0016580276150810756	0.0064347247633685075	0.015568260486130919
log-power-percx.pathfinder.klw	Risky first	7.0	1.6681048222036647	dp_scale	-0.004039867709273585	0.0035669279363672955	0.011747329085334345
log-power-percx.pathfinder.klw	Risky first	7.0	1.714523776462679	dp_scale	-0.006658421594018391	0.000647644867136854	0.00815688927749161
log-power-percx.pathfinder.klw	Risky first	7.0	1.7622344476964418	dp_scale	-0.009570909115336767	-0.0021798651233786177	0.004940079622717721
log-power-percx.pathfinder.klw	Risky first	7.0	1.8112727809788889	dp_scale	-0.012807436731949631	-0.004912938877676758	0.0021760952059840114
log-power-percx.pathfinder.klw	Risky first	7.0	1.861675721640487	dp_scale	-0.016001183759185307	-0.0075110453695874674	0.00010589346522197238
log-power-percx.pathfinder.klw	Risky first	7.0	1.9134812431027324	dp_scale	-0.01922131897192558	-0.00986461152015754	-0.0015945050884426627
log-power-percx.pathfinder.klw	Risky first	7.0	1.9667283754872122	dp_scale	-0.02196499219467285	-0.011954090879738363	-0.002995011206829851
log-power-percx.pathfinder.klw	Risky first	7.0	2.021457235020777	dp_scale	-0.024398879193251146	-0.013710668050949466	-0.004058977906449536
log-power-percx.pathfinder.klw	Risky first	7.0	2.0777090542589844	dp_scale	-0.02651194371406032	-0.015131422634464108	-0.004799569280586268
log-power-percx.pathfinder.klw	Risky first	7.0	2.1355262131505808	dp_scale	-0.02808490251336662	-0.016165912569314544	-0.005491061582926084
log-power-percx.pathfinder.klw	Risky first	7.0	2.1949522709664246	dp_scale	-0.029311494073462032	-0.016875122883678078	-0.005835280432371085
log-power-percx.pathfinder.klw	Risky first	7.0	2.256031999116908	dp_scale	-0.03017793637130293	-0.017377255819093433	-0.006032531637431368
log-power-percx.pathfinder.klw	Risky first	7.0	2.3188114148826	dp_scale	-0.03036428787022497	-0.01758492513742395	-0.0061750790309352144
log-power-percx.pathfinder.klw	Risky first	7.0	2.3833378160835275	dp_scale	-0.030472557044555246	-0.01752977032500061	-0.006177370211650424
log-power-percx.pathfinder.klw	Risky first	7.0	2.4496598167132055	dp_scale	-0.030164833203209698	-0.01733487868963502	-0.005906584431854122
log-power-percx.pathfinder.klw	Risky first	7.0	2.5178273835642724	dp_scale	-0.029658407324280996	-0.016961883562038614	-0.005618150805932416
log-power-percx.pathfinder.klw	Risky first	7.0	2.58789187387332	dp_scale	-0.028919476830942405	-0.016490728217587562	-0.005341342396819567
log-power-percx.pathfinder.klw	Risky first	7.0	2.659906074013276	dp_scale	-0.028163527986669813	-0.015922921729958243	-0.005050175692797203
log-power-percx.pathfinder.klw	Risky first	7.0	2.7339242392624983	dp_scale	-0.027300199047768915	-0.01526914002798594	-0.004653733512451497
log-power-percx.pathfinder.klw	Risky first	7.0	2.8100021346805373	dp_scale	-0.02623078291976677	-0.014564606530718465	-0.004088793242486592
log-power-percx.pathfinder.klw	Risky first	7.0	2.8881970771213568	dp_scale	-0.02524579785420649	-0.01384629342426083	-0.0036565030633785157
log-power-percx.pathfinder.klw	Risky first	7.0	2.9685679784156793	dp_scale	-0.024377206247949864	-0.013126921880826129	-0.0032311321203491146
log-power-percx.pathfinder.klw	Risky first	7.0	3.051175389754982	dp_scale	-0.023232347671751013	-0.01243915566781393	-0.0027955222104380285
log-power-percx.pathfinder.klw	Risky first	7.0	3.1360815473105736	dp_scale	-0.022053871335898124	-0.011724327043790055	-0.0023722886341537956
log-power-percx.pathfinder.klw	Risky first	7.0	3.2233504191221405	dp_scale	-0.0209115054012501	-0.011009305938804169	-0.002030368824133849
log-power-percx.pathfinder.klw	Risky first	7.0	3.31304775329107	dp_scale	-0.01974006306227296	-0.010312958164572165	-0.0016466628913798648
log-power-percx.pathfinder.klw	Risky first	7.0	3.40524112751487	dp_scale	-0.018823509151204336	-0.009642571428137584	-0.0013207612841682056
log-power-percx.pathfinder.klw	Risky first	7.0	3.5000000000000004	dp_scale	-0.01784741382545253	-0.008986647837068071	-0.001007104265227127
log-power-percx.pathfinder.klw	Risky first	7.0	1.2	dp_interaction	-0.020869140368070978	-0.009181145409255763	-0.0018961227204563754
log-power-percx.pathfinder.klw	Risky first	7.0	1.233392832614218	dp_interaction	-0.02197518721508773	-0.009974422785784347	-0.0025239162995265014
log-power-percx.pathfinder.klw	Risky first	7.0	1.267714899620104	dp_interaction	-0.022699696775826277	-0.01058900433304737	-0.0029596783470754954
log-power-percx.pathfinder.klw	Risky first	7.0	1.3029920591580744	dp_interaction	-0.023161035239716857	-0.011000938770577104	-0.003330463483225364
log-power-percx.pathfinder.klw	Risky first	7.0	1.339250888932342	dp_interaction	-0.023339650325581246	-0.011193856167742176	-0.0035940110670346676
log-power-percx.pathfinder.klw	Risky first	7.0	1.3765187062344757	dp_interaction	-0.022986145937461788	-0.011109347544125757	-0.003763097472876728
log-power-percx.pathfinder.klw	Risky first	7.0	1.4148235885241658	dp_interaction	-0.022279443449198463	-0.010816050974209623	-0.0036197423182244134
log-power-percx.pathfinder.klw	Risky first	7.0	1.454194394582695	dp_interaction	-0.021013341578711594	-0.010287374816953614	-0.0034074546933173583
log-power-percx.pathfinder.klw	Risky first	7.0	1.4946607862550567	dp_interaction	-0.019698542626241048	-0.009507973944029495	-0.003082037384306289
log-power-percx.pathfinder.klw	Risky first	7.0	1.5362532507970992	dp_interaction	-0.01816687667709225	-0.008430574180639585	-0.002558611255668213
log-power-percx.pathfinder.klw	Risky first	7.0	1.579003123844529	dp_interaction	-0.01622659795838509	-0.007242764198879446	-0.0017776132938721898
log-power-percx.pathfinder.klw	Risky first	7.0	1.6229426130210856	dp_interaction	-0.014000674972331564	-0.005874672743477088	-0.000857637296669693
log-power-percx.pathfinder.klw	Risky first	7.0	1.6681048222036647	dp_interaction	-0.011824844819573728	-0.004337216364155079	0.00033449513166094894
log-power-percx.pathfinder.klw	Risky first	7.0	1.714523776462679	dp_interaction	-0.009600681621881222	-0.0027456155904018427	0.0017643109045231832
log-power-percx.pathfinder.klw	Risky first	7.0	1.7622344476964418	dp_interaction	-0.007202114421600655	-0.001175891431522756	0.0033128412447417698
log-power-percx.pathfinder.klw	Risky first	7.0	1.8112727809788889	dp_interaction	-0.005046402428073391	0.000328151411754567	0.0050224575762913715
log-power-percx.pathfinder.klw	Risky first	7.0	1.861675721640487	dp_interaction	-0.0030491488809258637	0.0017850927030586229	0.006759270818585612
log-power-percx.pathfinder.klw	Risky first	7.0	1.9134812431027324	dp_interaction	-0.001406415824926253	0.003143148442622942	0.008546892867996734
log-power-percx.pathfinder.klw	Risky first	7.0	1.9667283754872122	dp_interaction	-6.051056734832212e-05	0.004364423789116515	0.010143230421358002
log-power-percx.pathfinder.klw	Risky first	7.0	2.021457235020777	dp_interaction	0.0009254417370484898	0.005382007030068404	0.011593370774824864
log-power-percx.pathfinder.klw	Risky first	7.0	2.0777090542589844	dp_interaction	0.0015440917060453785	0.006176458963740814	0.012910806823327858
log-power-percx.pathfinder.klw	Risky first	7.0	2.1355262131505808	dp_interaction	0.0020353779323656757	0.006788733722766369	0.013769904594251056
log-power-percx.pathfinder.klw	Risky first	7.0	2.1949522709664246	dp_interaction	0.0023893176930987743	0.007186639713765359	0.014329126724661106
log-power-percx.pathfinder.klw	Risky first	7.0	2.256031999116908	dp_interaction	0.002534938413536653	0.007388312001402672	0.014639808740124428
log-power-percx.pathfinder.klw	Risky first	7.0	2.3188114148826	dp_interaction	0.0025767277670147963	0.007415657869848644	0.014758507014644175
log-power-percx.pathfinder.klw	Risky first	7.0	2.3833378160835275	dp_interaction	0.0024835027071385507	0.007276825003205574	0.014629431143556249
log-power-percx.pathfinder.klw	Risky first	7.0	2.4496598167132055	dp_interaction	0.0023141050779262235	0.007010073887778683	0.014337118613175114
log-power-percx.pathfinder.klw	Risky first	7.0	2.5178273835642724	dp_interaction	0.002077554867617296	0.006614556674628231	0.013868243584707047
log-power-percx.pathfinder.klw	Risky first	7.0	2.58789187387332	dp_interaction	0.00175313850789455	0.00614514521145333	0.013336184150883118
log-power-percx.pathfinder.klw	Risky first	7.0	2.659906074013276	dp_interaction	0.0013594942053854096	0.00561416419453991	0.012591906797777245
log-power-percx.pathfinder.klw	Risky first	7.0	2.7339242392624983	dp_interaction	0.000920133836766318	0.005024688576689439	0.011825073775370199
log-power-percx.pathfinder.klw	Risky first	7.0	2.8100021346805373	dp_interaction	0.00047035596386688945	0.004428037987140745	0.011151321964717464
log-power-percx.pathfinder.klw	Risky first	7.0	2.8881970771213568	dp_interaction	-1.5910645420370708e-05	0.0038027583523291943	0.010319986125462727
log-power-percx.pathfinder.klw	Risky first	7.0	2.9685679784156793	dp_interaction	-0.0005011823646823305	0.0032038473429911907	0.009648930433302982
log-power-percx.pathfinder.klw	Risky first	7.0	3.051175389754982	dp_interaction	-0.0010001488834844301	0.00262048579783063	0.008861433619321827
log-power-percx.pathfinder.klw	Risky first	7.0	3.1360815473105736	dp_interaction	-0.0014440641895694386	0.002049150158883294	0.008034046022225112
log-power-percx.pathfinder.klw	Risky first	7.0	3.2233504191221405	dp_interaction	-0.0019078837879988137	0.001507442024401224	0.007272940527748459
log-power-percx.pathfinder.klw	Risky first	7.0	3.31304775329107	dp_interaction	-0.002342204496511774	0.000995861877245809	0.006563292234660417
log-power-percx.pathfinder.klw	Risky first	7.0	3.40524112751487	dp_interaction	-0.0027425036868684717	0.0005373543564029461	0.005871526704695001
log-power-percx.pathfinder.klw	Risky first	7.0	3.5000000000000004	dp_interaction	-0.003128094190907897	0.00011841023416404182	0.005168179195321884
log-power-percx.pathfinder.klw	Risky first	7.0	1.2	num_shift	0.010846938444938356	0.03550155481301791	0.0654438253005351
log-power-percx.pathfinder.klw	Risky first	7.0	1.233392832614218	num_shift	0.009886479940548204	0.033734607056213256	0.06262132209902091
log-power-percx.pathfinder.klw	Risky first	7.0	1.267714899620104	num_shift	0.008915362798857797	0.03203091098561847	0.059730147065253675
log-power-percx.pathfinder.klw	Risky first	7.0	1.3029920591580744	num_shift	0.008099337421846937	0.030309890891507214	0.056872083117268546
log-power-percx.pathfinder.klw	Risky first	7.0	1.339250888932342	num_shift	0.007079519162466165	0.02863976728786104	0.054387791208206686
log-power-percx.pathfinder.klw	Risky first	7.0	1.3765187062344757	num_shift	0.006101549508088375	0.026934645612548935	0.051904524937223875
log-power-percx.pathfinder.klw	Risky first	7.0	1.4148235885241658	num_shift	0.004977100282047342	0.02530681079364782	0.049578583568769305
log-power-percx.pathfinder.klw	Risky first	7.0	1.454194394582695	num_shift	0.003930620218264128	0.023605035966972852	0.04727966718367183
log-power-percx.pathfinder.klw	Risky first	7.0	1.4946607862550567	num_shift	0.0028933458352081733	0.021986503977297164	0.044773749143085476
log-power-percx.pathfinder.klw	Risky first	7.0	1.5362532507970992	num_shift	0.0019841402127065665	0.020466983824569955	0.04234113849466315
log-power-percx.pathfinder.klw	Risky first	7.0	1.579003123844529	num_shift	0.0007494767797883693	0.018978745099018667	0.04008998787914121
log-power-percx.pathfinder.klw	Risky first	7.0	1.6229426130210856	num_shift	-0.00034308445033149135	0.017467598416470706	0.03791929879088357
log-power-percx.pathfinder.klw	Risky first	7.0	1.6681048222036647	num_shift	-0.0013932804926993377	0.01603847600685465	0.035933127891771645
log-power-percx.pathfinder.klw	Risky first	7.0	1.714523776462679	num_shift	-0.0024175002650760656	0.0145254734735679	0.033866159353089655
log-power-percx.pathfinder.klw	Risky first	7.0	1.7622344476964418	num_shift	-0.0036616612696701903	0.013046203917609682	0.0320643163422924
log-power-percx.pathfinder.klw	Risky first	7.0	1.8112727809788889	num_shift	-0.005001836224370787	0.011579647854915848	0.03053743395400392
log-power-percx.pathfinder.klw	Risky first	7.0	1.861675721640487	num_shift	-0.00647942235063509	0.010206548549479319	0.028936966831558223
log-power-percx.pathfinder.klw	Risky first	7.0	1.9134812431027324	num_shift	-0.007816024882758444	0.00888653721778146	0.02748459989470337
log-power-percx.pathfinder.klw	Risky first	7.0	1.9667283754872122	num_shift	-0.009207570296070436	0.00762719233629445	0.026274532034328963
log-power-percx.pathfinder.klw	Risky first	7.0	2.021457235020777	num_shift	-0.01076348662442287	0.006316276300526123	0.025036958921984355
log-power-percx.pathfinder.klw	Risky first	7.0	2.0777090542589844	num_shift	-0.012209002805532509	0.005077684001599492	0.02351993624688836
log-power-percx.pathfinder.klw	Risky first	7.0	2.1355262131505808	num_shift	-0.013635920634282681	0.0038100313178562138	0.022526626414306573
log-power-percx.pathfinder.klw	Risky first	7.0	2.1949522709664246	num_shift	-0.01500450953096907	0.0026277406316061935	0.021502500070164583
log-power-percx.pathfinder.klw	Risky first	7.0	2.256031999116908	num_shift	-0.016192913860380583	0.0015468916739267203	0.020344207484856068
log-power-percx.pathfinder.klw	Risky first	7.0	2.3188114148826	num_shift	-0.017605860987920028	0.00042943990081490015	0.019363571245891477
log-power-percx.pathfinder.klw	Risky first	7.0	2.3833378160835275	num_shift	-0.019086517649914685	-0.0006769015346518026	0.0184202333489722
log-power-percx.pathfinder.klw	Risky first	7.0	2.4496598167132055	num_shift	-0.020424357714251065	-0.0016889137633571503	0.017677583198660765
log-power-percx.pathfinder.klw	Risky first	7.0	2.5178273835642724	num_shift	-0.021845035777771655	-0.002602034440348018	0.01698163457411006
log-power-percx.pathfinder.klw	Risky first	7.0	2.58789187387332	num_shift	-0.02300708244109218	-0.003575887102503261	0.01637427069879761
log-power-percx.pathfinder.klw	Risky first	7.0	2.659906074013276	num_shift	-0.024435213315969304	-0.004425508854730859	0.015554517698090953
log-power-percx.pathfinder.klw	Risky first	7.0	2.7339242392624983	num_shift	-0.02556967379158123	-0.005255711648504326	0.015060007554912077
log-power-percx.pathfinder.klw	Risky first	7.0	2.8100021346805373	num_shift	-0.026675552085158084	-0.005953391547533023	0.014630349874412507
log-power-percx.pathfinder.klw	Risky first	7.0	2.8881970771213568	num_shift	-0.027949804228166033	-0.0067440464089746875	0.014140172652153806
log-power-percx.pathfinder.klw	Risky first	7.0	2.9685679784156793	num_shift	-0.02912909075624117	-0.00737883329941841	0.013980361720358022
log-power-percx.pathfinder.klw	Risky first	7.0	3.051175389754982	num_shift	-0.030197647031901483	-0.007991630082395333	0.013795107404959872
log-power-percx.pathfinder.klw	Risky first	7.0	3.1360815473105736	num_shift	-0.031026313552296535	-0.008637356699720128	0.013546751540335881
log-power-percx.pathfinder.klw	Risky first	7.0	3.2233504191221405	num_shift	-0.03199650452351948	-0.009149093834936119	0.013291618561571645
log-power-percx.pathfinder.klw	Risky first	7.0	3.31304775329107	num_shift	-0.03291425856911731	-0.009616053648003858	0.013276269940781606
log-power-percx.pathfinder.klw	Risky first	7.0	3.40524112751487	num_shift	-0.03361238945014031	-0.010042004856307192	0.013249290248868872
log-power-percx.pathfinder.klw	Risky first	7.0	3.5000000000000004	num_shift	-0.0342103926153129	-0.010391050336911211	0.013315102172227658
log-power-percx.pathfinder.klw	Risky first	7.0	1.2	den_ratio	1.0668135853605183	1.1545504511394213	1.2587963788713241
log-power-percx.pathfinder.klw	Risky first	7.0	1.233392832614218	den_ratio	1.0660247499933522	1.1531903155510976	1.2563971666281435
log-power-percx.pathfinder.klw	Risky first	7.0	1.267714899620104	den_ratio	1.0654038827647556	1.1519416913980312	1.2539874666425819
log-power-percx.pathfinder.klw	Risky first	7.0	1.3029920591580744	den_ratio	1.0647661439582161	1.1507483197304462	1.2517352909214823
log-power-percx.pathfinder.klw	Risky first	7.0	1.339250888932342	den_ratio	1.0642097467883567	1.149516984549619	1.2493205759843011
log-power-percx.pathfinder.klw	Risky first	7.0	1.3765187062344757	den_ratio	1.0634928915448822	1.1482647586381332	1.2475391362648771
log-power-percx.pathfinder.klw	Risky first	7.0	1.4148235885241658	den_ratio	1.0627887699303673	1.1469041524796513	1.2451769566246527
log-power-percx.pathfinder.klw	Risky first	7.0	1.454194394582695	den_ratio	1.0619677466291975	1.1455788669878353	1.2429645876415045
log-power-percx.pathfinder.klw	Risky first	7.0	1.4946607862550567	den_ratio	1.0611396361032321	1.144057934070125	1.2406948873180235
log-power-percx.pathfinder.klw	Risky first	7.0	1.5362532507970992	den_ratio	1.060540997975118	1.1426844502071545	1.238737127537654
log-power-percx.pathfinder.klw	Risky first	7.0	1.579003123844529	den_ratio	1.060019860895097	1.141417076929768	1.2364509642279709
log-power-percx.pathfinder.klw	Risky first	7.0	1.6229426130210856	den_ratio	1.0592751662879762	1.1402704806387505	1.2339100744258993
log-power-percx.pathfinder.klw	Risky first	7.0	1.6681048222036647	den_ratio	1.0588051924384947	1.1389231767918586	1.231811524820765
log-power-percx.pathfinder.klw	Risky first	7.0	1.714523776462679	den_ratio	1.0581523951398613	1.137723544478207	1.2302106074418548
log-power-percx.pathfinder.klw	Risky first	7.0	1.7622344476964418	den_ratio	1.0572839297185956	1.1364565555961925	1.2286655449471395
log-power-percx.pathfinder.klw	Risky first	7.0	1.8112727809788889	den_ratio	1.0565517315115436	1.1351945083458892	1.2265761772900072
log-power-percx.pathfinder.klw	Risky first	7.0	1.861675721640487	den_ratio	1.0560000338992854	1.1339610777518982	1.2250314522906984
log-power-percx.pathfinder.klw	Risky first	7.0	1.9134812431027324	den_ratio	1.0553097047742592	1.132761313004229	1.2223415278840137
log-power-percx.pathfinder.klw	Risky first	7.0	1.9667283754872122	den_ratio	1.0544355486411519	1.1312551668869688	1.2202514538184814
log-power-percx.pathfinder.klw	Risky first	7.0	2.021457235020777	den_ratio	1.0541083499394026	1.130051543346063	1.2182259149845103
log-power-percx.pathfinder.klw	Risky first	7.0	2.0777090542589844	den_ratio	1.0534442887392903	1.128677517585654	1.215983037125263
log-power-percx.pathfinder.klw	Risky first	7.0	2.1355262131505808	den_ratio	1.0526466202605431	1.1273772661762553	1.2138168975216732
log-power-percx.pathfinder.klw	Risky first	7.0	2.1949522709664246	den_ratio	1.0517604075922882	1.126163145140136	1.212216010249925
log-power-percx.pathfinder.klw	Risky first	7.0	2.256031999116908	den_ratio	1.050991661980147	1.1249293400628844	1.210026815159591
log-power-percx.pathfinder.klw	Risky first	7.0	2.3188114148826	den_ratio	1.050434724046451	1.123584100786546	1.2082899716397641
log-power-percx.pathfinder.klw	Risky first	7.0	2.3833378160835275	den_ratio	1.049904141431478	1.1223762059405273	1.206354496967576
log-power-percx.pathfinder.klw	Risky first	7.0	2.4496598167132055	den_ratio	1.049240202959633	1.121115037506168	1.2044872885234592
log-power-percx.pathfinder.klw	Risky first	7.0	2.5178273835642724	den_ratio	1.0487862104333736	1.1198619826657281	1.2022818178339671
log-power-percx.pathfinder.klw	Risky first	7.0	2.58789187387332	den_ratio	1.0484070476674405	1.1186002654743339	1.1998967945089303
log-power-percx.pathfinder.klw	Risky first	7.0	2.659906074013276	den_ratio	1.0476450788205476	1.1173362043781168	1.19804520269409
log-power-percx.pathfinder.klw	Risky first	7.0	2.7339242392624983	den_ratio	1.0469592431119281	1.11616339411015	1.1962046849552643
log-power-percx.pathfinder.klw	Risky first	7.0	2.8100021346805373	den_ratio	1.0465244551026363	1.1149527663971073	1.1943390037000927
log-power-percx.pathfinder.klw	Risky first	7.0	2.8881970771213568	den_ratio	1.045994190657955	1.1136646906058782	1.1930225582096503
log-power-percx.pathfinder.klw	Risky first	7.0	2.9685679784156793	den_ratio	1.0451555733610816	1.112453989836638	1.1912766064888678
log-power-percx.pathfinder.klw	Risky first	7.0	3.051175389754982	den_ratio	1.044488609701709	1.1112831364922662	1.1897416957433613
log-power-percx.pathfinder.klw	Risky first	7.0	3.1360815473105736	den_ratio	1.0439843221855927	1.110170602614463	1.1880149919067473
log-power-percx.pathfinder.klw	Risky first	7.0	3.2233504191221405	den_ratio	1.043515154540016	1.109061260803799	1.1861502562383928
log-power-percx.pathfinder.klw	Risky first	7.0	3.31304775329107	den_ratio	1.04313895600042	1.107927243787033	1.1845644584864754
log-power-percx.pathfinder.klw	Risky first	7.0	3.40524112751487	den_ratio	1.0426263954520778	1.1067697045074074	1.18314314449028
log-power-percx.pathfinder.klw	Risky first	7.0	3.5000000000000004	den_ratio	1.0424299788199178	1.105777206822865	1.1816197397996255
log-power-percx.pathfinder.klw	Risky first	10.0	1.2	p_vertex	0.11701558771486181	0.14870348926928015	0.18623137656462668
log-power-percx.pathfinder.klw	Risky first	10.0	1.233392832614218	p_vertex	0.13131967787157994	0.1636249497926073	0.20211188093384033
log-power-percx.pathfinder.klw	Risky first	10.0	1.267714899620104	p_vertex	0.14694169195217766	0.17983871005020058	0.218976330906283
log-power-percx.pathfinder.klw	Risky first	10.0	1.3029920591580744	p_vertex	0.1635828700621594	0.197400631043779	0.23697743036157826
log-power-percx.pathfinder.klw	Risky first	10.0	1.339250888932342	p_vertex	0.1818394538545045	0.2160179617333286	0.2560607203044903
log-power-percx.pathfinder.klw	Risky first	10.0	1.3765187062344757	p_vertex	0.2014069685918055	0.23566381796392427	0.27574735674710316
log-power-percx.pathfinder.klw	Risky first	10.0	1.4148235885241658	p_vertex	0.22197592230883553	0.25640202584161836	0.2961958772928587
log-power-percx.pathfinder.klw	Risky first	10.0	1.454194394582695	p_vertex	0.24395520681742847	0.2780709396837513	0.3175050928980711
log-power-percx.pathfinder.klw	Risky first	10.0	1.4946607862550567	p_vertex	0.26651622185951457	0.3005289486136282	0.33945633684901033
log-power-percx.pathfinder.klw	Risky first	10.0	1.5362532507970992	p_vertex	0.29022018348066503	0.32367828362289464	0.36175029068100206
log-power-percx.pathfinder.klw	Risky first	10.0	1.579003123844529	p_vertex	0.3147239958142328	0.34760629663654874	0.38429240634605744
log-power-percx.pathfinder.klw	Risky first	10.0	1.6229426130210856	p_vertex	0.34035836676520925	0.37200923130899216	0.4072208787046208
log-power-percx.pathfinder.klw	Risky first	10.0	1.6681048222036647	p_vertex	0.3663449426767313	0.39665054124044896	0.4300879705494535
log-power-percx.pathfinder.klw	Risky first	10.0	1.714523776462679	p_vertex	0.39225768225742624	0.4213825919517314	0.45367040545399623
log-power-percx.pathfinder.klw	Risky first	10.0	1.7622344476964418	p_vertex	0.41756735761574104	0.44631237561228987	0.4771613481478104
log-power-percx.pathfinder.klw	Risky first	10.0	1.8112727809788889	p_vertex	0.4431522376012649	0.47096379372470776	0.5010621231803186
log-power-percx.pathfinder.klw	Risky first	10.0	1.861675721640487	p_vertex	0.46737247065722326	0.4953773834051379	0.5244476856828223
log-power-percx.pathfinder.klw	Risky first	10.0	1.9134812431027324	p_vertex	0.49111735847638693	0.5191761976866802	0.5480179600911341
log-power-percx.pathfinder.klw	Risky first	10.0	1.9667283754872122	p_vertex	0.514185244841065	0.5424819899222838	0.5707691121088503
log-power-percx.pathfinder.klw	Risky first	10.0	2.021457235020777	p_vertex	0.5363953457301333	0.5649990271164258	0.5935095556032934
log-power-percx.pathfinder.klw	Risky first	10.0	2.0777090542589844	p_vertex	0.557957355271056	0.5867268908388696	0.6155214281697122
log-power-percx.pathfinder.klw	Risky first	10.0	2.1355262131505808	p_vertex	0.5784673366070748	0.607684786964976	0.6371520364180522
log-power-percx.pathfinder.klw	Risky first	10.0	2.1949522709664246	p_vertex	0.5980204231632695	0.6278937299283867	0.657614515517075
log-power-percx.pathfinder.klw	Risky first	10.0	2.256031999116908	p_vertex	0.6163425294539984	0.6471979022293434	0.677771280773552
log-power-percx.pathfinder.klw	Risky first	10.0	2.3188114148826	p_vertex	0.6341630080285927	0.6656355140482155	0.6972628760740219
log-power-percx.pathfinder.klw	Risky first	10.0	2.3833378160835275	p_vertex	0.6511762283058322	0.683130110022004	0.7154612198306655
log-power-percx.pathfinder.klw	Risky first	10.0	2.4496598167132055	p_vertex	0.667273528906861	0.6997082235926986	0.7324946238828512
log-power-percx.pathfinder.klw	Risky first	10.0	2.5178273835642724	p_vertex	0.6825696906372495	0.7155854782748472	0.7490084343502971
log-power-percx.pathfinder.klw	Risky first	10.0	2.58789187387332	p_vertex	0.6968747122147141	0.730504944873567	0.7641045433016576
log-power-percx.pathfinder.klw	Risky first	10.0	2.659906074013276	p_vertex	0.7103911200528106	0.744685122070375	0.7788380208263347
log-power-percx.pathfinder.klw	Risky first	10.0	2.7339242392624983	p_vertex	0.7235015856473084	0.7582375722059722	0.7923955182164494
log-power-percx.pathfinder.klw	Risky first	10.0	2.8100021346805373	p_vertex	0.7359061914273377	0.7709363718831916	0.8053502951522841
log-power-percx.pathfinder.klw	Risky first	10.0	2.8881970771213568	p_vertex	0.747555736742907	0.782970588476156	0.8177103759598171
log-power-percx.pathfinder.klw	Risky first	10.0	2.9685679784156793	p_vertex	0.7586808562756558	0.7943978542031089	0.8292330479961684
log-power-percx.pathfinder.klw	Risky first	10.0	3.051175389754982	p_vertex	0.7691788714720423	0.8051488086798946	0.8400226183486615
log-power-percx.pathfinder.klw	Risky first	10.0	3.1360815473105736	p_vertex	0.7791001166013706	0.81541212201962	0.8501559471987057
log-power-percx.pathfinder.klw	Risky first	10.0	3.2233504191221405	p_vertex	0.7887270974868013	0.8250466212265266	0.85972218230357
log-power-percx.pathfinder.klw	Risky first	10.0	3.31304775329107	p_vertex	0.7974019389676945	0.8340517195623296	0.868696220180677
log-power-percx.pathfinder.klw	Risky first	10.0	3.40524112751487	p_vertex	0.8054860977167349	0.842626981088898	0.8767962565015626
log-power-percx.pathfinder.klw	Risky first	10.0	3.5000000000000004	p_vertex	0.8136861259781814	0.8507008567091451	0.8846624285958065
log-power-percx.pathfinder.klw	Risky first	10.0	1.2	p_full	0.16141932784559518	0.19990873735575795	0.24256350481667005
log-power-percx.pathfinder.klw	Risky first	10.0	1.233392832614218	p_full	0.17639532983507514	0.2149597727407483	0.2572121448718064
log-power-percx.pathfinder.klw	Risky first	10.0	1.267714899620104	p_full	0.19238465735194032	0.2308691009325312	0.272545056126708
log-power-percx.pathfinder.klw	Risky first	10.0	1.3029920591580744	p_full	0.20921529920752774	0.24742156213747443	0.2886709388126248
log-power-percx.pathfinder.klw	Risky first	10.0	1.339250888932342	p_full	0.22725768308589972	0.2646587713206157	0.3053028407756649
log-power-percx.pathfinder.klw	Risky first	10.0	1.3765187062344757	p_full	0.24549891485929537	0.28253877969722996	0.3224318454651987
log-power-percx.pathfinder.klw	Risky first	10.0	1.4148235885241658	p_full	0.2647033967179957	0.30099765385419786	0.33995854010933935
log-power-percx.pathfinder.klw	Risky first	10.0	1.454194394582695	p_full	0.284707297609604	0.3202124988885426	0.35807871028123145
log-power-percx.pathfinder.klw	Risky first	10.0	1.4946607862550567	p_full	0.30545521477840026	0.33982823150327546	0.376287443606876
log-power-percx.pathfinder.klw	Risky first	10.0	1.5362532507970992	p_full	0.3266602386329169	0.35985758353603586	0.394855806256245
log-power-percx.pathfinder.klw	Risky first	10.0	1.579003123844529	p_full	0.34854772511472765	0.38016846734667875	0.41356309444591416
log-power-percx.pathfinder.klw	Risky first	10.0	1.6229426130210856	p_full	0.37021667429976723	0.4007818999362146	0.43293404578459316
log-power-percx.pathfinder.klw	Risky first	10.0	1.6681048222036647	p_full	0.39217660882171096	0.42156622944856126	0.45196207065068134
log-power-percx.pathfinder.klw	Risky first	10.0	1.714523776462679	p_full	0.4144943928044914	0.4423018676285138	0.47128927799711823
log-power-percx.pathfinder.klw	Risky first	10.0	1.7622344476964418	p_full	0.4361156939138448	0.4630178758937148	0.49081277458875366
log-power-percx.pathfinder.klw	Risky first	10.0	1.8112727809788889	p_full	0.45775619745702584	0.4836065417371158	0.51048971282279
log-power-percx.pathfinder.klw	Risky first	10.0	1.861675721640487	p_full	0.4790793401285732	0.5042313991136507	0.5302856542587779
log-power-percx.pathfinder.klw	Risky first	10.0	1.9134812431027324	p_full	0.499690297650305	0.5245583367932215	0.5503956854714372
log-power-percx.pathfinder.klw	Risky first	10.0	1.9667283754872122	p_full	0.5197493874543717	0.5445250850952978	0.5700620885875838
log-power-percx.pathfinder.klw	Risky first	10.0	2.021457235020777	p_full	0.5392851003408841	0.5640856238742109	0.5895066489187746
log-power-percx.pathfinder.klw	Risky first	10.0	2.0777090542589844	p_full	0.5582749000127084	0.5831855616719845	0.6087042188501659
log-power-percx.pathfinder.klw	Risky first	10.0	2.1355262131505808	p_full	0.5765170868951488	0.601634120111618	0.6277294917852718
log-power-percx.pathfinder.klw	Risky first	10.0	2.1949522709664246	p_full	0.5940167805873641	0.6196593129203489	0.6463974817665522
log-power-percx.pathfinder.klw	Risky first	10.0	2.256031999116908	p_full	0.6106689594216889	0.6371297691230899	0.6645645913307819
log-power-percx.pathfinder.klw	Risky first	10.0	2.3188114148826	p_full	0.6271908019677398	0.6540901678968208	0.6819242240703653
log-power-percx.pathfinder.klw	Risky first	10.0	2.3833378160835275	p_full	0.6429410504949435	0.670531737051639	0.698910564764602
log-power-percx.pathfinder.klw	Risky first	10.0	2.4496598167132055	p_full	0.6582627136721605	0.6863337303698661	0.7154111429982283
log-power-percx.pathfinder.klw	Risky first	10.0	2.5178273835642724	p_full	0.6733049492158251	0.7014855153701776	0.7311835625060179
log-power-percx.pathfinder.klw	Risky first	10.0	2.58789187387332	p_full	0.6871580425305442	0.7161447442537086	0.7464794051973733
log-power-percx.pathfinder.klw	Risky first	10.0	2.659906074013276	p_full	0.7003846773729289	0.7300667924913946	0.7610658372231852
log-power-percx.pathfinder.klw	Risky first	10.0	2.7339242392624983	p_full	0.7131172876893753	0.743478975793127	0.7748355294397697
log-power-percx.pathfinder.klw	Risky first	10.0	2.8100021346805373	p_full	0.7251764799039798	0.756315367561522	0.788069131310389
log-power-percx.pathfinder.klw	Risky first	10.0	2.8881970771213568	p_full	0.7368476871984039	0.7685958967659763	0.80085166074859
log-power-percx.pathfinder.klw	Risky first	10.0	2.9685679784156793	p_full	0.7480411557064229	0.7802410330822294	0.8124928628919066
log-power-percx.pathfinder.klw	Risky first	10.0	3.051175389754982	p_full	0.7587795668713176	0.7914701043782739	0.8238685667664805
log-power-percx.pathfinder.klw	Risky first	10.0	3.1360815473105736	p_full	0.7687220776004032	0.8020633306933219	0.8344567410284993
log-power-percx.pathfinder.klw	Risky first	10.0	3.2233504191221405	p_full	0.7785992262104025	0.8121355815215721	0.8446769374210653
log-power-percx.pathfinder.klw	Risky first	10.0	3.31304775329107	p_full	0.788055092989166	0.8216769358775841	0.854169899580687
log-power-percx.pathfinder.klw	Risky first	10.0	3.40524112751487	p_full	0.7969026748187755	0.8308895622363546	0.8634890225401629
log-power-percx.pathfinder.klw	Risky first	10.0	3.5000000000000004	p_full	0.8055034720510561	0.8396448035565712	0.8720524213600451
log-power-percx.pathfinder.klw	Risky first	10.0	1.2	p_bias_only	0.1511231327239249	0.1898604784024021	0.2346868816958803
log-power-percx.pathfinder.klw	Risky first	10.0	1.233392832614218	p_bias_only	0.16612825088451508	0.2052205121478035	0.24991131066247557
log-power-percx.pathfinder.klw	Risky first	10.0	1.267714899620104	p_bias_only	0.18279580791602804	0.22136339308302452	0.2662947150159742
log-power-percx.pathfinder.klw	Risky first	10.0	1.3029920591580744	p_bias_only	0.19995888808755222	0.23845602447063616	0.2830142261016495
log-power-percx.pathfinder.klw	Risky first	10.0	1.339250888932342	p_bias_only	0.21812165022246185	0.2562492864082382	0.30016245599435076
log-power-percx.pathfinder.klw	Risky first	10.0	1.3765187062344757	p_bias_only	0.23715006757694104	0.27465946647314343	0.31780539769023824
log-power-percx.pathfinder.klw	Risky first	10.0	1.4148235885241658	p_bias_only	0.25690780966247084	0.2939571738765799	0.3360612750766374
log-power-percx.pathfinder.klw	Risky first	10.0	1.454194394582695	p_bias_only	0.27738617128265497	0.3139638544230161	0.35471333163801805
log-power-percx.pathfinder.klw	Risky first	10.0	1.4946607862550567	p_bias_only	0.29863880010318494	0.3344068299322985	0.3738676722936508
log-power-percx.pathfinder.klw	Risky first	10.0	1.5362532507970992	p_bias_only	0.32057005758641843	0.3552020186094498	0.3932601324899889
log-power-percx.pathfinder.klw	Risky first	10.0	1.579003123844529	p_bias_only	0.3430863105131103	0.3765356988195995	0.4132680125973553
log-power-percx.pathfinder.klw	Risky first	10.0	1.6229426130210856	p_bias_only	0.36610416571326404	0.3981056027880526	0.43315680831883885
log-power-percx.pathfinder.klw	Risky first	10.0	1.6681048222036647	p_bias_only	0.38871668220289896	0.41980157297148335	0.45305068251613123
log-power-percx.pathfinder.klw	Risky first	10.0	1.714523776462679	p_bias_only	0.4113981653896579	0.44145768721778894	0.47312853681526856
log-power-percx.pathfinder.klw	Risky first	10.0	1.7622344476964418	p_bias_only	0.43435352981833825	0.4630647980027459	0.4933779251639839
log-power-percx.pathfinder.klw	Risky first	10.0	1.8112727809788889	p_bias_only	0.4572605474876687	0.4846716582992612	0.513747652703116
log-power-percx.pathfinder.klw	Risky first	10.0	1.861675721640487	p_bias_only	0.4790462327099924	0.5060196133449202	0.5342702437411272
log-power-percx.pathfinder.klw	Risky first	10.0	1.9134812431027324	p_bias_only	0.5006079688277604	0.5269914957498477	0.5547115742045132
log-power-percx.pathfinder.klw	Risky first	10.0	1.9667283754872122	p_bias_only	0.5216229426346488	0.5473959181045629	0.5749156020203741
log-power-percx.pathfinder.klw	Risky first	10.0	2.021457235020777	p_bias_only	0.5417088380007764	0.5675211760134163	0.5943664712663087
log-power-percx.pathfinder.klw	Risky first	10.0	2.0777090542589844	p_bias_only	0.5609328989646867	0.5867974342561855	0.6144085111677431
log-power-percx.pathfinder.klw	Risky first	10.0	2.1355262131505808	p_bias_only	0.5794236439283302	0.6057706536587417	0.6336103925928264
log-power-percx.pathfinder.klw	Risky first	10.0	2.1949522709664246	p_bias_only	0.5974462659739341	0.6239497578647792	0.6524284614515775
log-power-percx.pathfinder.klw	Risky first	10.0	2.256031999116908	p_bias_only	0.6145998613885486	0.6414956665256915	0.6705125976174885
log-power-percx.pathfinder.klw	Risky first	10.0	2.3188114148826	p_bias_only	0.6317963721285366	0.6586260592017006	0.6879324083701664
log-power-percx.pathfinder.klw	Risky first	10.0	2.3833378160835275	p_bias_only	0.6474437578241741	0.6750646847223591	0.7050569957595286
log-power-percx.pathfinder.klw	Risky first	10.0	2.4496598167132055	p_bias_only	0.6627575636439756	0.6909979673697599	0.7214983050203447
log-power-percx.pathfinder.klw	Risky first	10.0	2.5178273835642724	p_bias_only	0.6770984160906052	0.7061895923212707	0.7373182580512051
log-power-percx.pathfinder.klw	Risky first	10.0	2.58789187387332	p_bias_only	0.6909750494932582	0.720914016875617	0.752240982509017
log-power-percx.pathfinder.klw	Risky first	10.0	2.659906074013276	p_bias_only	0.7042639713162537	0.7349215003433867	0.766752645139023
log-power-percx.pathfinder.klw	Risky first	10.0	2.7339242392624983	p_bias_only	0.7169966139017212	0.7483063432793853	0.780577850739075
log-power-percx.pathfinder.klw	Risky first	10.0	2.8100021346805373	p_bias_only	0.7295760609906056	0.7611449101499514	0.793879919515542
log-power-percx.pathfinder.klw	Risky first	10.0	2.8881970771213568	p_bias_only	0.7414196640493114	0.773354443457295	0.8060530102628272
log-power-percx.pathfinder.klw	Risky first	10.0	2.9685679784156793	p_bias_only	0.7526916709573056	0.7850692545541882	0.8182348151729565
log-power-percx.pathfinder.klw	Risky first	10.0	3.051175389754982	p_bias_only	0.7630500382580536	0.7962208436745636	0.8295877090879463
log-power-percx.pathfinder.klw	Risky first	10.0	3.1360815473105736	p_bias_only	0.773163937984325	0.8069216711741893	0.8402353005878148
log-power-percx.pathfinder.klw	Risky first	10.0	3.2233504191221405	p_bias_only	0.7831395963775393	0.8170256211860338	0.8501990940965308
log-power-percx.pathfinder.klw	Risky first	10.0	3.31304775329107	p_bias_only	0.7922023065354358	0.8268197638169716	0.8596860137401254
log-power-percx.pathfinder.klw	Risky first	10.0	3.40524112751487	p_bias_only	0.8010470511698755	0.8360126486186514	0.8689181272222589
log-power-percx.pathfinder.klw	Risky first	10.0	3.5000000000000004	p_bias_only	0.8095229301672965	0.8448566444775376	0.8775560282568569
log-power-percx.pathfinder.klw	Risky first	10.0	1.2	p_scale_only	0.13606155942779516	0.16561499828634674	0.19970869088585017
log-power-percx.pathfinder.klw	Risky first	10.0	1.233392832614218	p_scale_only	0.1507615483182029	0.18096964394247683	0.21547058248356027
log-power-percx.pathfinder.klw	Risky first	10.0	1.267714899620104	p_scale_only	0.1665295863356879	0.19739420347297287	0.23227265009765383
log-power-percx.pathfinder.klw	Risky first	10.0	1.3029920591580744	p_scale_only	0.18313197082094945	0.2146874625064487	0.250084554457945
log-power-percx.pathfinder.klw	Risky first	10.0	1.339250888932342	p_scale_only	0.2012309619341318	0.23287083149511473	0.268758201211896
log-power-percx.pathfinder.klw	Risky first	10.0	1.3765187062344757	p_scale_only	0.22028576009284925	0.2520123616714949	0.2879241636515612
log-power-percx.pathfinder.klw	Risky first	10.0	1.4148235885241658	p_scale_only	0.2403000754175353	0.2719154260761971	0.30740449383091023
log-power-percx.pathfinder.klw	Risky first	10.0	1.454194394582695	p_scale_only	0.26120453345588895	0.29262346985169746	0.32767503368292594
log-power-percx.pathfinder.klw	Risky first	10.0	1.4946607862550567	p_scale_only	0.28250460190374765	0.3138707895049889	0.34856994227235005
log-power-percx.pathfinder.klw	Risky first	10.0	1.5362532507970992	p_scale_only	0.3048106976843267	0.3357174876045943	0.3696574166346569
log-power-percx.pathfinder.klw	Risky first	10.0	1.579003123844529	p_scale_only	0.327578575671996	0.3579505325827359	0.391105989335616
log-power-percx.pathfinder.klw	Risky first	10.0	1.6229426130210856	p_scale_only	0.35081428680203636	0.38055322680062914	0.41292789241347466
log-power-percx.pathfinder.klw	Risky first	10.0	1.6681048222036647	p_scale_only	0.3742848634254123	0.4032038593025522	0.4345169929866586
log-power-percx.pathfinder.klw	Risky first	10.0	1.714523776462679	p_scale_only	0.397870873230216	0.4260453039285032	0.45653167631586056
log-power-percx.pathfinder.klw	Risky first	10.0	1.7622344476964418	p_scale_only	0.42120991706047795	0.4488288455660255	0.47837409513573165
log-power-percx.pathfinder.klw	Risky first	10.0	1.8112727809788889	p_scale_only	0.44409789554527435	0.4715733740841618	0.5003363684625105
log-power-percx.pathfinder.klw	Risky first	10.0	1.861675721640487	p_scale_only	0.4668490422110456	0.494020405476017	0.5220655186355669
log-power-percx.pathfinder.klw	Risky first	10.0	1.9134812431027324	p_scale_only	0.48919789900874266	0.5160183269295224	0.5433324551523667
log-power-percx.pathfinder.klw	Risky first	10.0	1.9667283754872122	p_scale_only	0.5109499614323807	0.5377796578968068	0.5649420971324558
log-power-percx.pathfinder.klw	Risky first	10.0	2.021457235020777	p_scale_only	0.531916228581603	0.5589118180954074	0.5860124225023996
log-power-percx.pathfinder.klw	Risky first	10.0	2.0777090542589844	p_scale_only	0.5522677209733217	0.5795105997662369	0.6069951586320067
log-power-percx.pathfinder.klw	Risky first	10.0	2.1355262131505808	p_scale_only	0.5720030028020568	0.5993829056744235	0.6272031050158022
log-power-percx.pathfinder.klw	Risky first	10.0	2.1949522709664246	p_scale_only	0.5907128290767603	0.6185944835769539	0.6465472845574683
log-power-percx.pathfinder.klw	Risky first	10.0	2.256031999116908	p_scale_only	0.6086326506824878	0.637323930036982	0.6658009222945986
log-power-percx.pathfinder.klw	Risky first	10.0	2.3188114148826	p_scale_only	0.6262646579210471	0.655326176428556	0.684464885186137
log-power-percx.pathfinder.klw	Risky first	10.0	2.3833378160835275	p_scale_only	0.642880209943294	0.6725661520910478	0.7020039140045875
log-power-percx.pathfinder.klw	Risky first	10.0	2.4496598167132055	p_scale_only	0.6585574561491639	0.6889723842524176	0.719183108425977
log-power-percx.pathfinder.klw	Risky first	10.0	2.5178273835642724	p_scale_only	0.6734127182358658	0.7046599177161228	0.7357307003715408
log-power-percx.pathfinder.klw	Risky first	10.0	2.58789187387332	p_scale_only	0.6879962936899185	0.7196687979141883	0.7510081940366774
log-power-percx.pathfinder.klw	Risky first	10.0	2.659906074013276	p_scale_only	0.701872242458223	0.7339040711091805	0.7657571808192455
log-power-percx.pathfinder.klw	Risky first	10.0	2.7339242392624983	p_scale_only	0.7149089843312202	0.7474759910128733	0.7796574024601187
log-power-percx.pathfinder.klw	Risky first	10.0	2.8100021346805373	p_scale_only	0.7276763341922446	0.7604111974859524	0.7929720199272328
log-power-percx.pathfinder.klw	Risky first	10.0	2.8881970771213568	p_scale_only	0.7397417813602392	0.7727195038747672	0.8055248379448913
log-power-percx.pathfinder.klw	Risky first	10.0	2.9685679784156793	p_scale_only	0.7511531904613229	0.7843529309947745	0.8174965885256483
log-power-percx.pathfinder.klw	Risky first	10.0	3.051175389754982	p_scale_only	0.7617196646378966	0.7955169603042229	0.828596637586642
log-power-percx.pathfinder.klw	Risky first	10.0	3.1360815473105736	p_scale_only	0.771832257566232	0.8060347916880868	0.8391723860009578
log-power-percx.pathfinder.klw	Risky first	10.0	3.2233504191221405	p_scale_only	0.781371590614904	0.8159637996473398	0.8489339340702655
log-power-percx.pathfinder.klw	Risky first	10.0	3.31304775329107	p_scale_only	0.7905806461789305	0.8252428333159596	0.8580787693569146
log-power-percx.pathfinder.klw	Risky first	10.0	3.40524112751487	p_scale_only	0.7988185787174242	0.8340490059856162	0.8668881823798629
log-power-percx.pathfinder.klw	Risky first	10.0	3.5000000000000004	p_scale_only	0.8070617594324685	0.8423563663064693	0.8750736571548361
log-power-percx.pathfinder.klw	Risky first	10.0	1.2	dp_full	0.01907503017478799	0.05096367910977488	0.08460559351711783
log-power-percx.pathfinder.klw	Risky first	10.0	1.233392832614218	dp_full	0.019246076123721565	0.05079658632370016	0.08381430616872482
log-power-percx.pathfinder.klw	Risky first	10.0	1.267714899620104	dp_full	0.01950146706179158	0.05024149719395629	0.08283442443977139
log-power-percx.pathfinder.klw	Risky first	10.0	1.3029920591580744	dp_full	0.019680452304373958	0.04932592077562706	0.08116262560781991
log-power-percx.pathfinder.klw	Risky first	10.0	1.339250888932342	dp_full	0.019391074817483846	0.04792175768110049	0.07869594558744075
log-power-percx.pathfinder.klw	Risky first	10.0	1.3765187062344757	dp_full	0.018908601555321865	0.04608057651499527	0.07577616749527841
log-power-percx.pathfinder.klw	Risky first	10.0	1.4148235885241658	dp_full	0.017880153823206395	0.043936460550960496	0.0721458606402212
log-power-percx.pathfinder.klw	Risky first	10.0	1.454194394582695	dp_full	0.016891730733991667	0.0414323945004586	0.06800334757562317
log-power-percx.pathfinder.klw	Risky first	10.0	1.4946607862550567	dp_full	0.015828222618798723	0.03844817783275296	0.06355554959757977
log-power-percx.pathfinder.klw	Risky first	10.0	1.5362532507970992	dp_full	0.014576996168695257	0.035114270250625794	0.058872080127715026
log-power-percx.pathfinder.klw	Risky first	10.0	1.579003123844529	dp_full	0.01292379061585874	0.03162676993758067	0.05367423104679577
log-power-percx.pathfinder.klw	Risky first	10.0	1.6229426130210856	dp_full	0.011144593592247523	0.02779394825872994	0.048080523575587085
log-power-percx.pathfinder.klw	Risky first	10.0	1.6681048222036647	dp_full	0.00930114932328881	0.023910342578389414	0.04218988377424101
log-power-percx.pathfinder.klw	Risky first	10.0	1.714523776462679	dp_full	0.007189754208399861	0.019998595550131195	0.03630700655666779
log-power-percx.pathfinder.klw	Risky first	10.0	1.7622344476964418	dp_full	0.004509929354341694	0.01620615025182922	0.03085176036453548
log-power-percx.pathfinder.klw	Risky first	10.0	1.8112727809788889	dp_full	0.0014785804111603197	0.012319247323442008	0.025860637270233303
log-power-percx.pathfinder.klw	Risky first	10.0	1.861675721640487	dp_full	-0.0021550889023085606	0.008694779834044269	0.021469332812944338
log-power-percx.pathfinder.klw	Risky first	10.0	1.9134812431027324	dp_full	-0.006242391023211181	0.005223613949884411	0.017790526199438907
log-power-percx.pathfinder.klw	Risky first	10.0	1.9667283754872122	dp_full	-0.010449251674018448	0.002014675773722149	0.01449352136718561
log-power-percx.pathfinder.klw	Risky first	10.0	2.021457235020777	dp_full	-0.014561622759082822	-0.0008488098459368535	0.012224506255590982
log-power-percx.pathfinder.klw	Risky first	10.0	2.0777090542589844	dp_full	-0.018563033101356718	-0.0034937231076888945	0.01055192927340479
log-power-percx.pathfinder.klw	Risky first	10.0	2.1355262131505808	dp_full	-0.02213421300993979	-0.005884807684740758	0.009385368359534373
log-power-percx.pathfinder.klw	Risky first	10.0	2.1949522709664246	dp_full	-0.025293813105819542	-0.0079146659816672	0.00874813327558902
log-power-percx.pathfinder.klw	Risky first	10.0	2.256031999116908	dp_full	-0.028199315631228714	-0.009674979034186881	0.008300698747219332
log-power-percx.pathfinder.klw	Risky first	10.0	2.3188114148826	dp_full	-0.030499300367742992	-0.011129854836836234	0.008164426736006786
log-power-percx.pathfinder.klw	Risky first	10.0	2.3833378160835275	dp_full	-0.03265890055609624	-0.01228804323545689	0.007949221735788317
log-power-percx.pathfinder.klw	Risky first	10.0	2.4496598167132055	dp_full	-0.0345513120627	-0.013262687524430779	0.007823398764926989
log-power-percx.pathfinder.klw	Risky first	10.0	2.5178273835642724	dp_full	-0.03588270129719851	-0.01392352034172415	0.007964124901311468
log-power-percx.pathfinder.klw	Risky first	10.0	2.58789187387332	dp_full	-0.037156421403525215	-0.014366864952170332	0.008354268691372367
log-power-percx.pathfinder.klw	Risky first	10.0	2.659906074013276	dp_full	-0.03760048680393966	-0.01465700146306979	0.008901200800522693
log-power-percx.pathfinder.klw	Risky first	10.0	2.7339242392624983	dp_full	-0.03802148882390972	-0.01469096397885041	0.0095015810582725
log-power-percx.pathfinder.klw	Risky first	10.0	2.8100021346805373	dp_full	-0.03826839797460747	-0.01468519705514634	0.009872046404929754
log-power-percx.pathfinder.klw	Risky first	10.0	2.8881970771213568	dp_full	-0.03830000172983218	-0.014513321870245807	0.010173496385376237
log-power-percx.pathfinder.klw	Risky first	10.0	2.9685679784156793	dp_full	-0.038250706507890045	-0.014238492849193428	0.010532602349945942
log-power-percx.pathfinder.klw	Risky first	10.0	3.051175389754982	dp_full	-0.03819847221165666	-0.013915949597007	0.011299269979746335
log-power-percx.pathfinder.klw	Risky first	10.0	3.1360815473105736	dp_full	-0.03776445911875945	-0.013391106669563432	0.011857704639733152
log-power-percx.pathfinder.klw	Risky first	10.0	3.2233504191221405	dp_full	-0.03743144920635436	-0.012897882149326082	0.012309295762572106
log-power-percx.pathfinder.klw	Risky first	10.0	3.31304775329107	dp_full	-0.036600672889464295	-0.012329621954772226	0.013152859043805153
log-power-percx.pathfinder.klw	Risky first	10.0	3.40524112751487	dp_full	-0.03578443172748815	-0.01173507549334127	0.013872177540218238
log-power-percx.pathfinder.klw	Risky first	10.0	3.5000000000000004	dp_full	-0.03489972837588067	-0.011075139937737642	0.014409518780388385
log-power-percx.pathfinder.klw	Risky first	10.0	1.2	dp_bias	0.01542895596672363	0.04067644609124955	0.07155712707990389
log-power-percx.pathfinder.klw	Risky first	10.0	1.233392832614218	dp_bias	0.015983119998585413	0.04100133647940604	0.07121775734749426
log-power-percx.pathfinder.klw	Risky first	10.0	1.267714899620104	dp_bias	0.01629018258695152	0.04088428699901554	0.07057928147939595
log-power-percx.pathfinder.klw	Risky first	10.0	1.3029920591580744	dp_bias	0.016300406191469087	0.04045933777921673	0.06951813391762904
log-power-percx.pathfinder.klw	Risky first	10.0	1.339250888932342	dp_bias	0.01602634320856022	0.03979652703749047	0.0677092793987039
log-power-percx.pathfinder.klw	Risky first	10.0	1.3765187062344757	dp_bias	0.015568748451529385	0.03869554479093111	0.06572736229761217
log-power-percx.pathfinder.klw	Risky first	10.0	1.4148235885241658	dp_bias	0.015075891922666755	0.037203081213651956	0.06310480293563302
log-power-percx.pathfinder.klw	Risky first	10.0	1.454194394582695	dp_bias	0.014168398059334682	0.03543982201881993	0.06010128835451643
log-power-percx.pathfinder.klw	Risky first	10.0	1.4946607862550567	dp_bias	0.01309087483757238	0.03330422722375883	0.05695762216496273
log-power-percx.pathfinder.klw	Risky first	10.0	1.5362532507970992	dp_bias	0.011828257035124126	0.030950943994406684	0.05351228263939918
log-power-percx.pathfinder.klw	Risky first	10.0	1.579003123844529	dp_bias	0.010257151193339135	0.02831453221983238	0.049854249632965295
log-power-percx.pathfinder.klw	Risky first	10.0	1.6229426130210856	dp_bias	0.008726112463609314	0.025535044893682454	0.045841181012068806
log-power-percx.pathfinder.klw	Risky first	10.0	1.6681048222036647	dp_bias	0.006879992285942845	0.02260814996681053	0.04154460510455674
log-power-percx.pathfinder.klw	Risky first	10.0	1.714523776462679	dp_bias	0.004648916221004089	0.01966542002236691	0.03737892721738348
log-power-percx.pathfinder.klw	Risky first	10.0	1.7622344476964418	dp_bias	0.002229441751938956	0.016615146833474523	0.03344648462364156
log-power-percx.pathfinder.klw	Risky first	10.0	1.8112727809788889	dp_bias	-0.0003407531825488748	0.01354935245571711	0.029688799268132685
log-power-percx.pathfinder.klw	Risky first	10.0	1.861675721640487	dp_bias	-0.0031907269484341247	0.010623282420963456	0.025918886446099167
log-power-percx.pathfinder.klw	Risky first	10.0	1.9134812431027324	dp_bias	-0.0061981200728958045	0.007794765379010662	0.02275085068419065
log-power-percx.pathfinder.klw	Risky first	10.0	1.9667283754872122	dp_bias	-0.009317004160663165	0.0051443240931593	0.01994399458528876
log-power-percx.pathfinder.klw	Risky first	10.0	2.021457235020777	dp_bias	-0.012103836352165165	0.0026858705429511623	0.01749355967031643
log-power-percx.pathfinder.klw	Risky first	10.0	2.0777090542589844	dp_bias	-0.014983336964678606	0.0004116458322833194	0.014988196864942486
log-power-percx.pathfinder.klw	Risky first	10.0	2.1355262131505808	dp_bias	-0.017651362421490097	-0.00166962953771224	0.013356791921279441
log-power-percx.pathfinder.klw	Risky first	10.0	2.1949522709664246	dp_bias	-0.0199551293996207	-0.0034482306713955395	0.01194870764408365
log-power-percx.pathfinder.klw	Risky first	10.0	2.256031999116908	dp_bias	-0.02207923555973092	-0.00504794878202368	0.01112448384292236
log-power-percx.pathfinder.klw	Risky first	10.0	2.3188114148826	dp_bias	-0.02400836482874755	-0.006411601328517279	0.010516468358698544
log-power-percx.pathfinder.klw	Risky first	10.0	2.3833378160835275	dp_bias	-0.02565929029184806	-0.0074647746809082	0.009943432287950062
log-power-percx.pathfinder.klw	Risky first	10.0	2.4496598167132055	dp_bias	-0.027061355468176677	-0.008361993878981573	0.009673817519705528
log-power-percx.pathfinder.klw	Risky first	10.0	2.5178273835642724	dp_bias	-0.028274771547804733	-0.009011190802080408	0.009575287656527978
log-power-percx.pathfinder.klw	Risky first	10.0	2.58789187387332	dp_bias	-0.029123421567060624	-0.009431799020873526	0.009562772003373105
log-power-percx.pathfinder.klw	Risky first	10.0	2.659906074013276	dp_bias	-0.029691334989343905	-0.009721330373496546	0.009812770248277689
log-power-percx.pathfinder.klw	Risky first	10.0	2.7339242392624983	dp_bias	-0.030188513534807587	-0.009824348574526864	0.010217176045271005
log-power-percx.pathfinder.klw	Risky first	10.0	2.8100021346805373	dp_bias	-0.030243361062445077	-0.009734984801689935	0.010591806442710586
log-power-percx.pathfinder.klw	Risky first	10.0	2.8881970771213568	dp_bias	-0.030368026344533398	-0.009599738285353116	0.011078699375196588
log-power-percx.pathfinder.klw	Risky first	10.0	2.9685679784156793	dp_bias	-0.030134316423748066	-0.009332356890570364	0.011833863357814329
log-power-percx.pathfinder.klw	Risky first	10.0	3.051175389754982	dp_bias	-0.029906809977571388	-0.008948862587832545	0.012236031700465189
log-power-percx.pathfinder.klw	Risky first	10.0	3.1360815473105736	dp_bias	-0.029653396383702704	-0.008460386326344035	0.012943089149869209
log-power-percx.pathfinder.klw	Risky first	10.0	3.2233504191221405	dp_bias	-0.029178655822246293	-0.007855231619191477	0.01362913236063365
log-power-percx.pathfinder.klw	Risky first	10.0	3.31304775329107	dp_bias	-0.028607239091873873	-0.0071699888896406775	0.014146514430245926
log-power-percx.pathfinder.klw	Risky first	10.0	3.40524112751487	dp_bias	-0.027940647379998518	-0.0065143869057659	0.014906806300022845
log-power-percx.pathfinder.klw	Risky first	10.0	3.5000000000000004	dp_bias	-0.027080312169514675	-0.005746688345494114	0.01588845160521343
log-power-percx.pathfinder.klw	Risky first	10.0	1.2	dp_scale	0.005477194905175524	0.016791689528696217	0.029513949749071143
log-power-percx.pathfinder.klw	Risky first	10.0	1.233392832614218	dp_scale	0.005656754679966251	0.017082432723168114	0.030019287320757756
log-power-percx.pathfinder.klw	Risky first	10.0	1.267714899620104	dp_scale	0.0056388760414986415	0.017158126457890055	0.03027755823793411
log-power-percx.pathfinder.klw	Risky first	10.0	1.3029920591580744	dp_scale	0.005550898432236589	0.017046200121287693	0.029998604266968616
log-power-percx.pathfinder.klw	Risky first	10.0	1.339250888932342	dp_scale	0.005344935690303687	0.016709961067965594	0.029677636645746134
log-power-percx.pathfinder.klw	Risky first	10.0	1.3765187062344757	dp_scale	0.004997923499760373	0.016113946994575357	0.028948548906442387
log-power-percx.pathfinder.klw	Risky first	10.0	1.4148235885241658	dp_scale	0.004488128469332385	0.01529984394542392	0.027809478882181455
log-power-percx.pathfinder.klw	Risky first	10.0	1.454194394582695	dp_scale	0.0038482701280066643	0.014239626869145185	0.026311256142890167
log-power-percx.pathfinder.klw	Risky first	10.0	1.4946607862550567	dp_scale	0.0030369253155557497	0.01295367235901301	0.024435102969438766
log-power-percx.pathfinder.klw	Risky first	10.0	1.5362532507970992	dp_scale	0.0022139575844275167	0.011479733645524527	0.022205644465986264
log-power-percx.pathfinder.klw	Risky first	10.0	1.579003123844529	dp_scale	0.001175641522880566	0.009870691431160504	0.019724881992917494
log-power-percx.pathfinder.klw	Risky first	10.0	1.6229426130210856	dp_scale	-7.99024382176899e-05	0.008095456477650531	0.01702076626631003
log-power-percx.pathfinder.klw	Risky first	10.0	1.6681048222036647	dp_scale	-0.0012826390305258728	0.0061933303572852295	0.014284220329956467
log-power-percx.pathfinder.klw	Risky first	10.0	1.714523776462679	dp_scale	-0.002726354688782645	0.004265116587686968	0.011666435424806491
log-power-percx.pathfinder.klw	Risky first	10.0	1.7622344476964418	dp_scale	-0.004162777945467932	0.0023556436854272203	0.009109120887588367
log-power-percx.pathfinder.klw	Risky first	10.0	1.8112727809788889	dp_scale	-0.005847249744921886	0.0004871318583385205	0.006876998623200356
log-power-percx.pathfinder.klw	Risky first	10.0	1.861675721640487	dp_scale	-0.0076868258938219206	-0.0013327176440390714	0.0047266342882186976
log-power-percx.pathfinder.klw	Risky first	10.0	1.9134812431027324	dp_scale	-0.009507711820169207	-0.003030159019416955	0.0031531167534587074
log-power-percx.pathfinder.klw	Risky first	10.0	1.9667283754872122	dp_scale	-0.011404619545790138	-0.004553063743009206	0.0017609043736016704
log-power-percx.pathfinder.klw	Risky first	10.0	2.021457235020777	dp_scale	-0.013211124440033582	-0.005897447058656412	0.0006089505664879779
log-power-percx.pathfinder.klw	Risky first	10.0	2.0777090542589844	dp_scale	-0.014913063070992074	-0.007048969089388766	-0.0002735329180593007
log-power-percx.pathfinder.klw	Risky first	10.0	2.1355262131505808	dp_scale	-0.01627194959080356	-0.008036920983463541	-0.0009721573784350207
log-power-percx.pathfinder.klw	Risky first	10.0	2.1949522709664246	dp_scale	-0.017405127417356232	-0.008869630034140367	-0.0015447808321004692
log-power-percx.pathfinder.klw	Risky first	10.0	2.256031999116908	dp_scale	-0.018486235799161428	-0.009527763493034209	-0.0019674188788328406
log-power-percx.pathfinder.klw	Risky first	10.0	2.3188114148826	dp_scale	-0.019279004015697203	-0.010066509236724412	-0.0022916514557145716
log-power-percx.pathfinder.klw	Risky first	10.0	2.3833378160835275	dp_scale	-0.01984351532708953	-0.010418827378886868	-0.0023949278507629746
log-power-percx.pathfinder.klw	Risky first	10.0	2.4496598167132055	dp_scale	-0.020133443115740113	-0.010650817027882478	-0.002476360887226978
log-power-percx.pathfinder.klw	Risky first	10.0	2.5178273835642724	dp_scale	-0.020170422266482666	-0.010703696539684195	-0.0024581622308081203
log-power-percx.pathfinder.klw	Risky first	10.0	2.58789187387332	dp_scale	-0.02025548277908898	-0.01074603467416244	-0.0024343491246167463
log-power-percx.pathfinder.klw	Risky first	10.0	2.659906074013276	dp_scale	-0.02022626123921881	-0.010723858570992357	-0.002402865669160284
log-power-percx.pathfinder.klw	Risky first	10.0	2.7339242392624983	dp_scale	-0.020062670349728445	-0.01060230320543903	-0.0022617674489508206
log-power-percx.pathfinder.klw	Risky first	10.0	2.8100021346805373	dp_scale	-0.019756496098252054	-0.010434623820297102	-0.0021098347530380318
log-power-percx.pathfinder.klw	Risky first	10.0	2.8881970771213568	dp_scale	-0.019425964024640665	-0.010226459390762714	-0.0019986263035774595
log-power-percx.pathfinder.klw	Risky first	10.0	2.9685679784156793	dp_scale	-0.019081151004241587	-0.010022400413446875	-0.0018421082785397911
log-power-percx.pathfinder.klw	Risky first	10.0	3.051175389754982	dp_scale	-0.018597350234565442	-0.009759072691623776	-0.0016935436224224058
log-power-percx.pathfinder.klw	Risky first	10.0	3.1360815473105736	dp_scale	-0.018189460217692063	-0.009477612589209723	-0.001503496355429407
log-power-percx.pathfinder.klw	Risky first	10.0	3.2233504191221405	dp_scale	-0.01775277602777146	-0.009220214201611333	-0.0013837941679335495
log-power-percx.pathfinder.klw	Risky first	10.0	3.31304775329107	dp_scale	-0.0173510647450415	-0.008948858557221124	-0.0012124515408217585
log-power-percx.pathfinder.klw	Risky first	10.0	3.40524112751487	dp_scale	-0.016836414699607175	-0.00867033542533164	-0.0011299799446323228
log-power-percx.pathfinder.klw	Risky first	10.0	3.5000000000000004	dp_scale	-0.01631473026468191	-0.008368717150457334	-0.0009979123771604562
log-power-percx.pathfinder.klw	Risky first	10.0	1.2	dp_interaction	-0.015236490596772513	-0.006901280551100361	-0.0015470113595847993
log-power-percx.pathfinder.klw	Risky first	10.0	1.233392832614218	dp_interaction	-0.01600547500639207	-0.007535789468889624	-0.002076244156926672
log-power-percx.pathfinder.klw	Risky first	10.0	1.267714899620104	dp_interaction	-0.016425454424500243	-0.008068353149133931	-0.0025581218050147376
log-power-percx.pathfinder.klw	Risky first	10.0	1.3029920591580744	dp_interaction	-0.01674991279207563	-0.008396394847658566	-0.002909693606535357
log-power-percx.pathfinder.klw	Risky first	10.0	1.339250888932342	dp_interaction	-0.01680844284489058	-0.008603531800355469	-0.0031739831363599464
log-power-percx.pathfinder.klw	Risky first	10.0	1.3765187062344757	dp_interaction	-0.01665925073304821	-0.008638352074370349	-0.0032846592282284215
log-power-percx.pathfinder.klw	Risky first	10.0	1.4148235885241658	dp_interaction	-0.016460476932119154	-0.008520621149333614	-0.0032991768782418968
log-power-percx.pathfinder.klw	Risky first	10.0	1.454194394582695	dp_interaction	-0.01573006238498722	-0.008214997176738651	-0.0032138778652243214
log-power-percx.pathfinder.klw	Risky first	10.0	1.4946607862550567	dp_interaction	-0.015000282109615704	-0.0077553922009448075	-0.0030101240301892563
log-power-percx.pathfinder.klw	Risky first	10.0	1.5362532507970992	dp_interaction	-0.014085069026784133	-0.007200158251566134	-0.002678032387673543
log-power-percx.pathfinder.klw	Risky first	10.0	1.579003123844529	dp_interaction	-0.012965219728451426	-0.006454539121932013	-0.0022410097510828023
log-power-percx.pathfinder.klw	Risky first	10.0	1.6229426130210856	dp_interaction	-0.011730701741330117	-0.005589535082462068	-0.0017203366952210062
log-power-percx.pathfinder.klw	Risky first	10.0	1.6681048222036647	dp_interaction	-0.010326685455900696	-0.004620983295551153	-0.0009541489685816976
log-power-percx.pathfinder.klw	Risky first	10.0	1.714523776462679	dp_interaction	-0.008818927535431521	-0.0036070684942311115	-0.00010272158992045139
log-power-percx.pathfinder.klw	Risky first	10.0	1.7622344476964418	dp_interaction	-0.007296658995602914	-0.0025589098913319785	0.0008685895030106385
log-power-percx.pathfinder.klw	Risky first	10.0	1.8112727809788889	dp_interaction	-0.0058668175590522245	-0.0014787349070568613	0.001968662362748737
log-power-percx.pathfinder.klw	Risky first	10.0	1.861675721640487	dp_interaction	-0.004461903984913706	-0.0004411702000204823	0.0031233914133426974
log-power-percx.pathfinder.klw	Risky first	10.0	1.9134812431027324	dp_interaction	-0.0031530674384500487	0.0005246825789863063	0.004324196323799521
log-power-percx.pathfinder.klw	Risky first	10.0	1.9667283754872122	dp_interaction	-0.002063067924963585	0.0014459189807317647	0.005439677677069157
log-power-percx.pathfinder.klw	Risky first	10.0	2.021457235020777	dp_interaction	-0.0010785479127577568	0.002330700550373173	0.006633614545458698
log-power-percx.pathfinder.klw	Risky first	10.0	2.0777090542589844	dp_interaction	-0.00029322799060303777	0.003119817736401599	0.007643329536634581
log-power-percx.pathfinder.klw	Risky first	10.0	2.1355262131505808	dp_interaction	0.0003696921576306438	0.003810156855525708	0.008635420889878773
log-power-percx.pathfinder.klw	Risky first	10.0	2.1949522709664246	dp_interaction	0.0009376903968568366	0.004409632881113354	0.009466851887126414
log-power-percx.pathfinder.klw	Risky first	10.0	2.256031999116908	dp_interaction	0.0013366629028109254	0.004891210301657144	0.010220785615928814
log-power-percx.pathfinder.klw	Risky first	10.0	2.3188114148826	dp_interaction	0.001620263797324174	0.00527210527957591	0.010720145452096992
log-power-percx.pathfinder.klw	Risky first	10.0	2.3833378160835275	dp_interaction	0.0018125035253985604	0.005567868137354839	0.011092481539423613
log-power-percx.pathfinder.klw	Risky first	10.0	2.4496598167132055	dp_interaction	0.0019626259409671358	0.005764248735293771	0.011428598172923106
log-power-percx.pathfinder.klw	Risky first	10.0	2.5178273835642724	dp_interaction	0.002024490082840728	0.005863003941621739	0.011631147699288621
log-power-percx.pathfinder.klw	Risky first	10.0	2.58789187387332	dp_interaction	0.002058809997583526	0.0058996817801630925	0.011751200665538258
log-power-percx.pathfinder.klw	Risky first	10.0	2.659906074013276	dp_interaction	0.002003426071554293	0.005844839106714227	0.011703421667414487
log-power-percx.pathfinder.klw	Risky first	10.0	2.7339242392624983	dp_interaction	0.0018750158891048133	0.005738342787814895	0.011598683532170266
log-power-percx.pathfinder.klw	Risky first	10.0	2.8100021346805373	dp_interaction	0.0016860101055334341	0.005554562717090716	0.011440246048435668
log-power-percx.pathfinder.klw	Risky first	10.0	2.8881970771213568	dp_interaction	0.0014705614011988938	0.005331883398686683	0.011088419624028897
log-power-percx.pathfinder.klw	Risky first	10.0	2.9685679784156793	dp_interaction	0.0012249512697760949	0.00509349119426999	0.010888635174358745
log-power-percx.pathfinder.klw	Risky first	10.0	3.051175389754982	dp_interaction	0.0009075635027742511	0.004788243343531161	0.01058702927376882
log-power-percx.pathfinder.klw	Risky first	10.0	3.1360815473105736	dp_interaction	0.0005206834246818522	0.004465130911788318	0.010105994240706243
log-power-percx.pathfinder.klw	Risky first	10.0	3.2233504191221405	dp_interaction	0.0001422602270833193	0.004094401452465076	0.00972312807069854
log-power-percx.pathfinder.klw	Risky first	10.0	3.31304775329107	dp_interaction	-0.0002289608054286314	0.003717565079000673	0.00924460493229538
log-power-percx.pathfinder.klw	Risky first	10.0	3.40524112751487	dp_interaction	-0.0005900161133953204	0.0033380612528871373	0.008826022332634199
log-power-percx.pathfinder.klw	Risky first	10.0	3.5000000000000004	dp_interaction	-0.0010771403106202059	0.0029727882634639656	0.008314418721285426
log-power-percx.pathfinder.klw	Risky first	10.0	1.2	num_shift	0.005211107943191819	0.025729190052039136	0.04985289496829279
log-power-percx.pathfinder.klw	Risky first	10.0	1.233392832614218	num_shift	0.004438672945410113	0.024297690206099433	0.047569071283362345
log-power-percx.pathfinder.klw	Risky first	10.0	1.267714899620104	num_shift	0.0035449022080426985	0.02291795529463904	0.04533879807875423
log-power-percx.pathfinder.klw	Risky first	10.0	1.3029920591580744	num_shift	0.002927125999332235	0.02152287787694363	0.043094264460022035
log-power-percx.pathfinder.klw	Risky first	10.0	1.339250888932342	num_shift	0.002210203708008135	0.020169665760602633	0.04101428546066887
log-power-percx.pathfinder.klw	Risky first	10.0	1.3765187062344757	num_shift	0.001429946517946532	0.01886236939975737	0.03895018352501787
log-power-percx.pathfinder.klw	Risky first	10.0	1.4148235885241658	num_shift	0.0006282608712306928	0.01760379916535426	0.03695602999348483
log-power-percx.pathfinder.klw	Risky first	10.0	1.454194394582695	num_shift	-0.0002077663973935234	0.016344499982373223	0.035050949057609034
log-power-percx.pathfinder.klw	Risky first	10.0	1.4946607862550567	num_shift	-0.001041201729720558	0.01510349719429015	0.03344198475219272
log-power-percx.pathfinder.klw	Risky first	10.0	1.5362532507970992	num_shift	-0.0019311975846790907	0.013861477735187562	0.03172230800536264
log-power-percx.pathfinder.klw	Risky first	10.0	1.579003123844529	num_shift	-0.0026750305550667336	0.012769296862425897	0.030016057264889023
log-power-percx.pathfinder.klw	Risky first	10.0	1.6229426130210856	num_shift	-0.003434720865807922	0.011640748213704	0.028405448930016983
log-power-percx.pathfinder.klw	Risky first	10.0	1.6681048222036647	num_shift	-0.004163271021601403	0.010603774078669404	0.026942537376565327
log-power-percx.pathfinder.klw	Risky first	10.0	1.714523776462679	num_shift	-0.005077247177930943	0.009624481195294807	0.02559141441135705
log-power-percx.pathfinder.klw	Risky first	10.0	1.7622344476964418	num_shift	-0.00600551130734871	0.008657185059089663	0.024286661043989376
log-power-percx.pathfinder.klw	Risky first	10.0	1.8112727809788889	num_shift	-0.006843227144246031	0.007797797884689151	0.023109013913633365
log-power-percx.pathfinder.klw	Risky first	10.0	1.861675721640487	num_shift	-0.007632647765356203	0.0069222932850924596	0.022128156530337804
log-power-percx.pathfinder.klw	Risky first	10.0	1.9134812431027324	num_shift	-0.00842524968665594	0.0060899064481965155	0.021175762849220965
log-power-percx.pathfinder.klw	Risky first	10.0	1.9667283754872122	num_shift	-0.00917769357633233	0.005314976073885546	0.02036482798001687
log-power-percx.pathfinder.klw	Risky first	10.0	2.021457235020777	num_shift	-0.010030440455864667	0.0045875422410472395	0.019679978184166693
log-power-percx.pathfinder.klw	Risky first	10.0	2.0777090542589844	num_shift	-0.010839830968717495	0.003945989026988341	0.018987379358799905
log-power-percx.pathfinder.klw	Risky first	10.0	2.1355262131505808	num_shift	-0.011417190870666344	0.003274171344603875	0.01857380342584257
log-power-percx.pathfinder.klw	Risky first	10.0	2.1949522709664246	num_shift	-0.012048816971104163	0.0027004540222080155	0.01800586813411032
log-power-percx.pathfinder.klw	Risky first	10.0	2.256031999116908	num_shift	-0.012853147761754828	0.002184751722565959	0.017818909677017363
log-power-percx.pathfinder.klw	Risky first	10.0	2.3188114148826	num_shift	-0.013548277949997974	0.0017218033315180826	0.017450966532363516
log-power-percx.pathfinder.klw	Risky first	10.0	2.3833378160835275	num_shift	-0.014247116364786826	0.0012843760819249554	0.01731274573592688
log-power-percx.pathfinder.klw	Risky first	10.0	2.4496598167132055	num_shift	-0.014738007297387853	0.0008867364361860672	0.01712067832462559
log-power-percx.pathfinder.klw	Risky first	10.0	2.5178273835642724	num_shift	-0.015269162755688199	0.0006208736323084813	0.017137816916566136
log-power-percx.pathfinder.klw	Risky first	10.0	2.58789187387332	num_shift	-0.01565920439321529	0.00044949116342772957	0.017324587279353952
log-power-percx.pathfinder.klw	Risky first	10.0	2.659906074013276	num_shift	-0.016419093957378846	0.0003332116073056509	0.01750024102166788
log-power-percx.pathfinder.klw	Risky first	10.0	2.7339242392624983	num_shift	-0.016826542678215876	0.00020760337078002083	0.017769306388204058
log-power-percx.pathfinder.klw	Risky first	10.0	2.8100021346805373	num_shift	-0.017062047558006825	0.00017118008537441562	0.018148591889271863
log-power-percx.pathfinder.klw	Risky first	10.0	2.8881970771213568	num_shift	-0.017400963280387198	0.0003086670451702824	0.01858830965733059
log-power-percx.pathfinder.klw	Risky first	10.0	2.9685679784156793	num_shift	-0.017665677022595295	0.00047517940942428435	0.01914342050852128
log-power-percx.pathfinder.klw	Risky first	10.0	3.051175389754982	num_shift	-0.017811525122438446	0.0006735683510628984	0.019818439384208752
log-power-percx.pathfinder.klw	Risky first	10.0	3.1360815473105736	num_shift	-0.017926347422989243	0.0010011720301852886	0.020592478299006362
log-power-percx.pathfinder.klw	Risky first	10.0	3.2233504191221405	num_shift	-0.01791225102847501	0.001374728896125066	0.021538313695715502
log-power-percx.pathfinder.klw	Risky first	10.0	3.31304775329107	num_shift	-0.018004381091882155	0.0018285988023634657	0.02255859502532098
log-power-percx.pathfinder.klw	Risky first	10.0	3.40524112751487	num_shift	-0.018119906008999622	0.0024066732547900873	0.023599621645695505
log-power-percx.pathfinder.klw	Risky first	10.0	3.5000000000000004	num_shift	-0.018122577165807334	0.0031039596174075273	0.024762933825248665
log-power-percx.pathfinder.klw	Risky first	10.0	1.2	den_ratio	1.0515506433705721	1.1247231938387965	1.2101623199108709
log-power-percx.pathfinder.klw	Risky first	10.0	1.233392832614218	den_ratio	1.0509884995822865	1.1236521762301481	1.2079950250430818
log-power-percx.pathfinder.klw	Risky first	10.0	1.267714899620104	den_ratio	1.05054431355336	1.1226325713553287	1.2059519590530552
log-power-percx.pathfinder.klw	Risky first	10.0	1.3029920591580744	den_ratio	1.049914881599321	1.1215149534115296	1.2037068937659576
log-power-percx.pathfinder.klw	Risky first	10.0	1.339250888932342	den_ratio	1.04941414357029	1.120511858246873	1.2017880094244444
log-power-percx.pathfinder.klw	Risky first	10.0	1.3765187062344757	den_ratio	1.048824556268678	1.1193711924439622	1.2000973866711284
log-power-percx.pathfinder.klw	Risky first	10.0	1.4148235885241658	den_ratio	1.0483641862981978	1.1182612476186544	1.1977956792264874
log-power-percx.pathfinder.klw	Risky first	10.0	1.454194394582695	den_ratio	1.0478029690575261	1.1171986081563645	1.1959361433602602
log-power-percx.pathfinder.klw	Risky first	10.0	1.4946607862550567	den_ratio	1.0473562339961242	1.1159952963492261	1.1941581201601679
log-power-percx.pathfinder.klw	Risky first	10.0	1.5362532507970992	den_ratio	1.046860538365825	1.1149364119587737	1.1926294417790886
log-power-percx.pathfinder.klw	Risky first	10.0	1.579003123844529	den_ratio	1.0463305951187503	1.1137844615376773	1.1910022791343784
log-power-percx.pathfinder.klw	Risky first	10.0	1.6229426130210856	den_ratio	1.0457414631563275	1.1126409998204618	1.1893828613178734
log-power-percx.pathfinder.klw	Risky first	10.0	1.6681048222036647	den_ratio	1.0452296411796407	1.1115149979887107	1.1878733166265452
log-power-percx.pathfinder.klw	Risky first	10.0	1.714523776462679	den_ratio	1.0446644789540136	1.1103644935181607	1.1862367614520355
log-power-percx.pathfinder.klw	Risky first	10.0	1.7622344476964418	den_ratio	1.0440661274135419	1.1092115098068085	1.1848923952968118
log-power-percx.pathfinder.klw	Risky first	10.0	1.8112727809788889	den_ratio	1.0436776040966504	1.1081124236865998	1.1830139499731152
log-power-percx.pathfinder.klw	Risky first	10.0	1.861675721640487	den_ratio	1.0433274968941395	1.1070249533020449	1.1812099908970952
log-power-percx.pathfinder.klw	Risky first	10.0	1.9134812431027324	den_ratio	1.0428448598141093	1.1058791039081535	1.1797850199587552
log-power-percx.pathfinder.klw	Risky first	10.0	1.9667283754872122	den_ratio	1.0422035617268015	1.1047628093046256	1.1784644951763643
log-power-percx.pathfinder.klw	Risky first	10.0	2.021457235020777	den_ratio	1.0414998311743664	1.1036701226513603	1.1771163148832775
log-power-percx.pathfinder.klw	Risky first	10.0	2.0777090542589844	den_ratio	1.0410069006799472	1.102807423014395	1.175720089109625
log-power-percx.pathfinder.klw	Risky first	10.0	2.1355262131505808	den_ratio	1.0405269670047739	1.1017015620873365	1.174404995698224
log-power-percx.pathfinder.klw	Risky first	10.0	2.1949522709664246	den_ratio	1.0403853860974972	1.10070561192944	1.1726523812931329
log-power-percx.pathfinder.klw	Risky first	10.0	2.256031999116908	den_ratio	1.0399044700950622	1.0997480966987807	1.1711523704497042
log-power-percx.pathfinder.klw	Risky first	10.0	2.3188114148826	den_ratio	1.0392861425023223	1.0988069852682707	1.169531622823661
log-power-percx.pathfinder.klw	Risky first	10.0	2.3833378160835275	den_ratio	1.0387956894986379	1.0978541811191955	1.1680863217132826
log-power-percx.pathfinder.klw	Risky first	10.0	2.4496598167132055	den_ratio	1.0382246402934578	1.0969253369570162	1.1663985934963523
log-power-percx.pathfinder.klw	Risky first	10.0	2.5178273835642724	den_ratio	1.0378658615338043	1.0959600944173125	1.1652035939076302
log-power-percx.pathfinder.klw	Risky first	10.0	2.58789187387332	den_ratio	1.037324364391032	1.0950422424430062	1.1637255280480832
log-power-percx.pathfinder.klw	Risky first	10.0	2.659906074013276	den_ratio	1.0367593087532094	1.0941124103247826	1.1621995312096858
log-power-percx.pathfinder.klw	Risky first	10.0	2.7339242392624983	den_ratio	1.0361792555715754	1.0932226827588354	1.1606947199671527
log-power-percx.pathfinder.klw	Risky first	10.0	2.8100021346805373	den_ratio	1.0358307494292998	1.0923932940189311	1.1593010650528874
log-power-percx.pathfinder.klw	Risky first	10.0	2.8881970771213568	den_ratio	1.0353981284983291	1.0914629274727279	1.1582356520964652
log-power-percx.pathfinder.klw	Risky first	10.0	2.9685679784156793	den_ratio	1.0349647277358374	1.0906525844089683	1.157121589915638
log-power-percx.pathfinder.klw	Risky first	10.0	3.051175389754982	den_ratio	1.0347216968530095	1.0898557293601292	1.1559941326079475
log-power-percx.pathfinder.klw	Risky first	10.0	3.1360815473105736	den_ratio	1.0341548972013015	1.0891171768382693	1.1547673573109367
log-power-percx.pathfinder.klw	Risky first	10.0	3.2233504191221405	den_ratio	1.0338178129691087	1.0884372593196978	1.1535857943083012
log-power-percx.pathfinder.klw	Risky first	10.0	3.31304775329107	den_ratio	1.0335469364835999	1.0877643975760882	1.1525471114136094
log-power-percx.pathfinder.klw	Risky first	10.0	3.40524112751487	den_ratio	1.033044494617325	1.0871178159868846	1.1513559951043313
log-power-percx.pathfinder.klw	Risky first	10.0	3.5000000000000004	den_ratio	1.0327945115165593	1.0863430875146038	1.1503845340040337
log-power-percx.pathfinder.klw	Risky first	14.0	1.2	p_vertex	0.10254209602598943	0.1310382524570477	0.16652330077926095
log-power-percx.pathfinder.klw	Risky first	14.0	1.233392832614218	p_vertex	0.11481499208045233	0.14425647648745193	0.180956174999423
log-power-percx.pathfinder.klw	Risky first	14.0	1.267714899620104	p_vertex	0.12785017526228015	0.15835555550908173	0.19572224732434154
log-power-percx.pathfinder.klw	Risky first	14.0	1.3029920591580744	p_vertex	0.1421057239724379	0.17338784646119987	0.21115697328821162
log-power-percx.pathfinder.klw	Risky first	14.0	1.339250888932342	p_vertex	0.15734403326833596	0.1892681332537024	0.2274753967047502
log-power-percx.pathfinder.klw	Risky first	14.0	1.3765187062344757	p_vertex	0.1736940363911513	0.20606438113230247	0.24436466348949773
log-power-percx.pathfinder.klw	Risky first	14.0	1.4148235885241658	p_vertex	0.19095442588689132	0.22360421364010746	0.26176971792406395
log-power-percx.pathfinder.klw	Risky first	14.0	1.454194394582695	p_vertex	0.20935572737240601	0.24196528010460072	0.279509046406476
log-power-percx.pathfinder.klw	Risky first	14.0	1.4946607862550567	p_vertex	0.22873024901134054	0.2609116338137004	0.2975862874220211
log-power-percx.pathfinder.klw	Risky first	14.0	1.5362532507970992	p_vertex	0.24894341225310396	0.28046188626508195	0.31599016760609017
log-power-percx.pathfinder.klw	Risky first	14.0	1.579003123844529	p_vertex	0.26945876366737814	0.3006588301644919	0.3349640326113034
log-power-percx.pathfinder.klw	Risky first	14.0	1.6229426130210856	p_vertex	0.2906360892100355	0.32098125463868343	0.3539960221482837
log-power-percx.pathfinder.klw	Risky first	14.0	1.6681048222036647	p_vertex	0.31206821219654624	0.3416727729831499	0.3727778687268765
log-power-percx.pathfinder.klw	Risky first	14.0	1.714523776462679	p_vertex	0.3342792407730202	0.36257670444902973	0.39236975682289105
log-power-percx.pathfinder.klw	Risky first	14.0	1.7622344476964418	p_vertex	0.35587491668755933	0.3836561283498683	0.4120059349557775
log-power-percx.pathfinder.klw	Risky first	14.0	1.8112727809788889	p_vertex	0.37759419683320294	0.40446696345495237	0.4315612398625298
log-power-percx.pathfinder.klw	Risky first	14.0	1.861675721640487	p_vertex	0.3989277835545003	0.42503957906146483	0.4516335616828689
log-power-percx.pathfinder.klw	Risky first	14.0	1.9134812431027324	p_vertex	0.419898819378994	0.4455734883264968	0.4714452034399056
log-power-percx.pathfinder.klw	Risky first	14.0	1.9667283754872122	p_vertex	0.4400098406333277	0.46575776508142885	0.49153922218106405
log-power-percx.pathfinder.klw	Risky first	14.0	2.021457235020777	p_vertex	0.45945465182748674	0.4854684912245748	0.5114864478950103
log-power-percx.pathfinder.klw	Risky first	14.0	2.0777090542589844	p_vertex	0.4781177873047942	0.5046097484662058	0.5310304409728623
log-power-percx.pathfinder.klw	Risky first	14.0	2.1355262131505808	p_vertex	0.49631681929202637	0.5232294701783298	0.5506174633751985
log-power-percx.pathfinder.klw	Risky first	14.0	2.1949522709664246	p_vertex	0.5138805692863205	0.541606918029013	0.5696399678484564
log-power-percx.pathfinder.klw	Risky first	14.0	2.256031999116908	p_vertex	0.5309881969257854	0.5593132370279615	0.5882097988146997
log-power-percx.pathfinder.klw	Risky first	14.0	2.3188114148826	p_vertex	0.5469615532388002	0.5765718262998278	0.6063587081478905
log-power-percx.pathfinder.klw	Risky first	14.0	2.3833378160835275	p_vertex	0.562506419212578	0.5931115238638038	0.6239738566644779
log-power-percx.pathfinder.klw	Risky first	14.0	2.4496598167132055	p_vertex	0.5776103059698572	0.6091991197774123	0.6416717648373137
log-power-percx.pathfinder.klw	Risky first	14.0	2.5178273835642724	p_vertex	0.59198404529128	0.6246964662027941	0.6584445795480077
log-power-percx.pathfinder.klw	Risky first	14.0	2.58789187387332	p_vertex	0.6059183329139242	0.6395925341050692	0.6748635527808878
log-power-percx.pathfinder.klw	Risky first	14.0	2.659906074013276	p_vertex	0.6194337762671794	0.6539813765834663	0.6905429723439841
log-power-percx.pathfinder.klw	Risky first	14.0	2.7339242392624983	p_vertex	0.6318468888240577	0.6678596623870146	0.7052116242393378
log-power-percx.pathfinder.klw	Risky first	14.0	2.8100021346805373	p_vertex	0.6443275168669331	0.6811348515321651	0.7191613703284954
log-power-percx.pathfinder.klw	Risky first	14.0	2.8881970771213568	p_vertex	0.6563380233652949	0.6938489539535095	0.7328760472190443
log-power-percx.pathfinder.klw	Risky first	14.0	2.9685679784156793	p_vertex	0.6673714066298995	0.705957717634389	0.7456761695915781
log-power-percx.pathfinder.klw	Risky first	14.0	3.051175389754982	p_vertex	0.6781830014554734	0.7175889882188423	0.7575876883347088
log-power-percx.pathfinder.klw	Risky first	14.0	3.1360815473105736	p_vertex	0.6884414613318246	0.7287731559044177	0.7689584862773441
log-power-percx.pathfinder.klw	Risky first	14.0	3.2233504191221405	p_vertex	0.6982988900392669	0.7392369200292159	0.7798568153472498
log-power-percx.pathfinder.klw	Risky first	14.0	3.31304775329107	p_vertex	0.7072092666801123	0.7491587790973279	0.790198180006691
log-power-percx.pathfinder.klw	Risky first	14.0	3.40524112751487	p_vertex	0.7162413467973878	0.758626866385065	0.799568114183128
log-power-percx.pathfinder.klw	Risky first	14.0	3.5000000000000004	p_vertex	0.725013819022738	0.767460048908718	0.808291442295492
log-power-percx.pathfinder.klw	Risky first	14.0	1.2	p_full	0.13775637936214613	0.17159559460744245	0.20956187620263073
log-power-percx.pathfinder.klw	Risky first	14.0	1.233392832614218	p_full	0.15091322759616296	0.1850660663200099	0.22288293149405367
log-power-percx.pathfinder.klw	Risky first	14.0	1.267714899620104	p_full	0.1648929463056601	0.1991425655436616	0.236630888994109
log-power-percx.pathfinder.klw	Risky first	14.0	1.3029920591580744	p_full	0.1795386748288334	0.21380878263474795	0.25071951377332646
log-power-percx.pathfinder.klw	Risky first	14.0	1.339250888932342	p_full	0.19492569328921588	0.22904548137142977	0.2654508959142746
log-power-percx.pathfinder.klw	Risky first	14.0	1.3765187062344757	p_full	0.21089857849072832	0.2450390877851461	0.28072428031223884
log-power-percx.pathfinder.klw	Risky first	14.0	1.4148235885241658	p_full	0.2278867220433671	0.26145417047090375	0.2961325199125208
log-power-percx.pathfinder.klw	Risky first	14.0	1.454194394582695	p_full	0.24562702696215855	0.2781742439831946	0.3122562655116912
log-power-percx.pathfinder.klw	Risky first	14.0	1.4946607862550567	p_full	0.263921908343646	0.29532611512818907	0.3283356979867534
log-power-percx.pathfinder.klw	Risky first	14.0	1.5362532507970992	p_full	0.28273082884387024	0.31297841510021623	0.34475192787338416
log-power-percx.pathfinder.klw	Risky first	14.0	1.579003123844529	p_full	0.3017129659301355	0.33080755889887226	0.36131359677489094
log-power-percx.pathfinder.klw	Risky first	14.0	1.6229426130210856	p_full	0.3210817864495591	0.348912531722715	0.37840539396520956
log-power-percx.pathfinder.klw	Risky first	14.0	1.6681048222036647	p_full	0.3406849324918585	0.36729654484129853	0.39477415003051064
log-power-percx.pathfinder.klw	Risky first	14.0	1.714523776462679	p_full	0.35986288244963827	0.38580095021659805	0.4117955447924565
log-power-percx.pathfinder.klw	Risky first	14.0	1.7622344476964418	p_full	0.37944642440918575	0.4044778901318059	0.42923034931033055
log-power-percx.pathfinder.klw	Risky first	14.0	1.8112727809788889	p_full	0.39890014010855335	0.42293363929446137	0.4469152191131518
log-power-percx.pathfinder.klw	Risky first	14.0	1.861675721640487	p_full	0.41801779457376304	0.44123964430074025	0.46448939823637303
log-power-percx.pathfinder.klw	Risky first	14.0	1.9134812431027324	p_full	0.4370620526564667	0.45963291926808947	0.4823347034978044
log-power-percx.pathfinder.klw	Risky first	14.0	1.9667283754872122	p_full	0.4555458016116429	0.4777140240605669	0.500324238163147
log-power-percx.pathfinder.klw	Risky first	14.0	2.021457235020777	p_full	0.47315494843369565	0.4955505664439561	0.5182771854850918
log-power-percx.pathfinder.klw	Risky first	14.0	2.0777090542589844	p_full	0.4904211574179009	0.513062759843608	0.5364549682614335
log-power-percx.pathfinder.klw	Risky first	14.0	2.1355262131505808	p_full	0.5071864870782655	0.5302604008106349	0.5539938434769947
log-power-percx.pathfinder.klw	Risky first	14.0	2.1949522709664246	p_full	0.5236855592108622	0.5471522278474343	0.5713330626010436
log-power-percx.pathfinder.klw	Risky first	14.0	2.256031999116908	p_full	0.5396314411374042	0.5636175365361135	0.5890107380337171
log-power-percx.pathfinder.klw	Risky first	14.0	2.3188114148826	p_full	0.5548288040810899	0.5798017068269367	0.60637943476289
log-power-percx.pathfinder.klw	Risky first	14.0	2.3833378160835275	p_full	0.5695966379734122	0.5955731490776082	0.6232037850068616
log-power-percx.pathfinder.klw	Risky first	14.0	2.4496598167132055	p_full	0.5838209356874766	0.6109204608006945	0.639684902341901
log-power-percx.pathfinder.klw	Risky first	14.0	2.5178273835642724	p_full	0.5973617946650371	0.6258028548980049	0.6556715606609114
log-power-percx.pathfinder.klw	Risky first	14.0	2.58789187387332	p_full	0.6108496426537172	0.6402412473750443	0.6713682748839381
log-power-percx.pathfinder.klw	Risky first	14.0	2.659906074013276	p_full	0.6237564003120113	0.6542219190886558	0.6864613437553052
log-power-percx.pathfinder.klw	Risky first	14.0	2.7339242392624983	p_full	0.6362550223284624	0.6678215772941161	0.7012388716363921
log-power-percx.pathfinder.klw	Risky first	14.0	2.8100021346805373	p_full	0.6484452709568802	0.6809434474743885	0.7157094124781125
log-power-percx.pathfinder.klw	Risky first	14.0	2.8881970771213568	p_full	0.6598414659473882	0.693691268641921	0.7294988903906214
log-power-percx.pathfinder.klw	Risky first	14.0	2.9685679784156793	p_full	0.6708806111394272	0.705997378529192	0.742683996488225
log-power-percx.pathfinder.klw	Risky first	14.0	3.051175389754982	p_full	0.6814104579511674	0.717882791325881	0.7557873836576797
log-power-percx.pathfinder.klw	Risky first	14.0	3.1360815473105736	p_full	0.6916909035759392	0.7293590764667501	0.7681917870882664
log-power-percx.pathfinder.klw	Risky first	14.0	3.2233504191221405	p_full	0.7014169920894411	0.7403024808316219	0.7799426410275827
log-power-percx.pathfinder.klw	Risky first	14.0	3.31304775329107	p_full	0.7109456272407122	0.7508858421927	0.7915347790627786
log-power-percx.pathfinder.klw	Risky first	14.0	3.40524112751487	p_full	0.7201865843226691	0.761145232609028	0.8022961400938392
log-power-percx.pathfinder.klw	Risky first	14.0	3.5000000000000004	p_full	0.7292590327169569	0.7709987723274538	0.8127300718563574
log-power-percx.pathfinder.klw	Risky first	14.0	1.2	p_bias_only	0.12943616977623226	0.16370887235364862	0.20356649333583485
log-power-percx.pathfinder.klw	Risky first	14.0	1.233392832614218	p_bias_only	0.14264359680623856	0.1775347860638879	0.21754176474109352
log-power-percx.pathfinder.klw	Risky first	14.0	1.267714899620104	p_bias_only	0.15663816986085438	0.19187671886796792	0.23182516299708059
log-power-percx.pathfinder.klw	Risky first	14.0	1.3029920591580744	p_bias_only	0.17147320479500078	0.2069791529686265	0.24674745064668724
log-power-percx.pathfinder.klw	Risky first	14.0	1.339250888932342	p_bias_only	0.18735147605389146	0.22271162925644483	0.2620686903263252
log-power-percx.pathfinder.klw	Risky first	14.0	1.3765187062344757	p_bias_only	0.20432234558715184	0.23910625805266333	0.27781963849925045
log-power-percx.pathfinder.klw	Risky first	14.0	1.4148235885241658	p_bias_only	0.22183389911107348	0.2559959398585467	0.2938897638500809
log-power-percx.pathfinder.klw	Risky first	14.0	1.454194394582695	p_bias_only	0.23980835120633556	0.2733076232320242	0.3099457936989735
log-power-percx.pathfinder.klw	Risky first	14.0	1.4946607862550567	p_bias_only	0.25844456563260787	0.29107388353329666	0.32628326682602404
log-power-percx.pathfinder.klw	Risky first	14.0	1.5362532507970992	p_bias_only	0.27787189273666013	0.3092461526811262	0.3431746295212379
log-power-percx.pathfinder.klw	Risky first	14.0	1.579003123844529	p_bias_only	0.2974837433897626	0.3277665147424452	0.35997091956264154
log-power-percx.pathfinder.klw	Risky first	14.0	1.6229426130210856	p_bias_only	0.3172497229046538	0.34647340963287476	0.3771263640406373
log-power-percx.pathfinder.klw	Risky first	14.0	1.6681048222036647	p_bias_only	0.3372615155307594	0.36552477028515223	0.3943409987967949
log-power-percx.pathfinder.klw	Risky first	14.0	1.714523776462679	p_bias_only	0.35734131317011697	0.38445387965523525	0.4120947901300069
log-power-percx.pathfinder.klw	Risky first	14.0	1.7622344476964418	p_bias_only	0.3775688209917082	0.4035600154386897	0.4298435224496142
log-power-percx.pathfinder.klw	Risky first	14.0	1.8112727809788889	p_bias_only	0.3976014032666698	0.42258920617829665	0.44795528966607684
log-power-percx.pathfinder.klw	Risky first	14.0	1.861675721640487	p_bias_only	0.4171415956743913	0.44144385785332874	0.4661411333824863
log-power-percx.pathfinder.klw	Risky first	14.0	1.9134812431027324	p_bias_only	0.4365521994482024	0.4601248658710627	0.4842149467387801
log-power-percx.pathfinder.klw	Risky first	14.0	1.9667283754872122	p_bias_only	0.4551435091733577	0.4785615067926733	0.5023471696167647
log-power-percx.pathfinder.klw	Risky first	14.0	2.021457235020777	p_bias_only	0.4733658947979492	0.4965364897560105	0.5206645767284956
log-power-percx.pathfinder.klw	Risky first	14.0	2.0777090542589844	p_bias_only	0.49104286203573266	0.5141911744070398	0.5388189943918202
log-power-percx.pathfinder.klw	Risky first	14.0	2.1355262131505808	p_bias_only	0.5078585847457404	0.5316766766860841	0.5564251834139686
log-power-percx.pathfinder.klw	Risky first	14.0	2.1949522709664246	p_bias_only	0.5246038163437936	0.5487409159754565	0.5738097267382917
log-power-percx.pathfinder.klw	Risky first	14.0	2.256031999116908	p_bias_only	0.5406237640939731	0.5652020773774964	0.591089511986872
log-power-percx.pathfinder.klw	Risky first	14.0	2.3188114148826	p_bias_only	0.555867551295537	0.581097038269867	0.6081124845465433
log-power-percx.pathfinder.klw	Risky first	14.0	2.3833378160835275	p_bias_only	0.5706259978444082	0.5968281121785106	0.6251077405934489
log-power-percx.pathfinder.klw	Risky first	14.0	2.4496598167132055	p_bias_only	0.5849738087752867	0.6120597376669431	0.6412892482583933
log-power-percx.pathfinder.klw	Risky first	14.0	2.5178273835642724	p_bias_only	0.5989059891165683	0.6267403327928066	0.6573061004610476
log-power-percx.pathfinder.klw	Risky first	14.0	2.58789187387332	p_bias_only	0.6123353994885828	0.641150542895276	0.6729736061406238
log-power-percx.pathfinder.klw	Risky first	14.0	2.659906074013276	p_bias_only	0.6251277774643084	0.655023635035139	0.6880587296638889
log-power-percx.pathfinder.klw	Risky first	14.0	2.7339242392624983	p_bias_only	0.6373883925732715	0.6684815611975943	0.7026141194352163
log-power-percx.pathfinder.klw	Risky first	14.0	2.8100021346805373	p_bias_only	0.6491173615542154	0.6815105336113567	0.7169948620670943
log-power-percx.pathfinder.klw	Risky first	14.0	2.8881970771213568	p_bias_only	0.6605862860050314	0.6940555945882059	0.7309688633824106
log-power-percx.pathfinder.klw	Risky first	14.0	2.9685679784156793	p_bias_only	0.6717871392683918	0.7063546752169572	0.7443716362594489
log-power-percx.pathfinder.klw	Risky first	14.0	3.051175389754982	p_bias_only	0.6821447539830531	0.7181406152366054	0.7572320923565296
log-power-percx.pathfinder.klw	Risky first	14.0	3.1360815473105736	p_bias_only	0.692493024207244	0.7296030712970407	0.7700088349407167
log-power-percx.pathfinder.klw	Risky first	14.0	3.2233504191221405	p_bias_only	0.7024126846137387	0.7407164603797671	0.782080994844874
log-power-percx.pathfinder.klw	Risky first	14.0	3.31304775329107	p_bias_only	0.7118360658922059	0.7514560897222083	0.7937718228277919
log-power-percx.pathfinder.klw	Risky first	14.0	3.40524112751487	p_bias_only	0.720919144638173	0.761703809341845	0.8048282713873832
log-power-percx.pathfinder.klw	Risky first	14.0	3.5000000000000004	p_bias_only	0.7295468455344777	0.771825221627332	0.8155287949824213
log-power-percx.pathfinder.klw	Risky first	14.0	1.2	p_scale_only	0.1167962002612468	0.14427506162573245	0.17765501039027995
log-power-percx.pathfinder.klw	Risky first	14.0	1.233392832614218	p_scale_only	0.12956102987419077	0.1576964279182899	0.1917396779474654
log-power-percx.pathfinder.klw	Risky first	14.0	1.267714899620104	p_scale_only	0.1433413896518636	0.17200327705467383	0.206465714267886
log-power-percx.pathfinder.klw	Risky first	14.0	1.3029920591580744	p_scale_only	0.15791213545516383	0.18702437135890795	0.22169882615922146
log-power-percx.pathfinder.klw	Risky first	14.0	1.339250888932342	p_scale_only	0.17322679705876212	0.20284139172035065	0.23792365273338825
log-power-percx.pathfinder.klw	Risky first	14.0	1.3765187062344757	p_scale_only	0.18943328921175448	0.21929844304210155	0.2541345488806591
log-power-percx.pathfinder.klw	Risky first	14.0	1.4148235885241658	p_scale_only	0.20633660519703262	0.2363484061872757	0.27081352137640013
log-power-percx.pathfinder.klw	Risky first	14.0	1.454194394582695	p_scale_only	0.2239996647199064	0.2540096561218333	0.28798044307338344
log-power-percx.pathfinder.klw	Risky first	14.0	1.4946607862550567	p_scale_only	0.24245011077354287	0.27217267857382976	0.30530567858547025
log-power-percx.pathfinder.klw	Risky first	14.0	1.5362532507970992	p_scale_only	0.2614096222415421	0.2907684108304921	0.32308467993438095
log-power-percx.pathfinder.klw	Risky first	14.0	1.579003123844529	p_scale_only	0.2809316267778716	0.3098754385182948	0.3411251592336823
log-power-percx.pathfinder.klw	Risky first	14.0	1.6229426130210856	p_scale_only	0.3007725335977872	0.3291279448180756	0.35952431782877475
log-power-percx.pathfinder.klw	Risky first	14.0	1.6681048222036647	p_scale_only	0.3207744600066012	0.34861386581732545	0.37795703251412976
log-power-percx.pathfinder.klw	Risky first	14.0	1.714523776462679	p_scale_only	0.34096528774312435	0.36825992344251335	0.3966271383462779
log-power-percx.pathfinder.klw	Risky first	14.0	1.7622344476964418	p_scale_only	0.3613040024348099	0.3878721584334909	0.4152538781266464
log-power-percx.pathfinder.klw	Risky first	14.0	1.8112727809788889	p_scale_only	0.38123636163833563	0.4074056115224729	0.4339762227181898
log-power-percx.pathfinder.klw	Risky first	14.0	1.861675721640487	p_scale_only	0.4013303747638416	0.42685430196693486	0.45286859371272215
log-power-percx.pathfinder.klw	Risky first	14.0	1.9134812431027324	p_scale_only	0.4207409109890618	0.446131170230301	0.47161411115368596
log-power-percx.pathfinder.klw	Risky first	14.0	1.9667283754872122	p_scale_only	0.4400138459519866	0.46527969097961286	0.49052780488370695
log-power-percx.pathfinder.klw	Risky first	14.0	2.021457235020777	p_scale_only	0.4586364666978841	0.4840926742122079	0.5094517929787287
log-power-percx.pathfinder.klw	Risky first	14.0	2.0777090542589844	p_scale_only	0.47642101748315424	0.5024114658494526	0.5281471262577396
log-power-percx.pathfinder.klw	Risky first	14.0	2.1355262131505808	p_scale_only	0.49370131743824447	0.5203920741188421	0.5464504897255121
log-power-percx.pathfinder.klw	Risky first	14.0	2.1949522709664246	p_scale_only	0.5106262730862217	0.5380945141812454	0.5646705781944305
log-power-percx.pathfinder.klw	Risky first	14.0	2.256031999116908	p_scale_only	0.5274092844812327	0.5552872903079938	0.5821017004606888
log-power-percx.pathfinder.klw	Risky first	14.0	2.3188114148826	p_scale_only	0.5430430750314239	0.5719760283574961	0.5998017455799308
log-power-percx.pathfinder.klw	Risky first	14.0	2.3833378160835275	p_scale_only	0.558339033177471	0.588261126375639	0.617046218634917
log-power-percx.pathfinder.klw	Risky first	14.0	2.4496598167132055	p_scale_only	0.573134760605613	0.6040379722055613	0.6339285259360592
log-power-percx.pathfinder.klw	Risky first	14.0	2.5178273835642724	p_scale_only	0.587482187747347	0.6192235788645584	0.6503187746049738
log-power-percx.pathfinder.klw	Risky first	14.0	2.58789187387332	p_scale_only	0.601393126143671	0.6339947236388079	0.6658416629184131
log-power-percx.pathfinder.klw	Risky first	14.0	2.659906074013276	p_scale_only	0.6146291082599353	0.648083469958415	0.6812657828026721
log-power-percx.pathfinder.klw	Risky first	14.0	2.7339242392624983	p_scale_only	0.6274934351696717	0.6617503158328326	0.6960517436481898
log-power-percx.pathfinder.klw	Risky first	14.0	2.8100021346805373	p_scale_only	0.6396917147843233	0.6749675667438308	0.7100372031184605
log-power-percx.pathfinder.klw	Risky first	14.0	2.8881970771213568	p_scale_only	0.6513627708276434	0.687652496642052	0.7235576929227154
log-power-percx.pathfinder.klw	Risky first	14.0	2.9685679784156793	p_scale_only	0.6626240348452419	0.6996893078434268	0.7362858731081959
log-power-percx.pathfinder.klw	Risky first	14.0	3.051175389754982	p_scale_only	0.6729835766440554	0.7111846697173594	0.7484154320223503
log-power-percx.pathfinder.klw	Risky first	14.0	3.1360815473105736	p_scale_only	0.6830000581088359	0.7222341851867335	0.759950993961126
log-power-percx.pathfinder.klw	Risky first	14.0	3.2233504191221405	p_scale_only	0.6928163560643077	0.7326983521154129	0.7709495392863708
log-power-percx.pathfinder.klw	Risky first	14.0	3.31304775329107	p_scale_only	0.7023532234714966	0.7426081614709324	0.7810105299387574
log-power-percx.pathfinder.klw	Risky first	14.0	3.40524112751487	p_scale_only	0.7111736193427909	0.7520030033731867	0.7905611797869626
log-power-percx.pathfinder.klw	Risky first	14.0	3.5000000000000004	p_scale_only	0.7193549809581196	0.760782650920529	0.7998200184936893
log-power-percx.pathfinder.klw	Risky first	14.0	1.2	dp_full	0.013669263808029566	0.04007877044107731	0.067658392176853
log-power-percx.pathfinder.klw	Risky first	14.0	1.233392832614218	dp_full	0.014061185670185397	0.0400925375752684	0.06753935818454652
log-power-percx.pathfinder.klw	Risky first	14.0	1.267714899620104	dp_full	0.014335890699336077	0.040012925959629124	0.06742299990900881
log-power-percx.pathfinder.klw	Risky first	14.0	1.3029920591580744	dp_full	0.014398928532269678	0.0395814617239346	0.06650760900547598
log-power-percx.pathfinder.klw	Risky first	14.0	1.339250888932342	dp_full	0.014434386693705998	0.038955892308196294	0.0654633241422149
log-power-percx.pathfinder.klw	Risky first	14.0	1.3765187062344757	dp_full	0.014320522593506038	0.037924058825354726	0.06400159131471711
log-power-percx.pathfinder.klw	Risky first	14.0	1.4148235885241658	dp_full	0.013939135269928717	0.03670308696806716	0.06179722282328246
log-power-percx.pathfinder.klw	Risky first	14.0	1.454194394582695	dp_full	0.013530940110983913	0.03526411210452974	0.05927103534079681
log-power-percx.pathfinder.klw	Risky first	14.0	1.4946607862550567	dp_full	0.013144599812666781	0.033607352200672055	0.056534212103951355
log-power-percx.pathfinder.klw	Risky first	14.0	1.5362532507970992	dp_full	0.012678072676390276	0.03172282405499804	0.05316216217289197
log-power-percx.pathfinder.klw	Risky first	14.0	1.579003123844529	dp_full	0.012080474632510652	0.029674832581590184	0.04999375745972593
log-power-percx.pathfinder.klw	Risky first	14.0	1.6229426130210856	dp_full	0.011275307819172634	0.027388004090183757	0.04620876089635116
log-power-percx.pathfinder.klw	Risky first	14.0	1.6681048222036647	dp_full	0.010507006549934503	0.02510268418576094	0.04268425148636811
log-power-percx.pathfinder.klw	Risky first	14.0	1.714523776462679	dp_full	0.00937756183337481	0.02273152217829293	0.03904120304648784
log-power-percx.pathfinder.klw	Risky first	14.0	1.7622344476964418	dp_full	0.008237003826334853	0.020451899872972676	0.03519893026720431
log-power-percx.pathfinder.klw	Risky first	14.0	1.8112727809788889	dp_full	0.006874716113179733	0.018196175289284428	0.03208155864179157
log-power-percx.pathfinder.klw	Risky first	14.0	1.861675721640487	dp_full	0.0052664344806103575	0.01597357863258779	0.02905329906395039
log-power-percx.pathfinder.klw	Risky first	14.0	1.9134812431027324	dp_full	0.003094983197192882	0.013917951284021509	0.026556926633331385
log-power-percx.pathfinder.klw	Risky first	14.0	1.9667283754872122	dp_full	0.0008349089277465592	0.011984670300318256	0.024629780668393882
log-power-percx.pathfinder.klw	Risky first	14.0	2.021457235020777	dp_full	-0.00182240217613746	0.010152869055670359	0.02319415851299181
log-power-percx.pathfinder.klw	Risky first	14.0	2.0777090542589844	dp_full	-0.004550597706587701	0.00850634730679519	0.022154166423440376
log-power-percx.pathfinder.klw	Risky first	14.0	2.1355262131505808	dp_full	-0.006975595860896131	0.0070398444265444594	0.021655767820555397
log-power-percx.pathfinder.klw	Risky first	14.0	2.1949522709664246	dp_full	-0.00944756234691556	0.0057436401062289	0.021145184402139847
log-power-percx.pathfinder.klw	Risky first	14.0	2.256031999116908	dp_full	-0.011886010115478686	0.0045873471153061365	0.020962747873225166
log-power-percx.pathfinder.klw	Risky first	14.0	2.3188114148826	dp_full	-0.01406517564760674	0.00357603357400567	0.021060079211912483
log-power-percx.pathfinder.klw	Risky first	14.0	2.3833378160835275	dp_full	-0.01588164570430679	0.0027818891565990524	0.021310542787187744
log-power-percx.pathfinder.klw	Risky first	14.0	2.4496598167132055	dp_full	-0.017644625935103655	0.002058398777850799	0.021643597087050947
log-power-percx.pathfinder.klw	Risky first	14.0	2.5178273835642724	dp_full	-0.01935027281509443	0.0014978726700995005	0.022188717976089706
log-power-percx.pathfinder.klw	Risky first	14.0	2.58789187387332	dp_full	-0.02049873888205499	0.0009846756369236186	0.022474939096806965
log-power-percx.pathfinder.klw	Risky first	14.0	2.659906074013276	dp_full	-0.021579138919621703	0.0006102070693112535	0.02311771840772885
log-power-percx.pathfinder.klw	Risky first	14.0	2.7339242392624983	dp_full	-0.02268536175349073	0.0003674700197569793	0.023698864134207142
log-power-percx.pathfinder.klw	Risky first	14.0	2.8100021346805373	dp_full	-0.023600663073133007	0.00022985465732535998	0.024418461875143724
log-power-percx.pathfinder.klw	Risky first	14.0	2.8881970771213568	dp_full	-0.024186862403764893	0.00018500491245700094	0.025048695403028495
log-power-percx.pathfinder.klw	Risky first	14.0	2.9685679784156793	dp_full	-0.024717724767548275	0.0001852295298740552	0.025771050251928305
log-power-percx.pathfinder.klw	Risky first	14.0	3.051175389754982	dp_full	-0.024896388589554928	0.00034198701827918684	0.026538038807171007
log-power-percx.pathfinder.klw	Risky first	14.0	3.1360815473105736	dp_full	-0.024892814780007086	0.0007588638196102948	0.027312261917271253
log-power-percx.pathfinder.klw	Risky first	14.0	3.2233504191221405	dp_full	-0.0248433852866856	0.0012983271550678292	0.028475937510378038
log-power-percx.pathfinder.klw	Risky first	14.0	3.31304775329107	dp_full	-0.024658522451847284	0.0019293219537418528	0.02926137456206015
log-power-percx.pathfinder.klw	Risky first	14.0	3.40524112751487	dp_full	-0.024304593984048873	0.002706001279019255	0.030432300454561932
log-power-percx.pathfinder.klw	Risky first	14.0	3.5000000000000004	dp_full	-0.02360190165976584	0.0038078874233876347	0.031583837798886606
log-power-percx.pathfinder.klw	Risky first	14.0	1.2	dp_bias	0.011279914743998266	0.03215791071191137	0.05684617547486845
log-power-percx.pathfinder.klw	Risky first	14.0	1.233392832614218	dp_bias	0.011744254562370576	0.03262200550577961	0.05681901735798152
log-power-percx.pathfinder.klw	Risky first	14.0	1.267714899620104	dp_bias	0.01209376952761771	0.03288457865172228	0.0565266514837044
log-power-percx.pathfinder.klw	Risky first	14.0	1.3029920591580744	dp_bias	0.01233777268475093	0.032784170058445555	0.05609422947939572
log-power-percx.pathfinder.klw	Risky first	14.0	1.339250888932342	dp_bias	0.01243191920072486	0.032558658818159794	0.05531200443952542
log-power-percx.pathfinder.klw	Risky first	14.0	1.3765187062344757	dp_bias	0.012527043651228538	0.0320433477358997	0.054490909876022495
log-power-percx.pathfinder.klw	Risky first	14.0	1.4148235885241658	dp_bias	0.012383784894041652	0.031327101034407154	0.05326808107575673
log-power-percx.pathfinder.klw	Risky first	14.0	1.454194394582695	dp_bias	0.012218950676488361	0.030459091345009903	0.05171806776953569
log-power-percx.pathfinder.klw	Risky first	14.0	1.4946607862550567	dp_bias	0.011742305125681834	0.02933497253110704	0.049913478308991455
log-power-percx.pathfinder.klw	Risky first	14.0	1.5362532507970992	dp_bias	0.011091356417829597	0.02802281929741335	0.04782200438176034
log-power-percx.pathfinder.klw	Risky first	14.0	1.579003123844529	dp_bias	0.010304028135060173	0.026595282542398013	0.04540797075621401
log-power-percx.pathfinder.klw	Risky first	14.0	1.6229426130210856	dp_bias	0.009288781500665526	0.02506921158272854	0.04300123816107964
log-power-percx.pathfinder.klw	Risky first	14.0	1.6681048222036647	dp_bias	0.008206666406451835	0.02335600963420066	0.040652766460789094
log-power-percx.pathfinder.klw	Risky first	14.0	1.714523776462679	dp_bias	0.007244399109955594	0.021611359903046194	0.03805770766078226
log-power-percx.pathfinder.klw	Risky first	14.0	1.7622344476964418	dp_bias	0.0063310086137809436	0.019820962854763542	0.03526770037374839
log-power-percx.pathfinder.klw	Risky first	14.0	1.8112727809788889	dp_bias	0.004862200492082304	0.01804093921202939	0.032876946477305616
log-power-percx.pathfinder.klw	Risky first	14.0	1.861675721640487	dp_bias	0.0032315202024385203	0.016356753970338818	0.030835121622508194
log-power-percx.pathfinder.klw	Risky first	14.0	1.9134812431027324	dp_bias	0.0013499275897532728	0.014545379527324664	0.028678757372406778
log-power-percx.pathfinder.klw	Risky first	14.0	1.9667283754872122	dp_bias	-0.0004951232869045024	0.012983625197066088	0.026943414211911383
log-power-percx.pathfinder.klw	Risky first	14.0	2.021457235020777	dp_bias	-0.00228276324236085	0.011447716972098596	0.02539037698200441
log-power-percx.pathfinder.klw	Risky first	14.0	2.0777090542589844	dp_bias	-0.004083496946842553	0.010026432904797707	0.024224154050069002
log-power-percx.pathfinder.klw	Risky first	14.0	2.1355262131505808	dp_bias	-0.006326406991953249	0.008683551102966182	0.023328033418748693
log-power-percx.pathfinder.klw	Risky first	14.0	2.1949522709664246	dp_bias	-0.008375269828624925	0.007329188697164427	0.022854322864318398
log-power-percx.pathfinder.klw	Risky first	14.0	2.256031999116908	dp_bias	-0.010349336436476	0.006132656071216741	0.022316000463553348
log-power-percx.pathfinder.klw	Risky first	14.0	2.3188114148826	dp_bias	-0.012134148992594936	0.005058553398555141	0.022104387554021564
log-power-percx.pathfinder.klw	Risky first	14.0	2.3833378160835275	dp_bias	-0.013848532658072262	0.00410491201575377	0.02196035360085425
log-power-percx.pathfinder.klw	Risky first	14.0	2.4496598167132055	dp_bias	-0.015457364888306997	0.003299926077402569	0.02181342319804411
log-power-percx.pathfinder.klw	Risky first	14.0	2.5178273835642724	dp_bias	-0.016840010200445392	0.0025755919939676915	0.02186074512709048
log-power-percx.pathfinder.klw	Risky first	14.0	2.58789187387332	dp_bias	-0.018098584234380436	0.0019704903886600027	0.022004212907759
log-power-percx.pathfinder.klw	Risky first	14.0	2.659906074013276	dp_bias	-0.01949195285327157	0.0014617037370804557	0.022331408380261614
log-power-percx.pathfinder.klw	Risky first	14.0	2.7339242392624983	dp_bias	-0.020594860595646775	0.0010024366000183456	0.022663738926065886
log-power-percx.pathfinder.klw	Risky first	14.0	2.8100021346805373	dp_bias	-0.02141135422615096	0.0007388406016326128	0.023156149475073766
log-power-percx.pathfinder.klw	Risky first	14.0	2.8881970771213568	dp_bias	-0.021914001420945677	0.0006339705940998832	0.02367150969108892
log-power-percx.pathfinder.klw	Risky first	14.0	2.9685679784156793	dp_bias	-0.022326514538349253	0.0006524085441927516	0.02436112393350631
log-power-percx.pathfinder.klw	Risky first	14.0	3.051175389754982	dp_bias	-0.02272175431916809	0.0008577520973315893	0.02527856179854555
log-power-percx.pathfinder.klw	Risky first	14.0	3.1360815473105736	dp_bias	-0.02287036105167617	0.0013348107397339625	0.02635478410954398
log-power-percx.pathfinder.klw	Risky first	14.0	3.2233504191221405	dp_bias	-0.022753855202177566	0.0019135724227007727	0.027533035181468903
log-power-percx.pathfinder.klw	Risky first	14.0	3.31304775329107	dp_bias	-0.022595176407521823	0.0026605670330454396	0.028790342130042387
log-power-percx.pathfinder.klw	Risky first	14.0	3.40524112751487	dp_bias	-0.02214379832050228	0.0036727002127377784	0.03036518595117129
log-power-percx.pathfinder.klw	Risky first	14.0	3.5000000000000004	dp_bias	-0.021351234047454135	0.004849728087789022	0.031986440106935354
log-power-percx.pathfinder.klw	Risky first	14.0	1.2	dp_scale	0.003847336386680049	0.01306012919440758	0.023510359204687335
log-power-percx.pathfinder.klw	Risky first	14.0	1.233392832614218	dp_scale	0.004072189842431349	0.013289912791008263	0.023953624675781455
log-power-percx.pathfinder.klw	Risky first	14.0	1.267714899620104	dp_scale	0.004026403393997879	0.013423734262558294	0.024265438981471616
log-power-percx.pathfinder.klw	Risky first	14.0	1.3029920591580744	dp_scale	0.003926525546452744	0.013396375604722174	0.024293830862830528
log-power-percx.pathfinder.klw	Risky first	14.0	1.339250888932342	dp_scale	0.0037036289346303363	0.01320822021390328	0.02413685767477493
log-power-percx.pathfinder.klw	Risky first	14.0	1.3765187062344757	dp_scale	0.003449799274541744	0.012876986356883403	0.023799060146440388
log-power-percx.pathfinder.klw	Risky first	14.0	1.4148235885241658	dp_scale	0.0030863573557799633	0.012392314803538721	0.02297541019595758
log-power-percx.pathfinder.klw	Risky first	14.0	1.454194394582695	dp_scale	0.002736083032768718	0.011719881864177478	0.02207207814583748
log-power-percx.pathfinder.klw	Risky first	14.0	1.4946607862550567	dp_scale	0.0022063210460858272	0.010906643694865839	0.021002153879832387
log-power-percx.pathfinder.klw	Risky first	14.0	1.5362532507970992	dp_scale	0.0015074900948438402	0.009973119782165831	0.019583352549137286
log-power-percx.pathfinder.klw	Risky first	14.0	1.579003123844529	dp_scale	0.0009128696658165102	0.008929434552463294	0.017838869486103845
log-power-percx.pathfinder.klw	Risky first	14.0	1.6229426130210856	dp_scale	0.00026509063590332403	0.007805618487717434	0.01619184660074209
log-power-percx.pathfinder.klw	Risky first	14.0	1.6681048222036647	dp_scale	-0.0005095492403622583	0.006602565229286551	0.014282535285371533
log-power-percx.pathfinder.klw	Risky first	14.0	1.714523776462679	dp_scale	-0.0013263859727763935	0.005346547733652594	0.012556156300194271
log-power-percx.pathfinder.klw	Risky first	14.0	1.7622344476964418	dp_scale	-0.0023046601243246925	0.004113015644042049	0.010928187250250255
log-power-percx.pathfinder.klw	Risky first	14.0	1.8112727809788889	dp_scale	-0.00328527226797009	0.0029128974302461783	0.00928002640214252
log-power-percx.pathfinder.klw	Risky first	14.0	1.861675721640487	dp_scale	-0.0044276089826574185	0.0016819631418466558	0.007847648248279061
log-power-percx.pathfinder.klw	Risky first	14.0	1.9134812431027324	dp_scale	-0.005435461312523169	0.0005307152021790285	0.006572388668800789
log-power-percx.pathfinder.klw	Risky first	14.0	1.9667283754872122	dp_scale	-0.006539681406955527	-0.0004880916272517414	0.005503250732464944
log-power-percx.pathfinder.klw	Risky first	14.0	2.021457235020777	dp_scale	-0.007633104480425819	-0.0014200658086296353	0.004498857251922783
log-power-percx.pathfinder.klw	Risky first	14.0	2.0777090542589844	dp_scale	-0.00873609240095035	-0.002240276650007905	0.003738194218171142
log-power-percx.pathfinder.klw	Risky first	14.0	2.1355262131505808	dp_scale	-0.00967566564250193	-0.002950230808395873	0.0032515436314841033
log-power-percx.pathfinder.klw	Risky first	14.0	2.1949522709664246	dp_scale	-0.010557142685625132	-0.0035632023061508296	0.0026870537362243007
log-power-percx.pathfinder.klw	Risky first	14.0	2.256031999116908	dp_scale	-0.011189651358645433	-0.004115225481819602	0.002205820963731216
log-power-percx.pathfinder.klw	Risky first	14.0	2.3188114148826	dp_scale	-0.01178833949072314	-0.004596522090247676	0.001885978224280364
log-power-percx.pathfinder.klw	Risky first	14.0	2.3833378160835275	dp_scale	-0.012247194580929367	-0.004967846074275409	0.0015775636032322527
log-power-percx.pathfinder.klw	Risky first	14.0	2.4496598167132055	dp_scale	-0.012699223365881356	-0.005273380284538344	0.0013086790680715936
log-power-percx.pathfinder.klw	Risky first	14.0	2.5178273835642724	dp_scale	-0.013066179176239787	-0.0055221347321428894	0.0011855452477010009
log-power-percx.pathfinder.klw	Risky first	14.0	2.58789187387332	dp_scale	-0.013308641698352849	-0.005739752634811007	0.001009212019568062
log-power-percx.pathfinder.klw	Risky first	14.0	2.659906074013276	dp_scale	-0.01355314304553826	-0.005949424490361907	0.0007859433103544952
log-power-percx.pathfinder.klw	Risky first	14.0	2.7339242392624983	dp_scale	-0.013621870486726154	-0.00605844603078916	0.0006342825611869653
log-power-percx.pathfinder.klw	Risky first	14.0	2.8100021346805373	dp_scale	-0.013764740170086028	-0.0062003018941833524	0.0005376787850240118
log-power-percx.pathfinder.klw	Risky first	14.0	2.8881970771213568	dp_scale	-0.013732173674056727	-0.006327181745924473	0.0004342911749577918
log-power-percx.pathfinder.klw	Risky first	14.0	2.9685679784156793	dp_scale	-0.013710730052597923	-0.006460904286821435	0.0002876986804184334
log-power-percx.pathfinder.klw	Risky first	14.0	3.051175389754982	dp_scale	-0.013696435917472353	-0.006535775586523964	0.00014706379170717132
log-power-percx.pathfinder.klw	Risky first	14.0	3.1360815473105736	dp_scale	-0.013710687329531077	-0.006592921901025506	2.6893576579964232e-05
log-power-percx.pathfinder.klw	Risky first	14.0	3.2233504191221405	dp_scale	-0.0135901361747881	-0.006614115548982315	-6.553795017093634e-05
log-power-percx.pathfinder.klw	Risky first	14.0	3.31304775329107	dp_scale	-0.013484451244867243	-0.006609611504115871	-0.0001637540648314962
log-power-percx.pathfinder.klw	Risky first	14.0	3.40524112751487	dp_scale	-0.013298923649545368	-0.0065864385700580026	-0.0001788431016705904
log-power-percx.pathfinder.klw	Risky first	14.0	3.5000000000000004	dp_scale	-0.013153529021297787	-0.00652651050061772	-0.0002486168569281842
log-power-percx.pathfinder.klw	Risky first	14.0	1.2	dp_interaction	-0.011933303011816722	-0.005257220065935914	-0.0011409876374560482
log-power-percx.pathfinder.klw	Risky first	14.0	1.233392832614218	dp_interaction	-0.012478746492628676	-0.005818852895406336	-0.0016209634712441294
log-power-percx.pathfinder.klw	Risky first	14.0	1.267714899620104	dp_interaction	-0.01286736221797068	-0.006289461303697141	-0.0020234807628271736
log-power-percx.pathfinder.klw	Risky first	14.0	1.3029920591580744	dp_interaction	-0.013149007752277772	-0.006648138568091662	-0.0023985466818997794
log-power-percx.pathfinder.klw	Risky first	14.0	1.339250888932342	dp_interaction	-0.013325156199589227	-0.006868615786267421	-0.0026733019428091397
log-power-percx.pathfinder.klw	Risky first	14.0	1.3765187062344757	dp_interaction	-0.013307502374923482	-0.00699887421723705	-0.00286945792358182
log-power-percx.pathfinder.klw	Risky first	14.0	1.4148235885241658	dp_interaction	-0.013175994048348579	-0.007015601139243818	-0.0030325083911054568
log-power-percx.pathfinder.klw	Risky first	14.0	1.454194394582695	dp_interaction	-0.012914199891126688	-0.006875233918721425	-0.0030508996128432147
log-power-percx.pathfinder.klw	Risky first	14.0	1.4946607862550567	dp_interaction	-0.012446462328322735	-0.006632189639848704	-0.00293986260255898
log-power-percx.pathfinder.klw	Risky first	14.0	1.5362532507970992	dp_interaction	-0.011844187270491175	-0.006295043184123538	-0.0028144318766364423
log-power-percx.pathfinder.klw	Risky first	14.0	1.579003123844529	dp_interaction	-0.01115247202511937	-0.005840413192666054	-0.0025473062043437295
log-power-percx.pathfinder.klw	Risky first	14.0	1.6229426130210856	dp_interaction	-0.010307174140620703	-0.005308642072904181	-0.0022037169336857083
log-power-percx.pathfinder.klw	Risky first	14.0	1.6681048222036647	dp_interaction	-0.009337986100601717	-0.004703307134066877	-0.0017641294152505877
log-power-percx.pathfinder.klw	Risky first	14.0	1.714523776462679	dp_interaction	-0.008325859028576495	-0.004024041509401081	-0.0012393265319365077
log-power-percx.pathfinder.klw	Risky first	14.0	1.7622344476964418	dp_interaction	-0.0072811795367676594	-0.0033110597005761872	-0.0006135252929524436
log-power-percx.pathfinder.klw	Risky first	14.0	1.8112727809788889	dp_interaction	-0.006223913882548309	-0.002583305207165648	0.00010894608707694613
log-power-percx.pathfinder.klw	Risky first	14.0	1.861675721640487	dp_interaction	-0.005231826257388827	-0.0018263110349779458	0.0009012461917405961
log-power-percx.pathfinder.klw	Risky first	14.0	1.9134812431027324	dp_interaction	-0.0043041900306111215	-0.0011109471323006014	0.001723156869273919
log-power-percx.pathfinder.klw	Risky first	14.0	1.9667283754872122	dp_interaction	-0.0035222485780632153	-0.0004074330386079503	0.0025869994633960533
log-power-percx.pathfinder.klw	Risky first	14.0	2.021457235020777	dp_interaction	-0.0027549855069191236	0.0002647505979916241	0.0034187065365023648
log-power-percx.pathfinder.klw	Risky first	14.0	2.0777090542589844	dp_interaction	-0.002088712653716425	0.0008836401442910332	0.004307904930440977
log-power-percx.pathfinder.klw	Risky first	14.0	2.1355262131505808	dp_interaction	-0.0015448992015475302	0.0014946307038832232	0.005134742445607135
log-power-percx.pathfinder.klw	Risky first	14.0	2.1949522709664246	dp_interaction	-0.0010039497378507322	0.002045154980124602	0.00589742109505103
log-power-percx.pathfinder.klw	Risky first	14.0	2.256031999116908	dp_interaction	-0.0004861008886073965	0.0025765997118369424	0.006735196918644261
log-power-percx.pathfinder.klw	Risky first	14.0	2.3188114148826	dp_interaction	-4.9751830350467155e-05	0.0030582367179761384	0.007441822828895577
log-power-percx.pathfinder.klw	Risky first	14.0	2.3833378160835275	dp_interaction	0.0002940473637950641	0.0035054614975973345	0.008050239873085528
log-power-percx.pathfinder.klw	Risky first	14.0	2.4496598167132055	dp_interaction	0.0006105772540737	0.003923871551588144	0.00863837611385994
log-power-percx.pathfinder.klw	Risky first	14.0	2.5178273835642724	dp_interaction	0.00086485150310079	0.004300022330059496	0.009152675546355417
log-power-percx.pathfinder.klw	Risky first	14.0	2.58789187387332	dp_interaction	0.001106543217978436	0.004636277608408938	0.009669439592404239
log-power-percx.pathfinder.klw	Risky first	14.0	2.659906074013276	dp_interaction	0.0013311025359963975	0.004942653701185285	0.01007518148753973
log-power-percx.pathfinder.klw	Risky first	14.0	2.7339242392624983	dp_interaction	0.0014495750352956623	0.005215165448542377	0.01051655241455946
log-power-percx.pathfinder.klw	Risky first	14.0	2.8100021346805373	dp_interaction	0.001565709728810854	0.005439204509043192	0.010844026542351804
log-power-percx.pathfinder.klw	Risky first	14.0	2.8881970771213568	dp_interaction	0.0016612191643016834	0.0056367249811372895	0.011125678955034494
log-power-percx.pathfinder.klw	Risky first	14.0	2.9685679784156793	dp_interaction	0.0017058718238870886	0.0057683741742433955	0.011309900100125987
log-power-percx.pathfinder.klw	Risky first	14.0	3.051175389754982	dp_interaction	0.0017501505334699661	0.0058699053652475595	0.011458607633557936
log-power-percx.pathfinder.klw	Risky first	14.0	3.1360815473105736	dp_interaction	0.0017557580912798802	0.005898424446895452	0.011474811085828414
log-power-percx.pathfinder.klw	Risky first	14.0	3.2233504191221405	dp_interaction	0.0016906440013985573	0.0058691771371608085	0.01142306579696612
log-power-percx.pathfinder.klw	Risky first	14.0	3.31304775329107	dp_interaction	0.0015773363769278706	0.005752511780780823	0.0112470252769814
log-power-percx.pathfinder.klw	Risky first	14.0	3.40524112751487	dp_interaction	0.0013797422676583443	0.005585925068126251	0.011004197623391892
log-power-percx.pathfinder.klw	Risky first	14.0	3.5000000000000004	dp_interaction	0.0011776701457941441	0.005368408600163771	0.010746360550025218
log-power-percx.pathfinder.klw	Risky first	14.0	1.2	num_shift	0.0006281365880469205	0.01832578833942784	0.03890399489254701
log-power-percx.pathfinder.klw	Risky first	14.0	1.233392832614218	num_shift	0.00015719384499554044	0.01726665950794655	0.03715801533839683
log-power-percx.pathfinder.klw	Risky first	14.0	1.267714899620104	num_shift	-0.0003047481399760065	0.01636570249975211	0.035502200053968876
log-power-percx.pathfinder.klw	Risky first	14.0	1.3029920591580744	num_shift	-0.0008440122171212668	0.015527939209310638	0.03392932846737877
log-power-percx.pathfinder.klw	Risky first	14.0	1.339250888932342	num_shift	-0.0014258403552859995	0.014685337924070122	0.03250433239819322
log-power-percx.pathfinder.klw	Risky first	14.0	1.3765187062344757	num_shift	-0.001850030644562729	0.013890950877771632	0.031228443368204666
log-power-percx.pathfinder.klw	Risky first	14.0	1.4148235885241658	num_shift	-0.0022954664790996596	0.013084151749234735	0.03000638160579803
log-power-percx.pathfinder.klw	Risky first	14.0	1.454194394582695	num_shift	-0.00285107980031039	0.01237137528194256	0.028848168444992987
log-power-percx.pathfinder.klw	Risky first	14.0	1.4946607862550567	num_shift	-0.0033269742371328064	0.011798801651602008	0.027758271915678017
log-power-percx.pathfinder.klw	Risky first	14.0	1.5362532507970992	num_shift	-0.003612959177590408	0.011189463886107007	0.02691543570579019
log-power-percx.pathfinder.klw	Risky first	14.0	1.579003123844529	num_shift	-0.003976535008537508	0.010623834602190588	0.02597944589911825
log-power-percx.pathfinder.klw	Risky first	14.0	1.6229426130210856	num_shift	-0.004320848627243785	0.010115529113331335	0.025298055234158002
log-power-percx.pathfinder.klw	Risky first	14.0	1.6681048222036647	num_shift	-0.0045826184714109095	0.009691954019157185	0.024748743569950552
log-power-percx.pathfinder.klw	Risky first	14.0	1.714523776462679	num_shift	-0.00486304325687917	0.009337240999617226	0.02426548183943093
log-power-percx.pathfinder.klw	Risky first	14.0	1.7622344476964418	num_shift	-0.0048240116707673145	0.009067902078875558	0.023822284860632207
log-power-percx.pathfinder.klw	Risky first	14.0	1.8112727809788889	num_shift	-0.005087947626623026	0.008828718755159268	0.023384256087132002
log-power-percx.pathfinder.klw	Risky first	14.0	1.861675721640487	num_shift	-0.005300613212627075	0.008655155810982966	0.023240312516982033
log-power-percx.pathfinder.klw	Risky first	14.0	1.9134812431027324	num_shift	-0.005564499526338712	0.00853646251185821	0.023173466267343054
log-power-percx.pathfinder.klw	Risky first	14.0	1.9667283754872122	num_shift	-0.005826663709896403	0.008498981266680453	0.023265128847666242
log-power-percx.pathfinder.klw	Risky first	14.0	2.021457235020777	num_shift	-0.005791125055584957	0.008574111717512042	0.02337262503998811
log-power-percx.pathfinder.klw	Risky first	14.0	2.0777090542589844	num_shift	-0.005803035170295514	0.008621849644072366	0.023550720514569117
log-power-percx.pathfinder.klw	Risky first	14.0	2.1355262131505808	num_shift	-0.005832509420624205	0.00878670041755611	0.023871652459790126
log-power-percx.pathfinder.klw	Risky first	14.0	2.1949522709664246	num_shift	-0.00584252592253181	0.00903832793055621	0.024343694457691346
log-power-percx.pathfinder.klw	Risky first	14.0	2.256031999116908	num_shift	-0.005795894894007234	0.009386340766636123	0.02506490358882283
log-power-percx.pathfinder.klw	Risky first	14.0	2.3188114148826	num_shift	-0.00577234774547155	0.009761639743692672	0.025820690106532703
log-power-percx.pathfinder.klw	Risky first	14.0	2.3833378160835275	num_shift	-0.005602084112154451	0.010295455172707902	0.026715377302671695
log-power-percx.pathfinder.klw	Risky first	14.0	2.4496598167132055	num_shift	-0.005536364640752936	0.010826897303911284	0.027839631295597835
log-power-percx.pathfinder.klw	Risky first	14.0	2.5178273835642724	num_shift	-0.005303841684980907	0.011427046592423286	0.0291129157943401
log-power-percx.pathfinder.klw	Risky first	14.0	2.58789187387332	num_shift	-0.005143417243478146	0.012144653172517679	0.030527002918117403
log-power-percx.pathfinder.klw	Risky first	14.0	2.659906074013276	num_shift	-0.00498834134844465	0.012851540088955206	0.0322025319348448
log-power-percx.pathfinder.klw	Risky first	14.0	2.7339242392624983	num_shift	-0.0047915673271875965	0.013677598429425078	0.03362123057187961
log-power-percx.pathfinder.klw	Risky first	14.0	2.8100021346805373	num_shift	-0.004537532339050337	0.014546201202674615	0.03522588720122275
log-power-percx.pathfinder.klw	Risky first	14.0	2.8881970771213568	num_shift	-0.004127696366179674	0.015546806192287363	0.03714841977847535
log-power-percx.pathfinder.klw	Risky first	14.0	2.9685679784156793	num_shift	-0.0037803594337871395	0.016623014625641426	0.038979095651354226
log-power-percx.pathfinder.klw	Risky first	14.0	3.051175389754982	num_shift	-0.003611519853943522	0.01776285893298548	0.041077686748877885
log-power-percx.pathfinder.klw	Risky first	14.0	3.1360815473105736	num_shift	-0.003209184282685689	0.01902625736858082	0.043306695499770245
log-power-percx.pathfinder.klw	Risky first	14.0	3.2233504191221405	num_shift	-0.002850500787851078	0.020373321216126235	0.045606283193732985
log-power-percx.pathfinder.klw	Risky first	14.0	3.31304775329107	num_shift	-0.0023563459780245382	0.021803531156767156	0.04816545700180564
log-power-percx.pathfinder.klw	Risky first	14.0	3.40524112751487	num_shift	-0.0019614028455108437	0.02329519651033944	0.050827570965823986
log-power-percx.pathfinder.klw	Risky first	14.0	3.5000000000000004	num_shift	-0.001451567339617319	0.0248836110951147	0.053439029191125524
log-power-percx.pathfinder.klw	Risky first	14.0	1.2	den_ratio	1.0381345315546084	1.0978255143936773	1.16722846567528
log-power-percx.pathfinder.klw	Risky first	14.0	1.233392832614218	den_ratio	1.0378665545299524	1.096829495504411	1.1661579795175903
log-power-percx.pathfinder.klw	Risky first	14.0	1.267714899620104	den_ratio	1.0374131860813356	1.0959752705657952	1.1647292174031465
log-power-percx.pathfinder.klw	Risky first	14.0	1.3029920591580744	den_ratio	1.0371871341433876	1.0950909775731195	1.1633347155508715
log-power-percx.pathfinder.klw	Risky first	14.0	1.339250888932342	den_ratio	1.036672717651764	1.094157244760162	1.1618588406104113
log-power-percx.pathfinder.klw	Risky first	14.0	1.3765187062344757	den_ratio	1.0361241385494162	1.0932777131751912	1.1604403941441646
log-power-percx.pathfinder.klw	Risky first	14.0	1.4148235885241658	den_ratio	1.035667696709057	1.092286399929928	1.1593241374053638
log-power-percx.pathfinder.klw	Risky first	14.0	1.454194394582695	den_ratio	1.035177345564873	1.0913644153544175	1.1582085750679139
log-power-percx.pathfinder.klw	Risky first	14.0	1.4946607862550567	den_ratio	1.0347729022640721	1.09045316460143	1.1569489182912196
log-power-percx.pathfinder.klw	Risky first	14.0	1.5362532507970992	den_ratio	1.0344211208564424	1.0895500353498186	1.1556193944097728
log-power-percx.pathfinder.klw	Risky first	14.0	1.579003123844529	den_ratio	1.0337426408031836	1.0885719224251622	1.1541176555502797
log-power-percx.pathfinder.klw	Risky first	14.0	1.6229426130210856	den_ratio	1.0332799880794996	1.0878068787195385	1.1529877397618702
log-power-percx.pathfinder.klw	Risky first	14.0	1.6681048222036647	den_ratio	1.0326169470331859	1.086959102278377	1.1517330543803737
log-power-percx.pathfinder.klw	Risky first	14.0	1.714523776462679	den_ratio	1.032109733734017	1.0861111174955238	1.1504877447933723
log-power-percx.pathfinder.klw	Risky first	14.0	1.7622344476964418	den_ratio	1.0316432548491599	1.0852605442108203	1.1491842590335553
log-power-percx.pathfinder.klw	Risky first	14.0	1.8112727809788889	den_ratio	1.0312232739089575	1.0845264996819792	1.1477840214466377
log-power-percx.pathfinder.klw	Risky first	14.0	1.861675721640487	den_ratio	1.0308279088166055	1.083689275696054	1.146468375008195
log-power-percx.pathfinder.klw	Risky first	14.0	1.9134812431027324	den_ratio	1.030445710515155	1.0828678851914466	1.145164520824606
log-power-percx.pathfinder.klw	Risky first	14.0	1.9667283754872122	den_ratio	1.030100553492263	1.082140944478288	1.1441017302695826
log-power-percx.pathfinder.klw	Risky first	14.0	2.021457235020777	den_ratio	1.0297954013342323	1.0813689665582942	1.143080069897424
log-power-percx.pathfinder.klw	Risky first	14.0	2.0777090542589844	den_ratio	1.029460397327115	1.080721525283592	1.1421030916345076
log-power-percx.pathfinder.klw	Risky first	14.0	2.1355262131505808	den_ratio	1.0291472334172966	1.0800163356773105	1.1410759918141913
log-power-percx.pathfinder.klw	Risky first	14.0	2.1949522709664246	den_ratio	1.0287424974137407	1.0793652592316985	1.1400860130587687
log-power-percx.pathfinder.klw	Risky first	14.0	2.256031999116908	den_ratio	1.0281010876730858	1.0786774013856482	1.1392324714683781
log-power-percx.pathfinder.klw	Risky first	14.0	2.3188114148826	den_ratio	1.0277650068660173	1.0780596542126677	1.138170011334392
log-power-percx.pathfinder.klw	Risky first	14.0	2.3833378160835275	den_ratio	1.0273336503421702	1.0774831534903468	1.1372105042501581
log-power-percx.pathfinder.klw	Risky first	14.0	2.4496598167132055	den_ratio	1.0269014081599301	1.076992896843673	1.136405047287694
log-power-percx.pathfinder.klw	Risky first	14.0	2.5178273835642724	den_ratio	1.0266739908958384	1.076461809847694	1.1355136274532598
log-power-percx.pathfinder.klw	Risky first	14.0	2.58789187387332	den_ratio	1.0265705385700024	1.0759159730978163	1.1344974685974833
log-power-percx.pathfinder.klw	Risky first	14.0	2.659906074013276	den_ratio	1.0264243485516569	1.0753537970813536	1.1333252011872623
log-power-percx.pathfinder.klw	Risky first	14.0	2.7339242392624983	den_ratio	1.0261375078451844	1.0748377957016646	1.132438785574374
log-power-percx.pathfinder.klw	Risky first	14.0	2.8100021346805373	den_ratio	1.0258671470033287	1.0743267625346338	1.1316085081809117
log-power-percx.pathfinder.klw	Risky first	14.0	2.8881970771213568	den_ratio	1.025597755424452	1.0739464400074343	1.1308253541790998
log-power-percx.pathfinder.klw	Risky first	14.0	2.9685679784156793	den_ratio	1.0251661601044808	1.073527434530591	1.130249768562274
log-power-percx.pathfinder.klw	Risky first	14.0	3.051175389754982	den_ratio	1.02499341073321	1.0731738323501303	1.1296595410749108
log-power-percx.pathfinder.klw	Risky first	14.0	3.1360815473105736	den_ratio	1.0250104817033827	1.0727955764107708	1.1293434903653319
log-power-percx.pathfinder.klw	Risky first	14.0	3.2233504191221405	den_ratio	1.0248508503113856	1.0724462895988427	1.1287088527477933
log-power-percx.pathfinder.klw	Risky first	14.0	3.31304775329107	den_ratio	1.0247116583753355	1.0721132566344735	1.1280168086813307
log-power-percx.pathfinder.klw	Risky first	14.0	3.40524112751487	den_ratio	1.0246020311759798	1.0719398538794827	1.1274071306273463
log-power-percx.pathfinder.klw	Risky first	14.0	3.5000000000000004	den_ratio	1.0246570680933949	1.071826231777559	1.1269874502843271
log-power-percx.pathfinder.klw	Risky first	20.0	1.2	p_vertex	0.09391880391252909	0.12207861630450796	0.1562709434604177
log-power-percx.pathfinder.klw	Risky first	20.0	1.233392832614218	p_vertex	0.1043998282022057	0.13347857995096532	0.16837894405577516
log-power-percx.pathfinder.klw	Risky first	20.0	1.267714899620104	p_vertex	0.11548171858066658	0.14554192848340528	0.18069146783682177
log-power-percx.pathfinder.klw	Risky first	20.0	1.3029920591580744	p_vertex	0.12785795560693183	0.15834153306185078	0.19338494455828525
log-power-percx.pathfinder.klw	Risky first	20.0	1.339250888932342	p_vertex	0.1406866496301741	0.171756319455376	0.20705144807581724
log-power-percx.pathfinder.klw	Risky first	20.0	1.3765187062344757	p_vertex	0.1546347547004366	0.1857950800300894	0.2212890674901605
log-power-percx.pathfinder.klw	Risky first	20.0	1.4148235885241658	p_vertex	0.16918369309393977	0.20039882176892482	0.23518870154959504
log-power-percx.pathfinder.klw	Risky first	20.0	1.454194394582695	p_vertex	0.18469097261277803	0.21554401731660702	0.24946893867075584
log-power-percx.pathfinder.klw	Risky first	20.0	1.4946607862550567	p_vertex	0.20044341487517484	0.23127479291569664	0.2642190699692166
log-power-percx.pathfinder.klw	Risky first	20.0	1.5362532507970992	p_vertex	0.21688848904978633	0.24732443450396563	0.27941144630903997
log-power-percx.pathfinder.klw	Risky first	20.0	1.579003123844529	p_vertex	0.23397550408983064	0.26389643364387005	0.2949713519313242
log-power-percx.pathfinder.klw	Risky first	20.0	1.6229426130210856	p_vertex	0.2512997726365264	0.28081629694984295	0.31109343439732656
log-power-percx.pathfinder.klw	Risky first	20.0	1.6681048222036647	p_vertex	0.2691846655316733	0.2977659806902239	0.3272024056449029
log-power-percx.pathfinder.klw	Risky first	20.0	1.714523776462679	p_vertex	0.28684965038599136	0.3150995853365032	0.3435614215438704
log-power-percx.pathfinder.klw	Risky first	20.0	1.7622344476964418	p_vertex	0.30462240365518717	0.33244487979522197	0.3601410160737626
log-power-percx.pathfinder.klw	Risky first	20.0	1.8112727809788889	p_vertex	0.32173165633402717	0.3498470489722631	0.3770526789019538
log-power-percx.pathfinder.klw	Risky first	20.0	1.861675721640487	p_vertex	0.33905072829013866	0.3672285885389759	0.39401824335326757
log-power-percx.pathfinder.klw	Risky first	20.0	1.9134812431027324	p_vertex	0.3560557464803861	0.38454443693403106	0.41172347831146194
log-power-percx.pathfinder.klw	Risky first	20.0	1.9667283754872122	p_vertex	0.37277656549216925	0.40147010004506917	0.42942245419296315
log-power-percx.pathfinder.klw	Risky first	20.0	2.021457235020777	p_vertex	0.38918350416883196	0.4183617844296792	0.4472666709494266
log-power-percx.pathfinder.klw	Risky first	20.0	2.0777090542589844	p_vertex	0.4049757791966115	0.4348630129334907	0.46497825054520675
log-power-percx.pathfinder.klw	Risky first	20.0	2.1355262131505808	p_vertex	0.4202018856031805	0.45118218553721945	0.48228729169763124
log-power-percx.pathfinder.klw	Risky first	20.0	2.1949522709664246	p_vertex	0.4347038625145845	0.4671561362615643	0.4998843419860071
log-power-percx.pathfinder.klw	Risky first	20.0	2.256031999116908	p_vertex	0.44941629376444453	0.4826534819621363	0.5169969680465804
log-power-percx.pathfinder.klw	Risky first	20.0	2.3188114148826	p_vertex	0.463420147055032	0.4979867839289389	0.5336816042490393
log-power-percx.pathfinder.klw	Risky first	20.0	2.3833378160835275	p_vertex	0.4770941764480028	0.5127906294053795	0.5498630301168845
log-power-percx.pathfinder.klw	Risky first	20.0	2.4496598167132055	p_vertex	0.49011132387193285	0.5271445062992972	0.5652912735842918
log-power-percx.pathfinder.klw	Risky first	20.0	2.5178273835642724	p_vertex	0.5030862895344078	0.5408338684935099	0.5804864392827355
log-power-percx.pathfinder.klw	Risky first	20.0	2.58789187387332	p_vertex	0.5148566628791635	0.554103327251541	0.5950738978304626
log-power-percx.pathfinder.klw	Risky first	20.0	2.659906074013276	p_vertex	0.5262331333232054	0.5669926528820391	0.6092676299203027
log-power-percx.pathfinder.klw	Risky first	20.0	2.7339242392624983	p_vertex	0.5372992858340041	0.5791624166686791	0.6230008948308252
log-power-percx.pathfinder.klw	Risky first	20.0	2.8100021346805373	p_vertex	0.5477779004790093	0.5910166521798255	0.6357150705422894
log-power-percx.pathfinder.klw	Risky first	20.0	2.8881970771213568	p_vertex	0.5576265486254394	0.6022367935380526	0.6475677161917085
log-power-percx.pathfinder.klw	Risky first	20.0	2.9685679784156793	p_vertex	0.5671160392451204	0.6127804421126385	0.6593957530567692
log-power-percx.pathfinder.klw	Risky first	20.0	3.051175389754982	p_vertex	0.5763198359296866	0.6228604830920582	0.6702376150839825
log-power-percx.pathfinder.klw	Risky first	20.0	3.1360815473105736	p_vertex	0.584764967896965	0.632395503226269	0.680552053343726
log-power-percx.pathfinder.klw	Risky first	20.0	3.2233504191221405	p_vertex	0.5929764930064544	0.6415024240055682	0.690842519132065
log-power-percx.pathfinder.klw	Risky first	20.0	3.31304775329107	p_vertex	0.6007975363088407	0.6501000651160299	0.6998884367181112
log-power-percx.pathfinder.klw	Risky first	20.0	3.40524112751487	p_vertex	0.6079662185507679	0.6582031784323408	0.7087807948661744
log-power-percx.pathfinder.klw	Risky first	20.0	3.5000000000000004	p_vertex	0.6146993430401448	0.6657124999397971	0.7173257018272555
log-power-percx.pathfinder.klw	Risky first	20.0	1.2	p_full	0.12111970464570102	0.1520637226169526	0.18704289447880482
log-power-percx.pathfinder.klw	Risky first	20.0	1.233392832614218	p_full	0.13270735202001818	0.163865301581627	0.1986706861859251
log-power-percx.pathfinder.klw	Risky first	20.0	1.267714899620104	p_full	0.1450085237867706	0.17609210305581852	0.21064404987404164
log-power-percx.pathfinder.klw	Risky first	20.0	1.3029920591580744	p_full	0.15778597305484923	0.18894020313429358	0.223289274838942
log-power-percx.pathfinder.klw	Risky first	20.0	1.339250888932342	p_full	0.17116709572973443	0.20224296658170515	0.23605094969471058
log-power-percx.pathfinder.klw	Risky first	20.0	1.3765187062344757	p_full	0.1850296758006663	0.21605389244842635	0.24926655490800564
log-power-percx.pathfinder.klw	Risky first	20.0	1.4148235885241658	p_full	0.19961104340065597	0.23027083798065962	0.26298733449541184
log-power-percx.pathfinder.klw	Risky first	20.0	1.454194394582695	p_full	0.21482624923779078	0.24495598790956735	0.27662489706999305
log-power-percx.pathfinder.klw	Risky first	20.0	1.4946607862550567	p_full	0.2305871549407029	0.25983444633864416	0.2904734500534703
log-power-percx.pathfinder.klw	Risky first	20.0	1.5362532507970992	p_full	0.24622979386656985	0.27526388298216886	0.30473519603113775
log-power-percx.pathfinder.klw	Risky first	20.0	1.579003123844529	p_full	0.2625299522271548	0.2907613937874741	0.31936224865285423
log-power-percx.pathfinder.klw	Risky first	20.0	1.6229426130210856	p_full	0.2790103339506571	0.3065535578752529	0.33405719316345034
log-power-percx.pathfinder.klw	Risky first	20.0	1.6681048222036647	p_full	0.2955044609947036	0.32240552730286093	0.3490394192117941
log-power-percx.pathfinder.klw	Risky first	20.0	1.714523776462679	p_full	0.312533156660704	0.33840071164805713	0.36428657990551544
log-power-percx.pathfinder.klw	Risky first	20.0	1.7622344476964418	p_full	0.3292695227435748	0.3545665571612825	0.38000626346516664
log-power-percx.pathfinder.klw	Risky first	20.0	1.8112727809788889	p_full	0.3456448276971005	0.3708704264140259	0.395778877022291
log-power-percx.pathfinder.klw	Risky first	20.0	1.861675721640487	p_full	0.3622034406007248	0.38703084726297854	0.41155590267843817
log-power-percx.pathfinder.klw	Risky first	20.0	1.9134812431027324	p_full	0.37831416473455093	0.4031898838004767	0.42779685924436545
log-power-percx.pathfinder.klw	Risky first	20.0	1.9667283754872122	p_full	0.39386179797694065	0.4193413269127173	0.4442150259583729
log-power-percx.pathfinder.klw	Risky first	20.0	2.021457235020777	p_full	0.40967591897307465	0.4353839428024019	0.46104067383105124
log-power-percx.pathfinder.klw	Risky first	20.0	2.0777090542589844	p_full	0.4248991529936253	0.4513110329373469	0.47776051429056154
log-power-percx.pathfinder.klw	Risky first	20.0	2.1355262131505808	p_full	0.4399749799412062	0.4669791691355587	0.49459371385712425
log-power-percx.pathfinder.klw	Risky first	20.0	2.1949522709664246	p_full	0.45452622282828614	0.48240153412928055	0.5114091742762322
log-power-percx.pathfinder.klw	Risky first	20.0	2.256031999116908	p_full	0.4687524403759082	0.4977823798409421	0.5279399348467215
log-power-percx.pathfinder.klw	Risky first	20.0	2.3188114148826	p_full	0.4822235106971763	0.5129809159557628	0.544159293728395
log-power-percx.pathfinder.klw	Risky first	20.0	2.3833378160835275	p_full	0.4957983452905045	0.527616092443369	0.5607745645112568
log-power-percx.pathfinder.klw	Risky first	20.0	2.4496598167132055	p_full	0.5087779248696426	0.5420572286064296	0.5767443206363638
log-power-percx.pathfinder.klw	Risky first	20.0	2.5178273835642724	p_full	0.5215021363619377	0.5561523842182834	0.5925211624212805
log-power-percx.pathfinder.klw	Risky first	20.0	2.58789187387332	p_full	0.534014012499977	0.5699029070127637	0.6078497326757686
log-power-percx.pathfinder.klw	Risky first	20.0	2.659906074013276	p_full	0.5461200065541585	0.583373563511723	0.6227516088287458
log-power-percx.pathfinder.klw	Risky first	20.0	2.7339242392624983	p_full	0.5575352595732659	0.5963793305540622	0.6371300639487029
log-power-percx.pathfinder.klw	Risky first	20.0	2.8100021346805373	p_full	0.5686149163608527	0.6091039482570492	0.6513684066799631
log-power-percx.pathfinder.klw	Risky first	20.0	2.8881970771213568	p_full	0.5798642435230559	0.6214144039699553	0.6652090127349112
log-power-percx.pathfinder.klw	Risky first	20.0	2.9685679784156793	p_full	0.5905761088698858	0.6334267703896744	0.6783357099682699
log-power-percx.pathfinder.klw	Risky first	20.0	3.051175389754982	p_full	0.6004184401935002	0.6447723714569955	0.6912934379004342
log-power-percx.pathfinder.klw	Risky first	20.0	3.1360815473105736	p_full	0.6102013225407056	0.655898234727261	0.7033906611001305
log-power-percx.pathfinder.klw	Risky first	20.0	3.2233504191221405	p_full	0.6199238445324566	0.6666792380813699	0.7152884529677488
log-power-percx.pathfinder.klw	Risky first	20.0	3.31304775329107	p_full	0.6292794558268977	0.6770362873169656	0.726419516882963
log-power-percx.pathfinder.klw	Risky first	20.0	3.40524112751487	p_full	0.6382384023035637	0.6869220039406532	0.7375236270843476
log-power-percx.pathfinder.klw	Risky first	20.0	3.5000000000000004	p_full	0.6465386178472216	0.6964188483333217	0.7478254227104997
log-power-percx.pathfinder.klw	Risky first	20.0	1.2	p_bias_only	0.1157204374245438	0.14684661333066487	0.18300298407964846
log-power-percx.pathfinder.klw	Risky first	20.0	1.233392832614218	p_bias_only	0.12754235659101185	0.1588362349668249	0.1951129892594931
log-power-percx.pathfinder.klw	Risky first	20.0	1.267714899620104	p_bias_only	0.13996942819819852	0.17151547162830239	0.2076759537436809
log-power-percx.pathfinder.klw	Risky first	20.0	1.3029920591580744	p_bias_only	0.15309769593620715	0.18467829092469762	0.2203738664521069
log-power-percx.pathfinder.klw	Risky first	20.0	1.339250888932342	p_bias_only	0.16695016379019906	0.19830712682034196	0.23333259597686956
log-power-percx.pathfinder.klw	Risky first	20.0	1.3765187062344757	p_bias_only	0.18121239789542096	0.21247459072119013	0.2467963006118327
log-power-percx.pathfinder.klw	Risky first	20.0	1.4148235885241658	p_bias_only	0.19609652636704755	0.22701096068780796	0.26050541354411255
log-power-percx.pathfinder.klw	Risky first	20.0	1.454194394582695	p_bias_only	0.21155237582364286	0.2419955196961554	0.27443955189819474
log-power-percx.pathfinder.klw	Risky first	20.0	1.4946607862550567	p_bias_only	0.2271863763389971	0.2572330868495255	0.2885134070910416
log-power-percx.pathfinder.klw	Risky first	20.0	1.5362532507970992	p_bias_only	0.24356839864774305	0.2729066883982373	0.3033553760405114
log-power-percx.pathfinder.klw	Risky first	20.0	1.579003123844529	p_bias_only	0.2601409174312013	0.28863792553466705	0.31812351674096234
log-power-percx.pathfinder.klw	Risky first	20.0	1.6229426130210856	p_bias_only	0.27683139663933626	0.3046456345690145	0.3334411366755794
log-power-percx.pathfinder.klw	Risky first	20.0	1.6681048222036647	p_bias_only	0.29358744524548497	0.32080581641706984	0.34902963268984344
log-power-percx.pathfinder.klw	Risky first	20.0	1.714523776462679	p_bias_only	0.3105983833220576	0.33716325293117083	0.36458867999487937
log-power-percx.pathfinder.klw	Risky first	20.0	1.7622344476964418	p_bias_only	0.327832783697737	0.35361039166339203	0.38022171947335065
log-power-percx.pathfinder.klw	Risky first	20.0	1.8112727809788889	p_bias_only	0.34436872971267374	0.3701777235665009	0.39601832523342145
log-power-percx.pathfinder.klw	Risky first	20.0	1.861675721640487	p_bias_only	0.3609718176779551	0.38681101490876824	0.4123787116417088
log-power-percx.pathfinder.klw	Risky first	20.0	1.9134812431027324	p_bias_only	0.37720630188909937	0.4030843623059859	0.42854457959017983
log-power-percx.pathfinder.klw	Risky first	20.0	1.9667283754872122	p_bias_only	0.3933420753464724	0.4192808504179023	0.44551059083029426
log-power-percx.pathfinder.klw	Risky first	20.0	2.021457235020777	p_bias_only	0.4092967990459006	0.43528782330247817	0.46208171886433325
log-power-percx.pathfinder.klw	Risky first	20.0	2.0777090542589844	p_bias_only	0.4244287661388169	0.4512891116083927	0.47880515191117196
log-power-percx.pathfinder.klw	Risky first	20.0	2.1355262131505808	p_bias_only	0.43981096534224434	0.46695935847271747	0.49558920813383855
log-power-percx.pathfinder.klw	Risky first	20.0	2.1949522709664246	p_bias_only	0.45433602733424117	0.4824040687434508	0.5123966849602578
log-power-percx.pathfinder.klw	Risky first	20.0	2.256031999116908	p_bias_only	0.4687668407204841	0.49779854263767065	0.5287629959391228
log-power-percx.pathfinder.klw	Risky first	20.0	2.3188114148826	p_bias_only	0.48250645037993056	0.5128559790042755	0.5449828857990254
log-power-percx.pathfinder.klw	Risky first	20.0	2.3833378160835275	p_bias_only	0.4960168399374768	0.527433031818278	0.5608777873544966
log-power-percx.pathfinder.klw	Risky first	20.0	2.4496598167132055	p_bias_only	0.5090582981988014	0.5418467196996076	0.5772070618367819
log-power-percx.pathfinder.klw	Risky first	20.0	2.5178273835642724	p_bias_only	0.5218213345056635	0.5559292727126651	0.5925225141077675
log-power-percx.pathfinder.klw	Risky first	20.0	2.58789187387332	p_bias_only	0.534114492027344	0.569719248315987	0.6079899169607286
log-power-percx.pathfinder.klw	Risky first	20.0	2.659906074013276	p_bias_only	0.5462148485289208	0.58304946453827	0.6229445066603279
log-power-percx.pathfinder.klw	Risky first	20.0	2.7339242392624983	p_bias_only	0.5580314494116781	0.5960940139048617	0.637359563369574
log-power-percx.pathfinder.klw	Risky first	20.0	2.8100021346805373	p_bias_only	0.5693641688856739	0.6087493183850086	0.6515077563442548
log-power-percx.pathfinder.klw	Risky first	20.0	2.8881970771213568	p_bias_only	0.5801204064274578	0.6210086725883828	0.6653898961290777
log-power-percx.pathfinder.klw	Risky first	20.0	2.9685679784156793	p_bias_only	0.5905248588805089	0.6329040930317162	0.6782234189720866
log-power-percx.pathfinder.klw	Risky first	20.0	3.051175389754982	p_bias_only	0.6008651189920488	0.6443517403894772	0.6910407451114506
log-power-percx.pathfinder.klw	Risky first	20.0	3.1360815473105736	p_bias_only	0.6109294195619505	0.6555495351806411	0.7037394933792364
log-power-percx.pathfinder.klw	Risky first	20.0	3.2233504191221405	p_bias_only	0.6203996025629285	0.6662398166214594	0.7158116987909707
log-power-percx.pathfinder.klw	Risky first	20.0	3.31304775329107	p_bias_only	0.629507526712039	0.6767248663175407	0.727393534079726
log-power-percx.pathfinder.klw	Risky first	20.0	3.40524112751487	p_bias_only	0.6382765550725799	0.6867463478780511	0.7386548493066265
log-power-percx.pathfinder.klw	Risky first	20.0	3.5000000000000004	p_bias_only	0.6466813947798769	0.6965193048603544	0.7489748826625817
log-power-percx.pathfinder.klw	Risky first	20.0	1.2	p_scale_only	0.10498679349726842	0.13168312843107666	0.16439860269167317
log-power-percx.pathfinder.klw	Risky first	20.0	1.233392832614218	p_scale_only	0.11572352535809356	0.14332214543652927	0.17640208785294548
log-power-percx.pathfinder.klw	Risky first	20.0	1.267714899620104	p_scale_only	0.12759384990138076	0.1555735232349349	0.18899132426655438
log-power-percx.pathfinder.klw	Risky first	20.0	1.3029920591580744	p_scale_only	0.13987441632247333	0.16844079875827223	0.20199780773471807
log-power-percx.pathfinder.klw	Risky first	20.0	1.339250888932342	p_scale_only	0.15275445424790932	0.18182747779859004	0.21524986987415073
log-power-percx.pathfinder.klw	Risky first	20.0	1.3765187062344757	p_scale_only	0.1663457178755316	0.1956760939014302	0.22899195400456368
log-power-percx.pathfinder.klw	Risky first	20.0	1.4148235885241658	p_scale_only	0.18088761519191737	0.21000516709458947	0.24297468596542887
log-power-percx.pathfinder.klw	Risky first	20.0	1.454194394582695	p_scale_only	0.19584589418729373	0.22489934290710378	0.2570872511813036
log-power-percx.pathfinder.klw	Risky first	20.0	1.4946607862550567	p_scale_only	0.21112680209510754	0.24006359426253387	0.27146357210996175
log-power-percx.pathfinder.klw	Risky first	20.0	1.5362532507970992	p_scale_only	0.2269670868905201	0.2556896294800225	0.286140807045401
log-power-percx.pathfinder.klw	Risky first	20.0	1.579003123844529	p_scale_only	0.24325082753678456	0.27152234072404613	0.30131589026302824
log-power-percx.pathfinder.klw	Risky first	20.0	1.6229426130210856	p_scale_only	0.2596920578260983	0.28760063737792807	0.31663756274252686
log-power-percx.pathfinder.klw	Risky first	20.0	1.6681048222036647	p_scale_only	0.2761935656208624	0.30387008877021787	0.33247013492739436
log-power-percx.pathfinder.klw	Risky first	20.0	1.714523776462679	p_scale_only	0.29290415318194807	0.3203060306111273	0.34841655278082856
log-power-percx.pathfinder.klw	Risky first	20.0	1.7622344476964418	p_scale_only	0.3092692109090563	0.3368481350738042	0.36415584907873416
log-power-percx.pathfinder.klw	Risky first	20.0	1.8112727809788889	p_scale_only	0.3257995373707112	0.3533248569133183	0.38033806517497526
log-power-percx.pathfinder.klw	Risky first	20.0	1.861675721640487	p_scale_only	0.3424331002022257	0.3699393890790833	0.39682374024774464
log-power-percx.pathfinder.klw	Risky first	20.0	1.9134812431027324	p_scale_only	0.3586795479684892	0.38645390799804336	0.4136502417574474
log-power-percx.pathfinder.klw	Risky first	20.0	1.9667283754872122	p_scale_only	0.3748700434981328	0.4028260012275874	0.4304577598190357
log-power-percx.pathfinder.klw	Risky first	20.0	2.021457235020777	p_scale_only	0.3905995446440762	0.4189179274837016	0.44727852017783454
log-power-percx.pathfinder.klw	Risky first	20.0	2.0777090542589844	p_scale_only	0.40566617892013945	0.43474813858661887	0.4642417754648916
log-power-percx.pathfinder.klw	Risky first	20.0	2.1355262131505808	p_scale_only	0.42047820871362435	0.45051427930969024	0.48045364519211564
log-power-percx.pathfinder.klw	Risky first	20.0	2.1949522709664246	p_scale_only	0.434884508514071	0.4660413839754418	0.4970094877717827
log-power-percx.pathfinder.klw	Risky first	20.0	2.256031999116908	p_scale_only	0.44881232408413524	0.4811155362342905	0.5133174837866851
log-power-percx.pathfinder.klw	Risky first	20.0	2.3188114148826	p_scale_only	0.46234944495397057	0.4957736263100992	0.5292085621985146
log-power-percx.pathfinder.klw	Risky first	20.0	2.3833378160835275	p_scale_only	0.4755646344414018	0.5102446115358985	0.5447987259227354
log-power-percx.pathfinder.klw	Risky first	20.0	2.4496598167132055	p_scale_only	0.48832800676060045	0.524287621268027	0.5601974806132826
log-power-percx.pathfinder.klw	Risky first	20.0	2.5178273835642724	p_scale_only	0.5007188365486475	0.5378647771809719	0.575090081927799
log-power-percx.pathfinder.klw	Risky first	20.0	2.58789187387332	p_scale_only	0.5128548743969641	0.5509564353355048	0.5898992292952192
log-power-percx.pathfinder.klw	Risky first	20.0	2.659906074013276	p_scale_only	0.5243250797095058	0.5635991289465336	0.6038300896738807
log-power-percx.pathfinder.klw	Risky first	20.0	2.7339242392624983	p_scale_only	0.5355686585843344	0.5758279308971241	0.617062558907146
log-power-percx.pathfinder.klw	Risky first	20.0	2.8100021346805373	p_scale_only	0.5461627478369372	0.5874644227067086	0.6299420536192075
log-power-percx.pathfinder.klw	Risky first	20.0	2.8881970771213568	p_scale_only	0.5558809192629687	0.598621932564487	0.6419216555898379
log-power-percx.pathfinder.klw	Risky first	20.0	2.9685679784156793	p_scale_only	0.5654505319909497	0.609249296707865	0.653573391703717
log-power-percx.pathfinder.klw	Risky first	20.0	3.051175389754982	p_scale_only	0.5745885854368746	0.619342309476943	0.6646201285689037
log-power-percx.pathfinder.klw	Risky first	20.0	3.1360815473105736	p_scale_only	0.5832243255648887	0.6287486257513937	0.675038530409389
log-power-percx.pathfinder.klw	Risky first	20.0	3.2233504191221405	p_scale_only	0.5912756441768319	0.6377788028977402	0.6850817267450332
log-power-percx.pathfinder.klw	Risky first	20.0	3.31304775329107	p_scale_only	0.598876428372066	0.6464812483798005	0.6946048530996222
log-power-percx.pathfinder.klw	Risky first	20.0	3.40524112751487	p_scale_only	0.6060796960591214	0.6547638728857403	0.7032959806651912
log-power-percx.pathfinder.klw	Risky first	20.0	3.5000000000000004	p_scale_only	0.6127154787151825	0.6624132980789714	0.7114769504179077
log-power-percx.pathfinder.klw	Risky first	20.0	1.2	dp_full	0.006068768991624297	0.029230534768922612	0.05424346619458586
log-power-percx.pathfinder.klw	Risky first	20.0	1.233392832614218	dp_full	0.00653747715834773	0.029620611743627935	0.054562168893293975
log-power-percx.pathfinder.klw	Risky first	20.0	1.267714899620104	dp_full	0.007085300577920718	0.029911632620907444	0.05461375576933704
log-power-percx.pathfinder.klw	Risky first	20.0	1.3029920591580744	dp_full	0.007444315240908462	0.030030782534325357	0.054803979221845024
log-power-percx.pathfinder.klw	Risky first	20.0	1.339250888932342	dp_full	0.007725232748574013	0.02990598288489189	0.05427316820817224
log-power-percx.pathfinder.klw	Risky first	20.0	1.3765187062344757	dp_full	0.007999417512524337	0.029727188523355444	0.05342061264011681
log-power-percx.pathfinder.klw	Risky first	20.0	1.4148235885241658	dp_full	0.008278005640197577	0.029370523664223387	0.05238243974602729
log-power-percx.pathfinder.klw	Risky first	20.0	1.454194394582695	dp_full	0.00852134361930293	0.028817757302103814	0.051155741779434105
log-power-percx.pathfinder.klw	Risky first	20.0	1.4946607862550567	dp_full	0.008879455574848667	0.0281939705784271	0.04951736942100806
log-power-percx.pathfinder.klw	Risky first	20.0	1.5362532507970992	dp_full	0.009059444832461645	0.02740925994445588	0.04768913240967813
log-power-percx.pathfinder.klw	Risky first	20.0	1.579003123844529	dp_full	0.00915417792829704	0.02644046352732328	0.045351925725106886
log-power-percx.pathfinder.klw	Risky first	20.0	1.6229426130210856	dp_full	0.009203162544821869	0.02536227686097023	0.043216631527646265
log-power-percx.pathfinder.klw	Risky first	20.0	1.6681048222036647	dp_full	0.009164815775527238	0.024278896244855363	0.04135130458358343
log-power-percx.pathfinder.klw	Risky first	20.0	1.714523776462679	dp_full	0.008858351716201664	0.023145662319764407	0.03947974791926519
log-power-percx.pathfinder.klw	Risky first	20.0	1.7622344476964418	dp_full	0.008310803481552118	0.02195209240556445	0.03757641399159528
log-power-percx.pathfinder.klw	Risky first	20.0	1.8112727809788889	dp_full	0.0072446534548291	0.02076694083745252	0.03605827371951046
log-power-percx.pathfinder.klw	Risky first	20.0	1.861675721640487	dp_full	0.006184957383364954	0.0197183338731814	0.03475867377772648
log-power-percx.pathfinder.klw	Risky first	20.0	1.9134812431027324	dp_full	0.004860764073288548	0.018724326291913618	0.03384972041328036
log-power-percx.pathfinder.klw	Risky first	20.0	1.9667283754872122	dp_full	0.0031190991363984183	0.01771532394464289	0.03324077737094868
log-power-percx.pathfinder.klw	Risky first	20.0	2.021457235020777	dp_full	0.0014601698196663694	0.016765929937256008	0.03327246635774726
log-power-percx.pathfinder.klw	Risky first	20.0	2.0777090542589844	dp_full	-0.0003899280472116623	0.015991861772268776	0.03354163742009367
log-power-percx.pathfinder.klw	Risky first	20.0	2.1355262131505808	dp_full	-0.0021753754404770687	0.015301779179089705	0.03413370099859398
log-power-percx.pathfinder.klw	Risky first	20.0	2.1949522709664246	dp_full	-0.004040380425393904	0.014814152911076153	0.034896803888431895
log-power-percx.pathfinder.klw	Risky first	20.0	2.256031999116908	dp_full	-0.005783149234879904	0.014414385789733725	0.03579666329079176
log-power-percx.pathfinder.klw	Risky first	20.0	2.3188114148826	dp_full	-0.007229761778279313	0.014181073578897594	0.036952735060603044
log-power-percx.pathfinder.klw	Risky first	20.0	2.3833378160835275	dp_full	-0.008433292664580242	0.014138713561614858	0.0383427186931999
log-power-percx.pathfinder.klw	Risky first	20.0	2.4496598167132055	dp_full	-0.009675030543236084	0.014302586191857406	0.03989309755087537
log-power-percx.pathfinder.klw	Risky first	20.0	2.5178273835642724	dp_full	-0.010514356311957166	0.014595182003611193	0.0415697714230324
log-power-percx.pathfinder.klw	Risky first	20.0	2.58789187387332	dp_full	-0.011544078721456937	0.015131914151769423	0.04342296330889778
log-power-percx.pathfinder.klw	Risky first	20.0	2.659906074013276	dp_full	-0.012196210358711893	0.01583065442301633	0.04536193544909466
log-power-percx.pathfinder.klw	Risky first	20.0	2.7339242392624983	dp_full	-0.012607450949095407	0.016647397871427307	0.04744671853735797
log-power-percx.pathfinder.klw	Risky first	20.0	2.8100021346805373	dp_full	-0.012637329267938075	0.01775872050493066	0.049485058934583034
log-power-percx.pathfinder.klw	Risky first	20.0	2.8881970771213568	dp_full	-0.012532932201659236	0.018885759366009766	0.05178365255686861
log-power-percx.pathfinder.klw	Risky first	20.0	2.9685679784156793	dp_full	-0.012154526077136709	0.020152459878585265	0.05420817041287519
log-power-percx.pathfinder.klw	Risky first	20.0	3.051175389754982	dp_full	-0.01158720034712174	0.021523153062762045	0.05668135212216094
log-power-percx.pathfinder.klw	Risky first	20.0	3.1360815473105736	dp_full	-0.01102058864267946	0.023119284902166606	0.059265102013352666
log-power-percx.pathfinder.klw	Risky first	20.0	3.2233504191221405	dp_full	-0.01016180225364408	0.024819767350089526	0.06194997280412891
log-power-percx.pathfinder.klw	Risky first	20.0	3.31304775329107	dp_full	-0.008954484283168876	0.02660968304959979	0.0646331292922034
log-power-percx.pathfinder.klw	Risky first	20.0	3.40524112751487	dp_full	-0.00770324938071601	0.028472198069040257	0.06727624896641277
log-power-percx.pathfinder.klw	Risky first	20.0	3.5000000000000004	dp_full	-0.00633313711693167	0.030384711908958334	0.07016771163188275
log-power-percx.pathfinder.klw	Risky first	20.0	1.2	dp_bias	0.005129707886413137	0.0241701475552193	0.046413246283224706
log-power-percx.pathfinder.klw	Risky first	20.0	1.233392832614218	dp_bias	0.005767634382461729	0.024875427791393147	0.047139625397032495
log-power-percx.pathfinder.klw	Risky first	20.0	1.267714899620104	dp_bias	0.006241039474253179	0.02544316977892009	0.04730742577961303
log-power-percx.pathfinder.klw	Risky first	20.0	1.3029920591580744	dp_bias	0.006597645211600098	0.025859916463014814	0.0474730689720932
log-power-percx.pathfinder.klw	Risky first	20.0	1.339250888932342	dp_bias	0.007101830777395899	0.02619281388245372	0.04763608112834424
log-power-percx.pathfinder.klw	Risky first	20.0	1.3765187062344757	dp_bias	0.0074011832900036	0.026303491139068765	0.04754677541349584
log-power-percx.pathfinder.klw	Risky first	20.0	1.4148235885241658	dp_bias	0.007712099560881629	0.026193938689351465	0.047334171505399404
log-power-percx.pathfinder.klw	Risky first	20.0	1.454194394582695	dp_bias	0.008084206665684858	0.025944193070193612	0.04661252423779633
log-power-percx.pathfinder.klw	Risky first	20.0	1.4946607862550567	dp_bias	0.008111619631723431	0.02554221303414122	0.045653444764768555
log-power-percx.pathfinder.klw	Risky first	20.0	1.5362532507970992	dp_bias	0.008155368803997741	0.025014758859269223	0.04438342249699778
log-power-percx.pathfinder.klw	Risky first	20.0	1.579003123844529	dp_bias	0.008087582423496347	0.024400142735745103	0.0429707908962266
log-power-percx.pathfinder.klw	Risky first	20.0	1.6229426130210856	dp_bias	0.007849741742127903	0.023663857085603045	0.041382833501766976
log-power-percx.pathfinder.klw	Risky first	20.0	1.6681048222036647	dp_bias	0.00782962836412322	0.022926957282214125	0.03995645840815065
log-power-percx.pathfinder.klw	Risky first	20.0	1.714523776462679	dp_bias	0.007463338557567817	0.02212282974377796	0.038583353689762116
log-power-percx.pathfinder.klw	Risky first	20.0	1.7622344476964418	dp_bias	0.006867259156571692	0.021265172872803266	0.03732900188104333
log-power-percx.pathfinder.klw	Risky first	20.0	1.8112727809788889	dp_bias	0.005682150454570853	0.020361146976197265	0.03613242111255668
log-power-percx.pathfinder.klw	Risky first	20.0	1.861675721640487	dp_bias	0.004491734390422272	0.01945209162785118	0.035021168882163035
log-power-percx.pathfinder.klw	Risky first	20.0	1.9134812431027324	dp_bias	0.003124600444718978	0.018571094894616804	0.034533861943979435
log-power-percx.pathfinder.klw	Risky first	20.0	1.9667283754872122	dp_bias	0.001915642942401134	0.017727167124442212	0.03423317732905117
log-power-percx.pathfinder.klw	Risky first	20.0	2.021457235020777	dp_bias	0.0002697254286035506	0.0168929330268614	0.03411666274276891
log-power-percx.pathfinder.klw	Risky first	20.0	2.0777090542589844	dp_bias	-0.0014971976750272912	0.016110647393691106	0.034101978267892845
log-power-percx.pathfinder.klw	Risky first	20.0	2.1355262131505808	dp_bias	-0.00283291343649986	0.015494645564700177	0.034586336419035794
log-power-percx.pathfinder.klw	Risky first	20.0	2.1949522709664246	dp_bias	-0.004248462677128263	0.014979539574502865	0.03508966897072467
log-power-percx.pathfinder.klw	Risky first	20.0	2.256031999116908	dp_bias	-0.0056632891889763365	0.01451583449345754	0.03570113845489635
log-power-percx.pathfinder.klw	Risky first	20.0	2.3188114148826	dp_bias	-0.0068502545407703	0.01424864638579754	0.036729690896748754
log-power-percx.pathfinder.klw	Risky first	20.0	2.3833378160835275	dp_bias	-0.008105278450000475	0.014196791941674444	0.037786733908361535
log-power-percx.pathfinder.klw	Risky first	20.0	2.4496598167132055	dp_bias	-0.009166810176245675	0.014349923419482529	0.03896682104881708
log-power-percx.pathfinder.klw	Risky first	20.0	2.5178273835642724	dp_bias	-0.009992359486471968	0.014571835215935863	0.04021943995763595
log-power-percx.pathfinder.klw	Risky first	20.0	2.58789187387332	dp_bias	-0.01089213612699367	0.014915385872599716	0.04185406107764109
log-power-percx.pathfinder.klw	Risky first	20.0	2.659906074013276	dp_bias	-0.011278407035227611	0.01556435296132736	0.043648174609904535
log-power-percx.pathfinder.klw	Risky first	20.0	2.7339242392624983	dp_bias	-0.011588766824363954	0.016449777756728633	0.045462042797587685
log-power-percx.pathfinder.klw	Risky first	20.0	2.8100021346805373	dp_bias	-0.0115863224327475	0.01735295233545877	0.04751959855264659
log-power-percx.pathfinder.klw	Risky first	20.0	2.8881970771213568	dp_bias	-0.011118170378370772	0.018475005153787333	0.049784437515993894
log-power-percx.pathfinder.klw	Risky first	20.0	2.9685679784156793	dp_bias	-0.010597738489087204	0.01973863554429676	0.05201984970753566
log-power-percx.pathfinder.klw	Risky first	20.0	3.051175389754982	dp_bias	-0.010021126240304571	0.021278614448086264	0.05441741120033315
log-power-percx.pathfinder.klw	Risky first	20.0	3.1360815473105736	dp_bias	-0.00934680769941671	0.022862790389562425	0.05727377519461225
log-power-percx.pathfinder.klw	Risky first	20.0	3.2233504191221405	dp_bias	-0.0083090805753254	0.02456886797506418	0.05977563990596114
log-power-percx.pathfinder.klw	Risky first	20.0	3.31304775329107	dp_bias	-0.007135999049749136	0.026357665731914667	0.06263527720896798
log-power-percx.pathfinder.klw	Risky first	20.0	3.40524112751487	dp_bias	-0.005926172066889699	0.02822160010062654	0.06561298924506806
log-power-percx.pathfinder.klw	Risky first	20.0	3.5000000000000004	dp_bias	-0.004742369071334785	0.030144480969712915	0.06837519365193358
log-power-percx.pathfinder.klw	Risky first	20.0	1.2	dp_scale	0.002140159013412139	0.009410636675936924	0.01808805406819109
log-power-percx.pathfinder.klw	Risky first	20.0	1.233392832614218	dp_scale	0.002290440116095852	0.009641935421811314	0.018459996615216457
log-power-percx.pathfinder.klw	Risky first	20.0	1.267714899620104	dp_scale	0.002350946592801086	0.009826491064662213	0.01874311796290124
log-power-percx.pathfinder.klw	Risky first	20.0	1.3029920591580744	dp_scale	0.002390381809399959	0.009905282170511096	0.018730160126632586
log-power-percx.pathfinder.klw	Risky first	20.0	1.339250888932342	dp_scale	0.0023147599757918093	0.009882230072953982	0.01873772113557907
log-power-percx.pathfinder.klw	Risky first	20.0	1.3765187062344757	dp_scale	0.002135666402234092	0.009738288560139915	0.018503063780411284
log-power-percx.pathfinder.klw	Risky first	20.0	1.4148235885241658	dp_scale	0.00198968356530621	0.00949537546394146	0.0181706799193161
log-power-percx.pathfinder.klw	Risky first	20.0	1.454194394582695	dp_scale	0.0017876844283755656	0.009138851997155964	0.017550628396238426
log-power-percx.pathfinder.klw	Risky first	20.0	1.4946607862550567	dp_scale	0.0014282260383382335	0.008676046715986239	0.016782522033988428
log-power-percx.pathfinder.klw	Risky first	20.0	1.5362532507970992	dp_scale	0.0010747121581243155	0.00810297693352234	0.016074624833985415
log-power-percx.pathfinder.klw	Risky first	20.0	1.579003123844529	dp_scale	0.00061703848552797	0.007424056059699096	0.015110830770978
log-power-percx.pathfinder.klw	Risky first	20.0	1.6229426130210856	dp_scale	0.00017223893478660575	0.006722970727955942	0.013988571876186594
log-power-percx.pathfinder.klw	Risky first	20.0	1.6681048222036647	dp_scale	-0.00029079764382686387	0.005995099489242474	0.012965819745182435
log-power-percx.pathfinder.klw	Risky first	20.0	1.714523776462679	dp_scale	-0.0008905090792053154	0.0052139360467061665	0.011796134629311535
log-power-percx.pathfinder.klw	Risky first	20.0	1.7622344476964418	dp_scale	-0.00151999420302965	0.004400960350656827	0.010677608824039854
log-power-percx.pathfinder.klw	Risky first	20.0	1.8112727809788889	dp_scale	-0.0021518665957626984	0.003605634897007063	0.009635745987096295
log-power-percx.pathfinder.klw	Risky first	20.0	1.861675721640487	dp_scale	-0.0029235905603401833	0.002790731471704536	0.008530903183410639
log-power-percx.pathfinder.klw	Risky first	20.0	1.9134812431027324	dp_scale	-0.0036995022348876145	0.0020234048150896615	0.007598349911111566
log-power-percx.pathfinder.klw	Risky first	20.0	1.9667283754872122	dp_scale	-0.0044687063131930195	0.0012402140794361008	0.0067437906132224125
log-power-percx.pathfinder.klw	Risky first	20.0	2.021457235020777	dp_scale	-0.005401831515376975	0.0005223097735695301	0.00607632691303616
log-power-percx.pathfinder.klw	Risky first	20.0	2.0777090542589844	dp_scale	-0.006220092220971433	-0.00014221691934202056	0.005515453837301724
log-power-percx.pathfinder.klw	Risky first	20.0	2.1355262131505808	dp_scale	-0.006956329882426314	-0.0007571721915220094	0.004930976611503862
log-power-percx.pathfinder.klw	Risky first	20.0	2.1949522709664246	dp_scale	-0.007719559902494648	-0.0012775221591034528	0.004471463316646034
log-power-percx.pathfinder.klw	Risky first	20.0	2.256031999116908	dp_scale	-0.008360973047762638	-0.0017708202262105945	0.004094842280852582
log-power-percx.pathfinder.klw	Risky first	20.0	2.3188114148826	dp_scale	-0.008890289208729599	-0.0021685626827337053	0.003918849681482057
log-power-percx.pathfinder.klw	Risky first	20.0	2.3833378160835275	dp_scale	-0.009474137630204464	-0.0025448081096958635	0.003679025693953891
log-power-percx.pathfinder.klw	Risky first	20.0	2.4496598167132055	dp_scale	-0.009851672412794056	-0.0028573566961641577	0.003513955929813587
log-power-percx.pathfinder.klw	Risky first	20.0	2.5178273835642724	dp_scale	-0.010236614549189876	-0.00310231442652118	0.0034189992164213247
log-power-percx.pathfinder.klw	Risky first	20.0	2.58789187387332	dp_scale	-0.010504772338441727	-0.003286060317314891	0.003305746614178617
log-power-percx.pathfinder.klw	Risky first	20.0	2.659906074013276	dp_scale	-0.010605966963856713	-0.0034194111426322474	0.003167417986871529
log-power-percx.pathfinder.klw	Risky first	20.0	2.7339242392624983	dp_scale	-0.010692854327290249	-0.0035117724400522774	0.003067144912823868
log-power-percx.pathfinder.klw	Risky first	20.0	2.8100021346805373	dp_scale	-0.010623811185700122	-0.0035767912119663106	0.0030003153926180964
log-power-percx.pathfinder.klw	Risky first	20.0	2.8881970771213568	dp_scale	-0.010579202745218159	-0.0036403385530625245	0.002906877690131652
log-power-percx.pathfinder.klw	Risky first	20.0	2.9685679784156793	dp_scale	-0.010466651977573346	-0.0036676288282852273	0.002820585462190699
log-power-percx.pathfinder.klw	Risky first	20.0	3.051175389754982	dp_scale	-0.010329031253979397	-0.003640389892048156	0.00278218071737727
log-power-percx.pathfinder.klw	Risky first	20.0	3.1360815473105736	dp_scale	-0.010228309344645048	-0.003607318570402974	0.0027136960730445507
log-power-percx.pathfinder.klw	Risky first	20.0	3.2233504191221405	dp_scale	-0.009985017417337181	-0.003546685960356258	0.0027360876608031985
log-power-percx.pathfinder.klw	Risky first	20.0	3.31304775329107	dp_scale	-0.00973803625399069	-0.003495482416778054	0.002717182324760745
log-power-percx.pathfinder.klw	Risky first	20.0	3.40524112751487	dp_scale	-0.009458719038023264	-0.0033933965602211584	0.002759971300140829
log-power-percx.pathfinder.klw	Risky first	20.0	3.5000000000000004	dp_scale	-0.009318208307147396	-0.0032907405523363168	0.0027720241606134827
log-power-percx.pathfinder.klw	Risky first	20.0	1.2	dp_interaction	-0.009899849352899462	-0.004219318713269332	-0.0010081147682322175
log-power-percx.pathfinder.klw	Risky first	20.0	1.233392832614218	dp_interaction	-0.010494432335735843	-0.004763083821571347	-0.001414966735591875
log-power-percx.pathfinder.klw	Risky first	20.0	1.267714899620104	dp_interaction	-0.011004733350102866	-0.005226179032456763	-0.0017686170402290177
log-power-percx.pathfinder.klw	Risky first	20.0	1.3029920591580744	dp_interaction	-0.011410842937893531	-0.005588871619313084	-0.0020800264202637353
log-power-percx.pathfinder.klw	Risky first	20.0	1.339250888932342	dp_interaction	-0.01169917135653146	-0.005856812662272483	-0.0023427091483236764
log-power-percx.pathfinder.klw	Risky first	20.0	1.3765187062344757	dp_interaction	-0.011825857908687058	-0.006033020234213612	-0.0025255095474783886
log-power-percx.pathfinder.klw	Risky first	20.0	1.4148235885241658	dp_interaction	-0.011775997862207723	-0.006090341819911827	-0.0026730117518119576
log-power-percx.pathfinder.klw	Risky first	20.0	1.454194394582695	dp_interaction	-0.011574786648414404	-0.0060726448331857984	-0.002715724384254279
log-power-percx.pathfinder.klw	Risky first	20.0	1.4946607862550567	dp_interaction	-0.011308141361577817	-0.0059393544709804656	-0.0026913350107604264
log-power-percx.pathfinder.klw	Risky first	20.0	1.5362532507970992	dp_interaction	-0.010817774354833054	-0.005728437754370121	-0.0026254089388797978
log-power-percx.pathfinder.klw	Risky first	20.0	1.579003123844529	dp_interaction	-0.010237137172399869	-0.005399213976768255	-0.002488636545211444
log-power-percx.pathfinder.klw	Risky first	20.0	1.6229426130210856	dp_interaction	-0.009505994433424134	-0.005032014638314812	-0.002274013866519673
log-power-percx.pathfinder.klw	Risky first	20.0	1.6681048222036647	dp_interaction	-0.008702919500059808	-0.004569896709560646	-0.002031202474181029
log-power-percx.pathfinder.klw	Risky first	20.0	1.714523776462679	dp_interaction	-0.007755874712274252	-0.00405326028932935	-0.0016677671043317608
log-power-percx.pathfinder.klw	Risky first	20.0	1.7622344476964418	dp_interaction	-0.0068660079975752415	-0.003504299618004361	-0.0011742165647952428
log-power-percx.pathfinder.klw	Risky first	20.0	1.8112727809788889	dp_interaction	-0.006038616312377211	-0.0029163143090482737	-0.0006171900675488279
log-power-percx.pathfinder.klw	Risky first	20.0	1.861675721640487	dp_interaction	-0.005227864091274615	-0.002322933190579362	4.682252291184271e-05
log-power-percx.pathfinder.klw	Risky first	20.0	1.9134812431027324	dp_interaction	-0.004625404896911896	-0.0017277956446580648	0.0008395751924299122
log-power-percx.pathfinder.klw	Risky first	20.0	1.9667283754872122	dp_interaction	-0.0039776772220227385	-0.001117306002219329	0.0016801088759130888
log-power-percx.pathfinder.klw	Risky first	20.0	2.021457235020777	dp_interaction	-0.003394359605301832	-0.000533854135606052	0.002622657802575668
log-power-percx.pathfinder.klw	Risky first	20.0	2.0777090542589844	dp_interaction	-0.0028737063997341153	3.4816892653317346e-05	0.0034682633683158753
log-power-percx.pathfinder.klw	Risky first	20.0	2.1355262131505808	dp_interaction	-0.0024263254218254058	0.000578628827964842	0.004311120191823806
log-power-percx.pathfinder.klw	Risky first	20.0	2.1949522709664246	dp_interaction	-0.0020353494253273546	0.0010786716642296524	0.0051072021176010035
log-power-percx.pathfinder.klw	Risky first	20.0	2.256031999116908	dp_interaction	-0.001686719256576451	0.0015473254826335072	0.005883498560892468
log-power-percx.pathfinder.klw	Risky first	20.0	2.3188114148826	dp_interaction	-0.001419989073535052	0.001998102138674897	0.006600221009396689
log-power-percx.pathfinder.klw	Risky first	20.0	2.3833378160835275	dp_interaction	-0.0011713702346825199	0.0024065589851584384	0.007229944842461835
log-power-percx.pathfinder.klw	Risky first	20.0	2.4496598167132055	dp_interaction	-0.0009392528704793274	0.0027840616659592296	0.007771292685684869
log-power-percx.pathfinder.klw	Risky first	20.0	2.5178273835642724	dp_interaction	-0.0007174972037108088	0.0030856004948410683	0.008183116268340895
log-power-percx.pathfinder.klw	Risky first	20.0	2.58789187387332	dp_interaction	-0.000546987265163059	0.0033428925607225796	0.008512501672411873
log-power-percx.pathfinder.klw	Risky first	20.0	2.659906074013276	dp_interaction	-0.00037822381063093755	0.003564910583477029	0.008721921658932928
log-power-percx.pathfinder.klw	Risky first	20.0	2.7339242392624983	dp_interaction	-0.00024840329164247646	0.0037153301472737164	0.008847025347257502
log-power-percx.pathfinder.klw	Risky first	20.0	2.8100021346805373	dp_interaction	-0.0001982614781422738	0.0038473438751712653	0.008931252769461684
log-power-percx.pathfinder.klw	Risky first	20.0	2.8881970771213568	dp_interaction	-0.00015458128915555024	0.003906082763918132	0.009019515780652234
log-power-percx.pathfinder.klw	Risky first	20.0	2.9685679784156793	dp_interaction	-0.00017015118269277001	0.0038973333253331044	0.008988363931848797
log-power-percx.pathfinder.klw	Risky first	20.0	3.051175389754982	dp_interaction	-0.0002134848873878057	0.003882352098941272	0.008983296273829938
log-power-percx.pathfinder.klw	Risky first	20.0	3.1360815473105736	dp_interaction	-0.00030020489323998484	0.0038085149828380434	0.008955936199032921
log-power-percx.pathfinder.klw	Risky first	20.0	3.2233504191221405	dp_interaction	-0.0004526506340244157	0.0036987047707717326	0.008809118238056855
log-power-percx.pathfinder.klw	Risky first	20.0	3.31304775329107	dp_interaction	-0.0005941443951280954	0.00357217567489395	0.008632235517374421
log-power-percx.pathfinder.klw	Risky first	20.0	3.40524112751487	dp_interaction	-0.0008137812325151405	0.003426449477108619	0.008445641190018135
log-power-percx.pathfinder.klw	Risky first	20.0	3.5000000000000004	dp_interaction	-0.0010483682332700453	0.003285591257330689	0.00822108139273883
log-power-percx.pathfinder.klw	Risky first	20.0	1.2	num_shift	-0.004778782204309622	0.012887445659555576	0.03200727264766248
log-power-percx.pathfinder.klw	Risky first	20.0	1.233392832614218	num_shift	-0.004683175734063818	0.012604774275529187	0.03146916470858141
log-power-percx.pathfinder.klw	Risky first	20.0	1.267714899620104	num_shift	-0.004560990068453748	0.01238918938811458	0.03087174995467952
log-power-percx.pathfinder.klw	Risky first	20.0	1.3029920591580744	num_shift	-0.004276048489619098	0.01216424780608033	0.030315209387971494
log-power-percx.pathfinder.klw	Risky first	20.0	1.339250888932342	num_shift	-0.0041237791105266895	0.012105945440944326	0.029859633824120654
log-power-percx.pathfinder.klw	Risky first	20.0	1.3765187062344757	num_shift	-0.0038713591514191866	0.012075327595381147	0.02943061636034061
log-power-percx.pathfinder.klw	Risky first	20.0	1.4148235885241658	num_shift	-0.0035422274135199355	0.012082525619949987	0.029047479969021163
log-power-percx.pathfinder.klw	Risky first	20.0	1.454194394582695	num_shift	-0.0032682348759475103	0.012181710968302523	0.02878875198882212
log-power-percx.pathfinder.klw	Risky first	20.0	1.4946607862550567	num_shift	-0.0028622791790294958	0.012382338045795043	0.028815838142235626
log-power-percx.pathfinder.klw	Risky first	20.0	1.5362532507970992	num_shift	-0.002610743526564243	0.0126049221612449	0.028882234520998015
log-power-percx.pathfinder.klw	Risky first	20.0	1.579003123844529	num_shift	-0.0022856191349234158	0.01295112802844931	0.029092040585124622
log-power-percx.pathfinder.klw	Risky first	20.0	1.6229426130210856	num_shift	-0.0018244072084114718	0.013392653961901417	0.029539563511763973
log-power-percx.pathfinder.klw	Risky first	20.0	1.6681048222036647	num_shift	-0.0014164797090326126	0.013834531959109421	0.029991483915502333
log-power-percx.pathfinder.klw	Risky first	20.0	1.714523776462679	num_shift	-0.0011385229350399323	0.01443251788656347	0.030546950855286942
log-power-percx.pathfinder.klw	Risky first	20.0	1.7622344476964418	num_shift	-0.0007711171632804244	0.015076755265770238	0.031461318101835035
log-power-percx.pathfinder.klw	Risky first	20.0	1.8112727809788889	num_shift	-0.0002867688400219381	0.015809993282095196	0.032372036013683186
log-power-percx.pathfinder.klw	Risky first	20.0	1.861675721640487	num_shift	0.00027017518295227073	0.016642613700708693	0.03360285423853118
log-power-percx.pathfinder.klw	Risky first	20.0	1.9134812431027324	num_shift	0.0010077893540352768	0.01746592177606356	0.03486413643545179
log-power-percx.pathfinder.klw	Risky first	20.0	1.9667283754872122	num_shift	0.0014297257554037309	0.018399912520541732	0.036171776219068835
log-power-percx.pathfinder.klw	Risky first	20.0	2.021457235020777	num_shift	0.001932641637766519	0.019414247826245273	0.037795337515642104
log-power-percx.pathfinder.klw	Risky first	20.0	2.0777090542589844	num_shift	0.0025109178961384114	0.020441538957747078	0.039443573791266125
log-power-percx.pathfinder.klw	Risky first	20.0	2.1355262131505808	num_shift	0.003112137074939413	0.02164555044538944	0.04135843106347605
log-power-percx.pathfinder.klw	Risky first	20.0	2.1949522709664246	num_shift	0.0037377683225353164	0.02284605549715113	0.04339605976668236
log-power-percx.pathfinder.klw	Risky first	20.0	2.256031999116908	num_shift	0.004276972789639911	0.024152958547837958	0.045649096652218196
log-power-percx.pathfinder.klw	Risky first	20.0	2.3188114148826	num_shift	0.00501897217077849	0.025550558306883304	0.047897545312091436
log-power-percx.pathfinder.klw	Risky first	20.0	2.3833378160835275	num_shift	0.005703801756618647	0.027071344978984776	0.05047839577266739
log-power-percx.pathfinder.klw	Risky first	20.0	2.4496598167132055	num_shift	0.0061692379689945445	0.02869466858776954	0.05321232843324434
log-power-percx.pathfinder.klw	Risky first	20.0	2.5178273835642724	num_shift	0.0069586141674698575	0.03038544181767882	0.05611115892277994
log-power-percx.pathfinder.klw	Risky first	20.0	2.58789187387332	num_shift	0.0075979976122625735	0.03214601609147903	0.059095577082139805
log-power-percx.pathfinder.klw	Risky first	20.0	2.659906074013276	num_shift	0.008299570396980326	0.033998771566451855	0.062230213161735805
log-power-percx.pathfinder.klw	Risky first	20.0	2.7339242392624983	num_shift	0.008952526383384096	0.03596091710772201	0.06576363063924326
log-power-percx.pathfinder.klw	Risky first	20.0	2.8100021346805373	num_shift	0.00980543313403794	0.03799131866189652	0.069077706375534
log-power-percx.pathfinder.klw	Risky first	20.0	2.8881970771213568	num_shift	0.010619882615299751	0.04012493299646021	0.07255886532390322
log-power-percx.pathfinder.klw	Risky first	20.0	2.9685679784156793	num_shift	0.011363790851180973	0.04222288696224164	0.07621577325802417
log-power-percx.pathfinder.klw	Risky first	20.0	3.051175389754982	num_shift	0.012190310252899069	0.04454197704640177	0.07994290480990109
log-power-percx.pathfinder.klw	Risky first	20.0	3.1360815473105736	num_shift	0.01290280449571539	0.046871394287558606	0.08379377249047108
log-power-percx.pathfinder.klw	Risky first	20.0	3.2233504191221405	num_shift	0.01381395222828354	0.0493348336938878	0.0879643251226776
log-power-percx.pathfinder.klw	Risky first	20.0	3.31304775329107	num_shift	0.01476331495125039	0.05186021149849595	0.09220143379057734
log-power-percx.pathfinder.klw	Risky first	20.0	3.40524112751487	num_shift	0.015840664670507362	0.054424211014901164	0.09641357559871327
log-power-percx.pathfinder.klw	Risky first	20.0	3.5000000000000004	num_shift	0.01684580055753613	0.05703999737106104	0.10089114544611728
log-power-percx.pathfinder.klw	Risky first	20.0	1.2	den_ratio	1.022235523142754	1.0717291407813194	1.1294672797844738
log-power-percx.pathfinder.klw	Risky first	20.0	1.233392832614218	den_ratio	1.021628542191025	1.0709818091435737	1.1286641912491333
log-power-percx.pathfinder.klw	Risky first	20.0	1.267714899620104	den_ratio	1.0211439336885828	1.0702607290787443	1.12752628482105
log-power-percx.pathfinder.klw	Risky first	20.0	1.3029920591580744	den_ratio	1.0208585664899723	1.0696295046640167	1.126317394428786
log-power-percx.pathfinder.klw	Risky first	20.0	1.339250888932342	den_ratio	1.0203071847460732	1.0691024784736516	1.1255187194313063
log-power-percx.pathfinder.klw	Risky first	20.0	1.3765187062344757	den_ratio	1.019650425147069	1.0684163722087263	1.1245581099267863
log-power-percx.pathfinder.klw	Risky first	20.0	1.4148235885241658	den_ratio	1.0192015190599877	1.0677784564882045	1.123550162437397
log-power-percx.pathfinder.klw	Risky first	20.0	1.454194394582695	den_ratio	1.0188987609460483	1.0671400653007808	1.1228562898953964
log-power-percx.pathfinder.klw	Risky first	20.0	1.4946607862550567	den_ratio	1.0185162031100807	1.066530986140386	1.1221237413599021
log-power-percx.pathfinder.klw	Risky first	20.0	1.5362532507970992	den_ratio	1.018309421011016	1.0659434660738332	1.1212141326058593
log-power-percx.pathfinder.klw	Risky first	20.0	1.579003123844529	den_ratio	1.0180039219472115	1.0653863902291483	1.12048645291395
log-power-percx.pathfinder.klw	Risky first	20.0	1.6229426130210856	den_ratio	1.017799479192959	1.0649267284783657	1.1196200969556096
log-power-percx.pathfinder.klw	Risky first	20.0	1.6681048222036647	den_ratio	1.0175568459121476	1.0644320886336658	1.1188082314399055
log-power-percx.pathfinder.klw	Risky first	20.0	1.714523776462679	den_ratio	1.017197872641612	1.0639566492532149	1.1183539947756003
log-power-percx.pathfinder.klw	Risky first	20.0	1.7622344476964418	den_ratio	1.0169869232425561	1.063530293613405	1.1175956420639814
log-power-percx.pathfinder.klw	Risky first	20.0	1.8112727809788889	den_ratio	1.016672071508037	1.063015948060511	1.1167168054286678
log-power-percx.pathfinder.klw	Risky first	20.0	1.861675721640487	den_ratio	1.0164030924895555	1.0624443009461428	1.1162682034280718
log-power-percx.pathfinder.klw	Risky first	20.0	1.9134812431027324	den_ratio	1.0160871772197844	1.062075063920747	1.115683964334303
log-power-percx.pathfinder.klw	Risky first	20.0	1.9667283754872122	den_ratio	1.0156845923734796	1.0616502398867997	1.115154073373425
log-power-percx.pathfinder.klw	Risky first	20.0	2.021457235020777	den_ratio	1.0154898806369566	1.0613377771492436	1.1146532859955662
log-power-percx.pathfinder.klw	Risky first	20.0	2.0777090542589844	den_ratio	1.0152464360048434	1.061042336784963	1.114736771344953
log-power-percx.pathfinder.klw	Risky first	20.0	2.1355262131505808	den_ratio	1.0150909561874977	1.0608031642698967	1.114506283143408
log-power-percx.pathfinder.klw	Risky first	20.0	2.1949522709664246	den_ratio	1.0150194162947375	1.060504857629362	1.1141295647198515
log-power-percx.pathfinder.klw	Risky first	20.0	2.256031999116908	den_ratio	1.0147680060717226	1.060179931462859	1.1137973253737776
log-power-percx.pathfinder.klw	Risky first	20.0	2.3188114148826	den_ratio	1.0145083479938897	1.0599383988091224	1.1136357527988698
log-power-percx.pathfinder.klw	Risky first	20.0	2.3833378160835275	den_ratio	1.014164593465066	1.059793805155151	1.113197811588982
log-power-percx.pathfinder.klw	Risky first	20.0	2.4496598167132055	den_ratio	1.013881003393153	1.059558517344028	1.1128832627508551
log-power-percx.pathfinder.klw	Risky first	20.0	2.5178273835642724	den_ratio	1.0135795702331156	1.0593626665239837	1.1124262909913123
log-power-percx.pathfinder.klw	Risky first	20.0	2.58789187387332	den_ratio	1.0135560964207466	1.0592482863036397	1.112070452183215
log-power-percx.pathfinder.klw	Risky first	20.0	2.659906074013276	den_ratio	1.0134383110708438	1.0591999129884597	1.1117684291661156
log-power-percx.pathfinder.klw	Risky first	20.0	2.7339242392624983	den_ratio	1.0134743360049072	1.0591465591702525	1.1117384944737574
log-power-percx.pathfinder.klw	Risky first	20.0	2.8100021346805373	den_ratio	1.013590172649132	1.0591037163846564	1.1116151944089883
log-power-percx.pathfinder.klw	Risky first	20.0	2.8881970771213568	den_ratio	1.0138249675415365	1.0591196583366465	1.1114551836312765
log-power-percx.pathfinder.klw	Risky first	20.0	2.9685679784156793	den_ratio	1.0140932559699767	1.0590732089223125	1.111229385006143
log-power-percx.pathfinder.klw	Risky first	20.0	3.051175389754982	den_ratio	1.0142237540996217	1.0590799180592856	1.111372652583831
log-power-percx.pathfinder.klw	Risky first	20.0	3.1360815473105736	den_ratio	1.0140592446260295	1.0591911609627944	1.1115531347784546
log-power-percx.pathfinder.klw	Risky first	20.0	3.2233504191221405	den_ratio	1.014206089279262	1.059313795380537	1.1117812251590917
log-power-percx.pathfinder.klw	Risky first	20.0	3.31304775329107	den_ratio	1.0143632523404154	1.0594791251885638	1.1119251999947286
log-power-percx.pathfinder.klw	Risky first	20.0	3.40524112751487	den_ratio	1.014650149806667	1.0597305944170463	1.112330645566079
log-power-percx.pathfinder.klw	Risky first	20.0	3.5000000000000004	den_ratio	1.0148589668099228	1.059973418065179	1.1126188867394218
log-power-percx.pathfinder.klw	Risky first	28.0	1.2	p_vertex	0.0919930580524935	0.12178707334869288	0.1549854444693545
log-power-percx.pathfinder.klw	Risky first	28.0	1.233392832614218	p_vertex	0.10149126186360062	0.13157670961475548	0.1646828358176595
log-power-percx.pathfinder.klw	Risky first	28.0	1.267714899620104	p_vertex	0.11151726104780343	0.14196261214257183	0.17508869600442964
log-power-percx.pathfinder.klw	Risky first	28.0	1.3029920591580744	p_vertex	0.1221418914136292	0.1527430447534861	0.18599387606474843
log-power-percx.pathfinder.klw	Risky first	28.0	1.339250888932342	p_vertex	0.1334227826811328	0.16423323658946706	0.19707613423653084
log-power-percx.pathfinder.klw	Risky first	28.0	1.3765187062344757	p_vertex	0.14501695319174424	0.17600850177036434	0.20860063812185142
log-power-percx.pathfinder.klw	Risky first	28.0	1.4148235885241658	p_vertex	0.15728305873656884	0.18824026387139814	0.22039043126288316
log-power-percx.pathfinder.klw	Risky first	28.0	1.454194394582695	p_vertex	0.16980654013699747	0.20106155238074358	0.23337314036387763
log-power-percx.pathfinder.klw	Risky first	28.0	1.4946607862550567	p_vertex	0.18363342576563912	0.2142359788509685	0.24599454557797681
log-power-percx.pathfinder.klw	Risky first	28.0	1.5362532507970992	p_vertex	0.19733713892815619	0.2278510412589012	0.25899330773825185
log-power-percx.pathfinder.klw	Risky first	28.0	1.579003123844529	p_vertex	0.21100690916677933	0.24184066018499256	0.2720742614183231
log-power-percx.pathfinder.klw	Risky first	28.0	1.6229426130210856	p_vertex	0.22514674166683457	0.25598375372398513	0.2858612942311171
log-power-percx.pathfinder.klw	Risky first	28.0	1.6681048222036647	p_vertex	0.23975022233728888	0.2703850532371418	0.30028400708766095
log-power-percx.pathfinder.klw	Risky first	28.0	1.714523776462679	p_vertex	0.25413754379094033	0.2849415608844474	0.3148731826383574
log-power-percx.pathfinder.klw	Risky first	28.0	1.7622344476964418	p_vertex	0.26869220336904814	0.2995080664666002	0.32985082612230143
log-power-percx.pathfinder.klw	Risky first	28.0	1.8112727809788889	p_vertex	0.28262005775104887	0.314186884392715	0.34486069928863383
log-power-percx.pathfinder.klw	Risky first	28.0	1.861675721640487	p_vertex	0.29657409141265173	0.32891051886837386	0.35988066727837204
log-power-percx.pathfinder.klw	Risky first	28.0	1.9134812431027324	p_vertex	0.31066935889908914	0.3434788021162536	0.3751436224766402
log-power-percx.pathfinder.klw	Risky first	28.0	1.9667283754872122	p_vertex	0.32409567682940427	0.35780949279131835	0.3907322391598749
log-power-percx.pathfinder.klw	Risky first	28.0	2.021457235020777	p_vertex	0.3375611997632068	0.37208991136360936	0.40655059048241
log-power-percx.pathfinder.klw	Risky first	28.0	2.0777090542589844	p_vertex	0.35024395853027823	0.3861745551325215	0.42161530802755826
log-power-percx.pathfinder.klw	Risky first	28.0	2.1355262131505808	p_vertex	0.3624923167048939	0.39986204995803865	0.43692702015719376
log-power-percx.pathfinder.klw	Risky first	28.0	2.1949522709664246	p_vertex	0.3746949028199114	0.41332230055118907	0.4521091651344624
log-power-percx.pathfinder.klw	Risky first	28.0	2.256031999116908	p_vertex	0.3859393972423889	0.42634871533358665	0.4667226670494389
log-power-percx.pathfinder.klw	Risky first	28.0	2.3188114148826	p_vertex	0.39732470121159114	0.43911279103331347	0.4812159308931856
log-power-percx.pathfinder.klw	Risky first	28.0	2.3833378160835275	p_vertex	0.40788662650943414	0.4514062863715662	0.4954806942085387
log-power-percx.pathfinder.klw	Risky first	28.0	2.4496598167132055	p_vertex	0.41856730916205226	0.46306769975536644	0.5090260175054375
log-power-percx.pathfinder.klw	Risky first	28.0	2.5178273835642724	p_vertex	0.4287595049072514	0.47424601456942306	0.5222043136527754
log-power-percx.pathfinder.klw	Risky first	28.0	2.58789187387332	p_vertex	0.43811922502471873	0.4851315913761176	0.5345982218540667
log-power-percx.pathfinder.klw	Risky first	28.0	2.659906074013276	p_vertex	0.44756212550611485	0.4955960357348671	0.5467777851339147
log-power-percx.pathfinder.klw	Risky first	28.0	2.7339242392624983	p_vertex	0.4566229312754814	0.5057588786697067	0.5583986495505976
log-power-percx.pathfinder.klw	Risky first	28.0	2.8100021346805373	p_vertex	0.4650002850031727	0.5154698058270107	0.5693739592916391
log-power-percx.pathfinder.klw	Risky first	28.0	2.8881970771213568	p_vertex	0.4728312652898011	0.5246760033534111	0.5800099862299869
log-power-percx.pathfinder.klw	Risky first	28.0	2.9685679784156793	p_vertex	0.4803097053920996	0.5337398534768931	0.5906987079680464
log-power-percx.pathfinder.klw	Risky first	28.0	3.051175389754982	p_vertex	0.4873277916748025	0.5423842432484092	0.6008932543012726
log-power-percx.pathfinder.klw	Risky first	28.0	3.1360815473105736	p_vertex	0.49423098397659204	0.5504132597205582	0.6099349792512913
log-power-percx.pathfinder.klw	Risky first	28.0	3.2233504191221405	p_vertex	0.5006566469301058	0.5581892927136083	0.6184271828068351
log-power-percx.pathfinder.klw	Risky first	28.0	3.31304775329107	p_vertex	0.5066015050849507	0.5654081255986542	0.6270067160049155
log-power-percx.pathfinder.klw	Risky first	28.0	3.40524112751487	p_vertex	0.5126631442700982	0.5722162879183159	0.634962610837731
log-power-percx.pathfinder.klw	Risky first	28.0	3.5000000000000004	p_vertex	0.5179888607148455	0.5788152204165291	0.6427905418334435
log-power-percx.pathfinder.klw	Risky first	28.0	1.2	p_full	0.11227749309213036	0.14159199025007568	0.17374859354258892
log-power-percx.pathfinder.klw	Risky first	28.0	1.233392832614218	p_full	0.12240727101466686	0.1520865363092414	0.1840663574036092
log-power-percx.pathfinder.klw	Risky first	28.0	1.267714899620104	p_full	0.1332276995536838	0.16303810655582207	0.19499865648430667
log-power-percx.pathfinder.klw	Risky first	28.0	1.3029920591580744	p_full	0.14445484422277152	0.17434478869405756	0.205781647443424
log-power-percx.pathfinder.klw	Risky first	28.0	1.339250888932342	p_full	0.15607089193297344	0.18597093921641927	0.21749995385998164
log-power-percx.pathfinder.klw	Risky first	28.0	1.3765187062344757	p_full	0.16801434487372377	0.19801152760817883	0.2290788432472302
log-power-percx.pathfinder.klw	Risky first	28.0	1.4148235885241658	p_full	0.18073694122150452	0.2103453631633944	0.2413015683083306
log-power-percx.pathfinder.klw	Risky first	28.0	1.454194394582695	p_full	0.1935329495637439	0.2230364983742121	0.2536419193877857
log-power-percx.pathfinder.klw	Risky first	28.0	1.4946607862550567	p_full	0.20684531854514562	0.23606854298427787	0.2661993976957943
log-power-percx.pathfinder.klw	Risky first	28.0	1.5362532507970992	p_full	0.22042213244735698	0.24934959485037456	0.27905579053225776
log-power-percx.pathfinder.klw	Risky first	28.0	1.579003123844529	p_full	0.23434400943268618	0.2628348927129729	0.29211825470950115
log-power-percx.pathfinder.klw	Risky first	28.0	1.6229426130210856	p_full	0.2483693186821597	0.2767451678124702	0.3057113229647266
log-power-percx.pathfinder.klw	Risky first	28.0	1.6681048222036647	p_full	0.26258239664914323	0.29082414755007063	0.31983554694875593
log-power-percx.pathfinder.klw	Risky first	28.0	1.714523776462679	p_full	0.276904222578596	0.3050512286525	0.3341557338482175
log-power-percx.pathfinder.klw	Risky first	28.0	1.7622344476964418	p_full	0.2908393079654578	0.31943067950133475	0.34864105255289923
log-power-percx.pathfinder.klw	Risky first	28.0	1.8112727809788889	p_full	0.30476631447807756	0.33387670967437527	0.3634667622404771
log-power-percx.pathfinder.klw	Risky first	28.0	1.861675721640487	p_full	0.3186196669982165	0.34832016695219387	0.3784912223716299
log-power-percx.pathfinder.klw	Risky first	28.0	1.9134812431027324	p_full	0.33275989139772155	0.3628821324880761	0.39363295503785367
log-power-percx.pathfinder.klw	Risky first	28.0	1.9667283754872122	p_full	0.3465504848080066	0.3774658747319639	0.4092495992110883
log-power-percx.pathfinder.klw	Risky first	28.0	2.021457235020777	p_full	0.3598952507908776	0.39198066899811623	0.42467345331706435
log-power-percx.pathfinder.klw	Risky first	28.0	2.0777090542589844	p_full	0.37285449656399144	0.40633665892163584	0.44053202449936624
log-power-percx.pathfinder.klw	Risky first	28.0	2.1355262131505808	p_full	0.3856857163516071	0.4206816219699373	0.45618506534661996
log-power-percx.pathfinder.klw	Risky first	28.0	2.1949522709664246	p_full	0.398414626279353	0.43486707246289047	0.47218109970159106
log-power-percx.pathfinder.klw	Risky first	28.0	2.256031999116908	p_full	0.4110376300949392	0.4489111313191784	0.4880656404230779
log-power-percx.pathfinder.klw	Risky first	28.0	2.3188114148826	p_full	0.4232415559415692	0.46260355166920686	0.503121697064434
log-power-percx.pathfinder.klw	Risky first	28.0	2.3833378160835275	p_full	0.43495194094594797	0.47623311452491063	0.518283897801393
log-power-percx.pathfinder.klw	Risky first	28.0	2.4496598167132055	p_full	0.44654962136735044	0.4895809632900872	0.533630478786818
log-power-percx.pathfinder.klw	Risky first	28.0	2.5178273835642724	p_full	0.457611668941112	0.5026445157892019	0.5480192472504969
log-power-percx.pathfinder.klw	Risky first	28.0	2.58789187387332	p_full	0.46880031780637577	0.5153728287021705	0.562529137118128
log-power-percx.pathfinder.klw	Risky first	28.0	2.659906074013276	p_full	0.479363333533801	0.5278653467416725	0.5761557650995048
log-power-percx.pathfinder.klw	Risky first	28.0	2.7339242392624983	p_full	0.48996975153621025	0.539854944476559	0.5900032619333038
log-power-percx.pathfinder.klw	Risky first	28.0	2.8100021346805373	p_full	0.49983244238424424	0.5513633430033531	0.6029218840109709
log-power-percx.pathfinder.klw	Risky first	28.0	2.8881970771213568	p_full	0.5096025248363494	0.5626833061240938	0.6158991255554865
log-power-percx.pathfinder.klw	Risky first	28.0	2.9685679784156793	p_full	0.519341424276688	0.5735701015810961	0.6280962377895878
log-power-percx.pathfinder.klw	Risky first	28.0	3.051175389754982	p_full	0.5285581687783392	0.58413846905633	0.6398980206014301
log-power-percx.pathfinder.klw	Risky first	28.0	3.1360815473105736	p_full	0.5376202388587631	0.5942530317242902	0.6515923120342343
log-power-percx.pathfinder.klw	Risky first	28.0	3.2233504191221405	p_full	0.5461814253764223	0.604062614206823	0.6621096624939774
log-power-percx.pathfinder.klw	Risky first	28.0	3.31304775329107	p_full	0.5541199377889536	0.6133275774678438	0.6722634074470892
log-power-percx.pathfinder.klw	Risky first	28.0	3.40524112751487	p_full	0.5620714366085792	0.6221768636985265	0.6824798009798212
log-power-percx.pathfinder.klw	Risky first	28.0	3.5000000000000004	p_full	0.5698377982753737	0.6306826785995936	0.6922028443820525
log-power-percx.pathfinder.klw	Risky first	28.0	1.2	p_bias_only	0.10922812710878325	0.13860528168711794	0.17069021710403173
log-power-percx.pathfinder.klw	Risky first	28.0	1.233392832614218	p_bias_only	0.11951776449784382	0.149298983979099	0.18109060735129345
log-power-percx.pathfinder.klw	Risky first	28.0	1.267714899620104	p_bias_only	0.13048156239464795	0.16035045415646623	0.19195448855667868
log-power-percx.pathfinder.klw	Risky first	28.0	1.3029920591580744	p_bias_only	0.14196491252130997	0.17175122360741157	0.20320879916826656
log-power-percx.pathfinder.klw	Risky first	28.0	1.339250888932342	p_bias_only	0.15371724469438874	0.18371586741101922	0.21481429660722545
log-power-percx.pathfinder.klw	Risky first	28.0	1.3765187062344757	p_bias_only	0.16607178343758647	0.1959274670239971	0.22649923919989218
log-power-percx.pathfinder.klw	Risky first	28.0	1.4148235885241658	p_bias_only	0.1786021474487811	0.20846875963425582	0.23917750821082218
log-power-percx.pathfinder.klw	Risky first	28.0	1.454194394582695	p_bias_only	0.19182347880153966	0.22125637037501505	0.2518645227403584
log-power-percx.pathfinder.klw	Risky first	28.0	1.4946607862550567	p_bias_only	0.20513452089949363	0.23455030875051913	0.26497060554350077
log-power-percx.pathfinder.klw	Risky first	28.0	1.5362532507970992	p_bias_only	0.2188227612068324	0.24810320805362482	0.27843867041599346
log-power-percx.pathfinder.klw	Risky first	28.0	1.579003123844529	p_bias_only	0.23292719022435365	0.2618796533033917	0.2917251324393847
log-power-percx.pathfinder.klw	Risky first	28.0	1.6229426130210856	p_bias_only	0.24685838800403792	0.2756398700617011	0.3054737424342821
log-power-percx.pathfinder.klw	Risky first	28.0	1.6681048222036647	p_bias_only	0.26127508142765105	0.28989304482183864	0.3195304175797098
log-power-percx.pathfinder.klw	Risky first	28.0	1.714523776462679	p_bias_only	0.27530131282907266	0.3042553508975141	0.33414534669938006
log-power-percx.pathfinder.klw	Risky first	28.0	1.7622344476964418	p_bias_only	0.28985507605042937	0.31875792044335943	0.34899714462557957
log-power-percx.pathfinder.klw	Risky first	28.0	1.8112727809788889	p_bias_only	0.3040248551015137	0.3334019444448527	0.3641365952408086
log-power-percx.pathfinder.klw	Risky first	28.0	1.861675721640487	p_bias_only	0.3180689668767613	0.34791613348363537	0.37956610517028655
log-power-percx.pathfinder.klw	Risky first	28.0	1.9134812431027324	p_bias_only	0.33195274180942397	0.3625911441677424	0.39453044942784665
log-power-percx.pathfinder.klw	Risky first	28.0	1.9667283754872122	p_bias_only	0.34581513801200714	0.3772598550131141	0.4103514884872055
log-power-percx.pathfinder.klw	Risky first	28.0	2.021457235020777	p_bias_only	0.35927083647611213	0.3918828056226148	0.42602839448847407
log-power-percx.pathfinder.klw	Risky first	28.0	2.0777090542589844	p_bias_only	0.3724825331456326	0.4064519134310433	0.44176427978898114
log-power-percx.pathfinder.klw	Risky first	28.0	2.1355262131505808	p_bias_only	0.3853119322686329	0.42083266561007127	0.4574588435624034
log-power-percx.pathfinder.klw	Risky first	28.0	2.1949522709664246	p_bias_only	0.3980587485162224	0.43509119288937315	0.4729507565282357
log-power-percx.pathfinder.klw	Risky first	28.0	2.256031999116908	p_bias_only	0.4108756639521834	0.4492099864520551	0.4884902606221434
log-power-percx.pathfinder.klw	Risky first	28.0	2.3188114148826	p_bias_only	0.4232638904129883	0.46311231535296915	0.5037790648615227
log-power-percx.pathfinder.klw	Risky first	28.0	2.3833378160835275	p_bias_only	0.4355312324870859	0.47676235407514744	0.5188452096933567
log-power-percx.pathfinder.klw	Risky first	28.0	2.4496598167132055	p_bias_only	0.4474346025971072	0.4901025805560614	0.5338645502467227
log-power-percx.pathfinder.klw	Risky first	28.0	2.5178273835642724	p_bias_only	0.4584017773382492	0.5031273850227052	0.5490863867970239
log-power-percx.pathfinder.klw	Risky first	28.0	2.58789187387332	p_bias_only	0.4694930092294212	0.5158375227239803	0.5632775846349641
log-power-percx.pathfinder.klw	Risky first	28.0	2.659906074013276	p_bias_only	0.48030998149514287	0.528175519950188	0.5771417679208498
log-power-percx.pathfinder.klw	Risky first	28.0	2.7339242392624983	p_bias_only	0.49109284035107126	0.540142795197939	0.5899960419651935
log-power-percx.pathfinder.klw	Risky first	28.0	2.8100021346805373	p_bias_only	0.5013255459945316	0.5517675484120635	0.6026650384853159
log-power-percx.pathfinder.klw	Risky first	28.0	2.8881970771213568	p_bias_only	0.5110261864746611	0.5628158824493601	0.6152702726683426
log-power-percx.pathfinder.klw	Risky first	28.0	2.9685679784156793	p_bias_only	0.5206728511938767	0.5736437457357327	0.627343095747437
log-power-percx.pathfinder.klw	Risky first	28.0	3.051175389754982	p_bias_only	0.5299239656877919	0.584090762816994	0.6392597575492559
log-power-percx.pathfinder.klw	Risky first	28.0	3.1360815473105736	p_bias_only	0.5386662153740897	0.5941426177477329	0.650575730331961
log-power-percx.pathfinder.klw	Risky first	28.0	3.2233504191221405	p_bias_only	0.5473583522015494	0.60369301314503	0.6612241402076764
log-power-percx.pathfinder.klw	Risky first	28.0	3.31304775329107	p_bias_only	0.5555824909806558	0.6127231334859223	0.6716322964798129
log-power-percx.pathfinder.klw	Risky first	28.0	3.40524112751487	p_bias_only	0.5637304319688234	0.6216405959235427	0.6816184950654478
log-power-percx.pathfinder.klw	Risky first	28.0	3.5000000000000004	p_bias_only	0.5710255014288681	0.6300191768710776	0.6913152025140472
log-power-percx.pathfinder.klw	Risky first	28.0	1.2	p_scale_only	0.10046023630877264	0.12891505349548282	0.16062279722038245
log-power-percx.pathfinder.klw	Risky first	28.0	1.233392832614218	p_scale_only	0.11013593017661769	0.1388247920169421	0.17089807285476802
log-power-percx.pathfinder.klw	Risky first	28.0	1.267714899620104	p_scale_only	0.12027879543237052	0.14940894867701304	0.1817053545197777
log-power-percx.pathfinder.klw	Risky first	28.0	1.3029920591580744	p_scale_only	0.13104929135475304	0.16037260979685314	0.1927118666938786
log-power-percx.pathfinder.klw	Risky first	28.0	1.339250888932342	p_scale_only	0.14237754725869622	0.1717498950690472	0.20389395485661901
log-power-percx.pathfinder.klw	Risky first	28.0	1.3765187062344757	p_scale_only	0.15408544745826774	0.18344630112979457	0.2155394192693359
log-power-percx.pathfinder.klw	Risky first	28.0	1.4148235885241658	p_scale_only	0.16620974556611176	0.1956839549710626	0.2272426256683049
log-power-percx.pathfinder.klw	Risky first	28.0	1.454194394582695	p_scale_only	0.17859054793546583	0.2082685631454867	0.2396150247267306
log-power-percx.pathfinder.klw	Risky first	28.0	1.4946607862550567	p_scale_only	0.19117997850992793	0.22112339158213995	0.25230916203395926
log-power-percx.pathfinder.klw	Risky first	28.0	1.5362532507970992	p_scale_only	0.20447194859814072	0.2343899466482811	0.2648993494613201
log-power-percx.pathfinder.klw	Risky first	28.0	1.579003123844529	p_scale_only	0.21784110705468643	0.24771692700384734	0.27802278370545946
log-power-percx.pathfinder.klw	Risky first	28.0	1.6229426130210856	p_scale_only	0.23154477058182996	0.2614146194890318	0.2917271733878788
log-power-percx.pathfinder.klw	Risky first	28.0	1.6681048222036647	p_scale_only	0.24487778838040772	0.2750006930373532	0.30498949632164435
log-power-percx.pathfinder.klw	Risky first	28.0	1.714523776462679	p_scale_only	0.2585484201148014	0.28894942331042833	0.3189492050302779
log-power-percx.pathfinder.klw	Risky first	28.0	1.7622344476964418	p_scale_only	0.27233247991650966	0.30291865464033807	0.33295898279010205
log-power-percx.pathfinder.klw	Risky first	28.0	1.8112727809788889	p_scale_only	0.285696289204462	0.3169717853427194	0.3476168084347321
log-power-percx.pathfinder.klw	Risky first	28.0	1.861675721640487	p_scale_only	0.29937452364600825	0.33084702416499046	0.36220697709251387
log-power-percx.pathfinder.klw	Risky first	28.0	1.9134812431027324	p_scale_only	0.31261314115498995	0.34476420184587686	0.3771431615604224
log-power-percx.pathfinder.klw	Risky first	28.0	1.9667283754872122	p_scale_only	0.3254014492746424	0.35857423015861956	0.39195243107172895
log-power-percx.pathfinder.klw	Risky first	28.0	2.021457235020777	p_scale_only	0.33804865371231546	0.37224058324959447	0.40664649390231195
log-power-percx.pathfinder.klw	Risky first	28.0	2.0777090542589844	p_scale_only	0.35087903659011016	0.3857202852447273	0.4210558137894131
log-power-percx.pathfinder.klw	Risky first	28.0	2.1355262131505808	p_scale_only	0.3631594698992314	0.3990429724865706	0.43562571603379513
log-power-percx.pathfinder.klw	Risky first	28.0	2.1949522709664246	p_scale_only	0.37477768026422525	0.41202734622319487	0.45012806609582795
log-power-percx.pathfinder.klw	Risky first	28.0	2.256031999116908	p_scale_only	0.3864228264819468	0.42472210164682644	0.4643321805212563
log-power-percx.pathfinder.klw	Risky first	28.0	2.3188114148826	p_scale_only	0.39736067671098874	0.43705520303419804	0.4781567706465382
log-power-percx.pathfinder.klw	Risky first	28.0	2.3833378160835275	p_scale_only	0.40795267032390453	0.4491549647856452	0.49150026231547417
log-power-percx.pathfinder.klw	Risky first	28.0	2.4496598167132055	p_scale_only	0.41806036448552186	0.4607768621053594	0.504561745167182
log-power-percx.pathfinder.klw	Risky first	28.0	2.5178273835642724	p_scale_only	0.4282530809303141	0.4720144597336574	0.5174754437264035
log-power-percx.pathfinder.klw	Risky first	28.0	2.58789187387332	p_scale_only	0.43770330170116545	0.48301165835244075	0.5297734404853325
log-power-percx.pathfinder.klw	Risky first	28.0	2.659906074013276	p_scale_only	0.44699383907678	0.4935184404128484	0.5415169188537233
log-power-percx.pathfinder.klw	Risky first	28.0	2.7339242392624983	p_scale_only	0.4560569951733196	0.5036010141185507	0.5534653023516827
log-power-percx.pathfinder.klw	Risky first	28.0	2.8100021346805373	p_scale_only	0.4640480665972277	0.5132690160351661	0.5651971314203263
log-power-percx.pathfinder.klw	Risky first	28.0	2.8881970771213568	p_scale_only	0.47211174318678734	0.5227270146208949	0.5762172606065705
log-power-percx.pathfinder.klw	Risky first	28.0	2.9685679784156793	p_scale_only	0.47969739880978407	0.5317041451508533	0.5863685424998256
log-power-percx.pathfinder.klw	Risky first	28.0	3.051175389754982	p_scale_only	0.4869412170406661	0.5403908926821952	0.5961188913572367
log-power-percx.pathfinder.klw	Risky first	28.0	3.1360815473105736	p_scale_only	0.49396682706085754	0.5485031298149863	0.605403468940825
log-power-percx.pathfinder.klw	Risky first	28.0	3.2233504191221405	p_scale_only	0.5001896913744507	0.5563781193721502	0.6141299624535845
log-power-percx.pathfinder.klw	Risky first	28.0	3.31304775329107	p_scale_only	0.5064793361529979	0.5637799326917659	0.6227871956876986
log-power-percx.pathfinder.klw	Risky first	28.0	3.40524112751487	p_scale_only	0.5122508822481495	0.5707007335106627	0.631153069545989
log-power-percx.pathfinder.klw	Risky first	28.0	3.5000000000000004	p_scale_only	0.5179335392185567	0.577373332589445	0.638879400044232
log-power-percx.pathfinder.klw	Risky first	28.0	1.2	dp_full	-0.004278374223131439	0.01965412956512736	0.045385460249020355
log-power-percx.pathfinder.klw	Risky first	28.0	1.233392832614218	dp_full	-0.003426456330616305	0.020287845029096127	0.04593351990587437
log-power-percx.pathfinder.klw	Risky first	28.0	1.267714899620104	dp_full	-0.0025832674045558677	0.020832654830620655	0.0460429465697706
log-power-percx.pathfinder.klw	Risky first	28.0	1.3029920591580744	dp_full	-0.0018204302895250216	0.02117916468960282	0.046148029177270226
log-power-percx.pathfinder.klw	Risky first	28.0	1.339250888932342	dp_full	-0.0009169764802206364	0.021476911275927886	0.04587367298127847
log-power-percx.pathfinder.klw	Risky first	28.0	1.3765187062344757	dp_full	5.2840668235077463e-05	0.021637063673034987	0.04548834119149954
log-power-percx.pathfinder.klw	Risky first	28.0	1.4148235885241658	dp_full	0.000980820238091261	0.021736277963490345	0.044690920683122234
log-power-percx.pathfinder.klw	Risky first	28.0	1.454194394582695	dp_full	0.0017307378799906593	0.021737277463211045	0.04389320942005544
log-power-percx.pathfinder.klw	Risky first	28.0	1.4946607862550567	dp_full	0.0024712307267770145	0.021604633713811158	0.04273463600996224
log-power-percx.pathfinder.klw	Risky first	28.0	1.5362532507970992	dp_full	0.0030998331063969648	0.021541205319223034	0.0417611500247977
log-power-percx.pathfinder.klw	Risky first	28.0	1.579003123844529	dp_full	0.003745890986520383	0.021238793879480244	0.04066830445011821
log-power-percx.pathfinder.klw	Risky first	28.0	1.6229426130210856	dp_full	0.004110108418741773	0.020931040274985116	0.039174225877818346
log-power-percx.pathfinder.klw	Risky first	28.0	1.6681048222036647	dp_full	0.004236896080861816	0.020525535339364957	0.038453789924037196
log-power-percx.pathfinder.klw	Risky first	28.0	1.714523776462679	dp_full	0.004312295650060323	0.02025293606012118	0.03773391121592286
log-power-percx.pathfinder.klw	Risky first	28.0	1.7622344476964418	dp_full	0.003947353584753566	0.01999341197793888	0.03735999928841903
log-power-percx.pathfinder.klw	Risky first	28.0	1.8112727809788889	dp_full	0.0033724605023027206	0.019734238718737446	0.03724223947139808
log-power-percx.pathfinder.klw	Risky first	28.0	1.861675721640487	dp_full	0.0023866849547311744	0.01957570040477771	0.03765386939580897
log-power-percx.pathfinder.klw	Risky first	28.0	1.9134812431027324	dp_full	0.0013943180968201624	0.019445515695012256	0.038485907565513594
log-power-percx.pathfinder.klw	Risky first	28.0	1.9667283754872122	dp_full	0.0003332345749251448	0.019444618241964085	0.03971256203480926
log-power-percx.pathfinder.klw	Risky first	28.0	2.021457235020777	dp_full	-0.0007537027087649437	0.019692709659952387	0.04100943448581284
log-power-percx.pathfinder.klw	Risky first	28.0	2.0777090542589844	dp_full	-0.0021666527816849514	0.020140745127970098	0.043205757037107086
log-power-percx.pathfinder.klw	Risky first	28.0	2.1355262131505808	dp_full	-0.0032739248590239346	0.020592491537623478	0.045503327902054955
log-power-percx.pathfinder.klw	Risky first	28.0	2.1949522709664246	dp_full	-0.004187199067111087	0.021379295624327103	0.048151796434404946
log-power-percx.pathfinder.klw	Risky first	28.0	2.256031999116908	dp_full	-0.005040680693205112	0.022249840926367642	0.05081926355370086
log-power-percx.pathfinder.klw	Risky first	28.0	2.3188114148826	dp_full	-0.005644795612015925	0.023343007652877744	0.053768063142197946
log-power-percx.pathfinder.klw	Risky first	28.0	2.3833378160835275	dp_full	-0.005814781342956965	0.024592901006376473	0.05684212287806858
log-power-percx.pathfinder.klw	Risky first	28.0	2.4496598167132055	dp_full	-0.006105727950131053	0.025879582833405634	0.06008529178050483
log-power-percx.pathfinder.klw	Risky first	28.0	2.5178273835642724	dp_full	-0.00654401229985308	0.027479786481797042	0.0632520662419792
log-power-percx.pathfinder.klw	Risky first	28.0	2.58789187387332	dp_full	-0.00618902085279665	0.029179992875039657	0.06664956960419803
log-power-percx.pathfinder.klw	Risky first	28.0	2.659906074013276	dp_full	-0.006187195708047749	0.031045872936692948	0.07006538997517073
log-power-percx.pathfinder.klw	Risky first	28.0	2.7339242392624983	dp_full	-0.005494419785886934	0.032802878036613456	0.07369589122506702
log-power-percx.pathfinder.klw	Risky first	28.0	2.8100021346805373	dp_full	-0.0048768697927919075	0.03478604583224314	0.07698732798966493
log-power-percx.pathfinder.klw	Risky first	28.0	2.8881970771213568	dp_full	-0.004456487696147243	0.03683871896535336	0.08040858019084415
log-power-percx.pathfinder.klw	Risky first	28.0	2.9685679784156793	dp_full	-0.003905072891217871	0.03880752106284523	0.08409158722030265
log-power-percx.pathfinder.klw	Risky first	28.0	3.051175389754982	dp_full	-0.0031653940817729796	0.04077048548882606	0.08745534260770821
log-power-percx.pathfinder.klw	Risky first	28.0	3.1360815473105736	dp_full	-0.002406687831225905	0.042962040415516864	0.09085245841207946
log-power-percx.pathfinder.klw	Risky first	28.0	3.2233504191221405	dp_full	-0.0014836928970610173	0.044953490515374145	0.09405457507756777
log-power-percx.pathfinder.klw	Risky first	28.0	3.31304775329107	dp_full	-0.00034464503896930183	0.04683888260982345	0.09771499625235376
log-power-percx.pathfinder.klw	Risky first	28.0	3.40524112751487	dp_full	0.0008556500547818059	0.04872947219195542	0.10068899484122099
log-power-percx.pathfinder.klw	Risky first	28.0	3.5000000000000004	dp_full	0.0021233234667796933	0.0506969966292705	0.10359553954281298
log-power-percx.pathfinder.klw	Risky first	28.0	1.2	dp_bias	-0.003457733634275791	0.01669909399572011	0.039875944119133235
log-power-percx.pathfinder.klw	Risky first	28.0	1.233392832614218	dp_bias	-0.002725530743644364	0.01751277929513933	0.04073661258314578
log-power-percx.pathfinder.klw	Risky first	28.0	1.267714899620104	dp_bias	-0.0019510072184446964	0.018214335936619273	0.041509374248956135
log-power-percx.pathfinder.klw	Risky first	28.0	1.3029920591580744	dp_bias	-0.0010230563926540736	0.018815625278241134	0.042297886174564585
log-power-percx.pathfinder.klw	Risky first	28.0	1.339250888932342	dp_bias	-0.0003009964542322475	0.01933426425713229	0.04244568700219654
log-power-percx.pathfinder.klw	Risky first	28.0	1.3765187062344757	dp_bias	0.0003256341098669393	0.019666851333710326	0.04234804283615201
log-power-percx.pathfinder.klw	Risky first	28.0	1.4148235885241658	dp_bias	0.0010701875859936512	0.01995401203708132	0.04188896379438515
log-power-percx.pathfinder.klw	Risky first	28.0	1.454194394582695	dp_bias	0.0017454643403876893	0.020096622605434596	0.041283976050647084
log-power-percx.pathfinder.klw	Risky first	28.0	1.4946607862550567	dp_bias	0.002448463405236576	0.020149149127788465	0.04073907247318064
log-power-percx.pathfinder.klw	Risky first	28.0	1.5362532507970992	dp_bias	0.0026967305556471716	0.02015047794441644	0.0398879817538684
log-power-percx.pathfinder.klw	Risky first	28.0	1.579003123844529	dp_bias	0.002960843826255915	0.020069108751892696	0.039239564979129726
log-power-percx.pathfinder.klw	Risky first	28.0	1.6229426130210856	dp_bias	0.0031144973264056125	0.019938633155317076	0.03850471910431418
log-power-percx.pathfinder.klw	Risky first	28.0	1.6681048222036647	dp_bias	0.0030106707918281955	0.019755746338129078	0.03800225112068479
log-power-percx.pathfinder.klw	Risky first	28.0	1.714523776462679	dp_bias	0.002632838601832738	0.019523534507190035	0.03762914799181813
log-power-percx.pathfinder.klw	Risky first	28.0	1.7622344476964418	dp_bias	0.0021320733118177755	0.019360876726365314	0.037661424467373146
log-power-percx.pathfinder.klw	Risky first	28.0	1.8112727809788889	dp_bias	0.0016150496536493759	0.01925602683744294	0.03746938640993964
log-power-percx.pathfinder.klw	Risky first	28.0	1.861675721640487	dp_bias	0.0006786910840020459	0.019254973434438015	0.03799069754003763
log-power-percx.pathfinder.klw	Risky first	28.0	1.9134812431027324	dp_bias	-9.669533024856734e-05	0.01942448197036444	0.03874539153764706
log-power-percx.pathfinder.klw	Risky first	28.0	1.9667283754872122	dp_bias	-0.0009514627388525344	0.019491630683288328	0.04000288267299064
log-power-percx.pathfinder.klw	Risky first	28.0	2.021457235020777	dp_bias	-0.001997878558493437	0.01979014090007087	0.04131638946204887
log-power-percx.pathfinder.klw	Risky first	28.0	2.0777090542589844	dp_bias	-0.0027998887598662692	0.0202266685727743	0.0431481723881139
log-power-percx.pathfinder.klw	Risky first	28.0	2.1355262131505808	dp_bias	-0.003453776589423248	0.020874952308854	0.045545845766231705
log-power-percx.pathfinder.klw	Risky first	28.0	2.1949522709664246	dp_bias	-0.00400420819262851	0.02174163494279476	0.048116703947990745
log-power-percx.pathfinder.klw	Risky first	28.0	2.256031999116908	dp_bias	-0.004386206664863873	0.02271756207853541	0.0503183039785467
log-power-percx.pathfinder.klw	Risky first	28.0	2.3188114148826	dp_bias	-0.004809100494936183	0.02383325149942149	0.05293620468088285
log-power-percx.pathfinder.klw	Risky first	28.0	2.3833378160835275	dp_bias	-0.005080435519869536	0.025113484573886236	0.05579331248136386
log-power-percx.pathfinder.klw	Risky first	28.0	2.4496598167132055	dp_bias	-0.005193723442670142	0.0266119774012126	0.05883239424005517
log-power-percx.pathfinder.klw	Risky first	28.0	2.5178273835642724	dp_bias	-0.004912901547776191	0.028167078299783786	0.06200295988575646
log-power-percx.pathfinder.klw	Risky first	28.0	2.58789187387332	dp_bias	-0.004599453604444752	0.02985826882180497	0.06516415377589768
log-power-percx.pathfinder.klw	Risky first	28.0	2.659906074013276	dp_bias	-0.004546031758934159	0.03162149846136774	0.0685554639347512
log-power-percx.pathfinder.klw	Risky first	28.0	2.7339242392624983	dp_bias	-0.00414787502912826	0.03351036174663273	0.07224619269555765
log-power-percx.pathfinder.klw	Risky first	28.0	2.8100021346805373	dp_bias	-0.0034768432092009763	0.03536479488202962	0.07545297720565962
log-power-percx.pathfinder.klw	Risky first	28.0	2.8881970771213568	dp_bias	-0.002623383018071167	0.03732124376613057	0.07894369421446719
log-power-percx.pathfinder.klw	Risky first	28.0	2.9685679784156793	dp_bias	-0.001627531017574097	0.039174638245321705	0.08238016837482207
log-power-percx.pathfinder.klw	Risky first	28.0	3.051175389754982	dp_bias	-0.0007071943971788312	0.041055330979060015	0.08587575147658565
log-power-percx.pathfinder.klw	Risky first	28.0	3.1360815473105736	dp_bias	0.0003107908196882694	0.04282047087085526	0.08884695082009232
log-power-percx.pathfinder.klw	Risky first	28.0	3.2233504191221405	dp_bias	0.0008651155930068553	0.04477075623296749	0.09230357297725225
log-power-percx.pathfinder.klw	Risky first	28.0	3.31304775329107	dp_bias	0.0018154901123387985	0.04665342587540415	0.09548782422112241
log-power-percx.pathfinder.klw	Risky first	28.0	3.40524112751487	dp_bias	0.002998449849696969	0.04835548559087928	0.0983961233119486
log-power-percx.pathfinder.klw	Risky first	28.0	3.5000000000000004	dp_bias	0.004097854317757505	0.050254306315098085	0.10100134568130625
log-power-percx.pathfinder.klw	Risky first	28.0	1.2	dp_scale	0.000365464797078301	0.006901645913271519	0.014694269966593738
log-power-percx.pathfinder.klw	Risky first	28.0	1.233392832614218	dp_scale	0.0005615573790755467	0.0071282906125166665	0.015081625034201488
log-power-percx.pathfinder.klw	Risky first	28.0	1.267714899620104	dp_scale	0.0006680661737464822	0.007299521257210462	0.015320816804107159
log-power-percx.pathfinder.klw	Risky first	28.0	1.3029920591580744	dp_scale	0.0007381583482502967	0.007423099544153808	0.015491906920563995
log-power-percx.pathfinder.klw	Risky first	28.0	1.339250888932342	dp_scale	0.0007363752518970654	0.007454938963738553	0.015556746673959206
log-power-percx.pathfinder.klw	Risky first	28.0	1.3765187062344757	dp_scale	0.0006711893004627485	0.007423636379286162	0.015525692396986117
log-power-percx.pathfinder.klw	Risky first	28.0	1.4148235885241658	dp_scale	0.0005894289943117923	0.007282312796447385	0.015316357385958806
log-power-percx.pathfinder.klw	Risky first	28.0	1.454194394582695	dp_scale	0.00044931228487966944	0.007030691286462885	0.014919570296331734
log-power-percx.pathfinder.klw	Risky first	28.0	1.4946607862550567	dp_scale	0.00021916368693461463	0.006766749306457357	0.014366785091423626
log-power-percx.pathfinder.klw	Risky first	28.0	1.5362532507970992	dp_scale	-1.783116500738901e-05	0.006397456118748816	0.013737993439419794
log-power-percx.pathfinder.klw	Risky first	28.0	1.579003123844529	dp_scale	-0.0002818242781774251	0.005936706081718384	0.013015593317984742
log-power-percx.pathfinder.klw	Risky first	28.0	1.6229426130210856	dp_scale	-0.0006664310778061994	0.005392294368859466	0.012078976315443163
log-power-percx.pathfinder.klw	Risky first	28.0	1.6681048222036647	dp_scale	-0.0010896227716049088	0.004840203912599778	0.011112220749891757
log-power-percx.pathfinder.klw	Risky first	28.0	1.714523776462679	dp_scale	-0.0015171442722521557	0.004215923204262053	0.010166333113889708
log-power-percx.pathfinder.klw	Risky first	28.0	1.7622344476964418	dp_scale	-0.002065961404534178	0.003530953032962186	0.009306626084156763
log-power-percx.pathfinder.klw	Risky first	28.0	1.8112727809788889	dp_scale	-0.002703380162872268	0.0028526935749373927	0.008385136313464044
log-power-percx.pathfinder.klw	Risky first	28.0	1.861675721640487	dp_scale	-0.003418079840896714	0.002160459309170026	0.00757319393154588
log-power-percx.pathfinder.klw	Risky first	28.0	1.9134812431027324	dp_scale	-0.004197261581416548	0.0015368583503280226	0.006911793699557713
log-power-percx.pathfinder.klw	Risky first	28.0	1.9667283754872122	dp_scale	-0.005000766228233641	0.0009106237622831124	0.006237202465332981
log-power-percx.pathfinder.klw	Risky first	28.0	2.021457235020777	dp_scale	-0.005844383199961498	0.00032155120545118677	0.0057489787976860215
log-power-percx.pathfinder.klw	Risky first	28.0	2.0777090542589844	dp_scale	-0.006564857055705689	-0.00020724267716961184	0.005278490976590951
log-power-percx.pathfinder.klw	Risky first	28.0	2.1355262131505808	dp_scale	-0.007276242913982628	-0.0006655604340612337	0.004850212131604346
log-power-percx.pathfinder.klw	Risky first	28.0	2.1949522709664246	dp_scale	-0.007869148836566562	-0.0010465028737251577	0.004529416937526652
log-power-percx.pathfinder.klw	Risky first	28.0	2.256031999116908	dp_scale	-0.008326872303920863	-0.0013558606765503964	0.004245711890807799
log-power-percx.pathfinder.klw	Risky first	28.0	2.3188114148826	dp_scale	-0.008690453608668245	-0.0016137913112683451	0.00412645898656159
log-power-percx.pathfinder.klw	Risky first	28.0	2.3833378160835275	dp_scale	-0.009041806836898016	-0.0018314006663830828	0.0040206333040322005
log-power-percx.pathfinder.klw	Risky first	28.0	2.4496598167132055	dp_scale	-0.00933075646258267	-0.001992040942787917	0.003902981827130882
log-power-percx.pathfinder.klw	Risky first	28.0	2.5178273835642724	dp_scale	-0.009309621196872606	-0.002130032117932339	0.003936156126547526
log-power-percx.pathfinder.klw	Risky first	28.0	2.58789187387332	dp_scale	-0.009344316731662894	-0.0021806591696636136	0.003939465623631636
log-power-percx.pathfinder.klw	Risky first	28.0	2.659906074013276	dp_scale	-0.009323188977813219	-0.002190373097952299	0.003991143278924007
log-power-percx.pathfinder.klw	Risky first	28.0	2.7339242392624983	dp_scale	-0.009331775553818556	-0.002174668908327687	0.004034825764060833
log-power-percx.pathfinder.klw	Risky first	28.0	2.8100021346805373	dp_scale	-0.009204841696806763	-0.0021337271194583046	0.004118862350255657
log-power-percx.pathfinder.klw	Risky first	28.0	2.8881970771213568	dp_scale	-0.009146378197045646	-0.0021027756791159903	0.004210786036921112
log-power-percx.pathfinder.klw	Risky first	28.0	2.9685679784156793	dp_scale	-0.009036332013585833	-0.0020516594129559845	0.004283770312181087
log-power-percx.pathfinder.klw	Risky first	28.0	3.051175389754982	dp_scale	-0.008839773878442394	-0.0019766953167233	0.004362981590823076
log-power-percx.pathfinder.klw	Risky first	28.0	3.1360815473105736	dp_scale	-0.00871392469078545	-0.001917523498262144	0.004429045236780914
log-power-percx.pathfinder.klw	Risky first	28.0	3.2233504191221405	dp_scale	-0.00861105449489455	-0.001850548536741957	0.004421581755098672
log-power-percx.pathfinder.klw	Risky first	28.0	3.31304775329107	dp_scale	-0.008462783514433322	-0.0017715019830361336	0.004361037832778067
log-power-percx.pathfinder.klw	Risky first	28.0	3.40524112751487	dp_scale	-0.008202695327879504	-0.001698626921951761	0.0043833027744895866
log-power-percx.pathfinder.klw	Risky first	28.0	3.5000000000000004	dp_scale	-0.008026245657552132	-0.001622437905309021	0.004384027240576349
log-power-percx.pathfinder.klw	Risky first	28.0	1.2	dp_interaction	-0.009355239425945868	-0.003907681023205646	-0.0009973744447540627
log-power-percx.pathfinder.klw	Risky first	28.0	1.233392832614218	dp_interaction	-0.009861154884614769	-0.004322962779595874	-0.0013046247692458791
log-power-percx.pathfinder.klw	Risky first	28.0	1.267714899620104	dp_interaction	-0.010336920245667222	-0.004679078771276015	-0.001568278455894924
log-power-percx.pathfinder.klw	Risky first	28.0	1.3029920591580744	dp_interaction	-0.010714853402731971	-0.004968661188755944	-0.0017710999952929292
log-power-percx.pathfinder.klw	Risky first	28.0	1.339250888932342	dp_interaction	-0.01095511816498867	-0.005155998292514914	-0.0019294640162909101
log-power-percx.pathfinder.klw	Risky first	28.0	1.3765187062344757	dp_interaction	-0.011060933910545606	-0.005295133690907146	-0.0020215038029191773
log-power-percx.pathfinder.klw	Risky first	28.0	1.4148235885241658	dp_interaction	-0.011219478211951921	-0.0053275058468908905	-0.0020947408921074572
log-power-percx.pathfinder.klw	Risky first	28.0	1.454194394582695	dp_interaction	-0.011035758107774933	-0.0052800198190053405	-0.002088329641547989
log-power-percx.pathfinder.klw	Risky first	28.0	1.4946607862550567	dp_interaction	-0.010617779413202058	-0.00514708634468255	-0.002045577931656051
log-power-percx.pathfinder.klw	Risky first	28.0	1.5362532507970992	dp_interaction	-0.010038053541179138	-0.004911648920825419	-0.001936708280517444
log-power-percx.pathfinder.klw	Risky first	28.0	1.579003123844529	dp_interaction	-0.009302921557470525	-0.004604549470663877	-0.0017842620458702824
log-power-percx.pathfinder.klw	Risky first	28.0	1.6229426130210856	dp_interaction	-0.008533520486999624	-0.0042103809520146595	-0.0015790166782254475
log-power-percx.pathfinder.klw	Risky first	28.0	1.6681048222036647	dp_interaction	-0.007795909915255008	-0.003796501708007478	-0.0011959280325623874
log-power-percx.pathfinder.klw	Risky first	28.0	1.714523776462679	dp_interaction	-0.006926486319663851	-0.003306216662317247	-0.0007473958877851683
log-power-percx.pathfinder.klw	Risky first	28.0	1.7622344476964418	dp_interaction	-0.00613971419340416	-0.002792597387209366	-0.0001559115241783338
log-power-percx.pathfinder.klw	Risky first	28.0	1.8112727809788889	dp_interaction	-0.0054374781857047545	-0.0022553455223770055	0.0005580935597487256
log-power-percx.pathfinder.klw	Risky first	28.0	1.861675721640487	dp_interaction	-0.004782745909790315	-0.0017322476647443129	0.0013777061896285594
log-power-percx.pathfinder.klw	Risky first	28.0	1.9134812431027324	dp_interaction	-0.004217499848465272	-0.0012256104224174303	0.002111120473207054
log-power-percx.pathfinder.klw	Risky first	28.0	1.9667283754872122	dp_interaction	-0.0037436808582346627	-0.0007154678037665391	0.0028552287298927843
log-power-percx.pathfinder.klw	Risky first	28.0	2.021457235020777	dp_interaction	-0.003304747635197659	-0.0002640916806119675	0.003625545532243721
log-power-percx.pathfinder.klw	Risky first	28.0	2.0777090542589844	dp_interaction	-0.0029470827823715002	0.00015207948273420364	0.0043025501802634375
log-power-percx.pathfinder.klw	Risky first	28.0	2.1355262131505808	dp_interaction	-0.0026428342541602355	0.0004982426023179085	0.004840728132533153
log-power-percx.pathfinder.klw	Risky first	28.0	2.1949522709664246	dp_interaction	-0.0024080271955695047	0.0007758755714842441	0.005331462276843334
log-power-percx.pathfinder.klw	Risky first	28.0	2.256031999116908	dp_interaction	-0.002234164598420018	0.0010170347892119404	0.005720066778223423
log-power-percx.pathfinder.klw	Risky first	28.0	2.3188114148826	dp_interaction	-0.002137097858320333	0.0012087971565224397	0.006045727671881743
log-power-percx.pathfinder.klw	Risky first	28.0	2.3833378160835275	dp_interaction	-0.0020620139591235576	0.001365601143441893	0.006261167532858458
log-power-percx.pathfinder.klw	Risky first	28.0	2.4496598167132055	dp_interaction	-0.002020085367684461	0.001466617805092745	0.006383412934676498
log-power-percx.pathfinder.klw	Risky first	28.0	2.5178273835642724	dp_interaction	-0.0020554809570923096	0.0015388348145827604	0.006544888920269954
log-power-percx.pathfinder.klw	Risky first	28.0	2.58789187387332	dp_interaction	-0.00205888626984944	0.00160067041767446	0.006690195172503989
log-power-percx.pathfinder.klw	Risky first	28.0	2.659906074013276	dp_interaction	-0.0021311708937160824	0.0016229424061400292	0.00673839514083011
log-power-percx.pathfinder.klw	Risky first	28.0	2.7339242392624983	dp_interaction	-0.0021834476650942195	0.0016656797378565278	0.006836392470797626
log-power-percx.pathfinder.klw	Risky first	28.0	2.8100021346805373	dp_interaction	-0.0023243653243394586	0.0016595339232540673	0.006973850630778681
log-power-percx.pathfinder.klw	Risky first	28.0	2.8881970771213568	dp_interaction	-0.002444335655439486	0.0016863459236991008	0.007094678874130705
log-power-percx.pathfinder.klw	Risky first	28.0	2.9685679784156793	dp_interaction	-0.0025374349031120685	0.0017401174284242247	0.0072551010072850934
log-power-percx.pathfinder.klw	Risky first	28.0	3.051175389754982	dp_interaction	-0.0025976614076724165	0.001758990956176112	0.00731156637218871
log-power-percx.pathfinder.klw	Risky first	28.0	3.1360815473105736	dp_interaction	-0.0026556284291957256	0.00180564426023313	0.007360349609889127
log-power-percx.pathfinder.klw	Risky first	28.0	3.2233504191221405	dp_interaction	-0.0026972677990240623	0.0018197548576578204	0.007348730046651294
log-power-percx.pathfinder.klw	Risky first	28.0	3.31304775329107	dp_interaction	-0.00275779324701499	0.0018417330340384495	0.007317658657039877
log-power-percx.pathfinder.klw	Risky first	28.0	3.40524112751487	dp_interaction	-0.002819806717273549	0.0018721855857806837	0.007357873353175791
log-power-percx.pathfinder.klw	Risky first	28.0	3.5000000000000004	dp_interaction	-0.0028782798457741027	0.0018907072813280114	0.007364124810864086
log-power-percx.pathfinder.klw	Risky first	28.0	1.2	num_shift	-0.009745058412428766	0.009815942156828635	0.03082287323032757
log-power-percx.pathfinder.klw	Risky first	28.0	1.233392832614218	num_shift	-0.008835249967020602	0.010386560184130573	0.030982179125603394
log-power-percx.pathfinder.klw	Risky first	28.0	1.267714899620104	num_shift	-0.007876018656077703	0.010999628278745208	0.03130606090330793
log-power-percx.pathfinder.klw	Risky first	28.0	1.3029920591580744	num_shift	-0.006964328607177234	0.011809204985052944	0.03180168359132004
log-power-percx.pathfinder.klw	Risky first	28.0	1.339250888932342	num_shift	-0.006057469669439874	0.012632915595982834	0.03220566608141388
log-power-percx.pathfinder.klw	Risky first	28.0	1.3765187062344757	num_shift	-0.005019037370133377	0.013481484704418102	0.03306204892039488
log-power-percx.pathfinder.klw	Risky first	28.0	1.4148235885241658	num_shift	-0.004073121162357212	0.014532895063253368	0.033900223036879916
log-power-percx.pathfinder.klw	Risky first	28.0	1.454194394582695	num_shift	-0.0030649219392969306	0.01556039027712611	0.0350285404170852
log-power-percx.pathfinder.klw	Risky first	28.0	1.4946607862550567	num_shift	-0.0017772126825955222	0.016739728231237993	0.03600059358679971
log-power-percx.pathfinder.klw	Risky first	28.0	1.5362532507970992	num_shift	-0.0006210908046705748	0.017974199288648122	0.03726383285224493
log-power-percx.pathfinder.klw	Risky first	28.0	1.579003123844529	num_shift	0.0005029681767238942	0.019285248804815053	0.038845038428587615
log-power-percx.pathfinder.klw	Risky first	28.0	1.6229426130210856	num_shift	0.0015974653342120068	0.020652241414762983	0.040550892160258686
log-power-percx.pathfinder.klw	Risky first	28.0	1.6681048222036647	num_shift	0.002518602070381407	0.02222715173606451	0.04243139696318954
log-power-percx.pathfinder.klw	Risky first	28.0	1.714523776462679	num_shift	0.0036181252116906757	0.023764037069632427	0.0444406998611229
log-power-percx.pathfinder.klw	Risky first	28.0	1.7622344476964418	num_shift	0.004606890864408797	0.025490356573794747	0.046630500334479616
log-power-percx.pathfinder.klw	Risky first	28.0	1.8112727809788889	num_shift	0.005579342169835778	0.02719347022864972	0.04914427377183006
log-power-percx.pathfinder.klw	Risky first	28.0	1.861675721640487	num_shift	0.006723273821718848	0.028947891059455187	0.051778568580807226
log-power-percx.pathfinder.klw	Risky first	28.0	1.9134812431027324	num_shift	0.007783257126281009	0.030728277837292144	0.05442875548641017
log-power-percx.pathfinder.klw	Risky first	28.0	1.9667283754872122	num_shift	0.008882824686750702	0.032637429771977894	0.057454388125270026
log-power-percx.pathfinder.klw	Risky first	28.0	2.021457235020777	num_shift	0.009940492013730666	0.03457763173570401	0.060663010600739
log-power-percx.pathfinder.klw	Risky first	28.0	2.0777090542589844	num_shift	0.010774831647361089	0.03676826871547804	0.06392414309733839
log-power-percx.pathfinder.klw	Risky first	28.0	2.1355262131505808	num_shift	0.011859181415690494	0.03902984195041019	0.06757367502959087
log-power-percx.pathfinder.klw	Risky first	28.0	2.1949522709664246	num_shift	0.013009963246241199	0.04133878299745987	0.07125103250437438
log-power-percx.pathfinder.klw	Risky first	28.0	2.256031999116908	num_shift	0.013989785553795087	0.04366044397533071	0.07500254353978864
log-power-percx.pathfinder.klw	Risky first	28.0	2.3188114148826	num_shift	0.0151064382327341	0.04604843551186799	0.07888902370963137
log-power-percx.pathfinder.klw	Risky first	28.0	2.3833378160835275	num_shift	0.01606876622622508	0.048512765866944245	0.08299902462543951
log-power-percx.pathfinder.klw	Risky first	28.0	2.4496598167132055	num_shift	0.017100793896589646	0.05112260992442895	0.08722157031278058
log-power-percx.pathfinder.klw	Risky first	28.0	2.5178273835642724	num_shift	0.017985689294123215	0.053847183697585545	0.09164849364157454
log-power-percx.pathfinder.klw	Risky first	28.0	2.58789187387332	num_shift	0.018828507608441163	0.05655520260349166	0.09627365954627788
log-power-percx.pathfinder.klw	Risky first	28.0	2.659906074013276	num_shift	0.019765340259791576	0.05946025800780699	0.10092323436417924
log-power-percx.pathfinder.klw	Risky first	28.0	2.7339242392624983	num_shift	0.02069914620881407	0.06247302737468084	0.10576183153759093
log-power-percx.pathfinder.klw	Risky first	28.0	2.8100021346805373	num_shift	0.021742017904956085	0.06552798268076088	0.1107108020496916
log-power-percx.pathfinder.klw	Risky first	28.0	2.8881970771213568	num_shift	0.022758139331889988	0.0686081432670861	0.11579898544549695
log-power-percx.pathfinder.klw	Risky first	28.0	2.9685679784156793	num_shift	0.023867177528136337	0.07169945505134587	0.12094707838486622
log-power-percx.pathfinder.klw	Risky first	28.0	3.051175389754982	num_shift	0.025086326049443143	0.07482057112334074	0.1262695276005807
log-power-percx.pathfinder.klw	Risky first	28.0	3.1360815473105736	num_shift	0.025926362496669367	0.07800097514547052	0.13168406402735422
log-power-percx.pathfinder.klw	Risky first	28.0	3.2233504191221405	num_shift	0.02720559194628633	0.08129893661399588	0.13734936131633704
log-power-percx.pathfinder.klw	Risky first	28.0	3.31304775329107	num_shift	0.02844060108163376	0.08455195626290993	0.14317493998407504
log-power-percx.pathfinder.klw	Risky first	28.0	3.40524112751487	num_shift	0.029753061409523277	0.08794799077048022	0.1490893165905263
log-power-percx.pathfinder.klw	Risky first	28.0	3.5000000000000004	num_shift	0.03096010238339677	0.09148245209762926	0.15496976165074083
log-power-percx.pathfinder.klw	Risky first	28.0	1.2	den_ratio	1.0061771834280635	1.0507220725726252	1.1031066422872813
log-power-percx.pathfinder.klw	Risky first	28.0	1.233392832614218	den_ratio	1.005729518360911	1.0503285476610684	1.1025790198072318
log-power-percx.pathfinder.klw	Risky first	28.0	1.267714899620104	den_ratio	1.0052676110980956	1.049929399729452	1.101850801814904
log-power-percx.pathfinder.klw	Risky first	28.0	1.3029920591580744	den_ratio	1.0051638918005463	1.0495285811837682	1.101229248287363
log-power-percx.pathfinder.klw	Risky first	28.0	1.339250888932342	den_ratio	1.004830621950136	1.0492927710724316	1.1011992025273476
log-power-percx.pathfinder.klw	Risky first	28.0	1.3765187062344757	den_ratio	1.0046525803896962	1.0489925688213608	1.100663288416983
log-power-percx.pathfinder.klw	Risky first	28.0	1.4148235885241658	den_ratio	1.004364267020505	1.0487118479705602	1.100352257026543
log-power-percx.pathfinder.klw	Risky first	28.0	1.454194394582695	den_ratio	1.003987204519457	1.0484131227963913	1.1003504762849763
log-power-percx.pathfinder.klw	Risky first	28.0	1.4946607862550567	den_ratio	1.003656200912987	1.0481768303499472	1.1000893493274888
log-power-percx.pathfinder.klw	Risky first	28.0	1.5362532507970992	den_ratio	1.0033242668694857	1.0478221447830784	1.0999227443497785
log-power-percx.pathfinder.klw	Risky first	28.0	1.579003123844529	den_ratio	1.0031019109413657	1.0475707465964503	1.0996869577818436
log-power-percx.pathfinder.klw	Risky first	28.0	1.6229426130210856	den_ratio	1.0028729593975227	1.0473492114084868	1.0993330747473067
log-power-percx.pathfinder.klw	Risky first	28.0	1.6681048222036647	den_ratio	1.0026389803078728	1.0471460953455376	1.0991356067902787
log-power-percx.pathfinder.klw	Risky first	28.0	1.714523776462679	den_ratio	1.0025199303266905	1.0470132296338646	1.098947106700118
log-power-percx.pathfinder.klw	Risky first	28.0	1.7622344476964418	den_ratio	1.0024444378782562	1.0469037416371694	1.0988173593470956
log-power-percx.pathfinder.klw	Risky first	28.0	1.8112727809788889	den_ratio	1.0023451087007629	1.046802747704703	1.0989617571007417
log-power-percx.pathfinder.klw	Risky first	28.0	1.861675721640487	den_ratio	1.0022412305986674	1.046715593673229	1.098697713318906
log-power-percx.pathfinder.klw	Risky first	28.0	1.9134812431027324	den_ratio	1.0022588623053366	1.0465750111828567	1.0985886516600079
log-power-percx.pathfinder.klw	Risky first	28.0	1.9667283754872122	den_ratio	1.0019279160009609	1.0465653613778834	1.098573931627533
log-power-percx.pathfinder.klw	Risky first	28.0	2.021457235020777	den_ratio	1.001980992014441	1.0465508247298785	1.0985514550654616
log-power-percx.pathfinder.klw	Risky first	28.0	2.0777090542589844	den_ratio	1.002014254294217	1.046560437259795	1.098619430881415
log-power-percx.pathfinder.klw	Risky first	28.0	2.1355262131505808	den_ratio	1.001815167293524	1.046623732212423	1.0986421761857068
log-power-percx.pathfinder.klw	Risky first	28.0	2.1949522709664246	den_ratio	1.002035184542967	1.0466768711811745	1.0988548197002765
log-power-percx.pathfinder.klw	Risky first	28.0	2.256031999116908	den_ratio	1.0019565096869232	1.0466773717827262	1.0990581331759761
log-power-percx.pathfinder.klw	Risky first	28.0	2.3188114148826	den_ratio	1.00196364394227	1.046807854676227	1.0992834264104208
log-power-percx.pathfinder.klw	Risky first	28.0	2.3833378160835275	den_ratio	1.0020793748184738	1.0469818464634573	1.099452006035036
log-power-percx.pathfinder.klw	Risky first	28.0	2.4496598167132055	den_ratio	1.0020180916401806	1.0472367212369385	1.0996821555213272
log-power-percx.pathfinder.klw	Risky first	28.0	2.5178273835642724	den_ratio	1.001990357410342	1.047548573275411	1.099864834330864
log-power-percx.pathfinder.klw	Risky first	28.0	2.58789187387332	den_ratio	1.0019866056674107	1.0477087860005319	1.1001708554667162
log-power-percx.pathfinder.klw	Risky first	28.0	2.659906074013276	den_ratio	1.0020022144824818	1.0478540253839879	1.1005766204531022
log-power-percx.pathfinder.klw	Risky first	28.0	2.7339242392624983	den_ratio	1.002038223753394	1.0482184714275613	1.1009317025810992
log-power-percx.pathfinder.klw	Risky first	28.0	2.8100021346805373	den_ratio	1.0021909835763105	1.0484967311684532	1.101214019988279
log-power-percx.pathfinder.klw	Risky first	28.0	2.8881970771213568	den_ratio	1.0025430352993603	1.0488373487166505	1.1018057834126271
log-power-percx.pathfinder.klw	Risky first	28.0	2.9685679784156793	den_ratio	1.002775309436676	1.0491739804114775	1.1024743612025623
log-power-percx.pathfinder.klw	Risky first	28.0	3.051175389754982	den_ratio	1.0030674751336461	1.0496266120802762	1.1031316170487209
log-power-percx.pathfinder.klw	Risky first	28.0	3.1360815473105736	den_ratio	1.003397986084142	1.0499851789867574	1.103660105874588
log-power-percx.pathfinder.klw	Risky first	28.0	3.2233504191221405	den_ratio	1.0036171468179778	1.0504057136055511	1.1042848398491227
log-power-percx.pathfinder.klw	Risky first	28.0	3.31304775329107	den_ratio	1.003930504259304	1.050925753307575	1.1049349998273776
log-power-percx.pathfinder.klw	Risky first	28.0	3.40524112751487	den_ratio	1.0043782337935474	1.0514235311907458	1.1057685277683154
log-power-percx.pathfinder.klw	Risky first	28.0	3.5000000000000004	den_ratio	1.0047094181464575	1.0520223574787297	1.1065548164389003
log-power-percx.pathfinder.klw	Risky second	7.0	1.2	p_vertex	0.07316801770707118	0.10038398061648869	0.13389783201275418
log-power-percx.pathfinder.klw	Risky second	7.0	1.233392832614218	p_vertex	0.08500805840034853	0.11341712508692933	0.1481176341231023
log-power-percx.pathfinder.klw	Risky second	7.0	1.267714899620104	p_vertex	0.0985805999982197	0.12814805638128254	0.16366301003827122
log-power-percx.pathfinder.klw	Risky second	7.0	1.3029920591580744	p_vertex	0.11404650148523986	0.1447951299443474	0.18087332575948134
log-power-percx.pathfinder.klw	Risky second	7.0	1.339250888932342	p_vertex	0.13140316465744484	0.1631893023979451	0.19963360969554977
log-power-percx.pathfinder.klw	Risky second	7.0	1.3765187062344757	p_vertex	0.15130505071022488	0.1835023180450404	0.22032346993677396
log-power-percx.pathfinder.klw	Risky second	7.0	1.4148235885241658	p_vertex	0.17297455740605272	0.2058633260168775	0.24305875972809174
log-power-percx.pathfinder.klw	Risky second	7.0	1.454194394582695	p_vertex	0.19709911881643394	0.22986353177036556	0.2670910873272239
log-power-percx.pathfinder.klw	Risky second	7.0	1.4946607862550567	p_vertex	0.22303386301231506	0.2560427577448691	0.2928624427406286
log-power-percx.pathfinder.klw	Risky second	7.0	1.5362532507970992	p_vertex	0.2505134505553964	0.2837566225077338	0.3197843651744218
log-power-percx.pathfinder.klw	Risky second	7.0	1.579003123844529	p_vertex	0.2799719100646666	0.31315450028012154	0.34805372788559247
log-power-percx.pathfinder.klw	Risky second	7.0	1.6229426130210856	p_vertex	0.3110979206834699	0.3437839662411958	0.37756643447084537
log-power-percx.pathfinder.klw	Risky second	7.0	1.6681048222036647	p_vertex	0.34306901247056937	0.37548294338629384	0.40855807731311655
log-power-percx.pathfinder.klw	Risky second	7.0	1.714523776462679	p_vertex	0.3762372604275522	0.4078307038167266	0.4400612953276262
log-power-percx.pathfinder.klw	Risky second	7.0	1.7622344476964418	p_vertex	0.4096432985187078	0.4408443454010244	0.4715686140286181
log-power-percx.pathfinder.klw	Risky second	7.0	1.8112727809788889	p_vertex	0.4430969000641414	0.47387088253932214	0.5037806030668877
log-power-percx.pathfinder.klw	Risky second	7.0	1.861675721640487	p_vertex	0.47545863723260906	0.5067415437819642	0.5359329999644052
log-power-percx.pathfinder.klw	Risky second	7.0	1.9134812431027324	p_vertex	0.5077821760057732	0.5387812090328944	0.5674215774987655
log-power-percx.pathfinder.klw	Risky second	7.0	1.9667283754872122	p_vertex	0.5393087358064653	0.5701269197608079	0.5981775354449425
log-power-percx.pathfinder.klw	Risky second	7.0	2.021457235020777	p_vertex	0.5696699461032039	0.6002813169929676	0.6282002237347246
log-power-percx.pathfinder.klw	Risky second	7.0	2.0777090542589844	p_vertex	0.5987412730954546	0.628948849669896	0.6569024864072357
log-power-percx.pathfinder.klw	Risky second	7.0	2.1355262131505808	p_vertex	0.6262763476397581	0.6564240819656684	0.684060765426106
log-power-percx.pathfinder.klw	Risky second	7.0	2.1949522709664246	p_vertex	0.6523295838306535	0.6821908655755025	0.7095136077919161
log-power-percx.pathfinder.klw	Risky second	7.0	2.256031999116908	p_vertex	0.6773861893846161	0.7063958775397388	0.7332814514056454
log-power-percx.pathfinder.klw	Risky second	7.0	2.3188114148826	p_vertex	0.7003378377288576	0.7290547288072695	0.7556425427596136
log-power-percx.pathfinder.klw	Risky second	7.0	2.3833378160835275	p_vertex	0.721889897916714	0.7499458522272261	0.7761803162440927
log-power-percx.pathfinder.klw	Risky second	7.0	2.4496598167132055	p_vertex	0.7417563624350447	0.7693223618190153	0.7949563643995431
log-power-percx.pathfinder.klw	Risky second	7.0	2.5178273835642724	p_vertex	0.7600231343238171	0.7870550928810474	0.8122523234577039
log-power-percx.pathfinder.klw	Risky second	7.0	2.58789187387332	p_vertex	0.7770574294446057	0.8034961661489184	0.8280562538230926
log-power-percx.pathfinder.klw	Risky second	7.0	2.659906074013276	p_vertex	0.7932072736968391	0.818518205126668	0.842286425069869
log-power-percx.pathfinder.klw	Risky second	7.0	2.7339242392624983	p_vertex	0.8075942382545367	0.8322304214441024	0.8552536536304478
log-power-percx.pathfinder.klw	Risky second	7.0	2.8100021346805373	p_vertex	0.8210085667878111	0.8447145317631966	0.8669790255901645
log-power-percx.pathfinder.klw	Risky second	7.0	2.8881970771213568	p_vertex	0.8328974339828412	0.8561675184247739	0.8775296877350135
log-power-percx.pathfinder.klw	Risky second	7.0	2.9685679784156793	p_vertex	0.8438937627160087	0.8665637646090215	0.887325453998786
log-power-percx.pathfinder.klw	Risky second	7.0	3.051175389754982	p_vertex	0.8539418409595323	0.8759784169789286	0.8959743493000617
log-power-percx.pathfinder.klw	Risky second	7.0	3.1360815473105736	p_vertex	0.8635589815772262	0.8846353995582878	0.9040298644925517
log-power-percx.pathfinder.klw	Risky second	7.0	3.2233504191221405	p_vertex	0.8724029480613065	0.8924348484116242	0.9110615647681053
log-power-percx.pathfinder.klw	Risky second	7.0	3.31304775329107	p_vertex	0.8802767602561247	0.8996308373952017	0.9175471117230173
log-power-percx.pathfinder.klw	Risky second	7.0	3.40524112751487	p_vertex	0.8874074452450705	0.9062993788925631	0.9235082136755255
log-power-percx.pathfinder.klw	Risky second	7.0	3.5000000000000004	p_vertex	0.8940810860832593	0.9123511791964871	0.9291874433835507
log-power-percx.pathfinder.klw	Risky second	7.0	1.2	p_full	0.11580388296964114	0.15508701864823865	0.2017952926301859
log-power-percx.pathfinder.klw	Risky second	7.0	1.233392832614218	p_full	0.13004475748618316	0.16976698943630136	0.21662540834586674
log-power-percx.pathfinder.klw	Risky second	7.0	1.267714899620104	p_full	0.1456645985456191	0.1857081368882934	0.232732410766258
log-power-percx.pathfinder.klw	Risky second	7.0	1.3029920591580744	p_full	0.16228087116172313	0.2028168823019	0.2494503859147967
log-power-percx.pathfinder.klw	Risky second	7.0	1.339250888932342	p_full	0.1806228501224698	0.22116605267410902	0.26725323625531316
log-power-percx.pathfinder.klw	Risky second	7.0	1.3765187062344757	p_full	0.1999130171592338	0.2406641010392928	0.28636868270759946
log-power-percx.pathfinder.klw	Risky second	7.0	1.4148235885241658	p_full	0.22140519911766102	0.26131176625871033	0.306200969388667
log-power-percx.pathfinder.klw	Risky second	7.0	1.454194394582695	p_full	0.24354780981138138	0.28302015547019377	0.32709702086080594
log-power-percx.pathfinder.klw	Risky second	7.0	1.4946607862550567	p_full	0.26664376425457764	0.3056563339295823	0.34907395458587054
log-power-percx.pathfinder.klw	Risky second	7.0	1.5362532507970992	p_full	0.29097511714670177	0.3292660731257836	0.37175083663653746
log-power-percx.pathfinder.klw	Risky second	7.0	1.579003123844529	p_full	0.3159720315875916	0.3535531566595216	0.39484312453704173
log-power-percx.pathfinder.klw	Risky second	7.0	1.6229426130210856	p_full	0.3417650571487637	0.3786651775565579	0.41868185630539667
log-power-percx.pathfinder.klw	Risky second	7.0	1.6681048222036647	p_full	0.36846927164157095	0.40408382390006115	0.442808522922655
log-power-percx.pathfinder.klw	Risky second	7.0	1.714523776462679	p_full	0.3955154812906191	0.4298622444175044	0.46754200111488764
log-power-percx.pathfinder.klw	Risky second	7.0	1.7622344476964418	p_full	0.4221184466626211	0.4560829029521095	0.49211481627339543
log-power-percx.pathfinder.klw	Risky second	7.0	1.8112727809788889	p_full	0.4491260691971081	0.48230516569467946	0.5164674148527756
log-power-percx.pathfinder.klw	Risky second	7.0	1.861675721640487	p_full	0.4760364566503829	0.5082572776032168	0.5411148687648637
log-power-percx.pathfinder.klw	Risky second	7.0	1.9134812431027324	p_full	0.5023840536510795	0.5341125164483674	0.5657633152814631
log-power-percx.pathfinder.klw	Risky second	7.0	1.9667283754872122	p_full	0.5284611141793573	0.559502527310797	0.5901545817853125
log-power-percx.pathfinder.klw	Risky second	7.0	2.021457235020777	p_full	0.5537129400582255	0.5843126252938475	0.6141375126047862
log-power-percx.pathfinder.klw	Risky second	7.0	2.0777090542589844	p_full	0.578120143332198	0.6086523375899421	0.6379301588828709
log-power-percx.pathfinder.klw	Risky second	7.0	2.1355262131505808	p_full	0.6022015816344135	0.6321737876741125	0.6606596633270577
log-power-percx.pathfinder.klw	Risky second	7.0	2.1949522709664246	p_full	0.6256068128625728	0.654959409380294	0.6827456265213301
log-power-percx.pathfinder.klw	Risky second	7.0	2.256031999116908	p_full	0.6477775244376321	0.6765365786339032	0.7041822815167543
log-power-percx.pathfinder.klw	Risky second	7.0	2.3188114148826	p_full	0.6687942709620909	0.6973897402221428	0.7246345903401216
log-power-percx.pathfinder.klw	Risky second	7.0	2.3833378160835275	p_full	0.6892300529774164	0.7171715058072725	0.7440606210609247
log-power-percx.pathfinder.klw	Risky second	7.0	2.4496598167132055	p_full	0.7082174528198739	0.7359584051321653	0.7622951731884974
log-power-percx.pathfinder.klw	Risky second	7.0	2.5178273835642724	p_full	0.7262299916153727	0.7536222563230579	0.7793639309397955
log-power-percx.pathfinder.klw	Risky second	7.0	2.58789187387332	p_full	0.743411570370062	0.770333976423365	0.7957045195049606
log-power-percx.pathfinder.klw	Risky second	7.0	2.659906074013276	p_full	0.75931965658266	0.78592690190874	0.8108753960500507
log-power-percx.pathfinder.klw	Risky second	7.0	2.7339242392624983	p_full	0.774199258268718	0.8005750558730904	0.824767674905478
log-power-percx.pathfinder.klw	Risky second	7.0	2.8100021346805373	p_full	0.7884270698869872	0.8142828792332981	0.8376180694210649
log-power-percx.pathfinder.klw	Risky second	7.0	2.8881970771213568	p_full	0.8017086026842227	0.8270483655714036	0.8497375708746262
log-power-percx.pathfinder.klw	Risky second	7.0	2.9685679784156793	p_full	0.8141463810630386	0.8388131333641482	0.8608089498114814
log-power-percx.pathfinder.klw	Risky second	7.0	3.051175389754982	p_full	0.8257519940208565	0.8497315819124787	0.8708886281523999
log-power-percx.pathfinder.klw	Risky second	7.0	3.1360815473105736	p_full	0.836482563456936	0.8598305255619664	0.8803026125757009
log-power-percx.pathfinder.klw	Risky second	7.0	3.2233504191221405	p_full	0.8466045353129612	0.8692271437334537	0.8889860116890657
log-power-percx.pathfinder.klw	Risky second	7.0	3.31304775329107	p_full	0.8560391840679232	0.8779274874381797	0.8969699943760822
log-power-percx.pathfinder.klw	Risky second	7.0	3.40524112751487	p_full	0.8648123390676368	0.885932842105414	0.9043428377829411
log-power-percx.pathfinder.klw	Risky second	7.0	3.5000000000000004	p_full	0.8727124279964912	0.8932818011368726	0.911078523197719
log-power-percx.pathfinder.klw	Risky second	7.0	1.2	p_bias_only	0.10297366118026527	0.14042676094661088	0.18652445597544248
log-power-percx.pathfinder.klw	Risky second	7.0	1.233392832614218	p_bias_only	0.11709413143963394	0.1554668393620946	0.20173088319453408
log-power-percx.pathfinder.klw	Risky second	7.0	1.267714899620104	p_bias_only	0.13288067284350089	0.17183524853002294	0.21788521133991262
log-power-percx.pathfinder.klw	Risky second	7.0	1.3029920591580744	p_bias_only	0.15038015042009495	0.18948038857399507	0.23556690838490096
log-power-percx.pathfinder.klw	Risky second	7.0	1.339250888932342	p_bias_only	0.16901455403916982	0.20855635844884282	0.2541567092515871
log-power-percx.pathfinder.klw	Risky second	7.0	1.3765187062344757	p_bias_only	0.18918404955423007	0.22892578717972883	0.27419045055353036
log-power-percx.pathfinder.klw	Risky second	7.0	1.4148235885241658	p_bias_only	0.2105962883901991	0.2505652742890966	0.2959124498535455
log-power-percx.pathfinder.klw	Risky second	7.0	1.454194394582695	p_bias_only	0.23365892793399043	0.27344910362570607	0.31838014940772474
log-power-percx.pathfinder.klw	Risky second	7.0	1.4946607862550567	p_bias_only	0.25824856348974656	0.29728388099516256	0.3419075814169964
log-power-percx.pathfinder.klw	Risky second	7.0	1.5362532507970992	p_bias_only	0.28365705502129523	0.32235319654000816	0.36637417986960596
log-power-percx.pathfinder.klw	Risky second	7.0	1.579003123844529	p_bias_only	0.3099018968210334	0.34818425900596695	0.3919354601018867
log-power-percx.pathfinder.klw	Risky second	7.0	1.6229426130210856	p_bias_only	0.33676373704967205	0.3747905747621475	0.4174791744293797
log-power-percx.pathfinder.klw	Risky second	7.0	1.6681048222036647	p_bias_only	0.36428785633706245	0.40200134557689254	0.4439350024372087
log-power-percx.pathfinder.klw	Risky second	7.0	1.714523776462679	p_bias_only	0.39264194960064086	0.4295730579788256	0.47065007486430865
log-power-percx.pathfinder.klw	Risky second	7.0	1.7622344476964418	p_bias_only	0.4203695203372548	0.45727207081984983	0.4976461028000587
log-power-percx.pathfinder.klw	Risky second	7.0	1.8112727809788889	p_bias_only	0.4484056613354789	0.48495213795282166	0.5239767953734903
log-power-percx.pathfinder.klw	Risky second	7.0	1.861675721640487	p_bias_only	0.4769354731269075	0.5125326181227675	0.5503454550725441
log-power-percx.pathfinder.klw	Risky second	7.0	1.9134812431027324	p_bias_only	0.5046786690985612	0.5396487473463035	0.5766009804364967
log-power-percx.pathfinder.klw	Risky second	7.0	1.9667283754872122	p_bias_only	0.5320478097928504	0.5665490606196832	0.6025978704314988
log-power-percx.pathfinder.klw	Risky second	7.0	2.021457235020777	p_bias_only	0.5587450114461657	0.592725480854611	0.6271300290662154
log-power-percx.pathfinder.klw	Risky second	7.0	2.0777090542589844	p_bias_only	0.584699864004528	0.6181058905434083	0.6513170852549348
log-power-percx.pathfinder.klw	Risky second	7.0	2.1355262131505808	p_bias_only	0.6095726729282005	0.6423081157521412	0.6747209361089967
log-power-percx.pathfinder.klw	Risky second	7.0	2.1949522709664246	p_bias_only	0.6338111808495004	0.6656024799255358	0.6973372974454836
log-power-percx.pathfinder.klw	Risky second	7.0	2.256031999116908	p_bias_only	0.6567576195381893	0.6881039010928045	0.7184622843422904
log-power-percx.pathfinder.klw	Risky second	7.0	2.3188114148826	p_bias_only	0.6788269971491631	0.7091911352119686	0.7385056291070625
log-power-percx.pathfinder.klw	Risky second	7.0	2.3833378160835275	p_bias_only	0.6996321401927149	0.7291986754595798	0.7576151343397052
log-power-percx.pathfinder.klw	Risky second	7.0	2.4496598167132055	p_bias_only	0.7195305704786242	0.7481212599800571	0.7757129295930937
log-power-percx.pathfinder.klw	Risky second	7.0	2.5178273835642724	p_bias_only	0.7380353256318996	0.7658906816850095	0.7923260539495673
log-power-percx.pathfinder.klw	Risky second	7.0	2.58789187387332	p_bias_only	0.7554451336181206	0.7824399541958227	0.807986509950407
log-power-percx.pathfinder.klw	Risky second	7.0	2.659906074013276	p_bias_only	0.7715159642135833	0.7978522968998455	0.8225058402083124
log-power-percx.pathfinder.klw	Risky second	7.0	2.7339242392624983	p_bias_only	0.7868138868975115	0.8123062562399206	0.8361758418907317
log-power-percx.pathfinder.klw	Risky second	7.0	2.8100021346805373	p_bias_only	0.8011376930210993	0.8257209619302072	0.8483613951485895
log-power-percx.pathfinder.klw	Risky second	7.0	2.8881970771213568	p_bias_only	0.8142261939922186	0.8380730536551069	0.8599658367208811
log-power-percx.pathfinder.klw	Risky second	7.0	2.9685679784156793	p_bias_only	0.8269942816027558	0.8496451280865478	0.8705019216614409
log-power-percx.pathfinder.klw	Risky second	7.0	3.051175389754982	p_bias_only	0.8385967075064328	0.8601765103172551	0.8801161415978357
log-power-percx.pathfinder.klw	Risky second	7.0	3.1360815473105736	p_bias_only	0.84900631619986	0.8699948835518863	0.8889064089061305
log-power-percx.pathfinder.klw	Risky second	7.0	3.2233504191221405	p_bias_only	0.8586202475129766	0.8790188696491628	0.8970164973151404
log-power-percx.pathfinder.klw	Risky second	7.0	3.31304775329107	p_bias_only	0.8673870644115	0.8872955219003067	0.904550630985866
log-power-percx.pathfinder.klw	Risky second	7.0	3.40524112751487	p_bias_only	0.875741189477499	0.8949111884337251	0.9114807908047344
log-power-percx.pathfinder.klw	Risky second	7.0	3.5000000000000004	p_bias_only	0.8835161333270845	0.901874178519901	0.9176010671251649
log-power-percx.pathfinder.klw	Risky second	7.0	1.2	p_scale_only	0.0927853323088843	0.1205149002282492	0.15297515540301396
log-power-percx.pathfinder.klw	Risky second	7.0	1.233392832614218	p_scale_only	0.10594564188090796	0.13487847532666153	0.16808738305711948
log-power-percx.pathfinder.klw	Risky second	7.0	1.267714899620104	p_scale_only	0.12126039200785976	0.15080214888041066	0.18417573635541612
log-power-percx.pathfinder.klw	Risky second	7.0	1.3029920591580744	p_scale_only	0.13788460912760941	0.16811212964013106	0.20206810244351364
log-power-percx.pathfinder.klw	Risky second	7.0	1.339250888932342	p_scale_only	0.15608536062663728	0.18693434956834232	0.22136721304926796
log-power-percx.pathfinder.klw	Risky second	7.0	1.3765187062344757	p_scale_only	0.17598447543981	0.20737612002135813	0.24205109086729132
log-power-percx.pathfinder.klw	Risky second	7.0	1.4148235885241658	p_scale_only	0.19759126494709192	0.22923673665516697	0.26374369272442527
log-power-percx.pathfinder.klw	Risky second	7.0	1.454194394582695	p_scale_only	0.22039202955011014	0.2525125032003543	0.28660884752057825
log-power-percx.pathfinder.klw	Risky second	7.0	1.4946607862550567	p_scale_only	0.2448828108802155	0.27708877380873387	0.3107941288405156
log-power-percx.pathfinder.klw	Risky second	7.0	1.5362532507970992	p_scale_only	0.2709511034305868	0.30298640906102176	0.33608584723111457
log-power-percx.pathfinder.klw	Risky second	7.0	1.579003123844529	p_scale_only	0.2976772325244809	0.3298397540808816	0.3620927245806884
log-power-percx.pathfinder.klw	Risky second	7.0	1.6229426130210856	p_scale_only	0.3255968584000095	0.3574198093739474	0.38925573246128725
log-power-percx.pathfinder.klw	Risky second	7.0	1.6681048222036647	p_scale_only	0.3540694679548853	0.3856176339316961	0.41662597170507415
log-power-percx.pathfinder.klw	Risky second	7.0	1.714523776462679	p_scale_only	0.3833778516288373	0.4144278834762913	0.4447688748288465
log-power-percx.pathfinder.klw	Risky second	7.0	1.7622344476964418	p_scale_only	0.4126010545055321	0.4435371525183526	0.47315898384548527
log-power-percx.pathfinder.klw	Risky second	7.0	1.8112727809788889	p_scale_only	0.44248335767757435	0.47279109943234987	0.5013599467278377
log-power-percx.pathfinder.klw	Risky second	7.0	1.861675721640487	p_scale_only	0.4722246008420095	0.5018171312719139	0.5291742706237127
log-power-percx.pathfinder.klw	Risky second	7.0	1.9134812431027324	p_scale_only	0.5011645665238165	0.5304270154121951	0.5570054461857917
log-power-percx.pathfinder.klw	Risky second	7.0	1.9667283754872122	p_scale_only	0.5300773528897165	0.5585371673600488	0.5844878240640672
log-power-percx.pathfinder.klw	Risky second	7.0	2.021457235020777	p_scale_only	0.5581648409887321	0.5860056937092726	0.6113963085230483
log-power-percx.pathfinder.klw	Risky second	7.0	2.0777090542589844	p_scale_only	0.5850913458618143	0.6126750937493293	0.6373901621655955
log-power-percx.pathfinder.klw	Risky second	7.0	2.1355262131505808	p_scale_only	0.6113350981700657	0.6383648851293697	0.6623874128716634
log-power-percx.pathfinder.klw	Risky second	7.0	2.1949522709664246	p_scale_only	0.6365416740930369	0.6629256790063547	0.6864298295948116
log-power-percx.pathfinder.klw	Risky second	7.0	2.256031999116908	p_scale_only	0.660391045969658	0.6863792966926443	0.7093772014806632
log-power-percx.pathfinder.klw	Risky second	7.0	2.3188114148826	p_scale_only	0.6830404943879069	0.7085685999871364	0.7313980892033337
log-power-percx.pathfinder.klw	Risky second	7.0	2.3833378160835275	p_scale_only	0.7046359892688622	0.72942302950913	0.7522685586488759
log-power-percx.pathfinder.klw	Risky second	7.0	2.4496598167132055	p_scale_only	0.7247330364634568	0.7489979907018588	0.771633605417689
log-power-percx.pathfinder.klw	Risky second	7.0	2.5178273835642724	p_scale_only	0.7436083587896821	0.7673970706643736	0.7894978520152631
log-power-percx.pathfinder.klw	Risky second	7.0	2.58789187387332	p_scale_only	0.7611440501264873	0.7845541852902227	0.80625799963335
log-power-percx.pathfinder.klw	Risky second	7.0	2.659906074013276	p_scale_only	0.7777886028915287	0.8003525008771764	0.8216943311318033
log-power-percx.pathfinder.klw	Risky second	7.0	2.7339242392624983	p_scale_only	0.7929158589274236	0.8151894445944725	0.8361585603753722
log-power-percx.pathfinder.klw	Risky second	7.0	2.8100021346805373	p_scale_only	0.8070838455586364	0.8287490281602844	0.8491828515788644
log-power-percx.pathfinder.klw	Risky second	7.0	2.8881970771213568	p_scale_only	0.82025196889877	0.8412557173309627	0.8611591469573038
log-power-percx.pathfinder.klw	Risky second	7.0	2.9685679784156793	p_scale_only	0.8324384392135804	0.8528182886932822	0.872117513817859
log-power-percx.pathfinder.klw	Risky second	7.0	3.051175389754982	p_scale_only	0.8434573755696216	0.8634401370635294	0.8821641525227976
log-power-percx.pathfinder.klw	Risky second	7.0	3.1360815473105736	p_scale_only	0.8537913843883426	0.8731176382440613	0.8912325200012615
log-power-percx.pathfinder.klw	Risky second	7.0	3.2233504191221405	p_scale_only	0.8632371472897659	0.8820538474164534	0.8995587908560397
log-power-percx.pathfinder.klw	Risky second	7.0	3.31304775329107	p_scale_only	0.8720364988926845	0.8902853137934672	0.907297058652175
log-power-percx.pathfinder.klw	Risky second	7.0	3.40524112751487	p_scale_only	0.8800933492851231	0.8977991901411635	0.9143121515875929
log-power-percx.pathfinder.klw	Risky second	7.0	3.5000000000000004	p_scale_only	0.8874828032455839	0.9047002507018472	0.920984640308219
log-power-percx.pathfinder.klw	Risky second	7.0	1.2	dp_full	0.02027076253202733	0.05428749951378853	0.09324827001351758
log-power-percx.pathfinder.klw	Risky second	7.0	1.233392832614218	dp_full	0.02156458479710876	0.05590580960723619	0.09457427571406705
log-power-percx.pathfinder.klw	Risky second	7.0	1.267714899620104	dp_full	0.022480087743342373	0.056973610994433585	0.09536343145379929
log-power-percx.pathfinder.klw	Risky second	7.0	1.3029920591580744	dp_full	0.02337736088815504	0.057466024494413126	0.09578736820980618
log-power-percx.pathfinder.klw	Risky second	7.0	1.339250888932342	dp_full	0.023833960302145716	0.05746845540100957	0.0946782233906178
log-power-percx.pathfinder.klw	Risky second	7.0	1.3765187062344757	dp_full	0.02373630704605546	0.05663734021694504	0.0929376385354305
log-power-percx.pathfinder.klw	Risky second	7.0	1.4148235885241658	dp_full	0.02332550349745729	0.05517745266221548	0.08996544363045478
log-power-percx.pathfinder.klw	Risky second	7.0	1.454194394582695	dp_full	0.022096091824131168	0.05277543279348873	0.08568170932217693
log-power-percx.pathfinder.klw	Risky second	7.0	1.4946607862550567	dp_full	0.020524819233677546	0.04958932334758258	0.08061973887757902
log-power-percx.pathfinder.klw	Risky second	7.0	1.5362532507970992	dp_full	0.018670235124542245	0.04547177190316627	0.07406060602391036
log-power-percx.pathfinder.klw	Risky second	7.0	1.579003123844529	dp_full	0.016621502966754163	0.04057215865109905	0.066517824338918
log-power-percx.pathfinder.klw	Risky second	7.0	1.6229426130210856	dp_full	0.01397928038310494	0.03494546583020512	0.05787946492132764
log-power-percx.pathfinder.klw	Risky second	7.0	1.6681048222036647	dp_full	0.010719513855259941	0.02865018531719461	0.04893162992049373
log-power-percx.pathfinder.klw	Risky second	7.0	1.714523776462679	dp_full	0.007045060774230399	0.02198813408006566	0.0393559928117761
log-power-percx.pathfinder.klw	Risky second	7.0	1.7622344476964418	dp_full	0.002509970699547466	0.015295408642103419	0.029939385695501097
log-power-percx.pathfinder.klw	Risky second	7.0	1.8112727809788889	dp_full	-0.002756758331491862	0.008520500689132727	0.02108621483561707
log-power-percx.pathfinder.klw	Risky second	7.0	1.861675721640487	dp_full	-0.009382546082715895	0.0019035467832492462	0.013783949108342708
log-power-percx.pathfinder.klw	Risky second	7.0	1.9134812431027324	dp_full	-0.01683524571047728	-0.004311775392163219	0.0078381618993869
log-power-percx.pathfinder.klw	Risky second	7.0	1.9667283754872122	dp_full	-0.024552655686823775	-0.01009285564282511	0.0034194220236539157
log-power-percx.pathfinder.klw	Risky second	7.0	2.021457235020777	dp_full	-0.03184918701582532	-0.015275198518496185	2.6236739747559728e-05
log-power-percx.pathfinder.klw	Risky second	7.0	2.0777090542589844	dp_full	-0.03860180842983242	-0.01990513052411384	-0.002601246292865085
log-power-percx.pathfinder.klw	Risky second	7.0	2.1355262131505808	dp_full	-0.044278349622524374	-0.023900976341642552	-0.004476389132547307
log-power-percx.pathfinder.klw	Risky second	7.0	2.1949522709664246	dp_full	-0.04928997498760838	-0.027163463476522827	-0.005679407594404736
log-power-percx.pathfinder.klw	Risky second	7.0	2.256031999116908	dp_full	-0.05314061544820884	-0.029742864534332336	-0.006398148568566125
log-power-percx.pathfinder.klw	Risky second	7.0	2.3188114148826	dp_full	-0.056163169603348696	-0.03152737472113358	-0.006919933269313328
log-power-percx.pathfinder.klw	Risky second	7.0	2.3833378160835275	dp_full	-0.058316916728635926	-0.03278208263561581	-0.007107324229353894
log-power-percx.pathfinder.klw	Risky second	7.0	2.4496598167132055	dp_full	-0.059650914480609045	-0.03341956640136867	-0.0069229176522010594
log-power-percx.pathfinder.klw	Risky second	7.0	2.5178273835642724	dp_full	-0.060211162221449045	-0.033516287226438776	-0.006384909866906906
log-power-percx.pathfinder.klw	Risky second	7.0	2.58789187387332	dp_full	-0.06019497406629549	-0.033258282884396764	-0.005920268133951258
log-power-percx.pathfinder.klw	Risky second	7.0	2.659906074013276	dp_full	-0.05933254661949573	-0.03266889025252928	-0.005306082876057509
log-power-percx.pathfinder.klw	Risky second	7.0	2.7339242392624983	dp_full	-0.05818644994840781	-0.03176556463329017	-0.004673250968764028
log-power-percx.pathfinder.klw	Risky second	7.0	2.8100021346805373	dp_full	-0.056761742814316	-0.030587947867938826	-0.003843521324265512
log-power-percx.pathfinder.klw	Risky second	7.0	2.8881970771213568	dp_full	-0.055086169425493235	-0.029293641471664522	-0.0030562526251104037
log-power-percx.pathfinder.klw	Risky second	7.0	2.9685679784156793	dp_full	-0.0532772860058153	-0.027829804622717454	-0.002218231175953903
log-power-percx.pathfinder.klw	Risky second	7.0	3.051175389754982	dp_full	-0.0512359485286523	-0.026424616811127313	-0.0014954298823835227
log-power-percx.pathfinder.klw	Risky second	7.0	3.1360815473105736	dp_full	-0.04916750305894932	-0.024878315685790738	-0.0006168666761398878
log-power-percx.pathfinder.klw	Risky second	7.0	3.2233504191221405	dp_full	-0.04683649454746859	-0.023371470743388488	0.0002848539855773132
log-power-percx.pathfinder.klw	Risky second	7.0	3.31304775329107	dp_full	-0.04459676171233211	-0.0218262773039182	0.0010785392650938855
log-power-percx.pathfinder.klw	Risky second	7.0	3.40524112751487	dp_full	-0.04256705481325028	-0.02035494734535307	0.0017519754934526193
log-power-percx.pathfinder.klw	Risky second	7.0	3.5000000000000004	dp_full	-0.0403576327456166	-0.018910723282060258	0.002443298328379941
log-power-percx.pathfinder.klw	Risky second	7.0	1.2	dp_bias	0.013408134735483981	0.039283415164707555	0.07446023581796692
log-power-percx.pathfinder.klw	Risky second	7.0	1.233392832614218	dp_bias	0.014720907341908583	0.04112857190482669	0.07642694013348153
log-power-percx.pathfinder.klw	Risky second	7.0	1.267714899620104	dp_bias	0.0158439732532598	0.042759181710843225	0.07799721966859646
log-power-percx.pathfinder.klw	Risky second	7.0	1.3029920591580744	dp_bias	0.016823923163110193	0.04391504483488205	0.07911337809560715
log-power-percx.pathfinder.klw	Risky second	7.0	1.339250888932342	dp_bias	0.01767267664653938	0.04466066214579944	0.0793709448239343
log-power-percx.pathfinder.klw	Risky second	7.0	1.3765187062344757	dp_bias	0.017883619115408624	0.044857343355229506	0.07907511123901034
log-power-percx.pathfinder.klw	Risky second	7.0	1.4148235885241658	dp_bias	0.017669450219227056	0.04429157005897465	0.07762499746155636
log-power-percx.pathfinder.klw	Risky second	7.0	1.454194394582695	dp_bias	0.016907589264409054	0.043049601392315597	0.07494455128550462
log-power-percx.pathfinder.klw	Risky second	7.0	1.4946607862550567	dp_bias	0.01581177823461471	0.040961459610455164	0.07158939342827703
log-power-percx.pathfinder.klw	Risky second	7.0	1.5362532507970992	dp_bias	0.014581754694102961	0.03832683572450685	0.06730572238610627
log-power-percx.pathfinder.klw	Risky second	7.0	1.579003123844529	dp_bias	0.01244608966202125	0.03484133508914731	0.06245249733583731
log-power-percx.pathfinder.klw	Risky second	7.0	1.6229426130210856	dp_bias	0.010041198792705274	0.030816637500322208	0.056440115009196774
log-power-percx.pathfinder.klw	Risky second	7.0	1.6681048222036647	dp_bias	0.00706938376913047	0.02645273539338	0.05003681143312923
log-power-percx.pathfinder.klw	Risky second	7.0	1.714523776462679	dp_bias	0.003697339517273622	0.021598750214140983	0.04366298881150118
log-power-percx.pathfinder.klw	Risky second	7.0	1.7622344476964418	dp_bias	-0.00037193546164718125	0.01637187276852337	0.03707244091487456
log-power-percx.pathfinder.klw	Risky second	7.0	1.8112727809788889	dp_bias	-0.005122657748969774	0.011229977695971005	0.030604725559361244
log-power-percx.pathfinder.klw	Risky second	7.0	1.861675721640487	dp_bias	-0.010339907322209105	0.006116830323277932	0.02449932271564297
log-power-percx.pathfinder.klw	Risky second	7.0	1.9134812431027324	dp_bias	-0.015702677638637932	0.001359399174452232	0.0191543704896594
log-power-percx.pathfinder.klw	Risky second	7.0	1.9667283754872122	dp_bias	-0.02095241177383108	-0.003160751721829126	0.014243687592294194
log-power-percx.pathfinder.klw	Risky second	7.0	2.021457235020777	dp_bias	-0.02592008441671004	-0.0071125717851919686	0.010503429082811816
log-power-percx.pathfinder.klw	Risky second	7.0	2.0777090542589844	dp_bias	-0.03024052909701242	-0.010600549601076304	0.007076800554721146
log-power-percx.pathfinder.klw	Risky second	7.0	2.1355262131505808	dp_bias	-0.03398252940941148	-0.013429710004291863	0.00459212880649733
log-power-percx.pathfinder.klw	Risky second	7.0	2.1949522709664246	dp_bias	-0.03691316449363639	-0.01594578348675444	0.0028664580232138975
log-power-percx.pathfinder.klw	Risky second	7.0	2.256031999116908	dp_bias	-0.0393821565245436	-0.017875225790508396	0.0011673219465513486
log-power-percx.pathfinder.klw	Risky second	7.0	2.3188114148826	dp_bias	-0.04147294894577657	-0.019313600438511862	0.00014021895623472062
log-power-percx.pathfinder.klw	Risky second	7.0	2.3833378160835275	dp_bias	-0.042533460173102	-0.020333792443090814	-0.00046307352465293084
log-power-percx.pathfinder.klw	Risky second	7.0	2.4496598167132055	dp_bias	-0.04325288473184661	-0.02084134906675782	-0.0008888019846187221
log-power-percx.pathfinder.klw	Risky second	7.0	2.5178273835642724	dp_bias	-0.043359175595430885	-0.021033622997579923	-0.0008650202756530121
log-power-percx.pathfinder.klw	Risky second	7.0	2.58789187387332	dp_bias	-0.042955538833944096	-0.02080838714395601	-0.0006411817942703731
log-power-percx.pathfinder.klw	Risky second	7.0	2.659906074013276	dp_bias	-0.04241737961543368	-0.02033338214322536	-0.0004985294852606348
log-power-percx.pathfinder.klw	Risky second	7.0	2.7339242392624983	dp_bias	-0.041266439526605546	-0.019636685992902053	4.452035933730458e-06
log-power-percx.pathfinder.klw	Risky second	7.0	2.8100021346805373	dp_bias	-0.03986327931360818	-0.018827930730255536	0.0005222303268285054
log-power-percx.pathfinder.klw	Risky second	7.0	2.8881970771213568	dp_bias	-0.03841287391735656	-0.017859913952426823	0.001144304580380465
log-power-percx.pathfinder.klw	Risky second	7.0	2.9685679784156793	dp_bias	-0.03662850223806907	-0.016774713393427395	0.00195060601050919
log-power-percx.pathfinder.klw	Risky second	7.0	3.051175389754982	dp_bias	-0.035152792670341625	-0.01572038321684292	0.002705535121012269
log-power-percx.pathfinder.klw	Risky second	7.0	3.1360815473105736	dp_bias	-0.033476561731368766	-0.014596830617984299	0.003524964187982416
log-power-percx.pathfinder.klw	Risky second	7.0	3.2233504191221405	dp_bias	-0.031799119384105776	-0.013470556533660931	0.0043277708947897404
log-power-percx.pathfinder.klw	Risky second	7.0	3.31304775329107	dp_bias	-0.030280310847689874	-0.012397700548405225	0.004885791829286855
log-power-percx.pathfinder.klw	Risky second	7.0	3.40524112751487	dp_bias	-0.028880370803311513	-0.011346234146499871	0.005497026047203177
log-power-percx.pathfinder.klw	Risky second	7.0	3.5000000000000004	dp_bias	-0.027614928809427782	-0.010355430090701057	0.006059382606870334
log-power-percx.pathfinder.klw	Risky second	7.0	1.2	dp_scale	0.006459398245455478	0.019838441297050598	0.03491707999065095
log-power-percx.pathfinder.klw	Risky second	7.0	1.233392832614218	dp_scale	0.007182830253356532	0.021079631085161907	0.03662411924515576
log-power-percx.pathfinder.klw	Risky second	7.0	1.267714899620104	dp_scale	0.007902403278187845	0.022137089639347934	0.03821056520816346
log-power-percx.pathfinder.klw	Risky second	7.0	1.3029920591580744	dp_scale	0.008419973635233585	0.023001994759722526	0.03916953699858654
log-power-percx.pathfinder.klw	Risky second	7.0	1.339250888932342	dp_scale	0.008696751682668907	0.02345223674513007	0.03985694899386703
log-power-percx.pathfinder.klw	Risky second	7.0	1.3765187062344757	dp_scale	0.008899876207812463	0.02355790277687749	0.03979964325428618
log-power-percx.pathfinder.klw	Risky second	7.0	1.4148235885241658	dp_scale	0.008644105656689506	0.02319390445319731	0.03909491387780581
log-power-percx.pathfinder.klw	Risky second	7.0	1.454194394582695	dp_scale	0.008340856066044407	0.02221880431636082	0.037698968072126866
log-power-percx.pathfinder.klw	Risky second	7.0	1.4946607862550567	dp_scale	0.007609395087535542	0.020718694115725238	0.035495691948364404
log-power-percx.pathfinder.klw	Risky second	7.0	1.5362532507970992	dp_scale	0.006551476671572982	0.01878737048272771	0.032361869513784586
log-power-percx.pathfinder.klw	Risky second	7.0	1.579003123844529	dp_scale	0.005324926799103126	0.01625872171189857	0.02867886170175051
log-power-percx.pathfinder.klw	Risky second	7.0	1.6229426130210856	dp_scale	0.0036347992126154367	0.013270598382022504	0.024107531057142754
log-power-percx.pathfinder.klw	Risky second	7.0	1.6681048222036647	dp_scale	0.0017646606082196443	0.009882178892290185	0.018907929726880806
log-power-percx.pathfinder.klw	Risky second	7.0	1.714523776462679	dp_scale	-0.0004825361575637541	0.006259986063847723	0.013678557454934915
log-power-percx.pathfinder.klw	Risky second	7.0	1.7622344476964418	dp_scale	-0.003438654066353551	0.002491713774472243	0.00873165275215124
log-power-percx.pathfinder.klw	Risky second	7.0	1.8112727809788889	dp_scale	-0.007073111482179877	-0.0011897181547586386	0.0043739622519892475
log-power-percx.pathfinder.klw	Risky second	7.0	1.861675721640487	dp_scale	-0.01143579106519075	-0.004765443509566283	0.000920629119675719
log-power-percx.pathfinder.klw	Risky second	7.0	1.9134812431027324	dp_scale	-0.016190387088110145	-0.008202042366847122	-0.001496414957811058
log-power-percx.pathfinder.klw	Risky second	7.0	1.9667283754872122	dp_scale	-0.020680131769427967	-0.011309860342479126	-0.003425772399447077
log-power-percx.pathfinder.klw	Risky second	7.0	2.021457235020777	dp_scale	-0.024646696851824985	-0.01393685920767877	-0.004995717567543929
log-power-percx.pathfinder.klw	Risky second	7.0	2.0777090542589844	dp_scale	-0.027948771726357704	-0.016135993840070438	-0.0062379081156542495
log-power-percx.pathfinder.klw	Risky second	7.0	2.1355262131505808	dp_scale	-0.030588037083390026	-0.0179000665894732	-0.007134028009185301
log-power-percx.pathfinder.klw	Risky second	7.0	2.1949522709664246	dp_scale	-0.03260330781930356	-0.019110615982464666	-0.007671059997083568
log-power-percx.pathfinder.klw	Risky second	7.0	2.256031999116908	dp_scale	-0.033887080385940654	-0.019950211162852626	-0.00789862278705379
log-power-percx.pathfinder.klw	Risky second	7.0	2.3188114148826	dp_scale	-0.034604175237304795	-0.02032483752924316	-0.007888825554851603
log-power-percx.pathfinder.klw	Risky second	7.0	2.3833378160835275	dp_scale	-0.03471715246208089	-0.020332395849897537	-0.007794113149637521
log-power-percx.pathfinder.klw	Risky second	7.0	2.4496598167132055	dp_scale	-0.03442474021856631	-0.02002053144160989	-0.007558891075193357
log-power-percx.pathfinder.klw	Risky second	7.0	2.5178273835642724	dp_scale	-0.0337232327849012	-0.0194702640745176	-0.007064274682483896
log-power-percx.pathfinder.klw	Risky second	7.0	2.58789187387332	dp_scale	-0.03268187452366473	-0.01873800894712073	-0.006515010379981451
log-power-percx.pathfinder.klw	Risky second	7.0	2.659906074013276	dp_scale	-0.031411380023964215	-0.017866108011342682	-0.005896476852903883
log-power-percx.pathfinder.klw	Risky second	7.0	2.7339242392624983	dp_scale	-0.029994351191132564	-0.016828593085272726	-0.00530281359949961
log-power-percx.pathfinder.klw	Risky second	7.0	2.8100021346805373	dp_scale	-0.028348020554342768	-0.01578483939546286	-0.0046740741282926025
log-power-percx.pathfinder.klw	Risky second	7.0	2.8881970771213568	dp_scale	-0.02668343694764991	-0.014653654555536463	-0.003946588580413758
log-power-percx.pathfinder.klw	Risky second	7.0	2.9685679784156793	dp_scale	-0.025021544822224122	-0.013517719751913255	-0.0033428107819378624
log-power-percx.pathfinder.klw	Risky second	7.0	3.051175389754982	dp_scale	-0.023361083071757206	-0.012395638822328294	-0.002618389747172511
log-power-percx.pathfinder.klw	Risky second	7.0	3.1360815473105736	dp_scale	-0.021773605992137998	-0.011322639615234095	-0.0018873790174025425
log-power-percx.pathfinder.klw	Risky second	7.0	3.2233504191221405	dp_scale	-0.020132284075632827	-0.010286445011020929	-0.001373751706280716
log-power-percx.pathfinder.klw	Risky second	7.0	3.31304775329107	dp_scale	-0.01858749556360814	-0.009290125512471426	-0.0007879089031148128
log-power-percx.pathfinder.klw	Risky second	7.0	3.40524112751487	dp_scale	-0.01711134021127683	-0.008321941893979428	-0.0003271640143690886
log-power-percx.pathfinder.klw	Risky second	7.0	3.5000000000000004	dp_scale	-0.015760635069552463	-0.007473836880497644	0.00012101080877720194
log-power-percx.pathfinder.klw	Risky second	7.0	1.2	dp_interaction	-0.015619624705386765	-0.005109408250651235	0.0007377240857970931
log-power-percx.pathfinder.klw	Risky second	7.0	1.233392832614218	dp_interaction	-0.017410518538281978	-0.006548425909907712	-0.00048094279242968436
log-power-percx.pathfinder.klw	Risky second	7.0	1.267714899620104	dp_interaction	-0.019177888520311895	-0.008010998705601105	-0.0015943912214871159
log-power-percx.pathfinder.klw	Risky second	7.0	1.3029920591580744	dp_interaction	-0.02081815205848676	-0.009402098183904254	-0.002437436455983017
log-power-percx.pathfinder.klw	Risky second	7.0	1.339250888932342	dp_interaction	-0.022476460854599166	-0.010601687421742974	-0.0031986444133139274
log-power-percx.pathfinder.klw	Risky second	7.0	1.3765187062344757	dp_interaction	-0.02356934644177254	-0.011567127984900203	-0.003875701954929911
log-power-percx.pathfinder.klw	Risky second	7.0	1.4148235885241658	dp_interaction	-0.024440841586307483	-0.012200282984471567	-0.004321541362939269
log-power-percx.pathfinder.klw	Risky second	7.0	1.454194394582695	dp_interaction	-0.024586029034557803	-0.012455133230249313	-0.004586988678705899
log-power-percx.pathfinder.klw	Risky second	7.0	1.4946607862550567	dp_interaction	-0.02401936187580759	-0.012339920244015761	-0.004599766404601302
log-power-percx.pathfinder.klw	Risky second	7.0	1.5362532507970992	dp_interaction	-0.022799939116512118	-0.01177126260471897	-0.004407824555654801
log-power-percx.pathfinder.klw	Risky second	7.0	1.579003123844529	dp_interaction	-0.02116655111338854	-0.010791997972177177	-0.003990221451137967
log-power-percx.pathfinder.klw	Risky second	7.0	1.6229426130210856	dp_interaction	-0.018974621144061884	-0.00939137175242131	-0.003377874024131237
log-power-percx.pathfinder.klw	Risky second	7.0	1.6681048222036647	dp_interaction	-0.016176670707653953	-0.007646486060728741	-0.0024436404810328207
log-power-percx.pathfinder.klw	Risky second	7.0	1.714523776462679	dp_interaction	-0.012985516955810709	-0.0057042620182601225	-0.0011417498890267388
log-power-percx.pathfinder.klw	Risky second	7.0	1.7622344476964418	dp_interaction	-0.009802213359831294	-0.0036009886372966983	0.0005391459644764605
log-power-percx.pathfinder.klw	Risky second	7.0	1.8112727809788889	dp_interaction	-0.00677842168309647	-0.0015535102606501162	0.0028263590502642546
log-power-percx.pathfinder.klw	Risky second	7.0	1.861675721640487	dp_interaction	-0.004132102641546345	0.0003920795289227974	0.005465223031476225
log-power-percx.pathfinder.klw	Risky second	7.0	1.9134812431027324	dp_interaction	-0.0018512374543623762	0.002282282282299301	0.008033632580719893
log-power-percx.pathfinder.klw	Risky second	7.0	1.9667283754872122	dp_interaction	-0.000130049314758307	0.003997602804571861	0.01063906906395943
log-power-percx.pathfinder.klw	Risky second	7.0	2.021457235020777	dp_interaction	0.0010413006563978911	0.005463209993210401	0.012952184810547492
log-power-percx.pathfinder.klw	Risky second	7.0	2.0777090542589844	dp_interaction	0.001868904909918803	0.006620151111478978	0.014730728908177941
log-power-percx.pathfinder.klw	Risky second	7.0	2.1355262131505808	dp_interaction	0.0024670265255251947	0.007485203429198568	0.01596012824722172
log-power-percx.pathfinder.klw	Risky second	7.0	2.1949522709664246	dp_interaction	0.0028999684137765414	0.008044030246735827	0.016645938269238263
log-power-percx.pathfinder.klw	Risky second	7.0	2.256031999116908	dp_interaction	0.0031349531776890638	0.008349978083775977	0.016842002369699967
log-power-percx.pathfinder.klw	Risky second	7.0	2.3188114148826	dp_interaction	0.0032104824041130193	0.008345639923642616	0.01674713455790983
log-power-percx.pathfinder.klw	Risky second	7.0	2.3833378160835275	dp_interaction	0.003136722198212575	0.008127713006662615	0.01624194926914863
log-power-percx.pathfinder.klw	Risky second	7.0	2.4496598167132055	dp_interaction	0.0029744305443958016	0.007722710648162597	0.015400807392779188
log-power-percx.pathfinder.klw	Risky second	7.0	2.5178273835642724	dp_interaction	0.0026616393591600324	0.007161356505399686	0.01442908543151865
log-power-percx.pathfinder.klw	Risky second	7.0	2.58789187387332	dp_interaction	0.0023036165932875763	0.006484728940567055	0.01337207171456938
log-power-percx.pathfinder.klw	Risky second	7.0	2.659906074013276	dp_interaction	0.0018580387743821558	0.005720993066108439	0.012139770956239929
log-power-percx.pathfinder.klw	Risky second	7.0	2.7339242392624983	dp_interaction	0.001293079113575548	0.004908819771802062	0.010962510646418512
log-power-percx.pathfinder.klw	Risky second	7.0	2.8100021346805373	dp_interaction	0.0007225085625686318	0.0040889726585613085	0.009801571951798942
log-power-percx.pathfinder.klw	Risky second	7.0	2.8881970771213568	dp_interaction	0.00012457967221410015	0.0032865844864450877	0.00862256661760219
log-power-percx.pathfinder.klw	Risky second	7.0	2.9685679784156793	dp_interaction	-0.0005032484827124863	0.0025075105491390625	0.007494596288958902
log-power-percx.pathfinder.klw	Risky second	7.0	3.051175389754982	dp_interaction	-0.0011966668223278088	0.0017865542475002986	0.006383701254600794
log-power-percx.pathfinder.klw	Risky second	7.0	3.1360815473105736	dp_interaction	-0.001898995728781731	0.0011260188182306064	0.005393043644033976
log-power-percx.pathfinder.klw	Risky second	7.0	3.2233504191221405	dp_interaction	-0.002502073637821121	0.0004884264339121633	0.004404618901830369
log-power-percx.pathfinder.klw	Risky second	7.0	3.31304775329107	dp_interaction	-0.0030902867502635915	-5.9932650255630735e-05	0.003589560621999888
log-power-percx.pathfinder.klw	Risky second	7.0	3.40524112751487	dp_interaction	-0.003595678821601223	-0.0005553125879662097	0.0028488188214519173
log-power-percx.pathfinder.klw	Risky second	7.0	3.5000000000000004	dp_interaction	-0.003998245165602334	-0.0009729395330198207	0.0022002763160549853
log-power-percx.pathfinder.klw	Risky second	7.0	1.2	num_shift	0.006861604196891343	0.03181197026593427	0.06325021443061152
log-power-percx.pathfinder.klw	Risky second	7.0	1.233392832614218	num_shift	0.00619834028523128	0.030241766756307277	0.06034265345628533
log-power-percx.pathfinder.klw	Risky second	7.0	1.267714899620104	num_shift	0.005721965504662036	0.028659426235031	0.05759329196339981
log-power-percx.pathfinder.klw	Risky second	7.0	1.3029920591580744	num_shift	0.005077564760849099	0.02718325407981416	0.05500858054552161
log-power-percx.pathfinder.klw	Risky second	7.0	1.339250888932342	num_shift	0.004422591716359512	0.025676772203420364	0.05251277671530927
log-power-percx.pathfinder.klw	Risky second	7.0	1.3765187062344757	num_shift	0.0036059789555590825	0.024136501703409172	0.04990569624290752
log-power-percx.pathfinder.klw	Risky second	7.0	1.4148235885241658	num_shift	0.002840338500752222	0.02264364286460338	0.0474562957610033
log-power-percx.pathfinder.klw	Risky second	7.0	1.454194394582695	num_shift	0.002035210920264195	0.021208001354086983	0.04515620612871916
log-power-percx.pathfinder.klw	Risky second	7.0	1.4946607862550567	num_shift	0.0011629860264271723	0.019792862950204902	0.04275816550349431
log-power-percx.pathfinder.klw	Risky second	7.0	1.5362532507970992	num_shift	0.00017673685151757253	0.018304198163334933	0.04048627447184622
log-power-percx.pathfinder.klw	Risky second	7.0	1.579003123844529	num_shift	-0.000828077589977504	0.01686617066123175	0.038301353945791386
log-power-percx.pathfinder.klw	Risky second	7.0	1.6229426130210856	num_shift	-0.0018443729984656428	0.015441523206775089	0.0359894741565287
log-power-percx.pathfinder.klw	Risky second	7.0	1.6681048222036647	num_shift	-0.002886784022426801	0.013997994376121465	0.034106348174435
log-power-percx.pathfinder.klw	Risky second	7.0	1.714523776462679	num_shift	-0.003993103079987828	0.012588532657128304	0.032202035405596935
log-power-percx.pathfinder.klw	Risky second	7.0	1.7622344476964418	num_shift	-0.004951792211661077	0.011242096354069768	0.03046653686418224
log-power-percx.pathfinder.klw	Risky second	7.0	1.8112727809788889	num_shift	-0.006320674778420846	0.009893288629349292	0.028879815407975722
log-power-percx.pathfinder.klw	Risky second	7.0	1.861675721640487	num_shift	-0.007624737951847629	0.008571127491783789	0.02745472861627071
log-power-percx.pathfinder.klw	Risky second	7.0	1.9134812431027324	num_shift	-0.008934105402066064	0.007224906607728697	0.02581404770615929
log-power-percx.pathfinder.klw	Risky second	7.0	1.9667283754872122	num_shift	-0.01031104345823937	0.006020889259433776	0.024459119859409757
log-power-percx.pathfinder.klw	Risky second	7.0	2.021457235020777	num_shift	-0.011766946583924062	0.0047593452495545	0.023107410033628185
log-power-percx.pathfinder.klw	Risky second	7.0	2.0777090542589844	num_shift	-0.013169827118224724	0.0035835757406503183	0.022063990161559494
log-power-percx.pathfinder.klw	Risky second	7.0	2.1355262131505808	num_shift	-0.014568395594442793	0.0023843805488902494	0.021000667002278196
log-power-percx.pathfinder.klw	Risky second	7.0	2.1949522709664246	num_shift	-0.016078057448648816	0.0012035277166265236	0.019954014330135075
log-power-percx.pathfinder.klw	Risky second	7.0	2.256031999116908	num_shift	-0.017546069364411977	7.571419294254898e-05	0.01890097061787329
log-power-percx.pathfinder.klw	Risky second	7.0	2.3188114148826	num_shift	-0.01893077753602524	-0.0010128852293767952	0.017951719626224105
log-power-percx.pathfinder.klw	Risky second	7.0	2.3833378160835275	num_shift	-0.020289139965457257	-0.0020822615760594013	0.01706947902185647
log-power-percx.pathfinder.klw	Risky second	7.0	2.4496598167132055	num_shift	-0.021776585611264755	-0.003086847408524526	0.016286791721413316
log-power-percx.pathfinder.klw	Risky second	7.0	2.5178273835642724	num_shift	-0.02316124850494558	-0.004037782643827562	0.01570673362951159
log-power-percx.pathfinder.klw	Risky second	7.0	2.58789187387332	num_shift	-0.02444255792677712	-0.004961168213412537	0.01510682275695986
log-power-percx.pathfinder.klw	Risky second	7.0	2.659906074013276	num_shift	-0.025932717215299085	-0.005819833695105289	0.01459041274860816
log-power-percx.pathfinder.klw	Risky second	7.0	2.7339242392624983	num_shift	-0.027139972399330428	-0.0066458440936887665	0.014036026548984396
log-power-percx.pathfinder.klw	Risky second	7.0	2.8100021346805373	num_shift	-0.028367430298697944	-0.0073476981758976165	0.013759748502090502
log-power-percx.pathfinder.klw	Risky second	7.0	2.8881970771213568	num_shift	-0.02956130025238794	-0.008075534095728018	0.013599959790164358
log-power-percx.pathfinder.klw	Risky second	7.0	2.9685679784156793	num_shift	-0.030786114674470597	-0.008758954387373332	0.013371700571765078
log-power-percx.pathfinder.klw	Risky second	7.0	3.051175389754982	num_shift	-0.031740709143884396	-0.009429829631755933	0.012997827743588883
log-power-percx.pathfinder.klw	Risky second	7.0	3.1360815473105736	num_shift	-0.032877436007769274	-0.010018601729584298	0.012961459093428771
log-power-percx.pathfinder.klw	Risky second	7.0	3.2233504191221405	num_shift	-0.03383461910324785	-0.010444302261283851	0.012821915335709491
log-power-percx.pathfinder.klw	Risky second	7.0	3.31304775329107	num_shift	-0.034717198287993876	-0.010801694819443725	0.012813219534449914
log-power-percx.pathfinder.klw	Risky second	7.0	3.40524112751487	num_shift	-0.03558801047298096	-0.01113102521118065	0.012823756874261941
log-power-percx.pathfinder.klw	Risky second	7.0	3.5000000000000004	num_shift	-0.036269258227917406	-0.011393718774112422	0.012934264303414609
log-power-percx.pathfinder.klw	Risky second	7.0	1.2	den_ratio	1.0691986224300036	1.1575408095903743	1.2673598878056307
log-power-percx.pathfinder.klw	Risky second	7.0	1.233392832614218	den_ratio	1.068479874613116	1.1562999597839339	1.2653579969155857
log-power-percx.pathfinder.klw	Risky second	7.0	1.267714899620104	den_ratio	1.0677631332250443	1.1551658409988905	1.2633220955391173
log-power-percx.pathfinder.klw	Risky second	7.0	1.3029920591580744	den_ratio	1.0670353926259997	1.1540295022093456	1.2609744116612336
log-power-percx.pathfinder.klw	Risky second	7.0	1.339250888932342	den_ratio	1.066299460584946	1.1527110352792969	1.2589460728620527
log-power-percx.pathfinder.klw	Risky second	7.0	1.3765187062344757	den_ratio	1.0656798447006848	1.151380166747505	1.2567536706901294
log-power-percx.pathfinder.klw	Risky second	7.0	1.4148235885241658	den_ratio	1.0647882224700203	1.1501341383858803	1.2548553988371425
log-power-percx.pathfinder.klw	Risky second	7.0	1.454194394582695	den_ratio	1.064148204570482	1.1487609377466423	1.2529929238439357
log-power-percx.pathfinder.klw	Risky second	7.0	1.4946607862550567	den_ratio	1.0635148557647371	1.1474721090976239	1.2507578231511842
log-power-percx.pathfinder.klw	Risky second	7.0	1.5362532507970992	den_ratio	1.0628467051483168	1.146119434997249	1.2488648858831786
log-power-percx.pathfinder.klw	Risky second	7.0	1.579003123844529	den_ratio	1.0618987445932306	1.1449030077169913	1.2467559906514416
log-power-percx.pathfinder.klw	Risky second	7.0	1.6229426130210856	den_ratio	1.0611614829033158	1.1435823486744991	1.2445968152658586
log-power-percx.pathfinder.klw	Risky second	7.0	1.6681048222036647	den_ratio	1.0606287711337947	1.1421589246869395	1.2424423169742935
log-power-percx.pathfinder.klw	Risky second	7.0	1.714523776462679	den_ratio	1.0600557821934184	1.1407492606063316	1.2402419766529742
log-power-percx.pathfinder.klw	Risky second	7.0	1.7622344476964418	den_ratio	1.0590614898568427	1.139333786528796	1.2378850193089832
log-power-percx.pathfinder.klw	Risky second	7.0	1.8112727809788889	den_ratio	1.058409317051943	1.1379598135026612	1.2356823363787426
log-power-percx.pathfinder.klw	Risky second	7.0	1.861675721640487	den_ratio	1.057587713589561	1.1365634622117176	1.2334333316920683
log-power-percx.pathfinder.klw	Risky second	7.0	1.9134812431027324	den_ratio	1.0563415015336186	1.134996055011689	1.2310172189456483
log-power-percx.pathfinder.klw	Risky second	7.0	1.9667283754872122	den_ratio	1.0556163728232457	1.133452489676353	1.2288401847276353
log-power-percx.pathfinder.klw	Risky second	7.0	2.021457235020777	den_ratio	1.0549435097789985	1.1320536632399252	1.2264906912298272
log-power-percx.pathfinder.klw	Risky second	7.0	2.0777090542589844	den_ratio	1.0543157153627019	1.1306000365366256	1.2241139449481575
log-power-percx.pathfinder.klw	Risky second	7.0	2.1355262131505808	den_ratio	1.0534296075724694	1.129118001717607	1.221716567603382
log-power-percx.pathfinder.klw	Risky second	7.0	2.1949522709664246	den_ratio	1.0527025608235998	1.1277168352716505	1.2195145357004828
log-power-percx.pathfinder.klw	Risky second	7.0	2.256031999116908	den_ratio	1.0519478379303262	1.1262264139293259	1.2168732096897674
log-power-percx.pathfinder.klw	Risky second	7.0	2.3188114148826	den_ratio	1.0512628725767879	1.12481275306348	1.2144203867213408
log-power-percx.pathfinder.klw	Risky second	7.0	2.3833378160835275	den_ratio	1.0505785185753496	1.1233233206039066	1.2123091152911851
log-power-percx.pathfinder.klw	Risky second	7.0	2.4496598167132055	den_ratio	1.049893697585943	1.121905967539885	1.2098078082622505
log-power-percx.pathfinder.klw	Risky second	7.0	2.5178273835642724	den_ratio	1.0493562866983128	1.1204292881777795	1.2079390281881135
log-power-percx.pathfinder.klw	Risky second	7.0	2.58789187387332	den_ratio	1.048537624406867	1.1189520191084061	1.2054171258596267
log-power-percx.pathfinder.klw	Risky second	7.0	2.659906074013276	den_ratio	1.0475567326428763	1.1176164106406932	1.202258524354269
log-power-percx.pathfinder.klw	Risky second	7.0	2.7339242392624983	den_ratio	1.0471779861754424	1.1161704258213474	1.1999457435307097
log-power-percx.pathfinder.klw	Risky second	7.0	2.8100021346805373	den_ratio	1.0465223937799846	1.1147442784135988	1.1975508966939024
log-power-percx.pathfinder.klw	Risky second	7.0	2.8881970771213568	den_ratio	1.0457381177704	1.1133197853083838	1.1951751758028446
log-power-percx.pathfinder.klw	Risky second	7.0	2.9685679784156793	den_ratio	1.0447111553528885	1.1118977032283213	1.1928688455961867
log-power-percx.pathfinder.klw	Risky second	7.0	3.051175389754982	den_ratio	1.0440941085357427	1.1104389278640558	1.1904257368551598
log-power-percx.pathfinder.klw	Risky second	7.0	3.1360815473105736	den_ratio	1.043406112202303	1.1090989099017454	1.1881368917154882
log-power-percx.pathfinder.klw	Risky second	7.0	3.2233504191221405	den_ratio	1.0426706100275591	1.1076628684810057	1.1858005833065322
log-power-percx.pathfinder.klw	Risky second	7.0	3.31304775329107	den_ratio	1.0417748019844106	1.106186545824539	1.1835100591465213
log-power-percx.pathfinder.klw	Risky second	7.0	3.40524112751487	den_ratio	1.0409747909870355	1.1048045986057615	1.1812481657622438
log-power-percx.pathfinder.klw	Risky second	7.0	3.5000000000000004	den_ratio	1.0402587646656878	1.1033443190980128	1.1789899856046717
log-power-percx.pathfinder.klw	Risky second	10.0	1.2	p_vertex	0.09603045898486974	0.12016522367528032	0.14809488801181114
log-power-percx.pathfinder.klw	Risky second	10.0	1.233392832614218	p_vertex	0.11069251944528767	0.1355286883660497	0.1639050140201284
log-power-percx.pathfinder.klw	Risky second	10.0	1.267714899620104	p_vertex	0.1268127659398997	0.15242275774399403	0.18105772754178417
log-power-percx.pathfinder.klw	Risky second	10.0	1.3029920591580744	p_vertex	0.14469410150769926	0.17100423456622232	0.19954798830058804
log-power-percx.pathfinder.klw	Risky second	10.0	1.339250888932342	p_vertex	0.1645285475354602	0.1909673688353185	0.2197441936258248
log-power-percx.pathfinder.klw	Risky second	10.0	1.3765187062344757	p_vertex	0.18569133001802382	0.21242621486132357	0.24102805601523553
log-power-percx.pathfinder.klw	Risky second	10.0	1.4148235885241658	p_vertex	0.2085594019581127	0.23549949475825957	0.26400803031561526
log-power-percx.pathfinder.klw	Risky second	10.0	1.454194394582695	p_vertex	0.23287091692621525	0.25993939709816394	0.28800170017619686
log-power-percx.pathfinder.klw	Risky second	10.0	1.4946607862550567	p_vertex	0.25884521188694015	0.2855549821757979	0.31290919777432347
log-power-percx.pathfinder.klw	Risky second	10.0	1.5362532507970992	p_vertex	0.28628505018197054	0.31228044487657025	0.3387536119156327
log-power-percx.pathfinder.klw	Risky second	10.0	1.579003123844529	p_vertex	0.3143075145457216	0.33984498697932086	0.3653515285918806
log-power-percx.pathfinder.klw	Risky second	10.0	1.6229426130210856	p_vertex	0.3433443203476025	0.36813313646861945	0.39279567375691915
log-power-percx.pathfinder.klw	Risky second	10.0	1.6681048222036647	p_vertex	0.3726295484441418	0.39691836162492433	0.42074686836315756
log-power-percx.pathfinder.klw	Risky second	10.0	1.714523776462679	p_vertex	0.40246132930550393	0.4261882151082902	0.4491718654680669
log-power-percx.pathfinder.klw	Risky second	10.0	1.7622344476964418	p_vertex	0.43204133288182484	0.4552858925227733	0.47786207664739916
log-power-percx.pathfinder.klw	Risky second	10.0	1.8112727809788889	p_vertex	0.46136475450796494	0.4842658021823234	0.5064262631212757
log-power-percx.pathfinder.klw	Risky second	10.0	1.861675721640487	p_vertex	0.49025392326704625	0.5127964013590065	0.5343379261253827
log-power-percx.pathfinder.klw	Risky second	10.0	1.9134812431027324	p_vertex	0.5181997166093288	0.5405779031047631	0.5621657061088619
log-power-percx.pathfinder.klw	Risky second	10.0	1.9667283754872122	p_vertex	0.545404928861741	0.5676751602603951	0.589165688975904
log-power-percx.pathfinder.klw	Risky second	10.0	2.021457235020777	p_vertex	0.5717553356017653	0.5939239026340927	0.6154127675846723
log-power-percx.pathfinder.klw	Risky second	10.0	2.0777090542589844	p_vertex	0.5969033176218307	0.6191000690817501	0.6406483333575115
log-power-percx.pathfinder.klw	Risky second	10.0	2.1355262131505808	p_vertex	0.620865658090129	0.6431030608014335	0.6649324916079986
log-power-percx.pathfinder.klw	Risky second	10.0	2.1949522709664246	p_vertex	0.6436482807113553	0.6659224701552666	0.6880019721696703
log-power-percx.pathfinder.klw	Risky second	10.0	2.256031999116908	p_vertex	0.6651162314281719	0.6876463084923081	0.709703922595888
log-power-percx.pathfinder.klw	Risky second	10.0	2.3188114148826	p_vertex	0.6856219695746573	0.7081184147271988	0.7300562270788638
log-power-percx.pathfinder.klw	Risky second	10.0	2.3833378160835275	p_vertex	0.7047625885940619	0.7274384379243869	0.7492129569337821
log-power-percx.pathfinder.klw	Risky second	10.0	2.4496598167132055	p_vertex	0.7229060104649893	0.7453667330247932	0.7672687584257926
log-power-percx.pathfinder.klw	Risky second	10.0	2.5178273835642724	p_vertex	0.7400343553376576	0.7621985016114744	0.783917849233148
log-power-percx.pathfinder.klw	Risky second	10.0	2.58789187387332	p_vertex	0.7560340928160523	0.7779716091027464	0.799262276205403
log-power-percx.pathfinder.klw	Risky second	10.0	2.659906074013276	p_vertex	0.7711206545806365	0.7926415410318843	0.8138250700924105
log-power-percx.pathfinder.klw	Risky second	10.0	2.7339242392624983	p_vertex	0.78509566726946	0.8063336107910204	0.8271923212273558
log-power-percx.pathfinder.klw	Risky second	10.0	2.8100021346805373	p_vertex	0.7981213644917023	0.819071287329463	0.8397646068247544
log-power-percx.pathfinder.klw	Risky second	10.0	2.8881970771213568	p_vertex	0.8101200501367116	0.8310881923824974	0.8514705316702252
log-power-percx.pathfinder.klw	Risky second	10.0	2.9685679784156793	p_vertex	0.8214813296264712	0.8422559067786537	0.862352849408944
log-power-percx.pathfinder.klw	Risky second	10.0	3.051175389754982	p_vertex	0.8322563105106239	0.8526208314130865	0.8726052374076299
log-power-percx.pathfinder.klw	Risky second	10.0	3.1360815473105736	p_vertex	0.8421317147169927	0.8623323138291275	0.882297993431126
log-power-percx.pathfinder.klw	Risky second	10.0	3.2233504191221405	p_vertex	0.8514477971936292	0.87143572101741	0.8910217998485368
log-power-percx.pathfinder.klw	Risky second	10.0	3.31304775329107	p_vertex	0.8600728512253787	0.8798594053487714	0.8991796081782579
log-power-percx.pathfinder.klw	Risky second	10.0	3.40524112751487	p_vertex	0.868116071075246	0.8877808058900867	0.9068616402793451
log-power-percx.pathfinder.klw	Risky second	10.0	3.5000000000000004	p_vertex	0.8756760830791777	0.8951567733080601	0.914012103270509
log-power-percx.pathfinder.klw	Risky second	10.0	1.2	p_full	0.13941233601138617	0.17126000639640704	0.2079508053915789
log-power-percx.pathfinder.klw	Risky second	10.0	1.233392832614218	p_full	0.1552494984153854	0.18720544405381548	0.2240230648481299
log-power-percx.pathfinder.klw	Risky second	10.0	1.267714899620104	p_full	0.1724194190907646	0.20416302383449675	0.24053525847884025
log-power-percx.pathfinder.klw	Risky second	10.0	1.3029920591580744	p_full	0.19041952900976095	0.22212499101741923	0.25787852491163893
log-power-percx.pathfinder.klw	Risky second	10.0	1.339250888932342	p_full	0.20960409874134	0.2412235515301655	0.27623253939590164
log-power-percx.pathfinder.klw	Risky second	10.0	1.3765187062344757	p_full	0.22966402258923574	0.2611671043674576	0.2954876150061313
log-power-percx.pathfinder.klw	Risky second	10.0	1.4148235885241658	p_full	0.25089414922342157	0.28198805801566373	0.31532498442578527
log-power-percx.pathfinder.klw	Risky second	10.0	1.454194394582695	p_full	0.2728303213369295	0.3034600370939644	0.3362739183631506
log-power-percx.pathfinder.klw	Risky second	10.0	1.4946607862550567	p_full	0.29567355694763026	0.3256706262254272	0.35766916923279335
log-power-percx.pathfinder.klw	Risky second	10.0	1.5362532507970992	p_full	0.31935395853649656	0.3486117447255984	0.379587676184009
log-power-percx.pathfinder.klw	Risky second	10.0	1.579003123844529	p_full	0.3436525679064962	0.3719641289817621	0.40192123149210934
log-power-percx.pathfinder.klw	Risky second	10.0	1.6229426130210856	p_full	0.36843082847117314	0.3957785313733587	0.42472848216320447
log-power-percx.pathfinder.klw	Risky second	10.0	1.6681048222036647	p_full	0.39335894366517704	0.419793808126942	0.44748295913642006
log-power-percx.pathfinder.klw	Risky second	10.0	1.714523776462679	p_full	0.4185602749839973	0.4440321346390129	0.4707266966153294
log-power-percx.pathfinder.klw	Risky second	10.0	1.7622344476964418	p_full	0.44341178126828373	0.4682234270258112	0.4940423469339054
log-power-percx.pathfinder.klw	Risky second	10.0	1.8112727809788889	p_full	0.4681331810155794	0.49234295075567924	0.517218877058861
log-power-percx.pathfinder.klw	Risky second	10.0	1.861675721640487	p_full	0.4927856275742883	0.5163195058405562	0.5405915949542792
log-power-percx.pathfinder.klw	Risky second	10.0	1.9134812431027324	p_full	0.5169587655450024	0.540019503078822	0.5637780455627553
log-power-percx.pathfinder.klw	Risky second	10.0	1.9667283754872122	p_full	0.5404944371706975	0.5632730272991529	0.5858953691679328
log-power-percx.pathfinder.klw	Risky second	10.0	2.021457235020777	p_full	0.5635067473362396	0.5860759475547865	0.6081258703137512
log-power-percx.pathfinder.klw	Risky second	10.0	2.0777090542589844	p_full	0.5856801706388066	0.6082596045833257	0.6299696219613861
log-power-percx.pathfinder.klw	Risky second	10.0	2.1355262131505808	p_full	0.6076815624363032	0.6297746875835277	0.6511922499291533
log-power-percx.pathfinder.klw	Risky second	10.0	2.1949522709664246	p_full	0.6286279874958138	0.6505955227135737	0.6717096353547307
log-power-percx.pathfinder.klw	Risky second	10.0	2.256031999116908	p_full	0.6487453012864985	0.6707048796019781	0.6914894270730979
log-power-percx.pathfinder.klw	Risky second	10.0	2.3188114148826	p_full	0.6682871785685375	0.6898803354458614	0.7106921259754703
log-power-percx.pathfinder.klw	Risky second	10.0	2.3833378160835275	p_full	0.6867249522476083	0.7083106453020755	0.7291378126799049
log-power-percx.pathfinder.klw	Risky second	10.0	2.4496598167132055	p_full	0.7042859915252712	0.7258042639700013	0.7463975771513028
log-power-percx.pathfinder.klw	Risky second	10.0	2.5178273835642724	p_full	0.7211585423875875	0.7424917851195363	0.7628780547970151
log-power-percx.pathfinder.klw	Risky second	10.0	2.58789187387332	p_full	0.7373496041524277	0.7583593945137517	0.7784809515748341
log-power-percx.pathfinder.klw	Risky second	10.0	2.659906074013276	p_full	0.7525816689885848	0.7733253882612998	0.7933088111995417
log-power-percx.pathfinder.klw	Risky second	10.0	2.7339242392624983	p_full	0.7669751357759655	0.7874421675519856	0.8071654294870514
log-power-percx.pathfinder.klw	Risky second	10.0	2.8100021346805373	p_full	0.780525530549117	0.8008470682166253	0.8199359195863084
log-power-percx.pathfinder.klw	Risky second	10.0	2.8881970771213568	p_full	0.7933211132473472	0.8133858679247861	0.8324962813914788
log-power-percx.pathfinder.klw	Risky second	10.0	2.9685679784156793	p_full	0.8055306609993858	0.8252168366045469	0.8439213081143463
log-power-percx.pathfinder.klw	Risky second	10.0	3.051175389754982	p_full	0.81691697056682	0.8363403378806173	0.8546822869968691
log-power-percx.pathfinder.klw	Risky second	10.0	3.1360815473105736	p_full	0.8277284236040208	0.8467358907874687	0.8647663571787982
log-power-percx.pathfinder.klw	Risky second	10.0	3.2233504191221405	p_full	0.8377864037521419	0.8565520759024552	0.8742043520693509
log-power-percx.pathfinder.klw	Risky second	10.0	3.31304775329107	p_full	0.847528218617945	0.8658001211336265	0.8830691139871376
log-power-percx.pathfinder.klw	Risky second	10.0	3.40524112751487	p_full	0.8566493181897119	0.8745098962909219	0.8913889853829053
log-power-percx.pathfinder.klw	Risky second	10.0	3.5000000000000004	p_full	0.8652420649830385	0.8826751909672528	0.8992609486656817
log-power-percx.pathfinder.klw	Risky second	10.0	1.2	p_bias_only	0.12861627744416285	0.1590843535490927	0.19435276658940345
log-power-percx.pathfinder.klw	Risky second	10.0	1.233392832614218	p_bias_only	0.144999685557334	0.17554968698586762	0.21093889263810442
log-power-percx.pathfinder.klw	Risky second	10.0	1.267714899620104	p_bias_only	0.1623225979864256	0.1931948138391612	0.2281531686947559
log-power-percx.pathfinder.klw	Risky second	10.0	1.3029920591580744	p_bias_only	0.18138126673845303	0.21203662322279526	0.2463172297106598
log-power-percx.pathfinder.klw	Risky second	10.0	1.339250888932342	p_bias_only	0.20133742315254521	0.2317724779990974	0.26571008973865895
log-power-percx.pathfinder.klw	Risky second	10.0	1.3765187062344757	p_bias_only	0.22213648141874162	0.25264741431875626	0.2860367416174812
log-power-percx.pathfinder.klw	Risky second	10.0	1.4148235885241658	p_bias_only	0.24410521953889255	0.2743167960737738	0.3071104648676994
log-power-percx.pathfinder.klw	Risky second	10.0	1.454194394582695	p_bias_only	0.2668777778501442	0.2969373329730327	0.32916150943251166
log-power-percx.pathfinder.klw	Risky second	10.0	1.4946607862550567	p_bias_only	0.290828723524289	0.3202485411904198	0.35209268640751007
log-power-percx.pathfinder.klw	Risky second	10.0	1.5362532507970992	p_bias_only	0.3152723992492066	0.34419834736127275	0.3752851737598584
log-power-percx.pathfinder.klw	Risky second	10.0	1.579003123844529	p_bias_only	0.3401876241653128	0.3686450199854493	0.39921940894246954
log-power-percx.pathfinder.klw	Risky second	10.0	1.6229426130210856	p_bias_only	0.3656664242310394	0.39361387826660454	0.42363906387794303
log-power-percx.pathfinder.klw	Risky second	10.0	1.6681048222036647	p_bias_only	0.39109783607390086	0.41876354505459057	0.4483467474629278
log-power-percx.pathfinder.klw	Risky second	10.0	1.714523776462679	p_bias_only	0.41699867008711605	0.4440798947736177	0.47308135277823904
log-power-percx.pathfinder.klw	Risky second	10.0	1.7622344476964418	p_bias_only	0.4427034309041684	0.4692605922771029	0.49758133066922916
log-power-percx.pathfinder.klw	Risky second	10.0	1.8112727809788889	p_bias_only	0.46839923259471516	0.49447122492740814	0.5224440224531586
log-power-percx.pathfinder.klw	Risky second	10.0	1.861675721640487	p_bias_only	0.49374076732943917	0.5193200289894239	0.5468794236367792
log-power-percx.pathfinder.klw	Risky second	10.0	1.9134812431027324	p_bias_only	0.5186790722095984	0.5438854930237251	0.5706946203124269
log-power-percx.pathfinder.klw	Risky second	10.0	1.9667283754872122	p_bias_only	0.5432762266968189	0.5678673561627939	0.5943462338093182
log-power-percx.pathfinder.klw	Risky second	10.0	2.021457235020777	p_bias_only	0.567041148320473	0.5914430069391536	0.6169744593100103
log-power-percx.pathfinder.klw	Risky second	10.0	2.0777090542589844	p_bias_only	0.590048832915713	0.6141984786892338	0.639023085008971
log-power-percx.pathfinder.klw	Risky second	10.0	2.1355262131505808	p_bias_only	0.6122088220817891	0.6360923974405476	0.6600885028781669
log-power-percx.pathfinder.klw	Risky second	10.0	2.1949522709664246	p_bias_only	0.6337137749886603	0.6572642852722536	0.6807701280991527
log-power-percx.pathfinder.klw	Risky second	10.0	2.256031999116908	p_bias_only	0.6542539026288842	0.6774855571229204	0.7004294736184606
log-power-percx.pathfinder.klw	Risky second	10.0	2.3188114148826	p_bias_only	0.6742344930701734	0.6968730648024364	0.7194653912315738
log-power-percx.pathfinder.klw	Risky second	10.0	2.3833378160835275	p_bias_only	0.6932687742373616	0.7153969975402479	0.7373274374423381
log-power-percx.pathfinder.klw	Risky second	10.0	2.4496598167132055	p_bias_only	0.711274242794375	0.732939668349585	0.7543784800474123
log-power-percx.pathfinder.klw	Risky second	10.0	2.5178273835642724	p_bias_only	0.728349477884088	0.7496210428357295	0.7705503550418418
log-power-percx.pathfinder.klw	Risky second	10.0	2.58789187387332	p_bias_only	0.7445187222419862	0.7653305860827745	0.7858605113314706
log-power-percx.pathfinder.klw	Risky second	10.0	2.659906074013276	p_bias_only	0.7600065400863963	0.7801680936606823	0.8001368846408242
log-power-percx.pathfinder.klw	Risky second	10.0	2.7339242392624983	p_bias_only	0.7744456439159395	0.7942231727057811	0.813589755064903
log-power-percx.pathfinder.klw	Risky second	10.0	2.8100021346805373	p_bias_only	0.7880920624684624	0.8074144536739278	0.8261420583273743
log-power-percx.pathfinder.klw	Risky second	10.0	2.8881970771213568	p_bias_only	0.8010834567142888	0.81988045052789	0.8381994876553478
log-power-percx.pathfinder.klw	Risky second	10.0	2.9685679784156793	p_bias_only	0.8131763876067765	0.8315168359883764	0.8493808824400527
log-power-percx.pathfinder.klw	Risky second	10.0	3.051175389754982	p_bias_only	0.8246386332453027	0.8424566640923787	0.8598791196250042
log-power-percx.pathfinder.klw	Risky second	10.0	3.1360815473105736	p_bias_only	0.8353077152703726	0.8528185165652549	0.8696378059585592
log-power-percx.pathfinder.klw	Risky second	10.0	3.2233504191221405	p_bias_only	0.8454763007920011	0.862538404485503	0.8789361326162517
log-power-percx.pathfinder.klw	Risky second	10.0	3.31304775329107	p_bias_only	0.854888727716853	0.8716324678097926	0.8875749292135675
log-power-percx.pathfinder.klw	Risky second	10.0	3.40524112751487	p_bias_only	0.8638180038650416	0.880180706320022	0.8957733271477037
log-power-percx.pathfinder.klw	Risky second	10.0	3.5000000000000004	p_bias_only	0.8721855578317369	0.8882602144346095	0.9033881927382416
log-power-percx.pathfinder.klw	Risky second	10.0	1.2	p_scale_only	0.11545273724757553	0.13891403753366616	0.16507332673231112
log-power-percx.pathfinder.klw	Risky second	10.0	1.233392832614218	p_scale_only	0.13098071038639272	0.15494681393747295	0.18114244153935058
log-power-percx.pathfinder.klw	Risky second	10.0	1.267714899620104	p_scale_only	0.14756478907659845	0.17228757997547361	0.19874259898361496
log-power-percx.pathfinder.klw	Risky second	10.0	1.3029920591580744	p_scale_only	0.16578357696825752	0.19097083389867692	0.217333431860158
log-power-percx.pathfinder.klw	Risky second	10.0	1.339250888932342	p_scale_only	0.18532523432739179	0.21073909042382685	0.23709775606177017
log-power-percx.pathfinder.klw	Risky second	10.0	1.3765187062344757	p_scale_only	0.20633156569514363	0.23168403458897693	0.2579182025299922
log-power-percx.pathfinder.klw	Risky second	10.0	1.4148235885241658	p_scale_only	0.22840526418356433	0.2538440739144714	0.2797019836021909
log-power-percx.pathfinder.klw	Risky second	10.0	1.454194394582695	p_scale_only	0.25174844688550707	0.2771007026380192	0.30280620811463776
log-power-percx.pathfinder.klw	Risky second	10.0	1.4946607862550567	p_scale_only	0.27584164722977106	0.3011487742072204	0.32679792890520737
log-power-percx.pathfinder.klw	Risky second	10.0	1.5362532507970992	p_scale_only	0.30059514759353545	0.325999747203602	0.3511759986318284
log-power-percx.pathfinder.klw	Risky second	10.0	1.579003123844529	p_scale_only	0.32611450558117955	0.3514823750672309	0.37595288799080234
log-power-percx.pathfinder.klw	Risky second	10.0	1.6229426130210856	p_scale_only	0.3524572754759702	0.3774122587071227	0.40138515571157857
log-power-percx.pathfinder.klw	Risky second	10.0	1.6681048222036647	p_scale_only	0.3791063682305852	0.4036746012131967	0.427008530186235
log-power-percx.pathfinder.klw	Risky second	10.0	1.714523776462679	p_scale_only	0.4059728660088699	0.4300656806829352	0.45266423267025974
log-power-percx.pathfinder.klw	Risky second	10.0	1.7622344476964418	p_scale_only	0.43287612996017644	0.45657625107534433	0.47836590987285454
log-power-percx.pathfinder.klw	Risky second	10.0	1.8112727809788889	p_scale_only	0.45956069861784427	0.4829250634451611	0.5043953076788317
log-power-percx.pathfinder.klw	Risky second	10.0	1.861675721640487	p_scale_only	0.48608904024148786	0.5090466257356032	0.5299553417841606
log-power-percx.pathfinder.klw	Risky second	10.0	1.9134812431027324	p_scale_only	0.5119673291827069	0.534655110808144	0.5552034560084199
log-power-percx.pathfinder.klw	Risky second	10.0	1.9667283754872122	p_scale_only	0.5377379214905984	0.5597075261557638	0.5800836297600491
log-power-percx.pathfinder.klw	Risky second	10.0	2.021457235020777	p_scale_only	0.5625625036600624	0.5840958996792185	0.6043254464598132
log-power-percx.pathfinder.klw	Risky second	10.0	2.0777090542589844	p_scale_only	0.5866060868686561	0.6077740447666018	0.6279003336724253
log-power-percx.pathfinder.klw	Risky second	10.0	2.1355262131505808	p_scale_only	0.6096533607788468	0.6305987878498691	0.650375007024107
log-power-percx.pathfinder.klw	Risky second	10.0	2.1949522709664246	p_scale_only	0.6320503459389387	0.6525380908094837	0.6722075187155382
log-power-percx.pathfinder.klw	Risky second	10.0	2.256031999116908	p_scale_only	0.6535018995575339	0.6735440773386788	0.6929629701310712
log-power-percx.pathfinder.klw	Risky second	10.0	2.3188114148826	p_scale_only	0.6738183815082758	0.6936319365890979	0.7131634677155488
log-power-percx.pathfinder.klw	Risky second	10.0	2.3833378160835275	p_scale_only	0.6931659473811884	0.7127864717211154	0.7322535120462986
log-power-percx.pathfinder.klw	Risky second	10.0	2.4496598167132055	p_scale_only	0.7113220090661329	0.7308808918002858	0.7504225084966203
log-power-percx.pathfinder.klw	Risky second	10.0	2.5178273835642724	p_scale_only	0.7286931581532954	0.747979550378145	0.7674420248081315
log-power-percx.pathfinder.klw	Risky second	10.0	2.58789187387332	p_scale_only	0.7450342207636427	0.7641296139895228	0.7836357379663129
log-power-percx.pathfinder.klw	Risky second	10.0	2.659906074013276	p_scale_only	0.760266390168984	0.7793722654561807	0.7986767138910889
log-power-percx.pathfinder.klw	Risky second	10.0	2.7339242392624983	p_scale_only	0.774515475482179	0.7936437211908267	0.8128882460016036
log-power-percx.pathfinder.klw	Risky second	10.0	2.8100021346805373	p_scale_only	0.7879845167014624	0.8071196640267291	0.825970227189781
log-power-percx.pathfinder.klw	Risky second	10.0	2.8881970771213568	p_scale_only	0.8004615245326534	0.8196843717439769	0.8384259703558226
log-power-percx.pathfinder.klw	Risky second	10.0	2.9685679784156793	p_scale_only	0.8124463619974001	0.8314937572744785	0.8498546458987336
log-power-percx.pathfinder.klw	Risky second	10.0	3.051175389754982	p_scale_only	0.8236194097290795	0.8425359503160907	0.8608337952308214
log-power-percx.pathfinder.klw	Risky second	10.0	3.1360815473105736	p_scale_only	0.8339525758676892	0.852799329558775	0.8710264112826832
log-power-percx.pathfinder.klw	Risky second	10.0	3.2233504191221405	p_scale_only	0.8437090790706514	0.8625022931726043	0.8805987371192254
log-power-percx.pathfinder.klw	Risky second	10.0	3.31304775329107	p_scale_only	0.8528892961524531	0.8715311004249158	0.8892586166464521
log-power-percx.pathfinder.klw	Risky second	10.0	3.40524112751487	p_scale_only	0.8614391166831346	0.8799213801725931	0.8976611777877122
log-power-percx.pathfinder.klw	Risky second	10.0	3.5000000000000004	p_scale_only	0.8693351644003451	0.8878066593221695	0.9052966651951094
log-power-percx.pathfinder.klw	Risky second	10.0	1.2	dp_full	0.01975497711076753	0.05040278592776855	0.08385358956962326
log-power-percx.pathfinder.klw	Risky second	10.0	1.233392832614218	dp_full	0.020477953612566553	0.05099013011192058	0.08450880691255426
log-power-percx.pathfinder.klw	Risky second	10.0	1.267714899620104	dp_full	0.020858134234132308	0.051277443517142744	0.08426981249786097
log-power-percx.pathfinder.klw	Risky second	10.0	1.3029920591580744	dp_full	0.020848468917174245	0.05087224951640015	0.08311999110399645
log-power-percx.pathfinder.klw	Risky second	10.0	1.339250888932342	dp_full	0.020605107458105253	0.04990488080459589	0.08131867522004615
log-power-percx.pathfinder.klw	Risky second	10.0	1.3765187062344757	dp_full	0.019956129264654433	0.048305479141224655	0.07849928944548322
log-power-percx.pathfinder.klw	Risky second	10.0	1.4148235885241658	dp_full	0.018962774456605793	0.04609965654465294	0.07487887599189286
log-power-percx.pathfinder.klw	Risky second	10.0	1.454194394582695	dp_full	0.017914300780678596	0.04335600497506424	0.07047860586381283
log-power-percx.pathfinder.klw	Risky second	10.0	1.4946607862550567	dp_full	0.01631648981305318	0.040016627274011146	0.06534175430968449
log-power-percx.pathfinder.klw	Risky second	10.0	1.5362532507970992	dp_full	0.01468994151777079	0.03623024978586692	0.05957164024374777
log-power-percx.pathfinder.klw	Risky second	10.0	1.579003123844529	dp_full	0.012952314913620104	0.0319793136316404	0.05310961255357518
log-power-percx.pathfinder.klw	Risky second	10.0	1.6229426130210856	dp_full	0.010936876996831086	0.027390981454285715	0.04612099340033736
log-power-percx.pathfinder.klw	Risky second	10.0	1.6681048222036647	dp_full	0.008462183936001871	0.022578955439159096	0.038648163691429385
log-power-percx.pathfinder.klw	Risky second	10.0	1.714523776462679	dp_full	0.005638146716099858	0.01773263952747637	0.031511796953688095
log-power-percx.pathfinder.klw	Risky second	10.0	1.7622344476964418	dp_full	0.00245671901402784	0.012946299152391485	0.024857356829650106
log-power-percx.pathfinder.klw	Risky second	10.0	1.8112727809788889	dp_full	-0.0014490641045588034	0.008193564550037002	0.018816251855195632
log-power-percx.pathfinder.klw	Risky second	10.0	1.861675721640487	dp_full	-0.005820112416717682	0.0036977440778664	0.013888987090919305
log-power-percx.pathfinder.klw	Risky second	10.0	1.9134812431027324	dp_full	-0.010874540783991488	-0.0005316098358207851	0.010038088299061092
log-power-percx.pathfinder.klw	Risky second	10.0	1.9667283754872122	dp_full	-0.015997997632697485	-0.004382693916694744	0.0073240027507741785
log-power-percx.pathfinder.klw	Risky second	10.0	2.021457235020777	dp_full	-0.02125203500839878	-0.007888018395534857	0.005388029649448414
log-power-percx.pathfinder.klw	Risky second	10.0	2.0777090542589844	dp_full	-0.025888764042903956	-0.010884543443047987	0.004250191002494756
log-power-percx.pathfinder.klw	Risky second	10.0	2.1355262131505808	dp_full	-0.030105873415608306	-0.013433967640897014	0.003431329762842167
log-power-percx.pathfinder.klw	Risky second	10.0	2.1949522709664246	dp_full	-0.03352642712715695	-0.015525775958582014	0.002935019806076606
log-power-percx.pathfinder.klw	Risky second	10.0	2.256031999116908	dp_full	-0.03654200998617698	-0.017152001698272322	0.002597347921847406
log-power-percx.pathfinder.klw	Risky second	10.0	2.3188114148826	dp_full	-0.0388254710024871	-0.018477055955218383	0.0025835644183025545
log-power-percx.pathfinder.klw	Risky second	10.0	2.3833378160835275	dp_full	-0.040528441275579696	-0.01930128467953978	0.002752684936568004
log-power-percx.pathfinder.klw	Risky second	10.0	2.4496598167132055	dp_full	-0.04154373626941577	-0.019764202556148094	0.0030814858225926044
log-power-percx.pathfinder.klw	Risky second	10.0	2.5178273835642724	dp_full	-0.04244563883806378	-0.02004024854400665	0.0034437972488332996
log-power-percx.pathfinder.klw	Risky second	10.0	2.58789187387332	dp_full	-0.042770208089438766	-0.01994497135095131	0.003768478415165612
log-power-percx.pathfinder.klw	Risky second	10.0	2.659906074013276	dp_full	-0.042575421842550684	-0.019673671017437812	0.004331622729907626
log-power-percx.pathfinder.klw	Risky second	10.0	2.7339242392624983	dp_full	-0.042189525416170305	-0.019236430629102602	0.004853683335944036
log-power-percx.pathfinder.klw	Risky second	10.0	2.8100021346805373	dp_full	-0.04159828965895793	-0.018653917733883963	0.005398374354633995
log-power-percx.pathfinder.klw	Risky second	10.0	2.8881970771213568	dp_full	-0.04096349091829844	-0.018023363058123427	0.005960491174289569
log-power-percx.pathfinder.klw	Risky second	10.0	2.9685679784156793	dp_full	-0.0400735435442197	-0.017309012347979415	0.006730555865670184
log-power-percx.pathfinder.klw	Risky second	10.0	3.051175389754982	dp_full	-0.039247951181798364	-0.016560378002554277	0.007291092216707129
log-power-percx.pathfinder.klw	Risky second	10.0	3.1360815473105736	dp_full	-0.03824183766503523	-0.015770820366509085	0.007797339416580599
log-power-percx.pathfinder.klw	Risky second	10.0	3.2233504191221405	dp_full	-0.03716246193628879	-0.014926984149400867	0.008432722047893635
log-power-percx.pathfinder.klw	Risky second	10.0	3.31304775329107	dp_full	-0.03623363949957738	-0.014167353307218113	0.008958672299805752
log-power-percx.pathfinder.klw	Risky second	10.0	3.40524112751487	dp_full	-0.035135042122855294	-0.013329365337614755	0.009373266279750792
log-power-percx.pathfinder.klw	Risky second	10.0	3.5000000000000004	dp_full	-0.034120279957633524	-0.012479238841509397	0.0100092721957493
log-power-percx.pathfinder.klw	Risky second	10.0	1.2	dp_bias	0.014726003490473465	0.037948250862491616	0.06767917520577073
log-power-percx.pathfinder.klw	Risky second	10.0	1.233392832614218	dp_bias	0.01544178872447043	0.03912450259066187	0.06868653402164279
log-power-percx.pathfinder.klw	Risky second	10.0	1.267714899620104	dp_bias	0.016069175491770324	0.039949634813080934	0.06938203194088119
log-power-percx.pathfinder.klw	Risky second	10.0	1.3029920591580744	dp_bias	0.016475753376138547	0.0403644241621949	0.06929111866741187
log-power-percx.pathfinder.klw	Risky second	10.0	1.339250888932342	dp_bias	0.016728366204175157	0.04022854038003351	0.06850164786962072
log-power-percx.pathfinder.klw	Risky second	10.0	1.3765187062344757	dp_bias	0.0164872993144972	0.039596092350932324	0.06725061669852996
log-power-percx.pathfinder.klw	Risky second	10.0	1.4148235885241658	dp_bias	0.015790992846447797	0.03829325570073182	0.06494128783740558
log-power-percx.pathfinder.klw	Risky second	10.0	1.454194394582695	dp_bias	0.014920425476015346	0.03656490976905431	0.06224201466779059
log-power-percx.pathfinder.klw	Risky second	10.0	1.4946607862550567	dp_bias	0.013888394586242074	0.034340343703533255	0.05877736446174795
log-power-percx.pathfinder.klw	Risky second	10.0	1.5362532507970992	dp_bias	0.012500239898854718	0.03169307988762987	0.0546991142257343
log-power-percx.pathfinder.klw	Risky second	10.0	1.579003123844529	dp_bias	0.010584357419464185	0.028616150563553003	0.05005816157795753
log-power-percx.pathfinder.klw	Risky second	10.0	1.6229426130210856	dp_bias	0.00840218802259385	0.025293126056865244	0.04529798454684195
log-power-percx.pathfinder.klw	Risky second	10.0	1.6681048222036647	dp_bias	0.0057337169391981566	0.02176205225862183	0.04025549730962059
log-power-percx.pathfinder.klw	Risky second	10.0	1.714523776462679	dp_bias	0.00320058582630367	0.018110790601219937	0.03516608022283125
log-power-percx.pathfinder.klw	Risky second	10.0	1.7622344476964418	dp_bias	0.0003208080665113137	0.014349677852039455	0.030304574929774418
log-power-percx.pathfinder.klw	Risky second	10.0	1.8112727809788889	dp_bias	-0.0029956852030984804	0.010595211123347312	0.02571430527122781
log-power-percx.pathfinder.klw	Risky second	10.0	1.861675721640487	dp_bias	-0.006436651901114708	0.006973346709583427	0.021650731623333554
log-power-percx.pathfinder.klw	Risky second	10.0	1.9134812431027324	dp_bias	-0.010126529492716937	0.0035817823366727387	0.01781081396726569
log-power-percx.pathfinder.klw	Risky second	10.0	1.9667283754872122	dp_bias	-0.013726791840912049	0.0004713979267158275	0.014672840637235599
log-power-percx.pathfinder.klw	Risky second	10.0	2.021457235020777	dp_bias	-0.016951020749522205	-0.0023891585771702805	0.012169555380503598
log-power-percx.pathfinder.klw	Risky second	10.0	2.0777090542589844	dp_bias	-0.020150950567444315	-0.004881725265711633	0.010064597437310531
log-power-percx.pathfinder.klw	Risky second	10.0	2.1355262131505808	dp_bias	-0.023053329777927546	-0.006996188009761704	0.008405451877144133
log-power-percx.pathfinder.klw	Risky second	10.0	2.1949522709664246	dp_bias	-0.02534633714439	-0.008810155995007288	0.007007927555182239
log-power-percx.pathfinder.klw	Risky second	10.0	2.256031999116908	dp_bias	-0.02716025320660202	-0.010162270597307396	0.006145760098052207
log-power-percx.pathfinder.klw	Risky second	10.0	2.3188114148826	dp_bias	-0.028787972371605294	-0.011212010830831249	0.005762419802779511
log-power-percx.pathfinder.klw	Risky second	10.0	2.3833378160835275	dp_bias	-0.02991641924886211	-0.011970279529665218	0.00558810840461586
log-power-percx.pathfinder.klw	Risky second	10.0	2.4496598167132055	dp_bias	-0.030912682581316672	-0.012440115135331126	0.005289233721053085
log-power-percx.pathfinder.klw	Risky second	10.0	2.5178273835642724	dp_bias	-0.031404136579606085	-0.012656081611537685	0.005448832677448503
log-power-percx.pathfinder.klw	Risky second	10.0	2.58789187387332	dp_bias	-0.03143917738303368	-0.012648134893743715	0.005480520624328075
log-power-percx.pathfinder.klw	Risky second	10.0	2.659906074013276	dp_bias	-0.03141595555952819	-0.012436942715848701	0.005759147859896981
log-power-percx.pathfinder.klw	Risky second	10.0	2.7339242392624983	dp_bias	-0.031079867558061886	-0.012127212218233355	0.0060724854112537315
log-power-percx.pathfinder.klw	Risky second	10.0	2.8100021346805373	dp_bias	-0.03063682456784379	-0.011695502884906936	0.006582346811520098
log-power-percx.pathfinder.klw	Risky second	10.0	2.8881970771213568	dp_bias	-0.030135835774609848	-0.011194424968254891	0.007084213976067938
log-power-percx.pathfinder.klw	Risky second	10.0	2.9685679784156793	dp_bias	-0.02956134191540268	-0.010646936558710247	0.007632134745066808
log-power-percx.pathfinder.klw	Risky second	10.0	3.051175389754982	dp_bias	-0.028868919018398966	-0.010104876631716796	0.008315985001381507
log-power-percx.pathfinder.klw	Risky second	10.0	3.1360815473105736	dp_bias	-0.028145813475323543	-0.009518808951051363	0.008999230514260268
log-power-percx.pathfinder.klw	Risky second	10.0	3.2233504191221405	dp_bias	-0.02755519195174717	-0.008884240400218197	0.009656743596146388
log-power-percx.pathfinder.klw	Risky second	10.0	3.31304775329107	dp_bias	-0.026745621137179394	-0.008290863473001151	0.010361302868412452
log-power-percx.pathfinder.klw	Risky second	10.0	3.40524112751487	dp_bias	-0.025857156081836433	-0.007637605748904479	0.010998592176547277
log-power-percx.pathfinder.klw	Risky second	10.0	3.5000000000000004	dp_bias	-0.024945223164140475	-0.0069608880334432	0.011689391638556637
log-power-percx.pathfinder.klw	Risky second	10.0	1.2	dp_scale	0.006220333212507735	0.018272715143586013	0.03195475637444822
log-power-percx.pathfinder.klw	Risky second	10.0	1.233392832614218	dp_scale	0.006556823408352623	0.018923067185779293	0.03273751647511752
log-power-percx.pathfinder.klw	Risky second	10.0	1.267714899620104	dp_scale	0.006633165913123433	0.01929484514211284	0.03331949922599445
log-power-percx.pathfinder.klw	Risky second	10.0	1.3029920591580744	dp_scale	0.006831968743292499	0.019403076810093525	0.033459097700813366
log-power-percx.pathfinder.klw	Risky second	10.0	1.339250888932342	dp_scale	0.0067547584413052185	0.01925314182510873	0.03318173080310117
log-power-percx.pathfinder.klw	Risky second	10.0	1.3765187062344757	dp_scale	0.006479665307894145	0.018724873695565893	0.032258773225787254
log-power-percx.pathfinder.klw	Risky second	10.0	1.4148235885241658	dp_scale	0.006115188240498876	0.017887632198259062	0.030973832225729272
log-power-percx.pathfinder.klw	Risky second	10.0	1.454194394582695	dp_scale	0.005383797605788134	0.016705431123599224	0.029065168080219465
log-power-percx.pathfinder.klw	Risky second	10.0	1.4946607862550567	dp_scale	0.004576175355298738	0.015162437424964719	0.026698891537794343
log-power-percx.pathfinder.klw	Risky second	10.0	1.5362532507970992	dp_scale	0.0035901218712015228	0.013328715558380156	0.023974400029204198
log-power-percx.pathfinder.klw	Risky second	10.0	1.579003123844529	dp_scale	0.0025250183799035357	0.011176801707435683	0.020752638782085848
log-power-percx.pathfinder.klw	Risky second	10.0	1.6229426130210856	dp_scale	0.001227059958913882	0.008825094366180727	0.01706215946742385
log-power-percx.pathfinder.klw	Risky second	10.0	1.6681048222036647	dp_scale	-0.0002013504988590531	0.006316628233897554	0.013303121985153488
log-power-percx.pathfinder.klw	Risky second	10.0	1.714523776462679	dp_scale	-0.0018230928284717663	0.003740626164828789	0.009722405325164359
log-power-percx.pathfinder.klw	Risky second	10.0	1.7622344476964418	dp_scale	-0.003901063647532285	0.001125917419799518	0.006404371502309722
log-power-percx.pathfinder.klw	Risky second	10.0	1.8112727809788889	dp_scale	-0.006358282217946925	-0.001463297376613945	0.003459258160877244
log-power-percx.pathfinder.klw	Risky second	10.0	1.861675721640487	dp_scale	-0.009353246865788088	-0.003853836643871285	0.0010913895040756503
log-power-percx.pathfinder.klw	Risky second	10.0	1.9134812431027324	dp_scale	-0.012498152200598292	-0.00608307156698884	-0.0006080284632080838
log-power-percx.pathfinder.klw	Risky second	10.0	1.9667283754872122	dp_scale	-0.015398255885082425	-0.00808461697401313	-0.0018500926109318498
log-power-percx.pathfinder.klw	Risky second	10.0	2.021457235020777	dp_scale	-0.018017816227767925	-0.009821333832758763	-0.0028933917980503874
log-power-percx.pathfinder.klw	Risky second	10.0	2.0777090542589844	dp_scale	-0.020285808891737058	-0.011285585811277882	-0.0036718028387737354
log-power-percx.pathfinder.klw	Risky second	10.0	2.1355262131505808	dp_scale	-0.02212217521666508	-0.012434820982963652	-0.004242346731918465
log-power-percx.pathfinder.klw	Risky second	10.0	2.1949522709664246	dp_scale	-0.023427131094196186	-0.013324444019393825	-0.004605709331016447
log-power-percx.pathfinder.klw	Risky second	10.0	2.256031999116908	dp_scale	-0.024476464146143604	-0.013930189777122293	-0.004821244571328944
log-power-percx.pathfinder.klw	Risky second	10.0	2.3188114148826	dp_scale	-0.025094959810585873	-0.014262448771942583	-0.0049213485787755916
log-power-percx.pathfinder.klw	Risky second	10.0	2.3833378160835275	dp_scale	-0.025340375926651122	-0.01434794823447685	-0.004806219059395184
log-power-percx.pathfinder.klw	Risky second	10.0	2.4496598167132055	dp_scale	-0.025283951018259615	-0.014236525448214046	-0.004553295308322381
log-power-percx.pathfinder.klw	Risky second	10.0	2.5178273835642724	dp_scale	-0.025046618261136612	-0.013969588536830467	-0.004299216620303184
log-power-percx.pathfinder.klw	Risky second	10.0	2.58789187387332	dp_scale	-0.024632433798365373	-0.0136255151155734	-0.003994896814153667
log-power-percx.pathfinder.klw	Risky second	10.0	2.659906074013276	dp_scale	-0.02398568588780533	-0.0131318576293222	-0.0035637415809706163
log-power-percx.pathfinder.klw	Risky second	10.0	2.7339242392624983	dp_scale	-0.02313557630241557	-0.01252480436070156	-0.003130026369918329
log-power-percx.pathfinder.klw	Risky second	10.0	2.8100021346805373	dp_scale	-0.022214662017468467	-0.011913118875210321	-0.002664310620042063
log-power-percx.pathfinder.klw	Risky second	10.0	2.8881970771213568	dp_scale	-0.021177300242316507	-0.011282614882146467	-0.002234053876340051
log-power-percx.pathfinder.klw	Risky second	10.0	2.9685679784156793	dp_scale	-0.020011400619325517	-0.01059286264941427	-0.0018589797094089573
log-power-percx.pathfinder.klw	Risky second	10.0	3.051175389754982	dp_scale	-0.018851653136748164	-0.00993177216683335	-0.0014944009956422294
log-power-percx.pathfinder.klw	Risky second	10.0	3.1360815473105736	dp_scale	-0.0178330461866214	-0.009324387401805072	-0.0012697380919968904
log-power-percx.pathfinder.klw	Risky second	10.0	3.2233504191221405	dp_scale	-0.016974029931250773	-0.008750512761502686	-0.0010034271230208965
log-power-percx.pathfinder.klw	Risky second	10.0	3.31304775329107	dp_scale	-0.01615889493102516	-0.008216760499025214	-0.0008444168424540343
log-power-percx.pathfinder.klw	Risky second	10.0	3.40524112751487	dp_scale	-0.015368262020400276	-0.007719810502013853	-0.0006383706511369284
log-power-percx.pathfinder.klw	Risky second	10.0	3.5000000000000004	dp_scale	-0.014605920564038007	-0.0072653853132006695	-0.0004427349113115419
log-power-percx.pathfinder.klw	Risky second	10.0	1.2	dp_interaction	-0.014608276790042255	-0.005856264078714389	-0.0009090418248797345
log-power-percx.pathfinder.klw	Risky second	10.0	1.233392832614218	dp_interaction	-0.015929421418879475	-0.007035871893244009	-0.0017842951224786192
log-power-percx.pathfinder.klw	Risky second	10.0	1.267714899620104	dp_interaction	-0.01720192963859975	-0.008035446361140479	-0.0024796743528696895
log-power-percx.pathfinder.klw	Risky second	10.0	1.3029920591580744	dp_interaction	-0.01820186947886632	-0.00893260067502431	-0.0031057930390231037
log-power-percx.pathfinder.klw	Risky second	10.0	1.339250888932342	dp_interaction	-0.018821478253640122	-0.00960016924658489	-0.0035027381433298532
log-power-percx.pathfinder.klw	Risky second	10.0	1.3765187062344757	dp_interaction	-0.01924754023414249	-0.009994104193491449	-0.003805557183828271
log-power-percx.pathfinder.klw	Risky second	10.0	1.4148235885241658	dp_interaction	-0.019065306363966052	-0.010127831366963594	-0.003938554335727459
log-power-percx.pathfinder.klw	Risky second	10.0	1.454194394582695	dp_interaction	-0.018665010568429476	-0.009968320308897802	-0.003945498035276133
log-power-percx.pathfinder.klw	Risky second	10.0	1.4946607862550567	dp_interaction	-0.01788629322716416	-0.009488756493911888	-0.0037945517208424076
log-power-percx.pathfinder.klw	Risky second	10.0	1.5362532507970992	dp_interaction	-0.016722296180036095	-0.008773632024402608	-0.003467372956116844
log-power-percx.pathfinder.klw	Risky second	10.0	1.579003123844529	dp_interaction	-0.015123838734814198	-0.007818717632235184	-0.002985906311636797
log-power-percx.pathfinder.klw	Risky second	10.0	1.6229426130210856	dp_interaction	-0.013324626613238714	-0.0066290481095878685	-0.0023652441995469
log-power-percx.pathfinder.klw	Risky second	10.0	1.6681048222036647	dp_interaction	-0.011282122163224525	-0.005291637793831094	-0.0015489713004760036
log-power-percx.pathfinder.klw	Risky second	10.0	1.714523776462679	dp_interaction	-0.008988287441615232	-0.0038298153086058564	-0.0006123815704890739
log-power-percx.pathfinder.klw	Risky second	10.0	1.7622344476964418	dp_interaction	-0.006777071816426139	-0.0023187095249234523	0.0006439461508126342
log-power-percx.pathfinder.klw	Risky second	10.0	1.8112727809788889	dp_interaction	-0.004754648258460566	-0.0008584400156896178	0.0021447352845725748
log-power-percx.pathfinder.klw	Risky second	10.0	1.861675721640487	dp_interaction	-0.0028335453780411607	0.0005438919458560772	0.003939939601528067
log-power-percx.pathfinder.klw	Risky second	10.0	1.9134812431027324	dp_interaction	-0.0012028705039227826	0.001858388014328596	0.005765080792862484
log-power-percx.pathfinder.klw	Risky second	10.0	1.9667283754872122	dp_interaction	5.519947676414631e-05	0.0031015037978820315	0.0075436244863933445
log-power-percx.pathfinder.klw	Risky second	10.0	2.021457235020777	dp_interaction	0.0009844120214762685	0.004207262872902527	0.009167723661115134
log-power-percx.pathfinder.klw	Risky second	10.0	2.0777090542589844	dp_interaction	0.0016834542627880264	0.005137679884801263	0.010608558711525138
log-power-percx.pathfinder.klw	Risky second	10.0	2.1355262131505808	dp_interaction	0.0021824041518205936	0.0058869848026883095	0.011735561097842333
log-power-percx.pathfinder.klw	Risky second	10.0	2.1949522709664246	dp_interaction	0.0024980925923442712	0.006458019676538281	0.012686891878221564
log-power-percx.pathfinder.klw	Risky second	10.0	2.256031999116908	dp_interaction	0.0026972546893491408	0.0068483251163428405	0.013263529546576275
log-power-percx.pathfinder.klw	Risky second	10.0	2.3188114148826	dp_interaction	0.0028038801884015824	0.007061277367857632	0.01361228115329876
log-power-percx.pathfinder.klw	Risky second	10.0	2.3833378160835275	dp_interaction	0.002807053650964132	0.007091368021074211	0.013685025228418746
log-power-percx.pathfinder.klw	Risky second	10.0	2.4496598167132055	dp_interaction	0.0027572274841950765	0.006993003875651453	0.01349202744725325
log-power-percx.pathfinder.klw	Risky second	10.0	2.5178273835642724	dp_interaction	0.002619882683433758	0.006786754182675383	0.013176725483624667
log-power-percx.pathfinder.klw	Risky second	10.0	2.58789187387332	dp_interaction	0.0024129837802317677	0.006464359297058744	0.012689706189804471
log-power-percx.pathfinder.klw	Risky second	10.0	2.659906074013276	dp_interaction	0.002187028947703393	0.006079820867890249	0.012100385793861568
log-power-percx.pathfinder.klw	Risky second	10.0	2.7339242392624983	dp_interaction	0.0019230167847609327	0.005634093307725529	0.011323541142459762
log-power-percx.pathfinder.klw	Risky second	10.0	2.8100021346805373	dp_interaction	0.001630795542770111	0.005127225736348635	0.010541485214607304
log-power-percx.pathfinder.klw	Risky second	10.0	2.8881970771213568	dp_interaction	0.0013712065103605535	0.004622549405309229	0.00975537503114359
log-power-percx.pathfinder.klw	Risky second	10.0	2.9685679784156793	dp_interaction	0.0010881363681009158	0.004123546168027447	0.008916508335832733
log-power-percx.pathfinder.klw	Risky second	10.0	3.051175389754982	dp_interaction	0.0007715600767323517	0.0036330030652409586	0.00806253128780354
log-power-percx.pathfinder.klw	Risky second	10.0	3.1360815473105736	dp_interaction	0.0004334081863811059	0.0031753064488860465	0.007334025525479149
log-power-percx.pathfinder.klw	Risky second	10.0	3.2233504191221405	dp_interaction	8.932881127023931e-05	0.002729383028584458	0.006695891792420002
log-power-percx.pathfinder.klw	Risky second	10.0	3.31304775329107	dp_interaction	-0.00027156219163282884	0.002324538499580751	0.006200707036975982
log-power-percx.pathfinder.klw	Risky second	10.0	3.40524112751487	dp_interaction	-0.0005996063557216627	0.0019602900965071017	0.0058011625703864355
log-power-percx.pathfinder.klw	Risky second	10.0	3.5000000000000004	dp_interaction	-0.00096576388830987	0.001614954071937434	0.0054092507509383705
log-power-percx.pathfinder.klw	Risky second	10.0	1.2	num_shift	0.0048991273740102365	0.02533193123397283	0.0500056344591316
log-power-percx.pathfinder.klw	Risky second	10.0	1.233392832614218	num_shift	0.0042824201656690005	0.02401046537155241	0.04778089602428712
log-power-percx.pathfinder.klw	Risky second	10.0	1.267714899620104	num_shift	0.003687972853373777	0.022615672184576073	0.04544310054497282
log-power-percx.pathfinder.klw	Risky second	10.0	1.3029920591580744	num_shift	0.0030885637541804073	0.021301086701239064	0.04343555321855641
log-power-percx.pathfinder.klw	Risky second	10.0	1.339250888932342	num_shift	0.0022131877420626545	0.02007739705570162	0.0412655159758992
log-power-percx.pathfinder.klw	Risky second	10.0	1.3765187062344757	num_shift	0.0015136259927731053	0.01883290858243729	0.03924086439081449
log-power-percx.pathfinder.klw	Risky second	10.0	1.4148235885241658	num_shift	0.0008655183238556675	0.017630606023715995	0.037299884280603025
log-power-percx.pathfinder.klw	Risky second	10.0	1.454194394582695	num_shift	0.00016922795263783866	0.016418026942292663	0.035530663498089636
log-power-percx.pathfinder.klw	Risky second	10.0	1.4946607862550567	num_shift	-0.0006451290682524297	0.015229113876861811	0.0336599880059127
log-power-percx.pathfinder.klw	Risky second	10.0	1.5362532507970992	num_shift	-0.0015070934544345873	0.014076829906148072	0.032018779192588664
log-power-percx.pathfinder.klw	Risky second	10.0	1.579003123844529	num_shift	-0.0022677453136169946	0.012972980015485714	0.030402469833758907
log-power-percx.pathfinder.klw	Risky second	10.0	1.6229426130210856	num_shift	-0.003151095684660463	0.011830141594103016	0.029034559104156716
log-power-percx.pathfinder.klw	Risky second	10.0	1.6681048222036647	num_shift	-0.003892755161762748	0.010798098269633283	0.02757621296262862
log-power-percx.pathfinder.klw	Risky second	10.0	1.714523776462679	num_shift	-0.004774688410017406	0.009800635184265858	0.026081549721695248
log-power-percx.pathfinder.klw	Risky second	10.0	1.7622344476964418	num_shift	-0.0055594546300387375	0.008813577754245547	0.024697559932954912
log-power-percx.pathfinder.klw	Risky second	10.0	1.8112727809788889	num_shift	-0.006361878581882414	0.007960782515366121	0.023523850801899785
log-power-percx.pathfinder.klw	Risky second	10.0	1.861675721640487	num_shift	-0.007245430473336673	0.0070909683897221795	0.022525095819630636
log-power-percx.pathfinder.klw	Risky second	10.0	1.9134812431027324	num_shift	-0.008068853280534017	0.006291811129772642	0.02187963236409857
log-power-percx.pathfinder.klw	Risky second	10.0	1.9667283754872122	num_shift	-0.008949203746449048	0.005537247325136376	0.02104989192753265
log-power-percx.pathfinder.klw	Risky second	10.0	2.021457235020777	num_shift	-0.009706036761934156	0.00483590872463893	0.020290175129177055
log-power-percx.pathfinder.klw	Risky second	10.0	2.0777090542589844	num_shift	-0.01054070550694454	0.004201472931344824	0.0197483976740905
log-power-percx.pathfinder.klw	Risky second	10.0	2.1355262131505808	num_shift	-0.01129843999654833	0.0035825533844003237	0.01926761525531876
log-power-percx.pathfinder.klw	Risky second	10.0	2.1949522709664246	num_shift	-0.01200211736668188	0.0029863674760185416	0.018898074981717892
log-power-percx.pathfinder.klw	Risky second	10.0	2.256031999116908	num_shift	-0.012776590184080977	0.0024608502435194794	0.01861449383055935
log-power-percx.pathfinder.klw	Risky second	10.0	2.3188114148826	num_shift	-0.013433078176255662	0.002017895579031412	0.01832658030659226
log-power-percx.pathfinder.klw	Risky second	10.0	2.3833378160835275	num_shift	-0.014072197142019653	0.0016026309571482045	0.018117322643056332
log-power-percx.pathfinder.klw	Risky second	10.0	2.4496598167132055	num_shift	-0.014736354351560314	0.0013434470336476522	0.01819722711892948
log-power-percx.pathfinder.klw	Risky second	10.0	2.5178273835642724	num_shift	-0.015195144752847273	0.00115024631270267	0.018094612767897145
log-power-percx.pathfinder.klw	Risky second	10.0	2.58789187387332	num_shift	-0.015765332553598462	0.0010257243365024997	0.018364790799061167
log-power-percx.pathfinder.klw	Risky second	10.0	2.659906074013276	num_shift	-0.016119512823395517	0.0009525698637123246	0.01859496666927879
log-power-percx.pathfinder.klw	Risky second	10.0	2.7339242392624983	num_shift	-0.016626962138289854	0.0009229578942500372	0.018983221353786172
log-power-percx.pathfinder.klw	Risky second	10.0	2.8100021346805373	num_shift	-0.016902622751801155	0.0010112022357615436	0.019474834416590713
log-power-percx.pathfinder.klw	Risky second	10.0	2.8881970771213568	num_shift	-0.01730132012095646	0.001169459689483749	0.02009980092400056
log-power-percx.pathfinder.klw	Risky second	10.0	2.9685679784156793	num_shift	-0.017486768818178997	0.001452847800135055	0.020901087290342207
log-power-percx.pathfinder.klw	Risky second	10.0	3.051175389754982	num_shift	-0.017821492281132	0.0017523003380827112	0.021789084803596506
log-power-percx.pathfinder.klw	Risky second	10.0	3.1360815473105736	num_shift	-0.017893899157846768	0.002170678060596676	0.02270286020479877
log-power-percx.pathfinder.klw	Risky second	10.0	3.2233504191221405	num_shift	-0.017957218748945045	0.002689015122442394	0.023838754900522126
log-power-percx.pathfinder.klw	Risky second	10.0	3.31304775329107	num_shift	-0.018086902347246286	0.0032521775773382603	0.025053555685156895
log-power-percx.pathfinder.klw	Risky second	10.0	3.40524112751487	num_shift	-0.01810637607277036	0.003903692534414097	0.026340909230711987
log-power-percx.pathfinder.klw	Risky second	10.0	3.5000000000000004	num_shift	-0.01784865272988377	0.004731712225245626	0.027801229011727407
log-power-percx.pathfinder.klw	Risky second	10.0	1.2	den_ratio	1.052998337320269	1.1272695754062911	1.2148254447096283
log-power-percx.pathfinder.klw	Risky second	10.0	1.233392832614218	den_ratio	1.0522885033531937	1.1260478926035535	1.213138466057352
log-power-percx.pathfinder.klw	Risky second	10.0	1.267714899620104	den_ratio	1.051488866458867	1.1248954055185505	1.2113876210524277
log-power-percx.pathfinder.klw	Risky second	10.0	1.3029920591580744	den_ratio	1.0509528660126282	1.1236031835374551	1.2096232928333859
log-power-percx.pathfinder.klw	Risky second	10.0	1.339250888932342	den_ratio	1.050381945357482	1.1223418493638952	1.2079306794396452
log-power-percx.pathfinder.klw	Risky second	10.0	1.3765187062344757	den_ratio	1.0498358171741908	1.121149840742064	1.206188664973696
log-power-percx.pathfinder.klw	Risky second	10.0	1.4148235885241658	den_ratio	1.0492556597781437	1.1199163947611588	1.2039620644264184
log-power-percx.pathfinder.klw	Risky second	10.0	1.454194394582695	den_ratio	1.048571194016806	1.118585369673212	1.202083099465819
log-power-percx.pathfinder.klw	Risky second	10.0	1.4946607862550567	den_ratio	1.0480952031701445	1.117250862303766	1.200384974751156
log-power-percx.pathfinder.klw	Risky second	10.0	1.5362532507970992	den_ratio	1.0475380187374719	1.1160507915608058	1.1983524191513224
log-power-percx.pathfinder.klw	Risky second	10.0	1.579003123844529	den_ratio	1.0469767445722669	1.1148280135549202	1.1963349499923845
log-power-percx.pathfinder.klw	Risky second	10.0	1.6229426130210856	den_ratio	1.046251967240732	1.113609760238963	1.1942503564004032
log-power-percx.pathfinder.klw	Risky second	10.0	1.6681048222036647	den_ratio	1.0457480318733345	1.112340582441265	1.1924399345770114
log-power-percx.pathfinder.klw	Risky second	10.0	1.714523776462679	den_ratio	1.045289049938508	1.1110701175129738	1.1904820313488749
log-power-percx.pathfinder.klw	Risky second	10.0	1.7622344476964418	den_ratio	1.0446531085172235	1.109838734290909	1.1885505576399749
log-power-percx.pathfinder.klw	Risky second	10.0	1.8112727809788889	den_ratio	1.0439684402803022	1.1085884331221347	1.1863195677287242
log-power-percx.pathfinder.klw	Risky second	10.0	1.861675721640487	den_ratio	1.0434147906765685	1.1072764915980806	1.1843774788195138
log-power-percx.pathfinder.klw	Risky second	10.0	1.9134812431027324	den_ratio	1.0426077482218283	1.106028298919576	1.1824046949325715
log-power-percx.pathfinder.klw	Risky second	10.0	1.9667283754872122	den_ratio	1.0419509044572244	1.1046409268463706	1.1804634819684277
log-power-percx.pathfinder.klw	Risky second	10.0	2.021457235020777	den_ratio	1.041418183556628	1.1032801464151956	1.1783987730605303
log-power-percx.pathfinder.klw	Risky second	10.0	2.0777090542589844	den_ratio	1.040410428904872	1.1019728373888062	1.1763304677321902
log-power-percx.pathfinder.klw	Risky second	10.0	2.1355262131505808	den_ratio	1.0394012406764666	1.1007005350204981	1.1744448183057263
log-power-percx.pathfinder.klw	Risky second	10.0	2.1949522709664246	den_ratio	1.0387134140556906	1.0994479286295222	1.1723389089712415
log-power-percx.pathfinder.klw	Risky second	10.0	2.256031999116908	den_ratio	1.038215942468321	1.098195680932811	1.169986896471763
log-power-percx.pathfinder.klw	Risky second	10.0	2.3188114148826	den_ratio	1.0376772688248648	1.0969255380470533	1.1680334048353218
log-power-percx.pathfinder.klw	Risky second	10.0	2.3833378160835275	den_ratio	1.0369876755280223	1.095661946365294	1.1657629826072589
log-power-percx.pathfinder.klw	Risky second	10.0	2.4496598167132055	den_ratio	1.0363164041885624	1.0944380325062615	1.1638720860852079
log-power-percx.pathfinder.klw	Risky second	10.0	2.5178273835642724	den_ratio	1.035743733168718	1.0932504903605444	1.1619843171710549
log-power-percx.pathfinder.klw	Risky second	10.0	2.58789187387332	den_ratio	1.0351674688225532	1.0920432952481605	1.1601869487443623
log-power-percx.pathfinder.klw	Risky second	10.0	2.659906074013276	den_ratio	1.0347928100277712	1.0908690895076363	1.158220475770443
log-power-percx.pathfinder.klw	Risky second	10.0	2.7339242392624983	den_ratio	1.0343252599516715	1.089739309451577	1.1560391380681194
log-power-percx.pathfinder.klw	Risky second	10.0	2.8100021346805373	den_ratio	1.0338910718014027	1.0884963298569872	1.1540918542876963
log-power-percx.pathfinder.klw	Risky second	10.0	2.8881970771213568	den_ratio	1.0329774602951451	1.0872880472675615	1.1523313753622604
log-power-percx.pathfinder.klw	Risky second	10.0	2.9685679784156793	den_ratio	1.0325573790436426	1.0861681918864354	1.1505856879708019
log-power-percx.pathfinder.klw	Risky second	10.0	3.051175389754982	den_ratio	1.0318232811441679	1.0850291477046103	1.1487507207010281
log-power-percx.pathfinder.klw	Risky second	10.0	3.1360815473105736	den_ratio	1.0311400937339366	1.0839903789046348	1.1471334964191942
log-power-percx.pathfinder.klw	Risky second	10.0	3.2233504191221405	den_ratio	1.030786646973336	1.0830393447618674	1.1458695497021198
log-power-percx.pathfinder.klw	Risky second	10.0	3.31304775329107	den_ratio	1.0302020242325967	1.0820492873174359	1.1439302836400242
log-power-percx.pathfinder.klw	Risky second	10.0	3.40524112751487	den_ratio	1.0295435648021514	1.081043175094538	1.1420973785819728
log-power-percx.pathfinder.klw	Risky second	10.0	3.5000000000000004	den_ratio	1.0288099141957352	1.080008044951518	1.14064437326814
log-power-percx.pathfinder.klw	Risky second	14.0	1.2	p_vertex	0.12371759095604964	0.14592619513510824	0.17063078919691346
log-power-percx.pathfinder.klw	Risky second	14.0	1.233392832614218	p_vertex	0.13976972619670325	0.16259968314352793	0.1874412865601841
log-power-percx.pathfinder.klw	Risky second	14.0	1.267714899620104	p_vertex	0.15708711918604637	0.18045611911464166	0.20530402254347097
log-power-percx.pathfinder.klw	Risky second	14.0	1.3029920591580744	p_vertex	0.17580385509628707	0.1994677827349614	0.22426199433284177
log-power-percx.pathfinder.klw	Risky second	14.0	1.339250888932342	p_vertex	0.1955066849500502	0.2194875008405064	0.24413565367549808
log-power-percx.pathfinder.klw	Risky second	14.0	1.3765187062344757	p_vertex	0.21664094922858249	0.24058238616978309	0.26501478343181184
log-power-percx.pathfinder.klw	Risky second	14.0	1.4148235885241658	p_vertex	0.23920196806943964	0.2626590964787088	0.2866293303116467
log-power-percx.pathfinder.klw	Risky second	14.0	1.454194394582695	p_vertex	0.26219217881520424	0.2855047868266013	0.3089032460773486
log-power-percx.pathfinder.klw	Risky second	14.0	1.4946607862550567	p_vertex	0.2860367890822015	0.30905827594734653	0.3321093904254142
log-power-percx.pathfinder.klw	Risky second	14.0	1.5362532507970992	p_vertex	0.31088029452652455	0.33332892406890985	0.3558534196572341
log-power-percx.pathfinder.klw	Risky second	14.0	1.579003123844529	p_vertex	0.33616258027502277	0.3580389736654629	0.3799760979749343
log-power-percx.pathfinder.klw	Risky second	14.0	1.6229426130210856	p_vertex	0.3618710185061658	0.3831410037189077	0.40455258879599315
log-power-percx.pathfinder.klw	Risky second	14.0	1.6681048222036647	p_vertex	0.3877918710348028	0.4082662960302172	0.4291904495713188
log-power-percx.pathfinder.klw	Risky second	14.0	1.714523776462679	p_vertex	0.4133467561374514	0.43345933900595646	0.4540245654511597
log-power-percx.pathfinder.klw	Risky second	14.0	1.7622344476964418	p_vertex	0.4386103393294547	0.4584647572765951	0.47894238923876814
log-power-percx.pathfinder.klw	Risky second	14.0	1.8112727809788889	p_vertex	0.46364627260397123	0.48335696495468033	0.5034141517080768
log-power-percx.pathfinder.klw	Risky second	14.0	1.861675721640487	p_vertex	0.48764740543668683	0.507740471134736	0.5277963095912268
log-power-percx.pathfinder.klw	Risky second	14.0	1.9134812431027324	p_vertex	0.5116023698611637	0.5315558374058498	0.5517072429125133
log-power-percx.pathfinder.klw	Risky second	14.0	1.9667283754872122	p_vertex	0.5349843792596476	0.5549217647996656	0.5754167616409139
log-power-percx.pathfinder.klw	Risky second	14.0	2.021457235020777	p_vertex	0.5576382831032604	0.5774633565434897	0.5983180149188677
log-power-percx.pathfinder.klw	Risky second	14.0	2.0777090542589844	p_vertex	0.579603562533304	0.5994246411309292	0.6205602274569668
log-power-percx.pathfinder.klw	Risky second	14.0	2.1355262131505808	p_vertex	0.6002844243319458	0.6204911226633018	0.6415866020199584
log-power-percx.pathfinder.klw	Risky second	14.0	2.1949522709664246	p_vertex	0.62042733609874	0.6408096999217805	0.6619613710036347
log-power-percx.pathfinder.klw	Risky second	14.0	2.256031999116908	p_vertex	0.6396156607598953	0.6602096642770406	0.681409675441914
log-power-percx.pathfinder.klw	Risky second	14.0	2.3188114148826	p_vertex	0.6582250102216356	0.6787350851184957	0.7002572774624028
log-power-percx.pathfinder.klw	Risky second	14.0	2.3833378160835275	p_vertex	0.6758135519399783	0.6963892810195984	0.717841388790303
log-power-percx.pathfinder.klw	Risky second	14.0	2.4496598167132055	p_vertex	0.6924681617020036	0.7131874253893474	0.7346630731293847
log-power-percx.pathfinder.klw	Risky second	14.0	2.5178273835642724	p_vertex	0.7082187626311175	0.7291042301375439	0.7508761858700637
log-power-percx.pathfinder.klw	Risky second	14.0	2.58789187387332	p_vertex	0.7231650849157547	0.7440563165809178	0.7656022058778983
log-power-percx.pathfinder.klw	Risky second	14.0	2.659906074013276	p_vertex	0.7372474015853862	0.7581586314424209	0.7795816083720337
log-power-percx.pathfinder.klw	Risky second	14.0	2.7339242392624983	p_vertex	0.7505559736326894	0.7715196951967938	0.7929205191473635
log-power-percx.pathfinder.klw	Risky second	14.0	2.8100021346805373	p_vertex	0.7631846422714539	0.7839832213396236	0.8052907315412591
log-power-percx.pathfinder.klw	Risky second	14.0	2.8881970771213568	p_vertex	0.7749075157866269	0.7955989137016364	0.8166354738598676
log-power-percx.pathfinder.klw	Risky second	14.0	2.9685679784156793	p_vertex	0.7857685646015147	0.8064389495573904	0.8271578590091717
log-power-percx.pathfinder.klw	Risky second	14.0	3.051175389754982	p_vertex	0.7957169724518623	0.8165771104822576	0.8370812201891611
log-power-percx.pathfinder.klw	Risky second	14.0	3.1360815473105736	p_vertex	0.8050949965924822	0.8258303007700838	0.8460665026213939
log-power-percx.pathfinder.klw	Risky second	14.0	3.2233504191221405	p_vertex	0.8138032560502175	0.8344405136486652	0.8543532085912487
log-power-percx.pathfinder.klw	Risky second	14.0	3.31304775329107	p_vertex	0.8217689157109354	0.8422824596079521	0.8618946496833706
log-power-percx.pathfinder.klw	Risky second	14.0	3.40524112751487	p_vertex	0.8291837085102117	0.8494817973115456	0.8687417297253327
log-power-percx.pathfinder.klw	Risky second	14.0	3.5000000000000004	p_vertex	0.8356023269001085	0.8559569888392835	0.8752273841233611
log-power-percx.pathfinder.klw	Risky second	14.0	1.2	p_full	0.16242714056485602	0.18979392878295903	0.21985596228670568
log-power-percx.pathfinder.klw	Risky second	14.0	1.233392832614218	p_full	0.1789325900931994	0.20628653268975583	0.23604712006148276
log-power-percx.pathfinder.klw	Risky second	14.0	1.267714899620104	p_full	0.19641347148591212	0.22363647004725146	0.25284140907730285
log-power-percx.pathfinder.klw	Risky second	14.0	1.3029920591580744	p_full	0.21492073674190174	0.24162700674875554	0.27043920611598316
log-power-percx.pathfinder.klw	Risky second	14.0	1.339250888932342	p_full	0.2340365207986893	0.26045140415120793	0.2887673981871049
log-power-percx.pathfinder.klw	Risky second	14.0	1.3765187062344757	p_full	0.25387595075277525	0.2799508285237433	0.3075336112343231
log-power-percx.pathfinder.klw	Risky second	14.0	1.4148235885241658	p_full	0.2743213389246083	0.29995525171291615	0.3268119963629075
log-power-percx.pathfinder.klw	Risky second	14.0	1.454194394582695	p_full	0.2954205155684255	0.3206210200682178	0.3467522355053788
log-power-percx.pathfinder.klw	Risky second	14.0	1.4946607862550567	p_full	0.3170616066809535	0.3416938709024569	0.36718882014518
log-power-percx.pathfinder.klw	Risky second	14.0	1.5362532507970992	p_full	0.3391464332775872	0.3630540709047021	0.38781853369149694
log-power-percx.pathfinder.klw	Risky second	14.0	1.579003123844529	p_full	0.36163353357621175	0.3848490763665724	0.408534945968072
log-power-percx.pathfinder.klw	Risky second	14.0	1.6229426130210856	p_full	0.38432558814111195	0.40683022713109407	0.42972656440799517
log-power-percx.pathfinder.klw	Risky second	14.0	1.6681048222036647	p_full	0.4070843785275162	0.42892065523699485	0.450922184577557
log-power-percx.pathfinder.klw	Risky second	14.0	1.714523776462679	p_full	0.4296905631440467	0.4511204459806841	0.472416984723987
log-power-percx.pathfinder.klw	Risky second	14.0	1.7622344476964418	p_full	0.45215930637129104	0.4730720260506738	0.49373288450690456
log-power-percx.pathfinder.klw	Risky second	14.0	1.8112727809788889	p_full	0.47451891796135026	0.49498609933102833	0.5155574467436269
log-power-percx.pathfinder.klw	Risky second	14.0	1.861675721640487	p_full	0.49644061280545704	0.5166554329846389	0.5369033410994598
log-power-percx.pathfinder.klw	Risky second	14.0	1.9134812431027324	p_full	0.5184747218426545	0.5380804314328483	0.5579493861988531
log-power-percx.pathfinder.klw	Risky second	14.0	1.9667283754872122	p_full	0.5398324457392732	0.5589559376817606	0.578796242470054
log-power-percx.pathfinder.klw	Risky second	14.0	2.021457235020777	p_full	0.560669397722796	0.5795970801578672	0.599281884819233
log-power-percx.pathfinder.klw	Risky second	14.0	2.0777090542589844	p_full	0.5809467412375104	0.5998154689502252	0.6193304918947516
log-power-percx.pathfinder.klw	Risky second	14.0	2.1355262131505808	p_full	0.6003466444816834	0.6194185174125183	0.6389836754858835
log-power-percx.pathfinder.klw	Risky second	14.0	2.1949522709664246	p_full	0.619193916506738	0.6384139338294215	0.6578212901085079
log-power-percx.pathfinder.klw	Risky second	14.0	2.256031999116908	p_full	0.6375817641360666	0.6569431256222688	0.6762643174543853
log-power-percx.pathfinder.klw	Risky second	14.0	2.3188114148826	p_full	0.6555506695889238	0.6747583951354083	0.6940633040871882
log-power-percx.pathfinder.klw	Risky second	14.0	2.3833378160835275	p_full	0.6726321974902437	0.6918856253620382	0.7111430355864865
log-power-percx.pathfinder.klw	Risky second	14.0	2.4496598167132055	p_full	0.6892662140829604	0.7083117832160383	0.7277088126072275
log-power-percx.pathfinder.klw	Risky second	14.0	2.5178273835642724	p_full	0.7051645829616258	0.7242289663571608	0.7435467786045857
log-power-percx.pathfinder.klw	Risky second	14.0	2.58789187387332	p_full	0.7203337249973609	0.7393679945107334	0.7585628805721558
log-power-percx.pathfinder.klw	Risky second	14.0	2.659906074013276	p_full	0.734997328116935	0.753869830250242	0.7731560995395251
log-power-percx.pathfinder.klw	Risky second	14.0	2.7339242392624983	p_full	0.7489452574753367	0.7677957936600441	0.7867716420467471
log-power-percx.pathfinder.klw	Risky second	14.0	2.8100021346805373	p_full	0.7621898612067053	0.7809008362036712	0.7999520460429306
log-power-percx.pathfinder.klw	Risky second	14.0	2.8881970771213568	p_full	0.7749238456836423	0.7935614034142917	0.8122283154825425
log-power-percx.pathfinder.klw	Risky second	14.0	2.9685679784156793	p_full	0.7870306946979009	0.8055188569001364	0.8240555125189855
log-power-percx.pathfinder.klw	Risky second	14.0	3.051175389754982	p_full	0.7985725585337223	0.8170270431827767	0.8354805194457336
log-power-percx.pathfinder.klw	Risky second	14.0	3.1360815473105736	p_full	0.8096028380529037	0.8279384684754212	0.8463814786613292
log-power-percx.pathfinder.klw	Risky second	14.0	3.2233504191221405	p_full	0.820012242406197	0.8382627121357564	0.8566042278506802
log-power-percx.pathfinder.klw	Risky second	14.0	3.31304775329107	p_full	0.8299670968526638	0.8480758277985532	0.8663604253293362
log-power-percx.pathfinder.klw	Risky second	14.0	3.40524112751487	p_full	0.8394213934374988	0.8573699254533076	0.8756273074542931
log-power-percx.pathfinder.klw	Risky second	14.0	3.5000000000000004	p_full	0.8483068491088087	0.8662386861216123	0.8842995726491265
log-power-percx.pathfinder.klw	Risky second	14.0	1.2	p_bias_only	0.1555641234630481	0.1809830876149087	0.20954418218804807
log-power-percx.pathfinder.klw	Risky second	14.0	1.233392832614218	p_bias_only	0.17254586456064291	0.19810966295023275	0.22647072909649268
log-power-percx.pathfinder.klw	Risky second	14.0	1.267714899620104	p_bias_only	0.19039352840943088	0.21608507488222392	0.24410802204020737
log-power-percx.pathfinder.klw	Risky second	14.0	1.3029920591580744	p_bias_only	0.20897619326743502	0.23489283589624632	0.2627178282259064
log-power-percx.pathfinder.klw	Risky second	14.0	1.339250888932342	p_bias_only	0.22863113003959834	0.2543184094346025	0.28169581018922446
log-power-percx.pathfinder.klw	Risky second	14.0	1.3765187062344757	p_bias_only	0.24899670858205877	0.27442441482566704	0.30109931453065053
log-power-percx.pathfinder.klw	Risky second	14.0	1.4148235885241658	p_bias_only	0.27017418908375496	0.2952825553580438	0.3212789758348383
log-power-percx.pathfinder.klw	Risky second	14.0	1.454194394582695	p_bias_only	0.2917575350227278	0.3166924165830093	0.34233175839481367
log-power-percx.pathfinder.klw	Risky second	14.0	1.4946607862550567	p_bias_only	0.3138740750849701	0.33851478814863256	0.3636139194301738
log-power-percx.pathfinder.klw	Risky second	14.0	1.5362532507970992	p_bias_only	0.3366079629809613	0.36069212006931484	0.3854769654159402
log-power-percx.pathfinder.klw	Risky second	14.0	1.579003123844529	p_bias_only	0.3595660961203797	0.383192318288981	0.4074400571740109
log-power-percx.pathfinder.klw	Risky second	14.0	1.6229426130210856	p_bias_only	0.38291305867037984	0.40578924267112537	0.42985591450478333
log-power-percx.pathfinder.klw	Risky second	14.0	1.6681048222036647	p_bias_only	0.4058381301362438	0.4286203276681646	0.45212683932464115
log-power-percx.pathfinder.klw	Risky second	14.0	1.714523776462679	p_bias_only	0.42908624123027156	0.45133349047127225	0.47453590904771936
log-power-percx.pathfinder.klw	Risky second	14.0	1.7622344476964418	p_bias_only	0.45185559299383815	0.47388228956523004	0.49688166564737596
log-power-percx.pathfinder.klw	Risky second	14.0	1.8112727809788889	p_bias_only	0.4748276689944644	0.4963024493126938	0.5188287630601508
log-power-percx.pathfinder.klw	Risky second	14.0	1.861675721640487	p_bias_only	0.4973657537998567	0.5184220910437116	0.5405979262742776
log-power-percx.pathfinder.klw	Risky second	14.0	1.9134812431027324	p_bias_only	0.5192670873644982	0.540229236810285	0.5620563706676395
log-power-percx.pathfinder.klw	Risky second	14.0	1.9667283754872122	p_bias_only	0.5408503066327035	0.5615972531828277	0.5829939255341623
log-power-percx.pathfinder.klw	Risky second	14.0	2.021457235020777	p_bias_only	0.561881838729802	0.5824708798105735	0.6034681408777816
log-power-percx.pathfinder.klw	Risky second	14.0	2.0777090542589844	p_bias_only	0.582398771933235	0.6028401597043016	0.6234136958570448
log-power-percx.pathfinder.klw	Risky second	14.0	2.1355262131505808	p_bias_only	0.6023480806284061	0.6224942433099634	0.6429917859046742
log-power-percx.pathfinder.klw	Risky second	14.0	2.1949522709664246	p_bias_only	0.6215288744047923	0.641597627459066	0.6618056489186543
log-power-percx.pathfinder.klw	Risky second	14.0	2.256031999116908	p_bias_only	0.6401219478262556	0.6599953673625155	0.6799630542518504
log-power-percx.pathfinder.klw	Risky second	14.0	2.3188114148826	p_bias_only	0.6579548055749269	0.6777634945941748	0.6975210899971582
log-power-percx.pathfinder.klw	Risky second	14.0	2.3833378160835275	p_bias_only	0.6753369016394658	0.6947835493569381	0.7142206259483213
log-power-percx.pathfinder.klw	Risky second	14.0	2.4496598167132055	p_bias_only	0.6920286052362814	0.7111191835732676	0.730424062803316
log-power-percx.pathfinder.klw	Risky second	14.0	2.5178273835642724	p_bias_only	0.7080920802571863	0.7267645285652757	0.7460456849899655
log-power-percx.pathfinder.klw	Risky second	14.0	2.58789187387332	p_bias_only	0.7232711491617894	0.7417534234636634	0.7607344917239611
log-power-percx.pathfinder.klw	Risky second	14.0	2.659906074013276	p_bias_only	0.7377997591608403	0.756180447303753	0.7748273437108197
log-power-percx.pathfinder.klw	Risky second	14.0	2.7339242392624983	p_bias_only	0.7513176013369959	0.7700272565732538	0.7884655188101585
log-power-percx.pathfinder.klw	Risky second	14.0	2.8100021346805373	p_bias_only	0.7647945985357569	0.783297959381978	0.8015009695002381
log-power-percx.pathfinder.klw	Risky second	14.0	2.8881970771213568	p_bias_only	0.77757447615157	0.7959840116904924	0.8138524063166095
log-power-percx.pathfinder.klw	Risky second	14.0	2.9685679784156793	p_bias_only	0.7896852657496556	0.8080193042392005	0.8257915070871124
log-power-percx.pathfinder.klw	Risky second	14.0	3.051175389754982	p_bias_only	0.801494470049162	0.819620058443065	0.8372007916478796
log-power-percx.pathfinder.klw	Risky second	14.0	3.1360815473105736	p_bias_only	0.8127103230424257	0.8307054302414569	0.8481759506821351
log-power-percx.pathfinder.klw	Risky second	14.0	3.2233504191221405	p_bias_only	0.8233063310242345	0.8413106234271484	0.8586726286300727
log-power-percx.pathfinder.klw	Risky second	14.0	3.31304775329107	p_bias_only	0.8333583642348412	0.8513849726364345	0.8687786317396188
log-power-percx.pathfinder.klw	Risky second	14.0	3.40524112751487	p_bias_only	0.843017566948576	0.8609303522837568	0.8782195426210213
log-power-percx.pathfinder.klw	Risky second	14.0	3.5000000000000004	p_bias_only	0.8520908710848353	0.8700438161783506	0.8870732456553894
log-power-percx.pathfinder.klw	Risky second	14.0	1.2	p_scale_only	0.14002844298870845	0.1609854637612078	0.18386899362887804
log-power-percx.pathfinder.klw	Risky second	14.0	1.233392832614218	p_scale_only	0.1564724955471647	0.17776641603854426	0.20093436348371357
log-power-percx.pathfinder.klw	Risky second	14.0	1.267714899620104	p_scale_only	0.1739055007914616	0.1955513127205945	0.21888198050635896
log-power-percx.pathfinder.klw	Risky second	14.0	1.3029920591580744	p_scale_only	0.19246822986344236	0.21433176096424067	0.2374284116613919
log-power-percx.pathfinder.klw	Risky second	14.0	1.339250888932342	p_scale_only	0.21181795387084146	0.23406248345535022	0.25697870049786187
log-power-percx.pathfinder.klw	Risky second	14.0	1.3765187062344757	p_scale_only	0.23230790879095262	0.2545111251118002	0.2773741245769392
log-power-percx.pathfinder.klw	Risky second	14.0	1.4148235885241658	p_scale_only	0.2536902944306536	0.27577232958517117	0.2983315202568601
log-power-percx.pathfinder.klw	Risky second	14.0	1.454194394582695	p_scale_only	0.2757782178029596	0.2976225173334064	0.3198417440562418
log-power-percx.pathfinder.klw	Risky second	14.0	1.4946607862550567	p_scale_only	0.29816457106845873	0.3200461674220403	0.34211851540517757
log-power-percx.pathfinder.klw	Risky second	14.0	1.5362532507970992	p_scale_only	0.32142302262980504	0.34280419092962544	0.36452312011581595
log-power-percx.pathfinder.klw	Risky second	14.0	1.579003123844529	p_scale_only	0.34464521079031124	0.3660094596042839	0.3874455725132067
log-power-percx.pathfinder.klw	Risky second	14.0	1.6229426130210856	p_scale_only	0.3683909859170052	0.3893883584957548	0.41053419189882173
log-power-percx.pathfinder.klw	Risky second	14.0	1.6681048222036647	p_scale_only	0.3918544414372966	0.4128641941119579	0.43372742544720805
log-power-percx.pathfinder.klw	Risky second	14.0	1.714523776462679	p_scale_only	0.4155218539755731	0.4363385957634732	0.4568513370219987
log-power-percx.pathfinder.klw	Risky second	14.0	1.7622344476964418	p_scale_only	0.43889502828763993	0.4597964761767668	0.4798146333736498
log-power-percx.pathfinder.klw	Risky second	14.0	1.8112727809788889	p_scale_only	0.4624609262551109	0.4829035907326416	0.5026762753672976
log-power-percx.pathfinder.klw	Risky second	14.0	1.861675721640487	p_scale_only	0.4852957482065036	0.5057914044073061	0.5254408211392272
log-power-percx.pathfinder.klw	Risky second	14.0	1.9134812431027324	p_scale_only	0.5079465683308464	0.52820197107243	0.5480361383086445
log-power-percx.pathfinder.klw	Risky second	14.0	1.9667283754872122	p_scale_only	0.5299560952873935	0.5501863412991415	0.5699096910621311
log-power-percx.pathfinder.klw	Risky second	14.0	2.021457235020777	p_scale_only	0.5517104137798291	0.5716406896557502	0.5911764709654996
log-power-percx.pathfinder.klw	Risky second	14.0	2.0777090542589844	p_scale_only	0.5729806949510451	0.5924414617635203	0.611919902501303
log-power-percx.pathfinder.klw	Risky second	14.0	2.1355262131505808	p_scale_only	0.5935198359587616	0.6126206960347069	0.6322127588181319
log-power-percx.pathfinder.klw	Risky second	14.0	2.1949522709664246	p_scale_only	0.6131396351227313	0.6321904228755002	0.651841083939422
log-power-percx.pathfinder.klw	Risky second	14.0	2.256031999116908	p_scale_only	0.6316794066792131	0.6510259269179732	0.6706541446075326
log-power-percx.pathfinder.klw	Risky second	14.0	2.3188114148826	p_scale_only	0.6496676180993207	0.669108952361622	0.6888478725131977
log-power-percx.pathfinder.klw	Risky second	14.0	2.3833378160835275	p_scale_only	0.6667840343904736	0.6863739293882491	0.7061671786634863
log-power-percx.pathfinder.klw	Risky second	14.0	2.4496598167132055	p_scale_only	0.6835915354096336	0.7028697605028025	0.7225674395748202
log-power-percx.pathfinder.klw	Risky second	14.0	2.5178273835642724	p_scale_only	0.6989892882855144	0.7185862105342055	0.7382959078016601
log-power-percx.pathfinder.klw	Risky second	14.0	2.58789187387332	p_scale_only	0.7141569564707556	0.7335033612070189	0.7530313647202171
log-power-percx.pathfinder.klw	Risky second	14.0	2.659906074013276	p_scale_only	0.728261587726003	0.7476537162206823	0.7670730538383683
log-power-percx.pathfinder.klw	Risky second	14.0	2.7339242392624983	p_scale_only	0.7416979145879925	0.7610952904226684	0.7803790101888496
log-power-percx.pathfinder.klw	Risky second	14.0	2.8100021346805373	p_scale_only	0.7543673716674429	0.773657981407013	0.7928251973196564
log-power-percx.pathfinder.klw	Risky second	14.0	2.8881970771213568	p_scale_only	0.7661570762766737	0.7853555210260117	0.8045756123110455
log-power-percx.pathfinder.klw	Risky second	14.0	2.9685679784156793	p_scale_only	0.7771696637557031	0.7964094668329591	0.8155155690549363
log-power-percx.pathfinder.klw	Risky second	14.0	3.051175389754982	p_scale_only	0.7874245376678234	0.8067099593887661	0.8256447247549176
log-power-percx.pathfinder.klw	Risky second	14.0	3.1360815473105736	p_scale_only	0.7970805426597258	0.8162852732668686	0.8351977170840369
log-power-percx.pathfinder.klw	Risky second	14.0	3.2233504191221405	p_scale_only	0.8057570792945243	0.825170576564411	0.8440390346384222
log-power-percx.pathfinder.klw	Risky second	14.0	3.31304775329107	p_scale_only	0.8139559171631396	0.8333867910033287	0.8522119259414395
log-power-percx.pathfinder.klw	Risky second	14.0	3.40524112751487	p_scale_only	0.8213810166033121	0.8409666619039002	0.85963051742714
log-power-percx.pathfinder.klw	Risky second	14.0	3.5000000000000004	p_scale_only	0.828273073337782	0.8479546699497815	0.8664553339306676
log-power-percx.pathfinder.klw	Risky second	14.0	1.2	dp_full	0.016537138140402016	0.04350245312917295	0.0725338240258545
log-power-percx.pathfinder.klw	Risky second	14.0	1.233392832614218	dp_full	0.01654418765809271	0.04353583123434984	0.07214290772794966
log-power-percx.pathfinder.klw	Risky second	14.0	1.267714899620104	dp_full	0.016343250478366825	0.04309181457389309	0.07133075515750795
log-power-percx.pathfinder.klw	Risky second	14.0	1.3029920591580744	dp_full	0.01619768011809081	0.042177583820458754	0.0696617349478981
log-power-percx.pathfinder.klw	Risky second	14.0	1.339250888932342	dp_full	0.015992124631178897	0.040851390984325116	0.06741639410375201
log-power-percx.pathfinder.klw	Risky second	14.0	1.3765187062344757	dp_full	0.015335269613096838	0.039176497630404636	0.06460862881623439
log-power-percx.pathfinder.klw	Risky second	14.0	1.4148235885241658	dp_full	0.014546307093261317	0.03717253110371947	0.06133308270646595
log-power-percx.pathfinder.klw	Risky second	14.0	1.454194394582695	dp_full	0.013863800139178881	0.034892235955327394	0.057547947689240105
log-power-percx.pathfinder.klw	Risky second	14.0	1.4946607862550567	dp_full	0.012720516543679495	0.03231249797377861	0.05340164603393139
log-power-percx.pathfinder.klw	Risky second	14.0	1.5362532507970992	dp_full	0.011957155523754969	0.02950160890718851	0.04882302806023962
log-power-percx.pathfinder.klw	Risky second	14.0	1.579003123844529	dp_full	0.010748551067314299	0.026542345299180196	0.043908307252111506
log-power-percx.pathfinder.klw	Risky second	14.0	1.6229426130210856	dp_full	0.009538213690475564	0.023479085682326678	0.038842197753064786
log-power-percx.pathfinder.klw	Risky second	14.0	1.6681048222036647	dp_full	0.008101389053071735	0.020422735756514036	0.03414383154868145
log-power-percx.pathfinder.klw	Risky second	14.0	1.714523776462679	dp_full	0.006246101469157628	0.0173043687282194	0.0297661685840978
log-power-percx.pathfinder.klw	Risky second	14.0	1.7622344476964418	dp_full	0.004040077341369738	0.014370255491221716	0.02554517996541397
log-power-percx.pathfinder.klw	Risky second	14.0	1.8112727809788889	dp_full	0.001558350605201232	0.011522260879286785	0.02195113510072606
log-power-percx.pathfinder.klw	Risky second	14.0	1.861675721640487	dp_full	-0.0012245894988030333	0.008810674680267309	0.019155443128228644
log-power-percx.pathfinder.klw	Risky second	14.0	1.9134812431027324	dp_full	-0.004443723635968961	0.006266357050872522	0.017188784221661497
log-power-percx.pathfinder.klw	Risky second	14.0	1.9667283754872122	dp_full	-0.007602604126426754	0.004001211004661382	0.01600076869564883
log-power-percx.pathfinder.klw	Risky second	14.0	2.021457235020777	dp_full	-0.010857987788162916	0.0020149899952157727	0.015216825995678921
log-power-percx.pathfinder.klw	Risky second	14.0	2.0777090542589844	dp_full	-0.0139263206765295	0.00024566632846399403	0.01493421034440207
log-power-percx.pathfinder.klw	Risky second	14.0	2.1355262131505808	dp_full	-0.016692268579304694	-0.0012353664860809688	0.014719642636923866
log-power-percx.pathfinder.klw	Risky second	14.0	2.1949522709664246	dp_full	-0.019208862493375722	-0.0024505845600209207	0.014843148398741172
log-power-percx.pathfinder.klw	Risky second	14.0	2.256031999116908	dp_full	-0.02134263543550301	-0.003437895048099277	0.015173582025726353
log-power-percx.pathfinder.klw	Risky second	14.0	2.3188114148826	dp_full	-0.02304268542322564	-0.004184599196665969	0.01540614033936435
log-power-percx.pathfinder.klw	Risky second	14.0	2.3833378160835275	dp_full	-0.024429185389664376	-0.00465052116373693	0.015887065414502865
log-power-percx.pathfinder.klw	Risky second	14.0	2.4496598167132055	dp_full	-0.025546405722050233	-0.004880050959145182	0.01656978302871131
log-power-percx.pathfinder.klw	Risky second	14.0	2.5178273835642724	dp_full	-0.026304887301698335	-0.004946278970460997	0.017294176712015483
log-power-percx.pathfinder.klw	Risky second	14.0	2.58789187387332	dp_full	-0.026663998651482373	-0.004767782844621409	0.018264305798322302
log-power-percx.pathfinder.klw	Risky second	14.0	2.659906074013276	dp_full	-0.026732727822603976	-0.004383869654860253	0.019044745086740478
log-power-percx.pathfinder.klw	Risky second	14.0	2.7339242392624983	dp_full	-0.026570699464999403	-0.0038546087762035865	0.01989555672356405
log-power-percx.pathfinder.klw	Risky second	14.0	2.8100021346805373	dp_full	-0.02605065047765454	-0.003128667062287847	0.0209797649895737
log-power-percx.pathfinder.klw	Risky second	14.0	2.8881970771213568	dp_full	-0.02507298741408478	-0.0021467587188656197	0.02220129292514845
log-power-percx.pathfinder.klw	Risky second	14.0	2.9685679784156793	dp_full	-0.023732807175574966	-0.0009279019274495664	0.023534836213444703
log-power-percx.pathfinder.klw	Risky second	14.0	3.051175389754982	dp_full	-0.022507363508648345	0.0005050741825140775	0.024841246504252155
log-power-percx.pathfinder.klw	Risky second	14.0	3.1360815473105736	dp_full	-0.02111506265401286	0.0021725154188205016	0.026447577499218777
log-power-percx.pathfinder.klw	Risky second	14.0	3.2233504191221405	dp_full	-0.019438704993876947	0.003936285322372677	0.028113199020645224
log-power-percx.pathfinder.klw	Risky second	14.0	3.31304775329107	dp_full	-0.01727202842712954	0.0059682915410054485	0.030229302947546447
log-power-percx.pathfinder.klw	Risky second	14.0	3.40524112751487	dp_full	-0.014980846843411805	0.008065762884872409	0.03211380587863134
log-power-percx.pathfinder.klw	Risky second	14.0	3.5000000000000004	dp_full	-0.012520475801077968	0.01037280992440554	0.03430054827963757
log-power-percx.pathfinder.klw	Risky second	14.0	1.2	dp_bias	0.013027554926000629	0.03462182014199115	0.06031899983361585
log-power-percx.pathfinder.klw	Risky second	14.0	1.233392832614218	dp_bias	0.01357329959742451	0.03512523410034707	0.06049889268027783
log-power-percx.pathfinder.klw	Risky second	14.0	1.267714899620104	dp_bias	0.013680277247822425	0.035236826321237896	0.06047518154776062
log-power-percx.pathfinder.klw	Risky second	14.0	1.3029920591580744	dp_bias	0.013623269472379665	0.035035651220605216	0.05964723169652026
log-power-percx.pathfinder.klw	Risky second	14.0	1.339250888932342	dp_bias	0.013508059154916617	0.03448848049181548	0.058290286598291066
log-power-percx.pathfinder.klw	Risky second	14.0	1.3765187062344757	dp_bias	0.013291516016815351	0.03350300267914902	0.05647186377903153
log-power-percx.pathfinder.klw	Risky second	14.0	1.4148235885241658	dp_bias	0.01284280423874673	0.032256376702351	0.05439147614804375
log-power-percx.pathfinder.klw	Risky second	14.0	1.454194394582695	dp_bias	0.012126454852150113	0.030749769871891524	0.052070472091470386
log-power-percx.pathfinder.klw	Risky second	14.0	1.4946607862550567	dp_bias	0.011230240417759225	0.028921010502383937	0.04915584977781505
log-power-percx.pathfinder.klw	Risky second	14.0	1.5362532507970992	dp_bias	0.01015739207129768	0.02691796610260297	0.04585978161506538
log-power-percx.pathfinder.klw	Risky second	14.0	1.579003123844529	dp_bias	0.00888204570716667	0.024735285278637643	0.04251472477943067
log-power-percx.pathfinder.klw	Risky second	14.0	1.6229426130210856	dp_bias	0.007500538482254766	0.022434163919145073	0.039029340180814574
log-power-percx.pathfinder.klw	Risky second	14.0	1.6681048222036647	dp_bias	0.005869027201633738	0.020110483377585794	0.035842371169394
log-power-percx.pathfinder.klw	Risky second	14.0	1.714523776462679	dp_bias	0.004356128854606804	0.01767502583657972	0.03250345267179395
log-power-percx.pathfinder.klw	Risky second	14.0	1.7622344476964418	dp_bias	0.0025037566920148285	0.015262192162060147	0.029433999440768927
log-power-percx.pathfinder.klw	Risky second	14.0	1.8112727809788889	dp_bias	0.00024340777006582077	0.01295477150481659	0.026714999992976187
log-power-percx.pathfinder.klw	Risky second	14.0	1.861675721640487	dp_bias	-0.0018931138335788445	0.010700124203901998	0.024067379465457332
log-power-percx.pathfinder.klw	Risky second	14.0	1.9134812431027324	dp_bias	-0.00417805903557043	0.008575088696365708	0.02198319997481913
log-power-percx.pathfinder.klw	Risky second	14.0	1.9667283754872122	dp_bias	-0.006466785586754198	0.006587473453087895	0.02012349072584076
log-power-percx.pathfinder.klw	Risky second	14.0	2.021457235020777	dp_bias	-0.00866333466926832	0.004836871431794037	0.01860548920394023
log-power-percx.pathfinder.klw	Risky second	14.0	2.0777090542589844	dp_bias	-0.0106560342223082	0.0032087536643575325	0.01750522666137218
log-power-percx.pathfinder.klw	Risky second	14.0	2.1355262131505808	dp_bias	-0.012721600849447012	0.0017699818437256448	0.016732023536614616
log-power-percx.pathfinder.klw	Risky second	14.0	2.1949522709664246	dp_bias	-0.014728561512501124	0.0005916824534069926	0.0161419472574516
log-power-percx.pathfinder.klw	Risky second	14.0	2.256031999116908	dp_bias	-0.016388886956619664	-0.0004303121086268989	0.015903112238620985
log-power-percx.pathfinder.klw	Risky second	14.0	2.3188114148826	dp_bias	-0.017898708405642175	-0.001209520880491918	0.01578621684345812
log-power-percx.pathfinder.klw	Risky second	14.0	2.3833378160835275	dp_bias	-0.019250929736132297	-0.001847080946242915	0.01587651656793628
log-power-percx.pathfinder.klw	Risky second	14.0	2.4496598167132055	dp_bias	-0.020212734626017248	-0.002228010745984674	0.01617894750909364
log-power-percx.pathfinder.klw	Risky second	14.0	2.5178273835642724	dp_bias	-0.020988596022832855	-0.002382966255442686	0.01681081305522775
log-power-percx.pathfinder.klw	Risky second	14.0	2.58789187387332	dp_bias	-0.02135920164768296	-0.002352732628233054	0.017290379406838176
log-power-percx.pathfinder.klw	Risky second	14.0	2.659906074013276	dp_bias	-0.02140331032270695	-0.002065195909432692	0.01814750267104412
log-power-percx.pathfinder.klw	Risky second	14.0	2.7339242392624983	dp_bias	-0.0213073301059196	-0.00154589676549224	0.018886280785083604
log-power-percx.pathfinder.klw	Risky second	14.0	2.8100021346805373	dp_bias	-0.020927639045488146	-0.0008211576084652767	0.020041806442601028
log-power-percx.pathfinder.klw	Risky second	14.0	2.8881970771213568	dp_bias	-0.020258912851537803	0.00019096369411445197	0.02114432452361946
log-power-percx.pathfinder.klw	Risky second	14.0	2.9685679784156793	dp_bias	-0.01937019531812911	0.0014887845311166556	0.02260874705058698
log-power-percx.pathfinder.klw	Risky second	14.0	3.051175389754982	dp_bias	-0.017966865199476392	0.0029960530069150565	0.024311792789184713
log-power-percx.pathfinder.klw	Risky second	14.0	3.1360815473105736	dp_bias	-0.016037271526396456	0.004780063302308301	0.02627315793059929
log-power-percx.pathfinder.klw	Risky second	14.0	3.2233504191221405	dp_bias	-0.014074969742186503	0.0068231618375040924	0.02844385543319015
log-power-percx.pathfinder.klw	Risky second	14.0	3.31304775329107	dp_bias	-0.01180884546527813	0.009119085676583375	0.030766185171553648
log-power-percx.pathfinder.klw	Risky second	14.0	3.40524112751487	dp_bias	-0.009407988257214903	0.011570024395639405	0.033100267973671035
log-power-percx.pathfinder.klw	Risky second	14.0	3.5000000000000004	dp_bias	-0.006877418952355944	0.014233565205075342	0.03567777560902522
log-power-percx.pathfinder.klw	Risky second	14.0	1.2	dp_scale	0.004794849683854933	0.014978983092557999	0.02676804669424861
log-power-percx.pathfinder.klw	Risky second	14.0	1.233392832614218	dp_scale	0.004978565203074484	0.015144449272865236	0.026915546821190364
log-power-percx.pathfinder.klw	Risky second	14.0	1.267714899620104	dp_scale	0.004894963195327744	0.01510839230594617	0.026969225677521486
log-power-percx.pathfinder.klw	Risky second	14.0	1.3029920591580744	dp_scale	0.004744685388696905	0.014872811894533058	0.026419761647689822
log-power-percx.pathfinder.klw	Risky second	14.0	1.339250888932342	dp_scale	0.004452713054358908	0.014436307506193177	0.02565343665698408
log-power-percx.pathfinder.klw	Risky second	14.0	1.3765187062344757	dp_scale	0.0041065928102447646	0.013808828856436785	0.024633369869595984
log-power-percx.pathfinder.klw	Risky second	14.0	1.4148235885241658	dp_scale	0.003639352767456884	0.012995878680393078	0.02342632058186774
log-power-percx.pathfinder.klw	Risky second	14.0	1.454194394582695	dp_scale	0.003110047314854436	0.011968988377849533	0.021824842518110035
log-power-percx.pathfinder.klw	Risky second	14.0	1.4946607862550567	dp_scale	0.00245289009699524	0.010740638896990277	0.01994183670696442
log-power-percx.pathfinder.klw	Risky second	14.0	1.5362532507970992	dp_scale	0.001784198330489671	0.00936319111842862	0.017757206481312918
log-power-percx.pathfinder.klw	Risky second	14.0	1.579003123844529	dp_scale	0.0008706244838325795	0.0077986314759834145	0.015426992544136561
log-power-percx.pathfinder.klw	Risky second	14.0	1.6229426130210856	dp_scale	-0.0001436189840293005	0.006171677374918162	0.013093776508426313
log-power-percx.pathfinder.klw	Risky second	14.0	1.6681048222036647	dp_scale	-0.0011238068843115398	0.00451012480098968	0.010513501129100104
log-power-percx.pathfinder.klw	Risky second	14.0	1.714523776462679	dp_scale	-0.0024133482727153183	0.0027895577782252787	0.008296319358618007
log-power-percx.pathfinder.klw	Risky second	14.0	1.7622344476964418	dp_scale	-0.003898687094672074	0.0011013453887190046	0.006297647850619611
log-power-percx.pathfinder.klw	Risky second	14.0	1.8112727809788889	dp_scale	-0.005505531262213859	-0.0005407268653040856	0.004454787264463444
log-power-percx.pathfinder.klw	Risky second	14.0	1.861675721640487	dp_scale	-0.007328264899095082	-0.002074849751555888	0.0029894432305476895
log-power-percx.pathfinder.klw	Risky second	14.0	1.9134812431027324	dp_scale	-0.00918258849359646	-0.0035152253223740587	0.0018208372694334463
log-power-percx.pathfinder.klw	Risky second	14.0	1.9667283754872122	dp_scale	-0.011076836830709409	-0.00480448164937467	0.0009776645768100197
log-power-percx.pathfinder.klw	Risky second	14.0	2.021457235020777	dp_scale	-0.012685071504169695	-0.005937168824461924	0.0001625237613178851
log-power-percx.pathfinder.klw	Risky second	14.0	2.0777090542589844	dp_scale	-0.01428823275719435	-0.006931609422263918	-0.00042580604319459345
log-power-percx.pathfinder.klw	Risky second	14.0	2.1355262131505808	dp_scale	-0.01566828613401756	-0.007774251441287552	-0.0009109526077039573
log-power-percx.pathfinder.klw	Risky second	14.0	2.1949522709664246	dp_scale	-0.016692335487658326	-0.008466538611965162	-0.0013625367912446582
log-power-percx.pathfinder.klw	Risky second	14.0	2.256031999116908	dp_scale	-0.01748665567773391	-0.009041050041198399	-0.0016439829280171115
log-power-percx.pathfinder.klw	Risky second	14.0	2.3188114148826	dp_scale	-0.018159390598893346	-0.009508092885936433	-0.0019175648325058493
log-power-percx.pathfinder.klw	Risky second	14.0	2.3833378160835275	dp_scale	-0.018627091386852857	-0.00983680016053596	-0.002128648557325023
log-power-percx.pathfinder.klw	Risky second	14.0	2.4496598167132055	dp_scale	-0.018990931118622698	-0.010094691071411848	-0.002265210382516224
log-power-percx.pathfinder.klw	Risky second	14.0	2.5178273835642724	dp_scale	-0.019108948391787495	-0.010252040268286064	-0.002466686134181879
log-power-percx.pathfinder.klw	Risky second	14.0	2.58789187387332	dp_scale	-0.01902823957635226	-0.010328392313428008	-0.002640010836041836
log-power-percx.pathfinder.klw	Risky second	14.0	2.659906074013276	dp_scale	-0.018986170908207662	-0.010310562398126416	-0.002726527329636681
log-power-percx.pathfinder.klw	Risky second	14.0	2.7339242392624983	dp_scale	-0.018850037470959244	-0.010266025383262895	-0.0027435022083397943
log-power-percx.pathfinder.klw	Risky second	14.0	2.8100021346805373	dp_scale	-0.018597375819358216	-0.010185647913694161	-0.002787185150777886
log-power-percx.pathfinder.klw	Risky second	14.0	2.8881970771213568	dp_scale	-0.01834528447159951	-0.010048248425736324	-0.0028243194989765225
log-power-percx.pathfinder.klw	Risky second	14.0	2.9685679784156793	dp_scale	-0.01796218282990394	-0.009878491661092555	-0.0028060714395734027
log-power-percx.pathfinder.klw	Risky second	14.0	3.051175389754982	dp_scale	-0.017580707574731676	-0.009657200935377116	-0.0027383239635164393
log-power-percx.pathfinder.klw	Risky second	14.0	3.1360815473105736	dp_scale	-0.017177362118059272	-0.009367403693427957	-0.0026029622199051894
log-power-percx.pathfinder.klw	Risky second	14.0	3.2233504191221405	dp_scale	-0.0165558718733577	-0.009030604742695108	-0.0024982013119754245
log-power-percx.pathfinder.klw	Risky second	14.0	3.31304775329107	dp_scale	-0.015943322359874296	-0.008688999089497825	-0.0022710435412142006
log-power-percx.pathfinder.klw	Risky second	14.0	3.40524112751487	dp_scale	-0.015289619965300913	-0.008268436782030585	-0.002068440604317652
log-power-percx.pathfinder.klw	Risky second	14.0	3.5000000000000004	dp_scale	-0.01463629060093745	-0.007844005347602673	-0.001913826324733731
log-power-percx.pathfinder.klw	Risky second	14.0	1.2	dp_interaction	-0.01334616239490782	-0.00600852292072953	-0.0018482502578508286
log-power-percx.pathfinder.klw	Risky second	14.0	1.233392832614218	dp_interaction	-0.01414894791152936	-0.0067466262997269676	-0.002390556345405185
log-power-percx.pathfinder.klw	Risky second	14.0	1.267714899620104	dp_interaction	-0.014654323098024554	-0.007379446203850835	-0.0028414778581692464
log-power-percx.pathfinder.klw	Risky second	14.0	1.3029920591580744	dp_interaction	-0.015184149552956234	-0.007841689275834077	-0.00322521741953328
log-power-percx.pathfinder.klw	Risky second	14.0	1.339250888932342	dp_interaction	-0.015332314440504983	-0.00810908058538733	-0.003432680317790138
log-power-percx.pathfinder.klw	Risky second	14.0	1.3765187062344757	dp_interaction	-0.01525073134587283	-0.008179423274795285	-0.003532143141627161
log-power-percx.pathfinder.klw	Risky second	14.0	1.4148235885241658	dp_interaction	-0.014897587150786384	-0.008062244361237899	-0.0035317363993859737
log-power-percx.pathfinder.klw	Risky second	14.0	1.454194394582695	dp_interaction	-0.014364662571579825	-0.007742691815070056	-0.0033845008848284535
log-power-percx.pathfinder.klw	Risky second	14.0	1.4946607862550567	dp_interaction	-0.01363397878323129	-0.007290056426649118	-0.0031351628698354952
log-power-percx.pathfinder.klw	Risky second	14.0	1.5362532507970992	dp_interaction	-0.012619405372061496	-0.006664201232803785	-0.0027576223545379055
log-power-percx.pathfinder.klw	Risky second	14.0	1.579003123844529	dp_interaction	-0.01139003025557703	-0.005874481001771481	-0.0022871813332424095
log-power-percx.pathfinder.klw	Risky second	14.0	1.6229426130210856	dp_interaction	-0.010047255859036545	-0.00497115312933775	-0.00173388963407591
log-power-percx.pathfinder.klw	Risky second	14.0	1.6681048222036647	dp_interaction	-0.008550922375934338	-0.003990902286380822	-0.0011004012750000112
log-power-percx.pathfinder.klw	Risky second	14.0	1.714523776462679	dp_interaction	-0.006977097334636891	-0.0029619086006832974	-0.000374404679062631
log-power-percx.pathfinder.klw	Risky second	14.0	1.7622344476964418	dp_interaction	-0.005432970175972683	-0.0019141874185961806	0.0005698002030446467
log-power-percx.pathfinder.klw	Risky second	14.0	1.8112727809788889	dp_interaction	-0.0040041282600906305	-0.000857804054612718	0.0016474148414729831
log-power-percx.pathfinder.klw	Risky second	14.0	1.861675721640487	dp_interaction	-0.002636081899107734	0.00018525239921476287	0.0028758032549938317
log-power-percx.pathfinder.klw	Risky second	14.0	1.9134812431027324	dp_interaction	-0.0014750750163757486	0.0011789799288638607	0.0041557605161934965
log-power-percx.pathfinder.klw	Risky second	14.0	1.9667283754872122	dp_interaction	-0.0004853625117849744	0.002133583870707945	0.005430039004572861
log-power-percx.pathfinder.klw	Risky second	14.0	2.021457235020777	dp_interaction	0.0003637211097866917	0.003053903942497462	0.0066570914906645485
log-power-percx.pathfinder.klw	Risky second	14.0	2.0777090542589844	dp_interaction	0.0011464704152061925	0.003896641251277886	0.007829141973622994
log-power-percx.pathfinder.klw	Risky second	14.0	2.1355262131505808	dp_interaction	0.0017699994613951226	0.0046548579516942174	0.008935423404860221
log-power-percx.pathfinder.klw	Risky second	14.0	2.1949522709664246	dp_interaction	0.002274525239363889	0.005337536941210303	0.009897082771386815
log-power-percx.pathfinder.klw	Risky second	14.0	2.256031999116908	dp_interaction	0.0027060613752210617	0.005933460715818913	0.010826836496386645
log-power-percx.pathfinder.klw	Risky second	14.0	2.3188114148826	dp_interaction	0.003108571872337675	0.006484398371372832	0.011535187128439763
log-power-percx.pathfinder.klw	Risky second	14.0	2.3833378160835275	dp_interaction	0.003397021210055379	0.00693710566191116	0.012285242453189089
log-power-percx.pathfinder.klw	Risky second	14.0	2.4496598167132055	dp_interaction	0.0036038215272733943	0.007318847137954394	0.012862127031175664
log-power-percx.pathfinder.klw	Risky second	14.0	2.5178273835642724	dp_interaction	0.0037325444952041975	0.007610764111800469	0.01321744003028945
log-power-percx.pathfinder.klw	Risky second	14.0	2.58789187387332	dp_interaction	0.0038082315937696285	0.007818489893436368	0.013505491290520774
log-power-percx.pathfinder.klw	Risky second	14.0	2.659906074013276	dp_interaction	0.0037905082416445092	0.007927582225243915	0.013727642930754246
log-power-percx.pathfinder.klw	Risky second	14.0	2.7339242392624983	dp_interaction	0.00371148075418604	0.007967301761071095	0.013841508795820558
log-power-percx.pathfinder.klw	Risky second	14.0	2.8100021346805373	dp_interaction	0.0035962495443157363	0.007898780083112894	0.01385088862535907
log-power-percx.pathfinder.klw	Risky second	14.0	2.8881970771213568	dp_interaction	0.0033235529324663797	0.007749530532409528	0.013797370286023316
log-power-percx.pathfinder.klw	Risky second	14.0	2.9685679784156793	dp_interaction	0.003022599626750528	0.007494333157489753	0.013529291049821745
log-power-percx.pathfinder.klw	Risky second	14.0	3.051175389754982	dp_interaction	0.0026927424072905547	0.007148565681875297	0.013147868969137218
log-power-percx.pathfinder.klw	Risky second	14.0	3.1360815473105736	dp_interaction	0.002321721837052856	0.006707272634411069	0.012533966060814916
log-power-percx.pathfinder.klw	Risky second	14.0	3.2233504191221405	dp_interaction	0.0019154360257087773	0.006172828064445443	0.01180832479008979
log-power-percx.pathfinder.klw	Risky second	14.0	3.31304775329107	dp_interaction	0.0014786628043548672	0.005554994001742981	0.011028555567024513
log-power-percx.pathfinder.klw	Risky second	14.0	3.40524112751487	dp_interaction	0.0009132419933536382	0.004872827929433088	0.010137715805948546
log-power-percx.pathfinder.klw	Risky second	14.0	3.5000000000000004	dp_interaction	0.0003243987475558799	0.004165623372574454	0.009209143793006415
log-power-percx.pathfinder.klw	Risky second	14.0	1.2	num_shift	0.0015883107623692256	0.019276656605021345	0.03928650415451048
log-power-percx.pathfinder.klw	Risky second	14.0	1.233392832614218	num_shift	0.001139546571139886	0.01827086123885068	0.03766923662622088
log-power-percx.pathfinder.klw	Risky second	14.0	1.267714899620104	num_shift	0.0006617710070069943	0.017360498163861107	0.036139927258117106
log-power-percx.pathfinder.klw	Risky second	14.0	1.3029920591580744	num_shift	0.00012016379188063822	0.01641469353609086	0.034663657081922934
log-power-percx.pathfinder.klw	Risky second	14.0	1.339250888932342	num_shift	-0.0003039935273364393	0.015589511984659663	0.03327093534494408
log-power-percx.pathfinder.klw	Risky second	14.0	1.3765187062344757	num_shift	-0.0008928363455509079	0.014830184428494578	0.03209357896782016
log-power-percx.pathfinder.klw	Risky second	14.0	1.4148235885241658	num_shift	-0.0012439979828260594	0.014053866470557211	0.03078015022560327
log-power-percx.pathfinder.klw	Risky second	14.0	1.454194394582695	num_shift	-0.001732078535523655	0.013414655032755692	0.029697709557607744
log-power-percx.pathfinder.klw	Risky second	14.0	1.4946607862550567	num_shift	-0.002119768074255938	0.012752842345409505	0.02861186505052633
log-power-percx.pathfinder.klw	Risky second	14.0	1.5362532507970992	num_shift	-0.0023544261108204754	0.012144121250834724	0.02772214497394294
log-power-percx.pathfinder.klw	Risky second	14.0	1.579003123844529	num_shift	-0.002760456029048657	0.011610397089288856	0.026935025349265684
log-power-percx.pathfinder.klw	Risky second	14.0	1.6229426130210856	num_shift	-0.0029867004062905157	0.011132879745176207	0.026302405345643834
log-power-percx.pathfinder.klw	Risky second	14.0	1.6681048222036647	num_shift	-0.003261851625477944	0.010736293091196105	0.025677768680573303
log-power-percx.pathfinder.klw	Risky second	14.0	1.714523776462679	num_shift	-0.0035316860024804915	0.01039246371327697	0.025188204215889874
log-power-percx.pathfinder.klw	Risky second	14.0	1.7622344476964418	num_shift	-0.0038457860096122983	0.010072640323428849	0.024837377335004046
log-power-percx.pathfinder.klw	Risky second	14.0	1.8112727809788889	num_shift	-0.0038526863216168258	0.009857230375701978	0.024488618540272802
log-power-percx.pathfinder.klw	Risky second	14.0	1.861675721640487	num_shift	-0.004075177563619724	0.009772690270892545	0.024435501956863365
log-power-percx.pathfinder.klw	Risky second	14.0	1.9134812431027324	num_shift	-0.004258265077956624	0.009709980396105435	0.02447500913590605
log-power-percx.pathfinder.klw	Risky second	14.0	1.9667283754872122	num_shift	-0.004211538239886719	0.009710523906182102	0.02467721379140646
log-power-percx.pathfinder.klw	Risky second	14.0	2.021457235020777	num_shift	-0.004232962139941683	0.009817238772579968	0.02494278697321127
log-power-percx.pathfinder.klw	Risky second	14.0	2.0777090542589844	num_shift	-0.004264022965218093	0.010035612285370917	0.02524350761648153
log-power-percx.pathfinder.klw	Risky second	14.0	2.1355262131505808	num_shift	-0.0043168780220913545	0.01029942105075276	0.025773680557131116
log-power-percx.pathfinder.klw	Risky second	14.0	2.1949522709664246	num_shift	-0.00441898939118097	0.010641946997297678	0.026490180585519114
log-power-percx.pathfinder.klw	Risky second	14.0	2.256031999116908	num_shift	-0.004365879303156195	0.011109606398492535	0.02747843378812327
log-power-percx.pathfinder.klw	Risky second	14.0	2.3188114148826	num_shift	-0.004279478783892033	0.011638263630694904	0.028368517636501087
log-power-percx.pathfinder.klw	Risky second	14.0	2.3833378160835275	num_shift	-0.0041606764550639105	0.012224728173768514	0.029647866876200777
log-power-percx.pathfinder.klw	Risky second	14.0	2.4496598167132055	num_shift	-0.004104579415474484	0.012921239879346704	0.030796038043978624
log-power-percx.pathfinder.klw	Risky second	14.0	2.5178273835642724	num_shift	-0.003941408287651277	0.013796921130265438	0.03215187748925195
log-power-percx.pathfinder.klw	Risky second	14.0	2.58789187387332	num_shift	-0.0036617103561541017	0.014721203015534881	0.03375740987437637
log-power-percx.pathfinder.klw	Risky second	14.0	2.659906074013276	num_shift	-0.0033762210982890683	0.015682848060292187	0.03549749567842795
log-power-percx.pathfinder.klw	Risky second	14.0	2.7339242392624983	num_shift	-0.002705740283897958	0.01674006655730636	0.03742317986808999
log-power-percx.pathfinder.klw	Risky second	14.0	2.8100021346805373	num_shift	-0.002100918873917585	0.017860528937834623	0.039390985583698156
log-power-percx.pathfinder.klw	Risky second	14.0	2.8881970771213568	num_shift	-0.0015381071941262998	0.01909015412466387	0.041515068601852785
log-power-percx.pathfinder.klw	Risky second	14.0	2.9685679784156793	num_shift	-0.0010786639643609272	0.02046710226511919	0.04367927382638254
log-power-percx.pathfinder.klw	Risky second	14.0	3.051175389754982	num_shift	-0.0006053958945819222	0.021908991453413424	0.04608100457552202
log-power-percx.pathfinder.klw	Risky second	14.0	3.1360815473105736	num_shift	-1.3706297592139796e-05	0.02342780884066742	0.048636699637467355
log-power-percx.pathfinder.klw	Risky second	14.0	3.2233504191221405	num_shift	0.000671588540463182	0.025058889158442843	0.05131805650365813
log-power-percx.pathfinder.klw	Risky second	14.0	3.31304775329107	num_shift	0.001269224517348919	0.026805157491589585	0.05431014051017037
log-power-percx.pathfinder.klw	Risky second	14.0	3.40524112751487	num_shift	0.0018160463693670512	0.028699833184308614	0.05753280046570713
log-power-percx.pathfinder.klw	Risky second	14.0	3.5000000000000004	num_shift	0.0025406048701468818	0.030682596839572668	0.06077963394956054
log-power-percx.pathfinder.klw	Risky second	14.0	1.2	den_ratio	1.0385005017616509	1.0989521518947882	1.1703541376823732
log-power-percx.pathfinder.klw	Risky second	14.0	1.233392832614218	den_ratio	1.0378686525737404	1.097749750992782	1.1684913105748833
log-power-percx.pathfinder.klw	Risky second	14.0	1.267714899620104	den_ratio	1.0372788347973467	1.0966468136347332	1.1666490598136279
log-power-percx.pathfinder.klw	Risky second	14.0	1.3029920591580744	den_ratio	1.0369492534142932	1.095561312985382	1.165197217804784
log-power-percx.pathfinder.klw	Risky second	14.0	1.339250888932342	den_ratio	1.0364202737421957	1.0944573662065844	1.1634340087530783
log-power-percx.pathfinder.klw	Risky second	14.0	1.3765187062344757	den_ratio	1.0360776753937262	1.0934066999220375	1.1616309494463322
log-power-percx.pathfinder.klw	Risky second	14.0	1.4148235885241658	den_ratio	1.0353604077388832	1.0922539585798052	1.1599081969430522
log-power-percx.pathfinder.klw	Risky second	14.0	1.454194394582695	den_ratio	1.0347229289473838	1.091135015332569	1.1585241341161767
log-power-percx.pathfinder.klw	Risky second	14.0	1.4946607862550567	den_ratio	1.0341222531433836	1.0899691616266538	1.1570312871010864
log-power-percx.pathfinder.klw	Risky second	14.0	1.5362532507970992	den_ratio	1.033678980407043	1.0889499819834385	1.155341375926362
log-power-percx.pathfinder.klw	Risky second	14.0	1.579003123844529	den_ratio	1.0332353850014526	1.0878202843760025	1.1537140427441293
log-power-percx.pathfinder.klw	Risky second	14.0	1.6229426130210856	den_ratio	1.0325135189102435	1.0867958876862638	1.1521926231220043
log-power-percx.pathfinder.klw	Risky second	14.0	1.6681048222036647	den_ratio	1.031584151960595	1.0857280091855501	1.150706284630855
log-power-percx.pathfinder.klw	Risky second	14.0	1.714523776462679	den_ratio	1.0307602343140578	1.0846639617139116	1.1490194567465657
log-power-percx.pathfinder.klw	Risky second	14.0	1.7622344476964418	den_ratio	1.0302300094424477	1.083592297069052	1.1472546327842825
log-power-percx.pathfinder.klw	Risky second	14.0	1.8112727809788889	den_ratio	1.029806342515479	1.0825257464753384	1.14587351807211
log-power-percx.pathfinder.klw	Risky second	14.0	1.861675721640487	den_ratio	1.0291456616985246	1.08132208117213	1.1438146229394908
log-power-percx.pathfinder.klw	Risky second	14.0	1.9134812431027324	den_ratio	1.0284927803660942	1.0803335951279625	1.1423229293683166
log-power-percx.pathfinder.klw	Risky second	14.0	1.9667283754872122	den_ratio	1.028065608226761	1.079402781821876	1.1406791550678124
log-power-percx.pathfinder.klw	Risky second	14.0	2.021457235020777	den_ratio	1.0273302668492357	1.0784390444429215	1.1392657416213436
log-power-percx.pathfinder.klw	Risky second	14.0	2.0777090542589844	den_ratio	1.0267508019067877	1.0774269717438079	1.137546841944303
log-power-percx.pathfinder.klw	Risky second	14.0	2.1355262131505808	den_ratio	1.0259885513144678	1.0763524439002956	1.1361002634244919
log-power-percx.pathfinder.klw	Risky second	14.0	2.1949522709664246	den_ratio	1.0252563415123255	1.0753952891896517	1.1345684277100558
log-power-percx.pathfinder.klw	Risky second	14.0	2.256031999116908	den_ratio	1.0246831769046252	1.0744231294102526	1.1334324649575311
log-power-percx.pathfinder.klw	Risky second	14.0	2.3188114148826	den_ratio	1.0244608315644168	1.0734751084737009	1.131682880062197
log-power-percx.pathfinder.klw	Risky second	14.0	2.3833378160835275	den_ratio	1.0239001458494852	1.072564647097684	1.1301966404069639
log-power-percx.pathfinder.klw	Risky second	14.0	2.4496598167132055	den_ratio	1.0231479699604735	1.0717366831199846	1.129090577702089
log-power-percx.pathfinder.klw	Risky second	14.0	2.5178273835642724	den_ratio	1.0225316645520839	1.0708151411991427	1.1277101613819018
log-power-percx.pathfinder.klw	Risky second	14.0	2.58789187387332	den_ratio	1.021996197089238	1.0699648817564043	1.1261239457810424
log-power-percx.pathfinder.klw	Risky second	14.0	2.659906074013276	den_ratio	1.021697866263046	1.069307926436029	1.1247258596998682
log-power-percx.pathfinder.klw	Risky second	14.0	2.7339242392624983	den_ratio	1.0212897699532877	1.0685365457196534	1.1232795730575174
log-power-percx.pathfinder.klw	Risky second	14.0	2.8100021346805373	den_ratio	1.0207866818145674	1.067846445260982	1.1223580627111294
log-power-percx.pathfinder.klw	Risky second	14.0	2.8881970771213568	den_ratio	1.020130869429671	1.067088636072198	1.1215583064838772
log-power-percx.pathfinder.klw	Risky second	14.0	2.9685679784156793	den_ratio	1.019670143105821	1.066333619817014	1.1204224847904636
log-power-percx.pathfinder.klw	Risky second	14.0	3.051175389754982	den_ratio	1.0190396960018497	1.0656233474369667	1.119401232467247
log-power-percx.pathfinder.klw	Risky second	14.0	3.1360815473105736	den_ratio	1.0186302697416414	1.0648478427656376	1.118583861372022
log-power-percx.pathfinder.klw	Risky second	14.0	3.2233504191221405	den_ratio	1.0181092293793135	1.0641439729366962	1.1178992951599265
log-power-percx.pathfinder.klw	Risky second	14.0	3.31304775329107	den_ratio	1.0175985554582723	1.0635846565253195	1.1170456473287669
log-power-percx.pathfinder.klw	Risky second	14.0	3.40524112751487	den_ratio	1.0169772460690176	1.0629518619077136	1.1164850580448864
log-power-percx.pathfinder.klw	Risky second	14.0	3.5000000000000004	den_ratio	1.0166741527500875	1.0624005705547004	1.1158102184487968
log-power-percx.pathfinder.klw	Risky second	20.0	1.2	p_vertex	0.1537947245292327	0.17866240622723967	0.20492560542459778
log-power-percx.pathfinder.klw	Risky second	20.0	1.233392832614218	p_vertex	0.17019396718742805	0.19521254903292665	0.2216065003728302
log-power-percx.pathfinder.klw	Risky second	20.0	1.267714899620104	p_vertex	0.18726998184605495	0.21259704418515157	0.23865539295903374
log-power-percx.pathfinder.klw	Risky second	20.0	1.3029920591580744	p_vertex	0.20553141731409763	0.23068266386340108	0.25657007903573276
log-power-percx.pathfinder.klw	Risky second	20.0	1.339250888932342	p_vertex	0.22452287524051345	0.24942762484007425	0.2751160800897761
log-power-percx.pathfinder.klw	Risky second	20.0	1.3765187062344757	p_vertex	0.24420752537219567	0.2689164893332773	0.29430414306454206
log-power-percx.pathfinder.klw	Risky second	20.0	1.4148235885241658	p_vertex	0.26436490508288607	0.28890563554270965	0.3140322040507444
log-power-percx.pathfinder.klw	Risky second	20.0	1.454194394582695	p_vertex	0.2854024570930419	0.30935733353518763	0.33420468578630924
log-power-percx.pathfinder.klw	Risky second	20.0	1.4946607862550567	p_vertex	0.30668440433512995	0.33018286807147673	0.35463003151526407
log-power-percx.pathfinder.klw	Risky second	20.0	1.5362532507970992	p_vertex	0.3284447894637763	0.35142799574320005	0.3754178750440237
log-power-percx.pathfinder.klw	Risky second	20.0	1.579003123844529	p_vertex	0.3503267729783318	0.37285683070348546	0.39670761573407237
log-power-percx.pathfinder.klw	Risky second	20.0	1.6229426130210856	p_vertex	0.372593474157842	0.39436300197499174	0.41798902085597694
log-power-percx.pathfinder.klw	Risky second	20.0	1.6681048222036647	p_vertex	0.3946096318130599	0.4159854042184224	0.43923900651770015
log-power-percx.pathfinder.klw	Risky second	20.0	1.714523776462679	p_vertex	0.4165435381141199	0.4374816802625012	0.4606738459352845
log-power-percx.pathfinder.klw	Risky second	20.0	1.7622344476964418	p_vertex	0.4384554635471964	0.45905207983524454	0.4817820476368565
log-power-percx.pathfinder.klw	Risky second	20.0	1.8112727809788889	p_vertex	0.45997643182447967	0.48030915773384875	0.5024790620796225
log-power-percx.pathfinder.klw	Risky second	20.0	1.861675721640487	p_vertex	0.48076661972253354	0.5012774221037788	0.523053208807423
log-power-percx.pathfinder.klw	Risky second	20.0	1.9134812431027324	p_vertex	0.5012128234750585	0.5217952200928964	0.5436088596947053
log-power-percx.pathfinder.klw	Risky second	20.0	1.9667283754872122	p_vertex	0.5208745879753444	0.5417457124611644	0.5636558464996486
log-power-percx.pathfinder.klw	Risky second	20.0	2.021457235020777	p_vertex	0.5402097468741273	0.5610817278067413	0.5827494822291812
log-power-percx.pathfinder.klw	Risky second	20.0	2.0777090542589844	p_vertex	0.5589696448357836	0.5800245435462068	0.6019240411989007
log-power-percx.pathfinder.klw	Risky second	20.0	2.1355262131505808	p_vertex	0.5768308903502882	0.5982339230002882	0.620010051292496
log-power-percx.pathfinder.klw	Risky second	20.0	2.1949522709664246	p_vertex	0.594015632208213	0.6156633462820374	0.6371726078009157
log-power-percx.pathfinder.klw	Risky second	20.0	2.256031999116908	p_vertex	0.6104999203450945	0.632244463253842	0.65371041265447
log-power-percx.pathfinder.klw	Risky second	20.0	2.3188114148826	p_vertex	0.6262322812044149	0.6480491249927887	0.6695565228957673
log-power-percx.pathfinder.klw	Risky second	20.0	2.3833378160835275	p_vertex	0.6410241400189249	0.6630359289967933	0.6846283692651395
log-power-percx.pathfinder.klw	Risky second	20.0	2.4496598167132055	p_vertex	0.6550275647707723	0.6770147550080792	0.6988043291301052
log-power-percx.pathfinder.klw	Risky second	20.0	2.5178273835642724	p_vertex	0.6683184046185979	0.6902128745541288	0.7120234790027993
log-power-percx.pathfinder.klw	Risky second	20.0	2.58789187387332	p_vertex	0.680574124705396	0.7026505055771697	0.7245440052154799
log-power-percx.pathfinder.klw	Risky second	20.0	2.659906074013276	p_vertex	0.6918912522279423	0.7142544018989723	0.7364523506105403
log-power-percx.pathfinder.klw	Risky second	20.0	2.7339242392624983	p_vertex	0.7025812608750572	0.7250920299872531	0.7472506893547443
log-power-percx.pathfinder.klw	Risky second	20.0	2.8100021346805373	p_vertex	0.7124734641784699	0.7352134137721101	0.7575197616697019
log-power-percx.pathfinder.klw	Risky second	20.0	2.8881970771213568	p_vertex	0.7215144133438984	0.7445694482199736	0.7671733924577021
log-power-percx.pathfinder.klw	Risky second	20.0	2.9685679784156793	p_vertex	0.7298001167936979	0.7532445754716622	0.775668079287878
log-power-percx.pathfinder.klw	Risky second	20.0	3.051175389754982	p_vertex	0.7372658350188659	0.7614411889437114	0.7837317799954004
log-power-percx.pathfinder.klw	Risky second	20.0	3.1360815473105736	p_vertex	0.7443767203353616	0.7689994051629083	0.7913210447372637
log-power-percx.pathfinder.klw	Risky second	20.0	3.2233504191221405	p_vertex	0.751079832712261	0.7759562977399266	0.7985908567720735
log-power-percx.pathfinder.klw	Risky second	20.0	3.31304775329107	p_vertex	0.7570669958708977	0.7822954877293489	0.8051894481581219
log-power-percx.pathfinder.klw	Risky second	20.0	3.40524112751487	p_vertex	0.7628337274602232	0.7881646653478535	0.8114129654447885
log-power-percx.pathfinder.klw	Risky second	20.0	3.5000000000000004	p_vertex	0.7679007768305921	0.7936044056386543	0.817122983811061
log-power-percx.pathfinder.klw	Risky second	20.0	1.2	p_full	0.18602922202173758	0.21223380103806222	0.24007545791043725
log-power-percx.pathfinder.klw	Risky second	20.0	1.233392832614218	p_full	0.20233042669939835	0.22852420224615327	0.25638195799883684
log-power-percx.pathfinder.klw	Risky second	20.0	1.267714899620104	p_full	0.2193479318149393	0.24547140368413317	0.27281247192723196
log-power-percx.pathfinder.klw	Risky second	20.0	1.3029920591580744	p_full	0.23689200302904515	0.262763363876939	0.2899226643083711
log-power-percx.pathfinder.klw	Risky second	20.0	1.339250888932342	p_full	0.2550004904630736	0.2806171572426924	0.30754691294255493
log-power-percx.pathfinder.klw	Risky second	20.0	1.3765187062344757	p_full	0.2736804651374542	0.2989196856222464	0.32548622477433237
log-power-percx.pathfinder.klw	Risky second	20.0	1.4148235885241658	p_full	0.2927040902173661	0.31763735630490036	0.3437458527948157
log-power-percx.pathfinder.klw	Risky second	20.0	1.454194394582695	p_full	0.3121874950337934	0.33670601863648153	0.3624225918628612
log-power-percx.pathfinder.klw	Risky second	20.0	1.4946607862550567	p_full	0.33186619140992274	0.35603912968433116	0.3814546188827528
log-power-percx.pathfinder.klw	Risky second	20.0	1.5362532507970992	p_full	0.3517704871113912	0.3756152373524547	0.4005084891463119
log-power-percx.pathfinder.klw	Risky second	20.0	1.579003123844529	p_full	0.37205131870720476	0.3953707038653469	0.41975861852020147
log-power-percx.pathfinder.klw	Risky second	20.0	1.6229426130210856	p_full	0.39237921971342615	0.41513985065557135	0.4388460682160672
log-power-percx.pathfinder.klw	Risky second	20.0	1.6681048222036647	p_full	0.41264639429445776	0.4350776491408117	0.4579275955115466
log-power-percx.pathfinder.klw	Risky second	20.0	1.714523776462679	p_full	0.43313802360065434	0.45485379426682676	0.4773456312224338
log-power-percx.pathfinder.klw	Risky second	20.0	1.7622344476964418	p_full	0.45318678803846996	0.4746254671538128	0.496411395279652
log-power-percx.pathfinder.klw	Risky second	20.0	1.8112727809788889	p_full	0.4731352267068598	0.4943347259247165	0.5156428961189946
log-power-percx.pathfinder.klw	Risky second	20.0	1.861675721640487	p_full	0.4928535186135191	0.513690231394484	0.5348690005587989
log-power-percx.pathfinder.klw	Risky second	20.0	1.9134812431027324	p_full	0.512508188874088	0.5328335944521445	0.553754392663578
log-power-percx.pathfinder.klw	Risky second	20.0	1.9667283754872122	p_full	0.5315907331226074	0.5517383161782617	0.5724436363893498
log-power-percx.pathfinder.klw	Risky second	20.0	2.021457235020777	p_full	0.5503458992968665	0.5702450599566051	0.5905430623269567
log-power-percx.pathfinder.klw	Risky second	20.0	2.0777090542589844	p_full	0.5686652210852445	0.5883340522658299	0.6086940414732177
log-power-percx.pathfinder.klw	Risky second	20.0	2.1355262131505808	p_full	0.5867355310820229	0.6061076323797687	0.6263009762103093
log-power-percx.pathfinder.klw	Risky second	20.0	2.1949522709664246	p_full	0.6040797160610225	0.6235350657850047	0.6436519192407283
log-power-percx.pathfinder.klw	Risky second	20.0	2.256031999116908	p_full	0.6210501704710202	0.6404043360950089	0.6603938557977883
log-power-percx.pathfinder.klw	Risky second	20.0	2.3188114148826	p_full	0.6373165499787308	0.6567460508683086	0.676834861844901
log-power-percx.pathfinder.klw	Risky second	20.0	2.3833378160835275	p_full	0.653239333778577	0.6725671846005215	0.6928636693742732
log-power-percx.pathfinder.klw	Risky second	20.0	2.4496598167132055	p_full	0.66827556864292	0.6878253912882748	0.7081939212582267
log-power-percx.pathfinder.klw	Risky second	20.0	2.5178273835642724	p_full	0.682946851408055	0.7025366996332769	0.7230065286970859
log-power-percx.pathfinder.klw	Risky second	20.0	2.58789187387332	p_full	0.6968813260074896	0.71674590122541	0.7371324678454544
log-power-percx.pathfinder.klw	Risky second	20.0	2.659906074013276	p_full	0.7103453194928022	0.7304425505697363	0.750664471884431
log-power-percx.pathfinder.klw	Risky second	20.0	2.7339242392624983	p_full	0.7231210621257131	0.7435697765109182	0.7637066652135227
log-power-percx.pathfinder.klw	Risky second	20.0	2.8100021346805373	p_full	0.7354931309422078	0.7560536813573562	0.7762147663926886
log-power-percx.pathfinder.klw	Risky second	20.0	2.8881970771213568	p_full	0.747203726803675	0.7679217441519741	0.7883045769980852
log-power-percx.pathfinder.klw	Risky second	20.0	2.9685679784156793	p_full	0.758042961058801	0.7793351363549352	0.7999506266866195
log-power-percx.pathfinder.klw	Risky second	20.0	3.051175389754982	p_full	0.7683965613280163	0.7901355857360971	0.8110610594624599
log-power-percx.pathfinder.klw	Risky second	20.0	3.1360815473105736	p_full	0.7783507223083177	0.8002863459330751	0.8214884277509272
log-power-percx.pathfinder.klw	Risky second	20.0	3.2233504191221405	p_full	0.7877036742462772	0.8098796903779224	0.8313314261872015
log-power-percx.pathfinder.klw	Risky second	20.0	3.31304775329107	p_full	0.7964112160949494	0.8190782370461441	0.8406753491168317
log-power-percx.pathfinder.klw	Risky second	20.0	3.40524112751487	p_full	0.804682262448077	0.8278354275663378	0.8495472939606339
log-power-percx.pathfinder.klw	Risky second	20.0	3.5000000000000004	p_full	0.8127119301100798	0.8360563712983154	0.8580257612747225
log-power-percx.pathfinder.klw	Risky second	20.0	1.2	p_bias_only	0.1815373386020965	0.2071683638079798	0.23446727882518922
log-power-percx.pathfinder.klw	Risky second	20.0	1.233392832614218	p_bias_only	0.198073837764237	0.22375335192665052	0.2511717831714525
log-power-percx.pathfinder.klw	Risky second	20.0	1.267714899620104	p_bias_only	0.21521791014222053	0.24102151101563601	0.2685346944346007
log-power-percx.pathfinder.klw	Risky second	20.0	1.3029920591580744	p_bias_only	0.23286107915598225	0.25883991577702214	0.2860455653764446
log-power-percx.pathfinder.klw	Risky second	20.0	1.339250888932342	p_bias_only	0.2513616036538942	0.27711077059337236	0.30418012425633717
log-power-percx.pathfinder.klw	Risky second	20.0	1.3765187062344757	p_bias_only	0.2701684965520752	0.29593759260422475	0.3227440138419207
log-power-percx.pathfinder.klw	Risky second	20.0	1.4148235885241658	p_bias_only	0.2895784738236718	0.31503955727464256	0.34134117669412284
log-power-percx.pathfinder.klw	Risky second	20.0	1.454194394582695	p_bias_only	0.30928658393560693	0.33448076681337574	0.3605530227499108
log-power-percx.pathfinder.klw	Risky second	20.0	1.4946607862550567	p_bias_only	0.3290442922590685	0.3542527783973458	0.37992272060977195
log-power-percx.pathfinder.klw	Risky second	20.0	1.5362532507970992	p_bias_only	0.3493187078308534	0.37415658580361083	0.39949435051251936
log-power-percx.pathfinder.klw	Risky second	20.0	1.579003123844529	p_bias_only	0.369799131865709	0.3942110938924806	0.41924948139461443
log-power-percx.pathfinder.klw	Risky second	20.0	1.6229426130210856	p_bias_only	0.39047820816863177	0.4144172141063759	0.4388770907278579
log-power-percx.pathfinder.klw	Risky second	20.0	1.6681048222036647	p_bias_only	0.4112500736049169	0.4346141546327579	0.45833850188017916
log-power-percx.pathfinder.klw	Risky second	20.0	1.714523776462679	p_bias_only	0.43178129519271646	0.4546977478806201	0.47817396952187297
log-power-percx.pathfinder.klw	Risky second	20.0	1.7622344476964418	p_bias_only	0.4521767920723194	0.4747116602188374	0.49770770660506936
log-power-percx.pathfinder.klw	Risky second	20.0	1.8112727809788889	p_bias_only	0.4722065040932275	0.4944840917389106	0.5171489879421353
log-power-percx.pathfinder.klw	Risky second	20.0	1.861675721640487	p_bias_only	0.49216917531541104	0.5141388889010357	0.53618524557943
log-power-percx.pathfinder.klw	Risky second	20.0	1.9134812431027324	p_bias_only	0.5118043341700695	0.5334225250856954	0.5551410675179551
log-power-percx.pathfinder.klw	Risky second	20.0	1.9667283754872122	p_bias_only	0.5311605403332046	0.5523693367245238	0.5741000059580693
log-power-percx.pathfinder.klw	Risky second	20.0	2.021457235020777	p_bias_only	0.5499934609392877	0.5709767199842635	0.5924779280805174
log-power-percx.pathfinder.klw	Risky second	20.0	2.0777090542589844	p_bias_only	0.5683251188736833	0.5892639867527104	0.6105924915360125
log-power-percx.pathfinder.klw	Risky second	20.0	2.1355262131505808	p_bias_only	0.586407517758233	0.6070461326866261	0.6279355212916335
log-power-percx.pathfinder.klw	Risky second	20.0	2.1949522709664246	p_bias_only	0.6039580918297577	0.6243830651624691	0.6449622807842517
log-power-percx.pathfinder.klw	Risky second	20.0	2.256031999116908	p_bias_only	0.6207550749590106	0.6413290244573738	0.6617111962735525
log-power-percx.pathfinder.klw	Risky second	20.0	2.3188114148826	p_bias_only	0.6374419143881294	0.6576582567522776	0.6780068764790688
log-power-percx.pathfinder.klw	Risky second	20.0	2.3833378160835275	p_bias_only	0.6535772026109608	0.6735189347268459	0.6937541871474189
log-power-percx.pathfinder.klw	Risky second	20.0	2.4496598167132055	p_bias_only	0.6689739114001455	0.6888553302819889	0.708785545303331
log-power-percx.pathfinder.klw	Risky second	20.0	2.5178273835642724	p_bias_only	0.6838567589732089	0.703649492392017	0.7235088231770973
log-power-percx.pathfinder.klw	Risky second	20.0	2.58789187387332	p_bias_only	0.6978666680346202	0.7178917008249655	0.7379578365330981
log-power-percx.pathfinder.klw	Risky second	20.0	2.659906074013276	p_bias_only	0.7115708945724696	0.731580973098997	0.7515625372745128
log-power-percx.pathfinder.klw	Risky second	20.0	2.7339242392624983	p_bias_only	0.7245246820852579	0.7447957067401452	0.7644724004464425
log-power-percx.pathfinder.klw	Risky second	20.0	2.8100021346805373	p_bias_only	0.7367570261531445	0.7573617464787434	0.7770688766211397
log-power-percx.pathfinder.klw	Risky second	20.0	2.8881970771213568	p_bias_only	0.7485303736811527	0.7692919016665314	0.7889782265382932
log-power-percx.pathfinder.klw	Risky second	20.0	2.9685679784156793	p_bias_only	0.7597553990778716	0.7807226261339322	0.8003358471259157
log-power-percx.pathfinder.klw	Risky second	20.0	3.051175389754982	p_bias_only	0.7702336066898521	0.7915908653500461	0.8112313854498336
log-power-percx.pathfinder.klw	Risky second	20.0	3.1360815473105736	p_bias_only	0.7805738954452135	0.8019460785045891	0.8218284232519059
log-power-percx.pathfinder.klw	Risky second	20.0	3.2233504191221405	p_bias_only	0.7900144836713368	0.8116308390094202	0.8317545690048002
log-power-percx.pathfinder.klw	Risky second	20.0	3.31304775329107	p_bias_only	0.7989477670717576	0.8207959311620066	0.841274690737414
log-power-percx.pathfinder.klw	Risky second	20.0	3.40524112751487	p_bias_only	0.8073494535538659	0.8294984903869911	0.8502548955328737
log-power-percx.pathfinder.klw	Risky second	20.0	3.5000000000000004	p_bias_only	0.8153959128363678	0.837678383565562	0.8586778406874522
log-power-percx.pathfinder.klw	Risky second	20.0	1.2	p_scale_only	0.16682495270576644	0.18977547222303087	0.21474445317451796
log-power-percx.pathfinder.klw	Risky second	20.0	1.233392832614218	p_scale_only	0.18304739254322963	0.20632747086384157	0.2312106866726354
log-power-percx.pathfinder.klw	Risky second	20.0	1.267714899620104	p_scale_only	0.2001675528151234	0.2236085299047324	0.24829081556829094
log-power-percx.pathfinder.klw	Risky second	20.0	1.3029920591580744	p_scale_only	0.21772182292545236	0.24148622710759354	0.26610872136943947
log-power-percx.pathfinder.klw	Risky second	20.0	1.339250888932342	p_scale_only	0.23638623833197114	0.25991061633111817	0.28456177308561575
log-power-percx.pathfinder.klw	Risky second	20.0	1.3765187062344757	p_scale_only	0.255242882475688	0.2788896885873833	0.3034128506330998
log-power-percx.pathfinder.klw	Risky second	20.0	1.4148235885241658	p_scale_only	0.2750210211389512	0.2982474354791078	0.32246777346753225
log-power-percx.pathfinder.klw	Risky second	20.0	1.454194394582695	p_scale_only	0.29489008747507667	0.31802823756382365	0.34188765179653746
log-power-percx.pathfinder.klw	Risky second	20.0	1.4946607862550567	p_scale_only	0.3155140865448752	0.33812761436849775	0.36163133074980064
log-power-percx.pathfinder.klw	Risky second	20.0	1.5362532507970992	p_scale_only	0.3362265749097862	0.35846664986843546	0.38168303845218876
log-power-percx.pathfinder.klw	Risky second	20.0	1.579003123844529	p_scale_only	0.3569750183902261	0.3789675583288311	0.40157765740898665
log-power-percx.pathfinder.klw	Risky second	20.0	1.6229426130210856	p_scale_only	0.3777552606154272	0.3994974655118166	0.4220951951775053
log-power-percx.pathfinder.klw	Risky second	20.0	1.6681048222036647	p_scale_only	0.3985730697676184	0.4200318902095235	0.4424657497932309
log-power-percx.pathfinder.klw	Risky second	20.0	1.714523776462679	p_scale_only	0.4192759167610689	0.4405369514814949	0.4628057150392841
log-power-percx.pathfinder.klw	Risky second	20.0	1.7622344476964418	p_scale_only	0.4398011563791512	0.46080887382614133	0.48294204285619124
log-power-percx.pathfinder.klw	Risky second	20.0	1.8112727809788889	p_scale_only	0.46024430483908274	0.4808213886020036	0.5026109134555397
log-power-percx.pathfinder.klw	Risky second	20.0	1.861675721640487	p_scale_only	0.4803441542867859	0.5005323161227364	0.5221639792267361
log-power-percx.pathfinder.klw	Risky second	20.0	1.9134812431027324	p_scale_only	0.499952006777097	0.5199242989283988	0.5410428644408215
log-power-percx.pathfinder.klw	Risky second	20.0	1.9667283754872122	p_scale_only	0.5191640979284518	0.5389503428442926	0.5595510094841081
log-power-percx.pathfinder.klw	Risky second	20.0	2.021457235020777	p_scale_only	0.5377398209950061	0.5574443315192946	0.5778954148147489
log-power-percx.pathfinder.klw	Risky second	20.0	2.0777090542589844	p_scale_only	0.5557639375813992	0.5753527794302993	0.5958291722575898
log-power-percx.pathfinder.klw	Risky second	20.0	2.1355262131505808	p_scale_only	0.5732067734010444	0.5926393309277355	0.6129119571603749
log-power-percx.pathfinder.klw	Risky second	20.0	2.1949522709664246	p_scale_only	0.5900362617125943	0.6094263545424828	0.6294065653956399
log-power-percx.pathfinder.klw	Risky second	20.0	2.256031999116908	p_scale_only	0.6059862606747287	0.6255421709041018	0.6452152576574762
log-power-percx.pathfinder.klw	Risky second	20.0	2.3188114148826	p_scale_only	0.6211919630403979	0.640888463087188	0.6605595682293169
log-power-percx.pathfinder.klw	Risky second	20.0	2.3833378160835275	p_scale_only	0.6357355467873198	0.6555209534138733	0.6753433589008317
log-power-percx.pathfinder.klw	Risky second	20.0	2.4496598167132055	p_scale_only	0.6494927838293079	0.6694284896038548	0.6893197299609094
log-power-percx.pathfinder.klw	Risky second	20.0	2.5178273835642724	p_scale_only	0.6623618944145792	0.6825980280583965	0.7023776901315031
log-power-percx.pathfinder.klw	Risky second	20.0	2.58789187387332	p_scale_only	0.6744798654167976	0.695071879548294	0.7144526218107896
log-power-percx.pathfinder.klw	Risky second	20.0	2.659906074013276	p_scale_only	0.6858128916448318	0.7067894514495514	0.7265232545190765
log-power-percx.pathfinder.klw	Risky second	20.0	2.7339242392624983	p_scale_only	0.6965144963402514	0.7178029981273848	0.7377281189750478
log-power-percx.pathfinder.klw	Risky second	20.0	2.8100021346805373	p_scale_only	0.7066584308475589	0.7280978140944886	0.7482218539772737
log-power-percx.pathfinder.klw	Risky second	20.0	2.8881970771213568	p_scale_only	0.7159533112116938	0.7377226859831767	0.758021866791689
log-power-percx.pathfinder.klw	Risky second	20.0	2.9685679784156793	p_scale_only	0.7248552793216902	0.7466958376504428	0.767400008731042
log-power-percx.pathfinder.klw	Risky second	20.0	3.051175389754982	p_scale_only	0.7327398944840606	0.7550693164040623	0.776019591275468
log-power-percx.pathfinder.klw	Risky second	20.0	3.1360815473105736	p_scale_only	0.7402004499802867	0.7628261653092954	0.7840805089542052
log-power-percx.pathfinder.klw	Risky second	20.0	3.2233504191221405	p_scale_only	0.747119171449582	0.7701473757407264	0.7915715187978356
log-power-percx.pathfinder.klw	Risky second	20.0	3.31304775329107	p_scale_only	0.753333876715868	0.7769288658195468	0.7984887980611377
log-power-percx.pathfinder.klw	Risky second	20.0	3.40524112751487	p_scale_only	0.7592331547685021	0.7831186371268546	0.8052039841695665
log-power-percx.pathfinder.klw	Risky second	20.0	3.5000000000000004	p_scale_only	0.76447832436695	0.7889295128996535	0.8114575590451906
log-power-percx.pathfinder.klw	Risky second	20.0	1.2	dp_full	0.008931179736453866	0.03342833876097364	0.05983539063705787
log-power-percx.pathfinder.klw	Risky second	20.0	1.233392832614218	dp_full	0.00918337311730155	0.03315264227323124	0.05920569171692839
log-power-percx.pathfinder.klw	Risky second	20.0	1.267714899620104	dp_full	0.009347651345001949	0.032679021469782916	0.05782232508409855
log-power-percx.pathfinder.klw	Risky second	20.0	1.3029920591580744	dp_full	0.009464810945592764	0.031985561494233386	0.05623093368093264
log-power-percx.pathfinder.klw	Risky second	20.0	1.339250888932342	dp_full	0.009792183413999364	0.03102046558572465	0.05436670546572697
log-power-percx.pathfinder.klw	Risky second	20.0	1.3765187062344757	dp_full	0.009784693399419325	0.029966647322905826	0.05197147977270427
log-power-percx.pathfinder.klw	Risky second	20.0	1.4148235885241658	dp_full	0.009469214166132106	0.028683721625955685	0.04932468106260601
log-power-percx.pathfinder.klw	Risky second	20.0	1.454194394582695	dp_full	0.009123738895366525	0.027269377570472257	0.04648142407805769
log-power-percx.pathfinder.klw	Risky second	20.0	1.4946607862550567	dp_full	0.009006063526692535	0.02574488212077515	0.043415991324855026
log-power-percx.pathfinder.klw	Risky second	20.0	1.5362532507970992	dp_full	0.00865429591547021	0.024213539253235827	0.04052619833968827
log-power-percx.pathfinder.klw	Risky second	20.0	1.579003123844529	dp_full	0.008143609502948266	0.022501929348332554	0.037488112595630285
log-power-percx.pathfinder.klw	Risky second	20.0	1.6229426130210856	dp_full	0.007173315256850217	0.02072290010932403	0.03477709396979921
log-power-percx.pathfinder.klw	Risky second	20.0	1.6681048222036647	dp_full	0.0061099796599673305	0.01892632574358829	0.03253950126962266
log-power-percx.pathfinder.klw	Risky second	20.0	1.714523776462679	dp_full	0.004636945520454967	0.017191554447890986	0.030367362342931064
log-power-percx.pathfinder.klw	Risky second	20.0	1.7622344476964418	dp_full	0.0028909263753289782	0.015513949974566654	0.02869068890700645
log-power-percx.pathfinder.klw	Risky second	20.0	1.8112727809788889	dp_full	0.0008645974902864967	0.01390931634405311	0.02741558881327404
log-power-percx.pathfinder.klw	Risky second	20.0	1.861675721640487	dp_full	-0.001340850254136428	0.012403787948985088	0.02679597597011712
log-power-percx.pathfinder.klw	Risky second	20.0	1.9134812431027324	dp_full	-0.003843239530300638	0.01097627837860338	0.02640420877265428
log-power-percx.pathfinder.klw	Risky second	20.0	1.9667283754872122	dp_full	-0.006046515625600716	0.009793152231103299	0.02664716546482568
log-power-percx.pathfinder.klw	Risky second	20.0	2.021457235020777	dp_full	-0.008174728877627593	0.008939247443271646	0.02686371175955959
log-power-percx.pathfinder.klw	Risky second	20.0	2.0777090542589844	dp_full	-0.010207976226158802	0.0083674794536399	0.02753015158638365
log-power-percx.pathfinder.klw	Risky second	20.0	2.1355262131505808	dp_full	-0.011834670148693356	0.007963307430795345	0.028465900430381698
log-power-percx.pathfinder.klw	Risky second	20.0	2.1949522709664246	dp_full	-0.013194781913612489	0.007865871655466747	0.029618801156427316
log-power-percx.pathfinder.klw	Risky second	20.0	2.256031999116908	dp_full	-0.014034568810018216	0.008121733992241226	0.031198147996185265
log-power-percx.pathfinder.klw	Risky second	20.0	2.3188114148826	dp_full	-0.014581107275658268	0.008653237366153092	0.03291551870211425
log-power-percx.pathfinder.klw	Risky second	20.0	2.3833378160835275	dp_full	-0.014541622679091966	0.00957049160116958	0.034746369699482964
log-power-percx.pathfinder.klw	Risky second	20.0	2.4496598167132055	dp_full	-0.013960950737711253	0.01069929716986594	0.0367668396092029
log-power-percx.pathfinder.klw	Risky second	20.0	2.5178273835642724	dp_full	-0.013326224270386426	0.012164442268969598	0.039035730895598135
log-power-percx.pathfinder.klw	Risky second	20.0	2.58789187387332	dp_full	-0.012389309104902036	0.013905904355991521	0.041534964529665395
log-power-percx.pathfinder.klw	Risky second	20.0	2.659906074013276	dp_full	-0.0111653949666641	0.01587894852438366	0.04428070331854088
log-power-percx.pathfinder.klw	Risky second	20.0	2.7339242392624983	dp_full	-0.009614229979310674	0.018117869020754927	0.0469868757242054
log-power-percx.pathfinder.klw	Risky second	20.0	2.8100021346805373	dp_full	-0.0075807798584535	0.02043615619660018	0.04987432205460294
log-power-percx.pathfinder.klw	Risky second	20.0	2.8881970771213568	dp_full	-0.005506483042677611	0.023010376598222554	0.05288946468814984
log-power-percx.pathfinder.klw	Risky second	20.0	2.9685679784156793	dp_full	-0.0033171113133285773	0.025613295428361736	0.05590186331616856
log-power-percx.pathfinder.klw	Risky second	20.0	3.051175389754982	dp_full	-0.0011350139264595016	0.028257088344435764	0.05893980507342381
log-power-percx.pathfinder.klw	Risky second	20.0	3.1360815473105736	dp_full	0.0011704305092434353	0.03099456175982064	0.06222010002891854
log-power-percx.pathfinder.klw	Risky second	20.0	3.2233504191221405	dp_full	0.0037601623804438215	0.03371302975539121	0.06530282337529467
log-power-percx.pathfinder.klw	Risky second	20.0	3.31304775329107	dp_full	0.006414036204862735	0.03652614611649267	0.06855220988978068
log-power-percx.pathfinder.klw	Risky second	20.0	3.40524112751487	dp_full	0.009005601872008167	0.039261969499052	0.07194197307652195
log-power-percx.pathfinder.klw	Risky second	20.0	3.5000000000000004	dp_full	0.011462896231006022	0.04205834612595842	0.07522052928418
log-power-percx.pathfinder.klw	Risky second	20.0	1.2	dp_bias	0.007612649254847314	0.02813227375672267	0.052071088214424424
log-power-percx.pathfinder.klw	Risky second	20.0	1.233392832614218	dp_bias	0.007908047911289802	0.028212186233183743	0.05190962491345828
log-power-percx.pathfinder.klw	Risky second	20.0	1.267714899620104	dp_bias	0.008147159869490368	0.028146847330283782	0.05124788718798043
log-power-percx.pathfinder.klw	Risky second	20.0	1.3029920591580744	dp_bias	0.0083644890508392	0.02786998821490239	0.05005649895841257
log-power-percx.pathfinder.klw	Risky second	20.0	1.339250888932342	dp_bias	0.008423793417936124	0.02739464738559117	0.048578434365295964
log-power-percx.pathfinder.klw	Risky second	20.0	1.3765187062344757	dp_bias	0.008460359120484904	0.026705263576571145	0.04713563739690675
log-power-percx.pathfinder.klw	Risky second	20.0	1.4148235885241658	dp_bias	0.008100390707349874	0.02582596272304085	0.04542042893424182
log-power-percx.pathfinder.klw	Risky second	20.0	1.454194394582695	dp_bias	0.007748815005519109	0.024887485647445938	0.043461328889962424
log-power-percx.pathfinder.klw	Risky second	20.0	1.4946607862550567	dp_bias	0.007313629610834728	0.02371277986452175	0.04141080497109377
log-power-percx.pathfinder.klw	Risky second	20.0	1.5362532507970992	dp_bias	0.006668411531790001	0.02245977911195581	0.03926272893946294
log-power-percx.pathfinder.klw	Risky second	20.0	1.579003123844529	dp_bias	0.00593233518104234	0.021118050058456284	0.03724214935061936
log-power-percx.pathfinder.klw	Risky second	20.0	1.6229426130210856	dp_bias	0.004907506101653401	0.019739471975802204	0.03527022317025127
log-power-percx.pathfinder.klw	Risky second	20.0	1.6681048222036647	dp_bias	0.0038623100843157127	0.018321759711485093	0.03352637959119284
log-power-percx.pathfinder.klw	Risky second	20.0	1.714523776462679	dp_bias	0.002491708564830585	0.01684975688397381	0.03229838179429094
log-power-percx.pathfinder.klw	Risky second	20.0	1.7622344476964418	dp_bias	0.0010641080617506164	0.01542077455600251	0.03066153049726425
log-power-percx.pathfinder.klw	Risky second	20.0	1.8112727809788889	dp_bias	-0.0005603491130012646	0.013968122599643293	0.029333475785583565
log-power-percx.pathfinder.klw	Risky second	20.0	1.861675721640487	dp_bias	-0.002549002100675927	0.01266045291954571	0.02848728754595069
log-power-percx.pathfinder.klw	Risky second	20.0	1.9134812431027324	dp_bias	-0.004526577979511085	0.01146013783751003	0.027750085600881887
log-power-percx.pathfinder.klw	Risky second	20.0	1.9667283754872122	dp_bias	-0.005996661315477939	0.010375662205784997	0.02751398468824755
log-power-percx.pathfinder.klw	Risky second	20.0	2.021457235020777	dp_bias	-0.00751173244512319	0.009536920460125367	0.027346638817769695
log-power-percx.pathfinder.klw	Risky second	20.0	2.0777090542589844	dp_bias	-0.008989099696036314	0.00893997222120385	0.027574877880946147
log-power-percx.pathfinder.klw	Risky second	20.0	2.1355262131505808	dp_bias	-0.009943353262660591	0.008591888914936258	0.02817098482988949
log-power-percx.pathfinder.klw	Risky second	20.0	2.1949522709664246	dp_bias	-0.010784937939779086	0.008696464137666343	0.029137157253981454
log-power-percx.pathfinder.klw	Risky second	20.0	2.256031999116908	dp_bias	-0.011354288842223585	0.009083645139395772	0.030271157957615577
log-power-percx.pathfinder.klw	Risky second	20.0	2.3188114148826	dp_bias	-0.01128136494038116	0.009669045592488358	0.031704231956390834
log-power-percx.pathfinder.klw	Risky second	20.0	2.3833378160835275	dp_bias	-0.011350308058787069	0.010617573028334007	0.03359544892228817
log-power-percx.pathfinder.klw	Risky second	20.0	2.4496598167132055	dp_bias	-0.010920329709456592	0.011820570225345734	0.035667665898109574
log-power-percx.pathfinder.klw	Risky second	20.0	2.5178273835642724	dp_bias	-0.00998577959279032	0.013418964568884285	0.037802813467292765
log-power-percx.pathfinder.klw	Risky second	20.0	2.58789187387332	dp_bias	-0.008653641858322215	0.015337118780846561	0.040291547481493904
log-power-percx.pathfinder.klw	Risky second	20.0	2.659906074013276	dp_bias	-0.007135882341388409	0.0173731752337729	0.04268608005424926
log-power-percx.pathfinder.klw	Risky second	20.0	2.7339242392624983	dp_bias	-0.005452732251096257	0.01963130704931739	0.04544546878919051
log-power-percx.pathfinder.klw	Risky second	20.0	2.8100021346805373	dp_bias	-0.0036160093244039532	0.022072681902118932	0.0484915536065995
log-power-percx.pathfinder.klw	Risky second	20.0	2.8881970771213568	dp_bias	-0.0014572170442256136	0.02460899696961841	0.05178203279470791
log-power-percx.pathfinder.klw	Risky second	20.0	2.9685679784156793	dp_bias	0.000825393953160021	0.02734692164269343	0.0550084817409705
log-power-percx.pathfinder.klw	Risky second	20.0	3.051175389754982	dp_bias	0.003140171534357663	0.030078532850573908	0.05808733974993798
log-power-percx.pathfinder.klw	Risky second	20.0	3.1360815473105736	dp_bias	0.005531241430769135	0.03289343029601052	0.06148540064703235
log-power-percx.pathfinder.klw	Risky second	20.0	3.2233504191221405	dp_bias	0.007828411918812112	0.035739514598690944	0.06486542524934633
log-power-percx.pathfinder.klw	Risky second	20.0	3.31304775329107	dp_bias	0.01024437045344583	0.03853918824718815	0.06819504630578813
log-power-percx.pathfinder.klw	Risky second	20.0	3.40524112751487	dp_bias	0.012750325297934831	0.04141855546489061	0.07144840177430226
log-power-percx.pathfinder.klw	Risky second	20.0	3.5000000000000004	dp_bias	0.015058599597954804	0.04424394854595705	0.07468056041111576
log-power-percx.pathfinder.klw	Risky second	20.0	1.2	dp_scale	0.002911053614196233	0.01116808945662836	0.02103217745740378
log-power-percx.pathfinder.klw	Risky second	20.0	1.233392832614218	dp_scale	0.002857439987684654	0.011150232502343864	0.02099197198335323
log-power-percx.pathfinder.klw	Risky second	20.0	1.267714899620104	dp_scale	0.00279071979240177	0.011051282987502804	0.02072751691324931
log-power-percx.pathfinder.klw	Risky second	20.0	1.3029920591580744	dp_scale	0.002643798154679207	0.01080237161891778	0.020230097962301793
log-power-percx.pathfinder.klw	Risky second	20.0	1.339250888932342	dp_scale	0.0024929393345869406	0.0104544127191247	0.019625142519241877
log-power-percx.pathfinder.klw	Risky second	20.0	1.3765187062344757	dp_scale	0.002186315320004851	0.009995859318751474	0.018849863449864765
log-power-percx.pathfinder.klw	Risky second	20.0	1.4148235885241658	dp_scale	0.001922542280097414	0.009439430283368124	0.017898313503321304
log-power-percx.pathfinder.klw	Risky second	20.0	1.454194394582695	dp_scale	0.0015291378196931838	0.008713293195310803	0.016797390882011237
log-power-percx.pathfinder.klw	Risky second	20.0	1.4946607862550567	dp_scale	0.0011433672700274674	0.007917211918953886	0.015494972845516073
log-power-percx.pathfinder.klw	Risky second	20.0	1.5362532507970992	dp_scale	0.000593456145134633	0.007035222608242655	0.014200284122357472
log-power-percx.pathfinder.klw	Risky second	20.0	1.579003123844529	dp_scale	3.6429286999670895e-05	0.0060665035404705355	0.01280588521787952
log-power-percx.pathfinder.klw	Risky second	20.0	1.6229426130210856	dp_scale	-0.000610355873210399	0.005009385824468185	0.011261534340521167
log-power-percx.pathfinder.klw	Risky second	20.0	1.6681048222036647	dp_scale	-0.0014616647254735108	0.0038822611809798385	0.00970991014164296
log-power-percx.pathfinder.klw	Risky second	20.0	1.714523776462679	dp_scale	-0.0023879615422136694	0.0027387438509773837	0.008213262173974018
log-power-percx.pathfinder.klw	Risky second	20.0	1.7622344476964418	dp_scale	-0.0034959709346898305	0.0016122576374793878	0.0067961626568877505
log-power-percx.pathfinder.klw	Risky second	20.0	1.8112727809788889	dp_scale	-0.004603010691619964	0.00044697655345316716	0.005559337802150975
log-power-percx.pathfinder.klw	Risky second	20.0	1.861675721640487	dp_scale	-0.005942509678933517	-0.0006736668887224517	0.004494518742081649
log-power-percx.pathfinder.klw	Risky second	20.0	1.9134812431027324	dp_scale	-0.007438181684578645	-0.0017742580242857118	0.003489251240173014
log-power-percx.pathfinder.klw	Risky second	20.0	1.9667283754872122	dp_scale	-0.008761809958152076	-0.0028122795357084455	0.0027057380408155615
log-power-percx.pathfinder.klw	Risky second	20.0	2.021457235020777	dp_scale	-0.010112020547390042	-0.0037943388617995566	0.0020896673277533413
log-power-percx.pathfinder.klw	Risky second	20.0	2.0777090542589844	dp_scale	-0.011329398076366829	-0.00466092721955181	0.0014847139967301822
log-power-percx.pathfinder.klw	Risky second	20.0	2.1355262131505808	dp_scale	-0.012373652788838651	-0.005443853587023241	0.0009253483766942559
log-power-percx.pathfinder.klw	Risky second	20.0	2.1949522709664246	dp_scale	-0.013319801885070447	-0.0060663644259129675	0.00048809756601760155
log-power-percx.pathfinder.klw	Risky second	20.0	2.256031999116908	dp_scale	-0.014158857138512669	-0.00658779427842973	0.00010973560387669205
log-power-percx.pathfinder.klw	Risky second	20.0	2.3188114148826	dp_scale	-0.014799043579137992	-0.007015185222556678	-0.00013582838028148756
log-power-percx.pathfinder.klw	Risky second	20.0	2.3833378160835275	dp_scale	-0.015289851723610939	-0.007283948810109792	-0.00029329980164193264
log-power-percx.pathfinder.klw	Risky second	20.0	2.4496598167132055	dp_scale	-0.015531862058626719	-0.007475309556053453	-0.0004576335495261715
log-power-percx.pathfinder.klw	Risky second	20.0	2.5178273835642724	dp_scale	-0.01560298829836869	-0.007543356295666066	-0.000549943111479178
log-power-percx.pathfinder.klw	Risky second	20.0	2.58789187387332	dp_scale	-0.015592272310046399	-0.0075089759091050996	-0.0005943469551101411
log-power-percx.pathfinder.klw	Risky second	20.0	2.659906074013276	dp_scale	-0.015356190330830877	-0.007418376961368009	-0.0005986492956847805
log-power-percx.pathfinder.klw	Risky second	20.0	2.7339242392624983	dp_scale	-0.015083631446826043	-0.007259316345128318	-0.0005231256197798802
log-power-percx.pathfinder.klw	Risky second	20.0	2.8100021346805373	dp_scale	-0.01470906817381219	-0.0070406787811882685	-0.00040746762250440757
log-power-percx.pathfinder.klw	Risky second	20.0	2.8881970771213568	dp_scale	-0.01423359099039968	-0.006786724355164746	-0.00023308146249701418
log-power-percx.pathfinder.klw	Risky second	20.0	2.9685679784156793	dp_scale	-0.013768480954355667	-0.00650240025840486	-5.02029059339877e-05
log-power-percx.pathfinder.klw	Risky second	20.0	3.051175389754982	dp_scale	-0.013221229509505529	-0.0061968665844356	8.706054300428961e-05
log-power-percx.pathfinder.klw	Risky second	20.0	3.1360815473105736	dp_scale	-0.012722543443635447	-0.005913003028804772	0.000259521877341196
log-power-percx.pathfinder.klw	Risky second	20.0	3.2233504191221405	dp_scale	-0.012219901192727837	-0.005598477371162938	0.00042850663418076605
log-power-percx.pathfinder.klw	Risky second	20.0	3.31304775329107	dp_scale	-0.011714678708840012	-0.00526806535068499	0.0006080830357667719
log-power-percx.pathfinder.klw	Risky second	20.0	3.40524112751487	dp_scale	-0.011218980467968181	-0.004953957981576832	0.0007586411632365647
log-power-percx.pathfinder.klw	Risky second	20.0	3.5000000000000004	dp_scale	-0.010653479330015654	-0.004656620792589765	0.0008872969475587485
log-power-percx.pathfinder.klw	Risky second	20.0	1.2	dp_interaction	-0.012251163517416739	-0.005921539820273252	-0.002362624578276861
log-power-percx.pathfinder.klw	Risky second	20.0	1.233392832614218	dp_interaction	-0.012594156162388452	-0.006309246768692278	-0.0026958803855152975
log-power-percx.pathfinder.klw	Risky second	20.0	1.267714899620104	dp_interaction	-0.012806083864977657	-0.00661210215108368	-0.0029573477055274957
log-power-percx.pathfinder.klw	Risky second	20.0	1.3029920591580744	dp_interaction	-0.01295910499549376	-0.0068110565588391896	-0.0031246542092498277
log-power-percx.pathfinder.klw	Risky second	20.0	1.339250888932342	dp_interaction	-0.012861264135265804	-0.0068790788344807	-0.0031875880290498197
log-power-percx.pathfinder.klw	Risky second	20.0	1.3765187062344757	dp_interaction	-0.012607404192944002	-0.0067917051980604815	-0.0031997978474727243
log-power-percx.pathfinder.klw	Risky second	20.0	1.4148235885241658	dp_interaction	-0.012207946235961465	-0.006594289196055244	-0.0030950977328321173
log-power-percx.pathfinder.klw	Risky second	20.0	1.454194394582695	dp_interaction	-0.011695155065467299	-0.006263939647977229	-0.0028993936442949374
log-power-percx.pathfinder.klw	Risky second	20.0	1.4946607862550567	dp_interaction	-0.011017363365364588	-0.00583336859524336	-0.0026004201952948267
log-power-percx.pathfinder.klw	Risky second	20.0	1.5362532507970992	dp_interaction	-0.010132818316829034	-0.005305053054889491	-0.00222165594506679
log-power-percx.pathfinder.klw	Risky second	20.0	1.579003123844529	dp_interaction	-0.009211949316828734	-0.004681591423173308	-0.001762012849722731
log-power-percx.pathfinder.klw	Risky second	20.0	1.6229426130210856	dp_interaction	-0.008184253907082658	-0.003984054537920053	-0.0012083727016478593
log-power-percx.pathfinder.klw	Risky second	20.0	1.6681048222036647	dp_interaction	-0.007080827858146682	-0.0031979125816102762	-0.0005388130764128063
log-power-percx.pathfinder.klw	Risky second	20.0	1.714523776462679	dp_interaction	-0.005851400732179255	-0.0023573459134487626	0.0002580111289511565
log-power-percx.pathfinder.klw	Risky second	20.0	1.7622344476964418	dp_interaction	-0.004610875587428706	-0.0014607495058969687	0.0011325870974429986
log-power-percx.pathfinder.klw	Risky second	20.0	1.8112727809788889	dp_interaction	-0.0034104878823352004	-0.0005363427467153831	0.0021664885558569246
log-power-percx.pathfinder.klw	Risky second	20.0	1.861675721640487	dp_interaction	-0.002318422675053394	0.0003618070531252766	0.003294019981790276
log-power-percx.pathfinder.klw	Risky second	20.0	1.9134812431027324	dp_interaction	-0.0013862056535319809	0.0012890179918633574	0.004502772713114417
log-power-percx.pathfinder.klw	Risky second	20.0	1.9667283754872122	dp_interaction	-0.0005499697212164865	0.0022013663795192743	0.005750824908847683
log-power-percx.pathfinder.klw	Risky second	20.0	2.021457235020777	dp_interaction	0.00017422990842663562	0.003064868374342974	0.006920300903861742
log-power-percx.pathfinder.klw	Risky second	20.0	2.0777090542589844	dp_interaction	0.0008273654902390813	0.003862862390238215	0.008103001962281406
log-power-percx.pathfinder.klw	Risky second	20.0	2.1355262131505808	dp_interaction	0.0014021111545365087	0.004586348697902646	0.009137537723468278
log-power-percx.pathfinder.klw	Risky second	20.0	2.1949522709664246	dp_interaction	0.0018719485001227137	0.005187172581006415	0.010021932043003931
log-power-percx.pathfinder.klw	Risky second	20.0	2.256031999116908	dp_interaction	0.0022725183991803267	0.005698602605274241	0.010642305482452244
log-power-percx.pathfinder.klw	Risky second	20.0	2.3188114148826	dp_interaction	0.0025414767576170203	0.006088014537283536	0.01109442318078523
log-power-percx.pathfinder.klw	Risky second	20.0	2.3833378160835275	dp_interaction	0.0027654284447594228	0.006344444881733368	0.011391328899715902
log-power-percx.pathfinder.klw	Risky second	20.0	2.4496598167132055	dp_interaction	0.002850137764809488	0.0064962332698363864	0.01155262646372272
log-power-percx.pathfinder.klw	Risky second	20.0	2.5178273835642724	dp_interaction	0.002881476057223883	0.006523200556394225	0.01153615345321997
log-power-percx.pathfinder.klw	Risky second	20.0	2.58789187387332	dp_interaction	0.002772916264635863	0.006439737859197214	0.011417851062856676
log-power-percx.pathfinder.klw	Risky second	20.0	2.659906074013276	dp_interaction	0.002600644411922962	0.006253769636554579	0.01117208362257527
log-power-percx.pathfinder.klw	Risky second	20.0	2.7339242392624983	dp_interaction	0.0023059079394135663	0.006000062286064183	0.0108799666837394
log-power-percx.pathfinder.klw	Risky second	20.0	2.8100021346805373	dp_interaction	0.0019026047388046826	0.0057069351048174575	0.010513968503182335
log-power-percx.pathfinder.klw	Risky second	20.0	2.8881970771213568	dp_interaction	0.0014407686311652121	0.0053439364806411194	0.010191617315761438
log-power-percx.pathfinder.klw	Risky second	20.0	2.9685679784156793	dp_interaction	0.0009991215075859639	0.00498322564049409	0.009795084138914653
log-power-percx.pathfinder.klw	Risky second	20.0	3.051175389754982	dp_interaction	0.0005261897352619396	0.004602283415219961	0.009489152483231273
log-power-percx.pathfinder.klw	Risky second	20.0	3.1360815473105736	dp_interaction	2.5033014709919927e-05	0.004228232721094485	0.00915341437060876
log-power-percx.pathfinder.klw	Risky second	20.0	3.2233504191221405	dp_interaction	-0.00041810794410715555	0.0038494318861427724	0.00875449131330356
log-power-percx.pathfinder.klw	Risky second	20.0	3.31304775329107	dp_interaction	-0.0007883324879392874	0.003497282571966351	0.008417463356415356
log-power-percx.pathfinder.klw	Risky second	20.0	3.40524112751487	dp_interaction	-0.0012322556268568557	0.003162109367727371	0.008038764513627396
log-power-percx.pathfinder.klw	Risky second	20.0	3.5000000000000004	dp_interaction	-0.0015932001223479331	0.002818461496248828	0.007654740795202925
log-power-percx.pathfinder.klw	Risky second	20.0	1.2	num_shift	-0.002964579540648977	0.014043938380765843	0.032127146535022584
log-power-percx.pathfinder.klw	Risky second	20.0	1.233392832614218	num_shift	-0.002902785774464064	0.013727455863070507	0.0314089733090205
log-power-percx.pathfinder.klw	Risky second	20.0	1.267714899620104	num_shift	-0.0028002830645182416	0.013531669275350301	0.030807732582073023
log-power-percx.pathfinder.klw	Risky second	20.0	1.3029920591580744	num_shift	-0.002509314775821949	0.013359453117998812	0.030426156153226018
log-power-percx.pathfinder.klw	Risky second	20.0	1.339250888932342	num_shift	-0.0023351316140710473	0.013329261171542203	0.03005872213546693
log-power-percx.pathfinder.klw	Risky second	20.0	1.3765187062344757	num_shift	-0.0021095887943415464	0.013340396794792573	0.029848463386960355
log-power-percx.pathfinder.klw	Risky second	20.0	1.4148235885241658	num_shift	-0.001806163912030272	0.013430064354314767	0.029699643192941785
log-power-percx.pathfinder.klw	Risky second	20.0	1.454194394582695	num_shift	-0.0015163765805277756	0.013618049117445206	0.02965846437895825
log-power-percx.pathfinder.klw	Risky second	20.0	1.4946607862550567	num_shift	-0.0011742171780754727	0.013902364780506573	0.029771170768988612
log-power-percx.pathfinder.klw	Risky second	20.0	1.5362532507970992	num_shift	-0.0007688733218523912	0.014226554351947278	0.03005459732148997
log-power-percx.pathfinder.klw	Risky second	20.0	1.579003123844529	num_shift	-0.00033975184612574906	0.01467921655641044	0.030475620407228145
log-power-percx.pathfinder.klw	Risky second	20.0	1.6229426130210856	num_shift	8.616620974439167e-05	0.01512338981625305	0.031051787392713102
log-power-percx.pathfinder.klw	Risky second	20.0	1.6681048222036647	num_shift	0.0005490695256540974	0.015740452404341132	0.031759459047871426
log-power-percx.pathfinder.klw	Risky second	20.0	1.714523776462679	num_shift	0.0011579137434563089	0.01645773342096376	0.03258217531381461
log-power-percx.pathfinder.klw	Risky second	20.0	1.7622344476964418	num_shift	0.0016048245494195005	0.017280096499596567	0.03374946883581879
log-power-percx.pathfinder.klw	Risky second	20.0	1.8112727809788889	num_shift	0.002305569318151039	0.0181699375484427	0.034940466947511475
log-power-percx.pathfinder.klw	Risky second	20.0	1.861675721640487	num_shift	0.002914693253180347	0.019145410094989206	0.03639339383125168
log-power-percx.pathfinder.klw	Risky second	20.0	1.9134812431027324	num_shift	0.0035413563804324267	0.020282847526348215	0.038118136077327155
log-power-percx.pathfinder.klw	Risky second	20.0	1.9667283754872122	num_shift	0.00413603230085142	0.021438424479145707	0.040039375953300545
log-power-percx.pathfinder.klw	Risky second	20.0	2.021457235020777	num_shift	0.004781998043798753	0.02266083353050976	0.04196796729785177
log-power-percx.pathfinder.klw	Risky second	20.0	2.0777090542589844	num_shift	0.005514230294466806	0.024055729555370782	0.04398807646690925
log-power-percx.pathfinder.klw	Risky second	20.0	2.1355262131505808	num_shift	0.006139461021208605	0.025520592642949712	0.04633702443103649
log-power-percx.pathfinder.klw	Risky second	20.0	2.1949522709664246	num_shift	0.007084516447254537	0.027046171776308497	0.048732493770255327
log-power-percx.pathfinder.klw	Risky second	20.0	2.256031999116908	num_shift	0.007969735672459935	0.02868517858181594	0.05142176495704202
log-power-percx.pathfinder.klw	Risky second	20.0	2.3188114148826	num_shift	0.008559292679170907	0.030461006177416768	0.054163555083981976
log-power-percx.pathfinder.klw	Risky second	20.0	2.3833378160835275	num_shift	0.009467342397757586	0.03240200516705152	0.05707180570550221
log-power-percx.pathfinder.klw	Risky second	20.0	2.4496598167132055	num_shift	0.01033581557538349	0.03442425680076218	0.06044333984338923
log-power-percx.pathfinder.klw	Risky second	20.0	2.5178273835642724	num_shift	0.011189401829846683	0.03654274166252565	0.06368308617771778
log-power-percx.pathfinder.klw	Risky second	20.0	2.58789187387332	num_shift	0.012186512165752816	0.038799218340200635	0.0673909607365455
log-power-percx.pathfinder.klw	Risky second	20.0	2.659906074013276	num_shift	0.01327900866237382	0.04114051628195088	0.07131047488824674
log-power-percx.pathfinder.klw	Risky second	20.0	2.7339242392624983	num_shift	0.014686769509031656	0.04351057938956656	0.07506197202027383
log-power-percx.pathfinder.klw	Risky second	20.0	2.8100021346805373	num_shift	0.015500710768286343	0.046048237142849696	0.07911699594948672
log-power-percx.pathfinder.klw	Risky second	20.0	2.8881970771213568	num_shift	0.016572447308674566	0.04867072281079372	0.08316844840374331
log-power-percx.pathfinder.klw	Risky second	20.0	2.9685679784156793	num_shift	0.017812863374140734	0.051410910822159935	0.0875087033324195
log-power-percx.pathfinder.klw	Risky second	20.0	3.051175389754982	num_shift	0.018837157102978345	0.05430179001672772	0.0920421408096707
log-power-percx.pathfinder.klw	Risky second	20.0	3.1360815473105736	num_shift	0.01993315712862568	0.05726223346171734	0.09685150131419755
log-power-percx.pathfinder.klw	Risky second	20.0	3.2233504191221405	num_shift	0.0211511855186762	0.0602844718919325	0.10146878547325594
log-power-percx.pathfinder.klw	Risky second	20.0	3.31304775329107	num_shift	0.022774725819961743	0.06339009837360887	0.10648681627349901
log-power-percx.pathfinder.klw	Risky second	20.0	3.40524112751487	num_shift	0.024080032635222997	0.0666314059637797	0.11171957895917088
log-power-percx.pathfinder.klw	Risky second	20.0	3.5000000000000004	num_shift	0.025430566119802607	0.06984015001060331	0.11727061504841989
log-power-percx.pathfinder.klw	Risky second	20.0	1.2	den_ratio	1.0217637984108852	1.0719415085805206	1.1302574240114762
log-power-percx.pathfinder.klw	Risky second	20.0	1.233392832614218	den_ratio	1.0211850543560912	1.07102905529913	1.1288918462000361
log-power-percx.pathfinder.klw	Risky second	20.0	1.267714899620104	den_ratio	1.0207359892598755	1.0700915383367706	1.1276290531577182
log-power-percx.pathfinder.klw	Risky second	20.0	1.3029920591580744	den_ratio	1.02021433375655	1.0693209279223042	1.12651322973333
log-power-percx.pathfinder.klw	Risky second	20.0	1.339250888932342	den_ratio	1.0195719682437496	1.068406526924231	1.1252548348342943
log-power-percx.pathfinder.klw	Risky second	20.0	1.3765187062344757	den_ratio	1.0189397890485488	1.0675407846261127	1.124074358208218
log-power-percx.pathfinder.klw	Risky second	20.0	1.4148235885241658	den_ratio	1.0184479877213124	1.0666554982897734	1.1229604609197297
log-power-percx.pathfinder.klw	Risky second	20.0	1.454194394582695	den_ratio	1.0182815041205466	1.0658418488574732	1.1217280269578993
log-power-percx.pathfinder.klw	Risky second	20.0	1.4946607862550567	den_ratio	1.0174143621591674	1.0649892187884822	1.1207019232553226
log-power-percx.pathfinder.klw	Risky second	20.0	1.5362532507970992	den_ratio	1.0170240785898543	1.0642449130031788	1.119370949451722
log-power-percx.pathfinder.klw	Risky second	20.0	1.579003123844529	den_ratio	1.0166388506158521	1.0634593562558368	1.1182967210074481
log-power-percx.pathfinder.klw	Risky second	20.0	1.6229426130210856	den_ratio	1.0160249381475732	1.0626050697218408	1.1171823791110767
log-power-percx.pathfinder.klw	Risky second	20.0	1.6681048222036647	den_ratio	1.015148696749173	1.0617406250755521	1.1159655232166403
log-power-percx.pathfinder.klw	Risky second	20.0	1.714523776462679	den_ratio	1.014785249822963	1.0610583925517134	1.1149884419211675
log-power-percx.pathfinder.klw	Risky second	20.0	1.7622344476964418	den_ratio	1.014330605975883	1.060237805167107	1.114125498462391
log-power-percx.pathfinder.klw	Risky second	20.0	1.8112727809788889	den_ratio	1.0138377423598566	1.0596002509347233	1.113239052729877
log-power-percx.pathfinder.klw	Risky second	20.0	1.861675721640487	den_ratio	1.0134060987654987	1.0587926666714542	1.112121761250268
log-power-percx.pathfinder.klw	Risky second	20.0	1.9134812431027324	den_ratio	1.012690422729679	1.0580414555579214	1.1113291694276113
log-power-percx.pathfinder.klw	Risky second	20.0	1.9667283754872122	den_ratio	1.0122421021360557	1.057319750869106	1.1106434095762507
log-power-percx.pathfinder.klw	Risky second	20.0	2.021457235020777	den_ratio	1.0115335275596422	1.0567252883174656	1.1096143037819743
log-power-percx.pathfinder.klw	Risky second	20.0	2.0777090542589844	den_ratio	1.0111071052843144	1.0561306379556474	1.1091856596792007
log-power-percx.pathfinder.klw	Risky second	20.0	2.1355262131505808	den_ratio	1.0106967922797159	1.0555636856756534	1.1087770454107928
log-power-percx.pathfinder.klw	Risky second	20.0	2.1949522709664246	den_ratio	1.0103091936879	1.0549116880152485	1.1080000686075646
log-power-percx.pathfinder.klw	Risky second	20.0	2.256031999116908	den_ratio	1.0098358587989331	1.054397055155205	1.1071455659594884
log-power-percx.pathfinder.klw	Risky second	20.0	2.3188114148826	den_ratio	1.0093503905939554	1.0539846634834833	1.10656130394266
log-power-percx.pathfinder.klw	Risky second	20.0	2.3833378160835275	den_ratio	1.008900856400719	1.0535193367932865	1.1056118468692941
log-power-percx.pathfinder.klw	Risky second	20.0	2.4496598167132055	den_ratio	1.0082875500200965	1.0529435495768964	1.1050596808795492
log-power-percx.pathfinder.klw	Risky second	20.0	2.5178273835642724	den_ratio	1.007775570438293	1.0525170036718376	1.104426970424401
log-power-percx.pathfinder.klw	Risky second	20.0	2.58789187387332	den_ratio	1.007311042781638	1.0520574568380376	1.1038211085479053
log-power-percx.pathfinder.klw	Risky second	20.0	2.659906074013276	den_ratio	1.0071828687810322	1.0516630175685622	1.1032049795311498
log-power-percx.pathfinder.klw	Risky second	20.0	2.7339242392624983	den_ratio	1.0066363539772412	1.0512915659281452	1.1028843754853312
log-power-percx.pathfinder.klw	Risky second	20.0	2.8100021346805373	den_ratio	1.0063971388741393	1.0511716360473229	1.1026043777611356
log-power-percx.pathfinder.klw	Risky second	20.0	2.8881970771213568	den_ratio	1.0062053127426067	1.0507954665978947	1.1021366022422285
log-power-percx.pathfinder.klw	Risky second	20.0	2.9685679784156793	den_ratio	1.0060567176500588	1.0504688219647877	1.101795652277124
log-power-percx.pathfinder.klw	Risky second	20.0	3.051175389754982	den_ratio	1.0059014433977724	1.0501883858130747	1.101745780771407
log-power-percx.pathfinder.klw	Risky second	20.0	3.1360815473105736	den_ratio	1.0056921438922184	1.0500323688124547	1.1015200624486006
log-power-percx.pathfinder.klw	Risky second	20.0	3.2233504191221405	den_ratio	1.0054991610013713	1.049903010753174	1.10146167236355
log-power-percx.pathfinder.klw	Risky second	20.0	3.31304775329107	den_ratio	1.0053401099168957	1.049708867015673	1.1016545626114365
log-power-percx.pathfinder.klw	Risky second	20.0	3.40524112751487	den_ratio	1.0051424684181482	1.0495700446524157	1.1016731605346124
log-power-percx.pathfinder.klw	Risky second	20.0	3.5000000000000004	den_ratio	1.00496883886123	1.0495450467289804	1.1016170499949005
log-power-percx.pathfinder.klw	Risky second	28.0	1.2	p_vertex	0.18167165035239163	0.21281350866061308	0.24557019761208893
log-power-percx.pathfinder.klw	Risky second	28.0	1.233392832614218	p_vertex	0.1972362572136856	0.2284240761475284	0.2614721845367195
log-power-percx.pathfinder.klw	Risky second	28.0	1.267714899620104	p_vertex	0.21362235566259666	0.2446482497160089	0.27767036542366835
log-power-percx.pathfinder.klw	Risky second	28.0	1.3029920591580744	p_vertex	0.2303986196886149	0.2611859716147258	0.29398837151408325
log-power-percx.pathfinder.klw	Risky second	28.0	1.339250888932342	p_vertex	0.24784496205144485	0.2783644430689557	0.31076604066171587
log-power-percx.pathfinder.klw	Risky second	28.0	1.3765187062344757	p_vertex	0.26574938938059894	0.2960111100482321	0.32785214140544416
log-power-percx.pathfinder.klw	Risky second	28.0	1.4148235885241658	p_vertex	0.28378945241074827	0.31400065654831527	0.3455562920419785
log-power-percx.pathfinder.klw	Risky second	28.0	1.454194394582695	p_vertex	0.30222634530693593	0.3322107349533103	0.36341920281135703
log-power-percx.pathfinder.klw	Risky second	28.0	1.4946607862550567	p_vertex	0.3210742268671225	0.3505321215942791	0.3814492694410722
log-power-percx.pathfinder.klw	Risky second	28.0	1.5362532507970992	p_vertex	0.34012398153553497	0.36900380902947477	0.399335564876959
log-power-percx.pathfinder.klw	Risky second	28.0	1.579003123844529	p_vertex	0.35939428737555285	0.3875274364437914	0.41758555127921093
log-power-percx.pathfinder.klw	Risky second	28.0	1.6229426130210856	p_vertex	0.3786319987420551	0.40601027638269205	0.43551921607308697
log-power-percx.pathfinder.klw	Risky second	28.0	1.6681048222036647	p_vertex	0.39741169926280323	0.42447702409875077	0.4531147006603521
log-power-percx.pathfinder.klw	Risky second	28.0	1.714523776462679	p_vertex	0.4162112121866938	0.4428031816696467	0.47056058648780763
log-power-percx.pathfinder.klw	Risky second	28.0	1.7622344476964418	p_vertex	0.43466179352874407	0.4608715640920539	0.48824352633002377
log-power-percx.pathfinder.klw	Risky second	28.0	1.8112727809788889	p_vertex	0.45248392858897174	0.47853367720524925	0.5055646999341741
log-power-percx.pathfinder.klw	Risky second	28.0	1.861675721640487	p_vertex	0.46968929226756867	0.49565215117640615	0.5223080856850117
log-power-percx.pathfinder.klw	Risky second	28.0	1.9134812431027324	p_vertex	0.4863277443734769	0.5124097127211117	0.5389066953531594
log-power-percx.pathfinder.klw	Risky second	28.0	1.9667283754872122	p_vertex	0.5025106210336056	0.5285987340916514	0.5551307455969169
log-power-percx.pathfinder.klw	Risky second	28.0	2.021457235020777	p_vertex	0.5183911164059989	0.5441108328554887	0.5706355319229852
log-power-percx.pathfinder.klw	Risky second	28.0	2.0777090542589844	p_vertex	0.5330588139297361	0.5589909998303025	0.5856499948418145
log-power-percx.pathfinder.klw	Risky second	28.0	2.1355262131505808	p_vertex	0.5468863825942522	0.5733623528017774	0.6003802511774481
log-power-percx.pathfinder.klw	Risky second	28.0	2.1949522709664246	p_vertex	0.5599481355201884	0.5871066098430816	0.6140774753418369
log-power-percx.pathfinder.klw	Risky second	28.0	2.256031999116908	p_vertex	0.5725231504591151	0.6001101896581584	0.6274459558114218
log-power-percx.pathfinder.klw	Risky second	28.0	2.3188114148826	p_vertex	0.5841978104235676	0.6124765711320761	0.6402837174790064
log-power-percx.pathfinder.klw	Risky second	28.0	2.3833378160835275	p_vertex	0.5954680470950696	0.6243030974561461	0.6524087933258835
log-power-percx.pathfinder.klw	Risky second	28.0	2.4496598167132055	p_vertex	0.6059166727240609	0.6352911317876551	0.6640901771314048
log-power-percx.pathfinder.klw	Risky second	28.0	2.5178273835642724	p_vertex	0.6159491898933173	0.6457247826201873	0.6749389730583363
log-power-percx.pathfinder.klw	Risky second	28.0	2.58789187387332	p_vertex	0.6250939998537766	0.6556556771316049	0.685355278446213
log-power-percx.pathfinder.klw	Risky second	28.0	2.659906074013276	p_vertex	0.6336124648369934	0.6650202228293918	0.695312986213829
log-power-percx.pathfinder.klw	Risky second	28.0	2.7339242392624983	p_vertex	0.6415154049737425	0.67383618531619	0.7048065342257515
log-power-percx.pathfinder.klw	Risky second	28.0	2.8100021346805373	p_vertex	0.6492153489037867	0.682149610601999	0.7134455928942196
log-power-percx.pathfinder.klw	Risky second	28.0	2.8881970771213568	p_vertex	0.6561756988492753	0.6899289443528192	0.7217007474090381
log-power-percx.pathfinder.klw	Risky second	28.0	2.9685679784156793	p_vertex	0.6626082485348653	0.6972571858462668	0.7294962825274539
log-power-percx.pathfinder.klw	Risky second	28.0	3.051175389754982	p_vertex	0.6686916214612835	0.7041488310220555	0.7369899444862373
log-power-percx.pathfinder.klw	Risky second	28.0	3.1360815473105736	p_vertex	0.6741021824171414	0.7104509405522111	0.7436191023969387
log-power-percx.pathfinder.klw	Risky second	28.0	3.2233504191221405	p_vertex	0.6792713119862976	0.716395947924697	0.7499807601751445
log-power-percx.pathfinder.klw	Risky second	28.0	3.31304775329107	p_vertex	0.6842472523402314	0.7218790009831322	0.7559177241431996
log-power-percx.pathfinder.klw	Risky second	28.0	3.40524112751487	p_vertex	0.6884684000771985	0.7270315394175835	0.7615937391696981
log-power-percx.pathfinder.klw	Risky second	28.0	3.5000000000000004	p_vertex	0.692450826116337	0.7317491548434418	0.767031373474018
log-power-percx.pathfinder.klw	Risky second	28.0	1.2	p_full	0.20481987704316884	0.23550414102271347	0.26799466599666405
log-power-percx.pathfinder.klw	Risky second	28.0	1.233392832614218	p_full	0.2202792259641313	0.25100346830020814	0.283667354673924
log-power-percx.pathfinder.klw	Risky second	28.0	1.267714899620104	p_full	0.23611983088183952	0.26698697713293296	0.2996006419607177
log-power-percx.pathfinder.klw	Risky second	28.0	1.3029920591580744	p_full	0.2524616958399667	0.2834387177344769	0.3157732918801291
log-power-percx.pathfinder.klw	Risky second	28.0	1.339250888932342	p_full	0.26935458369408277	0.30014992634281557	0.3322964344666491
log-power-percx.pathfinder.klw	Risky second	28.0	1.3765187062344757	p_full	0.28670637432344814	0.31728360283741386	0.34879073221685153
log-power-percx.pathfinder.klw	Risky second	28.0	1.4148235885241658	p_full	0.3040080293669662	0.3344693395928079	0.36572244094093687
log-power-percx.pathfinder.klw	Risky second	28.0	1.454194394582695	p_full	0.3220483140734118	0.3520023263536251	0.3826738133761581
log-power-percx.pathfinder.klw	Risky second	28.0	1.4946607862550567	p_full	0.34011799505256657	0.3696729103236637	0.4000837921112272
log-power-percx.pathfinder.klw	Risky second	28.0	1.5362532507970992	p_full	0.3583582978411309	0.3875365120700138	0.41734179964920476
log-power-percx.pathfinder.klw	Risky second	28.0	1.579003123844529	p_full	0.3767843058465533	0.40547394316256063	0.434653330858012
log-power-percx.pathfinder.klw	Risky second	28.0	1.6229426130210856	p_full	0.3955661708364937	0.4235047244696106	0.4519351448154467
log-power-percx.pathfinder.klw	Risky second	28.0	1.6681048222036647	p_full	0.4143015152529776	0.4414483425957574	0.46932099552635775
log-power-percx.pathfinder.klw	Risky second	28.0	1.714523776462679	p_full	0.43247399325309716	0.45926550689641676	0.48676466085039266
log-power-percx.pathfinder.klw	Risky second	28.0	1.7622344476964418	p_full	0.4506226776628998	0.47716531901983694	0.5041187969680184
log-power-percx.pathfinder.klw	Risky second	28.0	1.8112727809788889	p_full	0.4688332028915852	0.49479710105527464	0.5211427985437959
log-power-percx.pathfinder.klw	Risky second	28.0	1.861675721640487	p_full	0.486635827816253	0.5122182861348257	0.5381478819822632
log-power-percx.pathfinder.klw	Risky second	28.0	1.9134812431027324	p_full	0.5042446782416615	0.5294590890888137	0.5550133594132189
log-power-percx.pathfinder.klw	Risky second	28.0	1.9667283754872122	p_full	0.5214559011716561	0.5462132308647889	0.5717886995839969
log-power-percx.pathfinder.klw	Risky second	28.0	2.021457235020777	p_full	0.5378092302677665	0.5627209215025366	0.5880975670540869
log-power-percx.pathfinder.klw	Risky second	28.0	2.0777090542589844	p_full	0.5539259748148505	0.5788713896357582	0.6044359767742548
log-power-percx.pathfinder.klw	Risky second	28.0	2.1355262131505808	p_full	0.5695422401161307	0.5946747536065846	0.6201135220068107
log-power-percx.pathfinder.klw	Risky second	28.0	2.1949522709664246	p_full	0.5846369772032358	0.6100408428497678	0.6350056155605777
log-power-percx.pathfinder.klw	Risky second	28.0	2.256031999116908	p_full	0.5994762718359282	0.6248025065172687	0.6499184832969506
log-power-percx.pathfinder.klw	Risky second	28.0	2.3188114148826	p_full	0.6134645508627375	0.6390249682806535	0.6642942263647267
log-power-percx.pathfinder.klw	Risky second	28.0	2.3833378160835275	p_full	0.6271668428248441	0.6528447424557382	0.678294319783754
log-power-percx.pathfinder.klw	Risky second	28.0	2.4496598167132055	p_full	0.6399597282265611	0.6660532551893772	0.6917846174557342
log-power-percx.pathfinder.klw	Risky second	28.0	2.5178273835642724	p_full	0.6522225977198599	0.6787351026764668	0.7046446138051745
log-power-percx.pathfinder.klw	Risky second	28.0	2.58789187387332	p_full	0.6638377035530352	0.6909186495659738	0.7169486979370859
log-power-percx.pathfinder.klw	Risky second	28.0	2.659906074013276	p_full	0.6750662745004825	0.7025174065298876	0.7289907372940418
log-power-percx.pathfinder.klw	Risky second	28.0	2.7339242392624983	p_full	0.6860567910068942	0.7137884029301619	0.7407014900588214
log-power-percx.pathfinder.klw	Risky second	28.0	2.8100021346805373	p_full	0.6961444738264757	0.7244894252600438	0.7519101636029761
log-power-percx.pathfinder.klw	Risky second	28.0	2.8881970771213568	p_full	0.7059712835614006	0.7346406747721528	0.7625357151996432
log-power-percx.pathfinder.klw	Risky second	28.0	2.9685679784156793	p_full	0.7152629571437773	0.7443093139069091	0.7724150867649635
log-power-percx.pathfinder.klw	Risky second	28.0	3.051175389754982	p_full	0.7237612765277858	0.7535254256203425	0.7821754413566055
log-power-percx.pathfinder.klw	Risky second	28.0	3.1360815473105736	p_full	0.7317555977068578	0.7623943567112208	0.79127241911654
log-power-percx.pathfinder.klw	Risky second	28.0	3.2233504191221405	p_full	0.7393472029493307	0.77081710344495	0.7998986154394415
log-power-percx.pathfinder.klw	Risky second	28.0	3.31304775329107	p_full	0.7466722851058785	0.778676058849548	0.8084664281281183
log-power-percx.pathfinder.klw	Risky second	28.0	3.40524112751487	p_full	0.7534520780341485	0.7862320016072437	0.8166833392460501
log-power-percx.pathfinder.klw	Risky second	28.0	3.5000000000000004	p_full	0.7599037712203941	0.7933997125761011	0.8244180860455828
log-power-percx.pathfinder.klw	Risky second	28.0	1.2	p_bias_only	0.20249590565099648	0.23281117549120645	0.2649291196868499
log-power-percx.pathfinder.klw	Risky second	28.0	1.233392832614218	p_bias_only	0.21787180708488432	0.24849431171218844	0.2806017797672691
log-power-percx.pathfinder.klw	Risky second	28.0	1.267714899620104	p_bias_only	0.2337621509847694	0.26460567132322604	0.2968078127792112
log-power-percx.pathfinder.klw	Risky second	28.0	1.3029920591580744	p_bias_only	0.2502262239950672	0.2810785517496984	0.3132796645188867
log-power-percx.pathfinder.klw	Risky second	28.0	1.339250888932342	p_bias_only	0.26703264442918334	0.2978687649691252	0.3300301905076599
log-power-percx.pathfinder.klw	Risky second	28.0	1.3765187062344757	p_bias_only	0.2841813573840196	0.3149888078028864	0.34690551920658425
log-power-percx.pathfinder.klw	Risky second	28.0	1.4148235885241658	p_bias_only	0.3015622658576852	0.33235154739542705	0.3642548461598478
log-power-percx.pathfinder.klw	Risky second	28.0	1.454194394582695	p_bias_only	0.3191050452551542	0.35011482199289923	0.38181041566172913
log-power-percx.pathfinder.klw	Risky second	28.0	1.4946607862550567	p_bias_only	0.33716750208634994	0.36796038376163254	0.399245374512126
log-power-percx.pathfinder.klw	Risky second	28.0	1.5362532507970992	p_bias_only	0.35569166350046594	0.385979988655901	0.4170019470920988
log-power-percx.pathfinder.klw	Risky second	28.0	1.579003123844529	p_bias_only	0.3744462633970137	0.4041501932030428	0.4349141748977294
log-power-percx.pathfinder.klw	Risky second	28.0	1.6229426130210856	p_bias_only	0.39318844368547934	0.4224371602691467	0.4525203512601002
log-power-percx.pathfinder.klw	Risky second	28.0	1.6681048222036647	p_bias_only	0.412085553913816	0.44075905967358386	0.47040032101306567
log-power-percx.pathfinder.klw	Risky second	28.0	1.714523776462679	p_bias_only	0.43044886570217733	0.4588866079804421	0.4876676315407931
log-power-percx.pathfinder.klw	Risky second	28.0	1.7622344476964418	p_bias_only	0.4490313315720653	0.47691772100651153	0.5051834968103259
log-power-percx.pathfinder.klw	Risky second	28.0	1.8112727809788889	p_bias_only	0.4674586912080933	0.4948250903289687	0.5221056777483679
log-power-percx.pathfinder.klw	Risky second	28.0	1.861675721640487	p_bias_only	0.4858250358479788	0.5125867668302244	0.539542341377966
log-power-percx.pathfinder.klw	Risky second	28.0	1.9134812431027324	p_bias_only	0.5038024424446972	0.5300876068309633	0.5566395468751767
log-power-percx.pathfinder.klw	Risky second	28.0	1.9667283754872122	p_bias_only	0.5211263657257058	0.5470695359862823	0.5735996011924355
log-power-percx.pathfinder.klw	Risky second	28.0	2.021457235020777	p_bias_only	0.5382461389471515	0.5638503114987425	0.5900222395484994
log-power-percx.pathfinder.klw	Risky second	28.0	2.0777090542589844	p_bias_only	0.5547522675216603	0.5802617998260844	0.6061680278286975
log-power-percx.pathfinder.klw	Risky second	28.0	2.1355262131505808	p_bias_only	0.5709384118806454	0.5961906714125123	0.6216917685350988
log-power-percx.pathfinder.klw	Risky second	28.0	2.1949522709664246	p_bias_only	0.5858833249187979	0.6115478605410243	0.6367652207428873
log-power-percx.pathfinder.klw	Risky second	28.0	2.256031999116908	p_bias_only	0.6007357757197455	0.6264436625676488	0.6512886239388852
log-power-percx.pathfinder.klw	Risky second	28.0	2.3188114148826	p_bias_only	0.6150883466890391	0.6407619290563211	0.6657504696418803
log-power-percx.pathfinder.klw	Risky second	28.0	2.3833378160835275	p_bias_only	0.6289465751177491	0.6544006821969667	0.6794696768761915
log-power-percx.pathfinder.klw	Risky second	28.0	2.4496598167132055	p_bias_only	0.6421083312404785	0.6675372914845465	0.692623299341118
log-power-percx.pathfinder.klw	Risky second	28.0	2.5178273835642724	p_bias_only	0.654535226871066	0.6801039319215458	0.7053238982786418
log-power-percx.pathfinder.klw	Risky second	28.0	2.58789187387332	p_bias_only	0.6663591836516153	0.6922082427035968	0.7172980563448279
log-power-percx.pathfinder.klw	Risky second	28.0	2.659906074013276	p_bias_only	0.6773963140024868	0.7037266534949382	0.7290990594127205
log-power-percx.pathfinder.klw	Risky second	28.0	2.7339242392624983	p_bias_only	0.6880579922482278	0.7147092064899891	0.740229724075085
log-power-percx.pathfinder.klw	Risky second	28.0	2.8100021346805373	p_bias_only	0.6979520760005332	0.7251399758116785	0.7507551754484988
log-power-percx.pathfinder.klw	Risky second	28.0	2.8881970771213568	p_bias_only	0.7073593369200841	0.7350550144844246	0.7613270225050259
log-power-percx.pathfinder.klw	Risky second	28.0	2.9685679784156793	p_bias_only	0.7159142613428717	0.744557375139671	0.7709610076478212
log-power-percx.pathfinder.klw	Risky second	28.0	3.051175389754982	p_bias_only	0.7243874210068799	0.7535519182182815	0.7804197958419125
log-power-percx.pathfinder.klw	Risky second	28.0	3.1360815473105736	p_bias_only	0.7326329332260995	0.7622322879207397	0.7892547288879516
log-power-percx.pathfinder.klw	Risky second	28.0	3.2233504191221405	p_bias_only	0.7404789044920328	0.7705985317607105	0.7983100488409961
log-power-percx.pathfinder.klw	Risky second	28.0	3.31304775329107	p_bias_only	0.7477591356739938	0.7784285925321244	0.8067681377458272
log-power-percx.pathfinder.klw	Risky second	28.0	3.40524112751487	p_bias_only	0.7544461377108878	0.7859592499479899	0.8150292175719369
log-power-percx.pathfinder.klw	Risky second	28.0	3.5000000000000004	p_bias_only	0.7609479969866961	0.7931549494823558	0.823172037863965
log-power-percx.pathfinder.klw	Risky second	28.0	1.2	p_scale_only	0.1912670694680602	0.22119212351714812	0.25374233230563403
log-power-percx.pathfinder.klw	Risky second	28.0	1.233392832614218	p_scale_only	0.2069896210823047	0.2369279835914409	0.26937458427768307
log-power-percx.pathfinder.klw	Risky second	28.0	1.267714899620104	p_scale_only	0.22285961748525962	0.2530483016768306	0.2851339058651385
log-power-percx.pathfinder.klw	Risky second	28.0	1.3029920591580744	p_scale_only	0.2393758658420764	0.26965166457889034	0.3015290304145796
log-power-percx.pathfinder.klw	Risky second	28.0	1.339250888932342	p_scale_only	0.2565654187662641	0.28660402538215646	0.3179244376018441
log-power-percx.pathfinder.klw	Risky second	28.0	1.3765187062344757	p_scale_only	0.27385803808574066	0.30376930228346066	0.3349393611968083
log-power-percx.pathfinder.klw	Risky second	28.0	1.4148235885241658	p_scale_only	0.2915624515365764	0.32119030780904945	0.35204155700360223
log-power-percx.pathfinder.klw	Risky second	28.0	1.454194394582695	p_scale_only	0.30960646304562756	0.3386656014330053	0.3690777810940181
log-power-percx.pathfinder.klw	Risky second	28.0	1.4946607862550567	p_scale_only	0.32802091675862266	0.35623614684251526	0.38602280283889084
log-power-percx.pathfinder.klw	Risky second	28.0	1.5362532507970992	p_scale_only	0.3461277328164167	0.3739621782721013	0.4031624306526079
log-power-percx.pathfinder.klw	Risky second	28.0	1.579003123844529	p_scale_only	0.3641674960233171	0.3917840186168452	0.42062227800964835
log-power-percx.pathfinder.klw	Risky second	28.0	1.6229426130210856	p_scale_only	0.3824182627263406	0.40945550764429745	0.4376687031309886
log-power-percx.pathfinder.klw	Risky second	28.0	1.6681048222036647	p_scale_only	0.40069898797820214	0.42703262918848917	0.4546916628237247
log-power-percx.pathfinder.klw	Risky second	28.0	1.714523776462679	p_scale_only	0.4181516799473529	0.44436743735847084	0.4715894405042624
log-power-percx.pathfinder.klw	Risky second	28.0	1.7622344476964418	p_scale_only	0.43551448642274143	0.461309180238197	0.4881576772026435
log-power-percx.pathfinder.klw	Risky second	28.0	1.8112727809788889	p_scale_only	0.4526408046633996	0.47818375269709346	0.5044120084924094
log-power-percx.pathfinder.klw	Risky second	28.0	1.861675721640487	p_scale_only	0.46945308441111977	0.4945836012796983	0.52028209147063
log-power-percx.pathfinder.klw	Risky second	28.0	1.9134812431027324	p_scale_only	0.48578747226159874	0.510632565387233	0.5361928430918622
log-power-percx.pathfinder.klw	Risky second	28.0	1.9667283754872122	p_scale_only	0.5012307663518053	0.526173994753276	0.5515421628647075
log-power-percx.pathfinder.klw	Risky second	28.0	2.021457235020777	p_scale_only	0.5164741810809717	0.5412140047714504	0.5662458887426813
log-power-percx.pathfinder.klw	Risky second	28.0	2.0777090542589844	p_scale_only	0.5307822171909238	0.5557581728108443	0.5804775400712446
log-power-percx.pathfinder.klw	Risky second	28.0	2.1355262131505808	p_scale_only	0.5446462263631682	0.5697602384535411	0.5943852879205084
log-power-percx.pathfinder.klw	Risky second	28.0	2.1949522709664246	p_scale_only	0.5574742252470835	0.5832449767660274	0.6077835822600379
log-power-percx.pathfinder.klw	Risky second	28.0	2.256031999116908	p_scale_only	0.5701275741850758	0.5960580284143391	0.6207071656886558
log-power-percx.pathfinder.klw	Risky second	28.0	2.3188114148826	p_scale_only	0.582118204682527	0.6082632395101106	0.633357400351312
log-power-percx.pathfinder.klw	Risky second	28.0	2.3833378160835275	p_scale_only	0.5928854074233172	0.6199238692608118	0.6455590791808219
log-power-percx.pathfinder.klw	Risky second	28.0	2.4496598167132055	p_scale_only	0.6036413750555981	0.6310954930348338	0.6571653845411638
log-power-percx.pathfinder.klw	Risky second	28.0	2.5178273835642724	p_scale_only	0.613564457560709	0.641721971758196	0.6684397039928506
log-power-percx.pathfinder.klw	Risky second	28.0	2.58789187387332	p_scale_only	0.6228656575305699	0.6518244097951679	0.6789092113309243
log-power-percx.pathfinder.klw	Risky second	28.0	2.659906074013276	p_scale_only	0.6314999990330814	0.6612054789973576	0.6887687343405158
log-power-percx.pathfinder.klw	Risky second	28.0	2.7339242392624983	p_scale_only	0.6396433593824029	0.6701571055902062	0.6981842329703019
log-power-percx.pathfinder.klw	Risky second	28.0	2.8100021346805373	p_scale_only	0.6474255245978092	0.6785536056751305	0.7072608851955317
log-power-percx.pathfinder.klw	Risky second	28.0	2.8881970771213568	p_scale_only	0.6544224881346387	0.6864825043595244	0.7158576985812216
log-power-percx.pathfinder.klw	Risky second	28.0	2.9685679784156793	p_scale_only	0.6609698047948152	0.6938855122171879	0.724078706609624
log-power-percx.pathfinder.klw	Risky second	28.0	3.051175389754982	p_scale_only	0.6672514182443698	0.700960498913505	0.7316972920410186
log-power-percx.pathfinder.klw	Risky second	28.0	3.1360815473105736	p_scale_only	0.672945973348965	0.7074522992433145	0.7387439204333996
log-power-percx.pathfinder.klw	Risky second	28.0	3.2233504191221405	p_scale_only	0.6782229165314139	0.7136299993296775	0.7455748745434151
log-power-percx.pathfinder.klw	Risky second	28.0	3.31304775329107	p_scale_only	0.6831844775693923	0.7193644271719851	0.7517868609637195
log-power-percx.pathfinder.klw	Risky second	28.0	3.40524112751487	p_scale_only	0.6877118887978485	0.7245186266147398	0.7576885230782209
log-power-percx.pathfinder.klw	Risky second	28.0	3.5000000000000004	p_scale_only	0.6918999174179804	0.7294381794709237	0.7633015381426823
log-power-percx.pathfinder.klw	Risky second	28.0	1.2	dp_full	-0.0006084290327440987	0.02254262825730049	0.04808294864003517
log-power-percx.pathfinder.klw	Risky second	28.0	1.233392832614218	dp_full	0.00017902184564447384	0.02242808201094538	0.047198684220934595
log-power-percx.pathfinder.klw	Risky second	28.0	1.267714899620104	dp_full	0.000918495400606188	0.022180372943505385	0.045739228170200145
log-power-percx.pathfinder.klw	Risky second	28.0	1.3029920591580744	dp_full	0.0013726261525045978	0.021904775430393347	0.04427015574675262
log-power-percx.pathfinder.klw	Risky second	28.0	1.339250888932342	dp_full	0.001987152897510847	0.02147370544862833	0.04308196449874393
log-power-percx.pathfinder.klw	Risky second	28.0	1.3765187062344757	dp_full	0.0021791925839071153	0.020936112163271875	0.04125776073445607
log-power-percx.pathfinder.klw	Risky second	28.0	1.4148235885241658	dp_full	0.002517575765993948	0.020381000109293893	0.03928711257812891
log-power-percx.pathfinder.klw	Risky second	28.0	1.454194394582695	dp_full	0.0026347341260146992	0.019746254859100046	0.03751200012716129
log-power-percx.pathfinder.klw	Risky second	28.0	1.4946607862550567	dp_full	0.0025742472697046336	0.019021712445746585	0.035898016175491404
log-power-percx.pathfinder.klw	Risky second	28.0	1.5362532507970992	dp_full	0.0023931329500461243	0.01839632780484328	0.03478067371946033
log-power-percx.pathfinder.klw	Risky second	28.0	1.579003123844529	dp_full	0.0019272227706661701	0.017685708482398452	0.03363381886110339
log-power-percx.pathfinder.klw	Risky second	28.0	1.6229426130210856	dp_full	0.0014231892014801026	0.01712310137368208	0.03317208011373541
log-power-percx.pathfinder.klw	Risky second	28.0	1.6681048222036647	dp_full	0.0009322951682494167	0.01668778017921055	0.03284013447768421
log-power-percx.pathfinder.klw	Risky second	28.0	1.714523776462679	dp_full	0.00027949582018628753	0.016301080474369078	0.033140784014167354
log-power-percx.pathfinder.klw	Risky second	28.0	1.7622344476964418	dp_full	-0.000593439687281094	0.016168204296205184	0.03395286535030237
log-power-percx.pathfinder.klw	Risky second	28.0	1.8112727809788889	dp_full	-0.0018182239250205444	0.01608094005759557	0.035176398748374665
log-power-percx.pathfinder.klw	Risky second	28.0	1.861675721640487	dp_full	-0.0026002907572981776	0.016308083917035372	0.03686347950220093
log-power-percx.pathfinder.klw	Risky second	28.0	1.9134812431027324	dp_full	-0.0034867736247078517	0.016892541859474752	0.038733275961642506
log-power-percx.pathfinder.klw	Risky second	28.0	1.9667283754872122	dp_full	-0.004403787658962522	0.017650687303122543	0.04110566689645133
log-power-percx.pathfinder.klw	Risky second	28.0	2.021457235020777	dp_full	-0.005004106527477958	0.0186409711095777	0.043686409992030294
log-power-percx.pathfinder.klw	Risky second	28.0	2.0777090542589844	dp_full	-0.005264126767753894	0.0198149748807252	0.046384915223711624
log-power-percx.pathfinder.klw	Risky second	28.0	2.1355262131505808	dp_full	-0.005366335662207783	0.021236396429751746	0.049407695014188464
log-power-percx.pathfinder.klw	Risky second	28.0	2.1949522709664246	dp_full	-0.005201210547256899	0.0227897394901741	0.0524609463321916
log-power-percx.pathfinder.klw	Risky second	28.0	2.256031999116908	dp_full	-0.004861599769892026	0.024598595479119426	0.055725524511696364
log-power-percx.pathfinder.klw	Risky second	28.0	2.3188114148826	dp_full	-0.004349899786743952	0.02653908578005727	0.05912052609804544
log-power-percx.pathfinder.klw	Risky second	28.0	2.3833378160835275	dp_full	-0.0035717091326179103	0.02848815802712925	0.0624780472304157
log-power-percx.pathfinder.klw	Risky second	28.0	2.4496598167132055	dp_full	-0.0026356493542654237	0.03060326298862067	0.06597833284138012
log-power-percx.pathfinder.klw	Risky second	28.0	2.5178273835642724	dp_full	-0.0016699055211497947	0.03276865011480623	0.06986468251564949
log-power-percx.pathfinder.klw	Risky second	28.0	2.58789187387332	dp_full	-0.0002681981479992261	0.03503519252600305	0.0732141324823686
log-power-percx.pathfinder.klw	Risky second	28.0	2.659906074013276	dp_full	0.0010460903871765033	0.03734803859244051	0.07638611720409347
log-power-percx.pathfinder.klw	Risky second	28.0	2.7339242392624983	dp_full	0.002373550720362421	0.039649381862693206	0.07963225516010923
log-power-percx.pathfinder.klw	Risky second	28.0	2.8100021346805373	dp_full	0.003762941594753514	0.04193928551374058	0.08306114567634985
log-power-percx.pathfinder.klw	Risky second	28.0	2.8881970771213568	dp_full	0.005223352277992269	0.04431367432036766	0.08674156950229894
log-power-percx.pathfinder.klw	Risky second	28.0	2.9685679784156793	dp_full	0.006816244319977768	0.046659039690811574	0.08978332240401393
log-power-percx.pathfinder.klw	Risky second	28.0	3.051175389754982	dp_full	0.008661320596121097	0.04905134483976278	0.09280166613959272
log-power-percx.pathfinder.klw	Risky second	28.0	3.1360815473105736	dp_full	0.01019007155118879	0.0515453758363319	0.09620528941417641
log-power-percx.pathfinder.klw	Risky second	28.0	3.2233504191221405	dp_full	0.011726045248548093	0.05396878885302263	0.0993797822801343
log-power-percx.pathfinder.klw	Risky second	28.0	3.31304775329107	dp_full	0.013549794148878585	0.05647545283265794	0.10241358903156175
log-power-percx.pathfinder.klw	Risky second	28.0	3.40524112751487	dp_full	0.015476815699830624	0.058889980534553396	0.1056117265768716
log-power-percx.pathfinder.klw	Risky second	28.0	3.5000000000000004	dp_full	0.017265676953868273	0.06143692455401619	0.10872078147731218
log-power-percx.pathfinder.klw	Risky second	28.0	1.2	dp_bias	-0.0009615799471143124	0.019671793581423083	0.04376508658181215
log-power-percx.pathfinder.klw	Risky second	28.0	1.233392832614218	dp_bias	-0.0004787648596167017	0.01968040715056617	0.04305136699364907
log-power-percx.pathfinder.klw	Risky second	28.0	1.267714899620104	dp_bias	-0.0001408605205562873	0.019571039660103217	0.042047633169277246
log-power-percx.pathfinder.klw	Risky second	28.0	1.3029920591580744	dp_bias	0.00019031426892358197	0.019439990858756723	0.04094020767335944
log-power-percx.pathfinder.klw	Risky second	28.0	1.339250888932342	dp_bias	0.0006315384551136958	0.019083774972666168	0.03985328580857748
log-power-percx.pathfinder.klw	Risky second	28.0	1.3765187062344757	dp_bias	0.0007298602281507079	0.01866996385250714	0.03864299105538378
log-power-percx.pathfinder.klw	Risky second	28.0	1.4148235885241658	dp_bias	0.0006868300601753028	0.01821344211642508	0.03728520954971392
log-power-percx.pathfinder.klw	Risky second	28.0	1.454194394582695	dp_bias	0.0004573661038301226	0.017796124429372295	0.03622109938931455
log-power-percx.pathfinder.klw	Risky second	28.0	1.4946607862550567	dp_bias	0.00014133698787123424	0.01725460346562527	0.03523932840056341
log-power-percx.pathfinder.klw	Risky second	28.0	1.5362532507970992	dp_bias	-0.00011152571931532832	0.016853359037387654	0.03439505425981687
log-power-percx.pathfinder.klw	Risky second	28.0	1.579003123844529	dp_bias	-0.0004937479824960149	0.01644522118806511	0.03378651300483526
log-power-percx.pathfinder.klw	Risky second	28.0	1.6229426130210856	dp_bias	-0.0007565163334084968	0.016176441155158094	0.033645291865963024
log-power-percx.pathfinder.klw	Risky second	28.0	1.6681048222036647	dp_bias	-0.001562990372338904	0.01597421179474441	0.03381500515425105
log-power-percx.pathfinder.klw	Risky second	28.0	1.714523776462679	dp_bias	-0.0018120413832279666	0.01588146077254731	0.034068913616869964
log-power-percx.pathfinder.klw	Risky second	28.0	1.7622344476964418	dp_bias	-0.0023095485203663137	0.016002898805943917	0.03489863731137734
log-power-percx.pathfinder.klw	Risky second	28.0	1.8112727809788889	dp_bias	-0.0026865419985797846	0.016344178555496962	0.03601657663876172
log-power-percx.pathfinder.klw	Risky second	28.0	1.861675721640487	dp_bias	-0.0031207880804621545	0.01675710750222254	0.03763805609333269
log-power-percx.pathfinder.klw	Risky second	28.0	1.9134812431027324	dp_bias	-0.0033203123710621994	0.017567764219292653	0.03930306746671483
log-power-percx.pathfinder.klw	Risky second	28.0	1.9667283754872122	dp_bias	-0.0034850128438223284	0.018568319918366837	0.04128126156137139
log-power-percx.pathfinder.klw	Risky second	28.0	2.021457235020777	dp_bias	-0.003334560189918339	0.019742649625345367	0.04348396788690947
log-power-percx.pathfinder.klw	Risky second	28.0	2.0777090542589844	dp_bias	-0.003082383575444169	0.02117904537242677	0.046121375489268666
log-power-percx.pathfinder.klw	Risky second	28.0	2.1355262131505808	dp_bias	-0.0025758269083497737	0.022709005394451875	0.0489067565416467
log-power-percx.pathfinder.klw	Risky second	28.0	2.1949522709664246	dp_bias	-0.0019602601666892272	0.024444706720812746	0.05173539682470685
log-power-percx.pathfinder.klw	Risky second	28.0	2.256031999116908	dp_bias	-0.0011001726995637268	0.026288303827042697	0.05476696605675646
log-power-percx.pathfinder.klw	Risky second	28.0	2.3188114148826	dp_bias	-0.00030557431482612933	0.02818043680750134	0.05808139673295566
log-power-percx.pathfinder.klw	Risky second	28.0	2.3833378160835275	dp_bias	0.0008285221266596803	0.030108789632052477	0.0612427220667165
log-power-percx.pathfinder.klw	Risky second	28.0	2.4496598167132055	dp_bias	0.0018616106393028085	0.03212810435187499	0.06471175182589639
log-power-percx.pathfinder.klw	Risky second	28.0	2.5178273835642724	dp_bias	0.00309187006697524	0.03416195690106675	0.06790686798730995
log-power-percx.pathfinder.klw	Risky second	28.0	2.58789187387332	dp_bias	0.004009260482398778	0.03627894812467438	0.07122235811029147
log-power-percx.pathfinder.klw	Risky second	28.0	2.659906074013276	dp_bias	0.00508690317529482	0.03839549026147672	0.07424245369837115
log-power-percx.pathfinder.klw	Risky second	28.0	2.7339242392624983	dp_bias	0.006121326462157326	0.0405117540053907	0.07751072237028578
log-power-percx.pathfinder.klw	Risky second	28.0	2.8100021346805373	dp_bias	0.007360277959279596	0.042745414928613806	0.08068353721758473
log-power-percx.pathfinder.klw	Risky second	28.0	2.8881970771213568	dp_bias	0.008638586711931538	0.04482674998728366	0.08390197457663012
log-power-percx.pathfinder.klw	Risky second	28.0	2.9685679784156793	dp_bias	0.00988583930090912	0.04704582057134071	0.08714483334443783
log-power-percx.pathfinder.klw	Risky second	28.0	3.051175389754982	dp_bias	0.011199385824450568	0.04934153266384868	0.09028768498373353
log-power-percx.pathfinder.klw	Risky second	28.0	3.1360815473105736	dp_bias	0.012407345063243693	0.051602436136313524	0.09341615200207286
log-power-percx.pathfinder.klw	Risky second	28.0	3.2233504191221405	dp_bias	0.013839268084972023	0.054065783639166545	0.09663050987422035
log-power-percx.pathfinder.klw	Risky second	28.0	3.31304775329107	dp_bias	0.0154490683528817	0.05645409596005159	0.09985853209281385
log-power-percx.pathfinder.klw	Risky second	28.0	3.40524112751487	dp_bias	0.017158170409862394	0.058855921647249135	0.10326426472092054
log-power-percx.pathfinder.klw	Risky second	28.0	3.5000000000000004	dp_bias	0.019104571232007095	0.06132605654185787	0.10658218335035899
log-power-percx.pathfinder.klw	Risky second	28.0	1.2	dp_scale	0.0011762255053519451	0.008536923206586099	0.017140675156094718
log-power-percx.pathfinder.klw	Risky second	28.0	1.233392832614218	dp_scale	0.0011665973732776689	0.0085412033906301	0.01704011318691407
log-power-percx.pathfinder.klw	Risky second	28.0	1.267714899620104	dp_scale	0.001096214529540916	0.0084173069380321	0.016804274186402714
log-power-percx.pathfinder.klw	Risky second	28.0	1.3029920591580744	dp_scale	0.0009674098972245127	0.008203581198130274	0.016482094112059743
log-power-percx.pathfinder.klw	Risky second	28.0	1.339250888932342	dp_scale	0.0008002430543237848	0.007873980431005113	0.01608027447681295
log-power-percx.pathfinder.klw	Risky second	28.0	1.3765187062344757	dp_scale	0.0005954277327350541	0.00747204719268153	0.015286029554835226
log-power-percx.pathfinder.klw	Risky second	28.0	1.4148235885241658	dp_scale	0.00036467476331643117	0.006982356197734062	0.01441451232976313
log-power-percx.pathfinder.klw	Risky second	28.0	1.454194394582695	dp_scale	2.935151144761702e-05	0.006381819508451923	0.013562438287934495
log-power-percx.pathfinder.klw	Risky second	28.0	1.4946607862550567	dp_scale	-0.00037299377006802254	0.005667978130072191	0.012549597647689323
log-power-percx.pathfinder.klw	Risky second	28.0	1.5362532507970992	dp_scale	-0.0008443379921011572	0.004930586113066085	0.011408261908242734
log-power-percx.pathfinder.klw	Risky second	28.0	1.579003123844529	dp_scale	-0.0013657224833336858	0.004119221398672308	0.010224301983786228
log-power-percx.pathfinder.klw	Risky second	28.0	1.6229426130210856	dp_scale	-0.0020871771456030526	0.003246183830217692	0.008977239649332586
log-power-percx.pathfinder.klw	Risky second	28.0	1.6681048222036647	dp_scale	-0.0027962338298560922	0.0023764837321220006	0.007865877162138138
log-power-percx.pathfinder.klw	Risky second	28.0	1.714523776462679	dp_scale	-0.0037504458005416705	0.0014836733251855333	0.006808191823281744
log-power-percx.pathfinder.klw	Risky second	28.0	1.7622344476964418	dp_scale	-0.004629786056675622	0.0006524571075648394	0.005837186309004639
log-power-percx.pathfinder.klw	Risky second	28.0	1.8112727809788889	dp_scale	-0.005670654770261246	-0.00019431018404868862	0.005100637556950676
log-power-percx.pathfinder.klw	Risky second	28.0	1.861675721640487	dp_scale	-0.006669675549545474	-0.0009757465396640281	0.00439751372671177
log-power-percx.pathfinder.klw	Risky second	28.0	1.9134812431027324	dp_scale	-0.007655825935108437	-0.001704319815262058	0.003877655536881093
log-power-percx.pathfinder.klw	Risky second	28.0	1.9667283754872122	dp_scale	-0.00854317072062234	-0.0023081601580544073	0.003493791391453153
log-power-percx.pathfinder.klw	Risky second	28.0	2.021457235020777	dp_scale	-0.009408281785792949	-0.002795234373504517	0.0032858271483054953
log-power-percx.pathfinder.klw	Risky second	28.0	2.0777090542589844	dp_scale	-0.010292656722860453	-0.0032174469616521933	0.0030902490133162402
log-power-percx.pathfinder.klw	Risky second	28.0	2.1355262131505808	dp_scale	-0.010824397949979426	-0.0035324791760704024	0.003037648170954947
log-power-percx.pathfinder.klw	Risky second	28.0	2.1949522709664246	dp_scale	-0.011274150021948134	-0.003786591372064918	0.002896206811469261
log-power-percx.pathfinder.klw	Risky second	28.0	2.256031999116908	dp_scale	-0.01162256991518278	-0.0039474799638332765	0.002807076606236834
log-power-percx.pathfinder.klw	Risky second	28.0	2.3188114148826	dp_scale	-0.011717264091753322	-0.004051961098426336	0.0028068050022966723
log-power-percx.pathfinder.klw	Risky second	28.0	2.3833378160835275	dp_scale	-0.011864927285697468	-0.004080581432936424	0.002842318767643288
log-power-percx.pathfinder.klw	Risky second	28.0	2.4496598167132055	dp_scale	-0.011839013122629463	-0.0040571682411948504	0.00291778386037313
log-power-percx.pathfinder.klw	Risky second	28.0	2.5178273835642724	dp_scale	-0.011805649636074991	-0.00402690025288304	0.002973162930365763
log-power-percx.pathfinder.klw	Risky second	28.0	2.58789187387332	dp_scale	-0.011636801606922603	-0.003963276376561424	0.00299687192128838
log-power-percx.pathfinder.klw	Risky second	28.0	2.659906074013276	dp_scale	-0.011396372826397098	-0.0038501607659937047	0.0030500951671874987
log-power-percx.pathfinder.klw	Risky second	28.0	2.7339242392624983	dp_scale	-0.011155295964395398	-0.003735547301619232	0.0030913847928082812
log-power-percx.pathfinder.klw	Risky second	28.0	2.8100021346805373	dp_scale	-0.010918516449349856	-0.0035967699505472617	0.003085384103864689
log-power-percx.pathfinder.klw	Risky second	28.0	2.8881970771213568	dp_scale	-0.010547685496854135	-0.0034396493852082064	0.003122246506312515
log-power-percx.pathfinder.klw	Risky second	28.0	2.9685679784156793	dp_scale	-0.010284651670918852	-0.003275082686582078	0.003166321426821174
log-power-percx.pathfinder.klw	Risky second	28.0	3.051175389754982	dp_scale	-0.009907346927071002	-0.0031325485672049273	0.003183153615751665
log-power-percx.pathfinder.klw	Risky second	28.0	3.1360815473105736	dp_scale	-0.009581270088414256	-0.002953273146317602	0.003235332661297798
log-power-percx.pathfinder.klw	Risky second	28.0	3.2233504191221405	dp_scale	-0.009167510228399414	-0.002747970325561862	0.0032271100340280708
log-power-percx.pathfinder.klw	Risky second	28.0	3.31304775329107	dp_scale	-0.00878988011612866	-0.00256077297862065	0.003283519702686318
log-power-percx.pathfinder.klw	Risky second	28.0	3.40524112751487	dp_scale	-0.008430447190712774	-0.002358022795971789	0.0033510301510859273
log-power-percx.pathfinder.klw	Risky second	28.0	3.5000000000000004	dp_scale	-0.008009930691294635	-0.002169108473539323	0.003395151693760798
log-power-percx.pathfinder.klw	Risky second	28.0	1.2	dp_interaction	-0.011330162678123383	-0.005612871135554979	-0.002383221100640744
log-power-percx.pathfinder.klw	Risky second	28.0	1.233392832614218	dp_interaction	-0.011397882981518042	-0.005697245852750919	-0.0025139996431942867
log-power-percx.pathfinder.klw	Risky second	28.0	1.267714899620104	dp_interaction	-0.01121682141665441	-0.005714465502569526	-0.0025506917061445433
log-power-percx.pathfinder.klw	Risky second	28.0	1.3029920591580744	dp_interaction	-0.010989709478664745	-0.005641892974091284	-0.0025169024384482574
log-power-percx.pathfinder.klw	Risky second	28.0	1.339250888932342	dp_interaction	-0.010661378842142778	-0.005458246538590164	-0.002361698802230845
log-power-percx.pathfinder.klw	Risky second	28.0	1.3765187062344757	dp_interaction	-0.010290532627881745	-0.005199685146720449	-0.0020801428509322445
log-power-percx.pathfinder.klw	Risky second	28.0	1.4148235885241658	dp_interaction	-0.009816777334406949	-0.004848715654450695	-0.0017152722409652262
log-power-percx.pathfinder.klw	Risky second	28.0	1.454194394582695	dp_interaction	-0.009312933117677892	-0.004424694661502448	-0.0012427054874947685
log-power-percx.pathfinder.klw	Risky second	28.0	1.4946607862550567	dp_interaction	-0.008637372125521795	-0.003943176467238574	-0.0006876700364224289
log-power-percx.pathfinder.klw	Risky second	28.0	1.5362532507970992	dp_interaction	-0.007898294388613364	-0.0034202724929202908	-5.8280490595687804e-05
log-power-percx.pathfinder.klw	Risky second	28.0	1.579003123844529	dp_interaction	-0.0070612408182347255	-0.0028236391775966225	0.0006686070949730222
log-power-percx.pathfinder.klw	Risky second	28.0	1.6229426130210856	dp_interaction	-0.006256178921640433	-0.0022327404064341567	0.0014077862803799283
log-power-percx.pathfinder.klw	Risky second	28.0	1.6681048222036647	dp_interaction	-0.005428819334299357	-0.0016331094854953015	0.0020347747051657214
log-power-percx.pathfinder.klw	Risky second	28.0	1.714523776462679	dp_interaction	-0.004645566979184335	-0.0010466241464345497	0.002759558949067843
log-power-percx.pathfinder.klw	Risky second	28.0	1.7622344476964418	dp_interaction	-0.003920365197288037	-0.00047118967285665365	0.003433547190212675
log-power-percx.pathfinder.klw	Risky second	28.0	1.8112727809788889	dp_interaction	-0.0032418412770871706	2.177722808258752e-05	0.00404355696113174
log-power-percx.pathfinder.klw	Risky second	28.0	1.861675721640487	dp_interaction	-0.0026718851757239325	0.0005081508708325009	0.004570909345739187
log-power-percx.pathfinder.klw	Risky second	28.0	1.9134812431027324	dp_interaction	-0.0021141119365087296	0.0009419448338410798	0.004964877481650218
log-power-percx.pathfinder.klw	Risky second	28.0	1.9667283754872122	dp_interaction	-0.0017617053347434278	0.0012808611179947363	0.005329568637534882
log-power-percx.pathfinder.klw	Risky second	28.0	2.021457235020777	dp_interaction	-0.0014387966347628408	0.0015726949502123063	0.005636297905635033
log-power-percx.pathfinder.klw	Risky second	28.0	2.0777090542589844	dp_interaction	-0.0012198871728490734	0.0018150773684503332	0.005907149668415371
log-power-percx.pathfinder.klw	Risky second	28.0	2.1355262131505808	dp_interaction	-0.0010231804807962015	0.002011015923960696	0.006151971146646768
log-power-percx.pathfinder.klw	Risky second	28.0	2.1949522709664246	dp_interaction	-0.0008874331522307666	0.0021587056182690817	0.006262732828033023
log-power-percx.pathfinder.klw	Risky second	28.0	2.256031999116908	dp_interaction	-0.0008522668893613324	0.0022851561045913486	0.006441977009944615
log-power-percx.pathfinder.klw	Risky second	28.0	2.3188114148826	dp_interaction	-0.0007639954191940447	0.0023832400941637753	0.006656216380002321
log-power-percx.pathfinder.klw	Risky second	28.0	2.3833378160835275	dp_interaction	-0.000753192670880584	0.0024845004779159305	0.006807550320757204
log-power-percx.pathfinder.klw	Risky second	28.0	2.4496598167132055	dp_interaction	-0.0007248904511765585	0.002590057870728832	0.006998253936304209
log-power-percx.pathfinder.klw	Risky second	28.0	2.5178273835642724	dp_interaction	-0.0007199331092085502	0.0026705671051431472	0.007175718187874863
log-power-percx.pathfinder.klw	Risky second	28.0	2.58789187387332	dp_interaction	-0.0007505934923150233	0.0027625887967648952	0.007237309473266193
log-power-percx.pathfinder.klw	Risky second	28.0	2.659906074013276	dp_interaction	-0.0007464999703682325	0.002854162096830159	0.007424685324082745
log-power-percx.pathfinder.klw	Risky second	28.0	2.7339242392624983	dp_interaction	-0.0008166059698424551	0.002940578180279457	0.007585423994850895
log-power-percx.pathfinder.klw	Risky second	28.0	2.8100021346805373	dp_interaction	-0.0009316840218340198	0.0029888440418530922	0.007747250181000601
log-power-percx.pathfinder.klw	Risky second	28.0	2.8881970771213568	dp_interaction	-0.0009851280646299804	0.003002268285229457	0.007835250398206296
log-power-percx.pathfinder.klw	Risky second	28.0	2.9685679784156793	dp_interaction	-0.0010803319334079292	0.0029911131023417073	0.007835194176193496
log-power-percx.pathfinder.klw	Risky second	28.0	3.051175389754982	dp_interaction	-0.0011709331568946256	0.0029590746280730206	0.0077495543710545825
log-power-percx.pathfinder.klw	Risky second	28.0	3.1360815473105736	dp_interaction	-0.0012986188435766492	0.0029181173410657785	0.007763610406343965
log-power-percx.pathfinder.klw	Risky second	28.0	3.2233504191221405	dp_interaction	-0.001414482400838988	0.0028210295966669303	0.007647011714218209
log-power-percx.pathfinder.klw	Risky second	28.0	3.31304775329107	dp_interaction	-0.0015411846326390882	0.0026873189858284095	0.007482671575633062
log-power-percx.pathfinder.klw	Risky second	28.0	3.40524112751487	dp_interaction	-0.0017816235697202698	0.002531878101506819	0.0073384249703788785
log-power-percx.pathfinder.klw	Risky second	28.0	3.5000000000000004	dp_interaction	-0.002063801511071634	0.00233124207653397	0.0071076182795357015
log-power-percx.pathfinder.klw	Risky second	28.0	1.2	num_shift	-0.0068911173066677316	0.011742493662883213	0.03177393825874746
log-power-percx.pathfinder.klw	Risky second	28.0	1.233392832614218	num_shift	-0.006006211263240828	0.012458465249371026	0.031860121807849084
log-power-percx.pathfinder.klw	Risky second	28.0	1.267714899620104	num_shift	-0.0050912596955531115	0.013316292623421953	0.032203803983460615
log-power-percx.pathfinder.klw	Risky second	28.0	1.3029920591580744	num_shift	-0.0039433626485329476	0.014243381911149069	0.032925188226583885
log-power-percx.pathfinder.klw	Risky second	28.0	1.339250888932342	num_shift	-0.0027082005277711332	0.015293600615478187	0.03364080088750118
log-power-percx.pathfinder.klw	Risky second	28.0	1.3765187062344757	num_shift	-0.0015364101128766685	0.016385082034095506	0.03473122095521082
log-power-percx.pathfinder.klw	Risky second	28.0	1.4148235885241658	num_shift	-0.0003333876904075854	0.017610792995317766	0.036014293223746316
log-power-percx.pathfinder.klw	Risky second	28.0	1.454194394582695	num_shift	0.0009046041531690325	0.018932476392940264	0.03732622470031106
log-power-percx.pathfinder.klw	Risky second	28.0	1.4946607862550567	num_shift	0.002291560785865349	0.02029020660168058	0.039004071103042
log-power-percx.pathfinder.klw	Risky second	28.0	1.5362532507970992	num_shift	0.0033694465117492384	0.021794806992369214	0.04092912636721681
log-power-percx.pathfinder.klw	Risky second	28.0	1.579003123844529	num_shift	0.004557876129348751	0.023497062346969265	0.043036826522022426
log-power-percx.pathfinder.klw	Risky second	28.0	1.6229426130210856	num_shift	0.00588539311019403	0.02520065047569625	0.04509088818541459
log-power-percx.pathfinder.klw	Risky second	28.0	1.6681048222036647	num_shift	0.007158086096168541	0.02699103422400147	0.04739051069075092
log-power-percx.pathfinder.klw	Risky second	28.0	1.714523776462679	num_shift	0.008472092209149394	0.028904797520484235	0.04998815148342358
log-power-percx.pathfinder.klw	Risky second	28.0	1.7622344476964418	num_shift	0.009808517032056405	0.03091574938619034	0.0527676682919619
log-power-percx.pathfinder.klw	Risky second	28.0	1.8112727809788889	num_shift	0.011164945550640277	0.033030716185177306	0.055770665641547104
log-power-percx.pathfinder.klw	Risky second	28.0	1.861675721640487	num_shift	0.012444825637163535	0.03526253644489652	0.05888064455014411
log-power-percx.pathfinder.klw	Risky second	28.0	1.9134812431027324	num_shift	0.01395475470024956	0.03758399846250436	0.062374843447355346
log-power-percx.pathfinder.klw	Risky second	28.0	1.9667283754872122	num_shift	0.015281500612745606	0.03995593003501352	0.06644109842844324
log-power-percx.pathfinder.klw	Risky second	28.0	2.021457235020777	num_shift	0.016741875425859174	0.042457255480178265	0.07049175652329867
log-power-percx.pathfinder.klw	Risky second	28.0	2.0777090542589844	num_shift	0.018157002536554705	0.04516280482208955	0.07447946350952475
log-power-percx.pathfinder.klw	Risky second	28.0	2.1355262131505808	num_shift	0.01950610518731572	0.04787910468031284	0.07884683219958791
log-power-percx.pathfinder.klw	Risky second	28.0	2.1949522709664246	num_shift	0.0209330784471225	0.050735331578604104	0.08339946231125209
log-power-percx.pathfinder.klw	Risky second	28.0	2.256031999116908	num_shift	0.022328816909511	0.05362342454669322	0.08803634876783531
log-power-percx.pathfinder.klw	Risky second	28.0	2.3188114148826	num_shift	0.023599829506125342	0.056720334317637455	0.09243686579617283
log-power-percx.pathfinder.klw	Risky second	28.0	2.3833378160835275	num_shift	0.02497481426395919	0.05993898301095531	0.09767524963758535
log-power-percx.pathfinder.klw	Risky second	28.0	2.4496598167132055	num_shift	0.026526506170770837	0.06321138874772976	0.10259476122151856
log-power-percx.pathfinder.klw	Risky second	28.0	2.5178273835642724	num_shift	0.027986321920106295	0.06655188501052536	0.1079172084637464
log-power-percx.pathfinder.klw	Risky second	28.0	2.58789187387332	num_shift	0.029331545392664304	0.06998904565062081	0.11339712764630687
log-power-percx.pathfinder.klw	Risky second	28.0	2.659906074013276	num_shift	0.031088506954126318	0.07357747204215287	0.11905612211537821
log-power-percx.pathfinder.klw	Risky second	28.0	2.7339242392624983	num_shift	0.03289755138760598	0.07714271150227453	0.12455303241357527
log-power-percx.pathfinder.klw	Risky second	28.0	2.8100021346805373	num_shift	0.03427136794163711	0.08089787639584342	0.1306188441528664
log-power-percx.pathfinder.klw	Risky second	28.0	2.8881970771213568	num_shift	0.03556062351327219	0.08471362561157476	0.13664418349617619
log-power-percx.pathfinder.klw	Risky second	28.0	2.9685679784156793	num_shift	0.03706601037252028	0.08856848532320291	0.14302050863738577
log-power-percx.pathfinder.klw	Risky second	28.0	3.051175389754982	num_shift	0.03865927604716256	0.09265396767927975	0.14953005734426505
log-power-percx.pathfinder.klw	Risky second	28.0	3.1360815473105736	num_shift	0.040275429380876464	0.09670735112336712	0.15644328284814096
log-power-percx.pathfinder.klw	Risky second	28.0	3.2233504191221405	num_shift	0.04204519754252927	0.1007789516273882	0.16318069162499937
log-power-percx.pathfinder.klw	Risky second	28.0	3.31304775329107	num_shift	0.04351084663980181	0.10493814380411823	0.16967980387903345
log-power-percx.pathfinder.klw	Risky second	28.0	3.40524112751487	num_shift	0.04481755510956027	0.10929831010908964	0.17700404095382957
log-power-percx.pathfinder.klw	Risky second	28.0	3.5000000000000004	num_shift	0.04666172917184141	0.11362164883650876	0.18393702210324062
log-power-percx.pathfinder.klw	Risky second	28.0	1.2	den_ratio	1.0062382661447808	1.0507635737431218	1.1039279983968162
log-power-percx.pathfinder.klw	Risky second	28.0	1.233392832614218	den_ratio	1.0057719831184984	1.0501246100167378	1.1032435962953169
log-power-percx.pathfinder.klw	Risky second	28.0	1.267714899620104	den_ratio	1.00524716212378	1.049557961565288	1.102432924222333
log-power-percx.pathfinder.klw	Risky second	28.0	1.3029920591580744	den_ratio	1.004580099233891	1.0489571302028864	1.101618301426718
log-power-percx.pathfinder.klw	Risky second	28.0	1.339250888932342	den_ratio	1.0038698365683916	1.0483635755153506	1.100603973263579
log-power-percx.pathfinder.klw	Risky second	28.0	1.3765187062344757	den_ratio	1.003457603255348	1.0477132679981631	1.099984845217662
log-power-percx.pathfinder.klw	Risky second	28.0	1.4148235885241658	den_ratio	1.0029621890495437	1.047127483134732	1.0995559361923455
log-power-percx.pathfinder.klw	Risky second	28.0	1.454194394582695	den_ratio	1.002439562494382	1.0466153646964966	1.0991137536408304
log-power-percx.pathfinder.klw	Risky second	28.0	1.4946607862550567	den_ratio	1.001813634222402	1.046091086993884	1.0983267973540674
log-power-percx.pathfinder.klw	Risky second	28.0	1.5362532507970992	den_ratio	1.001132332624279	1.0456591793584722	1.0977287929936759
log-power-percx.pathfinder.klw	Risky second	28.0	1.579003123844529	den_ratio	1.0006417389875262	1.0452479076619632	1.0973723346209325
log-power-percx.pathfinder.klw	Risky second	28.0	1.6229426130210856	den_ratio	1.0000424757861333	1.044857738960635	1.0971000266951438
log-power-percx.pathfinder.klw	Risky second	28.0	1.6681048222036647	den_ratio	0.9998170037671076	1.0444393041488982	1.0967698204345493
log-power-percx.pathfinder.klw	Risky second	28.0	1.714523776462679	den_ratio	0.9995267842507412	1.0440655576661615	1.0962575710504283
log-power-percx.pathfinder.klw	Risky second	28.0	1.7622344476964418	den_ratio	0.9990783077893902	1.04359983828802	1.0959695284562345
log-power-percx.pathfinder.klw	Risky second	28.0	1.8112727809788889	den_ratio	0.9985501959760852	1.0432307468211146	1.0960954642136962
log-power-percx.pathfinder.klw	Risky second	28.0	1.861675721640487	den_ratio	0.9981749244913315	1.0428319719021215	1.0958998324978384
log-power-percx.pathfinder.klw	Risky second	28.0	1.9134812431027324	den_ratio	0.9977821478324428	1.0425891681147803	1.0954674512339417
log-power-percx.pathfinder.klw	Risky second	28.0	1.9667283754872122	den_ratio	0.9973968129724202	1.0422867752407616	1.0951632851194897
log-power-percx.pathfinder.klw	Risky second	28.0	2.021457235020777	den_ratio	0.9970693165427625	1.0419929710030567	1.095076437693641
log-power-percx.pathfinder.klw	Risky second	28.0	2.0777090542589844	den_ratio	0.9966499015945882	1.0417265052568014	1.0947386668985386
log-power-percx.pathfinder.klw	Risky second	28.0	2.1355262131505808	den_ratio	0.9963432891041598	1.0414450333467182	1.0944426994886225
log-power-percx.pathfinder.klw	Risky second	28.0	2.1949522709664246	den_ratio	0.9962371297078976	1.041381077813765	1.0942082072724948
log-power-percx.pathfinder.klw	Risky second	28.0	2.256031999116908	den_ratio	0.9958968164591535	1.0413063166232392	1.0937629418861985
log-power-percx.pathfinder.klw	Risky second	28.0	2.3188114148826	den_ratio	0.9957456896646031	1.0413225636423107	1.0936785281070214
log-power-percx.pathfinder.klw	Risky second	28.0	2.3833378160835275	den_ratio	0.9956454956636076	1.0413484778492275	1.0933470359735127
log-power-percx.pathfinder.klw	Risky second	28.0	2.4496598167132055	den_ratio	0.9954121590803112	1.0412125798292347	1.0932845023673363
log-power-percx.pathfinder.klw	Risky second	28.0	2.5178273835642724	den_ratio	0.9953329224177692	1.0412030102950574	1.0932867155516603
log-power-percx.pathfinder.klw	Risky second	28.0	2.58789187387332	den_ratio	0.9951634345466599	1.0412439876423636	1.0935620183920238
log-power-percx.pathfinder.klw	Risky second	28.0	2.659906074013276	den_ratio	0.9952114546156728	1.041287682166347	1.0939481345673578
log-power-percx.pathfinder.klw	Risky second	28.0	2.7339242392624983	den_ratio	0.9950755841721848	1.0413516185278033	1.0942786682740484
log-power-percx.pathfinder.klw	Risky second	28.0	2.8100021346805373	den_ratio	0.9951918290498227	1.0413905875126233	1.0946924203838313
log-power-percx.pathfinder.klw	Risky second	28.0	2.8881970771213568	den_ratio	0.9951563229966636	1.0415725525736488	1.09487995823698
log-power-percx.pathfinder.klw	Risky second	28.0	2.9685679784156793	den_ratio	0.9952365006029952	1.041805665234254	1.0951613712352453
log-power-percx.pathfinder.klw	Risky second	28.0	3.051175389754982	den_ratio	0.9954052954208545	1.0420267602914968	1.0957335948933493
log-power-percx.pathfinder.klw	Risky second	28.0	3.1360815473105736	den_ratio	0.9955233521126883	1.0422459389892287	1.0962937471095902
log-power-percx.pathfinder.klw	Risky second	28.0	3.2233504191221405	den_ratio	0.9955705164337842	1.0424251197734367	1.0967251331689911
log-power-percx.pathfinder.klw	Risky second	28.0	3.31304775329107	den_ratio	0.9955753588679446	1.0427378415843473	1.097195533465466
log-power-percx.pathfinder.klw	Risky second	28.0	3.40524112751487	den_ratio	0.9957287048605019	1.0431155289245784	1.097739102247594
log-power-percx.pathfinder.klw	Risky second	28.0	3.5000000000000004	den_ratio	0.9959604432142201	1.0434357097325235	1.0983623266911313
