label	order	n_safe	ratio	quantity	lo	mid	hi
log-power-percpmusd.mapjitter.klw	Risky first	7.0	1.2	p_vertex	0.17941468575715516	0.23078123206156467	0.2877917359381238
log-power-percpmusd.mapjitter.klw	Risky first	7.0	1.233392832614218	p_vertex	0.1945662042036839	0.24595629461666807	0.30179533962940996
log-power-percpmusd.mapjitter.klw	Risky first	7.0	1.267714899620104	p_vertex	0.2109822302360292	0.2621209344447719	0.3169651817261693
log-power-percpmusd.mapjitter.klw	Risky first	7.0	1.3029920591580744	p_vertex	0.22838688876234917	0.27929262784459974	0.3331205279445312
log-power-percpmusd.mapjitter.klw	Risky first	7.0	1.339250888932342	p_vertex	0.247207006064414	0.2974374650124692	0.3501672058818738
log-power-percpmusd.mapjitter.klw	Risky first	7.0	1.3765187062344757	p_vertex	0.26671139566973606	0.31651366010827003	0.36790608200903285
log-power-percpmusd.mapjitter.klw	Risky first	7.0	1.4148235885241658	p_vertex	0.28763488342109694	0.3363360766662298	0.3865011577321588
log-power-percpmusd.mapjitter.klw	Risky first	7.0	1.454194394582695	p_vertex	0.30961183862695946	0.3571519095118818	0.40570521116862684
log-power-percpmusd.mapjitter.klw	Risky first	7.0	1.4946607862550567	p_vertex	0.33240160558823767	0.37870664884877075	0.42554965013381674
log-power-percpmusd.mapjitter.klw	Risky first	7.0	1.5362532507970992	p_vertex	0.35574346877446245	0.40089273002214787	0.44595986737829
log-power-percpmusd.mapjitter.klw	Risky first	7.0	1.579003123844529	p_vertex	0.3798448595933126	0.42354887752357295	0.4668789545575838
log-power-percpmusd.mapjitter.klw	Risky first	7.0	1.6229426130210856	p_vertex	0.40435932769029187	0.44672140084438183	0.4881955719357552
log-power-percpmusd.mapjitter.klw	Risky first	7.0	1.6681048222036647	p_vertex	0.42921604726265244	0.470028581714906	0.5095821321269203
log-power-percpmusd.mapjitter.klw	Risky first	7.0	1.714523776462679	p_vertex	0.45422155691727295	0.4934051376380429	0.5311737931343057
log-power-percpmusd.mapjitter.klw	Risky first	7.0	1.7622344476964418	p_vertex	0.4790470108063024	0.5167591713683999	0.5527590533318185
log-power-percpmusd.mapjitter.klw	Risky first	7.0	1.8112727809788889	p_vertex	0.5036778359028364	0.5398621971660497	0.5742352836875065
log-power-percpmusd.mapjitter.klw	Risky first	7.0	1.861675721640487	p_vertex	0.5278992048811764	0.5625997615132194	0.5953611459231174
log-power-percpmusd.mapjitter.klw	Risky first	7.0	1.9134812431027324	p_vertex	0.5517340884990669	0.5849026129583154	0.616320371837545
log-power-percpmusd.mapjitter.klw	Risky first	7.0	1.9667283754872122	p_vertex	0.5747173103715699	0.6066935772528435	0.636938344492082
log-power-percpmusd.mapjitter.klw	Risky first	7.0	2.021457235020777	p_vertex	0.5969627191668225	0.6278434324774282	0.6569372008837715
log-power-percpmusd.mapjitter.klw	Risky first	7.0	2.0777090542589844	p_vertex	0.6184937165970827	0.6482013702234588	0.676255257487459
log-power-percpmusd.mapjitter.klw	Risky first	7.0	2.1355262131505808	p_vertex	0.6390133671578265	0.6676508197374212	0.6951157716779942
log-power-percpmusd.mapjitter.klw	Risky first	7.0	2.1949522709664246	p_vertex	0.6584889662206991	0.6863052284306183	0.7129633851421185
log-power-percpmusd.mapjitter.klw	Risky first	7.0	2.256031999116908	p_vertex	0.6770698744276342	0.7040788188532217	0.7298787227320805
log-power-percpmusd.mapjitter.klw	Risky first	7.0	2.3188114148826	p_vertex	0.6945218229311927	0.7210163627947855	0.7461034464777992
log-power-percpmusd.mapjitter.klw	Risky first	7.0	2.3833378160835275	p_vertex	0.7110856074940586	0.7370603275595868	0.7613525608774576
log-power-percpmusd.mapjitter.klw	Risky first	7.0	2.4496598167132055	p_vertex	0.7267075781403094	0.75222145952824	0.775922613469177
log-power-percpmusd.mapjitter.klw	Risky first	7.0	2.5178273835642724	p_vertex	0.7414118534174904	0.7665082743481514	0.789687046068391
log-power-percpmusd.mapjitter.klw	Risky first	7.0	2.58789187387332	p_vertex	0.7554256530706777	0.7799728172087046	0.8027639342696614
log-power-percpmusd.mapjitter.klw	Risky first	7.0	2.659906074013276	p_vertex	0.7684015431736251	0.7926629336154725	0.8150324398072157
log-power-percpmusd.mapjitter.klw	Risky first	7.0	2.7339242392624983	p_vertex	0.780557335464953	0.8045749395080625	0.8264627327089783
log-power-percpmusd.mapjitter.klw	Risky first	7.0	2.8100021346805373	p_vertex	0.7922162970564834	0.8157688948775985	0.8372129318283094
log-power-percpmusd.mapjitter.klw	Risky first	7.0	2.8881970771213568	p_vertex	0.8030967379559565	0.8262592172176402	0.8471972882088376
log-power-percpmusd.mapjitter.klw	Risky first	7.0	2.9685679784156793	p_vertex	0.8132930619514719	0.8361096302100405	0.8566911309059176
log-power-percpmusd.mapjitter.klw	Risky first	7.0	3.051175389754982	p_vertex	0.8228061961691344	0.8453457359959058	0.8655456673217847
log-power-percpmusd.mapjitter.klw	Risky first	7.0	3.1360815473105736	p_vertex	0.8318297550950132	0.8540148269479406	0.8736932020843755
log-power-percpmusd.mapjitter.klw	Risky first	7.0	3.2233504191221405	p_vertex	0.8403651371214333	0.8621335866552764	0.8813165867976673
log-power-percpmusd.mapjitter.klw	Risky first	7.0	3.31304775329107	p_vertex	0.8483501886871252	0.8697565014858335	0.888440577209791
log-power-percpmusd.mapjitter.klw	Risky first	7.0	3.40524112751487	p_vertex	0.8557797142052213	0.8768377159550438	0.8950217880048513
log-power-percpmusd.mapjitter.klw	Risky first	7.0	3.5000000000000004	p_vertex	0.8628100683775278	0.8835469609117521	0.90125707909965
log-power-percpmusd.mapjitter.klw	Risky first	7.0	1.2	p_full	0.22860366643962485	0.28041567662084177	0.33523149316473166
log-power-percpmusd.mapjitter.klw	Risky first	7.0	1.233392832614218	p_full	0.24479800010381864	0.29568856153528844	0.3492954100865413
log-power-percpmusd.mapjitter.klw	Risky first	7.0	1.267714899620104	p_full	0.26179922096443636	0.31177957106925736	0.3640672381499004
log-power-percpmusd.mapjitter.klw	Risky first	7.0	1.3029920591580744	p_full	0.27954782111031135	0.3286014203947919	0.37910611503638464
log-power-percpmusd.mapjitter.klw	Risky first	7.0	1.339250888932342	p_full	0.2983804115273121	0.346018535925134	0.39522507473627067
log-power-percpmusd.mapjitter.klw	Risky first	7.0	1.3765187062344757	p_full	0.3178607410696172	0.36395808895518644	0.41148921700533586
log-power-percpmusd.mapjitter.klw	Risky first	7.0	1.4148235885241658	p_full	0.3377708991605147	0.3826441695692387	0.4282422729367913
log-power-percpmusd.mapjitter.klw	Risky first	7.0	1.454194394582695	p_full	0.358581987768382	0.4017312029584935	0.4455818663291632
log-power-percpmusd.mapjitter.klw	Risky first	7.0	1.4946607862550567	p_full	0.3798046641367913	0.4214457359080904	0.4631268230433765
log-power-percpmusd.mapjitter.klw	Risky first	7.0	1.5362532507970992	p_full	0.40143702416096555	0.44137277675419695	0.48126180935094176
log-power-percpmusd.mapjitter.klw	Risky first	7.0	1.579003123844529	p_full	0.4233443129979772	0.4615923854246604	0.4997516829232862
log-power-percpmusd.mapjitter.klw	Risky first	7.0	1.6229426130210856	p_full	0.44560259497661575	0.48209660583004044	0.5183570816514536
log-power-percpmusd.mapjitter.klw	Risky first	7.0	1.6681048222036647	p_full	0.4679783227971104	0.5026591902809763	0.5373140132313488
log-power-percpmusd.mapjitter.klw	Risky first	7.0	1.714523776462679	p_full	0.48998287152234726	0.5231391272947148	0.5561989369194204
log-power-percpmusd.mapjitter.klw	Risky first	7.0	1.7622344476964418	p_full	0.5116917725091878	0.5435825591909915	0.5750540917292319
log-power-percpmusd.mapjitter.klw	Risky first	7.0	1.8112727809788889	p_full	0.5331602848187077	0.5636864766478005	0.5938783146580413
log-power-percpmusd.mapjitter.klw	Risky first	7.0	1.861675721640487	p_full	0.554366720397029	0.5835216110170136	0.6127834350436123
log-power-percpmusd.mapjitter.klw	Risky first	7.0	1.9134812431027324	p_full	0.574594776828089	0.6029987876372618	0.6313893339078084
log-power-percpmusd.mapjitter.klw	Risky first	7.0	1.9667283754872122	p_full	0.5942687074106466	0.6220392497731544	0.6496848919902117
log-power-percpmusd.mapjitter.klw	Risky first	7.0	2.021457235020777	p_full	0.6132722930777427	0.6404570131467533	0.6674436922866764
log-power-percpmusd.mapjitter.klw	Risky first	7.0	2.0777090542589844	p_full	0.6317421925301538	0.6584096702582847	0.6847660692153137
log-power-percpmusd.mapjitter.klw	Risky first	7.0	2.1355262131505808	p_full	0.6492836202203492	0.6756936426873161	0.7012733514471079
log-power-percpmusd.mapjitter.klw	Risky first	7.0	2.1949522709664246	p_full	0.6662521011247609	0.6923024313023264	0.7175522298859808
log-power-percpmusd.mapjitter.klw	Risky first	7.0	2.256031999116908	p_full	0.682468057915572	0.7083560575526274	0.7331186765391353
log-power-percpmusd.mapjitter.klw	Risky first	7.0	2.3188114148826	p_full	0.6978394581260862	0.7236204148661052	0.747987094536243
log-power-percpmusd.mapjitter.klw	Risky first	7.0	2.3833378160835275	p_full	0.7126524574826061	0.738192831342094	0.7621493809210035
log-power-percpmusd.mapjitter.klw	Risky first	7.0	2.4496598167132055	p_full	0.7267452019431464	0.7520586398307696	0.7757969971941208
log-power-percpmusd.mapjitter.klw	Risky first	7.0	2.5178273835642724	p_full	0.7402641821658347	0.7652980243147287	0.7885052567333333
log-power-percpmusd.mapjitter.klw	Risky first	7.0	2.58789187387332	p_full	0.7531650538895484	0.7779244361879828	0.8008317544286071
log-power-percpmusd.mapjitter.klw	Risky first	7.0	2.659906074013276	p_full	0.7654268592526192	0.7898602646912201	0.8124652110831538
log-power-percpmusd.mapjitter.klw	Risky first	7.0	2.7339242392624983	p_full	0.7767854019913755	0.8011413057245844	0.8233303846276786
log-power-percpmusd.mapjitter.klw	Risky first	7.0	2.8100021346805373	p_full	0.7875534140503303	0.8118167403467966	0.8334576877734801
log-power-percpmusd.mapjitter.klw	Risky first	7.0	2.8881970771213568	p_full	0.7979144766906316	0.8219447744611098	0.8430943330807085
log-power-percpmusd.mapjitter.klw	Risky first	7.0	2.9685679784156793	p_full	0.8076655037611926	0.8315011179276353	0.8521066849013361
log-power-percpmusd.mapjitter.klw	Risky first	7.0	3.051175389754982	p_full	0.8170590612369654	0.8404811535163675	0.8607008857848799
log-power-percpmusd.mapjitter.klw	Risky first	7.0	3.1360815473105736	p_full	0.8259602783960065	0.8490268906763975	0.8687620978779848
log-power-percpmusd.mapjitter.klw	Risky first	7.0	3.2233504191221405	p_full	0.8343140349132607	0.8570329200937282	0.8764200966459377
log-power-percpmusd.mapjitter.klw	Risky first	7.0	3.31304775329107	p_full	0.8421838266434943	0.864569106636184	0.8835607797050731
log-power-percpmusd.mapjitter.klw	Risky first	7.0	3.40524112751487	p_full	0.8497482567698664	0.8716740291623164	0.8902840180492646
log-power-percpmusd.mapjitter.klw	Risky first	7.0	3.5000000000000004	p_full	0.8568116615702636	0.8783635841257117	0.8965177713329961
log-power-percpmusd.mapjitter.klw	Risky first	7.0	1.2	p_bias_only	0.22122512952887258	0.27062359799731583	0.32421154562899474
log-power-percpmusd.mapjitter.klw	Risky first	7.0	1.233392832614218	p_bias_only	0.2373559474020399	0.2860726300241296	0.33888125814558506
log-power-percpmusd.mapjitter.klw	Risky first	7.0	1.267714899620104	p_bias_only	0.2543480002458454	0.302364547017942	0.3541749977332514
log-power-percpmusd.mapjitter.klw	Risky first	7.0	1.3029920591580744	p_bias_only	0.2722237300589105	0.3194419207522928	0.37007801316037353
log-power-percpmusd.mapjitter.klw	Risky first	7.0	1.339250888932342	p_bias_only	0.29116147930285335	0.3372311252420846	0.38707727442756745
log-power-percpmusd.mapjitter.klw	Risky first	7.0	1.3765187062344757	p_bias_only	0.3110427878991051	0.3558971635604813	0.4047368739082587
log-power-percpmusd.mapjitter.klw	Risky first	7.0	1.4148235885241658	p_bias_only	0.3315157991633644	0.37529475254341615	0.4226485579622571
log-power-percpmusd.mapjitter.klw	Risky first	7.0	1.454194394582695	p_bias_only	0.352546702819782	0.3952799679921781	0.44130090497453106
log-power-percpmusd.mapjitter.klw	Risky first	7.0	1.4946607862550567	p_bias_only	0.37401064687490887	0.41591539187865867	0.46038807229035317
log-power-percpmusd.mapjitter.klw	Risky first	7.0	1.5362532507970992	p_bias_only	0.39615548875838513	0.4369353898670467	0.4799303274313667
log-power-percpmusd.mapjitter.klw	Risky first	7.0	1.579003123844529	p_bias_only	0.41860651831595697	0.45830024561966315	0.4998303288224205
log-power-percpmusd.mapjitter.klw	Risky first	7.0	1.6229426130210856	p_bias_only	0.4414294697601307	0.4799088084782348	0.519887814887279
log-power-percpmusd.mapjitter.klw	Risky first	7.0	1.6681048222036647	p_bias_only	0.4642677408438973	0.5016028015633818	0.5402638357392047
log-power-percpmusd.mapjitter.klw	Risky first	7.0	1.714523776462679	p_bias_only	0.48716609300430186	0.5233889772936666	0.5605691101605708
log-power-percpmusd.mapjitter.klw	Risky first	7.0	1.7622344476964418	p_bias_only	0.5099016977372982	0.5450112951321104	0.5808964572260856
log-power-percpmusd.mapjitter.klw	Risky first	7.0	1.8112727809788889	p_bias_only	0.5322621117940339	0.5663396805299565	0.601077989800023
log-power-percpmusd.mapjitter.klw	Risky first	7.0	1.861675721640487	p_bias_only	0.5543879878586536	0.5873702204254316	0.6209047501201385
log-power-percpmusd.mapjitter.klw	Risky first	7.0	1.9134812431027324	p_bias_only	0.5759045423579842	0.607933762695723	0.6403161982250124
log-power-percpmusd.mapjitter.klw	Risky first	7.0	1.9667283754872122	p_bias_only	0.5965843026268338	0.6279510524435405	0.659363760965683
log-power-percpmusd.mapjitter.klw	Risky first	7.0	2.021457235020777	p_bias_only	0.6167405898793147	0.6473663239044654	0.6778032245416225
log-power-percpmusd.mapjitter.klw	Risky first	7.0	2.0777090542589844	p_bias_only	0.6360529272976838	0.6660292155484884	0.6955687737059468
log-power-percpmusd.mapjitter.klw	Risky first	7.0	2.1355262131505808	p_bias_only	0.6548845340558528	0.6839946636567014	0.712616368047049
log-power-percpmusd.mapjitter.klw	Risky first	7.0	2.1949522709664246	p_bias_only	0.6727562211480846	0.7011869723324097	0.7289226120494128
log-power-percpmusd.mapjitter.klw	Risky first	7.0	2.256031999116908	p_bias_only	0.6898451855683948	0.7176885592520228	0.7443889248128144
log-power-percpmusd.mapjitter.klw	Risky first	7.0	2.3188114148826	p_bias_only	0.7061913911623736	0.7333538392258727	0.7592134231376891
log-power-percpmusd.mapjitter.klw	Risky first	7.0	2.3833378160835275	p_bias_only	0.7216754773327979	0.7482397086040622	0.7733462147209793
log-power-percpmusd.mapjitter.klw	Risky first	7.0	2.4496598167132055	p_bias_only	0.7363230349797683	0.7623796305987687	0.7868539449252273
log-power-percpmusd.mapjitter.klw	Risky first	7.0	2.5178273835642724	p_bias_only	0.7504354713742887	0.7757617920976033	0.7995109701613886
log-power-percpmusd.mapjitter.klw	Risky first	7.0	2.58789187387332	p_bias_only	0.7637486847759561	0.7884726563887284	0.8115310216204876
log-power-percpmusd.mapjitter.klw	Risky first	7.0	2.659906074013276	p_bias_only	0.7762608714925529	0.8004865373505432	0.8228445483478755
log-power-percpmusd.mapjitter.klw	Risky first	7.0	2.7339242392624983	p_bias_only	0.7880853051578282	0.8118261996620835	0.8335277688293589
log-power-percpmusd.mapjitter.klw	Risky first	7.0	2.8100021346805373	p_bias_only	0.7991803621547213	0.8224983518872352	0.8437148207080448
log-power-percpmusd.mapjitter.klw	Risky first	7.0	2.8881970771213568	p_bias_only	0.8097161247935252	0.8325568487180941	0.8532951372523422
log-power-percpmusd.mapjitter.klw	Risky first	7.0	2.9685679784156793	p_bias_only	0.8197472187111293	0.8420424591321332	0.8621313981497281
log-power-percpmusd.mapjitter.klw	Risky first	7.0	3.051175389754982	p_bias_only	0.829028532316172	0.8509441532210458	0.8703978934252412
log-power-percpmusd.mapjitter.klw	Risky first	7.0	3.1360815473105736	p_bias_only	0.837831926271111	0.8592919409058739	0.8782829801801136
log-power-percpmusd.mapjitter.klw	Risky first	7.0	3.2233504191221405	p_bias_only	0.8462054328965608	0.8671883019512032	0.8856025700590566
log-power-percpmusd.mapjitter.klw	Risky first	7.0	3.31304775329107	p_bias_only	0.8539089967557156	0.8745460025032267	0.8924254464187844
log-power-percpmusd.mapjitter.klw	Risky first	7.0	3.40524112751487	p_bias_only	0.8612845484256664	0.8814893720696209	0.8988586380618394
log-power-percpmusd.mapjitter.klw	Risky first	7.0	3.5000000000000004	p_bias_only	0.8682512944094355	0.8880272286678134	0.904956188206362
log-power-percpmusd.mapjitter.klw	Risky first	7.0	1.2	p_scale_only	0.1998158225750859	0.2478493962994066	0.3004469601037657
log-power-percpmusd.mapjitter.klw	Risky first	7.0	1.233392832614218	p_scale_only	0.2154260452914664	0.26308633327351993	0.31447923780185083
log-power-percpmusd.mapjitter.klw	Risky first	7.0	1.267714899620104	p_scale_only	0.2318563302721926	0.2791345400067403	0.3296067460932706
log-power-percpmusd.mapjitter.klw	Risky first	7.0	1.3029920591580744	p_scale_only	0.2494277285735523	0.2960053942040402	0.3451221729504396
log-power-percpmusd.mapjitter.klw	Risky first	7.0	1.339250888932342	p_scale_only	0.267676554838832	0.3134597234961456	0.36119562327317584
log-power-percpmusd.mapjitter.klw	Risky first	7.0	1.3765187062344757	p_scale_only	0.2868623475680423	0.3317126059717666	0.3780156251582262
log-power-percpmusd.mapjitter.klw	Risky first	7.0	1.4148235885241658	p_scale_only	0.30674038637743484	0.35064483076119035	0.395561981926074
log-power-percpmusd.mapjitter.klw	Risky first	7.0	1.454194394582695	p_scale_only	0.32726334555897807	0.37017847589270714	0.41339207368620284
log-power-percpmusd.mapjitter.klw	Risky first	7.0	1.4946607862550567	p_scale_only	0.3485631365070395	0.3902623443358229	0.43173487127936894
log-power-percpmusd.mapjitter.klw	Risky first	7.0	1.5362532507970992	p_scale_only	0.370311822504553	0.41085026378970446	0.450920958175393
log-power-percpmusd.mapjitter.klw	Risky first	7.0	1.579003123844529	p_scale_only	0.39274600560558864	0.431671271706515	0.4701761217892309
log-power-percpmusd.mapjitter.klw	Risky first	7.0	1.6229426130210856	p_scale_only	0.41499905309930607	0.4527022379250283	0.48969597188321345
log-power-percpmusd.mapjitter.klw	Risky first	7.0	1.6681048222036647	p_scale_only	0.43739503286534565	0.4738970797009373	0.509509506500945
log-power-percpmusd.mapjitter.klw	Risky first	7.0	1.714523776462679	p_scale_only	0.45991253664105264	0.49512200009206575	0.5293490852905034
log-power-percpmusd.mapjitter.klw	Risky first	7.0	1.7622344476964418	p_scale_only	0.4822224457193717	0.516285302659768	0.5493815252951372
log-power-percpmusd.mapjitter.klw	Risky first	7.0	1.8112727809788889	p_scale_only	0.5047056950871608	0.5372248379543765	0.5691433857058649
log-power-percpmusd.mapjitter.klw	Risky first	7.0	1.861675721640487	p_scale_only	0.5265592699772654	0.5580180246622366	0.5890116595619814
log-power-percpmusd.mapjitter.klw	Risky first	7.0	1.9134812431027324	p_scale_only	0.5477795002791139	0.578389495299688	0.6084765658355369
log-power-percpmusd.mapjitter.klw	Risky first	7.0	1.9667283754872122	p_scale_only	0.5687389887327869	0.598351694065621	0.6277722973584036
log-power-percpmusd.mapjitter.klw	Risky first	7.0	2.021457235020777	p_scale_only	0.5889967177343522	0.6178700318977701	0.6462869173151683
log-power-percpmusd.mapjitter.klw	Risky first	7.0	2.0777090542589844	p_scale_only	0.6087426020117764	0.6368122535355272	0.6643902306572147
log-power-percpmusd.mapjitter.klw	Risky first	7.0	2.1355262131505808	p_scale_only	0.6276774264944835	0.6551382733562521	0.6821371253709192
log-power-percpmusd.mapjitter.klw	Risky first	7.0	2.1949522709664246	p_scale_only	0.6460289440472702	0.6728165410525255	0.6991485800885829
log-power-percpmusd.mapjitter.klw	Risky first	7.0	2.256031999116908	p_scale_only	0.6636708408742118	0.6898159783212103	0.7155939435171356
log-power-percpmusd.mapjitter.klw	Risky first	7.0	2.3188114148826	p_scale_only	0.6804197374733911	0.7061387533826595	0.731380480976743
log-power-percpmusd.mapjitter.klw	Risky first	7.0	2.3833378160835275	p_scale_only	0.6965350337514904	0.721751149578953	0.7465259612392321
log-power-percpmusd.mapjitter.klw	Risky first	7.0	2.4496598167132055	p_scale_only	0.7118049589227091	0.7366529368324919	0.7608454754799157
log-power-percpmusd.mapjitter.klw	Risky first	7.0	2.5178273835642724	p_scale_only	0.7264221222180122	0.7509180002660898	0.7744842699987228
log-power-percpmusd.mapjitter.klw	Risky first	7.0	2.58789187387332	p_scale_only	0.7402557103522648	0.764422930306668	0.7874933378079793
log-power-percpmusd.mapjitter.klw	Risky first	7.0	2.659906074013276	p_scale_only	0.7534676251057576	0.7772534555961275	0.7997400901679822
log-power-percpmusd.mapjitter.klw	Risky first	7.0	2.7339242392624983	p_scale_only	0.7658599440048772	0.7894092766207808	0.8114693462163085
log-power-percpmusd.mapjitter.klw	Risky first	7.0	2.8100021346805373	p_scale_only	0.7777222806367344	0.8009365661168251	0.8225620305629648
log-power-percpmusd.mapjitter.klw	Risky first	7.0	2.8881970771213568	p_scale_only	0.7889344711120339	0.8118495116544292	0.8329391550087155
log-power-percpmusd.mapjitter.klw	Risky first	7.0	2.9685679784156793	p_scale_only	0.7994747502746984	0.8221436896616185	0.8427151549073687
log-power-percpmusd.mapjitter.klw	Risky first	7.0	3.051175389754982	p_scale_only	0.8095218922951346	0.8318589690039287	0.8519960114939682
log-power-percpmusd.mapjitter.klw	Risky first	7.0	3.1360815473105736	p_scale_only	0.8190518880429206	0.8410116432880457	0.8607399241934817
log-power-percpmusd.mapjitter.klw	Risky first	7.0	3.2233504191221405	p_scale_only	0.828074954040205	0.8496624552748626	0.8689740696175168
log-power-percpmusd.mapjitter.klw	Risky first	7.0	3.31304775329107	p_scale_only	0.836596106948451	0.8577910480483395	0.8767363992072458
log-power-percpmusd.mapjitter.klw	Risky first	7.0	3.40524112751487	p_scale_only	0.8445931417500564	0.8654789773975797	0.8839311486752928
log-power-percpmusd.mapjitter.klw	Risky first	7.0	3.5000000000000004	p_scale_only	0.852157978339909	0.8726721061625755	0.8907319115932267
log-power-percpmusd.mapjitter.klw	Risky first	7.0	1.2	dp_full	-0.0070438772300000785	0.049388436945850794	0.10432347696142794
log-power-percpmusd.mapjitter.klw	Risky first	7.0	1.233392832614218	dp_full	-0.006570338770256179	0.0495295158371352	0.10410103260703958
log-power-percpmusd.mapjitter.klw	Risky first	7.0	1.267714899620104	dp_full	-0.006314417242890992	0.04955612615075866	0.10381956005282524
log-power-percpmusd.mapjitter.klw	Risky first	7.0	1.3029920591580744	dp_full	-0.006224580073301369	0.04920020822486024	0.10278880353096634
log-power-percpmusd.mapjitter.klw	Risky first	7.0	1.339250888932342	dp_full	-0.0060583682633446375	0.04863679914674629	0.10171783992130087
log-power-percpmusd.mapjitter.klw	Risky first	7.0	1.3765187062344757	dp_full	-0.005975513886591233	0.04772288051727738	0.09984030342550713
log-power-percpmusd.mapjitter.klw	Risky first	7.0	1.4148235885241658	dp_full	-0.0059881404078351765	0.046397030856687727	0.09724646098136215
log-power-percpmusd.mapjitter.klw	Risky first	7.0	1.454194394582695	dp_full	-0.0063359564652239455	0.04482486922518672	0.09435454753646322
log-power-percpmusd.mapjitter.klw	Risky first	7.0	1.4946607862550567	dp_full	-0.00668616082235282	0.042923901610201154	0.09117899701436655
log-power-percpmusd.mapjitter.klw	Risky first	7.0	1.5362532507970992	dp_full	-0.006993177427065886	0.040803775001986536	0.08753092777210388
log-power-percpmusd.mapjitter.klw	Risky first	7.0	1.579003123844529	dp_full	-0.007441719661006636	0.03842165079427643	0.08366153158522469
log-power-percpmusd.mapjitter.klw	Risky first	7.0	1.6229426130210856	dp_full	-0.008516648369564811	0.035721067487307856	0.07932720792562487
log-power-percpmusd.mapjitter.klw	Risky first	7.0	1.6681048222036647	dp_full	-0.009261777037487292	0.03288796487417654	0.07486244721139523
log-power-percpmusd.mapjitter.klw	Risky first	7.0	1.714523776462679	dp_full	-0.010064564275350135	0.029922006333195448	0.07034390338432246
log-power-percpmusd.mapjitter.klw	Risky first	7.0	1.7622344476964418	dp_full	-0.011548291458545416	0.027004644288445165	0.06569094407921995
log-power-percpmusd.mapjitter.klw	Risky first	7.0	1.8112727809788889	dp_full	-0.012671651181791501	0.02408133444292687	0.061341895928474686
log-power-percpmusd.mapjitter.klw	Risky first	7.0	1.861675721640487	dp_full	-0.014099931113397388	0.021073110381992357	0.05693118042236511
log-power-percpmusd.mapjitter.klw	Risky first	7.0	1.9134812431027324	dp_full	-0.015870846713600367	0.018151106415520542	0.052681520743025935
log-power-percpmusd.mapjitter.klw	Risky first	7.0	1.9667283754872122	dp_full	-0.017536141553048414	0.015397111672389201	0.04893283162688806
log-power-percpmusd.mapjitter.klw	Risky first	7.0	2.021457235020777	dp_full	-0.019305304129103425	0.012722991179006724	0.04557813058395549
log-power-percpmusd.mapjitter.klw	Risky first	7.0	2.0777090542589844	dp_full	-0.021161338352739784	0.010259371313418784	0.042333319333172324
log-power-percpmusd.mapjitter.klw	Risky first	7.0	2.1355262131505808	dp_full	-0.023027172437002943	0.007901933197867122	0.039508874274338884
log-power-percpmusd.mapjitter.klw	Risky first	7.0	2.1949522709664246	dp_full	-0.024646423666503704	0.005954284273064906	0.03686464002425276
log-power-percpmusd.mapjitter.klw	Risky first	7.0	2.256031999116908	dp_full	-0.02603841061099115	0.004085036525677113	0.03465046077515924
log-power-percpmusd.mapjitter.klw	Risky first	7.0	2.3188114148826	dp_full	-0.02744140920956034	0.002476968115790866	0.032460610909356286
log-power-percpmusd.mapjitter.klw	Risky first	7.0	2.3833378160835275	dp_full	-0.028589871121253982	0.0010699066843809343	0.03063424937367809
log-power-percpmusd.mapjitter.klw	Risky first	7.0	2.4496598167132055	dp_full	-0.029523553618275203	-0.00014311518130320897	0.029052393090225365
log-power-percpmusd.mapjitter.klw	Risky first	7.0	2.5178273835642724	dp_full	-0.030142583469336716	-0.0012276317425569702	0.02755755457790776
log-power-percpmusd.mapjitter.klw	Risky first	7.0	2.58789187387332	dp_full	-0.030670213593338606	-0.0021659029582402137	0.026452349336076902
log-power-percpmusd.mapjitter.klw	Risky first	7.0	2.659906074013276	dp_full	-0.031169515446173662	-0.002956425209816059	0.025135913259899553
log-power-percpmusd.mapjitter.klw	Risky first	7.0	2.7339242392624983	dp_full	-0.0314066529731384	-0.003574469319201888	0.024048529301541503
log-power-percpmusd.mapjitter.klw	Risky first	7.0	2.8100021346805373	dp_full	-0.031403072209528746	-0.004095304756417338	0.02305381101883666
log-power-percpmusd.mapjitter.klw	Risky first	7.0	2.8881970771213568	dp_full	-0.031335990434507154	-0.0045023653755737955	0.02205211707336891
log-power-percpmusd.mapjitter.klw	Risky first	7.0	2.9685679784156793	dp_full	-0.03119876197509921	-0.004827825813361972	0.02113731690785765
log-power-percpmusd.mapjitter.klw	Risky first	7.0	3.051175389754982	dp_full	-0.03096364541855862	-0.00508740764128787	0.020391509147082314
log-power-percpmusd.mapjitter.klw	Risky first	7.0	3.1360815473105736	dp_full	-0.03064937763431078	-0.005261592909861654	0.01975957223504459
log-power-percpmusd.mapjitter.klw	Risky first	7.0	3.2233504191221405	dp_full	-0.030240378279487588	-0.005369035857549578	0.019156198393058804
log-power-percpmusd.mapjitter.klw	Risky first	7.0	3.31304775329107	dp_full	-0.0297369220105732	-0.0054066920808160685	0.018630030305136124
log-power-percpmusd.mapjitter.klw	Risky first	7.0	3.40524112751487	dp_full	-0.029314006037706283	-0.005412130137016623	0.01808139119610613
log-power-percpmusd.mapjitter.klw	Risky first	7.0	3.5000000000000004	dp_full	-0.028657037987627813	-0.005372220694882282	0.017611747344067372
log-power-percpmusd.mapjitter.klw	Risky first	7.0	1.2	dp_bias	-0.009090711611308287	0.040085846191677835	0.08944217532999685
log-power-percpmusd.mapjitter.klw	Risky first	7.0	1.233392832614218	dp_bias	-0.008923559464086994	0.0402917386112782	0.08999444269349029
log-power-percpmusd.mapjitter.klw	Risky first	7.0	1.267714899620104	dp_bias	-0.009285780372266204	0.040414436254779515	0.09027731056944759
log-power-percpmusd.mapjitter.klw	Risky first	7.0	1.3029920591580744	dp_bias	-0.009227480130330147	0.040383044957807354	0.09015134621243547
log-power-percpmusd.mapjitter.klw	Risky first	7.0	1.339250888932342	dp_bias	-0.00918700243175594	0.0402004440416414	0.08989182829277181
log-power-percpmusd.mapjitter.klw	Risky first	7.0	1.3765187062344757	dp_bias	-0.009074484872946115	0.03986121848972885	0.08914369932294142
log-power-percpmusd.mapjitter.klw	Risky first	7.0	1.4148235885241658	dp_bias	-0.009262585110537616	0.039269049434770366	0.08810884525669058
log-power-percpmusd.mapjitter.klw	Risky first	7.0	1.454194394582695	dp_bias	-0.009294927115500895	0.03858350853100655	0.08666092354450435
log-power-percpmusd.mapjitter.klw	Risky first	7.0	1.4946607862550567	dp_bias	-0.009296570040560469	0.037634334176367426	0.08491736669449704
log-power-percpmusd.mapjitter.klw	Risky first	7.0	1.5362532507970992	dp_bias	-0.009426992663851072	0.03648534158604614	0.0827978569438707
log-power-percpmusd.mapjitter.klw	Risky first	7.0	1.579003123844529	dp_bias	-0.009650590574295036	0.03512888317935453	0.08038606793840482
log-power-percpmusd.mapjitter.klw	Risky first	7.0	1.6229426130210856	dp_bias	-0.009865854593772132	0.03363796351584239	0.07769138065511444
log-power-percpmusd.mapjitter.klw	Risky first	7.0	1.6681048222036647	dp_bias	-0.010102525387265705	0.03207827159528085	0.07476634815614613
log-power-percpmusd.mapjitter.klw	Risky first	7.0	1.714523776462679	dp_bias	-0.010161998471152556	0.030473790406194176	0.07186585358206221
log-power-percpmusd.mapjitter.klw	Risky first	7.0	1.7622344476964418	dp_bias	-0.010442383998311973	0.028718246117434523	0.06848041857961688
log-power-percpmusd.mapjitter.klw	Risky first	7.0	1.8112727809788889	dp_bias	-0.010584099797948474	0.026931764912264962	0.06523130025356037
log-power-percpmusd.mapjitter.klw	Risky first	7.0	1.861675721640487	dp_bias	-0.010842237713047338	0.025054986829223247	0.0617889620465536
log-power-percpmusd.mapjitter.klw	Risky first	7.0	1.9134812431027324	dp_bias	-0.011171888615500218	0.023122009969088683	0.058484092006693876
log-power-percpmusd.mapjitter.klw	Risky first	7.0	1.9667283754872122	dp_bias	-0.01159837529520341	0.021316218064990056	0.05509947543795287
log-power-percpmusd.mapjitter.klw	Risky first	7.0	2.021457235020777	dp_bias	-0.0121577296327758	0.019606523752973313	0.051683286623283364
log-power-percpmusd.mapjitter.klw	Risky first	7.0	2.0777090542589844	dp_bias	-0.012505546493098285	0.017882733564471412	0.048544392969176925
log-power-percpmusd.mapjitter.klw	Risky first	7.0	2.1355262131505808	dp_bias	-0.012764314442291666	0.016313428334198424	0.045704013717334714
log-power-percpmusd.mapjitter.klw	Risky first	7.0	2.1949522709664246	dp_bias	-0.013185460789801812	0.014858309858450068	0.042989332810137386
log-power-percpmusd.mapjitter.klw	Risky first	7.0	2.256031999116908	dp_bias	-0.013511789801251966	0.013512527210852556	0.040489319544002894
log-power-percpmusd.mapjitter.klw	Risky first	7.0	2.3188114148826	dp_bias	-0.01363396500876286	0.012298307043342664	0.03790101660913391
log-power-percpmusd.mapjitter.klw	Risky first	7.0	2.3833378160835275	dp_bias	-0.013784319798497762	0.011234497757092558	0.03577161664754035
log-power-percpmusd.mapjitter.klw	Risky first	7.0	2.4496598167132055	dp_bias	-0.013790313524777487	0.010200555977154371	0.03386507431808104
log-power-percpmusd.mapjitter.klw	Risky first	7.0	2.5178273835642724	dp_bias	-0.013759711163229256	0.009328294221537808	0.032034884633960654
log-power-percpmusd.mapjitter.klw	Risky first	7.0	2.58789187387332	dp_bias	-0.013751516200700226	0.008553735489718156	0.030503473846998117
log-power-percpmusd.mapjitter.klw	Risky first	7.0	2.659906074013276	dp_bias	-0.013660289612431868	0.007842618299907306	0.02893744510279848
log-power-percpmusd.mapjitter.klw	Risky first	7.0	2.7339242392624983	dp_bias	-0.013480548256017619	0.007252881644644656	0.027595720402626908
log-power-percpmusd.mapjitter.klw	Risky first	7.0	2.8100021346805373	dp_bias	-0.013206695596608437	0.006723709613778453	0.026217289839223955
log-power-percpmusd.mapjitter.klw	Risky first	7.0	2.8881970771213568	dp_bias	-0.013007425070455814	0.006335216730987513	0.02505752115560175
log-power-percpmusd.mapjitter.klw	Risky first	7.0	2.9685679784156793	dp_bias	-0.01269660400948268	0.005961015076751808	0.024030354172088306
log-power-percpmusd.mapjitter.klw	Risky first	7.0	3.051175389754982	dp_bias	-0.012319746651754917	0.005591125121837367	0.02312057699116216
log-power-percpmusd.mapjitter.klw	Risky first	7.0	3.1360815473105736	dp_bias	-0.012053419804028324	0.00528754567994569	0.022274461176097365
log-power-percpmusd.mapjitter.klw	Risky first	7.0	3.2233504191221405	dp_bias	-0.011682866624920109	0.005042559672707144	0.021486844117651522
log-power-percpmusd.mapjitter.klw	Risky first	7.0	3.31304775329107	dp_bias	-0.01141235064735597	0.004808136139172261	0.020700408025625887
log-power-percpmusd.mapjitter.klw	Risky first	7.0	3.40524112751487	dp_bias	-0.01109375061604794	0.004618226626693905	0.02001257635487677
log-power-percpmusd.mapjitter.klw	Risky first	7.0	3.5000000000000004	dp_bias	-0.01082164940981418	0.004429953753290146	0.01932145210510444
log-power-percpmusd.mapjitter.klw	Risky first	7.0	1.2	dp_scale	-0.0018471424554464878	0.016910518523332592	0.03714333507375233
log-power-percpmusd.mapjitter.klw	Risky first	7.0	1.233392832614218	dp_scale	-0.001542528914962733	0.0169436424480473	0.03681192102314738
log-power-percpmusd.mapjitter.klw	Risky first	7.0	1.267714899620104	dp_scale	-0.0012214024914881745	0.01676292877623503	0.036244518437461966
log-power-percpmusd.mapjitter.klw	Risky first	7.0	1.3029920591580744	dp_scale	-0.0009802367646210971	0.01640267934243332	0.035423280178359905
log-power-percpmusd.mapjitter.klw	Risky first	7.0	1.339250888932342	dp_scale	-0.0008250733444759642	0.01582082558581291	0.03434279854151951
log-power-percpmusd.mapjitter.klw	Risky first	7.0	1.3765187062344757	dp_scale	-0.0006343725699248775	0.015003562395279973	0.032875317915770176
log-power-percpmusd.mapjitter.klw	Risky first	7.0	1.4148235885241658	dp_scale	-0.0006112794647143797	0.013982829617290993	0.03108394947600509
log-power-percpmusd.mapjitter.klw	Risky first	7.0	1.454194394582695	dp_scale	-0.0007515133657109356	0.012707442498027204	0.028851540850441993
log-power-percpmusd.mapjitter.klw	Risky first	7.0	1.4946607862550567	dp_scale	-0.0009565341079226579	0.011196499611850874	0.026331416823316137
log-power-percpmusd.mapjitter.klw	Risky first	7.0	1.5362532507970992	dp_scale	-0.0014149067229902918	0.009535410206644182	0.02353276582080012
log-power-percpmusd.mapjitter.klw	Risky first	7.0	1.579003123844529	dp_scale	-0.0021595494045486426	0.007650498347532866	0.020571070906735853
log-power-percpmusd.mapjitter.klw	Risky first	7.0	1.6229426130210856	dp_scale	-0.0032996210928156913	0.0056723107600520194	0.01760221438479181
log-power-percpmusd.mapjitter.klw	Risky first	7.0	1.6681048222036647	dp_scale	-0.00487210978691726	0.0036376422779099238	0.014579962620051934
log-power-percpmusd.mapjitter.klw	Risky first	7.0	1.714523776462679	dp_scale	-0.00678741114955116	0.0015346245053034745	0.011782048275981463
log-power-percpmusd.mapjitter.klw	Risky first	7.0	1.7622344476964418	dp_scale	-0.008989529988306244	-0.0004600155178548508	0.009191083702419169
log-power-percpmusd.mapjitter.klw	Risky first	7.0	1.8112727809788889	dp_scale	-0.01173022491422914	-0.002472798354155273	0.006910339063033334
log-power-percpmusd.mapjitter.klw	Risky first	7.0	1.861675721640487	dp_scale	-0.014476696030369567	-0.004479700926812097	0.0050976295299268205
log-power-percpmusd.mapjitter.klw	Risky first	7.0	1.9134812431027324	dp_scale	-0.01728456692830936	-0.006409658449827079	0.0037333027360663623
log-power-percpmusd.mapjitter.klw	Risky first	7.0	1.9667283754872122	dp_scale	-0.019835540577520187	-0.00820415288848668	0.002727305413329507
log-power-percpmusd.mapjitter.klw	Risky first	7.0	2.021457235020777	dp_scale	-0.022349291665664718	-0.009763671101437405	0.001998595593868724
log-power-percpmusd.mapjitter.klw	Risky first	7.0	2.0777090542589844	dp_scale	-0.024722738079013137	-0.01119914155324828	0.0013646284540543318
log-power-percpmusd.mapjitter.klw	Risky first	7.0	2.1355262131505808	dp_scale	-0.026629876081043977	-0.012400514974258469	0.000990221073109468
log-power-percpmusd.mapjitter.klw	Risky first	7.0	2.1949522709664246	dp_scale	-0.02835361087041556	-0.0133928206710267	0.0007868488556839223
log-power-percpmusd.mapjitter.klw	Risky first	7.0	2.256031999116908	dp_scale	-0.029615071308863917	-0.01416747366547208	0.0006780896277432022
log-power-percpmusd.mapjitter.klw	Risky first	7.0	2.3188114148826	dp_scale	-0.0307197505368661	-0.01477618321361647	0.0005907245664427929
log-power-percpmusd.mapjitter.klw	Risky first	7.0	2.3833378160835275	dp_scale	-0.03133489363360107	-0.01517235698331081	0.0006619085356223747
log-power-percpmusd.mapjitter.klw	Risky first	7.0	2.4496598167132055	dp_scale	-0.0319805346265692	-0.015432914913734568	0.0007449506964167482
log-power-percpmusd.mapjitter.klw	Risky first	7.0	2.5178273835642724	dp_scale	-0.03228508255153022	-0.015510585289659613	0.0008917897053582547
log-power-percpmusd.mapjitter.klw	Risky first	7.0	2.58789187387332	dp_scale	-0.03230612794756989	-0.015474329229553323	0.0010635481477762304
log-power-percpmusd.mapjitter.klw	Risky first	7.0	2.659906074013276	dp_scale	-0.03216000677426813	-0.015314253668840368	0.0012728403513117827
log-power-percpmusd.mapjitter.klw	Risky first	7.0	2.7339242392624983	dp_scale	-0.03192721647533611	-0.015088163861307152	0.0016110590941157503
log-power-percpmusd.mapjitter.klw	Risky first	7.0	2.8100021346805373	dp_scale	-0.03152586388740633	-0.014775489307926083	0.001889927727247332
log-power-percpmusd.mapjitter.klw	Risky first	7.0	2.8881970771213568	dp_scale	-0.031060624957584285	-0.014373710464367397	0.0021594171925623075
log-power-percpmusd.mapjitter.klw	Risky first	7.0	2.9685679784156793	dp_scale	-0.03044678088641116	-0.013951989862073954	0.0025075630766394808
log-power-percpmusd.mapjitter.klw	Risky first	7.0	3.051175389754982	dp_scale	-0.029792588003233512	-0.013462693071127727	0.002776642254994899
log-power-percpmusd.mapjitter.klw	Risky first	7.0	3.1360815473105736	dp_scale	-0.029034277223298228	-0.012957956524729319	0.0029879118342373604
log-power-percpmusd.mapjitter.klw	Risky first	7.0	3.2233504191221405	dp_scale	-0.02827877860980374	-0.012450456001072011	0.0031743429534716603
log-power-percpmusd.mapjitter.klw	Risky first	7.0	3.31304775329107	dp_scale	-0.027474868808964582	-0.011917035988168519	0.0033850026207061837
log-power-percpmusd.mapjitter.klw	Risky first	7.0	3.40524112751487	dp_scale	-0.02663348681419207	-0.011371744963484122	0.003597123758913934
log-power-percpmusd.mapjitter.klw	Risky first	7.0	3.5000000000000004	dp_scale	-0.025793570222115564	-0.010835895979419804	0.003827093332187042
log-power-percpmusd.mapjitter.klw	Risky first	7.0	1.2	dp_interaction	-0.019128865218855522	-0.007161808998188029	0.0003297252948863733
log-power-percpmusd.mapjitter.klw	Risky first	7.0	1.233392832614218	dp_interaction	-0.019412743290598826	-0.007352172077310486	0.00024462190411981926
log-power-percpmusd.mapjitter.klw	Risky first	7.0	1.267714899620104	dp_interaction	-0.019590808198462827	-0.007440711578769969	0.00020096496306096651
log-power-percpmusd.mapjitter.klw	Risky first	7.0	1.3029920591580744	dp_interaction	-0.01957168714972553	-0.007409370909741747	0.0002318083749625979
log-power-percpmusd.mapjitter.klw	Risky first	7.0	1.339250888932342	dp_interaction	-0.019422531273709253	-0.007316856182955779	0.00029409696318883125
log-power-percpmusd.mapjitter.klw	Risky first	7.0	1.3765187062344757	dp_interaction	-0.019166689933346536	-0.00711781231118191	0.0004081089614170595
log-power-percpmusd.mapjitter.klw	Risky first	7.0	1.4148235885241658	dp_interaction	-0.01862941187889845	-0.006796305744031811	0.0005662962648140375
log-power-percpmusd.mapjitter.klw	Risky first	7.0	1.454194394582695	dp_interaction	-0.017952746008144557	-0.006388917405174903	0.0007728724414541955
log-power-percpmusd.mapjitter.klw	Risky first	7.0	1.4946607862550567	dp_interaction	-0.017022927104542805	-0.005904430886067269	0.0010888761322603517
log-power-percpmusd.mapjitter.klw	Risky first	7.0	1.5362532507970992	dp_interaction	-0.015842968544101343	-0.00528295470019317	0.0015052765027904719
log-power-percpmusd.mapjitter.klw	Risky first	7.0	1.579003123844529	dp_interaction	-0.01459562396381742	-0.004562149927867371	0.002004827635430988
log-power-percpmusd.mapjitter.klw	Risky first	7.0	1.6229426130210856	dp_interaction	-0.01334875807857582	-0.0037753985855584994	0.0025934801920264924
log-power-percpmusd.mapjitter.klw	Risky first	7.0	1.6681048222036647	dp_interaction	-0.011852108447868152	-0.0029424610214436827	0.0033684362167257357
log-power-percpmusd.mapjitter.klw	Risky first	7.0	1.714523776462679	dp_interaction	-0.010389782176080407	-0.002074180920711201	0.004186899997810116
log-power-percpmusd.mapjitter.klw	Risky first	7.0	1.7622344476964418	dp_interaction	-0.008980713422784933	-0.0012118772621497631	0.005117954379932649
log-power-percpmusd.mapjitter.klw	Risky first	7.0	1.8112727809788889	dp_interaction	-0.007561006849183511	-0.00033442377351040534	0.006116452145522
log-power-percpmusd.mapjitter.klw	Risky first	7.0	1.861675721640487	dp_interaction	-0.006186868336013606	0.0004991677558199931	0.007270481608008709
log-power-percpmusd.mapjitter.klw	Risky first	7.0	1.9134812431027324	dp_interaction	-0.005035414002888522	0.0013185526351664734	0.008458442013859304
log-power-percpmusd.mapjitter.klw	Risky first	7.0	1.9667283754872122	dp_interaction	-0.0040239423126442915	0.0020857188293292544	0.009589500752391405
log-power-percpmusd.mapjitter.klw	Risky first	7.0	2.021457235020777	dp_interaction	-0.0031927499379257865	0.002773872179039019	0.010629520985672884
log-power-percpmusd.mapjitter.klw	Risky first	7.0	2.0777090542589844	dp_interaction	-0.0025176561564135076	0.0033645285957589494	0.011576371325357923
log-power-percpmusd.mapjitter.klw	Risky first	7.0	2.1355262131505808	dp_interaction	-0.002005839185433211	0.0038802665309480506	0.012270051568609908
log-power-percpmusd.mapjitter.klw	Risky first	7.0	2.1949522709664246	dp_interaction	-0.0015608485042309327	0.0043084399122727875	0.01269997275878692
log-power-percpmusd.mapjitter.klw	Risky first	7.0	2.256031999116908	dp_interaction	-0.001223628364198087	0.004589019767551205	0.013035863858286973
log-power-percpmusd.mapjitter.klw	Risky first	7.0	2.3188114148826	dp_interaction	-0.0009544782746154548	0.00476083637467477	0.013151847097772586
log-power-percpmusd.mapjitter.klw	Risky first	7.0	2.3833378160835275	dp_interaction	-0.0007151785165338498	0.0048306558009755685	0.013117752624459663
log-power-percpmusd.mapjitter.klw	Risky first	7.0	2.4496598167132055	dp_interaction	-0.0005489562983303309	0.004821752647652616	0.012887775574471568
log-power-percpmusd.mapjitter.klw	Risky first	7.0	2.5178273835642724	dp_interaction	-0.0004278225512527382	0.004732979308807174	0.012511337884594144
log-power-percpmusd.mapjitter.klw	Risky first	7.0	2.58789187387332	dp_interaction	-0.00031710585305011555	0.004568366890137414	0.012020027308580898
log-power-percpmusd.mapjitter.klw	Risky first	7.0	2.659906074013276	dp_interaction	-0.000259730010960401	0.004343877728699055	0.011417058568455521
log-power-percpmusd.mapjitter.klw	Risky first	7.0	2.7339242392624983	dp_interaction	-0.00021550225440106172	0.004052464769366208	0.010795292656932777
log-power-percpmusd.mapjitter.klw	Risky first	7.0	2.8100021346805373	dp_interaction	-0.0002230125244808984	0.0037264349293166005	0.01019940498461907
log-power-percpmusd.mapjitter.klw	Risky first	7.0	2.8881970771213568	dp_interaction	-0.00025136459846645664	0.0033765881186245293	0.009507338020039146
log-power-percpmusd.mapjitter.klw	Risky first	7.0	2.9685679784156793	dp_interaction	-0.00033189127358744346	0.003006566423722799	0.008853941411395437
log-power-percpmusd.mapjitter.klw	Risky first	7.0	3.051175389754982	dp_interaction	-0.0004494992213989985	0.00263521377296338	0.008128608573276786
log-power-percpmusd.mapjitter.klw	Risky first	7.0	3.1360815473105736	dp_interaction	-0.0006136874536056441	0.0022699210850299976	0.007467237482811088
log-power-percpmusd.mapjitter.klw	Risky first	7.0	3.2233504191221405	dp_interaction	-0.0008599811259039651	0.0019077720690150797	0.006847294843761163
log-power-percpmusd.mapjitter.klw	Risky first	7.0	3.31304775329107	dp_interaction	-0.0011118617450790822	0.0015612996448174164	0.00621713842001523
log-power-percpmusd.mapjitter.klw	Risky first	7.0	3.40524112751487	dp_interaction	-0.0014051613155640836	0.0012320944239742773	0.005588259184388834
log-power-percpmusd.mapjitter.klw	Risky first	7.0	3.5000000000000004	dp_interaction	-0.0017206205272186708	0.0009238124205943657	0.005014478617574933
log-power-percpmusd.mapjitter.klw	Risky first	7.0	1.2	num_shift	-0.014070282334466068	0.04116744869463297	0.09671621418595158
log-power-percpmusd.mapjitter.klw	Risky first	7.0	1.233392832614218	num_shift	-0.013425514649202294	0.04040503224476551	0.09445166567558583
log-power-percpmusd.mapjitter.klw	Risky first	7.0	1.267714899620104	num_shift	-0.012632607410962766	0.039663143297644095	0.09224314784575577
log-power-percpmusd.mapjitter.klw	Risky first	7.0	1.3029920591580744	num_shift	-0.012027580047831098	0.03888362768625206	0.09009391883869376
log-power-percpmusd.mapjitter.klw	Risky first	7.0	1.339250888932342	num_shift	-0.01150298243786034	0.038170322202138014	0.08785655450166799
log-power-percpmusd.mapjitter.klw	Risky first	7.0	1.3765187062344757	num_shift	-0.011012190276614124	0.037471352683048145	0.0855636146574013
log-power-percpmusd.mapjitter.klw	Risky first	7.0	1.4148235885241658	num_shift	-0.010542709322662967	0.036743900436354546	0.08352281837988736
log-power-percpmusd.mapjitter.klw	Risky first	7.0	1.454194394582695	num_shift	-0.010019388901864022	0.03597261388063885	0.08165708676808174
log-power-percpmusd.mapjitter.klw	Risky first	7.0	1.4946607862550567	num_shift	-0.009587941910575423	0.035223283321791636	0.07980128941565415
log-power-percpmusd.mapjitter.klw	Risky first	7.0	1.5362532507970992	num_shift	-0.009271002350304284	0.03439992179230697	0.07790836877693097
log-power-percpmusd.mapjitter.klw	Risky first	7.0	1.579003123844529	num_shift	-0.008972242309801379	0.03360940378382615	0.07592665634314814
log-power-percpmusd.mapjitter.klw	Risky first	7.0	1.6229426130210856	num_shift	-0.00868025852727362	0.03288541951526747	0.07443709502114651
log-power-percpmusd.mapjitter.klw	Risky first	7.0	1.6681048222036647	num_shift	-0.008299603064896022	0.0321394064669942	0.07274101791720475
log-power-percpmusd.mapjitter.klw	Risky first	7.0	1.714523776462679	num_shift	-0.007888515250539407	0.03139372696676146	0.07098099731260077
log-power-percpmusd.mapjitter.klw	Risky first	7.0	1.7622344476964418	num_shift	-0.007824978604576694	0.030672316108046146	0.06929506364331364
log-power-percpmusd.mapjitter.klw	Risky first	7.0	1.8112727809788889	num_shift	-0.007740913923224091	0.02993885081343422	0.06768736550254174
log-power-percpmusd.mapjitter.klw	Risky first	7.0	1.861675721640487	num_shift	-0.007647046082179663	0.029138715376473463	0.06615437076775944
log-power-percpmusd.mapjitter.klw	Risky first	7.0	1.9134812431027324	num_shift	-0.007734267371269455	0.02844676769826146	0.06464255619464923
log-power-percpmusd.mapjitter.klw	Risky first	7.0	1.9667283754872122	num_shift	-0.007849121667418866	0.027689304988154965	0.06326448852829411
log-power-percpmusd.mapjitter.klw	Risky first	7.0	2.021457235020777	num_shift	-0.007970037648331933	0.027005759711936736	0.061923191755238395
log-power-percpmusd.mapjitter.klw	Risky first	7.0	2.0777090542589844	num_shift	-0.008237690481136175	0.026303557341878676	0.06067487694267469
log-power-percpmusd.mapjitter.klw	Risky first	7.0	2.1355262131505808	num_shift	-0.008508561643321824	0.02561293277660483	0.05946317430853907
log-power-percpmusd.mapjitter.klw	Risky first	7.0	2.1949522709664246	num_shift	-0.008679488405360555	0.024857931644266477	0.058233747263115525
log-power-percpmusd.mapjitter.klw	Risky first	7.0	2.256031999116908	num_shift	-0.008937610457115091	0.0241358627305777	0.057043398830165314
log-power-percpmusd.mapjitter.klw	Risky first	7.0	2.3188114148826	num_shift	-0.009234669989533291	0.023479053302859106	0.05594515470177753
log-power-percpmusd.mapjitter.klw	Risky first	7.0	2.3833378160835275	num_shift	-0.009728569700900847	0.02284275703034712	0.054929166601490345
log-power-percpmusd.mapjitter.klw	Risky first	7.0	2.4496598167132055	num_shift	-0.010017198216957877	0.022193942931528966	0.05398650852319943
log-power-percpmusd.mapjitter.klw	Risky first	7.0	2.5178273835642724	num_shift	-0.010486338031169412	0.021559686660697762	0.053166247986981156
log-power-percpmusd.mapjitter.klw	Risky first	7.0	2.58789187387332	num_shift	-0.010965850363794797	0.02089827465241434	0.052359807322207685
log-power-percpmusd.mapjitter.klw	Risky first	7.0	2.659906074013276	num_shift	-0.011438977772484468	0.020198129739903006	0.051707589765486596
log-power-percpmusd.mapjitter.klw	Risky first	7.0	2.7339242392624983	num_shift	-0.011660983321425273	0.019565255931226124	0.050815293222884965
log-power-percpmusd.mapjitter.klw	Risky first	7.0	2.8100021346805373	num_shift	-0.012323343529445004	0.01897107654313778	0.05011478913013711
log-power-percpmusd.mapjitter.klw	Risky first	7.0	2.8881970771213568	num_shift	-0.012890827478848855	0.01833754403511645	0.04949873862544536
log-power-percpmusd.mapjitter.klw	Risky first	7.0	2.9685679784156793	num_shift	-0.013427591467577642	0.017723229540834343	0.04891015451946595
log-power-percpmusd.mapjitter.klw	Risky first	7.0	3.051175389754982	num_shift	-0.014118775206251755	0.01710642897381065	0.048343146507204296
log-power-percpmusd.mapjitter.klw	Risky first	7.0	3.1360815473105736	num_shift	-0.014929035379052406	0.016507558027365997	0.047902063608476236
log-power-percpmusd.mapjitter.klw	Risky first	7.0	3.2233504191221405	num_shift	-0.01584208649289918	0.015980320609566397	0.047437097046402386
log-power-percpmusd.mapjitter.klw	Risky first	7.0	3.31304775329107	num_shift	-0.0168152612744954	0.015403415091581565	0.047001733013664185
log-power-percpmusd.mapjitter.klw	Risky first	7.0	3.40524112751487	num_shift	-0.017496649524644737	0.014796956928223212	0.04646384224817157
log-power-percpmusd.mapjitter.klw	Risky first	7.0	3.5000000000000004	num_shift	-0.01838873019684036	0.014244537669328353	0.046223524750455644
log-power-percpmusd.mapjitter.klw	Risky first	7.0	1.2	den_ratio	0.9997452909544498	1.1219577693953766	1.2585228122778802
log-power-percpmusd.mapjitter.klw	Risky first	7.0	1.233392832614218	den_ratio	1.000244595837536	1.1216197650347253	1.2574503626917541
log-power-percpmusd.mapjitter.klw	Risky first	7.0	1.267714899620104	den_ratio	1.0006438841142642	1.1212140283066678	1.256297015793358
log-power-percpmusd.mapjitter.klw	Risky first	7.0	1.3029920591580744	den_ratio	1.00093751006617	1.1208762263201812	1.255124240176661
log-power-percpmusd.mapjitter.klw	Risky first	7.0	1.339250888932342	den_ratio	1.0012716838982283	1.1205676097928583	1.2539770026247516
log-power-percpmusd.mapjitter.klw	Risky first	7.0	1.3765187062344757	den_ratio	1.0016557572645002	1.1200811864417868	1.2528878078939871
log-power-percpmusd.mapjitter.klw	Risky first	7.0	1.4148235885241658	den_ratio	1.002043462201247	1.1197020521084897	1.2517402205080947
log-power-percpmusd.mapjitter.klw	Risky first	7.0	1.454194394582695	den_ratio	1.0023269913845119	1.1194186675052435	1.250335058941846
log-power-percpmusd.mapjitter.klw	Risky first	7.0	1.4946607862550567	den_ratio	1.0025843767577987	1.1190516386440714	1.2488771966722374
log-power-percpmusd.mapjitter.klw	Risky first	7.0	1.5362532507970992	den_ratio	1.0028358420766212	1.1185044136155153	1.2475072304664105
log-power-percpmusd.mapjitter.klw	Risky first	7.0	1.579003123844529	den_ratio	1.0032392815028033	1.1179473821646515	1.246249733571895
log-power-percpmusd.mapjitter.klw	Risky first	7.0	1.6229426130210856	den_ratio	1.00338057665741	1.117490192850783	1.245152236716418
log-power-percpmusd.mapjitter.klw	Risky first	7.0	1.6681048222036647	den_ratio	1.0034719419862197	1.1169272111323594	1.243800225927681
log-power-percpmusd.mapjitter.klw	Risky first	7.0	1.714523776462679	den_ratio	1.003728136358268	1.1163799046412595	1.2421971731889543
log-power-percpmusd.mapjitter.klw	Risky first	7.0	1.7622344476964418	den_ratio	1.0040466223725104	1.1159447476695794	1.2412381289660208
log-power-percpmusd.mapjitter.klw	Risky first	7.0	1.8112727809788889	den_ratio	1.0045575807913503	1.115446459690916	1.239800687064365
log-power-percpmusd.mapjitter.klw	Risky first	7.0	1.861675721640487	den_ratio	1.0046594179821122	1.1149435942428931	1.2383890286580816
log-power-percpmusd.mapjitter.klw	Risky first	7.0	1.9134812431027324	den_ratio	1.0046733533747216	1.1142683602145764	1.2373817704981906
log-power-percpmusd.mapjitter.klw	Risky first	7.0	1.9667283754872122	den_ratio	1.0045841398920587	1.113701771837318	1.2359541795139029
log-power-percpmusd.mapjitter.klw	Risky first	7.0	2.021457235020777	den_ratio	1.0046728587665292	1.113165629070914	1.2346269950820594
log-power-percpmusd.mapjitter.klw	Risky first	7.0	2.0777090542589844	den_ratio	1.004508640214427	1.1124304354232595	1.2332990373902597
log-power-percpmusd.mapjitter.klw	Risky first	7.0	2.1355262131505808	den_ratio	1.0045790038603	1.1118181866633616	1.231842150406523
log-power-percpmusd.mapjitter.klw	Risky first	7.0	2.1949522709664246	den_ratio	1.004553040386836	1.1111688862089197	1.2303600815267175
log-power-percpmusd.mapjitter.klw	Risky first	7.0	2.256031999116908	den_ratio	1.0045936028169329	1.110528401097481	1.2290877363659296
log-power-percpmusd.mapjitter.klw	Risky first	7.0	2.3188114148826	den_ratio	1.0045902795145496	1.110007980717806	1.227647554842739
log-power-percpmusd.mapjitter.klw	Risky first	7.0	2.3833378160835275	den_ratio	1.0044854673524377	1.1093662547513738	1.2263807385718912
log-power-percpmusd.mapjitter.klw	Risky first	7.0	2.4496598167132055	den_ratio	1.004473964481436	1.1087447694482226	1.2248091713693305
log-power-percpmusd.mapjitter.klw	Risky first	7.0	2.5178273835642724	den_ratio	1.0043612457962714	1.107942466353245	1.223316245409519
log-power-percpmusd.mapjitter.klw	Risky first	7.0	2.58789187387332	den_ratio	1.0041374738165625	1.1070593583431427	1.221920314415959
log-power-percpmusd.mapjitter.klw	Risky first	7.0	2.659906074013276	den_ratio	1.003851790160572	1.1063656627335159	1.2206439945615999
log-power-percpmusd.mapjitter.klw	Risky first	7.0	2.7339242392624983	den_ratio	1.003617217116213	1.1056876058828946	1.2189932980509899
log-power-percpmusd.mapjitter.klw	Risky first	7.0	2.8100021346805373	den_ratio	1.0036017270524884	1.1048880474326173	1.217952742498859
log-power-percpmusd.mapjitter.klw	Risky first	7.0	2.8881970771213568	den_ratio	1.0035382921404419	1.104128274603354	1.216345038361957
log-power-percpmusd.mapjitter.klw	Risky first	7.0	2.9685679784156793	den_ratio	1.003130942556252	1.103301061820424	1.2148241256753654
log-power-percpmusd.mapjitter.klw	Risky first	7.0	3.051175389754982	den_ratio	1.0028786793441717	1.102511707421118	1.213472008297081
log-power-percpmusd.mapjitter.klw	Risky first	7.0	3.1360815473105736	den_ratio	1.0027275973011227	1.1016103454539072	1.2121438413397672
log-power-percpmusd.mapjitter.klw	Risky first	7.0	3.2233504191221405	den_ratio	1.0019906906768252	1.1009298031666062	1.2106945898760333
log-power-percpmusd.mapjitter.klw	Risky first	7.0	3.31304775329107	den_ratio	1.0015367853094554	1.1001602366686605	1.2092811178960068
log-power-percpmusd.mapjitter.klw	Risky first	7.0	3.40524112751487	den_ratio	1.001197677924786	1.099379045342413	1.2077918684509246
log-power-percpmusd.mapjitter.klw	Risky first	7.0	3.5000000000000004	den_ratio	1.0006165743502282	1.0985423002847243	1.2064369678246771
log-power-percpmusd.mapjitter.klw	Risky first	10.0	1.2	p_vertex	0.1553748113065787	0.19024727134474065	0.22924909306212204
log-power-percpmusd.mapjitter.klw	Risky first	10.0	1.233392832614218	p_vertex	0.1693297941248114	0.2042006940242666	0.24272155157191286
log-power-percpmusd.mapjitter.klw	Risky first	10.0	1.267714899620104	p_vertex	0.18420059819949078	0.21894651245848823	0.25717461466530384
log-power-percpmusd.mapjitter.klw	Risky first	10.0	1.3029920591580744	p_vertex	0.19984955237904323	0.23467225369854977	0.272223189917717
log-power-percpmusd.mapjitter.klw	Risky first	10.0	1.339250888932342	p_vertex	0.21638610068643782	0.25126272226775603	0.2883410858573168
log-power-percpmusd.mapjitter.klw	Risky first	10.0	1.3765187062344757	p_vertex	0.2341105868602326	0.2686812636759317	0.30520433621093995
log-power-percpmusd.mapjitter.klw	Risky first	10.0	1.4148235885241658	p_vertex	0.2526864686689636	0.2868268330891729	0.3228583498596054
log-power-percpmusd.mapjitter.klw	Risky first	10.0	1.454194394582695	p_vertex	0.2720339410033196	0.3057839907269114	0.34101923071645174
log-power-percpmusd.mapjitter.klw	Risky first	10.0	1.4946607862550567	p_vertex	0.292101769491273	0.32543133965393856	0.3600881561385095
log-power-percpmusd.mapjitter.klw	Risky first	10.0	1.5362532507970992	p_vertex	0.3129345952922608	0.3456866851590147	0.3795196627239016
log-power-percpmusd.mapjitter.klw	Risky first	10.0	1.579003123844529	p_vertex	0.3343395517534515	0.36643528741402853	0.39937997232560496
log-power-percpmusd.mapjitter.klw	Risky first	10.0	1.6229426130210856	p_vertex	0.3562793371339588	0.387623886015218	0.4196492945915172
log-power-percpmusd.mapjitter.klw	Risky first	10.0	1.6681048222036647	p_vertex	0.378445717518204	0.40910241777027373	0.44031415629116993
log-power-percpmusd.mapjitter.klw	Risky first	10.0	1.714523776462679	p_vertex	0.4008496605110238	0.430821451632368	0.46099133758836863
log-power-percpmusd.mapjitter.klw	Risky first	10.0	1.7622344476964418	p_vertex	0.42355055462911395	0.4526167209605878	0.4816273134907809
log-power-percpmusd.mapjitter.klw	Risky first	10.0	1.8112727809788889	p_vertex	0.4460407193758646	0.4744062862919093	0.5024254965187654
log-power-percpmusd.mapjitter.klw	Risky first	10.0	1.861675721640487	p_vertex	0.46833560437325356	0.4960072027492495	0.52322220895925
log-power-percpmusd.mapjitter.klw	Risky first	10.0	1.9134812431027324	p_vertex	0.4905761341592356	0.5174419966994166	0.5438807259755412
log-power-percpmusd.mapjitter.klw	Risky first	10.0	1.9667283754872122	p_vertex	0.5122669251553585	0.538511367852283	0.5641307889323124
log-power-percpmusd.mapjitter.klw	Risky first	10.0	2.021457235020777	p_vertex	0.5335848076246249	0.5591230778463859	0.5839165720099531
log-power-percpmusd.mapjitter.klw	Risky first	10.0	2.0777090542589844	p_vertex	0.5544404658606723	0.5791753045320487	0.6032769084110041
log-power-percpmusd.mapjitter.klw	Risky first	10.0	2.1355262131505808	p_vertex	0.5746091314932307	0.5986485836698151	0.6220221708018935
log-power-percpmusd.mapjitter.klw	Risky first	10.0	2.1949522709664246	p_vertex	0.5940203835941729	0.6175104560546558	0.6402814801112692
log-power-percpmusd.mapjitter.klw	Risky first	10.0	2.256031999116908	p_vertex	0.6126479423678549	0.6356353478229159	0.6579670068436881
log-power-percpmusd.mapjitter.klw	Risky first	10.0	2.3188114148826	p_vertex	0.6305308848043838	0.6530967443259408	0.6749814224372095
log-power-percpmusd.mapjitter.klw	Risky first	10.0	2.3833378160835275	p_vertex	0.6478575574255395	0.6698891254945747	0.6913290227160964
log-power-percpmusd.mapjitter.klw	Risky first	10.0	2.4496598167132055	p_vertex	0.6640602282631414	0.6859184392844753	0.7069733140675291
log-power-percpmusd.mapjitter.klw	Risky first	10.0	2.5178273835642724	p_vertex	0.6796290926657296	0.7012441181675302	0.7218635536534644
log-power-percpmusd.mapjitter.klw	Risky first	10.0	2.58789187387332	p_vertex	0.6945832284026056	0.7159068528862338	0.7362464340102806
log-power-percpmusd.mapjitter.klw	Risky first	10.0	2.659906074013276	p_vertex	0.7086933052213871	0.72988604268361	0.7498153046412789
log-power-percpmusd.mapjitter.klw	Risky first	10.0	2.7339242392624983	p_vertex	0.7221982674481545	0.7431535556257325	0.7628047992962536
log-power-percpmusd.mapjitter.klw	Risky first	10.0	2.8100021346805373	p_vertex	0.7349758918702927	0.755776290933601	0.7751894299591585
log-power-percpmusd.mapjitter.klw	Risky first	10.0	2.8881970771213568	p_vertex	0.747104992728381	0.7677180320687946	0.78685796235405
log-power-percpmusd.mapjitter.klw	Risky first	10.0	2.9685679784156793	p_vertex	0.7586059462873053	0.7791313037751036	0.79803265338165
log-power-percpmusd.mapjitter.klw	Risky first	10.0	3.051175389754982	p_vertex	0.7695250456370061	0.7899430608422808	0.808604939356951
log-power-percpmusd.mapjitter.klw	Risky first	10.0	3.1360815473105736	p_vertex	0.779851181702394	0.80016280757896	0.8185791681145557
log-power-percpmusd.mapjitter.klw	Risky first	10.0	3.2233504191221405	p_vertex	0.7895989402101266	0.8097953151702385	0.8281360932829487
log-power-percpmusd.mapjitter.klw	Risky first	10.0	3.31304775329107	p_vertex	0.7987839418366015	0.8189351271497087	0.8370656419842915
log-power-percpmusd.mapjitter.klw	Risky first	10.0	3.40524112751487	p_vertex	0.8074544378984883	0.8275843773557845	0.8454944114344013
log-power-percpmusd.mapjitter.klw	Risky first	10.0	3.5000000000000004	p_vertex	0.8157347819586924	0.8356802334901684	0.8535135030176787
log-power-percpmusd.mapjitter.klw	Risky first	10.0	1.2	p_full	0.2003858086958771	0.23629088445407376	0.27403650377942623
log-power-percpmusd.mapjitter.klw	Risky first	10.0	1.233392832614218	p_full	0.21523790106525176	0.2506177429577623	0.28760049085783634
log-power-percpmusd.mapjitter.klw	Risky first	10.0	1.267714899620104	p_full	0.23104940538085114	0.2655746804219842	0.3017754041890834
log-power-percpmusd.mapjitter.klw	Risky first	10.0	1.3029920591580744	p_full	0.247444680656189	0.2812705312242494	0.3167213429447349
log-power-percpmusd.mapjitter.klw	Risky first	10.0	1.339250888932342	p_full	0.2645568943826135	0.2975912690689583	0.3320378351088278
log-power-percpmusd.mapjitter.klw	Risky first	10.0	1.3765187062344757	p_full	0.28212926114712716	0.3145470479935233	0.347957129441131
log-power-percpmusd.mapjitter.klw	Risky first	10.0	1.4148235885241658	p_full	0.3006739548408384	0.33210010487244923	0.3644869535752498
log-power-percpmusd.mapjitter.klw	Risky first	10.0	1.454194394582695	p_full	0.31970876601902837	0.3501538853286026	0.381501778613968
log-power-percpmusd.mapjitter.klw	Risky first	10.0	1.4946607862550567	p_full	0.33902776746861196	0.36866008817496176	0.3989391559381845
log-power-percpmusd.mapjitter.klw	Risky first	10.0	1.5362532507970992	p_full	0.35896145833425125	0.3874520737771393	0.4166406708967692
log-power-percpmusd.mapjitter.klw	Risky first	10.0	1.579003123844529	p_full	0.3791902807440283	0.40658606895174704	0.4347349640952532
log-power-percpmusd.mapjitter.klw	Risky first	10.0	1.6229426130210856	p_full	0.3995207976677963	0.42588042771424184	0.45297310057333195
log-power-percpmusd.mapjitter.klw	Risky first	10.0	1.6681048222036647	p_full	0.4198159301988645	0.4453367252105923	0.4713432794168852
log-power-percpmusd.mapjitter.klw	Risky first	10.0	1.714523776462679	p_full	0.44001473664193735	0.46495779453289043	0.4901757150142646
log-power-percpmusd.mapjitter.klw	Risky first	10.0	1.7622344476964418	p_full	0.46029475897670064	0.4845282755115931	0.5089173405088853
log-power-percpmusd.mapjitter.klw	Risky first	10.0	1.8112727809788889	p_full	0.4804722746033566	0.5039285910257306	0.5277877696032032
log-power-percpmusd.mapjitter.klw	Risky first	10.0	1.861675721640487	p_full	0.5002912158895898	0.5231681760126956	0.5463829478599804
log-power-percpmusd.mapjitter.klw	Risky first	10.0	1.9134812431027324	p_full	0.519654313495831	0.5421489341345053	0.5648565059845446
log-power-percpmusd.mapjitter.klw	Risky first	10.0	1.9667283754872122	p_full	0.5384551670832286	0.560757535396573	0.5831705426298573
log-power-percpmusd.mapjitter.klw	Risky first	10.0	2.021457235020777	p_full	0.5568971441239153	0.5789708860254204	0.601198020293519
log-power-percpmusd.mapjitter.klw	Risky first	10.0	2.0777090542589844	p_full	0.5749979522026997	0.5969020550308626	0.6187537425185867
log-power-percpmusd.mapjitter.klw	Risky first	10.0	2.1355262131505808	p_full	0.5924731393744772	0.6142607530955542	0.6359975960393276
log-power-percpmusd.mapjitter.klw	Risky first	10.0	2.1949522709664246	p_full	0.609407728804289	0.631092590331434	0.6527861504203814
log-power-percpmusd.mapjitter.klw	Risky first	10.0	2.256031999116908	p_full	0.6256304070312511	0.6474111551834676	0.6689421828726385
log-power-percpmusd.mapjitter.klw	Risky first	10.0	2.3188114148826	p_full	0.6414428567727837	0.6632480263118572	0.684435307148273
log-power-percpmusd.mapjitter.klw	Risky first	10.0	2.3833378160835275	p_full	0.6565641921636695	0.6784642508654684	0.6995261409275695
log-power-percpmusd.mapjitter.klw	Risky first	10.0	2.4496598167132055	p_full	0.6711906753114214	0.6930525756436103	0.713886325023328
log-power-percpmusd.mapjitter.klw	Risky first	10.0	2.5178273835642724	p_full	0.6853190142523796	0.7071916160797344	0.7278841007103719
log-power-percpmusd.mapjitter.klw	Risky first	10.0	2.58789187387332	p_full	0.6988005163362458	0.7206967279273553	0.7410496001556639
log-power-percpmusd.mapjitter.klw	Risky first	10.0	2.659906074013276	p_full	0.7118854218118054	0.7336358925771166	0.7539021569747921
log-power-percpmusd.mapjitter.klw	Risky first	10.0	2.7339242392624983	p_full	0.7242751696559344	0.7459691277014104	0.7661138179740652
log-power-percpmusd.mapjitter.klw	Risky first	10.0	2.8100021346805373	p_full	0.7362996965496311	0.7578197104510941	0.7778812078919224
log-power-percpmusd.mapjitter.klw	Risky first	10.0	2.8881970771213568	p_full	0.7476601882574673	0.7691388910030724	0.7889646169975386
log-power-percpmusd.mapjitter.klw	Risky first	10.0	2.9685679784156793	p_full	0.7584787395625036	0.7799245158005201	0.7994961571949563
log-power-percpmusd.mapjitter.klw	Risky first	10.0	3.051175389754982	p_full	0.7689133538117068	0.7902004376686546	0.8096048472964824
log-power-percpmusd.mapjitter.klw	Risky first	10.0	3.1360815473105736	p_full	0.778699555366118	0.7999790500145638	0.8190866772665937
log-power-percpmusd.mapjitter.klw	Risky first	10.0	3.2233504191221405	p_full	0.7880811986878485	0.8092592253762894	0.8281631985053298
log-power-percpmusd.mapjitter.klw	Risky first	10.0	3.31304775329107	p_full	0.7970018906279223	0.8181192283626342	0.8368672243905891
log-power-percpmusd.mapjitter.klw	Risky first	10.0	3.40524112751487	p_full	0.8054521373235272	0.8265392065448157	0.8452324402451052
log-power-percpmusd.mapjitter.klw	Risky first	10.0	3.5000000000000004	p_full	0.8135714013037787	0.8345560207814671	0.8531916331421873
log-power-percpmusd.mapjitter.klw	Risky first	10.0	1.2	p_bias_only	0.1924372062449656	0.22492531138852362	0.25962626593398475
log-power-percpmusd.mapjitter.klw	Risky first	10.0	1.233392832614218	p_bias_only	0.2071005309928866	0.23933277990776664	0.2734212071872131
log-power-percpmusd.mapjitter.klw	Risky first	10.0	1.267714899620104	p_bias_only	0.2227011605192129	0.25450733358160926	0.28819198632487
log-power-percpmusd.mapjitter.klw	Risky first	10.0	1.3029920591580744	p_bias_only	0.2390701651596261	0.2703477457085435	0.30350968801861583
log-power-percpmusd.mapjitter.klw	Risky first	10.0	1.339250888932342	p_bias_only	0.2562531002807657	0.28701928527394827	0.31959004576064476
log-power-percpmusd.mapjitter.klw	Risky first	10.0	1.3765187062344757	p_bias_only	0.27401702484741125	0.30435995030522656	0.3365527403113829
log-power-percpmusd.mapjitter.klw	Risky first	10.0	1.4148235885241658	p_bias_only	0.2926234619114675	0.32237945467596585	0.3539977368153158
log-power-percpmusd.mapjitter.klw	Risky first	10.0	1.454194394582695	p_bias_only	0.3119489807079356	0.3410194318961258	0.3720906826581902
log-power-percpmusd.mapjitter.klw	Risky first	10.0	1.4946607862550567	p_bias_only	0.33178920499529196	0.3601903116987497	0.39061443782668237
log-power-percpmusd.mapjitter.klw	Risky first	10.0	1.5362532507970992	p_bias_only	0.35199408446446356	0.3798322550257329	0.4095988465025528
log-power-percpmusd.mapjitter.klw	Risky first	10.0	1.579003123844529	p_bias_only	0.37244422026193463	0.39982579605520413	0.42892936663135933
log-power-percpmusd.mapjitter.klw	Risky first	10.0	1.6229426130210856	p_bias_only	0.3931285290617273	0.42013957945387703	0.44847989433611063
log-power-percpmusd.mapjitter.klw	Risky first	10.0	1.6681048222036647	p_bias_only	0.4140652527851317	0.44065048766912207	0.46841332239948646
log-power-percpmusd.mapjitter.klw	Risky first	10.0	1.714523776462679	p_bias_only	0.43498548817592475	0.4612611681166575	0.4883700268949687
log-power-percpmusd.mapjitter.klw	Risky first	10.0	1.7622344476964418	p_bias_only	0.4560706672069896	0.4818552397095013	0.5085709413032894
log-power-percpmusd.mapjitter.klw	Risky first	10.0	1.8112727809788889	p_bias_only	0.47688592076934466	0.5023121723649819	0.5284906033299669
log-power-percpmusd.mapjitter.klw	Risky first	10.0	1.861675721640487	p_bias_only	0.49733298089398703	0.5225094703730613	0.5484102677614935
log-power-percpmusd.mapjitter.klw	Risky first	10.0	1.9134812431027324	p_bias_only	0.517446975921518	0.5424333491467925	0.5680466871154566
log-power-percpmusd.mapjitter.klw	Risky first	10.0	1.9667283754872122	p_bias_only	0.5372084586651766	0.5620007874943691	0.587211447938288
log-power-percpmusd.mapjitter.klw	Risky first	10.0	2.021457235020777	p_bias_only	0.5566686275588751	0.5812081538612068	0.6059460594832914
log-power-percpmusd.mapjitter.klw	Risky first	10.0	2.0777090542589844	p_bias_only	0.5756385759571104	0.5998185988534888	0.6242172527184626
log-power-percpmusd.mapjitter.klw	Risky first	10.0	2.1355262131505808	p_bias_only	0.5940352884192167	0.6178738269123487	0.6418401247839863
log-power-percpmusd.mapjitter.klw	Risky first	10.0	2.1949522709664246	p_bias_only	0.6116818793664341	0.6353072678229326	0.6589050365512116
log-power-percpmusd.mapjitter.klw	Risky first	10.0	2.256031999116908	p_bias_only	0.6287594326059995	0.6522407858970147	0.6754602252811059
log-power-percpmusd.mapjitter.klw	Risky first	10.0	2.3188114148826	p_bias_only	0.6452066369675512	0.6684908761040687	0.6913334598352173
log-power-percpmusd.mapjitter.klw	Risky first	10.0	2.3833378160835275	p_bias_only	0.6612308812034454	0.684168159181411	0.7068069600793023
log-power-percpmusd.mapjitter.klw	Risky first	10.0	2.4496598167132055	p_bias_only	0.6763912493040356	0.6991847607857817	0.7214476975034222
log-power-percpmusd.mapjitter.klw	Risky first	10.0	2.5178273835642724	p_bias_only	0.6910898959266404	0.7135909560699678	0.7354479014159432
log-power-percpmusd.mapjitter.klw	Risky first	10.0	2.58789187387332	p_bias_only	0.7051687749343104	0.7273633880744779	0.7488668585667467
log-power-percpmusd.mapjitter.klw	Risky first	10.0	2.659906074013276	p_bias_only	0.7186323236725694	0.7405223619411161	0.761722569716723
log-power-percpmusd.mapjitter.klw	Risky first	10.0	2.7339242392624983	p_bias_only	0.7314990190217291	0.7530717024194964	0.7740029442888254
log-power-percpmusd.mapjitter.klw	Risky first	10.0	2.8100021346805373	p_bias_only	0.7437242144862106	0.7650720986545261	0.7856915917734765
log-power-percpmusd.mapjitter.klw	Risky first	10.0	2.8881970771213568	p_bias_only	0.7553496195164539	0.7765001645975227	0.796751708529174
log-power-percpmusd.mapjitter.klw	Risky first	10.0	2.9685679784156793	p_bias_only	0.7664067205398795	0.7873802761099444	0.8073285350468449
log-power-percpmusd.mapjitter.klw	Risky first	10.0	3.051175389754982	p_bias_only	0.7770385289910468	0.7977603371524298	0.8174626211416057
log-power-percpmusd.mapjitter.klw	Risky first	10.0	3.1360815473105736	p_bias_only	0.7870393109919475	0.8076531293877757	0.8270753420747944
log-power-percpmusd.mapjitter.klw	Risky first	10.0	3.2233504191221405	p_bias_only	0.7965684338587811	0.8170796137056233	0.8361667074620248
log-power-percpmusd.mapjitter.klw	Risky first	10.0	3.31304775329107	p_bias_only	0.8056720343832232	0.8259778796218716	0.844834851672313
log-power-percpmusd.mapjitter.klw	Risky first	10.0	3.40524112751487	p_bias_only	0.8142947137155571	0.8344457141173813	0.8530406182605786
log-power-percpmusd.mapjitter.klw	Risky first	10.0	3.5000000000000004	p_bias_only	0.8224214483481874	0.8425323965148965	0.8609556943687922
log-power-percpmusd.mapjitter.klw	Risky first	10.0	1.2	p_scale_only	0.1743186627609935	0.2072721070676799	0.24318086767856695
log-power-percpmusd.mapjitter.klw	Risky first	10.0	1.233392832614218	p_scale_only	0.18857657133904948	0.22135397731133238	0.2567377116137346
log-power-percpmusd.mapjitter.klw	Risky first	10.0	1.267714899620104	p_scale_only	0.2036717390317353	0.23619675594506767	0.2708714113936849
log-power-percpmusd.mapjitter.klw	Risky first	10.0	1.3029920591580744	p_scale_only	0.2194644893176811	0.2518547912691347	0.2858093430826724
log-power-percpmusd.mapjitter.klw	Risky first	10.0	1.339250888932342	p_scale_only	0.23590802341826164	0.26811797396675124	0.3015151859456249
log-power-percpmusd.mapjitter.klw	Risky first	10.0	1.3765187062344757	p_scale_only	0.25325022715798223	0.2850531483324179	0.3176586327385316
log-power-percpmusd.mapjitter.klw	Risky first	10.0	1.4148235885241658	p_scale_only	0.2711462544054223	0.30260675623176325	0.33437842851115346
log-power-percpmusd.mapjitter.klw	Risky first	10.0	1.454194394582695	p_scale_only	0.2899596857187466	0.3207702100636398	0.3519114435619458
log-power-percpmusd.mapjitter.klw	Risky first	10.0	1.4946607862550567	p_scale_only	0.3094577603833029	0.3393732770067257	0.369624419286931
log-power-percpmusd.mapjitter.klw	Risky first	10.0	1.5362532507970992	p_scale_only	0.32915780974193587	0.3584830266526592	0.38795580818955067
log-power-percpmusd.mapjitter.klw	Risky first	10.0	1.579003123844529	p_scale_only	0.34914410713950733	0.37785007257715897	0.4067369519290145
log-power-percpmusd.mapjitter.klw	Risky first	10.0	1.6229426130210856	p_scale_only	0.3696421383689794	0.39752684926307835	0.4258011793298953
log-power-percpmusd.mapjitter.klw	Risky first	10.0	1.6681048222036647	p_scale_only	0.39025315200164634	0.4174614189401772	0.44484872514760937
log-power-percpmusd.mapjitter.klw	Risky first	10.0	1.714523776462679	p_scale_only	0.4107288045025756	0.43749523468983287	0.4640914393569545
log-power-percpmusd.mapjitter.klw	Risky first	10.0	1.7622344476964418	p_scale_only	0.4314549819554073	0.4575204146139541	0.4832971663918417
log-power-percpmusd.mapjitter.klw	Risky first	10.0	1.8112727809788889	p_scale_only	0.45227323238556166	0.477541402516517	0.5026092578832222
log-power-percpmusd.mapjitter.klw	Risky first	10.0	1.861675721640487	p_scale_only	0.4726835401329025	0.4973435935537257	0.521885611604648
log-power-percpmusd.mapjitter.klw	Risky first	10.0	1.9134812431027324	p_scale_only	0.49267440347679387	0.5169930965592912	0.5410644417392326
log-power-percpmusd.mapjitter.klw	Risky first	10.0	1.9667283754872122	p_scale_only	0.5124619417888105	0.536334263852229	0.5600507428462309
log-power-percpmusd.mapjitter.klw	Risky first	10.0	2.021457235020777	p_scale_only	0.5318954937480133	0.5553210345915647	0.5787439316632169
log-power-percpmusd.mapjitter.klw	Risky first	10.0	2.0777090542589844	p_scale_only	0.5509521663877801	0.573941517853175	0.5971257355418406
log-power-percpmusd.mapjitter.klw	Risky first	10.0	2.1355262131505808	p_scale_only	0.5695644675727466	0.5921162776579623	0.6149088704018554
log-power-percpmusd.mapjitter.klw	Risky first	10.0	2.1949522709664246	p_scale_only	0.5875318855275156	0.6097874893864472	0.632237541436073
log-power-percpmusd.mapjitter.klw	Risky first	10.0	2.256031999116908	p_scale_only	0.6049130842049998	0.6269604083662663	0.6490387735157251
log-power-percpmusd.mapjitter.klw	Risky first	10.0	2.3188114148826	p_scale_only	0.62184188537421	0.643549034094832	0.6653159329100397
log-power-percpmusd.mapjitter.klw	Risky first	10.0	2.3833378160835275	p_scale_only	0.6380850568034976	0.6596076564830264	0.6809124219133127
log-power-percpmusd.mapjitter.klw	Risky first	10.0	2.4496598167132055	p_scale_only	0.6537480281160661	0.6750591125472756	0.6961609104198766
log-power-percpmusd.mapjitter.klw	Risky first	10.0	2.5178273835642724	p_scale_only	0.6688177405645636	0.6899747939979408	0.7107115820534685
log-power-percpmusd.mapjitter.klw	Risky first	10.0	2.58789187387332	p_scale_only	0.6832385899433517	0.7042217854830698	0.7248164185763459
log-power-percpmusd.mapjitter.klw	Risky first	10.0	2.659906074013276	p_scale_only	0.696976651627006	0.7179089928668609	0.7382454180815896
log-power-percpmusd.mapjitter.klw	Risky first	10.0	2.7339242392624983	p_scale_only	0.7103023137761019	0.7309672718249863	0.7510976461461618
log-power-percpmusd.mapjitter.klw	Risky first	10.0	2.8100021346805373	p_scale_only	0.7229356818659587	0.7434783929710764	0.7634258161015797
log-power-percpmusd.mapjitter.klw	Risky first	10.0	2.8881970771213568	p_scale_only	0.7350541127289001	0.7554708195251818	0.7752509667711053
log-power-percpmusd.mapjitter.klw	Risky first	10.0	2.9685679784156793	p_scale_only	0.7465160373499907	0.7668793542434265	0.7864600776956931
log-power-percpmusd.mapjitter.klw	Risky first	10.0	3.051175389754982	p_scale_only	0.7574925482554604	0.7777754567146267	0.7971712787334111
log-power-percpmusd.mapjitter.klw	Risky first	10.0	3.1360815473105736	p_scale_only	0.7678711854257669	0.7881097619596172	0.8073386013118485
log-power-percpmusd.mapjitter.klw	Risky first	10.0	3.2233504191221405	p_scale_only	0.7778422752587097	0.797923923601007	0.8170044983709285
log-power-percpmusd.mapjitter.klw	Risky first	10.0	3.31304775329107	p_scale_only	0.7872383535443942	0.8072289419781804	0.8262573040329102
log-power-percpmusd.mapjitter.klw	Risky first	10.0	3.40524112751487	p_scale_only	0.7962462692699384	0.8161052931591752	0.8348903355917784
log-power-percpmusd.mapjitter.klw	Risky first	10.0	3.5000000000000004	p_scale_only	0.8047587337905587	0.8245291353907107	0.8432294261807003
log-power-percpmusd.mapjitter.klw	Risky first	10.0	1.2	dp_full	0.004127588644532115	0.045943326910849736	0.08710212119600963
log-power-percpmusd.mapjitter.klw	Risky first	10.0	1.233392832614218	dp_full	0.004654407418570162	0.04643032603608377	0.08731959535980569
log-power-percpmusd.mapjitter.klw	Risky first	10.0	1.267714899620104	dp_full	0.005348759691420374	0.04673257023392512	0.08724962466495637
log-power-percpmusd.mapjitter.klw	Risky first	10.0	1.3029920591580744	dp_full	0.005628859375520278	0.04676905902623739	0.08699520879650105
log-power-percpmusd.mapjitter.klw	Risky first	10.0	1.339250888932342	dp_full	0.005817287253001902	0.04660329673934606	0.08626503951613938
log-power-percpmusd.mapjitter.klw	Risky first	10.0	1.3765187062344757	dp_full	0.0062049031658458036	0.04614689752099713	0.08516249156717101
log-power-percpmusd.mapjitter.klw	Risky first	10.0	1.4148235885241658	dp_full	0.00610313416483023	0.045578129344975925	0.08385927851570826
log-power-percpmusd.mapjitter.klw	Risky first	10.0	1.454194394582695	dp_full	0.00612562423007384	0.04467994043003894	0.08203656953244548
log-power-percpmusd.mapjitter.klw	Risky first	10.0	1.4946607862550567	dp_full	0.006101706626952297	0.04350604642249803	0.08009102955070728
log-power-percpmusd.mapjitter.klw	Risky first	10.0	1.5362532507970992	dp_full	0.005741737921580529	0.04212437232520458	0.07752219072548551
log-power-percpmusd.mapjitter.klw	Risky first	10.0	1.579003123844529	dp_full	0.005300856926288473	0.04044210200673036	0.07493057152136885
log-power-percpmusd.mapjitter.klw	Risky first	10.0	1.6229426130210856	dp_full	0.004698388780121399	0.03855069806999134	0.0720083003288243
log-power-percpmusd.mapjitter.klw	Risky first	10.0	1.6681048222036647	dp_full	0.003668967301780641	0.03648843491479151	0.06888029323262836
log-power-percpmusd.mapjitter.klw	Risky first	10.0	1.714523776462679	dp_full	0.0026565361241988363	0.0342695275052608	0.06568615589377298
log-power-percpmusd.mapjitter.klw	Risky first	10.0	1.7622344476964418	dp_full	0.001547795663538461	0.03198961943334855	0.062401807295038525
log-power-percpmusd.mapjitter.klw	Risky first	10.0	1.8112727809788889	dp_full	0.00018003299565596368	0.02963699728468609	0.05929280618293267
log-power-percpmusd.mapjitter.klw	Risky first	10.0	1.861675721640487	dp_full	-0.001466401195526238	0.02719863450242404	0.05598337475378831
log-power-percpmusd.mapjitter.klw	Risky first	10.0	1.9134812431027324	dp_full	-0.0030672062402971084	0.024757758804182604	0.05272996733251044
log-power-percpmusd.mapjitter.klw	Risky first	10.0	1.9667283754872122	dp_full	-0.004791593449112812	0.022275520693642557	0.049800031059554724
log-power-percpmusd.mapjitter.klw	Risky first	10.0	2.021457235020777	dp_full	-0.006657956130716677	0.019910819952517624	0.04683138669486826
log-power-percpmusd.mapjitter.klw	Risky first	10.0	2.0777090542589844	dp_full	-0.008440134198821466	0.017683332535972082	0.04420848489331447
log-power-percpmusd.mapjitter.klw	Risky first	10.0	2.1355262131505808	dp_full	-0.01026292172821663	0.015598346069983535	0.04184258032864079
log-power-percpmusd.mapjitter.klw	Risky first	10.0	2.1949522709664246	dp_full	-0.012052189719418129	0.013661423952305202	0.039637216136287796
log-power-percpmusd.mapjitter.klw	Risky first	10.0	2.256031999116908	dp_full	-0.013673513018035046	0.011799464540112362	0.037480908521599535
log-power-percpmusd.mapjitter.klw	Risky first	10.0	2.3188114148826	dp_full	-0.015122660258875289	0.0100889217122576	0.0354082485863545
log-power-percpmusd.mapjitter.klw	Risky first	10.0	2.3833378160835275	dp_full	-0.01658536993022243	0.00858498928096306	0.033521565462462766
log-power-percpmusd.mapjitter.klw	Risky first	10.0	2.4496598167132055	dp_full	-0.017905233212833258	0.0071996997063643615	0.03189055671416426
log-power-percpmusd.mapjitter.klw	Risky first	10.0	2.5178273835642724	dp_full	-0.019084059440326415	0.005903108077829448	0.0305106757120662
log-power-percpmusd.mapjitter.klw	Risky first	10.0	2.58789187387332	dp_full	-0.020056514152771897	0.004752075330864082	0.02909632261124649
log-power-percpmusd.mapjitter.klw	Risky first	10.0	2.659906074013276	dp_full	-0.02087315609039413	0.0037717739080362495	0.0280427659332726
log-power-percpmusd.mapjitter.klw	Risky first	10.0	2.7339242392624983	dp_full	-0.021426434644191895	0.0028717214980524732	0.027045204347117574
log-power-percpmusd.mapjitter.klw	Risky first	10.0	2.8100021346805373	dp_full	-0.022110211745679523	0.0020463513248034724	0.02600206283443594
log-power-percpmusd.mapjitter.klw	Risky first	10.0	2.8881970771213568	dp_full	-0.0226466620537064	0.00139016873996003	0.02510271313447435
log-power-percpmusd.mapjitter.klw	Risky first	10.0	2.9685679784156793	dp_full	-0.023032920108003906	0.0008324724739978623	0.024239377522774146
log-power-percpmusd.mapjitter.klw	Risky first	10.0	3.051175389754982	dp_full	-0.023315729967525817	0.00033098682117215785	0.02342018852027739
log-power-percpmusd.mapjitter.klw	Risky first	10.0	3.1360815473105736	dp_full	-0.023456113107944477	-8.482143174083276e-05	0.022704642309434066
log-power-percpmusd.mapjitter.klw	Risky first	10.0	3.2233504191221405	dp_full	-0.023683618798400773	-0.00041778177517936394	0.02219539750973178
log-power-percpmusd.mapjitter.klw	Risky first	10.0	3.31304775329107	dp_full	-0.023750801876284616	-0.0006491776386382994	0.0216449116865591
log-power-percpmusd.mapjitter.klw	Risky first	10.0	3.40524112751487	dp_full	-0.023645999779438598	-0.0008725430326744126	0.021133361350573945
log-power-percpmusd.mapjitter.klw	Risky first	10.0	3.5000000000000004	dp_full	-0.0234836310968276	-0.0010275575066749881	0.020828073456989678
log-power-percpmusd.mapjitter.klw	Risky first	10.0	1.2	dp_bias	0.0002052952617796002	0.034703849913690396	0.0681573707189164
log-power-percpmusd.mapjitter.klw	Risky first	10.0	1.233392832614218	dp_bias	0.0006164312736702231	0.03523598836511263	0.06896802502719217
log-power-percpmusd.mapjitter.klw	Risky first	10.0	1.267714899620104	dp_bias	0.0007952957425034695	0.035592976734821716	0.06955143098064334
log-power-percpmusd.mapjitter.klw	Risky first	10.0	1.3029920591580744	dp_bias	0.000798579487937405	0.03588598558541012	0.07007422605559756
log-power-percpmusd.mapjitter.klw	Risky first	10.0	1.339250888932342	dp_bias	0.0009668488454824569	0.03601291468763116	0.07014764364651203
log-power-percpmusd.mapjitter.klw	Risky first	10.0	1.3765187062344757	dp_bias	0.0012065350743738447	0.03600527179864882	0.0702165275548768
log-power-percpmusd.mapjitter.klw	Risky first	10.0	1.4148235885241658	dp_bias	0.0013679175931014295	0.035863906621402264	0.06996725003566746
log-power-percpmusd.mapjitter.klw	Risky first	10.0	1.454194394582695	dp_bias	0.0014357773324851452	0.035535257464053144	0.06937092146377613
log-power-percpmusd.mapjitter.klw	Risky first	10.0	1.4946607862550567	dp_bias	0.0014621299634326782	0.03512867274703077	0.06847783657470026
log-power-percpmusd.mapjitter.klw	Risky first	10.0	1.5362532507970992	dp_bias	0.0013530183488213467	0.03451509964077706	0.06726907207716323
log-power-percpmusd.mapjitter.klw	Risky first	10.0	1.579003123844529	dp_bias	0.0010670460656214936	0.03376324314925391	0.06605035800336236
log-power-percpmusd.mapjitter.klw	Risky first	10.0	1.6229426130210856	dp_bias	0.0008311047525033195	0.03289414254385314	0.06471480031326649
log-power-percpmusd.mapjitter.klw	Risky first	10.0	1.6681048222036647	dp_bias	0.0005795206904240898	0.03182504460744923	0.06301637828263237
log-power-percpmusd.mapjitter.klw	Risky first	10.0	1.714523776462679	dp_bias	0.00015882420088581724	0.030637206141213826	0.061191904755887004
log-power-percpmusd.mapjitter.klw	Risky first	10.0	1.7622344476964418	dp_bias	-0.0003982478480973707	0.02933351398672053	0.05910542858480234
log-power-percpmusd.mapjitter.klw	Risky first	10.0	1.8112727809788889	dp_bias	-0.0010384987073807236	0.027961670718144864	0.05727591539633156
log-power-percpmusd.mapjitter.klw	Risky first	10.0	1.861675721640487	dp_bias	-0.0016569741228847027	0.02653541551671952	0.05521772799107463
log-power-percpmusd.mapjitter.klw	Risky first	10.0	1.9134812431027324	dp_bias	-0.002419682778313188	0.025105963150539458	0.05287213486711108
log-power-percpmusd.mapjitter.klw	Risky first	10.0	1.9667283754872122	dp_bias	-0.002995090164942819	0.023604083731302287	0.05081422689104699
log-power-percpmusd.mapjitter.klw	Risky first	10.0	2.021457235020777	dp_bias	-0.0037784986688052407	0.022121128143933418	0.04859047984973336
log-power-percpmusd.mapjitter.klw	Risky first	10.0	2.0777090542589844	dp_bias	-0.004690752352929977	0.020746640664472675	0.046424111181548704
log-power-percpmusd.mapjitter.klw	Risky first	10.0	2.1355262131505808	dp_bias	-0.005490306494669747	0.0193316696277347	0.044483691692217164
log-power-percpmusd.mapjitter.klw	Risky first	10.0	2.1949522709664246	dp_bias	-0.0061672629728560255	0.017962680766331892	0.042620276791810685
log-power-percpmusd.mapjitter.klw	Risky first	10.0	2.256031999116908	dp_bias	-0.007034834768180258	0.016672569955300476	0.04069616734572507
log-power-percpmusd.mapjitter.klw	Risky first	10.0	2.3188114148826	dp_bias	-0.007737046739112669	0.015452280427734446	0.038872060751855425
log-power-percpmusd.mapjitter.klw	Risky first	10.0	2.3833378160835275	dp_bias	-0.008481280902566946	0.01429075255884945	0.037173033096447816
log-power-percpmusd.mapjitter.klw	Risky first	10.0	2.4496598167132055	dp_bias	-0.009033264650317438	0.01320008285435393	0.035594163386262645
log-power-percpmusd.mapjitter.klw	Risky first	10.0	2.5178273835642724	dp_bias	-0.009551382744668442	0.012260997321100649	0.03410467980689946
log-power-percpmusd.mapjitter.klw	Risky first	10.0	2.58789187387332	dp_bias	-0.010035983567176767	0.011424155929481074	0.03278709000454525
log-power-percpmusd.mapjitter.klw	Risky first	10.0	2.659906074013276	dp_bias	-0.0104778248514878	0.010661357519964035	0.03151006928911997
log-power-percpmusd.mapjitter.klw	Risky first	10.0	2.7339242392624983	dp_bias	-0.010731600656226107	0.009942588278208368	0.03033112551273091
log-power-percpmusd.mapjitter.klw	Risky first	10.0	2.8100021346805373	dp_bias	-0.010835249861096442	0.00934203868907706	0.029156151695591666
log-power-percpmusd.mapjitter.klw	Risky first	10.0	2.8881970771213568	dp_bias	-0.010970498524545612	0.008817578910645652	0.028184132925937612
log-power-percpmusd.mapjitter.klw	Risky first	10.0	2.9685679784156793	dp_bias	-0.011026602774752656	0.00831548697085661	0.027294912580811695
log-power-percpmusd.mapjitter.klw	Risky first	10.0	3.051175389754982	dp_bias	-0.010978593548425127	0.007936594650244677	0.02647764631840697
log-power-percpmusd.mapjitter.klw	Risky first	10.0	3.1360815473105736	dp_bias	-0.010880997506893463	0.007627654073335223	0.025716209281711106
log-power-percpmusd.mapjitter.klw	Risky first	10.0	3.2233504191221405	dp_bias	-0.010681704888135284	0.007392250561095182	0.02498829925140993
log-power-percpmusd.mapjitter.klw	Risky first	10.0	3.31304775329107	dp_bias	-0.010415982426191754	0.007185672315596998	0.024494132847776198
log-power-percpmusd.mapjitter.klw	Risky first	10.0	3.40524112751487	dp_bias	-0.010261651069509685	0.007059295634486351	0.023892766187644
log-power-percpmusd.mapjitter.klw	Risky first	10.0	3.5000000000000004	dp_bias	-0.00995038540114318	0.0069617854034547694	0.023500303259333374
log-power-percpmusd.mapjitter.klw	Risky first	10.0	1.2	dp_scale	-0.0012894603970488277	0.016840707090026857	0.03579641698085463
log-power-percpmusd.mapjitter.klw	Risky first	10.0	1.233392832614218	dp_scale	-0.0009319788741642919	0.017064747935177357	0.03574547969099308
log-power-percpmusd.mapjitter.klw	Risky first	10.0	1.267714899620104	dp_scale	-0.0004833061664090276	0.017122122143955636	0.03554149377734481
log-power-percpmusd.mapjitter.klw	Risky first	10.0	1.3029920591580744	dp_scale	-0.00027825859958708536	0.016991272618465073	0.03501217275247133
log-power-percpmusd.mapjitter.klw	Risky first	10.0	1.339250888932342	dp_scale	8.446343668055573e-06	0.016706560348257675	0.03427095544520225
log-power-percpmusd.mapjitter.klw	Risky first	10.0	1.3765187062344757	dp_scale	0.0001516551476466937	0.016277212493883787	0.03330936593264739
log-power-percpmusd.mapjitter.klw	Risky first	10.0	1.4148235885241658	dp_scale	0.00027921980848636855	0.015615501264062272	0.03199412136357796
log-power-percpmusd.mapjitter.klw	Risky first	10.0	1.454194394582695	dp_scale	0.00038587479818335955	0.0147793918639392	0.030546581346063032
log-power-percpmusd.mapjitter.klw	Risky first	10.0	1.4946607862550567	dp_scale	0.00023622545024396823	0.013782093731478984	0.028741832632005318
log-power-percpmusd.mapjitter.klw	Risky first	10.0	1.5362532507970992	dp_scale	9.564547604756196e-05	0.012556035254917778	0.02666773051581239
log-power-percpmusd.mapjitter.klw	Risky first	10.0	1.579003123844529	dp_scale	-0.00024465332241170156	0.011175815116279686	0.024426316451689037
log-power-percpmusd.mapjitter.klw	Risky first	10.0	1.6229426130210856	dp_scale	-0.0008801463147403711	0.009674438998889735	0.022045316448632637
log-power-percpmusd.mapjitter.klw	Risky first	10.0	1.6681048222036647	dp_scale	-0.00156885535558548	0.008042244126257663	0.019579137131725693
log-power-percpmusd.mapjitter.klw	Risky first	10.0	1.714523776462679	dp_scale	-0.0024480621700402887	0.006350849236444002	0.016992001282068226
log-power-percpmusd.mapjitter.klw	Risky first	10.0	1.7622344476964418	dp_scale	-0.0036539191461520534	0.00459208794603483	0.014544605983019829
log-power-percpmusd.mapjitter.klw	Risky first	10.0	1.8112727809788889	dp_scale	-0.005178941939059718	0.0028230471975133112	0.012193638337055638
log-power-percpmusd.mapjitter.klw	Risky first	10.0	1.861675721640487	dp_scale	-0.00696633544959166	0.0011107133411739872	0.010016906209092949
log-power-percpmusd.mapjitter.klw	Risky first	10.0	1.9134812431027324	dp_scale	-0.008886663012651822	-0.0005494966302867811	0.00813695947766601
log-power-percpmusd.mapjitter.klw	Risky first	10.0	1.9667283754872122	dp_scale	-0.010875914932632097	-0.0021682478581300227	0.006529279359041597
log-power-percpmusd.mapjitter.klw	Risky first	10.0	2.021457235020777	dp_scale	-0.012908510607383144	-0.003701470793627557	0.0051207007728105765
log-power-percpmusd.mapjitter.klw	Risky first	10.0	2.0777090542589844	dp_scale	-0.014863020043774867	-0.00509546031562531	0.004080771472469253
log-power-percpmusd.mapjitter.klw	Risky first	10.0	2.1355262131505808	dp_scale	-0.016731652079776928	-0.0064092356980961895	0.003249277811106527
log-power-percpmusd.mapjitter.klw	Risky first	10.0	2.1949522709664246	dp_scale	-0.018358261930013647	-0.007584736663190598	0.0026378860277515718
log-power-percpmusd.mapjitter.klw	Risky first	10.0	2.256031999116908	dp_scale	-0.019846416606189982	-0.008572020811540536	0.0022366259880487876
log-power-percpmusd.mapjitter.klw	Risky first	10.0	2.3188114148826	dp_scale	-0.021234131883139856	-0.009438461692042401	0.0018586287130720866
log-power-percpmusd.mapjitter.klw	Risky first	10.0	2.3833378160835275	dp_scale	-0.022398492042918206	-0.010171387103911193	0.0016092780686298225
log-power-percpmusd.mapjitter.klw	Risky first	10.0	2.4496598167132055	dp_scale	-0.023381060215654077	-0.010784394461351078	0.0014876335228651933
log-power-percpmusd.mapjitter.klw	Risky first	10.0	2.5178273835642724	dp_scale	-0.024197732717259387	-0.0112636080774037	0.0013863131741331846
log-power-percpmusd.mapjitter.klw	Risky first	10.0	2.58789187387332	dp_scale	-0.024832201616570918	-0.011627720143007444	0.0013325400053145343
log-power-percpmusd.mapjitter.klw	Risky first	10.0	2.659906074013276	dp_scale	-0.0252965873111243	-0.011900855714324015	0.0012991096139673064
log-power-percpmusd.mapjitter.klw	Risky first	10.0	2.7339242392624983	dp_scale	-0.025677015130527517	-0.012084922208295407	0.0013533456475340036
log-power-percpmusd.mapjitter.klw	Risky first	10.0	2.8100021346805373	dp_scale	-0.025932819762046776	-0.01219479951756048	0.0014484480669179319
log-power-percpmusd.mapjitter.klw	Risky first	10.0	2.8881970771213568	dp_scale	-0.026093902886837942	-0.012174355908357961	0.001542823840346051
log-power-percpmusd.mapjitter.klw	Risky first	10.0	2.9685679784156793	dp_scale	-0.026244382796320374	-0.012125713528407134	0.0016839053776586677
log-power-percpmusd.mapjitter.klw	Risky first	10.0	3.051175389754982	dp_scale	-0.026172145739363106	-0.012029921150953412	0.0018824583229763326
log-power-percpmusd.mapjitter.klw	Risky first	10.0	3.1360815473105736	dp_scale	-0.026053304914404902	-0.01190102021715344	0.0020630921602486575
log-power-percpmusd.mapjitter.klw	Risky first	10.0	3.2233504191221405	dp_scale	-0.025889916104886	-0.011692641479338729	0.002208130220833442
log-power-percpmusd.mapjitter.klw	Risky first	10.0	3.31304775329107	dp_scale	-0.025725334457730224	-0.011466741746230823	0.00242837863867769
log-power-percpmusd.mapjitter.klw	Risky first	10.0	3.40524112751487	dp_scale	-0.025429679658210882	-0.011216026979190552	0.002628711059263124
log-power-percpmusd.mapjitter.klw	Risky first	10.0	3.5000000000000004	dp_scale	-0.025094192962973296	-0.01094512052789968	0.002867225538545077
log-power-percpmusd.mapjitter.klw	Risky first	10.0	1.2	dp_interaction	-0.014292444345350068	-0.005173724353209792	0.0003521451697333113
log-power-percpmusd.mapjitter.klw	Risky first	10.0	1.233392832614218	dp_interaction	-0.014645619862168963	-0.0054640524145893685	0.00024580955416652294
log-power-percpmusd.mapjitter.klw	Risky first	10.0	1.267714899620104	dp_interaction	-0.01492843259241027	-0.005689711851012864	0.00015418729010653102
log-power-percpmusd.mapjitter.klw	Risky first	10.0	1.3029920591580744	dp_interaction	-0.01516410885962847	-0.005812739258980026	0.00010474104240395894
log-power-percpmusd.mapjitter.klw	Risky first	10.0	1.339250888932342	dp_interaction	-0.015085729956121828	-0.005879350506574461	7.71423634099189e-05
log-power-percpmusd.mapjitter.klw	Risky first	10.0	1.3765187062344757	dp_interaction	-0.015015433253147917	-0.005848097274189801	7.552904696561769e-05
log-power-percpmusd.mapjitter.klw	Risky first	10.0	1.4148235885241658	dp_interaction	-0.014736322459818657	-0.005750050150169854	0.00010830763801658675
log-power-percpmusd.mapjitter.klw	Risky first	10.0	1.454194394582695	dp_interaction	-0.014315185041248808	-0.005560126446296259	0.0001870329534524901
log-power-percpmusd.mapjitter.klw	Risky first	10.0	1.4946607862550567	dp_interaction	-0.013804965461849625	-0.005298206813472532	0.00034655775711032636
log-power-percpmusd.mapjitter.klw	Risky first	10.0	1.5362532507970992	dp_interaction	-0.01311139775760567	-0.004923921647509481	0.0005489312148721124
log-power-percpmusd.mapjitter.klw	Risky first	10.0	1.579003123844529	dp_interaction	-0.012304996819312698	-0.004466010944754354	0.0008222368055350863
log-power-percpmusd.mapjitter.klw	Risky first	10.0	1.6229426130210856	dp_interaction	-0.011378326656153497	-0.003929950973504874	0.001198397639107094
log-power-percpmusd.mapjitter.klw	Risky first	10.0	1.6681048222036647	dp_interaction	-0.01033531094250633	-0.0033391885851160458	0.001649682789108366
log-power-percpmusd.mapjitter.klw	Risky first	10.0	1.714523776462679	dp_interaction	-0.009310799765408951	-0.0027016714310073523	0.0022241311782952825
log-power-percpmusd.mapjitter.klw	Risky first	10.0	1.7622344476964418	dp_interaction	-0.008252795008165892	-0.0020266612479524476	0.0028996098475202415
log-power-percpmusd.mapjitter.klw	Risky first	10.0	1.8112727809788889	dp_interaction	-0.007230000678289449	-0.001320378491566783	0.003711453027897716
log-power-percpmusd.mapjitter.klw	Risky first	10.0	1.861675721640487	dp_interaction	-0.006234825117399515	-0.000614849031947669	0.004593280551840063
log-power-percpmusd.mapjitter.klw	Risky first	10.0	1.9134812431027324	dp_interaction	-0.005301538267271954	9.149266992866428e-05	0.005491103105813427
log-power-percpmusd.mapjitter.klw	Risky first	10.0	1.9667283754872122	dp_interaction	-0.00449213624898453	0.0007979385703873957	0.006488910802741224
log-power-percpmusd.mapjitter.klw	Risky first	10.0	2.021457235020777	dp_interaction	-0.0038061231364387594	0.0014684165799714868	0.007417983343220227
log-power-percpmusd.mapjitter.klw	Risky first	10.0	2.0777090542589844	dp_interaction	-0.003161456301627128	0.002094821035819928	0.008369298476014154
log-power-percpmusd.mapjitter.klw	Risky first	10.0	2.1355262131505808	dp_interaction	-0.0026012951446672096	0.002674402164043579	0.009222552685228282
log-power-percpmusd.mapjitter.klw	Risky first	10.0	2.1949522709664246	dp_interaction	-0.0021520966244289097	0.0031803385637483557	0.010030533768849072
log-power-percpmusd.mapjitter.klw	Risky first	10.0	2.256031999116908	dp_interaction	-0.0017511381753256023	0.0036153232350110928	0.010607287025115122
log-power-percpmusd.mapjitter.klw	Risky first	10.0	2.3188114148826	dp_interaction	-0.001451407881397042	0.003971478414412745	0.01108755883822333
log-power-percpmusd.mapjitter.klw	Risky first	10.0	2.3833378160835275	dp_interaction	-0.0011622529651872627	0.004258490723574562	0.011463264683201007
log-power-percpmusd.mapjitter.klw	Risky first	10.0	2.4496598167132055	dp_interaction	-0.0009257231146606136	0.004477596325514077	0.011658971068039058
log-power-percpmusd.mapjitter.klw	Risky first	10.0	2.5178273835642724	dp_interaction	-0.0007059754823647245	0.004635234454802479	0.011783758699683428
log-power-percpmusd.mapjitter.klw	Risky first	10.0	2.58789187387332	dp_interaction	-0.0005324223978181224	0.004725505943015756	0.011720993753648393
log-power-percpmusd.mapjitter.klw	Risky first	10.0	2.659906074013276	dp_interaction	-0.0003963133697636428	0.004745820581602505	0.011584755060988536
log-power-percpmusd.mapjitter.klw	Risky first	10.0	2.7339242392624983	dp_interaction	-0.00030437857733218494	0.004702641439713341	0.01136779817738883
log-power-percpmusd.mapjitter.klw	Risky first	10.0	2.8100021346805373	dp_interaction	-0.00021108876418707642	0.004621603264977313	0.01105964232637785
log-power-percpmusd.mapjitter.klw	Risky first	10.0	2.8881970771213568	dp_interaction	-0.00017019689836696083	0.0044879066097638365	0.010727742833951389
log-power-percpmusd.mapjitter.klw	Risky first	10.0	2.9685679784156793	dp_interaction	-0.0001808510285684683	0.004330889620962165	0.010340370293618052
log-power-percpmusd.mapjitter.klw	Risky first	10.0	3.051175389754982	dp_interaction	-0.00019757527242822087	0.0041298929247007895	0.00995788028774771
log-power-percpmusd.mapjitter.klw	Risky first	10.0	3.1360815473105736	dp_interaction	-0.00024410125747074008	0.0038965270414469573	0.00953195233839633
log-power-percpmusd.mapjitter.klw	Risky first	10.0	3.2233504191221405	dp_interaction	-0.00032469647740619365	0.003649108900029908	0.009065094395376016
log-power-percpmusd.mapjitter.klw	Risky first	10.0	3.31304775329107	dp_interaction	-0.0004416816191860905	0.0033746601544854624	0.008647897698142764
log-power-percpmusd.mapjitter.klw	Risky first	10.0	3.40524112751487	dp_interaction	-0.000607338024050461	0.003106764468071691	0.00824573622222252
log-power-percpmusd.mapjitter.klw	Risky first	10.0	3.5000000000000004	dp_interaction	-0.0007917486478409581	0.0028222846823232938	0.007863846164358
log-power-percpmusd.mapjitter.klw	Risky first	10.0	1.2	num_shift	-0.0033634446915151335	0.03778557195674649	0.078985342161906
log-power-percpmusd.mapjitter.klw	Risky first	10.0	1.233392832614218	num_shift	-0.003205696115492923	0.03702431383648566	0.07699230821597293
log-power-percpmusd.mapjitter.klw	Risky first	10.0	1.267714899620104	num_shift	-0.0028049068638465284	0.036318134610595514	0.07511850235447452
log-power-percpmusd.mapjitter.klw	Risky first	10.0	1.3029920591580744	num_shift	-0.002595743475068605	0.03552953278135497	0.07348664291268889
log-power-percpmusd.mapjitter.klw	Risky first	10.0	1.339250888932342	num_shift	-0.0024078373072749385	0.034797102248275674	0.0717231815560455
log-power-percpmusd.mapjitter.klw	Risky first	10.0	1.3765187062344757	num_shift	-0.002107541953803764	0.034009204862272616	0.07005018718477178
log-power-percpmusd.mapjitter.klw	Risky first	10.0	1.4148235885241658	num_shift	-0.0018626571782201624	0.03327789626776541	0.06833943700011882
log-power-percpmusd.mapjitter.klw	Risky first	10.0	1.454194394582695	num_shift	-0.0018331697371184153	0.03253392143595417	0.06671698436082982
log-power-percpmusd.mapjitter.klw	Risky first	10.0	1.4946607862550567	num_shift	-0.0017262187959243434	0.03180911066004387	0.06527128707556357
log-power-percpmusd.mapjitter.klw	Risky first	10.0	1.5362532507970992	num_shift	-0.0016122809249736198	0.031183498950810743	0.06380332947229157
log-power-percpmusd.mapjitter.klw	Risky first	10.0	1.579003123844529	num_shift	-0.0016637475202991763	0.030506209347635864	0.06245103607097806
log-power-percpmusd.mapjitter.klw	Risky first	10.0	1.6229426130210856	num_shift	-0.0016297048125981674	0.029798206804070818	0.06100869354304897
log-power-percpmusd.mapjitter.klw	Risky first	10.0	1.6681048222036647	num_shift	-0.001693307425235765	0.029109622138772957	0.059683701677895655
log-power-percpmusd.mapjitter.klw	Risky first	10.0	1.714523776462679	num_shift	-0.001858748247269687	0.028446360855262774	0.05842861036660774
log-power-percpmusd.mapjitter.klw	Risky first	10.0	1.7622344476964418	num_shift	-0.0019281270595142455	0.027788078992758897	0.057432485535404046
log-power-percpmusd.mapjitter.klw	Risky first	10.0	1.8112727809788889	num_shift	-0.002165514730186552	0.02710955380784305	0.0561994840156516
log-power-percpmusd.mapjitter.klw	Risky first	10.0	1.861675721640487	num_shift	-0.002446685492966107	0.026446801051420332	0.05510162042485977
log-power-percpmusd.mapjitter.klw	Risky first	10.0	1.9134812431027324	num_shift	-0.0026677596628691767	0.025798510039923887	0.054066215003539066
log-power-percpmusd.mapjitter.klw	Risky first	10.0	1.9667283754872122	num_shift	-0.0028842455634073474	0.025160661283530478	0.05318594510762062
log-power-percpmusd.mapjitter.klw	Risky first	10.0	2.021457235020777	num_shift	-0.00307184993764031	0.024531370687169027	0.052227885977160014
log-power-percpmusd.mapjitter.klw	Risky first	10.0	2.0777090542589844	num_shift	-0.0033571505374393705	0.023906246791793602	0.051350031435441375
log-power-percpmusd.mapjitter.klw	Risky first	10.0	2.1355262131505808	num_shift	-0.0037893738860971006	0.023284281054398677	0.0505839898403966
log-power-percpmusd.mapjitter.klw	Risky first	10.0	2.1949522709664246	num_shift	-0.00428564407337889	0.022691837947797593	0.04977670976993771
log-power-percpmusd.mapjitter.klw	Risky first	10.0	2.256031999116908	num_shift	-0.004736430700721047	0.022162598289355642	0.049017127396427065
log-power-percpmusd.mapjitter.klw	Risky first	10.0	2.3188114148826	num_shift	-0.005058277917202656	0.02159328736107838	0.048227060334557155
log-power-percpmusd.mapjitter.klw	Risky first	10.0	2.3833378160835275	num_shift	-0.00557404719042499	0.021084270783377736	0.047817863559552407
log-power-percpmusd.mapjitter.klw	Risky first	10.0	2.4496598167132055	num_shift	-0.005987516428563263	0.020506578177421887	0.04721111208325916
log-power-percpmusd.mapjitter.klw	Risky first	10.0	2.5178273835642724	num_shift	-0.0065885473159190775	0.019988224348761956	0.04659240540028917
log-power-percpmusd.mapjitter.klw	Risky first	10.0	2.58789187387332	num_shift	-0.007120773691740634	0.019471002515464776	0.04616997766320474
log-power-percpmusd.mapjitter.klw	Risky first	10.0	2.659906074013276	num_shift	-0.0077939718913066424	0.01897967888566591	0.04574660000475011
log-power-percpmusd.mapjitter.klw	Risky first	10.0	2.7339242392624983	num_shift	-0.008427003501331997	0.018495854229006535	0.045442374109126764
log-power-percpmusd.mapjitter.klw	Risky first	10.0	2.8100021346805373	num_shift	-0.009052926697635435	0.018028693777163533	0.04517298385731086
log-power-percpmusd.mapjitter.klw	Risky first	10.0	2.8881970771213568	num_shift	-0.009749717557316092	0.017619517079449434	0.04485455586857264
log-power-percpmusd.mapjitter.klw	Risky first	10.0	2.9685679784156793	num_shift	-0.010452305447501116	0.017236097885510795	0.04463692887759171
log-power-percpmusd.mapjitter.klw	Risky first	10.0	3.051175389754982	num_shift	-0.011149287473303028	0.016858872862690118	0.0445185529958716
log-power-percpmusd.mapjitter.klw	Risky first	10.0	3.1360815473105736	num_shift	-0.011921387496992024	0.01653135530139183	0.04439369305953406
log-power-percpmusd.mapjitter.klw	Risky first	10.0	3.2233504191221405	num_shift	-0.012716885748624165	0.016174528102195447	0.044337111352507036
log-power-percpmusd.mapjitter.klw	Risky first	10.0	3.31304775329107	num_shift	-0.01334319761962858	0.015825742679200575	0.04433692175165392
log-power-percpmusd.mapjitter.klw	Risky first	10.0	3.40524112751487	num_shift	-0.01397139206772331	0.015484510036642578	0.04437352014068388
log-power-percpmusd.mapjitter.klw	Risky first	10.0	3.5000000000000004	num_shift	-0.014851656781792597	0.015181730287062215	0.044387779933272795
log-power-percpmusd.mapjitter.klw	Risky first	10.0	1.2	den_ratio	1.0073953430483507	1.1142637889235842	1.2338490202748087
log-power-percpmusd.mapjitter.klw	Risky first	10.0	1.233392832614218	den_ratio	1.007297799665487	1.1138604870875857	1.232395009298595
log-power-percpmusd.mapjitter.klw	Risky first	10.0	1.267714899620104	den_ratio	1.0073355663353518	1.1135105374110719	1.2315575154975367
log-power-percpmusd.mapjitter.klw	Risky first	10.0	1.3029920591580744	den_ratio	1.0072992823232119	1.1130106309993364	1.2307334587267253
log-power-percpmusd.mapjitter.klw	Risky first	10.0	1.339250888932342	den_ratio	1.0072791373460719	1.1125831366439505	1.2296956393767804
log-power-percpmusd.mapjitter.klw	Risky first	10.0	1.3765187062344757	den_ratio	1.0073851774865794	1.1120340586786643	1.2282812753856711
log-power-percpmusd.mapjitter.klw	Risky first	10.0	1.4148235885241658	den_ratio	1.0074387612078204	1.1114675037818698	1.2267164488040188
log-power-percpmusd.mapjitter.klw	Risky first	10.0	1.454194394582695	den_ratio	1.0075056459840173	1.1109839441835598	1.225949416040991
log-power-percpmusd.mapjitter.klw	Risky first	10.0	1.4946607862550567	den_ratio	1.007552260826805	1.1105128877689998	1.2245334658104583
log-power-percpmusd.mapjitter.klw	Risky first	10.0	1.5362532507970992	den_ratio	1.0074556756522768	1.109947882264669	1.2232096415907894
log-power-percpmusd.mapjitter.klw	Risky first	10.0	1.579003123844529	den_ratio	1.0074948212000947	1.1093870982153988	1.222041782759773
log-power-percpmusd.mapjitter.klw	Risky first	10.0	1.6229426130210856	den_ratio	1.007233161771292	1.1087985724467726	1.221102716292824
log-power-percpmusd.mapjitter.klw	Risky first	10.0	1.6681048222036647	den_ratio	1.0071806867209712	1.1082579463347215	1.2195251116045154
log-power-percpmusd.mapjitter.klw	Risky first	10.0	1.714523776462679	den_ratio	1.0068271285907773	1.1075396915714548	1.2181851952379412
log-power-percpmusd.mapjitter.klw	Risky first	10.0	1.7622344476964418	den_ratio	1.0066961485612147	1.1068878447489818	1.2173103594048154
log-power-percpmusd.mapjitter.klw	Risky first	10.0	1.8112727809788889	den_ratio	1.006490960023985	1.106179474826351	1.216269528441142
log-power-percpmusd.mapjitter.klw	Risky first	10.0	1.861675721640487	den_ratio	1.00647583289156	1.105608138236848	1.2150099069461247
log-power-percpmusd.mapjitter.klw	Risky first	10.0	1.9134812431027324	den_ratio	1.00591571978342	1.1051175920966183	1.2139657645880364
log-power-percpmusd.mapjitter.klw	Risky first	10.0	1.9667283754872122	den_ratio	1.0055888763677387	1.1044989167619592	1.2126087264893832
log-power-percpmusd.mapjitter.klw	Risky first	10.0	2.021457235020777	den_ratio	1.0054372010104788	1.1038075643662837	1.211486293898498
log-power-percpmusd.mapjitter.klw	Risky first	10.0	2.0777090542589844	den_ratio	1.0052255896553666	1.1031969798834038	1.210206272364799
log-power-percpmusd.mapjitter.klw	Risky first	10.0	2.1355262131505808	den_ratio	1.0047710078282357	1.1025049411592747	1.208900211545178
log-power-percpmusd.mapjitter.klw	Risky first	10.0	2.1949522709664246	den_ratio	1.0045797138413748	1.1017032471125956	1.2074806390241477
log-power-percpmusd.mapjitter.klw	Risky first	10.0	2.256031999116908	den_ratio	1.0043561769933147	1.100991518567871	1.2063906666648778
log-power-percpmusd.mapjitter.klw	Risky first	10.0	2.3188114148826	den_ratio	1.003802462278819	1.1002342233325366	1.2053807635556066
log-power-percpmusd.mapjitter.klw	Risky first	10.0	2.3833378160835275	den_ratio	1.0033365438746196	1.099531768492605	1.2042253838845758
log-power-percpmusd.mapjitter.klw	Risky first	10.0	2.4496598167132055	den_ratio	1.0028545751678348	1.098774004812627	1.2030782726111036
log-power-percpmusd.mapjitter.klw	Risky first	10.0	2.5178273835642724	den_ratio	1.0026051123863815	1.0980805093793151	1.2019563443841106
log-power-percpmusd.mapjitter.klw	Risky first	10.0	2.58789187387332	den_ratio	1.0022459768003522	1.0972466818154718	1.2009392508346683
log-power-percpmusd.mapjitter.klw	Risky first	10.0	2.659906074013276	den_ratio	1.0016481822783614	1.0964288541589977	1.200050363817037
log-power-percpmusd.mapjitter.klw	Risky first	10.0	2.7339242392624983	den_ratio	1.0010139075221662	1.095685304918303	1.1995333605087062
log-power-percpmusd.mapjitter.klw	Risky first	10.0	2.8100021346805373	den_ratio	1.0004329994258077	1.0949851437741083	1.1983081835345262
log-power-percpmusd.mapjitter.klw	Risky first	10.0	2.8881970771213568	den_ratio	0.9998970560727282	1.0942078583660437	1.196921223847405
log-power-percpmusd.mapjitter.klw	Risky first	10.0	2.9685679784156793	den_ratio	0.9991815821549228	1.0934619291371424	1.1960711078003243
log-power-percpmusd.mapjitter.klw	Risky first	10.0	3.051175389754982	den_ratio	0.9983870719348168	1.092637006448486	1.195132445412151
log-power-percpmusd.mapjitter.klw	Risky first	10.0	3.1360815473105736	den_ratio	0.9978001718738714	1.0918323750872982	1.1943193706988418
log-power-percpmusd.mapjitter.klw	Risky first	10.0	3.2233504191221405	den_ratio	0.9969402125689	1.0910428052378562	1.193720443365486
log-power-percpmusd.mapjitter.klw	Risky first	10.0	3.31304775329107	den_ratio	0.9960750588125472	1.0901643423878704	1.1929227050471412
log-power-percpmusd.mapjitter.klw	Risky first	10.0	3.40524112751487	den_ratio	0.9954985180263803	1.0892294117924701	1.1920084451207693
log-power-percpmusd.mapjitter.klw	Risky first	10.0	3.5000000000000004	den_ratio	0.9945228457609884	1.0882406964978966	1.1912127818666762
log-power-percpmusd.mapjitter.klw	Risky first	14.0	1.2	p_vertex	0.1400321140381137	0.1661703722978659	0.19550259593678898
log-power-percpmusd.mapjitter.klw	Risky first	14.0	1.233392832614218	p_vertex	0.15241858089084445	0.17885750503913714	0.20817467054825337
log-power-percpmusd.mapjitter.klw	Risky first	14.0	1.267714899620104	p_vertex	0.16578919367101302	0.19239389151886732	0.22151053585529637
log-power-percpmusd.mapjitter.klw	Risky first	14.0	1.3029920591580744	p_vertex	0.179833143482422	0.20665758850650995	0.23565178391557376
log-power-percpmusd.mapjitter.klw	Risky first	14.0	1.339250888932342	p_vertex	0.1948007379448089	0.22159085540359763	0.25066427271533925
log-power-percpmusd.mapjitter.klw	Risky first	14.0	1.3765187062344757	p_vertex	0.21055311043248848	0.2372736163914129	0.2662407321401014
log-power-percpmusd.mapjitter.klw	Risky first	14.0	1.4148235885241658	p_vertex	0.22702701250115656	0.25366171239264307	0.2823282254331186
log-power-percpmusd.mapjitter.klw	Risky first	14.0	1.454194394582695	p_vertex	0.24430619964278824	0.27071653780310956	0.29932540829260323
log-power-percpmusd.mapjitter.klw	Risky first	14.0	1.4946607862550567	p_vertex	0.2621534639964751	0.28833074692737304	0.3166796111040202
log-power-percpmusd.mapjitter.klw	Risky first	14.0	1.5362532507970992	p_vertex	0.280616174560553	0.30652952101739506	0.33438362002767613
log-power-percpmusd.mapjitter.klw	Risky first	14.0	1.579003123844529	p_vertex	0.2994591255615682	0.32517830404749537	0.3525228151723345
log-power-percpmusd.mapjitter.klw	Risky first	14.0	1.6229426130210856	p_vertex	0.31888799290053954	0.3442433660181711	0.37100363379833173
log-power-percpmusd.mapjitter.klw	Risky first	14.0	1.6681048222036647	p_vertex	0.3387121922927412	0.36363901847727426	0.3899489183555893
log-power-percpmusd.mapjitter.klw	Risky first	14.0	1.714523776462679	p_vertex	0.3587709722334106	0.3832862753586835	0.4089646351236564
log-power-percpmusd.mapjitter.klw	Risky first	14.0	1.7622344476964418	p_vertex	0.3789932959159358	0.4030695020055543	0.42807614026127655
log-power-percpmusd.mapjitter.klw	Risky first	14.0	1.8112727809788889	p_vertex	0.3990781575870651	0.4228858097983813	0.44720947110317527
log-power-percpmusd.mapjitter.klw	Risky first	14.0	1.861675721640487	p_vertex	0.4194861509990365	0.4426782500738218	0.4665036610884201
log-power-percpmusd.mapjitter.klw	Risky first	14.0	1.9134812431027324	p_vertex	0.4394531563296665	0.4623881673273956	0.48550607137809876
log-power-percpmusd.mapjitter.klw	Risky first	14.0	1.9667283754872122	p_vertex	0.459326028333423	0.48184300644562195	0.5043952107198975
log-power-percpmusd.mapjitter.klw	Risky first	14.0	2.021457235020777	p_vertex	0.47887054571352494	0.5010599118228332	0.5230966819855222
log-power-percpmusd.mapjitter.klw	Risky first	14.0	2.0777090542589844	p_vertex	0.49799850092359704	0.519884073968537	0.5414029443257784
log-power-percpmusd.mapjitter.klw	Risky first	14.0	2.1355262131505808	p_vertex	0.5167567079263155	0.5383751101787853	0.5594210933293711
log-power-percpmusd.mapjitter.klw	Risky first	14.0	2.1949522709664246	p_vertex	0.53515568471117	0.5563292483683164	0.5770243294047076
log-power-percpmusd.mapjitter.klw	Risky first	14.0	2.256031999116908	p_vertex	0.5529309652022539	0.5738916850435378	0.5942135652898203
log-power-percpmusd.mapjitter.klw	Risky first	14.0	2.3188114148826	p_vertex	0.570188397290523	0.5908950047487136	0.6109868348581562
log-power-percpmusd.mapjitter.klw	Risky first	14.0	2.3833378160835275	p_vertex	0.5868995166005818	0.6073615082243783	0.6271957928547578
log-power-percpmusd.mapjitter.klw	Risky first	14.0	2.4496598167132055	p_vertex	0.6028879020547699	0.6233177366957056	0.6429430239989057
log-power-percpmusd.mapjitter.klw	Risky first	14.0	2.5178273835642724	p_vertex	0.6184459721978665	0.6386692408214363	0.6581396441405746
log-power-percpmusd.mapjitter.klw	Risky first	14.0	2.58789187387332	p_vertex	0.6332382135359391	0.6534471986669479	0.6726747050671494
log-power-percpmusd.mapjitter.klw	Risky first	14.0	2.659906074013276	p_vertex	0.6474401667584411	0.6676345019040509	0.6867633450672176
log-power-percpmusd.mapjitter.klw	Risky first	14.0	2.7339242392624983	p_vertex	0.6609551976929611	0.6812649412623015	0.700246754457353
log-power-percpmusd.mapjitter.klw	Risky first	14.0	2.8100021346805373	p_vertex	0.6740696451205608	0.6942589212495366	0.7132203096881715
log-power-percpmusd.mapjitter.klw	Risky first	14.0	2.8881970771213568	p_vertex	0.6863598438159235	0.7067362836361354	0.7257778268730366
log-power-percpmusd.mapjitter.klw	Risky first	14.0	2.9685679784156793	p_vertex	0.6982356168894954	0.7186109240511497	0.7377432191374238
log-power-percpmusd.mapjitter.klw	Risky first	14.0	3.051175389754982	p_vertex	0.7093477902683178	0.7299624134166485	0.7491620412507887
log-power-percpmusd.mapjitter.klw	Risky first	14.0	3.1360815473105736	p_vertex	0.7199008793220727	0.7407398954666855	0.7599628468129402
log-power-percpmusd.mapjitter.klw	Risky first	14.0	3.2233504191221405	p_vertex	0.7299898557265491	0.7510038394643201	0.7704020126973395
log-power-percpmusd.mapjitter.klw	Risky first	14.0	3.31304775329107	p_vertex	0.7397134712987892	0.7607996390908796	0.7803176236850146
log-power-percpmusd.mapjitter.klw	Risky first	14.0	3.40524112751487	p_vertex	0.7487232390560763	0.7700869841034971	0.7897588211182169
log-power-percpmusd.mapjitter.klw	Risky first	14.0	3.5000000000000004	p_vertex	0.7572562292617905	0.7789343640890334	0.798755940364105
log-power-percpmusd.mapjitter.klw	Risky first	14.0	1.2	p_full	0.18025274725025653	0.20729651284464418	0.23606565896210097
log-power-percpmusd.mapjitter.klw	Risky first	14.0	1.233392832614218	p_full	0.19374511408940065	0.2205994722537155	0.24899221969468122
log-power-percpmusd.mapjitter.klw	Risky first	14.0	1.267714899620104	p_full	0.2078840012353771	0.2344787820002459	0.2625387726787212
log-power-percpmusd.mapjitter.klw	Risky first	14.0	1.3029920591580744	p_full	0.2226541774623713	0.2490821972709006	0.27663751061335534
log-power-percpmusd.mapjitter.klw	Risky first	14.0	1.339250888932342	p_full	0.23811186647216415	0.2642064458490211	0.2912619793752096
log-power-percpmusd.mapjitter.klw	Risky first	14.0	1.3765187062344757	p_full	0.2541410772089949	0.2798206786426225	0.30631533182300674
log-power-percpmusd.mapjitter.klw	Risky first	14.0	1.4148235885241658	p_full	0.27077527283786074	0.29601064635426355	0.3218468478680505
log-power-percpmusd.mapjitter.klw	Risky first	14.0	1.454194394582695	p_full	0.28792892549773164	0.31259479989098427	0.337666583182719
log-power-percpmusd.mapjitter.klw	Risky first	14.0	1.4946607862550567	p_full	0.3054782530758738	0.32960545068701425	0.35404178480915965
log-power-percpmusd.mapjitter.klw	Risky first	14.0	1.5362532507970992	p_full	0.32343514520439426	0.34695784095027005	0.37084024930802795
log-power-percpmusd.mapjitter.klw	Risky first	14.0	1.579003123844529	p_full	0.34167531678897495	0.36459920980383287	0.38792477034923023
log-power-percpmusd.mapjitter.klw	Risky first	14.0	1.6229426130210856	p_full	0.360102830587001	0.3823990253598158	0.40521512766986006
log-power-percpmusd.mapjitter.klw	Risky first	14.0	1.6681048222036647	p_full	0.37877420474358775	0.40034277401324425	0.4226818275608941
log-power-percpmusd.mapjitter.klw	Risky first	14.0	1.714523776462679	p_full	0.3973286549563436	0.4183792534896568	0.4402386911842574
log-power-percpmusd.mapjitter.klw	Risky first	14.0	1.7622344476964418	p_full	0.41585259563885285	0.43641501803707333	0.4578489792635593
log-power-percpmusd.mapjitter.klw	Risky first	14.0	1.8112727809788889	p_full	0.43426483576097963	0.45444537796094714	0.4753289324882831
log-power-percpmusd.mapjitter.klw	Risky first	14.0	1.861675721640487	p_full	0.4524530815164476	0.47235239068947904	0.49290557274704666
log-power-percpmusd.mapjitter.klw	Risky first	14.0	1.9134812431027324	p_full	0.4706234611314548	0.49007833599436423	0.5102191474673832
log-power-percpmusd.mapjitter.klw	Risky first	14.0	1.9667283754872122	p_full	0.48829414264432763	0.5076139302110412	0.5275240850669588
log-power-percpmusd.mapjitter.klw	Risky first	14.0	2.021457235020777	p_full	0.5056929391156428	0.5248666280180694	0.5446176888981289
log-power-percpmusd.mapjitter.klw	Risky first	14.0	2.0777090542589844	p_full	0.5226116392009406	0.5418547330090371	0.5613369453067732
log-power-percpmusd.mapjitter.klw	Risky first	14.0	2.1355262131505808	p_full	0.5392701224921093	0.5584376013332175	0.5778222978304157
log-power-percpmusd.mapjitter.klw	Risky first	14.0	2.1949522709664246	p_full	0.5553825244224524	0.5746662880418838	0.5940513021904769
log-power-percpmusd.mapjitter.klw	Risky first	14.0	2.256031999116908	p_full	0.571172981975906	0.5904768573512145	0.6097728510380999
log-power-percpmusd.mapjitter.klw	Risky first	14.0	2.3188114148826	p_full	0.5864973805939891	0.6059079380419663	0.625243901343585
log-power-percpmusd.mapjitter.klw	Risky first	14.0	2.3833378160835275	p_full	0.6013978669097663	0.6208759914986726	0.6403632582219975
log-power-percpmusd.mapjitter.klw	Risky first	14.0	2.4496598167132055	p_full	0.6157971146860948	0.6353815012418748	0.6548952655511096
log-power-percpmusd.mapjitter.klw	Risky first	14.0	2.5178273835642724	p_full	0.6296978138195994	0.6493780035938417	0.6688710962273688
log-power-percpmusd.mapjitter.klw	Risky first	14.0	2.58789187387332	p_full	0.6430485615787113	0.6629922042263758	0.6824174341694592
log-power-percpmusd.mapjitter.klw	Risky first	14.0	2.659906074013276	p_full	0.6559401455715663	0.6760294898946142	0.695529774318302
log-power-percpmusd.mapjitter.klw	Risky first	14.0	2.7339242392624983	p_full	0.6682432122189917	0.6886547635077229	0.7082827666940805
log-power-percpmusd.mapjitter.klw	Risky first	14.0	2.8100021346805373	p_full	0.6801758415041241	0.7008197304342256	0.7204683641846541
log-power-percpmusd.mapjitter.klw	Risky first	14.0	2.8881970771213568	p_full	0.6916788980761446	0.7125445879218231	0.7321754838556145
log-power-percpmusd.mapjitter.klw	Risky first	14.0	2.9685679784156793	p_full	0.702816871298044	0.7237808316108161	0.7435299456465818
log-power-percpmusd.mapjitter.klw	Risky first	14.0	3.051175389754982	p_full	0.7133268328009744	0.7345883628012533	0.7544422087030785
log-power-percpmusd.mapjitter.klw	Risky first	14.0	3.1360815473105736	p_full	0.7233166140568236	0.7449595800751828	0.7648210066846028
log-power-percpmusd.mapjitter.klw	Risky first	14.0	3.2233504191221405	p_full	0.7330122668562986	0.754921985503411	0.7748718177906866
log-power-percpmusd.mapjitter.klw	Risky first	14.0	3.31304775329107	p_full	0.7422862128237158	0.7643939826944579	0.784462738849071
log-power-percpmusd.mapjitter.klw	Risky first	14.0	3.40524112751487	p_full	0.7512335552020286	0.773520731648612	0.7937221946768096
log-power-percpmusd.mapjitter.klw	Risky first	14.0	3.5000000000000004	p_full	0.7595921133552797	0.7822697109601517	0.8026781151762513
log-power-percpmusd.mapjitter.klw	Risky first	14.0	1.2	p_bias_only	0.1710103168451591	0.1954976876670995	0.22135707536563365
log-power-percpmusd.mapjitter.klw	Risky first	14.0	1.233392832614218	p_bias_only	0.18456913074671455	0.20891088111717515	0.23453098852519638
log-power-percpmusd.mapjitter.klw	Risky first	14.0	1.267714899620104	p_bias_only	0.198892027622603	0.22295607326438727	0.24839432735766834
log-power-percpmusd.mapjitter.klw	Risky first	14.0	1.3029920591580744	p_bias_only	0.21363756830270011	0.23762830286163605	0.26287643649323744
log-power-percpmusd.mapjitter.klw	Risky first	14.0	1.339250888932342	p_bias_only	0.22914486165532186	0.25293365049005	0.27800822069675535
log-power-percpmusd.mapjitter.klw	Risky first	14.0	1.3765187062344757	p_bias_only	0.24541726870663158	0.2688492037179012	0.29363540525193155
log-power-percpmusd.mapjitter.klw	Risky first	14.0	1.4148235885241658	p_bias_only	0.26220481420650493	0.28537196986337	0.309813722937956
log-power-percpmusd.mapjitter.klw	Risky first	14.0	1.454194394582695	p_bias_only	0.27930966810014846	0.3024224670012529	0.32657411390999697
log-power-percpmusd.mapjitter.klw	Risky first	14.0	1.4946607862550567	p_bias_only	0.2969298365097259	0.31991531040703136	0.3436998836182998
log-power-percpmusd.mapjitter.klw	Risky first	14.0	1.5362532507970992	p_bias_only	0.3150156989502783	0.33783686291209397	0.36133197616479307
log-power-percpmusd.mapjitter.klw	Risky first	14.0	1.579003123844529	p_bias_only	0.33356469066489897	0.3560923122308031	0.3792702266733737
log-power-percpmusd.mapjitter.klw	Risky first	14.0	1.6229426130210856	p_bias_only	0.3524210467457976	0.3746280889945469	0.3975413990480757
log-power-percpmusd.mapjitter.klw	Risky first	14.0	1.6681048222036647	p_bias_only	0.3714942885130949	0.3933619282057512	0.4160589170435078
log-power-percpmusd.mapjitter.klw	Risky first	14.0	1.714523776462679	p_bias_only	0.39060252764144804	0.41228485592273995	0.4347938776595974
log-power-percpmusd.mapjitter.klw	Risky first	14.0	1.7622344476964418	p_bias_only	0.40956048468227996	0.4311884066688828	0.45348102800466494
log-power-percpmusd.mapjitter.klw	Risky first	14.0	1.8112727809788889	p_bias_only	0.4285981939532854	0.45002296417969245	0.47224768678626805
log-power-percpmusd.mapjitter.klw	Risky first	14.0	1.861675721640487	p_bias_only	0.44753246486225073	0.468778009266952	0.49082928399010267
log-power-percpmusd.mapjitter.klw	Risky first	14.0	1.9134812431027324	p_bias_only	0.4662193093449537	0.4873923262398584	0.5091895531423827
log-power-percpmusd.mapjitter.klw	Risky first	14.0	1.9667283754872122	p_bias_only	0.4845558791979211	0.50575039439045	0.5274331454856357
log-power-percpmusd.mapjitter.klw	Risky first	14.0	2.021457235020777	p_bias_only	0.5025372989595542	0.5237525755846338	0.5453546184497537
log-power-percpmusd.mapjitter.klw	Risky first	14.0	2.0777090542589844	p_bias_only	0.5203648351461897	0.5414155298888749	0.5628131768453865
log-power-percpmusd.mapjitter.klw	Risky first	14.0	2.1355262131505808	p_bias_only	0.5377048435297376	0.5586212787773805	0.5799752558740077
log-power-percpmusd.mapjitter.klw	Risky first	14.0	2.1949522709664246	p_bias_only	0.5547333303755763	0.575445910722328	0.5966496177540269
log-power-percpmusd.mapjitter.klw	Risky first	14.0	2.256031999116908	p_bias_only	0.5710352106480865	0.5917651312639062	0.6130212357409377
log-power-percpmusd.mapjitter.klw	Risky first	14.0	2.3188114148826	p_bias_only	0.5870045563241099	0.6076306347080669	0.6288250841028649
log-power-percpmusd.mapjitter.klw	Risky first	14.0	2.3833378160835275	p_bias_only	0.6024740951579752	0.6230338555804747	0.6442626903335955
log-power-percpmusd.mapjitter.klw	Risky first	14.0	2.4496598167132055	p_bias_only	0.6173258464090848	0.6378943967948687	0.6589494759826338
log-power-percpmusd.mapjitter.klw	Risky first	14.0	2.5178273835642724	p_bias_only	0.6316332143023466	0.6522547483154126	0.6733363613247876
log-power-percpmusd.mapjitter.klw	Risky first	14.0	2.58789187387332	p_bias_only	0.6454304834661055	0.666160464728533	0.6870269357756562
log-power-percpmusd.mapjitter.klw	Risky first	14.0	2.659906074013276	p_bias_only	0.6588093372495865	0.6795793850047918	0.700301063783761
log-power-percpmusd.mapjitter.klw	Risky first	14.0	2.7339242392624983	p_bias_only	0.6716328391311526	0.6924877346745615	0.7131665685599571
log-power-percpmusd.mapjitter.klw	Risky first	14.0	2.8100021346805373	p_bias_only	0.6839891484441397	0.7048957285394137	0.7255871345614057
log-power-percpmusd.mapjitter.klw	Risky first	14.0	2.8881970771213568	p_bias_only	0.695927589058553	0.7167978835455542	0.7373661964698204
log-power-percpmusd.mapjitter.klw	Risky first	14.0	2.9685679784156793	p_bias_only	0.7072231510012499	0.7282753753756607	0.7487932403615685
log-power-percpmusd.mapjitter.klw	Risky first	14.0	3.051175389754982	p_bias_only	0.7181086610626827	0.7393202530341096	0.759738468933747
log-power-percpmusd.mapjitter.klw	Risky first	14.0	3.1360815473105736	p_bias_only	0.7284870453265033	0.7499044266591027	0.7702644493718466
log-power-percpmusd.mapjitter.klw	Risky first	14.0	3.2233504191221405	p_bias_only	0.738478412471634	0.760040959031173	0.7803499543429646
log-power-percpmusd.mapjitter.klw	Risky first	14.0	3.31304775329107	p_bias_only	0.7481917522805902	0.7697174181844462	0.790007799920465
log-power-percpmusd.mapjitter.klw	Risky first	14.0	3.40524112751487	p_bias_only	0.7574635436724332	0.7790064486370105	0.7993201193456363
log-power-percpmusd.mapjitter.klw	Risky first	14.0	3.5000000000000004	p_bias_only	0.7661638044709305	0.7879146920070523	0.8082624272115715
log-power-percpmusd.mapjitter.klw	Risky first	14.0	1.2	p_scale_only	0.15676329423284877	0.18217162409042553	0.2096007072070947
log-power-percpmusd.mapjitter.klw	Risky first	14.0	1.233392832614218	p_scale_only	0.1695577078038697	0.19511985048425834	0.22235354509651217
log-power-percpmusd.mapjitter.klw	Risky first	14.0	1.267714899620104	p_scale_only	0.18326846017693352	0.20880884784337725	0.23561981463590131
log-power-percpmusd.mapjitter.klw	Risky first	14.0	1.3029920591580744	p_scale_only	0.19765371381316052	0.22312398525065646	0.24968215532264607
log-power-percpmusd.mapjitter.klw	Risky first	14.0	1.339250888932342	p_scale_only	0.2126389976544533	0.23801693081881317	0.2642048791802844
log-power-percpmusd.mapjitter.klw	Risky first	14.0	1.3765187062344757	p_scale_only	0.2283078015024192	0.2535238982846056	0.27926144796216046
log-power-percpmusd.mapjitter.klw	Risky first	14.0	1.4148235885241658	p_scale_only	0.24465911561310696	0.26951235332524126	0.2949059259666881
log-power-percpmusd.mapjitter.klw	Risky first	14.0	1.454194394582695	p_scale_only	0.26135256224316816	0.2860772248842	0.3110468838639309
log-power-percpmusd.mapjitter.klw	Risky first	14.0	1.4946607862550567	p_scale_only	0.27867974954686914	0.3030750381312439	0.3276620918843785
log-power-percpmusd.mapjitter.klw	Risky first	14.0	1.5362532507970992	p_scale_only	0.2965418189236495	0.32044913566450683	0.3445898811677213
log-power-percpmusd.mapjitter.klw	Risky first	14.0	1.579003123844529	p_scale_only	0.31487808183256205	0.3381421874535194	0.3619496194877394
log-power-percpmusd.mapjitter.klw	Risky first	14.0	1.6229426130210856	p_scale_only	0.33325885470629507	0.35610367899667184	0.37943124376325904
log-power-percpmusd.mapjitter.klw	Risky first	14.0	1.6681048222036647	p_scale_only	0.3519853235710717	0.37429502190603653	0.39717458642735126
log-power-percpmusd.mapjitter.klw	Risky first	14.0	1.714523776462679	p_scale_only	0.3708260933927866	0.39258832691314954	0.41501406051478124
log-power-percpmusd.mapjitter.klw	Risky first	14.0	1.7622344476964418	p_scale_only	0.38948314135955214	0.4109815043062464	0.4329529028954399
log-power-percpmusd.mapjitter.klw	Risky first	14.0	1.8112727809788889	p_scale_only	0.40831424810894185	0.42934792894611595	0.4509692620126212
log-power-percpmusd.mapjitter.klw	Risky first	14.0	1.861675721640487	p_scale_only	0.42678194974976724	0.4476571896521958	0.46891955956850895
log-power-percpmusd.mapjitter.klw	Risky first	14.0	1.9134812431027324	p_scale_only	0.4451637286950061	0.4658083773090297	0.4868668157602382
log-power-percpmusd.mapjitter.klw	Risky first	14.0	1.9667283754872122	p_scale_only	0.46349849490466094	0.4838486585228457	0.5045316927946707
log-power-percpmusd.mapjitter.klw	Risky first	14.0	2.021457235020777	p_scale_only	0.4815860507995231	0.5016566502253798	0.5220566630823954
log-power-percpmusd.mapjitter.klw	Risky first	14.0	2.0777090542589844	p_scale_only	0.49926687736234365	0.5192130772374299	0.5393140695801932
log-power-percpmusd.mapjitter.klw	Risky first	14.0	2.1355262131505808	p_scale_only	0.5165997841544395	0.5363734187765592	0.5564694544307629
log-power-percpmusd.mapjitter.klw	Risky first	14.0	2.1949522709664246	p_scale_only	0.5334266701556405	0.5531990000255591	0.573109016333913
log-power-percpmusd.mapjitter.klw	Risky first	14.0	2.256031999116908	p_scale_only	0.5500092322885697	0.5696487973550642	0.5893910349831497
log-power-percpmusd.mapjitter.klw	Risky first	14.0	2.3188114148826	p_scale_only	0.5661080382841229	0.5856394037648147	0.6052229046969403
log-power-percpmusd.mapjitter.klw	Risky first	14.0	2.3833378160835275	p_scale_only	0.5816019283503204	0.6012110378322988	0.6209099904580228
log-power-percpmusd.mapjitter.klw	Risky first	14.0	2.4496598167132055	p_scale_only	0.5965881693241122	0.6163318748233937	0.6358668493370746
log-power-percpmusd.mapjitter.klw	Risky first	14.0	2.5178273835642724	p_scale_only	0.6113357235508816	0.630933197693656	0.6505919900188644
log-power-percpmusd.mapjitter.klw	Risky first	14.0	2.58789187387332	p_scale_only	0.6255034972668599	0.645041209930995	0.6646387528013514
log-power-percpmusd.mapjitter.klw	Risky first	14.0	2.659906074013276	p_scale_only	0.6390714134206816	0.6586894920683172	0.6783792109645733
log-power-percpmusd.mapjitter.klw	Risky first	14.0	2.7339242392624983	p_scale_only	0.6521086260723643	0.6718292275473683	0.691426735432453
log-power-percpmusd.mapjitter.klw	Risky first	14.0	2.8100021346805373	p_scale_only	0.6645988113713559	0.6844075699815237	0.7040694686078011
log-power-percpmusd.mapjitter.klw	Risky first	14.0	2.8881970771213568	p_scale_only	0.6767435255836338	0.6965147837993855	0.716262775174468
log-power-percpmusd.mapjitter.klw	Risky first	14.0	2.9685679784156793	p_scale_only	0.6882471318745016	0.7081739401130175	0.7279566658938369
log-power-percpmusd.mapjitter.klw	Risky first	14.0	3.051175389754982	p_scale_only	0.6992453239062602	0.7193398639620345	0.739133143962176
log-power-percpmusd.mapjitter.klw	Risky first	14.0	3.1360815473105736	p_scale_only	0.7096672107151846	0.7300083614699624	0.7498507805514826
log-power-percpmusd.mapjitter.klw	Risky first	14.0	3.2233504191221405	p_scale_only	0.7196118196035887	0.7402137223751788	0.7600994196856218
log-power-percpmusd.mapjitter.klw	Risky first	14.0	3.31304775329107	p_scale_only	0.7289743784006819	0.7499352587364059	0.7699154527323268
log-power-percpmusd.mapjitter.klw	Risky first	14.0	3.40524112751487	p_scale_only	0.7381065062109151	0.7592282686349322	0.7792203070282774
log-power-percpmusd.mapjitter.klw	Risky first	14.0	3.5000000000000004	p_scale_only	0.7468526074632972	0.7680799857145817	0.7882569516547431
log-power-percpmusd.mapjitter.klw	Risky first	14.0	1.2	dp_full	0.008836489366521025	0.04110328916575247	0.07316312152652747
log-power-percpmusd.mapjitter.klw	Risky first	14.0	1.233392832614218	dp_full	0.00943525624653585	0.04172945274377961	0.07380494834018865
log-power-percpmusd.mapjitter.klw	Risky first	14.0	1.267714899620104	dp_full	0.009973202066372436	0.04228693058541937	0.07416051903352684
log-power-percpmusd.mapjitter.klw	Risky first	14.0	1.3029920591580744	dp_full	0.010251875487624925	0.042584812622045914	0.07422679612820128
log-power-percpmusd.mapjitter.klw	Risky first	14.0	1.339250888932342	dp_full	0.010518420724496016	0.042637908594256896	0.07418555875813061
log-power-percpmusd.mapjitter.klw	Risky first	14.0	1.3765187062344757	dp_full	0.010669002778489683	0.042588622829572174	0.07392169258255762
log-power-percpmusd.mapjitter.klw	Risky first	14.0	1.4148235885241658	dp_full	0.010806595725133154	0.042376545390281996	0.07346410843195768
log-power-percpmusd.mapjitter.klw	Risky first	14.0	1.454194394582695	dp_full	0.010898231585761784	0.04187541418159481	0.07266347420079543
log-power-percpmusd.mapjitter.klw	Risky first	14.0	1.4946607862550567	dp_full	0.01074492433658489	0.04116827830580434	0.07138581214048709
log-power-percpmusd.mapjitter.klw	Risky first	14.0	1.5362532507970992	dp_full	0.01045870032249841	0.04029664080393372	0.06979519372921217
log-power-percpmusd.mapjitter.klw	Risky first	14.0	1.579003123844529	dp_full	0.010077153326303606	0.039269466405343845	0.06812845611147589
log-power-percpmusd.mapjitter.klw	Risky first	14.0	1.6229426130210856	dp_full	0.009760655303952852	0.03802718303546898	0.0663602778084666
log-power-percpmusd.mapjitter.klw	Risky first	14.0	1.6681048222036647	dp_full	0.008917780327795714	0.03661540241950336	0.06449313092196284
log-power-percpmusd.mapjitter.klw	Risky first	14.0	1.714523776462679	dp_full	0.00809289594175196	0.034971960180389755	0.062282145693512966
log-power-percpmusd.mapjitter.klw	Risky first	14.0	1.7622344476964418	dp_full	0.00702227570176748	0.033325612845731864	0.059786816881418625
log-power-percpmusd.mapjitter.klw	Risky first	14.0	1.8112727809788889	dp_full	0.005732322320807081	0.03152408151979727	0.057315510523065875
log-power-percpmusd.mapjitter.klw	Risky first	14.0	1.861675721640487	dp_full	0.004447064545950631	0.029635222901105658	0.054882690217620066
log-power-percpmusd.mapjitter.klw	Risky first	14.0	1.9134812431027324	dp_full	0.003030782592514451	0.027723838028663524	0.05258813545001851
log-power-percpmusd.mapjitter.klw	Risky first	14.0	1.9667283754872122	dp_full	0.0014819585963340156	0.025767783803917352	0.05027321640757174
log-power-percpmusd.mapjitter.klw	Risky first	14.0	2.021457235020777	dp_full	-0.00010782795667556038	0.023822299830529803	0.04796510472239171
log-power-percpmusd.mapjitter.klw	Risky first	14.0	2.0777090542589844	dp_full	-0.0015397349309147822	0.02197766958572793	0.045770484028273155
log-power-percpmusd.mapjitter.klw	Risky first	14.0	2.1355262131505808	dp_full	-0.0032674122709571807	0.020141472144834176	0.04373701188937565
log-power-percpmusd.mapjitter.klw	Risky first	14.0	2.1949522709664246	dp_full	-0.004874027047590507	0.018381674599744657	0.041701012614734315
log-power-percpmusd.mapjitter.klw	Risky first	14.0	2.256031999116908	dp_full	-0.006473890157169599	0.016646568165590812	0.039790110297005514
log-power-percpmusd.mapjitter.klw	Risky first	14.0	2.3188114148826	dp_full	-0.00792621194078685	0.015044381389469591	0.03803304845758918
log-power-percpmusd.mapjitter.klw	Risky first	14.0	2.3833378160835275	dp_full	-0.009332241384029244	0.01354165071635562	0.036490522207458055
log-power-percpmusd.mapjitter.klw	Risky first	14.0	2.4496598167132055	dp_full	-0.010910874767127246	0.012071293828877533	0.0350834355118301
log-power-percpmusd.mapjitter.klw	Risky first	14.0	2.5178273835642724	dp_full	-0.012109007698236727	0.010796197810995896	0.033758295355068434
log-power-percpmusd.mapjitter.klw	Risky first	14.0	2.58789187387332	dp_full	-0.013253359324757711	0.00964505084055277	0.03249682248754437
log-power-percpmusd.mapjitter.klw	Risky first	14.0	2.659906074013276	dp_full	-0.01426790782676349	0.008595787731504538	0.031298745783892135
log-power-percpmusd.mapjitter.klw	Risky first	14.0	2.7339242392624983	dp_full	-0.015181083297038931	0.007607881850854443	0.030475276332142563
log-power-percpmusd.mapjitter.klw	Risky first	14.0	2.8100021346805373	dp_full	-0.016070363426454164	0.006729534736749223	0.02962643492237402
log-power-percpmusd.mapjitter.klw	Risky first	14.0	2.8881970771213568	dp_full	-0.016885797355973165	0.005989175033922177	0.028870020529332303
log-power-percpmusd.mapjitter.klw	Risky first	14.0	2.9685679784156793	dp_full	-0.01770425081488858	0.005295645091038715	0.02830958002491956
log-power-percpmusd.mapjitter.klw	Risky first	14.0	3.051175389754982	dp_full	-0.01835976890724377	0.004719071329711762	0.027945195573552708
log-power-percpmusd.mapjitter.klw	Risky first	14.0	3.1360815473105736	dp_full	-0.018978509904479707	0.004249986743735137	0.027632535381407884
log-power-percpmusd.mapjitter.klw	Risky first	14.0	3.2233504191221405	dp_full	-0.01947088167947706	0.003877680580789576	0.02730996564954881
log-power-percpmusd.mapjitter.klw	Risky first	14.0	3.31304775329107	dp_full	-0.019866651117580705	0.003630325965444404	0.02714802942514628
log-power-percpmusd.mapjitter.klw	Risky first	14.0	3.40524112751487	dp_full	-0.020181044132241588	0.00340447907520646	0.027057011633571923
log-power-percpmusd.mapjitter.klw	Risky first	14.0	3.5000000000000004	dp_full	-0.020469814633272455	0.003311386350045676	0.02707312465030821
log-power-percpmusd.mapjitter.klw	Risky first	14.0	1.2	dp_bias	0.0045225195688741735	0.02922962876435201	0.052955806165716664
log-power-percpmusd.mapjitter.klw	Risky first	14.0	1.233392832614218	dp_bias	0.004829217212058137	0.029884746983069845	0.05397772225923441
log-power-percpmusd.mapjitter.klw	Risky first	14.0	1.267714899620104	dp_bias	0.0051905472289956655	0.030472699088280833	0.05482074393336617
log-power-percpmusd.mapjitter.klw	Risky first	14.0	1.3029920591580744	dp_bias	0.005322492714185314	0.030913871091032177	0.05554598436232979
log-power-percpmusd.mapjitter.klw	Risky first	14.0	1.339250888932342	dp_bias	0.005608067200889921	0.03123532203647291	0.05623860201898385
log-power-percpmusd.mapjitter.klw	Risky first	14.0	1.3765187062344757	dp_bias	0.005834137365890663	0.031496622215568953	0.056585121178519826
log-power-percpmusd.mapjitter.klw	Risky first	14.0	1.4148235885241658	dp_bias	0.005925077708604303	0.03158232808008306	0.056818215737556854
log-power-percpmusd.mapjitter.klw	Risky first	14.0	1.454194394582695	dp_bias	0.005842933054724176	0.031551058515452785	0.05694721558791486
log-power-percpmusd.mapjitter.klw	Risky first	14.0	1.4946607862550567	dp_bias	0.005801880656079588	0.03146063297002985	0.05692969105663733
log-power-percpmusd.mapjitter.klw	Risky first	14.0	1.5362532507970992	dp_bias	0.005631846752079264	0.03116098930255238	0.05666654756102954
log-power-percpmusd.mapjitter.klw	Risky first	14.0	1.579003123844529	dp_bias	0.00551604297529508	0.030795216119680613	0.05617539281386023
log-power-percpmusd.mapjitter.klw	Risky first	14.0	1.6229426130210856	dp_bias	0.005135419902100637	0.03026560115477571	0.05583324722333871
log-power-percpmusd.mapjitter.klw	Risky first	14.0	1.6681048222036647	dp_bias	0.004637073327075006	0.029578882298603826	0.054968858003968356
log-power-percpmusd.mapjitter.klw	Risky first	14.0	1.714523776462679	dp_bias	0.004155406779508038	0.028853024738000336	0.053889448135869975
log-power-percpmusd.mapjitter.klw	Risky first	14.0	1.7622344476964418	dp_bias	0.0034976379709471864	0.028026335813951787	0.05291040877173035
log-power-percpmusd.mapjitter.klw	Risky first	14.0	1.8112727809788889	dp_bias	0.0026960259474352924	0.027027919565908873	0.05183693198379549
log-power-percpmusd.mapjitter.klw	Risky first	14.0	1.861675721640487	dp_bias	0.0018916363398608226	0.026043778985569817	0.050462137068014466
log-power-percpmusd.mapjitter.klw	Risky first	14.0	1.9134812431027324	dp_bias	0.0012253345314510629	0.024863574735666534	0.0492373963693285
log-power-percpmusd.mapjitter.klw	Risky first	14.0	1.9667283754872122	dp_bias	0.00040028620251038137	0.023713259786200154	0.047731835630929184
log-power-percpmusd.mapjitter.klw	Risky first	14.0	2.021457235020777	dp_bias	-0.00048808449040085264	0.022556814665863047	0.04627885204404774
log-power-percpmusd.mapjitter.klw	Risky first	14.0	2.0777090542589844	dp_bias	-0.001340898092402614	0.021354330053317633	0.04478894219711111
log-power-percpmusd.mapjitter.klw	Risky first	14.0	2.1355262131505808	dp_bias	-0.00244778951858861	0.020150827978643066	0.043324542592529276
log-power-percpmusd.mapjitter.klw	Risky first	14.0	2.1949522709664246	dp_bias	-0.0033200827892535673	0.0189867076227351	0.04185295575186016
log-power-percpmusd.mapjitter.klw	Risky first	14.0	2.256031999116908	dp_bias	-0.004188685498262013	0.01783534800794441	0.04039886848208321
log-power-percpmusd.mapjitter.klw	Risky first	14.0	2.3188114148826	dp_bias	-0.005096848768988388	0.016798041755031315	0.03886077918636264
log-power-percpmusd.mapjitter.klw	Risky first	14.0	2.3833378160835275	dp_bias	-0.005982207265628299	0.015736454056834652	0.03764110241641981
log-power-percpmusd.mapjitter.klw	Risky first	14.0	2.4496598167132055	dp_bias	-0.00678648721106588	0.014720485614936097	0.03627088414750858
log-power-percpmusd.mapjitter.klw	Risky first	14.0	2.5178273835642724	dp_bias	-0.007533558853276651	0.013774401668823493	0.035015826109814706
log-power-percpmusd.mapjitter.klw	Risky first	14.0	2.58789187387332	dp_bias	-0.008331257619801604	0.012926370929749074	0.03397145647516554
log-power-percpmusd.mapjitter.klw	Risky first	14.0	2.659906074013276	dp_bias	-0.008905833164225932	0.012137991999346063	0.03302133352274756
log-power-percpmusd.mapjitter.klw	Risky first	14.0	2.7339242392624983	dp_bias	-0.009439545440066808	0.011438657417501916	0.03198202347169278
log-power-percpmusd.mapjitter.klw	Risky first	14.0	2.8100021346805373	dp_bias	-0.009735034264942188	0.010796021976238909	0.03115992522994371
log-power-percpmusd.mapjitter.klw	Risky first	14.0	2.8881970771213568	dp_bias	-0.01002236208965616	0.010235744809945444	0.030406713775482392
log-power-percpmusd.mapjitter.klw	Risky first	14.0	2.9685679784156793	dp_bias	-0.010303636526785901	0.009826442342509158	0.02980513752926583
log-power-percpmusd.mapjitter.klw	Risky first	14.0	3.051175389754982	dp_bias	-0.010484373406618041	0.009496390271296732	0.029269842617837327
log-power-percpmusd.mapjitter.klw	Risky first	14.0	3.1360815473105736	dp_bias	-0.01061208364692211	0.009245339096263766	0.028762529870822996
log-power-percpmusd.mapjitter.klw	Risky first	14.0	3.2233504191221405	dp_bias	-0.010567333524286342	0.009040447581519106	0.028363919969108288
log-power-percpmusd.mapjitter.klw	Risky first	14.0	3.31304775329107	dp_bias	-0.010502843766771986	0.008986419428233448	0.02816790452660012
log-power-percpmusd.mapjitter.klw	Risky first	14.0	3.40524112751487	dp_bias	-0.010325723637035204	0.009004904797512411	0.02805829175572551
log-power-percpmusd.mapjitter.klw	Risky first	14.0	3.5000000000000004	dp_bias	-0.01011841430728737	0.00912422996066561	0.028032619080235605
log-power-percpmusd.mapjitter.klw	Risky first	14.0	1.2	dp_scale	-0.0008325480108793604	0.015884845636866308	0.03313077543672845
log-power-percpmusd.mapjitter.klw	Risky first	14.0	1.233392832614218	dp_scale	-0.0004169735945935242	0.016179229536441308	0.033302320761280986
log-power-percpmusd.mapjitter.klw	Risky first	14.0	1.267714899620104	dp_scale	-5.105414905975805e-06	0.01632912689296985	0.03327611064113987
log-power-percpmusd.mapjitter.klw	Risky first	14.0	1.3029920591580744	dp_scale	0.00032932977170681434	0.016373487530690088	0.033079835426172086
log-power-percpmusd.mapjitter.klw	Risky first	14.0	1.339250888932342	dp_scale	0.0005840200559203378	0.01628349188532218	0.03274281135637622
log-power-percpmusd.mapjitter.klw	Risky first	14.0	1.3765187062344757	dp_scale	0.0008331732486269236	0.016056970125711358	0.032110563774547025
log-power-percpmusd.mapjitter.klw	Risky first	14.0	1.4148235885241658	dp_scale	0.0009114500463425952	0.01564813051999768	0.031162024576969195
log-power-percpmusd.mapjitter.klw	Risky first	14.0	1.454194394582695	dp_scale	0.0009203235389175368	0.015129076084940067	0.03011921910209005
log-power-percpmusd.mapjitter.klw	Risky first	14.0	1.4946607862550567	dp_scale	0.0009309771457255184	0.014448310247210697	0.028968716093711242
log-power-percpmusd.mapjitter.klw	Risky first	14.0	1.5362532507970992	dp_scale	0.0007502714635736913	0.013632445802393594	0.02749561792948943
log-power-percpmusd.mapjitter.klw	Risky first	14.0	1.579003123844529	dp_scale	0.000528412126191403	0.012672615268287096	0.025885060027849315
log-power-percpmusd.mapjitter.klw	Risky first	14.0	1.6229426130210856	dp_scale	0.00018281195136457927	0.011579367811817499	0.024124946716667206
log-power-percpmusd.mapjitter.klw	Risky first	14.0	1.6681048222036647	dp_scale	-0.00026776670812864357	0.010364582887220405	0.022209216973665843
log-power-percpmusd.mapjitter.klw	Risky first	14.0	1.714523776462679	dp_scale	-0.0008408283457564561	0.009086998291453301	0.020209639852513162
log-power-percpmusd.mapjitter.klw	Risky first	14.0	1.7622344476964418	dp_scale	-0.0015388459982794544	0.007680611462981103	0.018175018181125904
log-power-percpmusd.mapjitter.klw	Risky first	14.0	1.8112727809788889	dp_scale	-0.002358596810558993	0.0062207132446115655	0.01602093688060484
log-power-percpmusd.mapjitter.klw	Risky first	14.0	1.861675721640487	dp_scale	-0.003392007590180567	0.004792278598710249	0.014041228488469277
log-power-percpmusd.mapjitter.klw	Risky first	14.0	1.9134812431027324	dp_scale	-0.004674595045067388	0.0033507410488553286	0.01210372061937794
log-power-percpmusd.mapjitter.klw	Risky first	14.0	1.9667283754872122	dp_scale	-0.005944107597381007	0.001957818539127712	0.010474941341725216
log-power-percpmusd.mapjitter.klw	Risky first	14.0	2.021457235020777	dp_scale	-0.007357649985600994	0.0005861559508585452	0.008997289904996278
log-power-percpmusd.mapjitter.klw	Risky first	14.0	2.0777090542589844	dp_scale	-0.008904580285717075	-0.0007070217990039504	0.007667955061944767
log-power-percpmusd.mapjitter.klw	Risky first	14.0	2.1355262131505808	dp_scale	-0.010411932681644217	-0.0019201939274869147	0.006540117288159854
log-power-percpmusd.mapjitter.klw	Risky first	14.0	2.1949522709664246	dp_scale	-0.011876097512846113	-0.00308198079727047	0.005515923488437096
log-power-percpmusd.mapjitter.klw	Risky first	14.0	2.256031999116908	dp_scale	-0.013345015644547256	-0.004145977458780734	0.0047117400752684415
log-power-percpmusd.mapjitter.klw	Risky first	14.0	2.3188114148826	dp_scale	-0.014744699815739684	-0.00513329477807121	0.00403046984506254
log-power-percpmusd.mapjitter.klw	Risky first	14.0	2.3833378160835275	dp_scale	-0.016119855032408176	-0.006021992077186563	0.0035071929203321296
log-power-percpmusd.mapjitter.klw	Risky first	14.0	2.4496598167132055	dp_scale	-0.017303704766004253	-0.006833160066099447	0.003090438910380078
log-power-percpmusd.mapjitter.klw	Risky first	14.0	2.5178273835642724	dp_scale	-0.018296468803135582	-0.007556559156315661	0.002727580153141577
log-power-percpmusd.mapjitter.klw	Risky first	14.0	2.58789187387332	dp_scale	-0.01924566774592984	-0.0081920940372567	0.0024599442757265518
log-power-percpmusd.mapjitter.klw	Risky first	14.0	2.659906074013276	dp_scale	-0.020135100752838593	-0.008747007857369836	0.0022321716968702284
log-power-percpmusd.mapjitter.klw	Risky first	14.0	2.7339242392624983	dp_scale	-0.020971030689185374	-0.00922624024639672	0.0020691265208076562
log-power-percpmusd.mapjitter.klw	Risky first	14.0	2.8100021346805373	dp_scale	-0.021626444421000857	-0.009642058644247536	0.0019584154058504585
log-power-percpmusd.mapjitter.klw	Risky first	14.0	2.8881970771213568	dp_scale	-0.022208251552119748	-0.009983645546652917	0.0019070310470416475
log-power-percpmusd.mapjitter.klw	Risky first	14.0	2.9685679784156793	dp_scale	-0.022818626958831436	-0.01022760510443456	0.001884859405232565
log-power-percpmusd.mapjitter.klw	Risky first	14.0	3.051175389754982	dp_scale	-0.023239421137183806	-0.010446711278125909	0.0018897634000430458
log-power-percpmusd.mapjitter.klw	Risky first	14.0	3.1360815473105736	dp_scale	-0.023572648169669894	-0.010579877258696316	0.001908904119766319
log-power-percpmusd.mapjitter.klw	Risky first	14.0	3.2233504191221405	dp_scale	-0.02389527667103074	-0.010668178743016067	0.0019378516731429261
log-power-percpmusd.mapjitter.klw	Risky first	14.0	3.31304775329107	dp_scale	-0.02407676701001991	-0.010708623419317703	0.0020704936158154447
log-power-percpmusd.mapjitter.klw	Risky first	14.0	3.40524112751487	dp_scale	-0.024196961393549647	-0.010717355658417894	0.0021932966572873673
log-power-percpmusd.mapjitter.klw	Risky first	14.0	3.5000000000000004	dp_scale	-0.024203763297375804	-0.010692940642948017	0.002375980402637304
log-power-percpmusd.mapjitter.klw	Risky first	14.0	1.2	dp_interaction	-0.010792297082182387	-0.0036945261864494896	0.0002643009339724882
log-power-percpmusd.mapjitter.klw	Risky first	14.0	1.233392832614218	dp_interaction	-0.011257832773588184	-0.004005340841170749	0.00013556995653101373
log-power-percpmusd.mapjitter.klw	Risky first	14.0	1.267714899620104	dp_interaction	-0.011591862008212913	-0.004272399988718303	4.3846379256552114e-05
log-power-percpmusd.mapjitter.klw	Risky first	14.0	1.3029920591580744	dp_interaction	-0.011893689776383406	-0.004486484020072758	-3.3513937214879444e-05
log-power-percpmusd.mapjitter.klw	Risky first	14.0	1.339250888932342	dp_interaction	-0.012024753681542606	-0.004652840759555483	-9.229292563782847e-05
log-power-percpmusd.mapjitter.klw	Risky first	14.0	1.3765187062344757	dp_interaction	-0.012062142971737931	-0.004748672068901309	-0.00013945671996603673
log-power-percpmusd.mapjitter.klw	Risky first	14.0	1.4148235885241658	dp_interaction	-0.011982001870970158	-0.004780210983293273	-0.0001307103929616813
log-power-percpmusd.mapjitter.klw	Risky first	14.0	1.454194394582695	dp_interaction	-0.01181707770108626	-0.004722596145398933	-0.00011134838666063014
log-power-percpmusd.mapjitter.klw	Risky first	14.0	1.4946607862550567	dp_interaction	-0.011536638220992749	-0.0046011168529351	-6.378483532618703e-05
log-power-percpmusd.mapjitter.klw	Risky first	14.0	1.5362532507970992	dp_interaction	-0.011147402406227434	-0.004403737847220162	6.458570325486625e-05
log-power-percpmusd.mapjitter.klw	Risky first	14.0	1.579003123844529	dp_interaction	-0.01060816880633528	-0.0041404647335581655	0.0002620805029188528
log-power-percpmusd.mapjitter.klw	Risky first	14.0	1.6229426130210856	dp_interaction	-0.010038164830996246	-0.003796380044735011	0.0004972043675122085
log-power-percpmusd.mapjitter.klw	Risky first	14.0	1.6681048222036647	dp_interaction	-0.009374161471221647	-0.0033987117488890346	0.0008098941030478375
log-power-percpmusd.mapjitter.klw	Risky first	14.0	1.714523776462679	dp_interaction	-0.008713348626501614	-0.00293768395768014	0.0011955736150081647
log-power-percpmusd.mapjitter.klw	Risky first	14.0	1.7622344476964418	dp_interaction	-0.007950154128458089	-0.0024331406432610185	0.0016811057625492202
log-power-percpmusd.mapjitter.klw	Risky first	14.0	1.8112727809788889	dp_interaction	-0.007182667702631222	-0.0018848524571358	0.002282871278419538
log-power-percpmusd.mapjitter.klw	Risky first	14.0	1.861675721640487	dp_interaction	-0.006411347682781863	-0.0012977326580491419	0.0029445800478279547
log-power-percpmusd.mapjitter.klw	Risky first	14.0	1.9134812431027324	dp_interaction	-0.005669211588456918	-0.0007012231877858933	0.0036883134724702165
log-power-percpmusd.mapjitter.klw	Risky first	14.0	1.9667283754872122	dp_interaction	-0.004921600864993385	-0.00010903614983407576	0.0044700222479337045
log-power-percpmusd.mapjitter.klw	Risky first	14.0	2.021457235020777	dp_interaction	-0.004241860476920245	0.0005035766972575862	0.00529625487310833
log-power-percpmusd.mapjitter.klw	Risky first	14.0	2.0777090542589844	dp_interaction	-0.003606187560683935	0.001118314457064445	0.006168202075004518
log-power-percpmusd.mapjitter.klw	Risky first	14.0	2.1355262131505808	dp_interaction	-0.0030521588535927227	0.0017103418903919286	0.007004159211920699
log-power-percpmusd.mapjitter.klw	Risky first	14.0	2.1949522709664246	dp_interaction	-0.002530309995671411	0.00227790193826589	0.007815031607203567
log-power-percpmusd.mapjitter.klw	Risky first	14.0	2.256031999116908	dp_interaction	-0.0020761974838803695	0.002810042099365645	0.00862359642726854
log-power-percpmusd.mapjitter.klw	Risky first	14.0	2.3188114148826	dp_interaction	-0.0017213058099241549	0.003289866849357361	0.009383439275113481
log-power-percpmusd.mapjitter.klw	Risky first	14.0	2.3833378160835275	dp_interaction	-0.0013834880647548991	0.003729038984084173	0.010029397990951807
log-power-percpmusd.mapjitter.klw	Risky first	14.0	2.4496598167132055	dp_interaction	-0.0010931976493449755	0.004139243668775963	0.01066021031736902
log-power-percpmusd.mapjitter.klw	Risky first	14.0	2.5178273835642724	dp_interaction	-0.0008491658596887831	0.004497357106538019	0.011190292457854436
log-power-percpmusd.mapjitter.klw	Risky first	14.0	2.58789187387332	dp_interaction	-0.0006081914515051418	0.0047985989241808805	0.011677367446986284
log-power-percpmusd.mapjitter.klw	Risky first	14.0	2.659906074013276	dp_interaction	-0.0004453512892535564	0.005047417566446672	0.012067100771349842
log-power-percpmusd.mapjitter.klw	Risky first	14.0	2.7339242392624983	dp_interaction	-0.0003010746302676608	0.00523451514342505	0.01239330901915265
log-power-percpmusd.mapjitter.klw	Risky first	14.0	2.8100021346805373	dp_interaction	-0.00021852595377436327	0.0053748122827000176	0.012592203466464719
log-power-percpmusd.mapjitter.klw	Risky first	14.0	2.8881970771213568	dp_interaction	-0.00015419368932742232	0.005453056666150586	0.012743697157474943
log-power-percpmusd.mapjitter.klw	Risky first	14.0	2.9685679784156793	dp_interaction	-0.0001039657109275898	0.005487175391223306	0.012782005833028898
log-power-percpmusd.mapjitter.klw	Risky first	14.0	3.051175389754982	dp_interaction	-9.833764589293456e-05	0.005466599616524544	0.0128138234887547
log-power-percpmusd.mapjitter.klw	Risky first	14.0	3.1360815473105736	dp_interaction	-0.00011656950006483428	0.005404006454405015	0.012703299355543889
log-power-percpmusd.mapjitter.klw	Risky first	14.0	3.2233504191221405	dp_interaction	-0.0001584112219483138	0.00529924602412483	0.01252211959802761
log-power-percpmusd.mapjitter.klw	Risky first	14.0	3.31304775329107	dp_interaction	-0.00022156916529676474	0.00516029683302765	0.01232982749103442
log-power-percpmusd.mapjitter.klw	Risky first	14.0	3.40524112751487	dp_interaction	-0.00031665133451240935	0.004989585524635479	0.012074163376952603
log-power-percpmusd.mapjitter.klw	Risky first	14.0	3.5000000000000004	dp_interaction	-0.0004448290207042951	0.004775418775274074	0.011801045360167975
log-power-percpmusd.mapjitter.klw	Risky first	14.0	1.2	num_shift	0.0035037914549368877	0.03565128222214882	0.06822023255309521
log-power-percpmusd.mapjitter.klw	Risky first	14.0	1.233392832614218	num_shift	0.003504706030294086	0.03495087405299186	0.06688117702310022
log-power-percpmusd.mapjitter.klw	Risky first	14.0	1.267714899620104	num_shift	0.0036289897862432185	0.034324574808212244	0.06537247867927479
log-power-percpmusd.mapjitter.klw	Risky first	14.0	1.3029920591580744	num_shift	0.0037683630218852877	0.033691557040497463	0.06418683511490945
log-power-percpmusd.mapjitter.klw	Risky first	14.0	1.339250888932342	num_shift	0.0037695273429531762	0.03303577989614453	0.06287875241022617
log-power-percpmusd.mapjitter.klw	Risky first	14.0	1.3765187062344757	num_shift	0.0036864956125728034	0.03240000639107038	0.06173104618333981
log-power-percpmusd.mapjitter.klw	Risky first	14.0	1.4148235885241658	num_shift	0.0036164179415616566	0.03178688948336379	0.06058994327211465
log-power-percpmusd.mapjitter.klw	Risky first	14.0	1.454194394582695	num_shift	0.0034761263883363288	0.031162426822975375	0.05953517950561327
log-power-percpmusd.mapjitter.klw	Risky first	14.0	1.4946607862550567	num_shift	0.0031611255877077842	0.03055651492898217	0.05850909584334144
log-power-percpmusd.mapjitter.klw	Risky first	14.0	1.5362532507970992	num_shift	0.002871111627348644	0.029963356121500744	0.05740907432412261
log-power-percpmusd.mapjitter.klw	Risky first	14.0	1.579003123844529	num_shift	0.002778295445249925	0.029317854638794837	0.05653473485938762
log-power-percpmusd.mapjitter.klw	Risky first	14.0	1.6229426130210856	num_shift	0.002517782384101123	0.028729288395447476	0.05557214289520499
log-power-percpmusd.mapjitter.klw	Risky first	14.0	1.6681048222036647	num_shift	0.0021503882317906163	0.028149315422371705	0.05464910918026733
log-power-percpmusd.mapjitter.klw	Risky first	14.0	1.714523776462679	num_shift	0.0019946472463886742	0.027627066325190464	0.053575913337520896
log-power-percpmusd.mapjitter.klw	Risky first	14.0	1.7622344476964418	num_shift	0.0016930956497880584	0.027105836863909993	0.052737231079045765
log-power-percpmusd.mapjitter.klw	Risky first	14.0	1.8112727809788889	num_shift	0.001245534065489302	0.026580020713566507	0.05206657096907988
log-power-percpmusd.mapjitter.klw	Risky first	14.0	1.861675721640487	num_shift	0.0008894363493541582	0.02609871439274023	0.05141110436106457
log-power-percpmusd.mapjitter.klw	Risky first	14.0	1.9134812431027324	num_shift	0.0005052767585919117	0.025594297078938164	0.050883672182022395
log-power-percpmusd.mapjitter.klw	Risky first	14.0	1.9667283754872122	num_shift	0.00015886559137366697	0.025112045962015377	0.05027994571543202
log-power-percpmusd.mapjitter.klw	Risky first	14.0	2.021457235020777	num_shift	-0.00026188757226828504	0.024661942069264187	0.049738306007101475
log-power-percpmusd.mapjitter.klw	Risky first	14.0	2.0777090542589844	num_shift	-0.0007293171613963752	0.024176233876973617	0.04929901091902438
log-power-percpmusd.mapjitter.klw	Risky first	14.0	2.1355262131505808	num_shift	-0.00108928835806896	0.02374978928729666	0.048880594786773444
log-power-percpmusd.mapjitter.klw	Risky first	14.0	2.1949522709664246	num_shift	-0.00152531539690649	0.023351373056587348	0.04843921915332866
log-power-percpmusd.mapjitter.klw	Risky first	14.0	2.256031999116908	num_shift	-0.002153295156017728	0.022955555593546405	0.04811327167988981
log-power-percpmusd.mapjitter.klw	Risky first	14.0	2.3188114148826	num_shift	-0.002661744571133153	0.022617913702158467	0.04788082864852773
log-power-percpmusd.mapjitter.klw	Risky first	14.0	2.3833378160835275	num_shift	-0.0031833144735114367	0.022316567770014818	0.04779137929468316
log-power-percpmusd.mapjitter.klw	Risky first	14.0	2.4496598167132055	num_shift	-0.003741245663227099	0.022052515818840754	0.04758894084025276
log-power-percpmusd.mapjitter.klw	Risky first	14.0	2.5178273835642724	num_shift	-0.0043410549834596406	0.021732207571064158	0.04741839488744525
log-power-percpmusd.mapjitter.klw	Risky first	14.0	2.58789187387332	num_shift	-0.004945948009033133	0.021500776831613194	0.047533569238869734
log-power-percpmusd.mapjitter.klw	Risky first	14.0	2.659906074013276	num_shift	-0.005590412910736273	0.02127160994541406	0.04750669201028124
log-power-percpmusd.mapjitter.klw	Risky first	14.0	2.7339242392624983	num_shift	-0.006331941688006249	0.021022965044003562	0.047475018486673674
log-power-percpmusd.mapjitter.klw	Risky first	14.0	2.8100021346805373	num_shift	-0.007021908974328846	0.02084665798598591	0.047717285149564685
log-power-percpmusd.mapjitter.klw	Risky first	14.0	2.8881970771213568	num_shift	-0.007638405539163511	0.020653645957135675	0.04780672017312847
log-power-percpmusd.mapjitter.klw	Risky first	14.0	2.9685679784156793	num_shift	-0.008291512387172531	0.020526889445981848	0.04813135574886331
log-power-percpmusd.mapjitter.klw	Risky first	14.0	3.051175389754982	num_shift	-0.008925151399371485	0.020374457930249334	0.04849759626414954
log-power-percpmusd.mapjitter.klw	Risky first	14.0	3.1360815473105736	num_shift	-0.00960551543648889	0.020253253298186447	0.04903900913446491
log-power-percpmusd.mapjitter.klw	Risky first	14.0	3.2233504191221405	num_shift	-0.010426125998602669	0.020167705716160358	0.049668320226672696
log-power-percpmusd.mapjitter.klw	Risky first	14.0	3.31304775329107	num_shift	-0.011200476276221092	0.020098691207685836	0.05037297134767885
log-power-percpmusd.mapjitter.klw	Risky first	14.0	3.40524112751487	num_shift	-0.012123261137297035	0.02004659196413404	0.05113802194288985
log-power-percpmusd.mapjitter.klw	Risky first	14.0	3.5000000000000004	num_shift	-0.013047600933994485	0.020026638715327564	0.05168970169588758
log-power-percpmusd.mapjitter.klw	Risky first	14.0	1.2	den_ratio	1.0075378169862672	1.1053940815196244	1.2121480642638234
log-power-percpmusd.mapjitter.klw	Risky first	14.0	1.233392832614218	den_ratio	1.0073541043625256	1.1049195214669107	1.2112429839845862
log-power-percpmusd.mapjitter.klw	Risky first	14.0	1.267714899620104	den_ratio	1.0070923583307516	1.1044519107162096	1.2105618534567915
log-power-percpmusd.mapjitter.klw	Risky first	14.0	1.3029920591580744	den_ratio	1.0070680868460395	1.1040256801981012	1.2097636566076466
log-power-percpmusd.mapjitter.klw	Risky first	14.0	1.339250888932342	den_ratio	1.00698259869753	1.103611152360864	1.2088436042622002
log-power-percpmusd.mapjitter.klw	Risky first	14.0	1.3765187062344757	den_ratio	1.0065226385106998	1.103057885625884	1.207943735328683
log-power-percpmusd.mapjitter.klw	Risky first	14.0	1.4148235885241658	den_ratio	1.0060980411313343	1.1025157419532625	1.2070516681755734
log-power-percpmusd.mapjitter.klw	Risky first	14.0	1.454194394582695	den_ratio	1.00583215077534	1.102041166619642	1.206171605772666
log-power-percpmusd.mapjitter.klw	Risky first	14.0	1.4946607862550567	den_ratio	1.0058184162227128	1.1014597112397921	1.2053466160572104
log-power-percpmusd.mapjitter.klw	Risky first	14.0	1.5362532507970992	den_ratio	1.0055737281816015	1.1009279139977113	1.2045565632922453
log-power-percpmusd.mapjitter.klw	Risky first	14.0	1.579003123844529	den_ratio	1.0052073885948931	1.100336084558236	1.2035995323366862
log-power-percpmusd.mapjitter.klw	Risky first	14.0	1.6229426130210856	den_ratio	1.004589165536697	1.0996455128558722	1.2025857559766602
log-power-percpmusd.mapjitter.klw	Risky first	14.0	1.6681048222036647	den_ratio	1.0043108984388405	1.0990782557834806	1.2022111529039712
log-power-percpmusd.mapjitter.klw	Risky first	14.0	1.714523776462679	den_ratio	1.0040298372156882	1.0985639702367687	1.2014125574828425
log-power-percpmusd.mapjitter.klw	Risky first	14.0	1.7622344476964418	den_ratio	1.0038440375783295	1.097876861765143	1.2007151705601022
log-power-percpmusd.mapjitter.klw	Risky first	14.0	1.8112727809788889	den_ratio	1.0028946362811269	1.0972655063916217	1.1999068204042052
log-power-percpmusd.mapjitter.klw	Risky first	14.0	1.861675721640487	den_ratio	1.0023306104732275	1.0965500039045608	1.1990643201040667
log-power-percpmusd.mapjitter.klw	Risky first	14.0	1.9134812431027324	den_ratio	1.0017600899582146	1.0958575878723749	1.198215398808455
log-power-percpmusd.mapjitter.klw	Risky first	14.0	1.9667283754872122	den_ratio	1.0009056746757645	1.095114939170351	1.197515398860575
log-power-percpmusd.mapjitter.klw	Risky first	14.0	2.021457235020777	den_ratio	1.0002518858743694	1.09445461428705	1.1968903005963718
log-power-percpmusd.mapjitter.klw	Risky first	14.0	2.0777090542589844	den_ratio	0.9995576136240104	1.0936500089180035	1.1961025594540333
log-power-percpmusd.mapjitter.klw	Risky first	14.0	2.1355262131505808	den_ratio	0.9991015968171105	1.0929079130560686	1.1957021202120064
log-power-percpmusd.mapjitter.klw	Risky first	14.0	2.1949522709664246	den_ratio	0.9984655229893621	1.0921405129892752	1.1946893792545334
log-power-percpmusd.mapjitter.klw	Risky first	14.0	2.256031999116908	den_ratio	0.9979137679061106	1.0913825053102286	1.194005268307619
log-power-percpmusd.mapjitter.klw	Risky first	14.0	2.3188114148826	den_ratio	0.997098914463247	1.0906524724305529	1.1932635878259312
log-power-percpmusd.mapjitter.klw	Risky first	14.0	2.3833378160835275	den_ratio	0.9966209257445084	1.0899772114555288	1.192535641886952
log-power-percpmusd.mapjitter.klw	Risky first	14.0	2.4496598167132055	den_ratio	0.9956753584101348	1.0892117771121286	1.191918589540543
log-power-percpmusd.mapjitter.klw	Risky first	14.0	2.5178273835642724	den_ratio	0.9948047477447887	1.0885172070692257	1.1911612346741096
log-power-percpmusd.mapjitter.klw	Risky first	14.0	2.58789187387332	den_ratio	0.9941852410350585	1.0878912652848578	1.1904963746625181
log-power-percpmusd.mapjitter.klw	Risky first	14.0	2.659906074013276	den_ratio	0.9931404397823084	1.087178077551663	1.1899577264965595
log-power-percpmusd.mapjitter.klw	Risky first	14.0	2.7339242392624983	den_ratio	0.9926047381252214	1.0863892244334519	1.1895132514136157
log-power-percpmusd.mapjitter.klw	Risky first	14.0	2.8100021346805373	den_ratio	0.9915463140230584	1.0856270527261014	1.188846290383694
log-power-percpmusd.mapjitter.klw	Risky first	14.0	2.8881970771213568	den_ratio	0.9905111278428954	1.0847916280447503	1.1884885301410748
log-power-percpmusd.mapjitter.klw	Risky first	14.0	2.9685679784156793	den_ratio	0.9893186957133144	1.084152736568806	1.1884635982072485
log-power-percpmusd.mapjitter.klw	Risky first	14.0	3.051175389754982	den_ratio	0.9881763349290981	1.0834213485695883	1.1879810304728826
log-power-percpmusd.mapjitter.klw	Risky first	14.0	3.1360815473105736	den_ratio	0.9870109792131178	1.0826647641812857	1.1876824056788968
log-power-percpmusd.mapjitter.klw	Risky first	14.0	3.2233504191221405	den_ratio	0.9857481366217643	1.081847093980746	1.1872936611232412
log-power-percpmusd.mapjitter.klw	Risky first	14.0	3.31304775329107	den_ratio	0.9844917280320998	1.0809203969808039	1.1868975370673438
log-power-percpmusd.mapjitter.klw	Risky first	14.0	3.40524112751487	den_ratio	0.9832707940449975	1.0800494267214762	1.1865641306440298
log-power-percpmusd.mapjitter.klw	Risky first	14.0	3.5000000000000004	den_ratio	0.9823039190563794	1.0792446341311868	1.1864496103236477
log-power-percpmusd.mapjitter.klw	Risky first	20.0	1.2	p_vertex	0.12980271049038664	0.15286499651135682	0.17820663606436488
log-power-percpmusd.mapjitter.klw	Risky first	20.0	1.233392832614218	p_vertex	0.14112026054852778	0.1644457648613784	0.18991177628007563
log-power-percpmusd.mapjitter.klw	Risky first	20.0	1.267714899620104	p_vertex	0.1530817970088366	0.17665818665174876	0.2022310364648817
log-power-percpmusd.mapjitter.klw	Risky first	20.0	1.3029920591580744	p_vertex	0.16568300663382665	0.1894844166877156	0.21526489772583932
log-power-percpmusd.mapjitter.klw	Risky first	20.0	1.339250888932342	p_vertex	0.17883983866009995	0.20297187243499043	0.2287535087326063
log-power-percpmusd.mapjitter.klw	Risky first	20.0	1.3765187062344757	p_vertex	0.19288064673473757	0.216973771303604	0.24272096002458773
log-power-percpmusd.mapjitter.klw	Risky first	20.0	1.4148235885241658	p_vertex	0.20727032651634145	0.23152537721645383	0.25723262979913086
log-power-percpmusd.mapjitter.klw	Risky first	20.0	1.454194394582695	p_vertex	0.22242931431228166	0.24663100069529625	0.27231796407458725
log-power-percpmusd.mapjitter.klw	Risky first	20.0	1.4946607862550567	p_vertex	0.23801241178428104	0.2622604174594656	0.28772046515220867
log-power-percpmusd.mapjitter.klw	Risky first	20.0	1.5362532507970992	p_vertex	0.2542860068184972	0.27828768432500955	0.3035281861848893
log-power-percpmusd.mapjitter.klw	Risky first	20.0	1.579003123844529	p_vertex	0.2711377507654747	0.2947491116123179	0.3195876922346783
log-power-percpmusd.mapjitter.klw	Risky first	20.0	1.6229426130210856	p_vertex	0.2880826279822997	0.311562162943275	0.3362653819936881
log-power-percpmusd.mapjitter.klw	Risky first	20.0	1.6681048222036647	p_vertex	0.3055199577667895	0.3286790657844603	0.3531187842027665
log-power-percpmusd.mapjitter.klw	Risky first	20.0	1.714523776462679	p_vertex	0.3230325773550934	0.3460505300622896	0.36994729435371293
log-power-percpmusd.mapjitter.klw	Risky first	20.0	1.7622344476964418	p_vertex	0.340848901238189	0.3634409602786507	0.3869557237134725
log-power-percpmusd.mapjitter.klw	Risky first	20.0	1.8112727809788889	p_vertex	0.3587221816722072	0.3810444185970706	0.40423631292095563
log-power-percpmusd.mapjitter.klw	Risky first	20.0	1.861675721640487	p_vertex	0.37643903333072065	0.39859745877410024	0.42149595836809023
log-power-percpmusd.mapjitter.klw	Risky first	20.0	1.9134812431027324	p_vertex	0.3942057419428973	0.416164204686018	0.43869159915893957
log-power-percpmusd.mapjitter.klw	Risky first	20.0	1.9667283754872122	p_vertex	0.41156286380328944	0.4335992901853066	0.4558051426676934
log-power-percpmusd.mapjitter.klw	Risky first	20.0	2.021457235020777	p_vertex	0.4290420826712596	0.4509067066641327	0.47285809136314855
log-power-percpmusd.mapjitter.klw	Risky first	20.0	2.0777090542589844	p_vertex	0.4461133677735796	0.4680119279470054	0.48989315667653577
log-power-percpmusd.mapjitter.klw	Risky first	20.0	2.1355262131505808	p_vertex	0.4629540397806672	0.4848379435487309	0.5066932876565012
log-power-percpmusd.mapjitter.klw	Risky first	20.0	2.1949522709664246	p_vertex	0.4794841866968557	0.5013295878211222	0.5232464522109402
log-power-percpmusd.mapjitter.klw	Risky first	20.0	2.256031999116908	p_vertex	0.49548560275325165	0.5175184580781399	0.5394970879648987
log-power-percpmusd.mapjitter.klw	Risky first	20.0	2.3188114148826	p_vertex	0.5110504399674929	0.5332653191696691	0.5553756596822752
log-power-percpmusd.mapjitter.klw	Risky first	20.0	2.3833378160835275	p_vertex	0.5261099912335734	0.5485486599408516	0.5709458142524766
log-power-percpmusd.mapjitter.klw	Risky first	20.0	2.4496598167132055	p_vertex	0.5409241906144044	0.5634850379422118	0.5859544222032985
log-power-percpmusd.mapjitter.klw	Risky first	20.0	2.5178273835642724	p_vertex	0.5550453269807027	0.5779940361130333	0.6006548968744556
log-power-percpmusd.mapjitter.klw	Risky first	20.0	2.58789187387332	p_vertex	0.5687721495108097	0.5919137268186689	0.6149162816806063
log-power-percpmusd.mapjitter.klw	Risky first	20.0	2.659906074013276	p_vertex	0.5818033240021576	0.6054023618952169	0.6285916062293395
log-power-percpmusd.mapjitter.klw	Risky first	20.0	2.7339242392624983	p_vertex	0.594263976666016	0.6183866508400943	0.641741424083282
log-power-percpmusd.mapjitter.klw	Risky first	20.0	2.8100021346805373	p_vertex	0.6064506460891861	0.6308519915552354	0.6543916269225879
log-power-percpmusd.mapjitter.klw	Risky first	20.0	2.8881970771213568	p_vertex	0.6179640459890009	0.6428472466477189	0.6665431134891139
log-power-percpmusd.mapjitter.klw	Risky first	20.0	2.9685679784156793	p_vertex	0.6288542218426522	0.6543328962564483	0.6782137374048302
log-power-percpmusd.mapjitter.klw	Risky first	20.0	3.051175389754982	p_vertex	0.6393768132620974	0.6653590067427112	0.6893775373132178
log-power-percpmusd.mapjitter.klw	Risky first	20.0	3.1360815473105736	p_vertex	0.649356734954951	0.6758322837749049	0.7000760228254701
log-power-percpmusd.mapjitter.klw	Risky first	20.0	3.2233504191221405	p_vertex	0.6589087364773534	0.6857927973372697	0.7103325532283972
log-power-percpmusd.mapjitter.klw	Risky first	20.0	3.31304775329107	p_vertex	0.6679300258752873	0.6952543713768864	0.7199531354701945
log-power-percpmusd.mapjitter.klw	Risky first	20.0	3.40524112751487	p_vertex	0.6764959349538106	0.7042967389353418	0.7293120001743019
log-power-percpmusd.mapjitter.klw	Risky first	20.0	3.5000000000000004	p_vertex	0.6846606630953531	0.7128851568638863	0.7380873330134555
log-power-percpmusd.mapjitter.klw	Risky first	20.0	1.2	p_full	0.16313659072726025	0.1884031538795748	0.21524363048845427
log-power-percpmusd.mapjitter.klw	Risky first	20.0	1.233392832614218	p_full	0.1753662960550238	0.2006891868429117	0.2273367696683405
log-power-percpmusd.mapjitter.klw	Risky first	20.0	1.267714899620104	p_full	0.188236507290559	0.21343639630664912	0.2399356404039659
log-power-percpmusd.mapjitter.klw	Risky first	20.0	1.3029920591580744	p_full	0.20152054875718095	0.2267406245903659	0.25296629806893395
log-power-percpmusd.mapjitter.klw	Risky first	20.0	1.339250888932342	p_full	0.21536488697176392	0.2404806281848965	0.26659397329252166
log-power-percpmusd.mapjitter.klw	Risky first	20.0	1.3765187062344757	p_full	0.2297167216896875	0.2546351557642097	0.2804211535526998
log-power-percpmusd.mapjitter.klw	Risky first	20.0	1.4148235885241658	p_full	0.24445477281828737	0.26926631662205824	0.294652916503886
log-power-percpmusd.mapjitter.klw	Risky first	20.0	1.454194394582695	p_full	0.2596969286787849	0.2842429910271642	0.30912840398677505
log-power-percpmusd.mapjitter.klw	Risky first	20.0	1.4946607862550567	p_full	0.27533834635337545	0.2995126783354303	0.32400282884083537
log-power-percpmusd.mapjitter.klw	Risky first	20.0	1.5362532507970992	p_full	0.2912590371875806	0.31511421260761163	0.3390612245176379
log-power-percpmusd.mapjitter.klw	Risky first	20.0	1.579003123844529	p_full	0.3074944400871704	0.33084381534999363	0.3542823567490702
log-power-percpmusd.mapjitter.klw	Risky first	20.0	1.6229426130210856	p_full	0.32386692733660416	0.34679764125189994	0.3696306858518308
log-power-percpmusd.mapjitter.klw	Risky first	20.0	1.6681048222036647	p_full	0.3403224499892387	0.3628804467497033	0.38541665187188495
log-power-percpmusd.mapjitter.klw	Risky first	20.0	1.714523776462679	p_full	0.35690866513376074	0.3790563132090575	0.4012068076795618
log-power-percpmusd.mapjitter.klw	Risky first	20.0	1.7622344476964418	p_full	0.3736679447192655	0.39524518910557216	0.41709376862535674
log-power-percpmusd.mapjitter.klw	Risky first	20.0	1.8112727809788889	p_full	0.39039046612715833	0.41150787848466774	0.4330431989028117
log-power-percpmusd.mapjitter.klw	Risky first	20.0	1.861675721640487	p_full	0.40701850085888114	0.42764468879817097	0.44887099474982056
log-power-percpmusd.mapjitter.klw	Risky first	20.0	1.9134812431027324	p_full	0.42344471902269043	0.4437602150001648	0.4647594848351718
log-power-percpmusd.mapjitter.klw	Risky first	20.0	1.9667283754872122	p_full	0.4394307348876467	0.45973686136023373	0.4805826682432529
log-power-percpmusd.mapjitter.klw	Risky first	20.0	2.021457235020777	p_full	0.4552208474126132	0.47549475729088425	0.4963094747253662
log-power-percpmusd.mapjitter.klw	Risky first	20.0	2.0777090542589844	p_full	0.47084366695822105	0.4909986450585121	0.5117656311771516
log-power-percpmusd.mapjitter.klw	Risky first	20.0	2.1355262131505808	p_full	0.48618723271774716	0.5063082288346372	0.5269804900570308
log-power-percpmusd.mapjitter.klw	Risky first	20.0	2.1949522709664246	p_full	0.5009763249643442	0.5213287264093875	0.5420770871041684
log-power-percpmusd.mapjitter.klw	Risky first	20.0	2.256031999116908	p_full	0.5155237177793941	0.5360822212232863	0.5569943173053299
log-power-percpmusd.mapjitter.klw	Risky first	20.0	2.3188114148826	p_full	0.5295697159450055	0.5504788664651232	0.5716795584768539
log-power-percpmusd.mapjitter.klw	Risky first	20.0	2.3833378160835275	p_full	0.5433983588643617	0.5645538184596972	0.5861026440904421
log-power-percpmusd.mapjitter.klw	Risky first	20.0	2.4496598167132055	p_full	0.55680285009873	0.5782942619259066	0.5999960960772551
log-power-percpmusd.mapjitter.klw	Risky first	20.0	2.5178273835642724	p_full	0.5697959254904816	0.5916555412459366	0.6138517177987435
log-power-percpmusd.mapjitter.klw	Risky first	20.0	2.58789187387332	p_full	0.5823210276086539	0.604618616780088	0.6271230315347364
log-power-percpmusd.mapjitter.klw	Risky first	20.0	2.659906074013276	p_full	0.5944120066585478	0.6172371055580271	0.6399456310386165
log-power-percpmusd.mapjitter.klw	Risky first	20.0	2.7339242392624983	p_full	0.6060761024507341	0.6294585747085518	0.6524505621942002
log-power-percpmusd.mapjitter.klw	Risky first	20.0	2.8100021346805373	p_full	0.6174612136809927	0.6413118655148236	0.6645476528117513
log-power-percpmusd.mapjitter.klw	Risky first	20.0	2.8881970771213568	p_full	0.6282438452866569	0.6527171799441522	0.6763214159659047
log-power-percpmusd.mapjitter.klw	Risky first	20.0	2.9685679784156793	p_full	0.6388333978880769	0.6637516892909504	0.6876494277830437
log-power-percpmusd.mapjitter.klw	Risky first	20.0	3.051175389754982	p_full	0.6488927772834083	0.6743540920728204	0.6984558647796973
log-power-percpmusd.mapjitter.klw	Risky first	20.0	3.1360815473105736	p_full	0.6585726598470922	0.6845606123296	0.7089771587645982
log-power-percpmusd.mapjitter.klw	Risky first	20.0	3.2233504191221405	p_full	0.6678758550142756	0.6944905478600397	0.7191789759296756
log-power-percpmusd.mapjitter.klw	Risky first	20.0	3.31304775329107	p_full	0.6768091346048867	0.7039783297174181	0.7292068426356128
log-power-percpmusd.mapjitter.klw	Risky first	20.0	3.40524112751487	p_full	0.6854266383508605	0.7131447857512767	0.7387498099442906
log-power-percpmusd.mapjitter.klw	Risky first	20.0	3.5000000000000004	p_full	0.6935920862665766	0.7218987198344833	0.7479195247592709
log-power-percpmusd.mapjitter.klw	Risky first	20.0	1.2	p_bias_only	0.15522131971475922	0.1771293597690728	0.20052330802456478
log-power-percpmusd.mapjitter.klw	Risky first	20.0	1.233392832614218	p_bias_only	0.16746225104917112	0.1894637223248008	0.21280109076788958
log-power-percpmusd.mapjitter.klw	Risky first	20.0	1.267714899620104	p_bias_only	0.18023974605029816	0.2023522535107003	0.2257098719012977
log-power-percpmusd.mapjitter.klw	Risky first	20.0	1.3029920591580744	p_bias_only	0.1935565255016461	0.2157267411325921	0.2390125789334391
log-power-percpmusd.mapjitter.klw	Risky first	20.0	1.339250888932342	p_bias_only	0.20728928423742204	0.22964844985158328	0.25283426334832493
log-power-percpmusd.mapjitter.klw	Risky first	20.0	1.3765187062344757	p_bias_only	0.22172528242072415	0.2440148543554651	0.2672266925179766
log-power-percpmusd.mapjitter.klw	Risky first	20.0	1.4148235885241658	p_bias_only	0.23667799718159072	0.2588581057796706	0.28196197685840974
log-power-percpmusd.mapjitter.klw	Risky first	20.0	1.454194394582695	p_bias_only	0.25197416474168693	0.27410994738758654	0.29706087985576696
log-power-percpmusd.mapjitter.klw	Risky first	20.0	1.4946607862550567	p_bias_only	0.26758630221738705	0.2897730340160223	0.3126922247885848
log-power-percpmusd.mapjitter.klw	Risky first	20.0	1.5362532507970992	p_bias_only	0.2837724111872763	0.3057700394023629	0.3285172666580479
log-power-percpmusd.mapjitter.klw	Risky first	20.0	1.579003123844529	p_bias_only	0.3001865260062388	0.3220703313933698	0.34470144877545666
log-power-percpmusd.mapjitter.klw	Risky first	20.0	1.6229426130210856	p_bias_only	0.3167949826830482	0.3386021145595981	0.3610067176966145
log-power-percpmusd.mapjitter.klw	Risky first	20.0	1.6681048222036647	p_bias_only	0.33364034710497437	0.3553173073747452	0.3775723218621179
log-power-percpmusd.mapjitter.klw	Risky first	20.0	1.714523776462679	p_bias_only	0.35061192355179804	0.37213505345498876	0.3942288117289756
log-power-percpmusd.mapjitter.klw	Risky first	20.0	1.7622344476964418	p_bias_only	0.36765215835942133	0.3890399047442081	0.41094047922365795
log-power-percpmusd.mapjitter.klw	Risky first	20.0	1.8112727809788889	p_bias_only	0.3847152367536212	0.4059342553174863	0.42782935167292074
log-power-percpmusd.mapjitter.klw	Risky first	20.0	1.861675721640487	p_bias_only	0.4016578865766676	0.4227862215088497	0.4446924753494398
log-power-percpmusd.mapjitter.klw	Risky first	20.0	1.9134812431027324	p_bias_only	0.41858677367068714	0.4395152322391519	0.4613830076197711
log-power-percpmusd.mapjitter.klw	Risky first	20.0	1.9667283754872122	p_bias_only	0.4351922326479274	0.4561332201748439	0.47799750990875794
log-power-percpmusd.mapjitter.klw	Risky first	20.0	2.021457235020777	p_bias_only	0.451639429075553	0.47251281204174245	0.4943825326378571
log-power-percpmusd.mapjitter.klw	Risky first	20.0	2.0777090542589844	p_bias_only	0.4677197485464613	0.4887419137701827	0.5106675638839068
log-power-percpmusd.mapjitter.klw	Risky first	20.0	2.1355262131505808	p_bias_only	0.48354576705305424	0.504616453972962	0.5267272875742282
log-power-percpmusd.mapjitter.klw	Risky first	20.0	2.1949522709664246	p_bias_only	0.4988915165857724	0.5201956496392799	0.5424003190824144
log-power-percpmusd.mapjitter.klw	Risky first	20.0	2.256031999116908	p_bias_only	0.5139339863469322	0.535412548220836	0.5577923158590659
log-power-percpmusd.mapjitter.klw	Risky first	20.0	2.3188114148826	p_bias_only	0.5285322596320183	0.5502707867358065	0.5728229942681851
log-power-percpmusd.mapjitter.klw	Risky first	20.0	2.3833378160835275	p_bias_only	0.5428464988525123	0.564803300961831	0.5873505920545359
log-power-percpmusd.mapjitter.klw	Risky first	20.0	2.4496598167132055	p_bias_only	0.5567282402518302	0.5788834020878786	0.6018040458409517
log-power-percpmusd.mapjitter.klw	Risky first	20.0	2.5178273835642724	p_bias_only	0.5701304373418449	0.5925719145168064	0.6157461792241875
log-power-percpmusd.mapjitter.klw	Risky first	20.0	2.58789187387332	p_bias_only	0.5829468787973194	0.605899008999944	0.6292821102284571
log-power-percpmusd.mapjitter.klw	Risky first	20.0	2.659906074013276	p_bias_only	0.5954259365427221	0.6188436187868973	0.6424388275187473
log-power-percpmusd.mapjitter.klw	Risky first	20.0	2.7339242392624983	p_bias_only	0.6075893001892211	0.631399039601579	0.6550626789887125
log-power-percpmusd.mapjitter.klw	Risky first	20.0	2.8100021346805373	p_bias_only	0.6193104015829658	0.6434759310878482	0.6672672130849888
log-power-percpmusd.mapjitter.klw	Risky first	20.0	2.8881970771213568	p_bias_only	0.6305304384732968	0.6551228787596046	0.6791784573463587
log-power-percpmusd.mapjitter.klw	Risky first	20.0	2.9685679784156793	p_bias_only	0.6414482269107702	0.6664023005612099	0.6905533999822582
log-power-percpmusd.mapjitter.klw	Risky first	20.0	3.051175389754982	p_bias_only	0.6519565499258625	0.677272139626438	0.7014402511543958
log-power-percpmusd.mapjitter.klw	Risky first	20.0	3.1360815473105736	p_bias_only	0.6621186592543034	0.6877217563534007	0.7120121817810455
log-power-percpmusd.mapjitter.klw	Risky first	20.0	3.2233504191221405	p_bias_only	0.6719387984592493	0.6977394555237619	0.72220515536747
log-power-percpmusd.mapjitter.klw	Risky first	20.0	3.31304775329107	p_bias_only	0.6812924494990824	0.7074498751201777	0.7320352709069904
log-power-percpmusd.mapjitter.klw	Risky first	20.0	3.40524112751487	p_bias_only	0.6903047955947381	0.7167800023354662	0.7415489478725558
log-power-percpmusd.mapjitter.klw	Risky first	20.0	3.5000000000000004	p_bias_only	0.6988874443794749	0.7257398019692954	0.7508320913807864
log-power-percpmusd.mapjitter.klw	Risky first	20.0	1.2	p_scale_only	0.14493688118959422	0.1672500503825669	0.1911771149367344
log-power-percpmusd.mapjitter.klw	Risky first	20.0	1.233392832614218	p_scale_only	0.15686909447673797	0.17914547894761046	0.20301274307530814
log-power-percpmusd.mapjitter.klw	Risky first	20.0	1.267714899620104	p_scale_only	0.16918358248785342	0.19156718932357278	0.2154133508186553
log-power-percpmusd.mapjitter.klw	Risky first	20.0	1.3029920591580744	p_scale_only	0.1820839549747014	0.20452026876163332	0.2282984239086244
log-power-percpmusd.mapjitter.klw	Risky first	20.0	1.339250888932342	p_scale_only	0.19558511753618274	0.21801322072501939	0.2415988326205549
log-power-percpmusd.mapjitter.klw	Risky first	20.0	1.3765187062344757	p_scale_only	0.20955309127105642	0.23196555660439971	0.2552937962041893
log-power-percpmusd.mapjitter.klw	Risky first	20.0	1.4148235885241658	p_scale_only	0.2240969350540896	0.24632692024271058	0.269458153770149
log-power-percpmusd.mapjitter.klw	Risky first	20.0	1.454194394582695	p_scale_only	0.23912166523868675	0.2611184803361061	0.2840982076659332
log-power-percpmusd.mapjitter.klw	Risky first	20.0	1.4946607862550567	p_scale_only	0.25451721909644925	0.2762841754875137	0.2989470127989213
log-power-percpmusd.mapjitter.klw	Risky first	20.0	1.5362532507970992	p_scale_only	0.2701263670797631	0.2916906489740305	0.31409217537307055
log-power-percpmusd.mapjitter.klw	Risky first	20.0	1.579003123844529	p_scale_only	0.28617831281069905	0.30737237824021807	0.32948178680395307
log-power-percpmusd.mapjitter.klw	Risky first	20.0	1.6229426130210856	p_scale_only	0.3025619371945818	0.3233612523693077	0.3451080789225476
log-power-percpmusd.mapjitter.klw	Risky first	20.0	1.6681048222036647	p_scale_only	0.3190492502080703	0.3396014377112423	0.36107866462757143
log-power-percpmusd.mapjitter.klw	Risky first	20.0	1.714523776462679	p_scale_only	0.3356829460336988	0.35591883311971206	0.3770288334941141
log-power-percpmusd.mapjitter.klw	Risky first	20.0	1.7622344476964418	p_scale_only	0.35221618925108	0.372351160893057	0.39313438845666476
log-power-percpmusd.mapjitter.klw	Risky first	20.0	1.8112727809788889	p_scale_only	0.36881175095305563	0.3887696792011709	0.40931840247701584
log-power-percpmusd.mapjitter.klw	Risky first	20.0	1.861675721640487	p_scale_only	0.38540124012671045	0.40513442423339313	0.4256210525068546
log-power-percpmusd.mapjitter.klw	Risky first	20.0	1.9134812431027324	p_scale_only	0.40172589182904905	0.42147294647409383	0.44181610401286264
log-power-percpmusd.mapjitter.klw	Risky first	20.0	1.9667283754872122	p_scale_only	0.418025845376208	0.43766841080778074	0.4580365642912552
log-power-percpmusd.mapjitter.klw	Risky first	20.0	2.021457235020777	p_scale_only	0.43416455448435803	0.45372718586424604	0.47395458324101875
log-power-percpmusd.mapjitter.klw	Risky first	20.0	2.0777090542589844	p_scale_only	0.4499411000606581	0.469577594065386	0.4899990402070082
log-power-percpmusd.mapjitter.klw	Risky first	20.0	2.1355262131505808	p_scale_only	0.46539662893383155	0.48526326931497205	0.5056524851953038
log-power-percpmusd.mapjitter.klw	Risky first	20.0	2.1949522709664246	p_scale_only	0.4806744679210927	0.500643231428014	0.5210889997409099
log-power-percpmusd.mapjitter.klw	Risky first	20.0	2.256031999116908	p_scale_only	0.4954159106235326	0.515739705579081	0.5366218207926835
log-power-percpmusd.mapjitter.klw	Risky first	20.0	2.3188114148826	p_scale_only	0.5098452646253994	0.5304933874190292	0.5516173287511421
log-power-percpmusd.mapjitter.klw	Risky first	20.0	2.3833378160835275	p_scale_only	0.5240205393943775	0.5448894666678947	0.5662505086168514
log-power-percpmusd.mapjitter.klw	Risky first	20.0	2.4496598167132055	p_scale_only	0.5377049312272584	0.5588895051510328	0.5806857600844058
log-power-percpmusd.mapjitter.klw	Risky first	20.0	2.5178273835642724	p_scale_only	0.5507923569984511	0.5725374656732242	0.5946618064420025
log-power-percpmusd.mapjitter.klw	Risky first	20.0	2.58789187387332	p_scale_only	0.5637449006693185	0.5857746265371451	0.6081816993951967
log-power-percpmusd.mapjitter.klw	Risky first	20.0	2.659906074013276	p_scale_only	0.5761145768416989	0.5986687938720443	0.621195491465666
log-power-percpmusd.mapjitter.klw	Risky first	20.0	2.7339242392624983	p_scale_only	0.5881010524924927	0.6110249723062207	0.6339312612137873
log-power-percpmusd.mapjitter.klw	Risky first	20.0	2.8100021346805373	p_scale_only	0.5994984591732165	0.6230251292395184	0.6462820022649413
log-power-percpmusd.mapjitter.klw	Risky first	20.0	2.8881970771213568	p_scale_only	0.6104927819573338	0.6345179923808715	0.6581088669888453
log-power-percpmusd.mapjitter.klw	Risky first	20.0	2.9685679784156793	p_scale_only	0.6211134952787526	0.6456399823995526	0.6695446064119721
log-power-percpmusd.mapjitter.klw	Risky first	20.0	3.051175389754982	p_scale_only	0.6312771999634419	0.656349139547129	0.6805884967982584
log-power-percpmusd.mapjitter.klw	Risky first	20.0	3.1360815473105736	p_scale_only	0.6410540034192188	0.6665540784148627	0.6909333276533897
log-power-percpmusd.mapjitter.klw	Risky first	20.0	3.2233504191221405	p_scale_only	0.650401033508795	0.6763825855221715	0.7009860139648303
log-power-percpmusd.mapjitter.klw	Risky first	20.0	3.31304775329107	p_scale_only	0.6593518360244304	0.6857454632579683	0.7104823842091212
log-power-percpmusd.mapjitter.klw	Risky first	20.0	3.40524112751487	p_scale_only	0.6677686387228304	0.6947231619433893	0.7197785684103961
log-power-percpmusd.mapjitter.klw	Risky first	20.0	3.5000000000000004	p_scale_only	0.6757471267461217	0.7033089089832983	0.728527062088769
log-power-percpmusd.mapjitter.klw	Risky first	20.0	1.2	dp_full	0.005969693285786779	0.03535084951831997	0.06514371805735321
log-power-percpmusd.mapjitter.klw	Risky first	20.0	1.233392832614218	dp_full	0.006249723717288552	0.036036972333653494	0.06600462501773356
log-power-percpmusd.mapjitter.klw	Risky first	20.0	1.267714899620104	dp_full	0.006615134670735658	0.036566340782493524	0.06691434348408035
log-power-percpmusd.mapjitter.klw	Risky first	20.0	1.3029920591580744	dp_full	0.006944115451516579	0.037008769649184134	0.06754327703808581
log-power-percpmusd.mapjitter.klw	Risky first	20.0	1.339250888932342	dp_full	0.007145223449712013	0.03731856676912945	0.06776224597679784
log-power-percpmusd.mapjitter.klw	Risky first	20.0	1.3765187062344757	dp_full	0.007335378790335614	0.0374570884324964	0.06778754955255847
log-power-percpmusd.mapjitter.klw	Risky first	20.0	1.4148235885241658	dp_full	0.007326472516183339	0.037473532998575115	0.06770577216936645
log-power-percpmusd.mapjitter.klw	Risky first	20.0	1.454194394582695	dp_full	0.007196940871286345	0.037300455499531426	0.0674408911884081
log-power-percpmusd.mapjitter.klw	Risky first	20.0	1.4946607862550567	dp_full	0.007085545554904358	0.03701357450918284	0.06692327446155726
log-power-percpmusd.mapjitter.klw	Risky first	20.0	1.5362532507970992	dp_full	0.006992789740770334	0.03650261701581943	0.06613011307563325
log-power-percpmusd.mapjitter.klw	Risky first	20.0	1.579003123844529	dp_full	0.006850073230617942	0.03583524382270485	0.06509389384035724
log-power-percpmusd.mapjitter.klw	Risky first	20.0	1.6229426130210856	dp_full	0.006414034635984338	0.03497331127714008	0.06379955836812087
log-power-percpmusd.mapjitter.klw	Risky first	20.0	1.6681048222036647	dp_full	0.0060562454430890126	0.03398844742013725	0.06250376873843758
log-power-percpmusd.mapjitter.klw	Risky first	20.0	1.714523776462679	dp_full	0.0053159851339338515	0.032949515819991615	0.06077499412968246
log-power-percpmusd.mapjitter.klw	Risky first	20.0	1.7622344476964418	dp_full	0.0046055084842345035	0.03168328975534129	0.0589935772200624
log-power-percpmusd.mapjitter.klw	Risky first	20.0	1.8112727809788889	dp_full	0.0036785819449418056	0.03034643428736989	0.057149836796639306
log-power-percpmusd.mapjitter.klw	Risky first	20.0	1.861675721640487	dp_full	0.0026273725510315296	0.028958867991723234	0.05522977801746565
log-power-percpmusd.mapjitter.klw	Risky first	20.0	1.9134812431027324	dp_full	0.0015009830646491122	0.02747408282351068	0.0533840720474738
log-power-percpmusd.mapjitter.klw	Risky first	20.0	1.9667283754872122	dp_full	0.00026700753437484167	0.02602804345095565	0.051525976446836805
log-power-percpmusd.mapjitter.klw	Risky first	20.0	2.021457235020777	dp_full	-0.0009888719184629913	0.02451877976673949	0.04977668807245075
log-power-percpmusd.mapjitter.klw	Risky first	20.0	2.0777090542589844	dp_full	-0.0024088105636126977	0.0229742811220209	0.04787265602309863
log-power-percpmusd.mapjitter.klw	Risky first	20.0	2.1355262131505808	dp_full	-0.0036109842628237487	0.021496199322638986	0.046120034770771236
log-power-percpmusd.mapjitter.klw	Risky first	20.0	2.1949522709664246	dp_full	-0.004987441827074533	0.020082451494315957	0.04470375540444064
log-power-percpmusd.mapjitter.klw	Risky first	20.0	2.256031999116908	dp_full	-0.0063171454213269695	0.018724982863083366	0.04324701179915304
log-power-percpmusd.mapjitter.klw	Risky first	20.0	2.3188114148826	dp_full	-0.007683199333949695	0.017369627974032624	0.04202371380849556
log-power-percpmusd.mapjitter.klw	Risky first	20.0	2.3833378160835275	dp_full	-0.009053447883225929	0.01612896713872487	0.04065232899934847
log-power-percpmusd.mapjitter.klw	Risky first	20.0	2.4496598167132055	dp_full	-0.010426481692639714	0.014883923466877587	0.03946517923420423
log-power-percpmusd.mapjitter.klw	Risky first	20.0	2.5178273835642724	dp_full	-0.011923259608543683	0.01374624680413228	0.0385575686840351
log-power-percpmusd.mapjitter.klw	Risky first	20.0	2.58789187387332	dp_full	-0.01323348392831335	0.012757382795111098	0.03806245210105478
log-power-percpmusd.mapjitter.klw	Risky first	20.0	2.659906074013276	dp_full	-0.014511082235894946	0.011943703670902856	0.0375577498316833
log-power-percpmusd.mapjitter.klw	Risky first	20.0	2.7339242392624983	dp_full	-0.015777419285448704	0.011160495281939298	0.03702369918394218
log-power-percpmusd.mapjitter.klw	Risky first	20.0	2.8100021346805373	dp_full	-0.016638581267286113	0.010437431112024241	0.03667711488535125
log-power-percpmusd.mapjitter.klw	Risky first	20.0	2.8881970771213568	dp_full	-0.01761489139188846	0.009850694170992987	0.03648452176900973
log-power-percpmusd.mapjitter.klw	Risky first	20.0	2.9685679784156793	dp_full	-0.018396574524118338	0.009384533143824317	0.03647343736622917
log-power-percpmusd.mapjitter.klw	Risky first	20.0	3.051175389754982	dp_full	-0.01918446996995215	0.009004151142720521	0.03649062388484341
log-power-percpmusd.mapjitter.klw	Risky first	20.0	3.1360815473105736	dp_full	-0.019798998578817294	0.008775557439779463	0.03685476045550303
log-power-percpmusd.mapjitter.klw	Risky first	20.0	3.2233504191221405	dp_full	-0.020384919632434294	0.008698285620027977	0.0373095301243169
log-power-percpmusd.mapjitter.klw	Risky first	20.0	3.31304775329107	dp_full	-0.020773620702019463	0.00867824074365509	0.037814519197315925
log-power-percpmusd.mapjitter.klw	Risky first	20.0	3.40524112751487	dp_full	-0.02104343547228309	0.00873867466461371	0.03846493792992021
log-power-percpmusd.mapjitter.klw	Risky first	20.0	3.5000000000000004	dp_full	-0.021264768298642288	0.008944847675535477	0.03904614590031959
log-power-percpmusd.mapjitter.klw	Risky first	20.0	1.2	dp_bias	0.003680248378196523	0.0241305369788702	0.044956650957675065
log-power-percpmusd.mapjitter.klw	Risky first	20.0	1.233392832614218	dp_bias	0.003929266022202132	0.024825210137234342	0.046199110981746457
log-power-percpmusd.mapjitter.klw	Risky first	20.0	1.267714899620104	dp_bias	0.004111287279407456	0.025422627045189803	0.04730402338330863
log-power-percpmusd.mapjitter.klw	Risky first	20.0	1.3029920591580744	dp_bias	0.004257746254091529	0.025972564875221503	0.04840610801668932
log-power-percpmusd.mapjitter.klw	Risky first	20.0	1.339250888932342	dp_bias	0.004426315477721158	0.026395606005266088	0.049244826854217966
log-power-percpmusd.mapjitter.klw	Risky first	20.0	1.3765187062344757	dp_bias	0.00432422033912133	0.026778122890489482	0.0499371447473363
log-power-percpmusd.mapjitter.klw	Risky first	20.0	1.4148235885241658	dp_bias	0.004347840890141062	0.02703506629189284	0.05060990699459688
log-power-percpmusd.mapjitter.klw	Risky first	20.0	1.454194394582695	dp_bias	0.004228936917538553	0.02718276077027719	0.05110732272795173
log-power-percpmusd.mapjitter.klw	Risky first	20.0	1.4946607862550567	dp_bias	0.004021660194656037	0.027245645437407796	0.051390460595981416
log-power-percpmusd.mapjitter.klw	Risky first	20.0	1.5362532507970992	dp_bias	0.0037305973265253384	0.027192125279233106	0.051611931418280514
log-power-percpmusd.mapjitter.klw	Risky first	20.0	1.579003123844529	dp_bias	0.0035090501672666295	0.026972485950538812	0.051499233451700724
log-power-percpmusd.mapjitter.klw	Risky first	20.0	1.6229426130210856	dp_bias	0.003138356229641509	0.026729620910863307	0.05139986872853421
log-power-percpmusd.mapjitter.klw	Risky first	20.0	1.6681048222036647	dp_bias	0.002655191053024023	0.026342959049177724	0.051172576919456925
log-power-percpmusd.mapjitter.klw	Risky first	20.0	1.714523776462679	dp_bias	0.0020872401820963547	0.025877465749014728	0.05065778230146959
log-power-percpmusd.mapjitter.klw	Risky first	20.0	1.7622344476964418	dp_bias	0.0015108007721387718	0.025317960530255864	0.0500313650550114
log-power-percpmusd.mapjitter.klw	Risky first	20.0	1.8112727809788889	dp_bias	0.0007695001927879213	0.024638652202780074	0.04924982538945266
log-power-percpmusd.mapjitter.klw	Risky first	20.0	1.861675721640487	dp_bias	2.323129381428812e-05	0.023926388290112163	0.04849988986119823
log-power-percpmusd.mapjitter.klw	Risky first	20.0	1.9134812431027324	dp_bias	-0.0008217382522734177	0.02315697650162315	0.04765001924845563
log-power-percpmusd.mapjitter.klw	Risky first	20.0	1.9667283754872122	dp_bias	-0.001671772813911966	0.022303817161446485	0.04682794224802539
log-power-percpmusd.mapjitter.klw	Risky first	20.0	2.021457235020777	dp_bias	-0.0024420076740640138	0.02144918662359876	0.045617183101409345
log-power-percpmusd.mapjitter.klw	Risky first	20.0	2.0777090542589844	dp_bias	-0.0032788464903408133	0.02053811682482764	0.04463697749007271
log-power-percpmusd.mapjitter.klw	Risky first	20.0	2.1355262131505808	dp_bias	-0.004135622798468166	0.019676493098482125	0.04351675838976054
log-power-percpmusd.mapjitter.klw	Risky first	20.0	2.1949522709664246	dp_bias	-0.0050610458758990565	0.018774934597453066	0.042598484983778696
log-power-percpmusd.mapjitter.klw	Risky first	20.0	2.256031999116908	dp_bias	-0.005906099393369106	0.01787490593434006	0.041581210346807715
log-power-percpmusd.mapjitter.klw	Risky first	20.0	2.3188114148826	dp_bias	-0.006914353341372777	0.017020400296755514	0.040646989690244995
log-power-percpmusd.mapjitter.klw	Risky first	20.0	2.3833378160835275	dp_bias	-0.007797017328018347	0.016239577807132477	0.03977076230664056
log-power-percpmusd.mapjitter.klw	Risky first	20.0	2.4496598167132055	dp_bias	-0.00873547474360324	0.015464444251149689	0.039019813078283984
log-power-percpmusd.mapjitter.klw	Risky first	20.0	2.5178273835642724	dp_bias	-0.009525721274149674	0.014749215687783753	0.03838330553975517
log-power-percpmusd.mapjitter.klw	Risky first	20.0	2.58789187387332	dp_bias	-0.010064882959370173	0.01411340182003951	0.037724004445976324
log-power-percpmusd.mapjitter.klw	Risky first	20.0	2.659906074013276	dp_bias	-0.010562389178014499	0.013579675786320463	0.03717711965285693
log-power-percpmusd.mapjitter.klw	Risky first	20.0	2.7339242392624983	dp_bias	-0.011062782887811283	0.013143040904929957	0.0368278943955355
log-power-percpmusd.mapjitter.klw	Risky first	20.0	2.8100021346805373	dp_bias	-0.011562900047954223	0.012695546145166603	0.0364900905002718
log-power-percpmusd.mapjitter.klw	Risky first	20.0	2.8881970771213568	dp_bias	-0.011752915332005807	0.012423215103237104	0.03622126537112416
log-power-percpmusd.mapjitter.klw	Risky first	20.0	2.9685679784156793	dp_bias	-0.012040552813552043	0.012192802955788309	0.03620647283258134
log-power-percpmusd.mapjitter.klw	Risky first	20.0	3.051175389754982	dp_bias	-0.012248614331262403	0.012116377881837052	0.03627629807549519
log-power-percpmusd.mapjitter.klw	Risky first	20.0	3.1360815473105736	dp_bias	-0.012520250506308657	0.012161701118460055	0.03640125079201276
log-power-percpmusd.mapjitter.klw	Risky first	20.0	3.2233504191221405	dp_bias	-0.012585883451641347	0.012192133092167986	0.03667869684378537
log-power-percpmusd.mapjitter.klw	Risky first	20.0	3.31304775329107	dp_bias	-0.01257802479913051	0.01237659631978481	0.03705189224510722
log-power-percpmusd.mapjitter.klw	Risky first	20.0	3.40524112751487	dp_bias	-0.01254734563013576	0.012677704900380535	0.037510471357145636
log-power-percpmusd.mapjitter.klw	Risky first	20.0	3.5000000000000004	dp_bias	-0.012540431413783073	0.012994776424237419	0.03807735807606309
log-power-percpmusd.mapjitter.klw	Risky first	20.0	1.2	dp_scale	-0.001371793011892943	0.014303749600359565	0.030308268554439022
log-power-percpmusd.mapjitter.klw	Risky first	20.0	1.233392832614218	dp_scale	-0.001064673922594797	0.014593607992098495	0.03059643554424542
log-power-percpmusd.mapjitter.klw	Risky first	20.0	1.267714899620104	dp_scale	-0.0007649567540614284	0.014776205805091841	0.03061052271757408
log-power-percpmusd.mapjitter.klw	Risky first	20.0	1.3029920591580744	dp_scale	-0.000497832262138703	0.014903218172297703	0.030662105644958443
log-power-percpmusd.mapjitter.klw	Risky first	20.0	1.339250888932342	dp_scale	-0.0002501337324445788	0.014913009856999053	0.03041603121441614
log-power-percpmusd.mapjitter.klw	Risky first	20.0	1.3765187062344757	dp_scale	-3.205075250833741e-05	0.014828722472213634	0.0300728690087848
log-power-percpmusd.mapjitter.klw	Risky first	20.0	1.4148235885241658	dp_scale	0.00012708278829715207	0.014626776984750432	0.02958085937338277
log-power-percpmusd.mapjitter.klw	Risky first	20.0	1.454194394582695	dp_scale	0.00021931043332947008	0.014280697129724742	0.02883123999208764
log-power-percpmusd.mapjitter.klw	Risky first	20.0	1.4946607862550567	dp_scale	0.00023282053442694447	0.013800645607023302	0.02792548336651445
log-power-percpmusd.mapjitter.klw	Risky first	20.0	1.5362532507970992	dp_scale	0.0001248043436114906	0.013212668820258483	0.026891024938394847
log-power-percpmusd.mapjitter.klw	Risky first	20.0	1.579003123844529	dp_scale	-9.261594112766486e-05	0.012517805041713397	0.025636918652273275
log-power-percpmusd.mapjitter.klw	Risky first	20.0	1.6229426130210856	dp_scale	-0.0003248055064609759	0.011706158637682616	0.024309027373987834
log-power-percpmusd.mapjitter.klw	Risky first	20.0	1.6681048222036647	dp_scale	-0.0006325303973980948	0.010763452620063098	0.02279719883059757
log-power-percpmusd.mapjitter.klw	Risky first	20.0	1.714523776462679	dp_scale	-0.0010547603957523732	0.009735653826276081	0.021164161017986422
log-power-percpmusd.mapjitter.klw	Risky first	20.0	1.7622344476964418	dp_scale	-0.0014073214525290227	0.008656150718901714	0.019501268862372703
log-power-percpmusd.mapjitter.klw	Risky first	20.0	1.8112727809788889	dp_scale	-0.0020882371533446336	0.007504650369749111	0.017828589090484334
log-power-percpmusd.mapjitter.klw	Risky first	20.0	1.861675721640487	dp_scale	-0.0028058766119090383	0.006326085610939081	0.01603454835670098
log-power-percpmusd.mapjitter.klw	Risky first	20.0	1.9134812431027324	dp_scale	-0.0037269232792237275	0.005137726708417184	0.014276758284975204
log-power-percpmusd.mapjitter.klw	Risky first	20.0	1.9667283754872122	dp_scale	-0.004689721139470644	0.003938463018081958	0.012654923514034104
log-power-percpmusd.mapjitter.klw	Risky first	20.0	2.021457235020777	dp_scale	-0.005908041906816668	0.002754862110820693	0.01119901603696134
log-power-percpmusd.mapjitter.klw	Risky first	20.0	2.0777090542589844	dp_scale	-0.007182782417232313	0.001597318407601038	0.009869070349921282
log-power-percpmusd.mapjitter.klw	Risky first	20.0	2.1355262131505808	dp_scale	-0.008436158544084117	0.0004772165184690646	0.008693680390866074
log-power-percpmusd.mapjitter.klw	Risky first	20.0	2.1949522709664246	dp_scale	-0.009841449843157225	-0.0006065939190846527	0.0076385693462791135
log-power-percpmusd.mapjitter.klw	Risky first	20.0	2.256031999116908	dp_scale	-0.011215985971695638	-0.0016215017463356422	0.006743702173459166
log-power-percpmusd.mapjitter.klw	Risky first	20.0	2.3188114148826	dp_scale	-0.01257737073635023	-0.0025691535409946443	0.0059712064109119665
log-power-percpmusd.mapjitter.klw	Risky first	20.0	2.3833378160835275	dp_scale	-0.013914000847144635	-0.003466526583729178	0.005304629260464907
log-power-percpmusd.mapjitter.klw	Risky first	20.0	2.4496598167132055	dp_scale	-0.015139201945155384	-0.004335640298668387	0.004753940174323954
log-power-percpmusd.mapjitter.klw	Risky first	20.0	2.5178273835642724	dp_scale	-0.016282397752212366	-0.005109121528378786	0.004323074049547383
log-power-percpmusd.mapjitter.klw	Risky first	20.0	2.58789187387332	dp_scale	-0.01730856651461055	-0.005803171567785072	0.0040016933197482415
log-power-percpmusd.mapjitter.klw	Risky first	20.0	2.659906074013276	dp_scale	-0.01834544406861341	-0.006425484083935065	0.0036862819957897866
log-power-percpmusd.mapjitter.klw	Risky first	20.0	2.7339242392624983	dp_scale	-0.01933691600739974	-0.007001549767941224	0.0035110340997516966
log-power-percpmusd.mapjitter.klw	Risky first	20.0	2.8100021346805373	dp_scale	-0.020170174337526638	-0.00752951682352756	0.003325795202166487
log-power-percpmusd.mapjitter.klw	Risky first	20.0	2.8881970771213568	dp_scale	-0.02089060579953539	-0.00796442451443407	0.003174096566021981
log-power-percpmusd.mapjitter.klw	Risky first	20.0	2.9685679784156793	dp_scale	-0.02155457223502813	-0.008351925957777171	0.003095132896285638
log-power-percpmusd.mapjitter.klw	Risky first	20.0	3.051175389754982	dp_scale	-0.0220730141883368	-0.008654000649789169	0.003097108573043827
log-power-percpmusd.mapjitter.klw	Risky first	20.0	3.1360815473105736	dp_scale	-0.022501805169911418	-0.008886936609837321	0.003137669400159669
log-power-percpmusd.mapjitter.klw	Risky first	20.0	3.2233504191221405	dp_scale	-0.022870786181928435	-0.009084061040234404	0.003134410657198422
log-power-percpmusd.mapjitter.klw	Risky first	20.0	3.31304775329107	dp_scale	-0.023070036653205592	-0.009218275567897624	0.00306664433050715
log-power-percpmusd.mapjitter.klw	Risky first	20.0	3.40524112751487	dp_scale	-0.023242361592935225	-0.009309670688444651	0.003050976738254614
log-power-percpmusd.mapjitter.klw	Risky first	20.0	3.5000000000000004	dp_scale	-0.02335494771352482	-0.009345833859075886	0.0030738100081972634
log-power-percpmusd.mapjitter.klw	Risky first	20.0	1.2	dp_interaction	-0.008355375931964327	-0.002740298262277478	0.0004933951701248154
log-power-percpmusd.mapjitter.klw	Risky first	20.0	1.233392832614218	dp_interaction	-0.008882877459902837	-0.003032762599365847	0.0003249800902544414
log-power-percpmusd.mapjitter.klw	Risky first	20.0	1.267714899620104	dp_interaction	-0.00930823112465999	-0.0033086267431749936	0.00020930923400692045
log-power-percpmusd.mapjitter.klw	Risky first	20.0	1.3029920591580744	dp_interaction	-0.009641741493016255	-0.003530975451072286	0.00012013966213878919
log-power-percpmusd.mapjitter.klw	Risky first	20.0	1.339250888932342	dp_interaction	-0.009916752185034215	-0.0037149897043962108	5.3674132313406794e-05
log-power-percpmusd.mapjitter.klw	Risky first	20.0	1.3765187062344757	dp_interaction	-0.010115416150558613	-0.0038421920271653246	1.7346710641140107e-05
log-power-percpmusd.mapjitter.klw	Risky first	20.0	1.4148235885241658	dp_interaction	-0.010236187434126517	-0.003924890587403381	2.846573074760764e-06
log-power-percpmusd.mapjitter.klw	Risky first	20.0	1.454194394582695	dp_interaction	-0.010198699207864308	-0.003942638413756086	2.3846887151586485e-05
log-power-percpmusd.mapjitter.klw	Risky first	20.0	1.4946607862550567	dp_interaction	-0.010097800304917788	-0.003890478714809338	6.489561567874741e-05
log-power-percpmusd.mapjitter.klw	Risky first	20.0	1.5362532507970992	dp_interaction	-0.009884031705909487	-0.0037844418320167107	0.00016405472401506644
log-power-percpmusd.mapjitter.klw	Risky first	20.0	1.579003123844529	dp_interaction	-0.009567406581135387	-0.0036008126217657995	0.0003070438740010842
log-power-percpmusd.mapjitter.klw	Risky first	20.0	1.6229426130210856	dp_interaction	-0.009178178425194096	-0.0033552866172388606	0.0005407357143309917
log-power-percpmusd.mapjitter.klw	Risky first	20.0	1.6681048222036647	dp_interaction	-0.00873576767773103	-0.0030577094155017923	0.0008016536471885616
log-power-percpmusd.mapjitter.klw	Risky first	20.0	1.714523776462679	dp_interaction	-0.008262925217076994	-0.0027133726704941627	0.0011833016961257466
log-power-percpmusd.mapjitter.klw	Risky first	20.0	1.7622344476964418	dp_interaction	-0.007701627436634054	-0.0023061776361266986	0.0016314278751563174
log-power-percpmusd.mapjitter.klw	Risky first	20.0	1.8112727809788889	dp_interaction	-0.007083619261622971	-0.0018676331950365772	0.0021576259538551293
log-power-percpmusd.mapjitter.klw	Risky first	20.0	1.861675721640487	dp_interaction	-0.006520258020921127	-0.0013936293230310082	0.00278739652720161
log-power-percpmusd.mapjitter.klw	Risky first	20.0	1.9134812431027324	dp_interaction	-0.005967818137903057	-0.000886298583316524	0.003497166098859859
log-power-percpmusd.mapjitter.klw	Risky first	20.0	1.9667283754872122	dp_interaction	-0.005377904190165726	-0.00037303048608173346	0.004320709614622819
log-power-percpmusd.mapjitter.klw	Risky first	20.0	2.021457235020777	dp_interaction	-0.0048327286780602725	0.00014515133743553675	0.005167884893659614
log-power-percpmusd.mapjitter.klw	Risky first	20.0	2.0777090542589844	dp_interaction	-0.004324457169667619	0.0006783926785334265	0.0060710438240963675
log-power-percpmusd.mapjitter.klw	Risky first	20.0	2.1355262131505808	dp_interaction	-0.003868864682039511	0.0012083768871861025	0.006973119356118647
log-power-percpmusd.mapjitter.klw	Risky first	20.0	2.1949522709664246	dp_interaction	-0.0034392612923706332	0.0017438422728911734	0.007833597056584637
log-power-percpmusd.mapjitter.klw	Risky first	20.0	2.256031999116908	dp_interaction	-0.003042020806370323	0.002259172938754297	0.0086931488684035
log-power-percpmusd.mapjitter.klw	Risky first	20.0	2.3188114148826	dp_interaction	-0.0026596913982932595	0.002753251281799836	0.009544855775134127
log-power-percpmusd.mapjitter.klw	Risky first	20.0	2.3833378160835275	dp_interaction	-0.0023010609619947536	0.0032333596809896573	0.010356796993783881
log-power-percpmusd.mapjitter.klw	Risky first	20.0	2.4496598167132055	dp_interaction	-0.0019950791228726347	0.0036577967277256216	0.011073453262287173
log-power-percpmusd.mapjitter.klw	Risky first	20.0	2.5178273835642724	dp_interaction	-0.0017637465220043838	0.004046162574913509	0.01177338009997362
log-power-percpmusd.mapjitter.klw	Risky first	20.0	2.58789187387332	dp_interaction	-0.0015391731875303318	0.004405228607162543	0.01239073469472232
log-power-percpmusd.mapjitter.klw	Risky first	20.0	2.659906074013276	dp_interaction	-0.0013327035114551328	0.004706646257407444	0.012929501874691872
log-power-percpmusd.mapjitter.klw	Risky first	20.0	2.7339242392624983	dp_interaction	-0.0011867797327675294	0.0049580886280736515	0.013428480534894717
log-power-percpmusd.mapjitter.klw	Risky first	20.0	2.8100021346805373	dp_interaction	-0.0010768976708667756	0.0051694919586888835	0.013866993083670951
log-power-percpmusd.mapjitter.klw	Risky first	20.0	2.8881970771213568	dp_interaction	-0.0009973388506099535	0.005327857252259354	0.014162258662667083
log-power-percpmusd.mapjitter.klw	Risky first	20.0	2.9685679784156793	dp_interaction	-0.0009286233056507169	0.005445615339095657	0.014436642174919018
log-power-percpmusd.mapjitter.klw	Risky first	20.0	3.051175389754982	dp_interaction	-0.0009287601474736268	0.005513647007924763	0.014682807449336583
log-power-percpmusd.mapjitter.klw	Risky first	20.0	3.1360815473105736	dp_interaction	-0.0009764469977929568	0.005533938161284313	0.014747925382465605
log-power-percpmusd.mapjitter.klw	Risky first	20.0	3.2233504191221405	dp_interaction	-0.0010003059814790263	0.0054898286275645945	0.01481533600275658
log-power-percpmusd.mapjitter.klw	Risky first	20.0	3.31304775329107	dp_interaction	-0.0010812638707889152	0.005411297080969572	0.01489032340332088
log-power-percpmusd.mapjitter.klw	Risky first	20.0	3.40524112751487	dp_interaction	-0.0011414260378670266	0.005298199636227423	0.01491333111156443
log-power-percpmusd.mapjitter.klw	Risky first	20.0	3.5000000000000004	dp_interaction	-0.0012508833593051114	0.005141731463536926	0.014806631229898075
log-power-percpmusd.mapjitter.klw	Risky first	20.0	1.2	num_shift	0.004868652482793295	0.035105640910654025	0.06655425391490671
log-power-percpmusd.mapjitter.klw	Risky first	20.0	1.233392832614218	num_shift	0.004608623954516159	0.034556105197324105	0.06555733620576217
log-power-percpmusd.mapjitter.klw	Risky first	20.0	1.267714899620104	num_shift	0.004472563253193971	0.03404952820554565	0.06459744123180268
log-power-percpmusd.mapjitter.klw	Risky first	20.0	1.3029920591580744	num_shift	0.004296865296440031	0.033529940922789624	0.06351436943355374
log-power-percpmusd.mapjitter.klw	Risky first	20.0	1.339250888932342	num_shift	0.004024243109175718	0.03306683991240153	0.06279317089934303
log-power-percpmusd.mapjitter.klw	Risky first	20.0	1.3765187062344757	num_shift	0.003972471747860834	0.03264998281045457	0.06202495063489569
log-power-percpmusd.mapjitter.klw	Risky first	20.0	1.4148235885241658	num_shift	0.003827225915142155	0.03217358322578197	0.06124154381967657
log-power-percpmusd.mapjitter.klw	Risky first	20.0	1.454194394582695	num_shift	0.003764977967334489	0.031762562705008185	0.060509115054207606
log-power-percpmusd.mapjitter.klw	Risky first	20.0	1.4946607862550567	num_shift	0.003665412426583084	0.03131237487294006	0.05994077488622869
log-power-percpmusd.mapjitter.klw	Risky first	20.0	1.5362532507970992	num_shift	0.0035350611285701033	0.030948171957756405	0.059355932878584636
log-power-percpmusd.mapjitter.klw	Risky first	20.0	1.579003123844529	num_shift	0.003301624845450785	0.030603054785743388	0.05867266793829081
log-power-percpmusd.mapjitter.klw	Risky first	20.0	1.6229426130210856	num_shift	0.003131565606181754	0.030263625011932322	0.058135033125482606
log-power-percpmusd.mapjitter.klw	Risky first	20.0	1.6681048222036647	num_shift	0.002874183188493952	0.029912819064790035	0.05763172853317769
log-power-percpmusd.mapjitter.klw	Risky first	20.0	1.714523776462679	num_shift	0.002536229641493132	0.02956566816535216	0.05710636931523566
log-power-percpmusd.mapjitter.klw	Risky first	20.0	1.7622344476964418	num_shift	0.0023526328337325425	0.02924940375103518	0.0566904046969188
log-power-percpmusd.mapjitter.klw	Risky first	20.0	1.8112727809788889	num_shift	0.0021334805969003678	0.028958521939753845	0.0562220709205333
log-power-percpmusd.mapjitter.klw	Risky first	20.0	1.861675721640487	num_shift	0.0018061052565990405	0.02868952511757799	0.05601156521389224
log-power-percpmusd.mapjitter.klw	Risky first	20.0	1.9134812431027324	num_shift	0.0013354845476092868	0.028519546043033358	0.055798790711656436
log-power-percpmusd.mapjitter.klw	Risky first	20.0	1.9667283754872122	num_shift	0.0009430667717389046	0.028308704725538914	0.055626834978296534
log-power-percpmusd.mapjitter.klw	Risky first	20.0	2.021457235020777	num_shift	0.0004889242176673715	0.028172924875245725	0.05546092273096002
log-power-percpmusd.mapjitter.klw	Risky first	20.0	2.0777090542589844	num_shift	0.00019899686801009393	0.027966730033844714	0.05538766447617804
log-power-percpmusd.mapjitter.klw	Risky first	20.0	2.1355262131505808	num_shift	-9.216502645789807e-05	0.027801206863498813	0.05542118159410951
log-power-percpmusd.mapjitter.klw	Risky first	20.0	2.1949522709664246	num_shift	-0.0004685743368830215	0.027641450808263367	0.055530095009795326
log-power-percpmusd.mapjitter.klw	Risky first	20.0	2.256031999116908	num_shift	-0.00097966254436501	0.027510684093611376	0.05577294075746443
log-power-percpmusd.mapjitter.klw	Risky first	20.0	2.3188114148826	num_shift	-0.0015057254993588367	0.027432591317997863	0.05608050981323702
log-power-percpmusd.mapjitter.klw	Risky first	20.0	2.3833378160835275	num_shift	-0.0019640319973705765	0.027403136213328762	0.05650505952230696
log-power-percpmusd.mapjitter.klw	Risky first	20.0	2.4496598167132055	num_shift	-0.0023796766014700164	0.02729056555513569	0.057079607129254896
log-power-percpmusd.mapjitter.klw	Risky first	20.0	2.5178273835642724	num_shift	-0.002897841482032349	0.02725666677662499	0.05763760281810664
log-power-percpmusd.mapjitter.klw	Risky first	20.0	2.58789187387332	num_shift	-0.003343607724684586	0.027280253082293204	0.058379392753730684
log-power-percpmusd.mapjitter.klw	Risky first	20.0	2.659906074013276	num_shift	-0.004035917989270439	0.027380000735575963	0.05903826948096252
log-power-percpmusd.mapjitter.klw	Risky first	20.0	2.7339242392624983	num_shift	-0.00485827594808162	0.027442666449172506	0.059923645668773465
log-power-percpmusd.mapjitter.klw	Risky first	20.0	2.8100021346805373	num_shift	-0.005750227914437358	0.027526357633590803	0.06072734498840552
log-power-percpmusd.mapjitter.klw	Risky first	20.0	2.8881970771213568	num_shift	-0.006571500475912815	0.027593512874898675	0.06180153744986114
log-power-percpmusd.mapjitter.klw	Risky first	20.0	2.9685679784156793	num_shift	-0.007622699956900974	0.02773125387806586	0.06274118846829739
log-power-percpmusd.mapjitter.klw	Risky first	20.0	3.051175389754982	num_shift	-0.008561928904526518	0.02789175193811972	0.06373830926678334
log-power-percpmusd.mapjitter.klw	Risky first	20.0	3.1360815473105736	num_shift	-0.009479031801409174	0.02803693826114128	0.06508107774259114
log-power-percpmusd.mapjitter.klw	Risky first	20.0	3.2233504191221405	num_shift	-0.010388760459171567	0.0282371210115294	0.06657877422691852
log-power-percpmusd.mapjitter.klw	Risky first	20.0	3.31304775329107	num_shift	-0.01155962812405987	0.028504538659465756	0.06814362609725333
log-power-percpmusd.mapjitter.klw	Risky first	20.0	3.40524112751487	num_shift	-0.012645240536388207	0.02874045015703082	0.0697333626062512
log-power-percpmusd.mapjitter.klw	Risky first	20.0	3.5000000000000004	num_shift	-0.013921630009178043	0.029044631498749557	0.07146254560542124
log-power-percpmusd.mapjitter.klw	Risky first	20.0	1.2	den_ratio	1.001553854767661	1.0956916006071253	1.1982023862692504
log-power-percpmusd.mapjitter.klw	Risky first	20.0	1.233392832614218	den_ratio	1.0012102332331552	1.0951956629582245	1.1976516440653928
log-power-percpmusd.mapjitter.klw	Risky first	20.0	1.267714899620104	den_ratio	1.0005514858383977	1.0947740674808597	1.197268104800178
log-power-percpmusd.mapjitter.klw	Risky first	20.0	1.3029920591580744	den_ratio	1.0001817305527825	1.0942167300373522	1.1967648045213548
log-power-percpmusd.mapjitter.klw	Risky first	20.0	1.339250888932342	den_ratio	0.9995361331432582	1.0936058880527209	1.1961623441322746
log-power-percpmusd.mapjitter.klw	Risky first	20.0	1.3765187062344757	den_ratio	0.998982059480814	1.0930272720570464	1.195452573370972
log-power-percpmusd.mapjitter.klw	Risky first	20.0	1.4148235885241658	den_ratio	0.9984260157064848	1.092606842355098	1.1950918171672449
log-power-percpmusd.mapjitter.klw	Risky first	20.0	1.454194394582695	den_ratio	0.9979849559020885	1.0920555607817195	1.1948247126579599
log-power-percpmusd.mapjitter.klw	Risky first	20.0	1.4946607862550567	den_ratio	0.9974326251228536	1.0914358410618032	1.1943225826674095
log-power-percpmusd.mapjitter.klw	Risky first	20.0	1.5362532507970992	den_ratio	0.9967569699068054	1.0909863827580182	1.1941023387059668
log-power-percpmusd.mapjitter.klw	Risky first	20.0	1.579003123844529	den_ratio	0.9961015754109498	1.090456942326044	1.1935157737816415
log-power-percpmusd.mapjitter.klw	Risky first	20.0	1.6229426130210856	den_ratio	0.9952445413960261	1.0899450252709655	1.1931819033617044
log-power-percpmusd.mapjitter.klw	Risky first	20.0	1.6681048222036647	den_ratio	0.9945605268167741	1.089347064261604	1.1930410979763109
log-power-percpmusd.mapjitter.klw	Risky first	20.0	1.714523776462679	den_ratio	0.9935249466150143	1.0887883951764623	1.1927238972355878
log-power-percpmusd.mapjitter.klw	Risky first	20.0	1.7622344476964418	den_ratio	0.9929877718811533	1.0881864259732046	1.192260418130481
log-power-percpmusd.mapjitter.klw	Risky first	20.0	1.8112727809788889	den_ratio	0.9919548426257836	1.0876135423468667	1.1921655992777516
log-power-percpmusd.mapjitter.klw	Risky first	20.0	1.861675721640487	den_ratio	0.9910565493691877	1.086973530572767	1.191893312677047
log-power-percpmusd.mapjitter.klw	Risky first	20.0	1.9134812431027324	den_ratio	0.9898688628434884	1.0863528995715086	1.1920020259458872
log-power-percpmusd.mapjitter.klw	Risky first	20.0	1.9667283754872122	den_ratio	0.9888342700708951	1.0856647863869764	1.191877108373029
log-power-percpmusd.mapjitter.klw	Risky first	20.0	2.021457235020777	den_ratio	0.9878254780776397	1.0851290294245748	1.191709632523831
log-power-percpmusd.mapjitter.klw	Risky first	20.0	2.0777090542589844	den_ratio	0.9867471302211943	1.084438340833613	1.1917644760380857
log-power-percpmusd.mapjitter.klw	Risky first	20.0	2.1355262131505808	den_ratio	0.9855084172891215	1.0836927073093148	1.1914876399290686
log-power-percpmusd.mapjitter.klw	Risky first	20.0	2.1949522709664246	den_ratio	0.9845403095684244	1.083018005855747	1.191277382936632
log-power-percpmusd.mapjitter.klw	Risky first	20.0	2.256031999116908	den_ratio	0.9832374439225303	1.0823658667280693	1.1909458929833754
log-power-percpmusd.mapjitter.klw	Risky first	20.0	2.3188114148826	den_ratio	0.9820454714446466	1.0817684593046684	1.1906221203498897
log-power-percpmusd.mapjitter.klw	Risky first	20.0	2.3833378160835275	den_ratio	0.9807556930042728	1.081182878161979	1.1904678516794838
log-power-percpmusd.mapjitter.klw	Risky first	20.0	2.4496598167132055	den_ratio	0.9796414279497168	1.0805787169882493	1.1903672082438133
log-power-percpmusd.mapjitter.klw	Risky first	20.0	2.5178273835642724	den_ratio	0.978320181021145	1.0799920697476821	1.1907175566756216
log-power-percpmusd.mapjitter.klw	Risky first	20.0	2.58789187387332	den_ratio	0.9770596934628061	1.0793017679551187	1.1907708523073868
log-power-percpmusd.mapjitter.klw	Risky first	20.0	2.659906074013276	den_ratio	0.9757067420705786	1.0786889616403363	1.1903338313845844
log-power-percpmusd.mapjitter.klw	Risky first	20.0	2.7339242392624983	den_ratio	0.9746242319196345	1.078007032768183	1.1904560445353927
log-power-percpmusd.mapjitter.klw	Risky first	20.0	2.8100021346805373	den_ratio	0.9730230635074953	1.0773520535441012	1.1905873796873367
log-power-percpmusd.mapjitter.klw	Risky first	20.0	2.8881970771213568	den_ratio	0.9715483428937143	1.0767667783259909	1.190800630261733
log-power-percpmusd.mapjitter.klw	Risky first	20.0	2.9685679784156793	den_ratio	0.9702390432754119	1.0761189970871419	1.1908556352942998
log-power-percpmusd.mapjitter.klw	Risky first	20.0	3.051175389754982	den_ratio	0.9693849725453366	1.0754081989113367	1.1907083820409579
log-power-percpmusd.mapjitter.klw	Risky first	20.0	3.1360815473105736	den_ratio	0.9674179574799985	1.0746613697119674	1.1907625391388637
log-power-percpmusd.mapjitter.klw	Risky first	20.0	3.2233504191221405	den_ratio	0.9660191583308578	1.0739581974513963	1.1907775585566955
log-power-percpmusd.mapjitter.klw	Risky first	20.0	3.31304775329107	den_ratio	0.9646247218666488	1.0731220162164719	1.1908130743915915
log-power-percpmusd.mapjitter.klw	Risky first	20.0	3.40524112751487	den_ratio	0.9635683522921265	1.0725266988420463	1.191039276317232
log-power-percpmusd.mapjitter.klw	Risky first	20.0	3.5000000000000004	den_ratio	0.9617951607842439	1.0719964513968772	1.1911320732000126
log-power-percpmusd.mapjitter.klw	Risky first	28.0	1.2	p_vertex	0.12522485288589416	0.14989106732392038	0.1775103199955761
log-power-percpmusd.mapjitter.klw	Risky first	28.0	1.233392832614218	p_vertex	0.13537791794634155	0.16051316346142014	0.18838990796245714
log-power-percpmusd.mapjitter.klw	Risky first	28.0	1.267714899620104	p_vertex	0.14614878205014128	0.17169029928959667	0.1996188358014325
log-power-percpmusd.mapjitter.klw	Risky first	28.0	1.3029920591580744	p_vertex	0.15743060130504236	0.18331857607145433	0.21147544571436583
log-power-percpmusd.mapjitter.klw	Risky first	28.0	1.339250888932342	p_vertex	0.1693117980751876	0.19539054067437153	0.22365149927052408
log-power-percpmusd.mapjitter.klw	Risky first	28.0	1.3765187062344757	p_vertex	0.18180534738088047	0.20798637734962835	0.2362204501681277
log-power-percpmusd.mapjitter.klw	Risky first	28.0	1.4148235885241658	p_vertex	0.19465186709544027	0.22096719699702572	0.24925104851965355
log-power-percpmusd.mapjitter.klw	Risky first	28.0	1.454194394582695	p_vertex	0.20820287001771381	0.23436229172462394	0.26256143831489676
log-power-percpmusd.mapjitter.klw	Risky first	28.0	1.4946607862550567	p_vertex	0.22201623869930004	0.24813713579078744	0.2761366503860814
log-power-percpmusd.mapjitter.klw	Risky first	28.0	1.5362532507970992	p_vertex	0.23618416127126887	0.262329148170812	0.2901469401107173
log-power-percpmusd.mapjitter.klw	Risky first	28.0	1.579003123844529	p_vertex	0.25083836769519136	0.276822896469622	0.3043932298605868
log-power-percpmusd.mapjitter.klw	Risky first	28.0	1.6229426130210856	p_vertex	0.2659377261844822	0.291647927436508	0.31891541955196806
log-power-percpmusd.mapjitter.klw	Risky first	28.0	1.6681048222036647	p_vertex	0.28118667392815627	0.30665476232381417	0.33360691719335855
log-power-percpmusd.mapjitter.klw	Risky first	28.0	1.714523776462679	p_vertex	0.29664195298694457	0.32181996620007985	0.3484689708903209
log-power-percpmusd.mapjitter.klw	Risky first	28.0	1.7622344476964418	p_vertex	0.3123033186025376	0.3371548858143702	0.3632873516728441
log-power-percpmusd.mapjitter.klw	Risky first	28.0	1.8112727809788889	p_vertex	0.3278975637698588	0.35265214165310643	0.3784062031727005
log-power-percpmusd.mapjitter.klw	Risky first	28.0	1.861675721640487	p_vertex	0.3434328815603173	0.36819450737626425	0.3939017022300095
log-power-percpmusd.mapjitter.klw	Risky first	28.0	1.9134812431027324	p_vertex	0.3591021033601721	0.3836769317776043	0.40934321729247086
log-power-percpmusd.mapjitter.klw	Risky first	28.0	1.9667283754872122	p_vertex	0.3745496566781059	0.3991664825665704	0.4247271061945841
log-power-percpmusd.mapjitter.klw	Risky first	28.0	2.021457235020777	p_vertex	0.3897519274976756	0.41443320637405523	0.4400269349118508
log-power-percpmusd.mapjitter.klw	Risky first	28.0	2.0777090542589844	p_vertex	0.4047423125987593	0.42962799016609554	0.45522628604566096
log-power-percpmusd.mapjitter.klw	Risky first	28.0	2.1355262131505808	p_vertex	0.41948166214864263	0.4445970025901762	0.47044873344044785
log-power-percpmusd.mapjitter.klw	Risky first	28.0	2.1949522709664246	p_vertex	0.4338605796686377	0.45933190323317075	0.48547617469765597
log-power-percpmusd.mapjitter.klw	Risky first	28.0	2.256031999116908	p_vertex	0.4478987935433584	0.4737434596230964	0.50034322391531
log-power-percpmusd.mapjitter.klw	Risky first	28.0	2.3188114148826	p_vertex	0.4614776609776257	0.48790584684445143	0.5150596542741329
log-power-percpmusd.mapjitter.klw	Risky first	28.0	2.3833378160835275	p_vertex	0.47485090067474556	0.5016881452600273	0.5294623278665196
log-power-percpmusd.mapjitter.klw	Risky first	28.0	2.4496598167132055	p_vertex	0.4876550205848227	0.5150236588640984	0.5433492743759182
log-power-percpmusd.mapjitter.klw	Risky first	28.0	2.5178273835642724	p_vertex	0.49996388425240224	0.5280719562443592	0.556824784982738
log-power-percpmusd.mapjitter.klw	Risky first	28.0	2.58789187387332	p_vertex	0.5118075841316505	0.5406909458870081	0.5699570785319318
log-power-percpmusd.mapjitter.klw	Risky first	28.0	2.659906074013276	p_vertex	0.5231863048463488	0.5528254478200949	0.5826546060219444
log-power-percpmusd.mapjitter.klw	Risky first	28.0	2.7339242392624983	p_vertex	0.5341449318059541	0.5645967504331112	0.5950487935227857
log-power-percpmusd.mapjitter.klw	Risky first	28.0	2.8100021346805373	p_vertex	0.5446931255056019	0.575979226532116	0.6069398696554419
log-power-percpmusd.mapjitter.klw	Risky first	28.0	2.8881970771213568	p_vertex	0.5549506872766836	0.5868318701506934	0.6181869577479887
log-power-percpmusd.mapjitter.klw	Risky first	28.0	2.9685679784156793	p_vertex	0.5646724982493887	0.5973214160161392	0.6291682688078962
log-power-percpmusd.mapjitter.klw	Risky first	28.0	3.051175389754982	p_vertex	0.5739310534558539	0.6073777969382933	0.6394383705981663
log-power-percpmusd.mapjitter.klw	Risky first	28.0	3.1360815473105736	p_vertex	0.5828386162164901	0.6168936921402095	0.6496990638129616
log-power-percpmusd.mapjitter.klw	Risky first	28.0	3.2233504191221405	p_vertex	0.5912152509653564	0.6260408941086101	0.6591831350452775
log-power-percpmusd.mapjitter.klw	Risky first	28.0	3.31304775329107	p_vertex	0.5994056431574263	0.634829365188073	0.6683605771862199
log-power-percpmusd.mapjitter.klw	Risky first	28.0	3.40524112751487	p_vertex	0.6070736526673908	0.6432176203045119	0.6770403483878124
log-power-percpmusd.mapjitter.klw	Risky first	28.0	3.5000000000000004	p_vertex	0.6141873490454979	0.6511683012817083	0.685431042469638
log-power-percpmusd.mapjitter.klw	Risky first	28.0	1.2	p_full	0.15252409575433346	0.1801638146387358	0.21007036286688377
log-power-percpmusd.mapjitter.klw	Risky first	28.0	1.233392832614218	p_full	0.16366174761210744	0.1914112054107793	0.22131212175654177
log-power-percpmusd.mapjitter.klw	Risky first	28.0	1.267714899620104	p_full	0.17503505199425637	0.2030930314782031	0.2328915482957832
log-power-percpmusd.mapjitter.klw	Risky first	28.0	1.3029920591580744	p_full	0.18697658696406286	0.2152016697849446	0.24488139612719698
log-power-percpmusd.mapjitter.klw	Risky first	28.0	1.339250888932342	p_full	0.19925478830394242	0.22760805049105914	0.25729600524374513
log-power-percpmusd.mapjitter.klw	Risky first	28.0	1.3765187062344757	p_full	0.21213060359178165	0.24035227409461024	0.2697865239762723
log-power-percpmusd.mapjitter.klw	Risky first	28.0	1.4148235885241658	p_full	0.22535005985184553	0.2534038523008888	0.2825130575082809
log-power-percpmusd.mapjitter.klw	Risky first	28.0	1.454194394582695	p_full	0.23880464912249857	0.2667959137007392	0.29557970538603373
log-power-percpmusd.mapjitter.klw	Risky first	28.0	1.4946607862550567	p_full	0.2526824002216689	0.280447209896574	0.3086685047998441
log-power-percpmusd.mapjitter.klw	Risky first	28.0	1.5362532507970992	p_full	0.2669002271518851	0.2943284327020572	0.3220339213118712
log-power-percpmusd.mapjitter.klw	Risky first	28.0	1.579003123844529	p_full	0.2811877373853751	0.30839681951211756	0.3357163971838551
log-power-percpmusd.mapjitter.klw	Risky first	28.0	1.6229426130210856	p_full	0.29593096963398086	0.32263359020354676	0.34940237061727675
log-power-percpmusd.mapjitter.klw	Risky first	28.0	1.6681048222036647	p_full	0.31074370785002053	0.33699242926737016	0.3632706403845345
log-power-percpmusd.mapjitter.klw	Risky first	28.0	1.714523776462679	p_full	0.32553201778538304	0.3514022824442403	0.3771724913140102
log-power-percpmusd.mapjitter.klw	Risky first	28.0	1.7622344476964418	p_full	0.34057680731884526	0.3658686573681592	0.3911843415722897
log-power-percpmusd.mapjitter.klw	Risky first	28.0	1.8112727809788889	p_full	0.35548912099260505	0.38030722203440437	0.4053425811922426
log-power-percpmusd.mapjitter.klw	Risky first	28.0	1.861675721640487	p_full	0.3703070242604937	0.3948210321738018	0.41956708727312003
log-power-percpmusd.mapjitter.klw	Risky first	28.0	1.9134812431027324	p_full	0.38472480098310735	0.4091846157939193	0.4338052287712473
log-power-percpmusd.mapjitter.klw	Risky first	28.0	1.9667283754872122	p_full	0.39905508907203446	0.4234811631387475	0.4479793407147803
log-power-percpmusd.mapjitter.klw	Risky first	28.0	2.021457235020777	p_full	0.41326348461410434	0.4376997095754317	0.46226971172977405
log-power-percpmusd.mapjitter.klw	Risky first	28.0	2.0777090542589844	p_full	0.42736764789519927	0.4517773927372507	0.4764373649697648
log-power-percpmusd.mapjitter.klw	Risky first	28.0	2.1355262131505808	p_full	0.4413462050364037	0.4656556182476438	0.4906745126225587
log-power-percpmusd.mapjitter.klw	Risky first	28.0	2.1949522709664246	p_full	0.4547253466423074	0.47935844735715993	0.5044356643225587
log-power-percpmusd.mapjitter.klw	Risky first	28.0	2.256031999116908	p_full	0.4676606371230913	0.492819808249352	0.518356894812447
log-power-percpmusd.mapjitter.klw	Risky first	28.0	2.3188114148826	p_full	0.48052648511397955	0.5059554538223205	0.5320333643826961
log-power-percpmusd.mapjitter.klw	Risky first	28.0	2.3833378160835275	p_full	0.49298641241478985	0.5188397245240592	0.5454987558363364
log-power-percpmusd.mapjitter.klw	Risky first	28.0	2.4496598167132055	p_full	0.5049921184096836	0.5314544909348888	0.5585518282092986
log-power-percpmusd.mapjitter.klw	Risky first	28.0	2.5178273835642724	p_full	0.5165902297835583	0.5438131547646061	0.5714388987975227
log-power-percpmusd.mapjitter.klw	Risky first	28.0	2.58789187387332	p_full	0.5280280315891245	0.5557952573097904	0.5840234177592563
log-power-percpmusd.mapjitter.klw	Risky first	28.0	2.659906074013276	p_full	0.5390499996566087	0.5675041559457368	0.5963280773364473
log-power-percpmusd.mapjitter.klw	Risky first	28.0	2.7339242392624983	p_full	0.5496851136427537	0.5788844462085677	0.6083173994399165
log-power-percpmusd.mapjitter.klw	Risky first	28.0	2.8100021346805373	p_full	0.5598753457660122	0.5899534361080312	0.6197926114789466
log-power-percpmusd.mapjitter.klw	Risky first	28.0	2.8881970771213568	p_full	0.5697250324843136	0.6005891728474926	0.6311243951059156
log-power-percpmusd.mapjitter.klw	Risky first	28.0	2.9685679784156793	p_full	0.579128795760402	0.6109426503585206	0.6418521689479026
log-power-percpmusd.mapjitter.klw	Risky first	28.0	3.051175389754982	p_full	0.5883016343067433	0.6209266576687181	0.6521854386290278
log-power-percpmusd.mapjitter.klw	Risky first	28.0	3.1360815473105736	p_full	0.597195537744395	0.6305941641051606	0.6622367040859873
log-power-percpmusd.mapjitter.klw	Risky first	28.0	3.2233504191221405	p_full	0.6059414884367911	0.6398581641443265	0.6718603627441696
log-power-percpmusd.mapjitter.klw	Risky first	28.0	3.31304775329107	p_full	0.6142206401249299	0.6488288920431409	0.6813104170401036
log-power-percpmusd.mapjitter.klw	Risky first	28.0	3.40524112751487	p_full	0.6221528613868195	0.657445693144271	0.6904396563015125
log-power-percpmusd.mapjitter.klw	Risky first	28.0	3.5000000000000004	p_full	0.6298161429039786	0.6657755467243387	0.69921097735778
log-power-percpmusd.mapjitter.klw	Risky first	28.0	1.2	p_bias_only	0.14635908663713265	0.17022577859526616	0.19625733873058837
log-power-percpmusd.mapjitter.klw	Risky first	28.0	1.233392832614218	p_bias_only	0.15742859800934653	0.18153355940732635	0.20771577097080687
log-power-percpmusd.mapjitter.klw	Risky first	28.0	1.267714899620104	p_bias_only	0.16888518641191264	0.19328349953944474	0.21954547806844849
log-power-percpmusd.mapjitter.klw	Risky first	28.0	1.3029920591580744	p_bias_only	0.18079574684132815	0.2054741947573096	0.2317781075843016
log-power-percpmusd.mapjitter.klw	Risky first	28.0	1.339250888932342	p_bias_only	0.19323953419938747	0.21799565248071928	0.2443944749374196
log-power-percpmusd.mapjitter.klw	Risky first	28.0	1.3765187062344757	p_bias_only	0.2060379803171023	0.2309691284753107	0.25725549949770643
log-power-percpmusd.mapjitter.klw	Risky first	28.0	1.4148235885241658	p_bias_only	0.21935911663658503	0.2442513570621139	0.2703354176404403
log-power-percpmusd.mapjitter.klw	Risky first	28.0	1.454194394582695	p_bias_only	0.23295779022803964	0.2579238680374386	0.2839621842578105
log-power-percpmusd.mapjitter.klw	Risky first	28.0	1.4946607862550567	p_bias_only	0.24693321631526377	0.27191306129415427	0.2977331440068466
log-power-percpmusd.mapjitter.klw	Risky first	28.0	1.5362532507970992	p_bias_only	0.2612105241670131	0.2860806340160522	0.31185156632627153
log-power-percpmusd.mapjitter.klw	Risky first	28.0	1.579003123844529	p_bias_only	0.27567731855013883	0.30060364032220366	0.3262091187606615
log-power-percpmusd.mapjitter.klw	Risky first	28.0	1.6229426130210856	p_bias_only	0.290329275126336	0.3152875771477015	0.3406163452119907
log-power-percpmusd.mapjitter.klw	Risky first	28.0	1.6681048222036647	p_bias_only	0.30541548712038796	0.3300699571154671	0.3554491689892224
log-power-percpmusd.mapjitter.klw	Risky first	28.0	1.714523776462679	p_bias_only	0.3205277616767057	0.3450040736152289	0.3701622586812465
log-power-percpmusd.mapjitter.klw	Risky first	28.0	1.7622344476964418	p_bias_only	0.3355490115196006	0.3600608934887929	0.38523641026136746
log-power-percpmusd.mapjitter.klw	Risky first	28.0	1.8112727809788889	p_bias_only	0.3506566807017852	0.3751915245175564	0.4000521291034236
log-power-percpmusd.mapjitter.klw	Risky first	28.0	1.861675721640487	p_bias_only	0.365890519052842	0.3902161741777201	0.4152175948285261
log-power-percpmusd.mapjitter.klw	Risky first	28.0	1.9134812431027324	p_bias_only	0.3808645562756826	0.4052088319220165	0.43025923804776156
log-power-percpmusd.mapjitter.klw	Risky first	28.0	1.9667283754872122	p_bias_only	0.39570045493865214	0.4201062421802018	0.4453700435998188
log-power-percpmusd.mapjitter.klw	Risky first	28.0	2.021457235020777	p_bias_only	0.4103767612383446	0.4349011030032227	0.4604293770501156
log-power-percpmusd.mapjitter.klw	Risky first	28.0	2.0777090542589844	p_bias_only	0.42479569898368347	0.4495032927914794	0.4753098379598697
log-power-percpmusd.mapjitter.klw	Risky first	28.0	2.1355262131505808	p_bias_only	0.4389210701890099	0.46394148780824007	0.4899555669616136
log-power-percpmusd.mapjitter.klw	Risky first	28.0	2.1949522709664246	p_bias_only	0.45271943909914525	0.47817003665753255	0.5044587071939047
log-power-percpmusd.mapjitter.klw	Risky first	28.0	2.256031999116908	p_bias_only	0.46638960067149815	0.49207635073692346	0.5186475075258129
log-power-percpmusd.mapjitter.klw	Risky first	28.0	2.3188114148826	p_bias_only	0.47951669507332123	0.5057539671717952	0.532530110702573
log-power-percpmusd.mapjitter.klw	Risky first	28.0	2.3833378160835275	p_bias_only	0.49249002263860125	0.5190200436769683	0.5462526346336424
log-power-percpmusd.mapjitter.klw	Risky first	28.0	2.4496598167132055	p_bias_only	0.504899514368684	0.5320603108891735	0.5597743604472287
log-power-percpmusd.mapjitter.klw	Risky first	28.0	2.5178273835642724	p_bias_only	0.5170332327148646	0.5447227847477294	0.5726945421056541
log-power-percpmusd.mapjitter.klw	Risky first	28.0	2.58789187387332	p_bias_only	0.5286896440844142	0.5570287883613125	0.5854503020113185
log-power-percpmusd.mapjitter.klw	Risky first	28.0	2.659906074013276	p_bias_only	0.5402120198586674	0.5689721213534221	0.5978534687488641
log-power-percpmusd.mapjitter.klw	Risky first	28.0	2.7339242392624983	p_bias_only	0.551220071947004	0.5805695998682201	0.6097377032436939
log-power-percpmusd.mapjitter.klw	Risky first	28.0	2.8100021346805373	p_bias_only	0.5616009852096334	0.5917863179012514	0.6212579590770418
log-power-percpmusd.mapjitter.klw	Risky first	28.0	2.8881970771213568	p_bias_only	0.5719397568544917	0.6026359748256847	0.6324809002971783
log-power-percpmusd.mapjitter.klw	Risky first	28.0	2.9685679784156793	p_bias_only	0.5818361283009579	0.6131256667833525	0.6432506117800737
log-power-percpmusd.mapjitter.klw	Risky first	28.0	3.051175389754982	p_bias_only	0.5913620433074855	0.6232363740379072	0.6537641843161052
log-power-percpmusd.mapjitter.klw	Risky first	28.0	3.1360815473105736	p_bias_only	0.6004723291520857	0.6329219569924797	0.6638063566456365
log-power-percpmusd.mapjitter.klw	Risky first	28.0	3.2233504191221405	p_bias_only	0.6092264896317019	0.6423132246431167	0.673409807082825
log-power-percpmusd.mapjitter.klw	Risky first	28.0	3.31304775329107	p_bias_only	0.6175394780532163	0.6512751141543208	0.6827152419708183
log-power-percpmusd.mapjitter.klw	Risky first	28.0	3.40524112751487	p_bias_only	0.6257526090560733	0.6599220042469169	0.6916446828153641
log-power-percpmusd.mapjitter.klw	Risky first	28.0	3.5000000000000004	p_bias_only	0.6335445704913768	0.6682481386698296	0.7002779199480991
log-power-percpmusd.mapjitter.klw	Risky first	28.0	1.2	p_scale_only	0.13942455097702225	0.1624524711261097	0.18716505868069833
log-power-percpmusd.mapjitter.klw	Risky first	28.0	1.233392832614218	p_scale_only	0.14998303993128906	0.1732495837589669	0.19816055086733306
log-power-percpmusd.mapjitter.klw	Risky first	28.0	1.267714899620104	p_scale_only	0.16110212582771605	0.18450909940866514	0.2093919965092297
log-power-percpmusd.mapjitter.klw	Risky first	28.0	1.3029920591580744	p_scale_only	0.17278550629783285	0.1961823363878904	0.22097356553957853
log-power-percpmusd.mapjitter.klw	Risky first	28.0	1.339250888932342	p_scale_only	0.18486026143971196	0.2082270339860169	0.2330163439184128
log-power-percpmusd.mapjitter.klw	Risky first	28.0	1.3765187062344757	p_scale_only	0.19733055388691986	0.2207476389188578	0.2454251639394697
log-power-percpmusd.mapjitter.klw	Risky first	28.0	1.4148235885241658	p_scale_only	0.21017031244633372	0.23357829850127135	0.2581441272537423
log-power-percpmusd.mapjitter.klw	Risky first	28.0	1.454194394582695	p_scale_only	0.2233462062406091	0.24669233354148007	0.2711088669915408
log-power-percpmusd.mapjitter.klw	Risky first	28.0	1.4946607862550567	p_scale_only	0.23692465956223843	0.26010438610698705	0.28444978429370577
log-power-percpmusd.mapjitter.klw	Risky first	28.0	1.5362532507970992	p_scale_only	0.2507539994300598	0.2737387504825405	0.29797561068876494
log-power-percpmusd.mapjitter.klw	Risky first	28.0	1.579003123844529	p_scale_only	0.264901680850369	0.28765921253213794	0.31160181726269487
log-power-percpmusd.mapjitter.klw	Risky first	28.0	1.6229426130210856	p_scale_only	0.27907761498322936	0.3017763978225211	0.3254955751233708
log-power-percpmusd.mapjitter.klw	Risky first	28.0	1.6681048222036647	p_scale_only	0.29350394848146244	0.31599301963446425	0.339748778638308
log-power-percpmusd.mapjitter.klw	Risky first	28.0	1.714523776462679	p_scale_only	0.30810627251536105	0.33038944715109325	0.3537977970504754
log-power-percpmusd.mapjitter.klw	Risky first	28.0	1.7622344476964418	p_scale_only	0.32253412603965337	0.34485340262832	0.36793495589339004
log-power-percpmusd.mapjitter.klw	Risky first	28.0	1.8112727809788889	p_scale_only	0.3370944268827419	0.3593143436276288	0.38231051548762596
log-power-percpmusd.mapjitter.klw	Risky first	28.0	1.861675721640487	p_scale_only	0.35176432724663154	0.373775985288913	0.39681597513787886
log-power-percpmusd.mapjitter.klw	Risky first	28.0	1.9134812431027324	p_scale_only	0.3659355953631272	0.38818962782525995	0.41126507697257314
log-power-percpmusd.mapjitter.klw	Risky first	28.0	1.9667283754872122	p_scale_only	0.3802654584327938	0.4025808582068964	0.4258630875949872
log-power-percpmusd.mapjitter.klw	Risky first	28.0	2.021457235020777	p_scale_only	0.39440774096898645	0.4168012279378769	0.44046299524718874
log-power-percpmusd.mapjitter.klw	Risky first	28.0	2.0777090542589844	p_scale_only	0.4082288598221601	0.4308989922470627	0.4548584124450924
log-power-percpmusd.mapjitter.klw	Risky first	28.0	2.1355262131505808	p_scale_only	0.4218259051261336	0.4448772395196954	0.469044674669109
log-power-percpmusd.mapjitter.klw	Risky first	28.0	2.1949522709664246	p_scale_only	0.43509280274147055	0.4586064191371271	0.4831987051325163
log-power-percpmusd.mapjitter.klw	Risky first	28.0	2.256031999116908	p_scale_only	0.44808711393193196	0.47210391264202006	0.4971357313799131
log-power-percpmusd.mapjitter.klw	Risky first	28.0	2.3188114148826	p_scale_only	0.460663179347863	0.4853789253829791	0.5110099355927271
log-power-percpmusd.mapjitter.klw	Risky first	28.0	2.3833378160835275	p_scale_only	0.47301728221290845	0.4983581854053187	0.5246090082879156
log-power-percpmusd.mapjitter.klw	Risky first	28.0	2.4496598167132055	p_scale_only	0.48485832855633254	0.510997548968338	0.5379116095728148
log-power-percpmusd.mapjitter.klw	Risky first	28.0	2.5178273835642724	p_scale_only	0.49648116649569835	0.523328472525908	0.5507236957207531
log-power-percpmusd.mapjitter.klw	Risky first	28.0	2.58789187387332	p_scale_only	0.5076263958251689	0.5353007961389498	0.563399709347904
log-power-percpmusd.mapjitter.klw	Risky first	28.0	2.659906074013276	p_scale_only	0.5184210739152616	0.5469760415759025	0.5756007724428255
log-power-percpmusd.mapjitter.klw	Risky first	28.0	2.7339242392624983	p_scale_only	0.5289294048961485	0.5582887795251129	0.5877427253312428
log-power-percpmusd.mapjitter.klw	Risky first	28.0	2.8100021346805373	p_scale_only	0.5390692557427798	0.569232247061717	0.5992371117016737
log-power-percpmusd.mapjitter.klw	Risky first	28.0	2.8881970771213568	p_scale_only	0.5489072961961394	0.5797601973387303	0.6102063956283833
log-power-percpmusd.mapjitter.klw	Risky first	28.0	2.9685679784156793	p_scale_only	0.5582167543345362	0.5899509753482137	0.6208599795585811
log-power-percpmusd.mapjitter.klw	Risky first	28.0	3.051175389754982	p_scale_only	0.567357464020003	0.5997009055374938	0.631302950333154
log-power-percpmusd.mapjitter.klw	Risky first	28.0	3.1360815473105736	p_scale_only	0.5759883173727558	0.6090542756194712	0.6410644597484658
log-power-percpmusd.mapjitter.klw	Risky first	28.0	3.2233504191221405	p_scale_only	0.5842366739386179	0.6180582880455572	0.6505996732344206
log-power-percpmusd.mapjitter.klw	Risky first	28.0	3.31304775329107	p_scale_only	0.5921690168700401	0.6266726447142639	0.6597561957751943
log-power-percpmusd.mapjitter.klw	Risky first	28.0	3.40524112751487	p_scale_only	0.599786711635721	0.6349158022568943	0.6683554059133181
log-power-percpmusd.mapjitter.klw	Risky first	28.0	3.5000000000000004	p_scale_only	0.6070418964893622	0.6427642135133627	0.67662731282474
log-power-percpmusd.mapjitter.klw	Risky first	28.0	1.2	dp_full	-0.00293636780299172	0.029879802815989193	0.0636134391142865
log-power-percpmusd.mapjitter.klw	Risky first	28.0	1.233392832614218	dp_full	-0.00265382427264518	0.03056342984213771	0.06460597971374883
log-power-percpmusd.mapjitter.klw	Risky first	28.0	1.267714899620104	dp_full	-0.002461205608696224	0.03112373695585372	0.06547706532623698
log-power-percpmusd.mapjitter.klw	Risky first	28.0	1.3029920591580744	dp_full	-0.0022736341434205706	0.03163056104963356	0.06616321187830464
log-power-percpmusd.mapjitter.klw	Risky first	28.0	1.339250888932342	dp_full	-0.002012398858767177	0.03194685940334871	0.06648656928821677
log-power-percpmusd.mapjitter.klw	Risky first	28.0	1.3765187062344757	dp_full	-0.0019297144094141553	0.03223595269160154	0.06662715008259651
log-power-percpmusd.mapjitter.klw	Risky first	28.0	1.4148235885241658	dp_full	-0.0017723786457672528	0.03232275415253288	0.06653524416571853
log-power-percpmusd.mapjitter.klw	Risky first	28.0	1.454194394582695	dp_full	-0.0017383430115325616	0.03228991190190812	0.06645873047955293
log-power-percpmusd.mapjitter.klw	Risky first	28.0	1.4946607862550567	dp_full	-0.0014794613514404822	0.032078084858423894	0.06609305326755599
log-power-percpmusd.mapjitter.klw	Risky first	28.0	1.5362532507970992	dp_full	-0.0015134839023072777	0.03175632475427248	0.06538413226867784
log-power-percpmusd.mapjitter.klw	Risky first	28.0	1.579003123844529	dp_full	-0.001612521017529723	0.03137288484106276	0.06466137178851074
log-power-percpmusd.mapjitter.klw	Risky first	28.0	1.6229426130210856	dp_full	-0.001919361492292268	0.03084177608141635	0.06366127563523073
log-power-percpmusd.mapjitter.klw	Risky first	28.0	1.6681048222036647	dp_full	-0.0023127851608255195	0.030079362437691395	0.06250445515895706
log-power-percpmusd.mapjitter.klw	Risky first	28.0	1.714523776462679	dp_full	-0.0025619839743482725	0.029300973075420424	0.061290943746440035
log-power-percpmusd.mapjitter.klw	Risky first	28.0	1.7622344476964418	dp_full	-0.003041005902820318	0.028436461319961887	0.05986998423111946
log-power-percpmusd.mapjitter.klw	Risky first	28.0	1.8112727809788889	dp_full	-0.0035520461472215055	0.027508743006359297	0.05845211464759073
log-power-percpmusd.mapjitter.klw	Risky first	28.0	1.861675721640487	dp_full	-0.004171466301215302	0.02643094547854783	0.05687807766467154
log-power-percpmusd.mapjitter.klw	Risky first	28.0	1.9134812431027324	dp_full	-0.004820837163945977	0.025396463730107108	0.055280491642081396
log-power-percpmusd.mapjitter.klw	Risky first	28.0	1.9667283754872122	dp_full	-0.005637655745861701	0.024315582194059826	0.05381443145812043
log-power-percpmusd.mapjitter.klw	Risky first	28.0	2.021457235020777	dp_full	-0.0066247873024546915	0.023293639883400583	0.052343651995088294
log-power-percpmusd.mapjitter.klw	Risky first	28.0	2.0777090542589844	dp_full	-0.007482421093471967	0.022264575248512504	0.05103429813648848
log-power-percpmusd.mapjitter.klw	Risky first	28.0	2.1355262131505808	dp_full	-0.008658353287357508	0.021195117677426045	0.049816708204879025
log-power-percpmusd.mapjitter.klw	Risky first	28.0	2.1949522709664246	dp_full	-0.009654706822290015	0.020090009348983303	0.048926518029876555
log-power-percpmusd.mapjitter.klw	Risky first	28.0	2.256031999116908	dp_full	-0.010876561160801827	0.019064988787769625	0.04812260333404888
log-power-percpmusd.mapjitter.klw	Risky first	28.0	2.3188114148826	dp_full	-0.011847413174719941	0.01812912067494315	0.04743397169346427
log-power-percpmusd.mapjitter.klw	Risky first	28.0	2.3833378160835275	dp_full	-0.013030304683138896	0.017236030172481084	0.04689134659696673
log-power-percpmusd.mapjitter.klw	Risky first	28.0	2.4496598167132055	dp_full	-0.0146225128949011	0.016465644770365193	0.04643744049476036
log-power-percpmusd.mapjitter.klw	Risky first	28.0	2.5178273835642724	dp_full	-0.01587217118432776	0.015810876298519023	0.046356165893147096
log-power-percpmusd.mapjitter.klw	Risky first	28.0	2.58789187387332	dp_full	-0.017014400366167363	0.015208252067395933	0.04628856206696256
log-power-percpmusd.mapjitter.klw	Risky first	28.0	2.659906074013276	dp_full	-0.01805457627906836	0.014710632397154554	0.04648408624190776
log-power-percpmusd.mapjitter.klw	Risky first	28.0	2.7339242392624983	dp_full	-0.0190080424996337	0.014279603767289959	0.04661818815013112
log-power-percpmusd.mapjitter.klw	Risky first	28.0	2.8100021346805373	dp_full	-0.020150071376988897	0.013945235577408533	0.04695417626637701
log-power-percpmusd.mapjitter.klw	Risky first	28.0	2.8881970771213568	dp_full	-0.021249114507183104	0.013759401951688496	0.047473719288978665
log-power-percpmusd.mapjitter.klw	Risky first	28.0	2.9685679784156793	dp_full	-0.022062788979665782	0.013594121256932582	0.04792774090635678
log-power-percpmusd.mapjitter.klw	Risky first	28.0	3.051175389754982	dp_full	-0.022863547519450116	0.013561416435186591	0.0487008670963423
log-power-percpmusd.mapjitter.klw	Risky first	28.0	3.1360815473105736	dp_full	-0.02352243812420577	0.013608474112480104	0.04962680362800601
log-power-percpmusd.mapjitter.klw	Risky first	28.0	3.2233504191221405	dp_full	-0.02415367598876639	0.0137744044690821	0.0505874927253729
log-power-percpmusd.mapjitter.klw	Risky first	28.0	3.31304775329107	dp_full	-0.024554672411484818	0.013986416549034151	0.051493796206511705
log-power-percpmusd.mapjitter.klw	Risky first	28.0	3.40524112751487	dp_full	-0.024777781104545694	0.014262829952632585	0.052604869436673966
log-power-percpmusd.mapjitter.klw	Risky first	28.0	3.5000000000000004	dp_full	-0.025175979070386344	0.014650838217891067	0.053820555254919744
log-power-percpmusd.mapjitter.klw	Risky first	28.0	1.2	dp_bias	-0.0025741482562455743	0.019990960607013844	0.04409096959561566
log-power-percpmusd.mapjitter.klw	Risky first	28.0	1.233392832614218	dp_bias	-0.002419607076015536	0.02070525091170841	0.0453923659423281
log-power-percpmusd.mapjitter.klw	Risky first	28.0	1.267714899620104	dp_bias	-0.002337653600363522	0.021290017715581	0.0465512569377674
log-power-percpmusd.mapjitter.klw	Risky first	28.0	1.3029920591580744	dp_bias	-0.0023912938499118506	0.02183388626424801	0.047608513840450215
log-power-percpmusd.mapjitter.klw	Risky first	28.0	1.339250888932342	dp_bias	-0.0023489333897023274	0.02231021935747398	0.04851486831772056
log-power-percpmusd.mapjitter.klw	Risky first	28.0	1.3765187062344757	dp_bias	-0.0023832464183370415	0.022710620909002763	0.04931235096730606
log-power-percpmusd.mapjitter.klw	Risky first	28.0	1.4148235885241658	dp_bias	-0.0023690609688724177	0.023029906521961775	0.04992084322755187
log-power-percpmusd.mapjitter.klw	Risky first	28.0	1.454194394582695	dp_bias	-0.002499878482616091	0.023277072951019957	0.05047102998957527
log-power-percpmusd.mapjitter.klw	Risky first	28.0	1.4946607862550567	dp_bias	-0.0025401074752284545	0.023470576117982093	0.050769591917323595
log-power-percpmusd.mapjitter.klw	Risky first	28.0	1.5362532507970992	dp_bias	-0.0025267163882204016	0.023522045408943232	0.05102864652573191
log-power-percpmusd.mapjitter.klw	Risky first	28.0	1.579003123844529	dp_bias	-0.0027412630706495117	0.023473634999385602	0.051187924206463134
log-power-percpmusd.mapjitter.klw	Risky first	28.0	1.6229426130210856	dp_bias	-0.0030977818021844334	0.023334771837199994	0.05110403576587498
log-power-percpmusd.mapjitter.klw	Risky first	28.0	1.6681048222036647	dp_bias	-0.0035290575337987673	0.023139351548715853	0.051084662874857995
log-power-percpmusd.mapjitter.klw	Risky first	28.0	1.714523776462679	dp_bias	-0.003856132380038008	0.022936202304674153	0.0506868555323097
log-power-percpmusd.mapjitter.klw	Risky first	28.0	1.7622344476964418	dp_bias	-0.004321561156468437	0.022601809572524965	0.050504016710147454
log-power-percpmusd.mapjitter.klw	Risky first	28.0	1.8112727809788889	dp_bias	-0.004784370206658965	0.022196980812930728	0.05008461949497535
log-power-percpmusd.mapjitter.klw	Risky first	28.0	1.861675721640487	dp_bias	-0.005386136388770332	0.021732992887154433	0.04969315576105661
log-power-percpmusd.mapjitter.klw	Risky first	28.0	1.9134812431027324	dp_bias	-0.006100246040329155	0.021298299279700728	0.04917845177873473
log-power-percpmusd.mapjitter.klw	Risky first	28.0	1.9667283754872122	dp_bias	-0.006691285064510141	0.020781515189997456	0.04881870337087944
log-power-percpmusd.mapjitter.klw	Risky first	28.0	2.021457235020777	dp_bias	-0.007324409852863046	0.02029265649382676	0.048168277901548595
log-power-percpmusd.mapjitter.klw	Risky first	28.0	2.0777090542589844	dp_bias	-0.008193090045616191	0.01979777705072436	0.047596252161507036
log-power-percpmusd.mapjitter.klw	Risky first	28.0	2.1355262131505808	dp_bias	-0.008699025982582915	0.019328397850517296	0.04707874977213492
log-power-percpmusd.mapjitter.klw	Risky first	28.0	2.1949522709664246	dp_bias	-0.009504366621937417	0.018837786840259937	0.046732348074450286
log-power-percpmusd.mapjitter.klw	Risky first	28.0	2.256031999116908	dp_bias	-0.010317363435706847	0.018366313123100435	0.04638102854405004
log-power-percpmusd.mapjitter.klw	Risky first	28.0	2.3188114148826	dp_bias	-0.010832330039696476	0.017936744332687816	0.04610653767923404
log-power-percpmusd.mapjitter.klw	Risky first	28.0	2.3833378160835275	dp_bias	-0.011521933609469386	0.01749559040255671	0.04586817771955041
log-power-percpmusd.mapjitter.klw	Risky first	28.0	2.4496598167132055	dp_bias	-0.012145749840682302	0.017086320187939298	0.04574169974541951
log-power-percpmusd.mapjitter.klw	Risky first	28.0	2.5178273835642724	dp_bias	-0.012957012930970471	0.016777782855610886	0.04574756628473091
log-power-percpmusd.mapjitter.klw	Risky first	28.0	2.58789187387332	dp_bias	-0.013407315110740102	0.01650171719200699	0.04568554311860054
log-power-percpmusd.mapjitter.klw	Risky first	28.0	2.659906074013276	dp_bias	-0.014035799743392743	0.01629986632960896	0.04569162216864623
log-power-percpmusd.mapjitter.klw	Risky first	28.0	2.7339242392624983	dp_bias	-0.014480556104878412	0.016090618457590328	0.04583238883668204
log-power-percpmusd.mapjitter.klw	Risky first	28.0	2.8100021346805373	dp_bias	-0.015111798192033512	0.015922747607379734	0.04595297982806315
log-power-percpmusd.mapjitter.klw	Risky first	28.0	2.8881970771213568	dp_bias	-0.015691290940523486	0.01583232162349464	0.046358343060600375
log-power-percpmusd.mapjitter.klw	Risky first	28.0	2.9685679784156793	dp_bias	-0.015994757727965072	0.015833096834328205	0.04671298766722107
log-power-percpmusd.mapjitter.klw	Risky first	28.0	3.051175389754982	dp_bias	-0.016274552590867204	0.015849852890039505	0.04705494487388114
log-power-percpmusd.mapjitter.klw	Risky first	28.0	3.1360815473105736	dp_bias	-0.01634187068301697	0.01597105209442112	0.047550138998439975
log-power-percpmusd.mapjitter.klw	Risky first	28.0	3.2233504191221405	dp_bias	-0.016650345098532394	0.016187939419911188	0.04811233205190638
log-power-percpmusd.mapjitter.klw	Risky first	28.0	3.31304775329107	dp_bias	-0.016817325946596174	0.01646539830636469	0.048807131935660636
log-power-percpmusd.mapjitter.klw	Risky first	28.0	3.40524112751487	dp_bias	-0.017069548781336208	0.01678586960473824	0.049918509213679664
log-power-percpmusd.mapjitter.klw	Risky first	28.0	3.5000000000000004	dp_bias	-0.01716338871703148	0.017198359924376346	0.05083050726016431
log-power-percpmusd.mapjitter.klw	Risky first	28.0	1.2	dp_scale	-0.002969971566023084	0.012392428261456619	0.028258148057139346
log-power-percpmusd.mapjitter.klw	Risky first	28.0	1.233392832614218	dp_scale	-0.0027971126183114017	0.012609614740216624	0.028519939955598858
log-power-percpmusd.mapjitter.klw	Risky first	28.0	1.267714899620104	dp_scale	-0.0026857717803574904	0.012772184074023994	0.028748188722797594
log-power-percpmusd.mapjitter.klw	Risky first	28.0	1.3029920591580744	dp_scale	-0.0025317331594268207	0.012841510629801257	0.02868121388807629
log-power-percpmusd.mapjitter.klw	Risky first	28.0	1.339250888932342	dp_scale	-0.0023731357508988086	0.012814759175589717	0.028545493680251496
log-power-percpmusd.mapjitter.klw	Risky first	28.0	1.3765187062344757	dp_scale	-0.0022757718513554087	0.012732618095702603	0.028207510817907837
log-power-percpmusd.mapjitter.klw	Risky first	28.0	1.4148235885241658	dp_scale	-0.0023370351584021754	0.012526984774174462	0.027799579986654135
log-power-percpmusd.mapjitter.klw	Risky first	28.0	1.454194394582695	dp_scale	-0.0022977323465540257	0.012216056834646896	0.027120857984684082
log-power-percpmusd.mapjitter.klw	Risky first	28.0	1.4946607862550567	dp_scale	-0.002331059526979438	0.011814953051282703	0.026449024878829483
log-power-percpmusd.mapjitter.klw	Risky first	28.0	1.5362532507970992	dp_scale	-0.0024000025610982673	0.011344356039680838	0.02553970776274027
log-power-percpmusd.mapjitter.klw	Risky first	28.0	1.579003123844529	dp_scale	-0.0025860609162010463	0.01070878057944368	0.024564038965360826
log-power-percpmusd.mapjitter.klw	Risky first	28.0	1.6229426130210856	dp_scale	-0.0028120706658956622	0.010039737754812348	0.0233527349288385
log-power-percpmusd.mapjitter.klw	Risky first	28.0	1.6681048222036647	dp_scale	-0.0031718987883512335	0.00923699498023038	0.022007672229227147
log-power-percpmusd.mapjitter.klw	Risky first	28.0	1.714523776462679	dp_scale	-0.0034094334171485222	0.00838540617410459	0.020606165488863716
log-power-percpmusd.mapjitter.klw	Risky first	28.0	1.7622344476964418	dp_scale	-0.003919804648747592	0.007466315998249207	0.019125258731740976
log-power-percpmusd.mapjitter.klw	Risky first	28.0	1.8112727809788889	dp_scale	-0.0044474529435544535	0.006521796609712315	0.017666084010683546
log-power-percpmusd.mapjitter.klw	Risky first	28.0	1.861675721640487	dp_scale	-0.005169925620273878	0.005501443757778183	0.016058775235358452
log-power-percpmusd.mapjitter.klw	Risky first	28.0	1.9134812431027324	dp_scale	-0.005964740578001411	0.00449662182843008	0.014477144777361449
log-power-percpmusd.mapjitter.klw	Risky first	28.0	1.9667283754872122	dp_scale	-0.00690452380380028	0.003484993138285017	0.01304320472147011
log-power-percpmusd.mapjitter.klw	Risky first	28.0	2.021457235020777	dp_scale	-0.00794948038879429	0.0025055555895624002	0.011651264201065045
log-power-percpmusd.mapjitter.klw	Risky first	28.0	2.0777090542589844	dp_scale	-0.009085720085883407	0.0015570501868104386	0.010348140378956247
log-power-percpmusd.mapjitter.klw	Risky first	28.0	2.1355262131505808	dp_scale	-0.010335215768658592	0.0005927537449706981	0.009218306748350492
log-power-percpmusd.mapjitter.klw	Risky first	28.0	2.1949522709664246	dp_scale	-0.01156557368191968	-0.0002899412015177173	0.008232298053359446
log-power-percpmusd.mapjitter.klw	Risky first	28.0	2.256031999116908	dp_scale	-0.012720624590681294	-0.0011346234849594918	0.007393098946737892
log-power-percpmusd.mapjitter.klw	Risky first	28.0	2.3188114148826	dp_scale	-0.013924624395565188	-0.0019469113915347256	0.006624216427421392
log-power-percpmusd.mapjitter.klw	Risky first	28.0	2.3833378160835275	dp_scale	-0.015089065387736956	-0.0027497899810807096	0.006004675871935657
log-power-percpmusd.mapjitter.klw	Risky first	28.0	2.4496598167132055	dp_scale	-0.01612508948557325	-0.0034550737534083664	0.005533618415197871
log-power-percpmusd.mapjitter.klw	Risky first	28.0	2.5178273835642724	dp_scale	-0.017187079775044526	-0.004098408941281666	0.005112560267245858
log-power-percpmusd.mapjitter.klw	Risky first	28.0	2.58789187387332	dp_scale	-0.018126599127604313	-0.004697947709437	0.004781830693409489
log-power-percpmusd.mapjitter.klw	Risky first	28.0	2.659906074013276	dp_scale	-0.018957462739672387	-0.005241049048552746	0.004473948050060147
log-power-percpmusd.mapjitter.klw	Risky first	28.0	2.7339242392624983	dp_scale	-0.01979904104153355	-0.005725286587992548	0.0042532470975404305
log-power-percpmusd.mapjitter.klw	Risky first	28.0	2.8100021346805373	dp_scale	-0.020522081358838956	-0.006172786755500069	0.004159500792614499
log-power-percpmusd.mapjitter.klw	Risky first	28.0	2.8881970771213568	dp_scale	-0.021087689538705857	-0.006552096182013231	0.0040582003177993715
log-power-percpmusd.mapjitter.klw	Risky first	28.0	2.9685679784156793	dp_scale	-0.021609033885833233	-0.006862361050133106	0.00403657615527741
log-power-percpmusd.mapjitter.klw	Risky first	28.0	3.051175389754982	dp_scale	-0.0220547603704866	-0.007105487221086123	0.004014519371021405
log-power-percpmusd.mapjitter.klw	Risky first	28.0	3.1360815473105736	dp_scale	-0.022403205527374723	-0.00733781143613995	0.004024411168740672
log-power-percpmusd.mapjitter.klw	Risky first	28.0	3.2233504191221405	dp_scale	-0.02272291247564257	-0.007501481698705968	0.004071472567494248
log-power-percpmusd.mapjitter.klw	Risky first	28.0	3.31304775329107	dp_scale	-0.022905617758099205	-0.0076168105750035325	0.004125288375963954
log-power-percpmusd.mapjitter.klw	Risky first	28.0	3.40524112751487	dp_scale	-0.023114460016242858	-0.007710000161158866	0.004121032466642665
log-power-percpmusd.mapjitter.klw	Risky first	28.0	3.5000000000000004	dp_scale	-0.023163110440790512	-0.007784951089770117	0.004160358648842812
log-power-percpmusd.mapjitter.klw	Risky first	28.0	1.2	dp_interaction	-0.007732055822421736	-0.0021936207281494516	0.001135300400381752
log-power-percpmusd.mapjitter.klw	Risky first	28.0	1.233392832614218	dp_interaction	-0.008237726030743374	-0.0024435721584317857	0.0010160080922421968
log-power-percpmusd.mapjitter.klw	Risky first	28.0	1.267714899620104	dp_interaction	-0.008685264457413838	-0.0026463275710377023	0.0009328719344999443
log-power-percpmusd.mapjitter.klw	Risky first	28.0	1.3029920591580744	dp_interaction	-0.009031811646767909	-0.002805327743578256	0.0008853404998208377
log-power-percpmusd.mapjitter.klw	Risky first	28.0	1.339250888932342	dp_interaction	-0.009271474300580269	-0.002938173464596988	0.0008693931812739005
log-power-percpmusd.mapjitter.klw	Risky first	28.0	1.3765187062344757	dp_interaction	-0.009429117036726564	-0.003036136160595039	0.0008712367170802334
log-power-percpmusd.mapjitter.klw	Risky first	28.0	1.4148235885241658	dp_interaction	-0.009528870752365458	-0.0030639868814715133	0.000891926662558244
log-power-percpmusd.mapjitter.klw	Risky first	28.0	1.454194394582695	dp_interaction	-0.009468148712757753	-0.0030660878336365694	0.0009758902917450954
log-power-percpmusd.mapjitter.klw	Risky first	28.0	1.4946607862550567	dp_interaction	-0.0093869943035647	-0.0029913650174770287	0.0010834783776651924
log-power-percpmusd.mapjitter.klw	Risky first	28.0	1.5362532507970992	dp_interaction	-0.009217025481117058	-0.002879164028314415	0.0012323638788340025
log-power-percpmusd.mapjitter.klw	Risky first	28.0	1.579003123844529	dp_interaction	-0.00894270884723876	-0.0027170530156035897	0.001427329030086867
log-power-percpmusd.mapjitter.klw	Risky first	28.0	1.6229426130210856	dp_interaction	-0.008577479578285795	-0.002509885999846821	0.0017334964369541803
log-power-percpmusd.mapjitter.klw	Risky first	28.0	1.6681048222036647	dp_interaction	-0.008189902366288939	-0.002250545605669629	0.0020932843039123262
log-power-percpmusd.mapjitter.klw	Risky first	28.0	1.714523776462679	dp_interaction	-0.0077941458498718775	-0.0019475989886619197	0.0025414023090677604
log-power-percpmusd.mapjitter.klw	Risky first	28.0	1.7622344476964418	dp_interaction	-0.007338365453349594	-0.001609027380085018	0.003063421147189131
log-power-percpmusd.mapjitter.klw	Risky first	28.0	1.8112727809788889	dp_interaction	-0.006878078628730656	-0.001249048882637704	0.0036511900112226555
log-power-percpmusd.mapjitter.klw	Risky first	28.0	1.861675721640487	dp_interaction	-0.006475389671950765	-0.0008687919372233936	0.004317403755377229
log-power-percpmusd.mapjitter.klw	Risky first	28.0	1.9134812431027324	dp_interaction	-0.006068265348874284	-0.00047121673518565226	0.005019911963270592
log-power-percpmusd.mapjitter.klw	Risky first	28.0	1.9667283754872122	dp_interaction	-0.005644090521803539	-5.0319297473062314e-05	0.005762714040386628
log-power-percpmusd.mapjitter.klw	Risky first	28.0	2.021457235020777	dp_interaction	-0.005280632773926783	0.0003659066963468366	0.006543629293877366
log-power-percpmusd.mapjitter.klw	Risky first	28.0	2.0777090542589844	dp_interaction	-0.004900970661305811	0.0007730510066010215	0.0073759819985649315
log-power-percpmusd.mapjitter.klw	Risky first	28.0	2.1355262131505808	dp_interaction	-0.00455899180043616	0.001175764316643355	0.008159369381298414
log-power-percpmusd.mapjitter.klw	Risky first	28.0	2.1949522709664246	dp_interaction	-0.004243524626159388	0.0015801158679510934	0.008986150035419938
log-power-percpmusd.mapjitter.klw	Risky first	28.0	2.256031999116908	dp_interaction	-0.003921287476108941	0.0019774887365455775	0.009716485768966188
log-power-percpmusd.mapjitter.klw	Risky first	28.0	2.3188114148826	dp_interaction	-0.003652915493887395	0.002356062004095807	0.010453893472536007
log-power-percpmusd.mapjitter.klw	Risky first	28.0	2.3833378160835275	dp_interaction	-0.0033726024346847354	0.0027183776965400736	0.011126929034205622
log-power-percpmusd.mapjitter.klw	Risky first	28.0	2.4496598167132055	dp_interaction	-0.0031287868171121745	0.0030587164339838956	0.011766913350002964
log-power-percpmusd.mapjitter.klw	Risky first	28.0	2.5178273835642724	dp_interaction	-0.002904856555471383	0.0033779609490060636	0.012401429116188243
log-power-percpmusd.mapjitter.klw	Risky first	28.0	2.58789187387332	dp_interaction	-0.0027033903593464983	0.0036739829852503025	0.012959854033390292
log-power-percpmusd.mapjitter.klw	Risky first	28.0	2.659906074013276	dp_interaction	-0.0025238105174048347	0.0039369871142750845	0.013491490886527142
log-power-percpmusd.mapjitter.klw	Risky first	28.0	2.7339242392624983	dp_interaction	-0.0023964603989736857	0.004178464374797408	0.014002051182080418
log-power-percpmusd.mapjitter.klw	Risky first	28.0	2.8100021346805373	dp_interaction	-0.002304755311380331	0.004352035244571024	0.014500295765821347
log-power-percpmusd.mapjitter.klw	Risky first	28.0	2.8881970771213568	dp_interaction	-0.002221415130557341	0.004506488720496275	0.014971513061503617
log-power-percpmusd.mapjitter.klw	Risky first	28.0	2.9685679784156793	dp_interaction	-0.0021766369449936927	0.0046381871805528975	0.015421427931534526
log-power-percpmusd.mapjitter.klw	Risky first	28.0	3.051175389754982	dp_interaction	-0.002153255402506789	0.004762893922787359	0.015880323023909064
log-power-percpmusd.mapjitter.klw	Risky first	28.0	3.1360815473105736	dp_interaction	-0.00211884313685832	0.004850805704133134	0.016150948583747313
log-power-percpmusd.mapjitter.klw	Risky first	28.0	3.2233504191221405	dp_interaction	-0.0020716027561324805	0.004916576391023915	0.01647007726014514
log-power-percpmusd.mapjitter.klw	Risky first	28.0	3.31304775329107	dp_interaction	-0.0021249589271287103	0.00497140495247698	0.016738267374996348
log-power-percpmusd.mapjitter.klw	Risky first	28.0	3.40524112751487	dp_interaction	-0.002156390118563651	0.005008978815510096	0.016971235826822417
log-power-percpmusd.mapjitter.klw	Risky first	28.0	3.5000000000000004	dp_interaction	-0.0022039519651789294	0.005017418738542688	0.017197426321908325
log-power-percpmusd.mapjitter.klw	Risky first	28.0	1.2	num_shift	-0.00041193581905763556	0.03645867989678453	0.07437762581048983
log-power-percpmusd.mapjitter.klw	Risky first	28.0	1.233392832614218	num_shift	-0.0003061907598762524	0.03616480240094248	0.07370306214907872
log-power-percpmusd.mapjitter.klw	Risky first	28.0	1.267714899620104	num_shift	-0.00032678607509398314	0.0357845225814327	0.07309827201753892
log-power-percpmusd.mapjitter.klw	Risky first	28.0	1.3029920591580744	num_shift	-9.823670079019746e-05	0.035522819922279354	0.07248481579443047
log-power-percpmusd.mapjitter.klw	Risky first	28.0	1.339250888932342	num_shift	-7.215586459198887e-05	0.03526436015980683	0.07164810738187537
log-power-percpmusd.mapjitter.klw	Risky first	28.0	1.3765187062344757	num_shift	1.9737922927489798e-05	0.03504150876117733	0.07094473104704421
log-power-percpmusd.mapjitter.klw	Risky first	28.0	1.4148235885241658	num_shift	0.00016667337774455576	0.03482654143654518	0.07047302941087139
log-power-percpmusd.mapjitter.klw	Risky first	28.0	1.454194394582695	num_shift	0.0003924024388112162	0.03467003102712014	0.06988205789665367
log-power-percpmusd.mapjitter.klw	Risky first	28.0	1.4946607862550567	num_shift	0.0004375749076665093	0.03446320967374247	0.06952780364775896
log-power-percpmusd.mapjitter.klw	Risky first	28.0	1.5362532507970992	num_shift	0.0004608404633894904	0.034342724252892164	0.06919171028511772
log-power-percpmusd.mapjitter.klw	Risky first	28.0	1.579003123844529	num_shift	0.00048725673145024004	0.03428161740987974	0.06874367678100775
log-power-percpmusd.mapjitter.klw	Risky first	28.0	1.6229426130210856	num_shift	0.0006052761946116664	0.03413222901947728	0.06861783913664458
log-power-percpmusd.mapjitter.klw	Risky first	28.0	1.6681048222036647	num_shift	0.0007415004283958564	0.03407159876265706	0.06822268362279658
log-power-percpmusd.mapjitter.klw	Risky first	28.0	1.714523776462679	num_shift	0.0007460071997664228	0.03402437288268552	0.06796749957370489
log-power-percpmusd.mapjitter.klw	Risky first	28.0	1.7622344476964418	num_shift	0.0007702272389899748	0.034003359517321655	0.06782569129146349
log-power-percpmusd.mapjitter.klw	Risky first	28.0	1.8112727809788889	num_shift	0.0007111981319529119	0.034037821534985246	0.06771422730699612
log-power-percpmusd.mapjitter.klw	Risky first	28.0	1.861675721640487	num_shift	0.0007707237308998027	0.03405955942559001	0.06769420966058014
log-power-percpmusd.mapjitter.klw	Risky first	28.0	1.9134812431027324	num_shift	0.000699046571735799	0.034061891092826244	0.06775841162252075
log-power-percpmusd.mapjitter.klw	Risky first	28.0	1.9667283754872122	num_shift	0.00036949753138048393	0.03415335747357919	0.06804094388352337
log-power-percpmusd.mapjitter.klw	Risky first	28.0	2.021457235020777	num_shift	0.00026539986126847005	0.034208786365035715	0.06857008253730566
log-power-percpmusd.mapjitter.klw	Risky first	28.0	2.0777090542589844	num_shift	0.00012983616391102376	0.03431267710911525	0.06887549449939637
log-power-percpmusd.mapjitter.klw	Risky first	28.0	2.1355262131505808	num_shift	-0.0003857468543845495	0.034378633477643965	0.06946323200630176
log-power-percpmusd.mapjitter.klw	Risky first	28.0	2.1949522709664246	num_shift	-0.0007360836780730698	0.03446863119354482	0.07010891640102898
log-power-percpmusd.mapjitter.klw	Risky first	28.0	2.256031999116908	num_shift	-0.0009366097505059992	0.034709640573099526	0.07095131408170968
log-power-percpmusd.mapjitter.klw	Risky first	28.0	2.3188114148826	num_shift	-0.0014485371453020629	0.03495693100984102	0.07189554644749539
log-power-percpmusd.mapjitter.klw	Risky first	28.0	2.3833378160835275	num_shift	-0.001954404668172291	0.03520736048365285	0.07292592665018856
log-power-percpmusd.mapjitter.klw	Risky first	28.0	2.4496598167132055	num_shift	-0.002587878273238717	0.035483564126117376	0.07410650835480569
log-power-percpmusd.mapjitter.klw	Risky first	28.0	2.5178273835642724	num_shift	-0.003069923898521687	0.03580108794600832	0.07536424600955928
log-power-percpmusd.mapjitter.klw	Risky first	28.0	2.58789187387332	num_shift	-0.0037924626819772693	0.036100164001376764	0.07671548141737013
log-power-percpmusd.mapjitter.klw	Risky first	28.0	2.659906074013276	num_shift	-0.00487281234825068	0.036463491267864384	0.07803448871258152
log-power-percpmusd.mapjitter.klw	Risky first	28.0	2.7339242392624983	num_shift	-0.00569254773563586	0.03680947007962973	0.07975717592852855
log-power-percpmusd.mapjitter.klw	Risky first	28.0	2.8100021346805373	num_shift	-0.006615772577606782	0.0371239457309611	0.08154093870329149
log-power-percpmusd.mapjitter.klw	Risky first	28.0	2.8881970771213568	num_shift	-0.007674140213543447	0.037601415818690725	0.08346585966796838
log-power-percpmusd.mapjitter.klw	Risky first	28.0	2.9685679784156793	num_shift	-0.008605305415441787	0.03798269132741441	0.08548397507163223
log-power-percpmusd.mapjitter.klw	Risky first	28.0	3.051175389754982	num_shift	-0.009934211540473685	0.03842175782114151	0.0874869245630034
log-power-percpmusd.mapjitter.klw	Risky first	28.0	3.1360815473105736	num_shift	-0.011315076172493955	0.03892548378739452	0.08958980780473773
log-power-percpmusd.mapjitter.klw	Risky first	28.0	3.2233504191221405	num_shift	-0.01247343783030615	0.03943121473830107	0.09152514476094822
log-power-percpmusd.mapjitter.klw	Risky first	28.0	3.31304775329107	num_shift	-0.01403486877706818	0.04004745268841142	0.09399280975822759
log-power-percpmusd.mapjitter.klw	Risky first	28.0	3.40524112751487	num_shift	-0.015700364975966007	0.040615562077068665	0.09657440697307532
log-power-percpmusd.mapjitter.klw	Risky first	28.0	3.5000000000000004	num_shift	-0.01690956652249611	0.04114993524889224	0.0991740344017787
log-power-percpmusd.mapjitter.klw	Risky first	28.0	1.2	den_ratio	0.9894295877260058	1.0869400118494246	1.193570801416312
log-power-percpmusd.mapjitter.klw	Risky first	28.0	1.233392832614218	den_ratio	0.9886636122230675	1.0864162277674136	1.1936031559713087
log-power-percpmusd.mapjitter.klw	Risky first	28.0	1.267714899620104	den_ratio	0.9879293934956856	1.0859825015197742	1.1936294285145579
log-power-percpmusd.mapjitter.klw	Risky first	28.0	1.3029920591580744	den_ratio	0.9868194888139074	1.0855865343273705	1.1937191707338386
log-power-percpmusd.mapjitter.klw	Risky first	28.0	1.339250888932342	den_ratio	0.9856008579836557	1.0852330450339525	1.1936888798273313
log-power-percpmusd.mapjitter.klw	Risky first	28.0	1.3765187062344757	den_ratio	0.9847069257545036	1.0847465130853133	1.1935180860839143
log-power-percpmusd.mapjitter.klw	Risky first	28.0	1.4148235885241658	den_ratio	0.9837787175324302	1.084284632685513	1.193712125070074
log-power-percpmusd.mapjitter.klw	Risky first	28.0	1.454194394582695	den_ratio	0.9826061882771855	1.0838445670704504	1.1939985970494
log-power-percpmusd.mapjitter.klw	Risky first	28.0	1.4946607862550567	den_ratio	0.9815325793270232	1.0833505074369834	1.1941684422564678
log-power-percpmusd.mapjitter.klw	Risky first	28.0	1.5362532507970992	den_ratio	0.9805562376244998	1.0829682592807732	1.1940432423801164
log-power-percpmusd.mapjitter.klw	Risky first	28.0	1.579003123844529	den_ratio	0.9794710124068594	1.0825599323686927	1.1941445924050806
log-power-percpmusd.mapjitter.klw	Risky first	28.0	1.6229426130210856	den_ratio	0.978411687653245	1.08202281064192	1.194474179002473
log-power-percpmusd.mapjitter.klw	Risky first	28.0	1.6681048222036647	den_ratio	0.9771900899878434	1.0815568779500018	1.1949344092547074
log-power-percpmusd.mapjitter.klw	Risky first	28.0	1.714523776462679	den_ratio	0.9760340819270585	1.0810613102403335	1.1948928258961495
log-power-percpmusd.mapjitter.klw	Risky first	28.0	1.7622344476964418	den_ratio	0.9750626575009168	1.0805924424642894	1.1949325932035206
log-power-percpmusd.mapjitter.klw	Risky first	28.0	1.8112727809788889	den_ratio	0.9740566601744869	1.0800866680044272	1.1950005534888763
log-power-percpmusd.mapjitter.klw	Risky first	28.0	1.861675721640487	den_ratio	0.9725258730474134	1.079489364126843	1.194863704352331
log-power-percpmusd.mapjitter.klw	Risky first	28.0	1.9134812431027324	den_ratio	0.9712357526836304	1.0790237582279658	1.1952383799844382
log-power-percpmusd.mapjitter.klw	Risky first	28.0	1.9667283754872122	den_ratio	0.970249055698837	1.0784765656320714	1.1955010292127315
log-power-percpmusd.mapjitter.klw	Risky first	28.0	2.021457235020777	den_ratio	0.968888005515402	1.0779397449113084	1.1959581182924308
log-power-percpmusd.mapjitter.klw	Risky first	28.0	2.0777090542589844	den_ratio	0.9676002378390476	1.0773944048407293	1.1963871620985203
log-power-percpmusd.mapjitter.klw	Risky first	28.0	2.1355262131505808	den_ratio	0.9660423130571593	1.0769149807768237	1.1967084773895602
log-power-percpmusd.mapjitter.klw	Risky first	28.0	2.1949522709664246	den_ratio	0.9647726852136794	1.076270956897615	1.1970995501680097
log-power-percpmusd.mapjitter.klw	Risky first	28.0	2.256031999116908	den_ratio	0.963707303009566	1.0756012014914391	1.1974548544309187
log-power-percpmusd.mapjitter.klw	Risky first	28.0	2.3188114148826	den_ratio	0.962318124251509	1.0750441834918332	1.197885078542762
log-power-percpmusd.mapjitter.klw	Risky first	28.0	2.3833378160835275	den_ratio	0.960841807431785	1.0744427631692237	1.1984185551848436
log-power-percpmusd.mapjitter.klw	Risky first	28.0	2.4496598167132055	den_ratio	0.9593525494795786	1.0739025554454282	1.1988157307163432
log-power-percpmusd.mapjitter.klw	Risky first	28.0	2.5178273835642724	den_ratio	0.958197188782343	1.0732892832128913	1.1989690684855125
log-power-percpmusd.mapjitter.klw	Risky first	28.0	2.58789187387332	den_ratio	0.9568065738639813	1.0726421401476836	1.199291589880786
log-power-percpmusd.mapjitter.klw	Risky first	28.0	2.659906074013276	den_ratio	0.9551476991308582	1.0720736389099859	1.1995656817789888
log-power-percpmusd.mapjitter.klw	Risky first	28.0	2.7339242392624983	den_ratio	0.953741303464775	1.0713703682246936	1.199832949437524
log-power-percpmusd.mapjitter.klw	Risky first	28.0	2.8100021346805373	den_ratio	0.9522581754102506	1.0707925378811582	1.2002987799169875
log-power-percpmusd.mapjitter.klw	Risky first	28.0	2.8881970771213568	den_ratio	0.9507842136433883	1.0701062531823742	1.2007840894005013
log-power-percpmusd.mapjitter.klw	Risky first	28.0	2.9685679784156793	den_ratio	0.94935716783312	1.0695591723254338	1.201082027691462
log-power-percpmusd.mapjitter.klw	Risky first	28.0	3.051175389754982	den_ratio	0.9474719694772349	1.0689059488951218	1.2019927487408348
log-power-percpmusd.mapjitter.klw	Risky first	28.0	3.1360815473105736	den_ratio	0.9458263359444755	1.0682514427690828	1.2029064099782996
log-power-percpmusd.mapjitter.klw	Risky first	28.0	3.2233504191221405	den_ratio	0.9440598675958055	1.0676422555807972	1.2035234813588689
log-power-percpmusd.mapjitter.klw	Risky first	28.0	3.31304775329107	den_ratio	0.9423845469163336	1.067054555123946	1.2044128630324396
log-power-percpmusd.mapjitter.klw	Risky first	28.0	3.40524112751487	den_ratio	0.9406201893010793	1.066527110788191	1.2049628618585724
log-power-percpmusd.mapjitter.klw	Risky first	28.0	3.5000000000000004	den_ratio	0.9389297286680737	1.0659227980918544	1.2055082092390434
log-power-percpmusd.mapjitter.klw	Risky second	7.0	1.2	p_vertex	0.11208784161351969	0.14673461721551043	0.18920543631917394
log-power-percpmusd.mapjitter.klw	Risky second	7.0	1.233392832614218	p_vertex	0.12489014658893122	0.16028069837086623	0.20311059074049603
log-power-percpmusd.mapjitter.klw	Risky second	7.0	1.267714899620104	p_vertex	0.13893939022457227	0.17502538324141048	0.21807196648235222
log-power-percpmusd.mapjitter.klw	Risky second	7.0	1.3029920591580744	p_vertex	0.15465436081025025	0.1909036676126762	0.23393965925852772
log-power-percpmusd.mapjitter.klw	Risky second	7.0	1.339250888932342	p_vertex	0.17141461945203468	0.20797253148445588	0.2509871178951864
log-power-percpmusd.mapjitter.klw	Risky second	7.0	1.3765187062344757	p_vertex	0.18919308915165722	0.2263807137954722	0.26905204032012825
log-power-percpmusd.mapjitter.klw	Risky second	7.0	1.4148235885241658	p_vertex	0.20864001489709375	0.24594162402696934	0.2886682415333271
log-power-percpmusd.mapjitter.klw	Risky second	7.0	1.454194394582695	p_vertex	0.22921513064581328	0.26676756387714506	0.3090553233958157
log-power-percpmusd.mapjitter.klw	Risky second	7.0	1.4946607862550567	p_vertex	0.25090175418655747	0.28869836538159155	0.33032448929132785
log-power-percpmusd.mapjitter.klw	Risky second	7.0	1.5362532507970992	p_vertex	0.2739613191827691	0.3116740463525892	0.35234110093969256
log-power-percpmusd.mapjitter.klw	Risky second	7.0	1.579003123844529	p_vertex	0.29797945315704616	0.3354963932425352	0.37539995377082536
log-power-percpmusd.mapjitter.klw	Risky second	7.0	1.6229426130210856	p_vertex	0.32283633335720924	0.3601937994320522	0.39903699830757833
log-power-percpmusd.mapjitter.klw	Risky second	7.0	1.6681048222036647	p_vertex	0.34858918779323417	0.38556505793978246	0.42327617261064
log-power-percpmusd.mapjitter.klw	Risky second	7.0	1.714523776462679	p_vertex	0.37502010098167116	0.41138371005604946	0.44790268876780515
log-power-percpmusd.mapjitter.klw	Risky second	7.0	1.7622344476964418	p_vertex	0.4016369116616149	0.4376017955450374	0.4731422738670674
log-power-percpmusd.mapjitter.klw	Risky second	7.0	1.8112727809788889	p_vertex	0.4281532270444671	0.4639356652047105	0.4985337043004182
log-power-percpmusd.mapjitter.klw	Risky second	7.0	1.861675721640487	p_vertex	0.4545778764336533	0.49015428975583797	0.5239470793571569
log-power-percpmusd.mapjitter.klw	Risky second	7.0	1.9134812431027324	p_vertex	0.4807690273000971	0.5161668517220017	0.5493596365200623
log-power-percpmusd.mapjitter.klw	Risky second	7.0	1.9667283754872122	p_vertex	0.5064775101843869	0.5415979762861791	0.5743552062762299
log-power-percpmusd.mapjitter.klw	Risky second	7.0	2.021457235020777	p_vertex	0.5316176740358471	0.5665535500696307	0.5991147269181922
log-power-percpmusd.mapjitter.klw	Risky second	7.0	2.0777090542589844	p_vertex	0.5560567179151903	0.5906456792728854	0.6229903399354206
log-power-percpmusd.mapjitter.klw	Risky second	7.0	2.1355262131505808	p_vertex	0.5796619846694473	0.6140325137212401	0.6461146030896419
log-power-percpmusd.mapjitter.klw	Risky second	7.0	2.1949522709664246	p_vertex	0.6024156387282609	0.6365955812210096	0.6686184435338376
log-power-percpmusd.mapjitter.klw	Risky second	7.0	2.256031999116908	p_vertex	0.624295747608484	0.6581789502254073	0.6900356107093305
log-power-percpmusd.mapjitter.klw	Risky second	7.0	2.3188114148826	p_vertex	0.6451312001001833	0.6788199298786348	0.7102943441860311
log-power-percpmusd.mapjitter.klw	Risky second	7.0	2.3833378160835275	p_vertex	0.6650868356432309	0.6983906656185738	0.7295651479753558
log-power-percpmusd.mapjitter.klw	Risky second	7.0	2.4496598167132055	p_vertex	0.683969387862796	0.716993318983411	0.7476058707040275
log-power-percpmusd.mapjitter.klw	Risky second	7.0	2.5178273835642724	p_vertex	0.7018694339668203	0.7344449177686461	0.7646995965965916
log-power-percpmusd.mapjitter.klw	Risky second	7.0	2.58789187387332	p_vertex	0.7188418669894745	0.7508673108254662	0.7806438469998453
log-power-percpmusd.mapjitter.klw	Risky second	7.0	2.659906074013276	p_vertex	0.7347707330894896	0.7663513022002053	0.7955908934987471
log-power-percpmusd.mapjitter.klw	Risky second	7.0	2.7339242392624983	p_vertex	0.7498509101333811	0.7808283054844316	0.8095370499855907
log-power-percpmusd.mapjitter.klw	Risky second	7.0	2.8100021346805373	p_vertex	0.7638477098844457	0.7944574072261865	0.8225073395828169
log-power-percpmusd.mapjitter.klw	Risky second	7.0	2.8881970771213568	p_vertex	0.77717741102163	0.8072021896910404	0.8345120667147016
log-power-percpmusd.mapjitter.klw	Risky second	7.0	2.9685679784156793	p_vertex	0.7895630998084061	0.8190752358900409	0.8455680492855611
log-power-percpmusd.mapjitter.klw	Risky second	7.0	3.051175389754982	p_vertex	0.8012191550651471	0.8301575792850928	0.8558612250730349
log-power-percpmusd.mapjitter.klw	Risky second	7.0	3.1360815473105736	p_vertex	0.8121932611420909	0.8404837490541623	0.8655434423767862
log-power-percpmusd.mapjitter.klw	Risky second	7.0	3.2233504191221405	p_vertex	0.8223999727186787	0.8501962493249231	0.8744539982891115
log-power-percpmusd.mapjitter.klw	Risky second	7.0	3.31304775329107	p_vertex	0.8320593385662655	0.8592150121887153	0.8827293669383944
log-power-percpmusd.mapjitter.klw	Risky second	7.0	3.40524112751487	p_vertex	0.8410659974832425	0.8676142614856126	0.8904393982827525
log-power-percpmusd.mapjitter.klw	Risky second	7.0	3.5000000000000004	p_vertex	0.8495224299484254	0.8754817292174353	0.8974055772207039
log-power-percpmusd.mapjitter.klw	Risky second	7.0	1.2	p_full	0.15701932839556743	0.19721823165676525	0.24248672029025325
log-power-percpmusd.mapjitter.klw	Risky second	7.0	1.233392832614218	p_full	0.17200727526149484	0.21237337523896915	0.2572398371752118
log-power-percpmusd.mapjitter.klw	Risky second	7.0	1.267714899620104	p_full	0.18830666940670063	0.22855835122234985	0.2728979808652569
log-power-percpmusd.mapjitter.klw	Risky second	7.0	1.3029920591580744	p_full	0.20564475998155082	0.24567316024622554	0.2893448033343198
log-power-percpmusd.mapjitter.klw	Risky second	7.0	1.339250888932342	p_full	0.22406988073709208	0.2635930571539195	0.3066202714222807
log-power-percpmusd.mapjitter.klw	Risky second	7.0	1.3765187062344757	p_full	0.24327147896784201	0.28238733313680775	0.3247202131123555
log-power-percpmusd.mapjitter.klw	Risky second	7.0	1.4148235885241658	p_full	0.26349663613845586	0.3020115082719799	0.3433080091397286
log-power-percpmusd.mapjitter.klw	Risky second	7.0	1.454194394582695	p_full	0.28477448016782697	0.32235785741513934	0.36249174502712994
log-power-percpmusd.mapjitter.klw	Risky second	7.0	1.4946607862550567	p_full	0.3066769927312334	0.3434676573049291	0.38231795689453835
log-power-percpmusd.mapjitter.klw	Risky second	7.0	1.5362532507970992	p_full	0.3291940415420457	0.3650307644317068	0.40250542435509984
log-power-percpmusd.mapjitter.klw	Risky second	7.0	1.579003123844529	p_full	0.3521551226712318	0.38710950482454526	0.4236068653150909
log-power-percpmusd.mapjitter.klw	Risky second	7.0	1.6229426130210856	p_full	0.37571774094432464	0.40957759902613267	0.4449459099067304
log-power-percpmusd.mapjitter.klw	Risky second	7.0	1.6681048222036647	p_full	0.3994981074130755	0.4323256643258527	0.466459620556464
log-power-percpmusd.mapjitter.klw	Risky second	7.0	1.714523776462679	p_full	0.42318257199984444	0.45522930415464113	0.4882031893232727
log-power-percpmusd.mapjitter.klw	Risky second	7.0	1.7622344476964418	p_full	0.44675492086198954	0.47810786392235627	0.5100534672621465
log-power-percpmusd.mapjitter.klw	Risky second	7.0	1.8112727809788889	p_full	0.4702514709980998	0.5009384922657798	0.5322109948470057
log-power-percpmusd.mapjitter.klw	Risky second	7.0	1.861675721640487	p_full	0.4933951590644836	0.5235910661478821	0.5540896352901896
log-power-percpmusd.mapjitter.klw	Risky second	7.0	1.9134812431027324	p_full	0.5163056839615825	0.5459020007645202	0.5760704707502291
log-power-percpmusd.mapjitter.klw	Risky second	7.0	1.9667283754872122	p_full	0.5385139995449587	0.5678971112070537	0.5976133752019758
log-power-percpmusd.mapjitter.klw	Risky second	7.0	2.021457235020777	p_full	0.5601235864282811	0.589367433983732	0.6188371371268859
log-power-percpmusd.mapjitter.klw	Risky second	7.0	2.0777090542589844	p_full	0.5811208419354709	0.6102857016135372	0.6394871294684147
log-power-percpmusd.mapjitter.klw	Risky second	7.0	2.1355262131505808	p_full	0.6013783428036251	0.6305221845555866	0.6597972067720597
log-power-percpmusd.mapjitter.klw	Risky second	7.0	2.1949522709664246	p_full	0.6207652900665761	0.6501000526289327	0.6792412187838692
log-power-percpmusd.mapjitter.klw	Risky second	7.0	2.256031999116908	p_full	0.6396021026915139	0.6689090251173487	0.6980406185485322
log-power-percpmusd.mapjitter.klw	Risky second	7.0	2.3188114148826	p_full	0.6574599287440569	0.6869801525061026	0.7161543385665672
log-power-percpmusd.mapjitter.klw	Risky second	7.0	2.3833378160835275	p_full	0.6746174362604151	0.7042799277117746	0.7334285880522571
log-power-percpmusd.mapjitter.klw	Risky second	7.0	2.4496598167132055	p_full	0.6910259139825953	0.7207597567332794	0.7497610576013423
log-power-percpmusd.mapjitter.klw	Risky second	7.0	2.5178273835642724	p_full	0.7068280960333768	0.7364575776122337	0.7652128286865132
log-power-percpmusd.mapjitter.klw	Risky second	7.0	2.58789187387332	p_full	0.7217663943710994	0.7514031110911745	0.7799133434535358
log-power-percpmusd.mapjitter.klw	Risky second	7.0	2.659906074013276	p_full	0.7358657374277571	0.7655516230536765	0.7936155747229634
log-power-percpmusd.mapjitter.klw	Risky second	7.0	2.7339242392624983	p_full	0.7494408375949506	0.7789332055695274	0.8064497484326035
log-power-percpmusd.mapjitter.klw	Risky second	7.0	2.8100021346805373	p_full	0.762462337263049	0.7915701899815504	0.8185269242098111
log-power-percpmusd.mapjitter.klw	Risky second	7.0	2.8881970771213568	p_full	0.7745141645545947	0.8034434175989813	0.8299791539447793
log-power-percpmusd.mapjitter.klw	Risky second	7.0	2.9685679784156793	p_full	0.7861516667640776	0.8146714912286095	0.8406515146825544
log-power-percpmusd.mapjitter.klw	Risky second	7.0	3.051175389754982	p_full	0.7972838173007327	0.8252056971499013	0.8506680449617873
log-power-percpmusd.mapjitter.klw	Risky second	7.0	3.1360815473105736	p_full	0.8074975052789707	0.835169215921389	0.8599596752780875
log-power-percpmusd.mapjitter.klw	Risky second	7.0	3.2233504191221405	p_full	0.8172102882494185	0.8445402295091785	0.8686212343068205
log-power-percpmusd.mapjitter.klw	Risky second	7.0	3.31304775329107	p_full	0.8266416463775762	0.8533226632837767	0.8766459239992218
log-power-percpmusd.mapjitter.klw	Risky second	7.0	3.40524112751487	p_full	0.8353912510591226	0.8615306089539784	0.8842188738707873
log-power-percpmusd.mapjitter.klw	Risky second	7.0	3.5000000000000004	p_full	0.843617974363525	0.869276895085219	0.8912995317233509
log-power-percpmusd.mapjitter.klw	Risky second	7.0	1.2	p_bias_only	0.14928766655333703	0.1867455143823677	0.22872672481313158
log-power-percpmusd.mapjitter.klw	Risky second	7.0	1.233392832614218	p_bias_only	0.16431383560950286	0.2018740377994016	0.2434730523101224
log-power-percpmusd.mapjitter.klw	Risky second	7.0	1.267714899620104	p_bias_only	0.18050059738102428	0.2181328977745796	0.2593458994638033
log-power-percpmusd.mapjitter.klw	Risky second	7.0	1.3029920591580744	p_bias_only	0.19797458033599732	0.2352977470898201	0.2763931903680913
log-power-percpmusd.mapjitter.klw	Risky second	7.0	1.339250888932342	p_bias_only	0.216523313533142	0.2536010570669853	0.2943757351745966
log-power-percpmusd.mapjitter.klw	Risky second	7.0	1.3765187062344757	p_bias_only	0.23588360063766936	0.2727692973278009	0.31300633772176106
log-power-percpmusd.mapjitter.klw	Risky second	7.0	1.4148235885241658	p_bias_only	0.2562502535865966	0.29289929806000675	0.3328436967586817
log-power-percpmusd.mapjitter.klw	Risky second	7.0	1.454194394582695	p_bias_only	0.27781571178825476	0.3139702605072785	0.3532262746612315
log-power-percpmusd.mapjitter.klw	Risky second	7.0	1.4946607862550567	p_bias_only	0.3000359040482264	0.33585960376895774	0.3744256424573848
log-power-percpmusd.mapjitter.klw	Risky second	7.0	1.5362532507970992	p_bias_only	0.3230492016501991	0.3583791516764766	0.3963203423946784
log-power-percpmusd.mapjitter.klw	Risky second	7.0	1.579003123844529	p_bias_only	0.34649952227223263	0.3814649537153286	0.4189714044057317
log-power-percpmusd.mapjitter.klw	Risky second	7.0	1.6229426130210856	p_bias_only	0.3703891516173882	0.4049992998228572	0.4420169678069553
log-power-percpmusd.mapjitter.klw	Risky second	7.0	1.6681048222036647	p_bias_only	0.39477787482660304	0.4289530609351549	0.46518321702740417
log-power-percpmusd.mapjitter.klw	Risky second	7.0	1.714523776462679	p_bias_only	0.4192163182229312	0.45310476639723785	0.48875904428083106
log-power-percpmusd.mapjitter.klw	Risky second	7.0	1.7622344476964418	p_bias_only	0.44396824888933417	0.4773299993461866	0.5121958866909471
log-power-percpmusd.mapjitter.klw	Risky second	7.0	1.8112727809788889	p_bias_only	0.46847443229312746	0.5014994422775935	0.5357517684156594
log-power-percpmusd.mapjitter.klw	Risky second	7.0	1.861675721640487	p_bias_only	0.4926141939492708	0.5254619389971289	0.5590320731666403
log-power-percpmusd.mapjitter.klw	Risky second	7.0	1.9134812431027324	p_bias_only	0.5164767157252812	0.5490719732705105	0.5821376695466285
log-power-percpmusd.mapjitter.klw	Risky second	7.0	1.9667283754872122	p_bias_only	0.5399354711860438	0.5722231924110328	0.6049847193728626
log-power-percpmusd.mapjitter.klw	Risky second	7.0	2.021457235020777	p_bias_only	0.5626571352895886	0.5947962237197134	0.6272054368113448
log-power-percpmusd.mapjitter.klw	Risky second	7.0	2.0777090542589844	p_bias_only	0.5849724080182003	0.6167698739234404	0.6485423858249899
log-power-percpmusd.mapjitter.klw	Risky second	7.0	2.1355262131505808	p_bias_only	0.6063342085155058	0.6380120419210827	0.6694226226622518
log-power-percpmusd.mapjitter.klw	Risky second	7.0	2.1949522709664246	p_bias_only	0.6267227244135314	0.6583524099657385	0.6893081737013661
log-power-percpmusd.mapjitter.klw	Risky second	7.0	2.256031999116908	p_bias_only	0.64628033671312	0.6778101575017981	0.7082825070122962
log-power-percpmusd.mapjitter.klw	Risky second	7.0	2.3188114148826	p_bias_only	0.6652345009119751	0.6964156460806141	0.726709757498647
log-power-percpmusd.mapjitter.klw	Risky second	7.0	2.3833378160835275	p_bias_only	0.6832880670783072	0.7141440516947184	0.7438307059735983
log-power-percpmusd.mapjitter.klw	Risky second	7.0	2.4496598167132055	p_bias_only	0.7005276705358411	0.7309355833794398	0.760383602590222
log-power-percpmusd.mapjitter.klw	Risky second	7.0	2.5178273835642724	p_bias_only	0.7168311561395818	0.7469564951949603	0.7757932849685504
log-power-percpmusd.mapjitter.klw	Risky second	7.0	2.58789187387332	p_bias_only	0.7323639001370021	0.7620481113279605	0.7903849879450248
log-power-percpmusd.mapjitter.klw	Risky second	7.0	2.659906074013276	p_bias_only	0.7469711017122422	0.7763006085925883	0.8041319962175297
log-power-percpmusd.mapjitter.klw	Risky second	7.0	2.7339242392624983	p_bias_only	0.7607060694473167	0.789774002902199	0.8170645527783921
log-power-percpmusd.mapjitter.klw	Risky second	7.0	2.8100021346805373	p_bias_only	0.7738034843714394	0.8023613840797506	0.8290676247155201
log-power-percpmusd.mapjitter.klw	Risky second	7.0	2.8881970771213568	p_bias_only	0.7862356948830598	0.8142126546043962	0.8403031519195522
log-power-percpmusd.mapjitter.klw	Risky second	7.0	2.9685679784156793	p_bias_only	0.7979611425856581	0.8253271666638964	0.8506582649502695
log-power-percpmusd.mapjitter.klw	Risky second	7.0	3.051175389754982	p_bias_only	0.8090234703166423	0.835769686206937	0.8602818347176004
log-power-percpmusd.mapjitter.klw	Risky second	7.0	3.1360815473105736	p_bias_only	0.819445167761889	0.8455679498785823	0.8693694314196968
log-power-percpmusd.mapjitter.klw	Risky second	7.0	3.2233504191221405	p_bias_only	0.8291437184943027	0.8547378976250841	0.8777996337414525
log-power-percpmusd.mapjitter.klw	Risky second	7.0	3.31304775329107	p_bias_only	0.8384336140860777	0.8633444383071476	0.8855923382049384
log-power-percpmusd.mapjitter.klw	Risky second	7.0	3.40524112751487	p_bias_only	0.8470342071288235	0.871380863634093	0.8929201749609157
log-power-percpmusd.mapjitter.klw	Risky second	7.0	3.5000000000000004	p_bias_only	0.8551367735062475	0.8788675058305904	0.8997264679791295
log-power-percpmusd.mapjitter.klw	Risky second	7.0	1.2	p_scale_only	0.1309078316008285	0.16332930284981168	0.20195657269612025
log-power-percpmusd.mapjitter.klw	Risky second	7.0	1.233392832614218	p_scale_only	0.1448006172638406	0.17758924637143325	0.21620759266989975
log-power-percpmusd.mapjitter.klw	Risky second	7.0	1.267714899620104	p_scale_only	0.1595064095591153	0.1929456252400682	0.2314604660284795
log-power-percpmusd.mapjitter.klw	Risky second	7.0	1.3029920591580744	p_scale_only	0.17552139005307085	0.20919431934248714	0.24775420754940147
log-power-percpmusd.mapjitter.klw	Risky second	7.0	1.339250888932342	p_scale_only	0.19276814389229124	0.22650011181150748	0.26503158491786066
log-power-percpmusd.mapjitter.klw	Risky second	7.0	1.3765187062344757	p_scale_only	0.2109323262174711	0.24477621331361224	0.2830079454043974
log-power-percpmusd.mapjitter.klw	Risky second	7.0	1.4148235885241658	p_scale_only	0.2301850188502638	0.26399256405160854	0.30160962558958215
log-power-percpmusd.mapjitter.klw	Risky second	7.0	1.454194394582695	p_scale_only	0.25027465466315674	0.28413403384912467	0.3211768513810631
log-power-percpmusd.mapjitter.klw	Risky second	7.0	1.4946607862550567	p_scale_only	0.2711735010676726	0.305105864740877	0.34141646760876
log-power-percpmusd.mapjitter.klw	Risky second	7.0	1.5362532507970992	p_scale_only	0.29316445252841095	0.3268704247804495	0.3624733889256011
log-power-percpmusd.mapjitter.klw	Risky second	7.0	1.579003123844529	p_scale_only	0.3157199080243591	0.3492890361560564	0.3842147210829028
log-power-percpmusd.mapjitter.klw	Risky second	7.0	1.6229426130210856	p_scale_only	0.3390072203097574	0.3721902741658983	0.4062688449954204
log-power-percpmusd.mapjitter.klw	Risky second	7.0	1.6681048222036647	p_scale_only	0.36272132747156904	0.3954342442114355	0.4288414674273191
log-power-percpmusd.mapjitter.klw	Risky second	7.0	1.714523776462679	p_scale_only	0.38656896699560844	0.4190740013908316	0.45177364724765595
log-power-percpmusd.mapjitter.klw	Risky second	7.0	1.7622344476964418	p_scale_only	0.41055513341622607	0.44273646814966033	0.4749671726785311
log-power-percpmusd.mapjitter.klw	Risky second	7.0	1.8112727809788889	p_scale_only	0.4344832523929447	0.46650486872565705	0.49822450041088023
log-power-percpmusd.mapjitter.klw	Risky second	7.0	1.861675721640487	p_scale_only	0.45824512499659514	0.490171153826118	0.5217206244041471
log-power-percpmusd.mapjitter.klw	Risky second	7.0	1.9134812431027324	p_scale_only	0.4818265710509714	0.5136944093176581	0.5448995178525557
log-power-percpmusd.mapjitter.klw	Risky second	7.0	1.9667283754872122	p_scale_only	0.5051478358115131	0.5368616119034822	0.5680192297173474
log-power-percpmusd.mapjitter.klw	Risky second	7.0	2.021457235020777	p_scale_only	0.5279831081035262	0.559639523230858	0.5905509083228538
log-power-percpmusd.mapjitter.klw	Risky second	7.0	2.0777090542589844	p_scale_only	0.550118121352906	0.5818834507718463	0.6127231033861205
log-power-percpmusd.mapjitter.klw	Risky second	7.0	2.1355262131505808	p_scale_only	0.5719784676280133	0.6034386562103615	0.6342141925841477
log-power-percpmusd.mapjitter.klw	Risky second	7.0	2.1949522709664246	p_scale_only	0.5929205816090161	0.6244993362699928	0.6551582485378075
log-power-percpmusd.mapjitter.klw	Risky second	7.0	2.256031999116908	p_scale_only	0.6132315108698273	0.6447500373159769	0.6754042491769349
log-power-percpmusd.mapjitter.klw	Risky second	7.0	2.3188114148826	p_scale_only	0.6328433822267582	0.6642945634525934	0.6946932955141162
log-power-percpmusd.mapjitter.klw	Risky second	7.0	2.3833378160835275	p_scale_only	0.6515589890116347	0.6830378184286608	0.7131212858655847
log-power-percpmusd.mapjitter.klw	Risky second	7.0	2.4496598167132055	p_scale_only	0.6697279075329637	0.7009341182369201	0.7308220767980725
log-power-percpmusd.mapjitter.klw	Risky second	7.0	2.5178273835642724	p_scale_only	0.6869133054107861	0.7180078988495954	0.7475016827420058
log-power-percpmusd.mapjitter.klw	Risky second	7.0	2.58789187387332	p_scale_only	0.7033936520067463	0.7342414901084706	0.7632534501658096
log-power-percpmusd.mapjitter.klw	Risky second	7.0	2.659906074013276	p_scale_only	0.7190039191912083	0.7496740768694836	0.7783314661999995
log-power-percpmusd.mapjitter.klw	Risky second	7.0	2.7339242392624983	p_scale_only	0.7341017690565649	0.7642902052577911	0.7924353980861663
log-power-percpmusd.mapjitter.klw	Risky second	7.0	2.8100021346805373	p_scale_only	0.7483829504174353	0.778113594595518	0.8056523206523278
log-power-percpmusd.mapjitter.klw	Risky second	7.0	2.8881970771213568	p_scale_only	0.7617882833218425	0.7911267686502346	0.81807808132187
log-power-percpmusd.mapjitter.klw	Risky second	7.0	2.9685679784156793	p_scale_only	0.7744705731972961	0.8034536467764897	0.8297659054829996
log-power-percpmusd.mapjitter.klw	Risky second	7.0	3.051175389754982	p_scale_only	0.7865725867985427	0.8150433335689793	0.8407465445119197
log-power-percpmusd.mapjitter.klw	Risky second	7.0	3.1360815473105736	p_scale_only	0.7978526972566229	0.8259219760949867	0.8508918548545569
log-power-percpmusd.mapjitter.klw	Risky second	7.0	3.2233504191221405	p_scale_only	0.8084985851899464	0.836121561197426	0.8603916416806539
log-power-percpmusd.mapjitter.klw	Risky second	7.0	3.31304775329107	p_scale_only	0.8185160165782925	0.8457300318394465	0.8693952554071449
log-power-percpmusd.mapjitter.klw	Risky second	7.0	3.40524112751487	p_scale_only	0.8280163295293747	0.8547596613434275	0.8777969274361345
log-power-percpmusd.mapjitter.klw	Risky second	7.0	3.5000000000000004	p_scale_only	0.8370389713714501	0.8631913567355118	0.8856326082285566
log-power-percpmusd.mapjitter.klw	Risky second	7.0	1.2	dp_full	0.005514242966049912	0.05012478132101939	0.0946471868409289
log-power-percpmusd.mapjitter.klw	Risky second	7.0	1.233392832614218	dp_full	0.006958403250685944	0.05179104932726085	0.09656500905579704
log-power-percpmusd.mapjitter.klw	Risky second	7.0	1.267714899620104	dp_full	0.008316338779503328	0.05322982961285893	0.09796785388990724
log-power-percpmusd.mapjitter.klw	Risky second	7.0	1.3029920591580744	dp_full	0.00962493250707988	0.054261957401830666	0.09902716907743746
log-power-percpmusd.mapjitter.klw	Risky second	7.0	1.339250888932342	dp_full	0.010632382767341722	0.05504306542598662	0.0994537829410194
log-power-percpmusd.mapjitter.klw	Risky second	7.0	1.3765187062344757	dp_full	0.011130577673045856	0.05564057166947539	0.09956177746601891
log-power-percpmusd.mapjitter.klw	Risky second	7.0	1.4148235885241658	dp_full	0.011735880128489713	0.055719409999412405	0.09919920874214312
log-power-percpmusd.mapjitter.klw	Risky second	7.0	1.454194394582695	dp_full	0.012234763102883633	0.055360582479758606	0.09799439857723159
log-power-percpmusd.mapjitter.klw	Risky second	7.0	1.4946607862550567	dp_full	0.012222921704776442	0.05455028990024149	0.09658021123446621
log-power-percpmusd.mapjitter.klw	Risky second	7.0	1.5362532507970992	dp_full	0.011902552095999332	0.05320155752637282	0.09455766102569807
log-power-percpmusd.mapjitter.klw	Risky second	7.0	1.579003123844529	dp_full	0.011457970517863835	0.05141657523372703	0.09160835798554813
log-power-percpmusd.mapjitter.klw	Risky second	7.0	1.6229426130210856	dp_full	0.010486670022036524	0.049228588246602284	0.08840914927733831
log-power-percpmusd.mapjitter.klw	Risky second	7.0	1.6681048222036647	dp_full	0.009107982121583891	0.04670773392989445	0.08480119137973074
log-power-percpmusd.mapjitter.klw	Risky second	7.0	1.714523776462679	dp_full	0.007381300339107621	0.043811671481451694	0.08106706921173065
log-power-percpmusd.mapjitter.klw	Risky second	7.0	1.7622344476964418	dp_full	0.005203839012705944	0.0405293622666239	0.07711490798998831
log-power-percpmusd.mapjitter.klw	Risky second	7.0	1.8112727809788889	dp_full	0.0025848251025095944	0.037037619285255785	0.0730807861071005
log-power-percpmusd.mapjitter.klw	Risky second	7.0	1.861675721640487	dp_full	-0.0001411195870346959	0.033565647465282414	0.06914935834336032
log-power-percpmusd.mapjitter.klw	Risky second	7.0	1.9134812431027324	dp_full	-0.003247862829366608	0.029982706202119923	0.06552954769875513
log-power-percpmusd.mapjitter.klw	Risky second	7.0	1.9667283754872122	dp_full	-0.006555684934916708	0.026482016130536044	0.06163782770413487
log-power-percpmusd.mapjitter.klw	Risky second	7.0	2.021457235020777	dp_full	-0.009784766442515294	0.02294846818255339	0.05795531264873613
log-power-percpmusd.mapjitter.klw	Risky second	7.0	2.0777090542589844	dp_full	-0.012913681925512111	0.0196881455920046	0.054486890595929344
log-power-percpmusd.mapjitter.klw	Risky second	7.0	2.1355262131505808	dp_full	-0.016024442832630933	0.01650112057739592	0.05101228785197988
log-power-percpmusd.mapjitter.klw	Risky second	7.0	2.1949522709664246	dp_full	-0.01890317177162948	0.013572974573186718	0.04798686457186263
log-power-percpmusd.mapjitter.klw	Risky second	7.0	2.256031999116908	dp_full	-0.021727606799388316	0.010907550574319566	0.045226309273283465
log-power-percpmusd.mapjitter.klw	Risky second	7.0	2.3188114148826	dp_full	-0.024060978817528642	0.008313414246733479	0.04256207346897339
log-power-percpmusd.mapjitter.klw	Risky second	7.0	2.3833378160835275	dp_full	-0.026254259792221304	0.005975074036166457	0.04012702329590751
log-power-percpmusd.mapjitter.klw	Risky second	7.0	2.4496598167132055	dp_full	-0.028181251336893448	0.0038875126671505445	0.037855335141676355
log-power-percpmusd.mapjitter.klw	Risky second	7.0	2.5178273835642724	dp_full	-0.029749426863700926	0.002056889392615839	0.03569141138747522
log-power-percpmusd.mapjitter.klw	Risky second	7.0	2.58789187387332	dp_full	-0.03097872520461571	0.00048806386306249414	0.03369165130206855
log-power-percpmusd.mapjitter.klw	Risky second	7.0	2.659906074013276	dp_full	-0.031864335149185935	-0.0008886606219263547	0.0318837978249699
log-power-percpmusd.mapjitter.klw	Risky second	7.0	2.7339242392624983	dp_full	-0.03264822949824209	-0.00202235980510186	0.03011240627803183
log-power-percpmusd.mapjitter.klw	Risky second	7.0	2.8100021346805373	dp_full	-0.03320446943548897	-0.0029967223096375403	0.028348436849302557
log-power-percpmusd.mapjitter.klw	Risky second	7.0	2.8881970771213568	dp_full	-0.03360064696128048	-0.00383194018870694	0.026903908872488936
log-power-percpmusd.mapjitter.klw	Risky second	7.0	2.9685679784156793	dp_full	-0.03376487564245256	-0.004509712447302644	0.02556048472857905
log-power-percpmusd.mapjitter.klw	Risky second	7.0	3.051175389754982	dp_full	-0.03363710694847027	-0.005014980358371537	0.024276054557350536
log-power-percpmusd.mapjitter.klw	Risky second	7.0	3.1360815473105736	dp_full	-0.033393502860181584	-0.005432899808965202	0.02306172182756447
log-power-percpmusd.mapjitter.klw	Risky second	7.0	3.2233504191221405	dp_full	-0.03310254581405338	-0.005790481751679696	0.021997617319896048
log-power-percpmusd.mapjitter.klw	Risky second	7.0	3.31304775329107	dp_full	-0.032716126288712594	-0.006059530502047869	0.02090948351481414
log-power-percpmusd.mapjitter.klw	Risky second	7.0	3.40524112751487	dp_full	-0.032244439474276076	-0.006189450025148743	0.020034242408259406
log-power-percpmusd.mapjitter.klw	Risky second	7.0	3.5000000000000004	dp_full	-0.03165597703942279	-0.006318987854276183	0.019181618288103542
log-power-percpmusd.mapjitter.klw	Risky second	7.0	1.2	dp_bias	0.00724424583623492	0.03924410776349324	0.0731536080558004
log-power-percpmusd.mapjitter.klw	Risky second	7.0	1.233392832614218	dp_bias	0.008243295677250967	0.040985324278025995	0.07547794558865828
log-power-percpmusd.mapjitter.klw	Risky second	7.0	1.267714899620104	dp_bias	0.009057614524404366	0.04250289914235437	0.07763235691379598
log-power-percpmusd.mapjitter.klw	Risky second	7.0	1.3029920591580744	dp_bias	0.0097425974523361	0.04383313393944138	0.07948763638109729
log-power-percpmusd.mapjitter.klw	Risky second	7.0	1.339250888932342	dp_bias	0.010362698964605593	0.04499857827479799	0.08107397857048554
log-power-percpmusd.mapjitter.klw	Risky second	7.0	1.3765187062344757	dp_bias	0.010935080275435088	0.045858822338648436	0.08215378893358645
log-power-percpmusd.mapjitter.klw	Risky second	7.0	1.4148235885241658	dp_bias	0.011104853391320066	0.04641036247428609	0.08300031478401666
log-power-percpmusd.mapjitter.klw	Risky second	7.0	1.454194394582695	dp_bias	0.011238875424015565	0.04673884565902485	0.08369612024383657
log-power-percpmusd.mapjitter.klw	Risky second	7.0	1.4946607862550567	dp_bias	0.011058469031092958	0.04666139733429303	0.08395646061280053
log-power-percpmusd.mapjitter.klw	Risky second	7.0	1.5362532507970992	dp_bias	0.010544134968261674	0.04631579509681648	0.08387162843192852
log-power-percpmusd.mapjitter.klw	Risky second	7.0	1.579003123844529	dp_bias	0.009724675568602239	0.04567291632339321	0.08305830967359966
log-power-percpmusd.mapjitter.klw	Risky second	7.0	1.6229426130210856	dp_bias	0.008758660630565147	0.04461926746524222	0.08198156076637785
log-power-percpmusd.mapjitter.klw	Risky second	7.0	1.6681048222036647	dp_bias	0.007640454807914932	0.04331424958834587	0.08038240851731299
log-power-percpmusd.mapjitter.klw	Risky second	7.0	1.714523776462679	dp_bias	0.006615259121125562	0.04173788655137499	0.07878611473692353
log-power-percpmusd.mapjitter.klw	Risky second	7.0	1.7622344476964418	dp_bias	0.0050277810900770615	0.039881523606309685	0.07658725777311166
log-power-percpmusd.mapjitter.klw	Risky second	7.0	1.8112727809788889	dp_bias	0.003391198644816364	0.03781686127237649	0.0741458359391566
log-power-percpmusd.mapjitter.klw	Risky second	7.0	1.861675721640487	dp_bias	0.0017001322114435936	0.03559771918755118	0.07165507631780255
log-power-percpmusd.mapjitter.klw	Risky second	7.0	1.9134812431027324	dp_bias	-7.141821114801272e-05	0.03322934507850045	0.06883050566780177
log-power-percpmusd.mapjitter.klw	Risky second	7.0	1.9667283754872122	dp_bias	-0.002156039561496495	0.030805721020241046	0.06597125167899938
log-power-percpmusd.mapjitter.klw	Risky second	7.0	2.021457235020777	dp_bias	-0.003949969021052132	0.028384831314971427	0.06321724718057166
log-power-percpmusd.mapjitter.klw	Risky second	7.0	2.0777090542589844	dp_bias	-0.0058122409347810345	0.026020772309611546	0.06037278169401476
log-power-percpmusd.mapjitter.klw	Risky second	7.0	2.1355262131505808	dp_bias	-0.007403500103333698	0.02375617426675162	0.05745065345984526
log-power-percpmusd.mapjitter.klw	Risky second	7.0	2.1949522709664246	dp_bias	-0.009135992289488042	0.02163079417725025	0.05445943972837394
log-power-percpmusd.mapjitter.klw	Risky second	7.0	2.256031999116908	dp_bias	-0.01076512440198212	0.019565837700209445	0.051518639723959904
log-power-percpmusd.mapjitter.klw	Risky second	7.0	2.3188114148826	dp_bias	-0.0120712588720727	0.01758125529242574	0.04873959543910654
log-power-percpmusd.mapjitter.klw	Risky second	7.0	2.3833378160835275	dp_bias	-0.013300707605610026	0.01574147076057314	0.04617626743897791
log-power-percpmusd.mapjitter.klw	Risky second	7.0	2.4496598167132055	dp_bias	-0.014279445134153364	0.01403768262304943	0.043592996209770585
log-power-percpmusd.mapjitter.klw	Risky second	7.0	2.5178273835642724	dp_bias	-0.014994123111303758	0.012489091833697577	0.041270295327173995
log-power-percpmusd.mapjitter.klw	Risky second	7.0	2.58789187387332	dp_bias	-0.01558553315750718	0.011117253984598292	0.038896094156573274
log-power-percpmusd.mapjitter.klw	Risky second	7.0	2.659906074013276	dp_bias	-0.016116441144196275	0.009887929879716189	0.03671459484139097
log-power-percpmusd.mapjitter.klw	Risky second	7.0	2.7339242392624983	dp_bias	-0.0163392951386998	0.008806628892406293	0.03461150533928644
log-power-percpmusd.mapjitter.klw	Risky second	7.0	2.8100021346805373	dp_bias	-0.016384250180405128	0.007831560279172527	0.03277820895125358
log-power-percpmusd.mapjitter.klw	Risky second	7.0	2.8881970771213568	dp_bias	-0.016435558917698368	0.006970166838118127	0.030951835740724902
log-power-percpmusd.mapjitter.klw	Risky second	7.0	2.9685679784156793	dp_bias	-0.01631985294542492	0.006227580000292831	0.029330737954956648
log-power-percpmusd.mapjitter.klw	Risky second	7.0	3.051175389754982	dp_bias	-0.01617779696177604	0.005563711635894763	0.027791635050570786
log-power-percpmusd.mapjitter.klw	Risky second	7.0	3.1360815473105736	dp_bias	-0.015915772189395938	0.005035643796866375	0.026397559711800397
log-power-percpmusd.mapjitter.klw	Risky second	7.0	3.2233504191221405	dp_bias	-0.015613659006591719	0.004560775340783742	0.025152154935617833
log-power-percpmusd.mapjitter.klw	Risky second	7.0	3.31304775329107	dp_bias	-0.015322383375736891	0.004127453206659172	0.023990034630403327
log-power-percpmusd.mapjitter.klw	Risky second	7.0	3.40524112751487	dp_bias	-0.014945730327275803	0.0037948871834041237	0.022904779498772378
log-power-percpmusd.mapjitter.klw	Risky second	7.0	3.5000000000000004	dp_bias	-0.014655000113838839	0.0035264648839735176	0.0218736272711841
log-power-percpmusd.mapjitter.klw	Risky second	7.0	1.2	dp_scale	-0.004273462873645184	0.016333155520450678	0.03742853043503244
log-power-percpmusd.mapjitter.klw	Risky second	7.0	1.233392832614218	dp_scale	-0.003651426243087364	0.017040392726631565	0.03830668129530992
log-power-percpmusd.mapjitter.klw	Risky second	7.0	1.267714899620104	dp_scale	-0.002964213828056092	0.01759796995587786	0.03884841546621737
log-power-percpmusd.mapjitter.klw	Risky second	7.0	1.3029920591580744	dp_scale	-0.002284373066996114	0.017968256083825945	0.03903567068798262
log-power-percpmusd.mapjitter.klw	Risky second	7.0	1.339250888932342	dp_scale	-0.0017451505301187612	0.018161089572794765	0.03897163079991087
log-power-percpmusd.mapjitter.klw	Risky second	7.0	1.3765187062344757	dp_scale	-0.0013162245651672443	0.0180833105689586	0.03836904874849694
log-power-percpmusd.mapjitter.klw	Risky second	7.0	1.4148235885241658	dp_scale	-0.0009025775127322827	0.01773186256875796	0.03730552276534782
log-power-percpmusd.mapjitter.klw	Risky second	7.0	1.454194394582695	dp_scale	-0.0007101128995814916	0.01710991262655863	0.03601255821657392
log-power-percpmusd.mapjitter.klw	Risky second	7.0	1.4946607862550567	dp_scale	-0.0006096247002889448	0.016157781701160216	0.03420047227076216
log-power-percpmusd.mapjitter.klw	Risky second	7.0	1.5362532507970992	dp_scale	-0.0006507709844038274	0.014919462274326674	0.03178800497363258
log-power-percpmusd.mapjitter.klw	Risky second	7.0	1.579003123844529	dp_scale	-0.0008410568494949708	0.013363050039358493	0.0290564854002413
log-power-percpmusd.mapjitter.klw	Risky second	7.0	1.6229426130210856	dp_scale	-0.0011358765965178775	0.011512947093570407	0.02586442049698133
log-power-percpmusd.mapjitter.klw	Risky second	7.0	1.6681048222036647	dp_scale	-0.0017186291625947891	0.009498847763492687	0.02236121814633618
log-power-percpmusd.mapjitter.klw	Risky second	7.0	1.714523776462679	dp_scale	-0.0024941404181975622	0.007261367709431172	0.018754693994157294
log-power-percpmusd.mapjitter.klw	Risky second	7.0	1.7622344476964418	dp_scale	-0.0038317698647094955	0.00488017560266924	0.015070261053717598
log-power-percpmusd.mapjitter.klw	Risky second	7.0	1.8112727809788889	dp_scale	-0.00581450198390223	0.0024917686235902906	0.011844358787635758
log-power-percpmusd.mapjitter.klw	Risky second	7.0	1.861675721640487	dp_scale	-0.008234074626509769	0.00015388414568488632	0.008807689995298077
log-power-percpmusd.mapjitter.klw	Risky second	7.0	1.9134812431027324	dp_scale	-0.01113499608430196	-0.0021054762313497868	0.006320762830701859
log-power-percpmusd.mapjitter.klw	Risky second	7.0	1.9667283754872122	dp_scale	-0.014287571786697388	-0.004350922460229785	0.004425874877590627
log-power-percpmusd.mapjitter.klw	Risky second	7.0	2.021457235020777	dp_scale	-0.01742300000141729	-0.006506722738742239	0.0030677474099473573
log-power-percpmusd.mapjitter.klw	Risky second	7.0	2.0777090542589844	dp_scale	-0.02038211723380661	-0.008497813369239528	0.001981290612917117
log-power-percpmusd.mapjitter.klw	Risky second	7.0	2.1355262131505808	dp_scale	-0.023248392045456787	-0.010292889519187005	0.0012711494658070228
log-power-percpmusd.mapjitter.klw	Risky second	7.0	2.1949522709664246	dp_scale	-0.025794336093482566	-0.011879752215053354	0.0006204499391813793
log-power-percpmusd.mapjitter.klw	Risky second	7.0	2.256031999116908	dp_scale	-0.02800086261052572	-0.013233193159209886	0.00033230400713194565
log-power-percpmusd.mapjitter.klw	Risky second	7.0	2.3188114148826	dp_scale	-0.02982459823761661	-0.014337550963950339	8.593525947374857e-05
log-power-percpmusd.mapjitter.klw	Risky second	7.0	2.3833378160835275	dp_scale	-0.031203308042370304	-0.015208720916316684	-3.6996087983223323e-05
log-power-percpmusd.mapjitter.klw	Risky second	7.0	2.4496598167132055	dp_scale	-0.032276531631203635	-0.0158731523155331	-1.187846457447129e-05
log-power-percpmusd.mapjitter.klw	Risky second	7.0	2.5178273835642724	dp_scale	-0.033058626533006126	-0.016309556731640355	1.616404990197423e-05
log-power-percpmusd.mapjitter.klw	Risky second	7.0	2.58789187387332	dp_scale	-0.03357936757113921	-0.01654807495606528	8.152709727889988e-05
log-power-percpmusd.mapjitter.klw	Risky second	7.0	2.659906074013276	dp_scale	-0.03383518588829511	-0.016631122609907567	0.00028444789023426836
log-power-percpmusd.mapjitter.klw	Risky second	7.0	2.7339242392624983	dp_scale	-0.03389108408645653	-0.016553586078691764	0.00048529126283130235
log-power-percpmusd.mapjitter.klw	Risky second	7.0	2.8100021346805373	dp_scale	-0.03377209825028723	-0.01631540626809761	0.0007161866822105428
log-power-percpmusd.mapjitter.klw	Risky second	7.0	2.8881970771213568	dp_scale	-0.033367972653500125	-0.015993902517930217	0.0009541181033511817
log-power-percpmusd.mapjitter.klw	Risky second	7.0	2.9685679784156793	dp_scale	-0.032825615458788565	-0.015580198694349207	0.0012311293028470143
log-power-percpmusd.mapjitter.klw	Risky second	7.0	3.051175389754982	dp_scale	-0.032131983225762585	-0.015121332438973952	0.0016816963222249035
log-power-percpmusd.mapjitter.klw	Risky second	7.0	3.1360815473105736	dp_scale	-0.03136569915875783	-0.014594627733784022	0.001957297791420926
log-power-percpmusd.mapjitter.klw	Risky second	7.0	3.2233504191221405	dp_scale	-0.030547342597287915	-0.014051068772396133	0.0021789158399565466
log-power-percpmusd.mapjitter.klw	Risky second	7.0	3.31304775329107	dp_scale	-0.029660936186506268	-0.013480328273240307	0.0024078895703483084
log-power-percpmusd.mapjitter.klw	Risky second	7.0	3.40524112751487	dp_scale	-0.028739158978361462	-0.012868466358726082	0.002700886036255413
log-power-percpmusd.mapjitter.klw	Risky second	7.0	3.5000000000000004	dp_scale	-0.027752938761997126	-0.012224454865596167	0.0029497181590714856
log-power-percpmusd.mapjitter.klw	Risky second	7.0	1.2	dp_interaction	-0.015316927820702313	-0.00507062156730943	0.0002396670202798002
log-power-percpmusd.mapjitter.klw	Risky second	7.0	1.233392832614218	dp_interaction	-0.01640312833738184	-0.005788465386965761	-8.802222152832458e-05
log-power-percpmusd.mapjitter.klw	Risky second	7.0	1.267714899620104	dp_interaction	-0.017325924374087313	-0.006465236831749514	-0.00038252275094000283
log-power-percpmusd.mapjitter.klw	Risky second	7.0	1.3029920591580744	dp_interaction	-0.018198510156918066	-0.007054548213710313	-0.0005697958660924587
log-power-percpmusd.mapjitter.klw	Risky second	7.0	1.339250888932342	dp_interaction	-0.018904952996961023	-0.0075668316843391335	-0.0006975488260775273
log-power-percpmusd.mapjitter.klw	Risky second	7.0	1.3765187062344757	dp_interaction	-0.019457919595406208	-0.00794775864021435	-0.0007906965455224079
log-power-percpmusd.mapjitter.klw	Risky second	7.0	1.4148235885241658	dp_interaction	-0.019755549678892995	-0.008190854877283802	-0.0008509665045627021
log-power-percpmusd.mapjitter.klw	Risky second	7.0	1.454194394582695	dp_interaction	-0.019887253291767885	-0.008278776539589836	-0.0008528721109165513
log-power-percpmusd.mapjitter.klw	Risky second	7.0	1.4946607862550567	dp_interaction	-0.019658609591626623	-0.008203382740853173	-0.0008010584273990975
log-power-percpmusd.mapjitter.klw	Risky second	7.0	1.5362532507970992	dp_interaction	-0.019038485449846043	-0.007922103484597608	-0.0006750003693689465
log-power-percpmusd.mapjitter.klw	Risky second	7.0	1.579003123844529	dp_interaction	-0.018232727987090542	-0.007455431878040902	-0.0004519103676965588
log-power-percpmusd.mapjitter.klw	Risky second	7.0	1.6229426130210856	dp_interaction	-0.01720382798358881	-0.006808496275141452	-0.000163995352422659
log-power-percpmusd.mapjitter.klw	Risky second	7.0	1.6681048222036647	dp_interaction	-0.015829169792247723	-0.006006124232790338	0.00024448385297458217
log-power-percpmusd.mapjitter.klw	Risky second	7.0	1.714523776462679	dp_interaction	-0.014300763094815594	-0.00509811490057367	0.0008811568674489919
log-power-percpmusd.mapjitter.klw	Risky second	7.0	1.7622344476964418	dp_interaction	-0.012637297658187118	-0.0040930642395093485	0.0017037196764221846
log-power-percpmusd.mapjitter.klw	Risky second	7.0	1.8112727809788889	dp_interaction	-0.010956325402910744	-0.0030326793904090826	0.0026599098850632963
log-power-percpmusd.mapjitter.klw	Risky second	7.0	1.861675721640487	dp_interaction	-0.00927911797216901	-0.0019606786364955373	0.003810700998895338
log-power-percpmusd.mapjitter.klw	Risky second	7.0	1.9134812431027324	dp_interaction	-0.007752366416076768	-0.0009300778619572877	0.00512368833617242
log-power-percpmusd.mapjitter.klw	Risky second	7.0	1.9667283754872122	dp_interaction	-0.006262851629668117	8.541099155877997e-05	0.006589517160892105
log-power-percpmusd.mapjitter.klw	Risky second	7.0	2.021457235020777	dp_interaction	-0.004979079324405623	0.0010671303798550724	0.00796108316341408
log-power-percpmusd.mapjitter.klw	Risky second	7.0	2.0777090542589844	dp_interaction	-0.0038556558821769556	0.00199866654832962	0.009373051274289102
log-power-percpmusd.mapjitter.klw	Risky second	7.0	2.1355262131505808	dp_interaction	-0.0029893064096516114	0.002856290984611149	0.010678188525852275
log-power-percpmusd.mapjitter.klw	Risky second	7.0	2.1949522709664246	dp_interaction	-0.0022044240013947914	0.003620309463534379	0.011768435273448462
log-power-percpmusd.mapjitter.klw	Risky second	7.0	2.256031999116908	dp_interaction	-0.0015494718926368934	0.004238920335385447	0.012639305880150968
log-power-percpmusd.mapjitter.klw	Risky second	7.0	2.3188114148826	dp_interaction	-0.0010436149854252457	0.004754603212717564	0.013283094298272303
log-power-percpmusd.mapjitter.klw	Risky second	7.0	2.3833378160835275	dp_interaction	-0.0006218195134530003	0.005141060459600199	0.013725317685050347
log-power-percpmusd.mapjitter.klw	Risky second	7.0	2.4496598167132055	dp_interaction	-0.00031076324026925597	0.005406444691156815	0.01397457694994473
log-power-percpmusd.mapjitter.klw	Risky second	7.0	2.5178273835642724	dp_interaction	-7.604245005923145e-05	0.00555293281381019	0.014004092785058092
log-power-percpmusd.mapjitter.klw	Risky second	7.0	2.58789187387332	dp_interaction	0.00012448776644132054	0.0056018534391533495	0.013905475651920057
log-power-percpmusd.mapjitter.klw	Risky second	7.0	2.659906074013276	dp_interaction	0.00026956943843025195	0.00553224470398379	0.013597344548498766
log-power-percpmusd.mapjitter.klw	Risky second	7.0	2.7339242392624983	dp_interaction	0.00035847920075343024	0.005392321686354696	0.013157839897133166
log-power-percpmusd.mapjitter.klw	Risky second	7.0	2.8100021346805373	dp_interaction	0.00040903767452251744	0.005172350173333126	0.012600538806596397
log-power-percpmusd.mapjitter.klw	Risky second	7.0	2.8881970771213568	dp_interaction	0.00042692242826315307	0.004880614840173034	0.011918854817528766
log-power-percpmusd.mapjitter.klw	Risky second	7.0	2.9685679784156793	dp_interaction	0.0003884999745480561	0.004560443058073689	0.01129862997627464
log-power-percpmusd.mapjitter.klw	Risky second	7.0	3.051175389754982	dp_interaction	0.0003306375632487441	0.004202792942055263	0.010591341034972931
log-power-percpmusd.mapjitter.klw	Risky second	7.0	3.1360815473105736	dp_interaction	0.00022558739035062898	0.0038167818974174424	0.009863030654325353
log-power-percpmusd.mapjitter.klw	Risky second	7.0	3.2233504191221405	dp_interaction	5.923549513260937e-05	0.0034169292949390528	0.0091493518756612
log-power-percpmusd.mapjitter.klw	Risky second	7.0	3.31304775329107	dp_interaction	-0.00014448112018053714	0.0030201169593367036	0.008472022919170675
log-power-percpmusd.mapjitter.klw	Risky second	7.0	3.40524112751487	dp_interaction	-0.0003906606798176168	0.0026473598855723942	0.007827146552708409
log-power-percpmusd.mapjitter.klw	Risky second	7.0	3.5000000000000004	dp_interaction	-0.0006932611193643774	0.002278079072148223	0.007169998649181279
log-power-percpmusd.mapjitter.klw	Risky second	7.0	1.2	num_shift	0.00021137005464256985	0.04795475630050945	0.09834612919932006
log-power-percpmusd.mapjitter.klw	Risky second	7.0	1.233392832614218	num_shift	0.0006465929434821593	0.04733742181504051	0.09657978718545686
log-power-percpmusd.mapjitter.klw	Risky second	7.0	1.267714899620104	num_shift	0.0009507858777161466	0.04670496993530054	0.09477030701060137
log-power-percpmusd.mapjitter.klw	Risky second	7.0	1.3029920591580744	num_shift	0.0014814045040566506	0.04605577097470844	0.0929953069917781
log-power-percpmusd.mapjitter.klw	Risky second	7.0	1.339250888932342	num_shift	0.0016412721499787066	0.0453992558859876	0.09130935769564873
log-power-percpmusd.mapjitter.klw	Risky second	7.0	1.3765187062344757	num_shift	0.001793260209773441	0.04477676362287067	0.08958083149302838
log-power-percpmusd.mapjitter.klw	Risky second	7.0	1.4148235885241658	num_shift	0.0019652427215262483	0.04407993167250888	0.08797113384602087
log-power-percpmusd.mapjitter.klw	Risky second	7.0	1.454194394582695	num_shift	0.0020775218765504847	0.043373342243052976	0.08629710936681682
log-power-percpmusd.mapjitter.klw	Risky second	7.0	1.4946607862550567	num_shift	0.002105764137022888	0.04268377282470591	0.08489531268704407
log-power-percpmusd.mapjitter.klw	Risky second	7.0	1.5362532507970992	num_shift	0.0022161477691310513	0.041928003603055264	0.08345812666294669
log-power-percpmusd.mapjitter.klw	Risky second	7.0	1.579003123844529	num_shift	0.0023091411413885044	0.041253777266284285	0.08195048075786204
log-power-percpmusd.mapjitter.klw	Risky second	7.0	1.6229426130210856	num_shift	0.0023509407085491804	0.040541506224893664	0.0806658550200864
log-power-percpmusd.mapjitter.klw	Risky second	7.0	1.6681048222036647	num_shift	0.0022899684438552836	0.03981958209802953	0.07928158482464774
log-power-percpmusd.mapjitter.klw	Risky second	7.0	1.714523776462679	num_shift	0.0019626890619701166	0.039076288715711185	0.07795700455869087
log-power-percpmusd.mapjitter.klw	Risky second	7.0	1.7622344476964418	num_shift	0.001955146821545375	0.03839017404896911	0.07686755115364752
log-power-percpmusd.mapjitter.klw	Risky second	7.0	1.8112727809788889	num_shift	0.0016081136906088026	0.037756835025929816	0.07570707882644286
log-power-percpmusd.mapjitter.klw	Risky second	7.0	1.861675721640487	num_shift	0.001378314308820661	0.03711087860877217	0.07460438603562725
log-power-percpmusd.mapjitter.klw	Risky second	7.0	1.9134812431027324	num_shift	0.0010372215976860836	0.03640983564745114	0.07360046150094181
log-power-percpmusd.mapjitter.klw	Risky second	7.0	1.9667283754872122	num_shift	0.0006743934251874435	0.035690157430129224	0.07256088449383223
log-power-percpmusd.mapjitter.klw	Risky second	7.0	2.021457235020777	num_shift	0.0003299447179621754	0.03499890003025591	0.07149867463272362
log-power-percpmusd.mapjitter.klw	Risky second	7.0	2.0777090542589844	num_shift	-0.00019230863892384694	0.03433760610352829	0.07060366978045933
log-power-percpmusd.mapjitter.klw	Risky second	7.0	2.1355262131505808	num_shift	-0.00040393560607404855	0.033597020302435686	0.06973690419670045
log-power-percpmusd.mapjitter.klw	Risky second	7.0	2.1949522709664246	num_shift	-0.0008975238959841447	0.032988386328629896	0.06891476144149201
log-power-percpmusd.mapjitter.klw	Risky second	7.0	2.256031999116908	num_shift	-0.0013779203454971818	0.03233138783131925	0.06823729779279256
log-power-percpmusd.mapjitter.klw	Risky second	7.0	2.3188114148826	num_shift	-0.00193370061409859	0.03169231583157507	0.06742456963816346
log-power-percpmusd.mapjitter.klw	Risky second	7.0	2.3833378160835275	num_shift	-0.0025092284607889357	0.031115695818603767	0.06662503943076704
log-power-percpmusd.mapjitter.klw	Risky second	7.0	2.4496598167132055	num_shift	-0.0029433350364068624	0.030398956854497873	0.06587187443963678
log-power-percpmusd.mapjitter.klw	Risky second	7.0	2.5178273835642724	num_shift	-0.003531223340244488	0.029788424068272833	0.06530670807215094
log-power-percpmusd.mapjitter.klw	Risky second	7.0	2.58789187387332	num_shift	-0.004231684803824933	0.029177984466306126	0.06475037071653496
log-power-percpmusd.mapjitter.klw	Risky second	7.0	2.659906074013276	num_shift	-0.004870802664776533	0.028535956543957013	0.06412048976798583
log-power-percpmusd.mapjitter.klw	Risky second	7.0	2.7339242392624983	num_shift	-0.0054640964790767235	0.027941060398114174	0.06354632717635658
log-power-percpmusd.mapjitter.klw	Risky second	7.0	2.8100021346805373	num_shift	-0.006153080813375758	0.02735006237848958	0.06298815635035176
log-power-percpmusd.mapjitter.klw	Risky second	7.0	2.8881970771213568	num_shift	-0.006826629277753052	0.026746731321180467	0.062365999153139326
log-power-percpmusd.mapjitter.klw	Risky second	7.0	2.9685679784156793	num_shift	-0.007487182293668458	0.02615896810298806	0.06189904509124531
log-power-percpmusd.mapjitter.klw	Risky second	7.0	3.051175389754982	num_shift	-0.008194814347674245	0.02560794213646496	0.06155325437433969
log-power-percpmusd.mapjitter.klw	Risky second	7.0	3.1360815473105736	num_shift	-0.008856832947161367	0.02511593795060111	0.06116898173753624
log-power-percpmusd.mapjitter.klw	Risky second	7.0	3.2233504191221405	num_shift	-0.009569863389213203	0.02462033735708178	0.06088077505874854
log-power-percpmusd.mapjitter.klw	Risky second	7.0	3.31304775329107	num_shift	-0.010263971866218071	0.02415245065285291	0.06039433728401864
log-power-percpmusd.mapjitter.klw	Risky second	7.0	3.40524112751487	num_shift	-0.01092504163653661	0.02367567780976087	0.06000356345594587
log-power-percpmusd.mapjitter.klw	Risky second	7.0	3.5000000000000004	num_shift	-0.01177141139833075	0.023229656626439978	0.059738852331718204
log-power-percpmusd.mapjitter.klw	Risky second	7.0	1.2	den_ratio	0.998994452811417	1.1216838052312952	1.2595997102679466
log-power-percpmusd.mapjitter.klw	Risky second	7.0	1.233392832614218	den_ratio	0.999205730414374	1.1213242832198633	1.2584837592306077
log-power-percpmusd.mapjitter.klw	Risky second	7.0	1.267714899620104	den_ratio	0.9993141516981212	1.1209573412289962	1.2573757487343071
log-power-percpmusd.mapjitter.klw	Risky second	7.0	1.3029920591580744	den_ratio	0.999686418102792	1.1206572316473353	1.2564351497198194
log-power-percpmusd.mapjitter.klw	Risky second	7.0	1.339250888932342	den_ratio	0.9998650665479885	1.1202795787061732	1.2554510694039365
log-power-percpmusd.mapjitter.klw	Risky second	7.0	1.3765187062344757	den_ratio	1.000054759077867	1.1200101447362243	1.2544719396026318
log-power-percpmusd.mapjitter.klw	Risky second	7.0	1.4148235885241658	den_ratio	1.0002897551874605	1.1196045266832906	1.2532660077383373
log-power-percpmusd.mapjitter.klw	Risky second	7.0	1.454194394582695	den_ratio	1.0005407006409226	1.1191568954605915	1.2520442027888499
log-power-percpmusd.mapjitter.klw	Risky second	7.0	1.4946607862550567	den_ratio	1.0009062723711573	1.1187285615473115	1.25083921048776
log-power-percpmusd.mapjitter.klw	Risky second	7.0	1.5362532507970992	den_ratio	1.0011320438983522	1.1182041341435869	1.2494307724626372
log-power-percpmusd.mapjitter.klw	Risky second	7.0	1.579003123844529	den_ratio	1.0013909838687085	1.1177149600420413	1.2482700186871725
log-power-percpmusd.mapjitter.klw	Risky second	7.0	1.6229426130210856	den_ratio	1.0017703061134045	1.1172088781804441	1.2469865955509243
log-power-percpmusd.mapjitter.klw	Risky second	7.0	1.6681048222036647	den_ratio	1.0021764611806563	1.1167451155450152	1.2455075313351307
log-power-percpmusd.mapjitter.klw	Risky second	7.0	1.714523776462679	den_ratio	1.002283870113862	1.1163210505278651	1.2441158069726632
log-power-percpmusd.mapjitter.klw	Risky second	7.0	1.7622344476964418	den_ratio	1.002194853677461	1.1158637316367082	1.2430192861897116
log-power-percpmusd.mapjitter.klw	Risky second	7.0	1.8112727809788889	den_ratio	1.0023396276440564	1.1152814563949562	1.2417792411407231
log-power-percpmusd.mapjitter.klw	Risky second	7.0	1.861675721640487	den_ratio	1.0023387780774897	1.114814403030349	1.2405472054012237
log-power-percpmusd.mapjitter.klw	Risky second	7.0	1.9134812431027324	den_ratio	1.0023277900322665	1.1142679067387693	1.2392283705566494
log-power-percpmusd.mapjitter.klw	Risky second	7.0	1.9667283754872122	den_ratio	1.002273204654279	1.1137553270809617	1.2379661851273938
log-power-percpmusd.mapjitter.klw	Risky second	7.0	2.021457235020777	den_ratio	1.0024474848300515	1.1132434212773146	1.2368927364500344
log-power-percpmusd.mapjitter.klw	Risky second	7.0	2.0777090542589844	den_ratio	1.0024566665347634	1.1126351580203315	1.2354968118245293
log-power-percpmusd.mapjitter.klw	Risky second	7.0	2.1355262131505808	den_ratio	1.0026614856458835	1.1120973071981801	1.2341284655464075
log-power-percpmusd.mapjitter.klw	Risky second	7.0	2.1949522709664246	den_ratio	1.002838030981028	1.1115361910151398	1.232836934432527
log-power-percpmusd.mapjitter.klw	Risky second	7.0	2.256031999116908	den_ratio	1.002873317199626	1.1110923468123977	1.2314703150139539
log-power-percpmusd.mapjitter.klw	Risky second	7.0	2.3188114148826	den_ratio	1.0029515430787326	1.1105244725081491	1.2300169159680983
log-power-percpmusd.mapjitter.klw	Risky second	7.0	2.3833378160835275	den_ratio	1.0031037094463569	1.1099498508632402	1.2287067653915908
log-power-percpmusd.mapjitter.klw	Risky second	7.0	2.4496598167132055	den_ratio	1.003112845468467	1.109286967279687	1.2275551590647111
log-power-percpmusd.mapjitter.klw	Risky second	7.0	2.5178273835642724	den_ratio	1.0030772207859846	1.1086439097256213	1.2258660718707826
log-power-percpmusd.mapjitter.klw	Risky second	7.0	2.58789187387332	den_ratio	1.0029843345399447	1.107984280203763	1.224541833372869
log-power-percpmusd.mapjitter.klw	Risky second	7.0	2.659906074013276	den_ratio	1.0027803835551807	1.1073094383102524	1.2229740089104706
log-power-percpmusd.mapjitter.klw	Risky second	7.0	2.7339242392624983	den_ratio	1.0025076584819825	1.10660254730291	1.2214907021432182
log-power-percpmusd.mapjitter.klw	Risky second	7.0	2.8100021346805373	den_ratio	1.0026625428248817	1.1058859320732455	1.2200755584182577
log-power-percpmusd.mapjitter.klw	Risky second	7.0	2.8881970771213568	den_ratio	1.0025524216882642	1.1051605161685876	1.2184540298734958
log-power-percpmusd.mapjitter.klw	Risky second	7.0	2.9685679784156793	den_ratio	1.0024036127019118	1.1043979136599895	1.2170217263935985
log-power-percpmusd.mapjitter.klw	Risky second	7.0	3.051175389754982	den_ratio	1.0024487969034346	1.1036821280420985	1.2151959505655043
log-power-percpmusd.mapjitter.klw	Risky second	7.0	3.1360815473105736	den_ratio	1.0021832821761365	1.1028770039187537	1.2137254253223608
log-power-percpmusd.mapjitter.klw	Risky second	7.0	3.2233504191221405	den_ratio	1.0018436861623925	1.1020360953569601	1.2125739920597807
log-power-percpmusd.mapjitter.klw	Risky second	7.0	3.31304775329107	den_ratio	1.0016797538218039	1.101195253744061	1.2112962783442633
log-power-percpmusd.mapjitter.klw	Risky second	7.0	3.40524112751487	den_ratio	1.001494680030708	1.1005800064969953	1.2095805441601721
log-power-percpmusd.mapjitter.klw	Risky second	7.0	3.5000000000000004	den_ratio	1.0010802760765045	1.0998479021319714	1.2081685160025815
log-power-percpmusd.mapjitter.klw	Risky second	10.0	1.2	p_vertex	0.13045277657889695	0.15950775555403096	0.19307116826885906
log-power-percpmusd.mapjitter.klw	Risky second	10.0	1.233392832614218	p_vertex	0.14483878914870651	0.174212501227005	0.20794358256101467
log-power-percpmusd.mapjitter.klw	Risky second	10.0	1.267714899620104	p_vertex	0.16040912345689579	0.18992122937159348	0.22368883924918717
log-power-percpmusd.mapjitter.klw	Risky second	10.0	1.3029920591580744	p_vertex	0.1771983629451204	0.20675556486590674	0.2405577544337239
log-power-percpmusd.mapjitter.klw	Risky second	10.0	1.339250888932342	p_vertex	0.1947957593971906	0.22464743799355835	0.2580843719622089
log-power-percpmusd.mapjitter.klw	Risky second	10.0	1.3765187062344757	p_vertex	0.21368303371589745	0.2434926845741463	0.2765092311649843
log-power-percpmusd.mapjitter.klw	Risky second	10.0	1.4148235885241658	p_vertex	0.23362705036834908	0.2633409568939439	0.2958904343331547
log-power-percpmusd.mapjitter.klw	Risky second	10.0	1.454194394582695	p_vertex	0.2547674857178526	0.2842390350384449	0.3161466837151012
log-power-percpmusd.mapjitter.klw	Risky second	10.0	1.4946607862550567	p_vertex	0.2767778049520959	0.30585894810688563	0.3371320286407828
log-power-percpmusd.mapjitter.klw	Risky second	10.0	1.5362532507970992	p_vertex	0.29937955898557655	0.32830724446933474	0.3589675763495504
log-power-percpmusd.mapjitter.klw	Risky second	10.0	1.579003123844529	p_vertex	0.3228355714156878	0.3514577856988478	0.3810251878493528
log-power-percpmusd.mapjitter.klw	Risky second	10.0	1.6229426130210856	p_vertex	0.3467881125904587	0.37502528533974144	0.40377937946708575
log-power-percpmusd.mapjitter.klw	Risky second	10.0	1.6681048222036647	p_vertex	0.37128578209103835	0.39903112354048736	0.4269291105725162
log-power-percpmusd.mapjitter.klw	Risky second	10.0	1.714523776462679	p_vertex	0.3960843541412682	0.4233026256161046	0.45033251120859813
log-power-percpmusd.mapjitter.klw	Risky second	10.0	1.7622344476964418	p_vertex	0.4209905498107747	0.44773444861871187	0.47386156950457237
log-power-percpmusd.mapjitter.klw	Risky second	10.0	1.8112727809788889	p_vertex	0.4460079815867089	0.47205881671941013	0.49770745625240376
log-power-percpmusd.mapjitter.klw	Risky second	10.0	1.861675721640487	p_vertex	0.4706565534201633	0.49624973672922523	0.5213942217937725
log-power-percpmusd.mapjitter.klw	Risky second	10.0	1.9134812431027324	p_vertex	0.4948003987068752	0.5202399221835483	0.5448561092903743
log-power-percpmusd.mapjitter.klw	Risky second	10.0	1.9667283754872122	p_vertex	0.518793570774166	0.5437247872336435	0.5678900037274841
log-power-percpmusd.mapjitter.klw	Risky second	10.0	2.021457235020777	p_vertex	0.5421351913087533	0.5666766752794574	0.5903298284348065
log-power-percpmusd.mapjitter.klw	Risky second	10.0	2.0777090542589844	p_vertex	0.5646496176276665	0.5889358800637174	0.6122335020287353
log-power-percpmusd.mapjitter.klw	Risky second	10.0	2.1355262131505808	p_vertex	0.5865212462900319	0.6105911838387466	0.633472759209359
log-power-percpmusd.mapjitter.klw	Risky second	10.0	2.1949522709664246	p_vertex	0.6076172664587506	0.6314789641126257	0.6540985045158921
log-power-percpmusd.mapjitter.klw	Risky second	10.0	2.256031999116908	p_vertex	0.6276885229368255	0.6514714499465761	0.6740196440350456
log-power-percpmusd.mapjitter.klw	Risky second	10.0	2.3188114148826	p_vertex	0.6469038892009836	0.6706034458856733	0.6930051341597082
log-power-percpmusd.mapjitter.klw	Risky second	10.0	2.3833378160835275	p_vertex	0.6654493384284661	0.6888854551743481	0.7113198977942189
log-power-percpmusd.mapjitter.klw	Risky second	10.0	2.4496598167132055	p_vertex	0.6828729365139358	0.7063216644310282	0.7285455289349777
log-power-percpmusd.mapjitter.klw	Risky second	10.0	2.5178273835642724	p_vertex	0.699567186577682	0.7228693827452706	0.7447968388884728
log-power-percpmusd.mapjitter.klw	Risky second	10.0	2.58789187387332	p_vertex	0.7153976024561695	0.7385097292011106	0.7603336918905075
log-power-percpmusd.mapjitter.klw	Risky second	10.0	2.659906074013276	p_vertex	0.7304194236487892	0.7533343061767508	0.7749098143860444
log-power-percpmusd.mapjitter.klw	Risky second	10.0	2.7339242392624983	p_vertex	0.7445498642656819	0.7673790749569864	0.78873765362221
log-power-percpmusd.mapjitter.klw	Risky second	10.0	2.8100021346805373	p_vertex	0.7579475079877573	0.7805969850257966	0.8016635655583635
log-power-percpmusd.mapjitter.klw	Risky second	10.0	2.8881970771213568	p_vertex	0.7706390323874064	0.7930038220016288	0.8137992026068115
log-power-percpmusd.mapjitter.klw	Risky second	10.0	2.9685679784156793	p_vertex	0.782372658392951	0.8047649164914901	0.825113310005801
log-power-percpmusd.mapjitter.klw	Risky second	10.0	3.051175389754982	p_vertex	0.7934652266251148	0.8157407522757549	0.8357700844525374
log-power-percpmusd.mapjitter.klw	Risky second	10.0	3.1360815473105736	p_vertex	0.8040638765991766	0.8260726098387039	0.845706995190236
log-power-percpmusd.mapjitter.klw	Risky second	10.0	3.2233504191221405	p_vertex	0.8140647155058034	0.8357722677893757	0.8551138778954449
log-power-percpmusd.mapjitter.klw	Risky second	10.0	3.31304775329107	p_vertex	0.8233494102264659	0.8448546833385864	0.8639555829543641
log-power-percpmusd.mapjitter.klw	Risky second	10.0	3.40524112751487	p_vertex	0.8321731968781169	0.8534294569341568	0.872136514466206
log-power-percpmusd.mapjitter.klw	Risky second	10.0	3.5000000000000004	p_vertex	0.8404856520681251	0.8614482354521125	0.8799120275751942
log-power-percpmusd.mapjitter.klw	Risky second	10.0	1.2	p_full	0.1791052581987742	0.2119802647325773	0.24887532838946644
log-power-percpmusd.mapjitter.klw	Risky second	10.0	1.233392832614218	p_full	0.19515672142436116	0.22799168988436241	0.2645379747064701
log-power-percpmusd.mapjitter.klw	Risky second	10.0	1.267714899620104	p_full	0.2122652323680338	0.2447304444894855	0.280543974898806
log-power-percpmusd.mapjitter.klw	Risky second	10.0	1.3029920591580744	p_full	0.23009318616066277	0.2622896872375007	0.29756466182290314
log-power-percpmusd.mapjitter.klw	Risky second	10.0	1.339250888932342	p_full	0.24863533617163752	0.2805601269668005	0.31503645873575425
log-power-percpmusd.mapjitter.klw	Risky second	10.0	1.3765187062344757	p_full	0.2681935168534194	0.2995201070041028	0.3332028664606136
log-power-percpmusd.mapjitter.klw	Risky second	10.0	1.4148235885241658	p_full	0.28841348383638143	0.31901391980996807	0.3518692460864248
log-power-percpmusd.mapjitter.klw	Risky second	10.0	1.454194394582695	p_full	0.30936225216796254	0.33915548035854504	0.37126696921750335
log-power-percpmusd.mapjitter.klw	Risky second	10.0	1.4946607862550567	p_full	0.3307263002771687	0.3597493686169769	0.39091432938635995
log-power-percpmusd.mapjitter.klw	Risky second	10.0	1.5362532507970992	p_full	0.3524564351731595	0.38067787114138274	0.4109366605661543
log-power-percpmusd.mapjitter.klw	Risky second	10.0	1.579003123844529	p_full	0.3746335531695646	0.4019896152263729	0.43128232154947155
log-power-percpmusd.mapjitter.klw	Risky second	10.0	1.6229426130210856	p_full	0.396822080823514	0.4235069950632477	0.4516623367061357
log-power-percpmusd.mapjitter.klw	Risky second	10.0	1.6681048222036647	p_full	0.41936013095287034	0.4451603529032202	0.47227156335980397
log-power-percpmusd.mapjitter.klw	Risky second	10.0	1.714523776462679	p_full	0.441588177329765	0.4667265906351581	0.49308766602286846
log-power-percpmusd.mapjitter.klw	Risky second	10.0	1.7622344476964418	p_full	0.46366422186726947	0.4882646127906683	0.5138696359487522
log-power-percpmusd.mapjitter.klw	Risky second	10.0	1.8112727809788889	p_full	0.4857460377350893	0.5096782773748821	0.5345235600277669
log-power-percpmusd.mapjitter.klw	Risky second	10.0	1.861675721640487	p_full	0.5072656570953511	0.5308362979388377	0.5550155926264083
log-power-percpmusd.mapjitter.klw	Risky second	10.0	1.9134812431027324	p_full	0.5285271658784101	0.5516931830537489	0.5754227015692859
log-power-percpmusd.mapjitter.klw	Risky second	10.0	1.9667283754872122	p_full	0.5493440570254097	0.572204147510609	0.5956900187292197
log-power-percpmusd.mapjitter.klw	Risky second	10.0	2.021457235020777	p_full	0.5694684576616543	0.5921243181116385	0.6151086938246985
log-power-percpmusd.mapjitter.klw	Risky second	10.0	2.0777090542589844	p_full	0.5891625651281028	0.6115524549137354	0.6342039179551443
log-power-percpmusd.mapjitter.klw	Risky second	10.0	2.1355262131505808	p_full	0.6081797147904984	0.6304881039110843	0.6527724994034027
log-power-percpmusd.mapjitter.klw	Risky second	10.0	2.1949522709664246	p_full	0.6264853146506344	0.648719598761869	0.6708990862263949
log-power-percpmusd.mapjitter.klw	Risky second	10.0	2.256031999116908	p_full	0.6440922962695339	0.6663224235348775	0.68839045362919
log-power-percpmusd.mapjitter.klw	Risky second	10.0	2.3188114148826	p_full	0.6611181820989988	0.6833202090681283	0.7052279979271113
log-power-percpmusd.mapjitter.klw	Risky second	10.0	2.3833378160835275	p_full	0.6773908663367912	0.6996106451837665	0.7214145230148041
log-power-percpmusd.mapjitter.klw	Risky second	10.0	2.4496598167132055	p_full	0.6928112052615374	0.7151868670488585	0.7368831508627608
log-power-percpmusd.mapjitter.klw	Risky second	10.0	2.5178273835642724	p_full	0.7077342889271296	0.7300605520025597	0.7516950430616386
log-power-percpmusd.mapjitter.klw	Risky second	10.0	2.58789187387332	p_full	0.7220048772563823	0.7443001468295416	0.7658033750482784
log-power-percpmusd.mapjitter.klw	Risky second	10.0	2.659906074013276	p_full	0.7355184146785404	0.7578885164921637	0.7792289365249784
log-power-percpmusd.mapjitter.klw	Risky second	10.0	2.7339242392624983	p_full	0.7484228882078248	0.7707970263456725	0.7919698975662836
log-power-percpmusd.mapjitter.klw	Risky second	10.0	2.8100021346805373	p_full	0.7607091608831273	0.7830157533566546	0.8039624838473276
log-power-percpmusd.mapjitter.klw	Risky second	10.0	2.8881970771213568	p_full	0.7723835597969944	0.7946024818206724	0.8153082481034566
log-power-percpmusd.mapjitter.klw	Risky second	10.0	2.9685679784156793	p_full	0.7835797488815237	0.8056086453277533	0.8259819585109524
log-power-percpmusd.mapjitter.klw	Risky second	10.0	3.051175389754982	p_full	0.7941169769602459	0.8160093557793262	0.8361140895592555
log-power-percpmusd.mapjitter.klw	Risky second	10.0	3.1360815473105736	p_full	0.8041509654002819	0.8258546119062652	0.8456273185469176
log-power-percpmusd.mapjitter.klw	Risky second	10.0	3.2233504191221405	p_full	0.8136497253501354	0.8351811482641129	0.8545845499984505
log-power-percpmusd.mapjitter.klw	Risky second	10.0	3.31304775329107	p_full	0.8227570682667174	0.8439555798462965	0.8630030923801373
log-power-percpmusd.mapjitter.klw	Risky second	10.0	3.40524112751487	p_full	0.8312835130873344	0.8522509685628122	0.870985830468389
log-power-percpmusd.mapjitter.klw	Risky second	10.0	3.5000000000000004	p_full	0.8391933892501524	0.8601268017723358	0.8786007786324482
log-power-percpmusd.mapjitter.klw	Risky second	10.0	1.2	p_bias_only	0.16942753548168224	0.20048796459251478	0.23420538254183335
log-power-percpmusd.mapjitter.klw	Risky second	10.0	1.233392832614218	p_bias_only	0.18553772377169608	0.21655333699220702	0.2501258471338949
log-power-percpmusd.mapjitter.klw	Risky second	10.0	1.267714899620104	p_bias_only	0.20246521089269118	0.23352295430801273	0.2668006943648431
log-power-percpmusd.mapjitter.klw	Risky second	10.0	1.3029920591580744	p_bias_only	0.22047793767258472	0.25137642087968226	0.28429422806458143
log-power-percpmusd.mapjitter.klw	Risky second	10.0	1.339250888932342	p_bias_only	0.23948418837900579	0.2700693100152673	0.3025027936131423
log-power-percpmusd.mapjitter.klw	Risky second	10.0	1.3765187062344757	p_bias_only	0.25932555802218266	0.2895285789007074	0.32165279380463896
log-power-percpmusd.mapjitter.klw	Risky second	10.0	1.4148235885241658	p_bias_only	0.2799173066272902	0.30974538403561513	0.3412857502058386
log-power-percpmusd.mapjitter.klw	Risky second	10.0	1.454194394582695	p_bias_only	0.3011775993589537	0.3305471795098156	0.3616715600251547
log-power-percpmusd.mapjitter.klw	Risky second	10.0	1.4946607862550567	p_bias_only	0.32318595348856854	0.35194322110034404	0.3824559930292661
log-power-percpmusd.mapjitter.klw	Risky second	10.0	1.5362532507970992	p_bias_only	0.34554417518786623	0.37388825216277977	0.4038304309984842
log-power-percpmusd.mapjitter.klw	Risky second	10.0	1.579003123844529	p_bias_only	0.368115894499954	0.396176906287532	0.4256987633462234
log-power-percpmusd.mapjitter.klw	Risky second	10.0	1.6229426130210856	p_bias_only	0.3911873100666854	0.41877822413256816	0.44776784473069486
log-power-percpmusd.mapjitter.klw	Risky second	10.0	1.6681048222036647	p_bias_only	0.4143854505619439	0.4415117304910625	0.4699661729972091
log-power-percpmusd.mapjitter.klw	Risky second	10.0	1.714523776462679	p_bias_only	0.4377564493263308	0.46432159726230776	0.4920676113916176
log-power-percpmusd.mapjitter.klw	Risky second	10.0	1.7622344476964418	p_bias_only	0.4608687277211009	0.4870545672507619	0.5141599628701646
log-power-percpmusd.mapjitter.klw	Risky second	10.0	1.8112727809788889	p_bias_only	0.4838638214367852	0.5096464323305725	0.5360849096243607
log-power-percpmusd.mapjitter.klw	Risky second	10.0	1.861675721640487	p_bias_only	0.5065182723985158	0.5319178718204509	0.557842855456377
log-power-percpmusd.mapjitter.klw	Risky second	10.0	1.9134812431027324	p_bias_only	0.5288256880444653	0.5538890514141902	0.5793957324999682
log-power-percpmusd.mapjitter.klw	Risky second	10.0	1.9667283754872122	p_bias_only	0.5505719415709663	0.5752934858794774	0.6003753603149021
log-power-percpmusd.mapjitter.klw	Risky second	10.0	2.021457235020777	p_bias_only	0.5717263468686474	0.5961931754456373	0.6209000449068707
log-power-percpmusd.mapjitter.klw	Risky second	10.0	2.0777090542589844	p_bias_only	0.5922054095743579	0.6164278998561769	0.6407592379759702
log-power-percpmusd.mapjitter.klw	Risky second	10.0	2.1355262131505808	p_bias_only	0.6120817022542573	0.6360128601540851	0.6600797153214633
log-power-percpmusd.mapjitter.klw	Risky second	10.0	2.1949522709664246	p_bias_only	0.6312558848697787	0.6549392543042319	0.6786362865021439
log-power-percpmusd.mapjitter.klw	Risky second	10.0	2.256031999116908	p_bias_only	0.6495617710903822	0.6731379466995671	0.6965038809850127
log-power-percpmusd.mapjitter.klw	Risky second	10.0	2.3188114148826	p_bias_only	0.6671448265630863	0.6906436594400776	0.7137078945045773
log-power-percpmusd.mapjitter.klw	Risky second	10.0	2.3833378160835275	p_bias_only	0.6842952464565157	0.707295989495166	0.7301509885543729
log-power-percpmusd.mapjitter.klw	Risky second	10.0	2.4496598167132055	p_bias_only	0.7004717973497061	0.7232240065647539	0.7456855020781041
log-power-percpmusd.mapjitter.klw	Risky second	10.0	2.5178273835642724	p_bias_only	0.7159905327863942	0.7383909930361785	0.7604926480527588
log-power-percpmusd.mapjitter.klw	Risky second	10.0	2.58789187387332	p_bias_only	0.7305709335398064	0.7528250175290203	0.774568794328374
log-power-percpmusd.mapjitter.klw	Risky second	10.0	2.659906074013276	p_bias_only	0.7445475663142898	0.7665452492946958	0.7879519362428697
log-power-percpmusd.mapjitter.klw	Risky second	10.0	2.7339242392624983	p_bias_only	0.7578475626265444	0.7795013475095822	0.8004943170716566
log-power-percpmusd.mapjitter.klw	Risky second	10.0	2.8100021346805373	p_bias_only	0.7704030935337489	0.7918119317383205	0.8123014363918335
log-power-percpmusd.mapjitter.klw	Risky second	10.0	2.8881970771213568	p_bias_only	0.7823216527411058	0.8034207986039794	0.8235830914513776
log-power-percpmusd.mapjitter.klw	Risky second	10.0	2.9685679784156793	p_bias_only	0.7935179135454952	0.8144467876814978	0.8342397735103211
log-power-percpmusd.mapjitter.klw	Risky second	10.0	3.051175389754982	p_bias_only	0.8042675289012801	0.8248435695597158	0.8441869156229835
log-power-percpmusd.mapjitter.klw	Risky second	10.0	3.1360815473105736	p_bias_only	0.8143004515801265	0.83462439998583	0.8534899195787775
log-power-percpmusd.mapjitter.klw	Risky second	10.0	3.2233504191221405	p_bias_only	0.8239124369880889	0.8439064801075619	0.862319691824554
log-power-percpmusd.mapjitter.klw	Risky second	10.0	3.31304775329107	p_bias_only	0.8329701380342934	0.8526315337919055	0.8706490594607473
log-power-percpmusd.mapjitter.klw	Risky second	10.0	3.40524112751487	p_bias_only	0.8414577938151298	0.8608710814687099	0.8783590795108898
log-power-percpmusd.mapjitter.klw	Risky second	10.0	3.5000000000000004	p_bias_only	0.8495004617696428	0.868629013938411	0.8858010579943857
log-power-percpmusd.mapjitter.klw	Risky second	10.0	1.2	p_scale_only	0.1492045803681697	0.17661598688968963	0.20786087685686316
log-power-percpmusd.mapjitter.klw	Risky second	10.0	1.233392832614218	p_scale_only	0.16417370545584525	0.19172879081825595	0.2228429294726519
log-power-percpmusd.mapjitter.klw	Risky second	10.0	1.267714899620104	p_scale_only	0.1800951652650696	0.20773942724746447	0.23853315742757727
log-power-percpmusd.mapjitter.klw	Risky second	10.0	1.3029920591580744	p_scale_only	0.19692243077666424	0.22466935900918264	0.25535555712750424
log-power-percpmusd.mapjitter.klw	Risky second	10.0	1.339250888932342	p_scale_only	0.21458119340286452	0.2424458897879549	0.2728397205087586
log-power-percpmusd.mapjitter.klw	Risky second	10.0	1.3765187062344757	p_scale_only	0.2334088538505563	0.2611153083740375	0.29100302698134317
log-power-percpmusd.mapjitter.klw	Risky second	10.0	1.4148235885241658	p_scale_only	0.2530125997361955	0.28046398080644086	0.3097752254813919
log-power-percpmusd.mapjitter.klw	Risky second	10.0	1.454194394582695	p_scale_only	0.2733020361774187	0.30049984879423064	0.328991121566456
log-power-percpmusd.mapjitter.klw	Risky second	10.0	1.4946607862550567	p_scale_only	0.2943649514211944	0.3211804072211533	0.3489291270535366
log-power-percpmusd.mapjitter.klw	Risky second	10.0	1.5362532507970992	p_scale_only	0.3158341218599581	0.34233504179196445	0.36937792773481803
log-power-percpmusd.mapjitter.klw	Risky second	10.0	1.579003123844529	p_scale_only	0.3379666457687997	0.3639166402367969	0.39040999959499967
log-power-percpmusd.mapjitter.klw	Risky second	10.0	1.6229426130210856	p_scale_only	0.36040755540093783	0.38584087269328105	0.41155544996263294
log-power-percpmusd.mapjitter.klw	Risky second	10.0	1.6681048222036647	p_scale_only	0.38310474235615855	0.4080359930170462	0.4329283746341257
log-power-percpmusd.mapjitter.klw	Risky second	10.0	1.714523776462679	p_scale_only	0.4060539143308158	0.4303763096371127	0.45456616142411965
log-power-percpmusd.mapjitter.klw	Risky second	10.0	1.7622344476964418	p_scale_only	0.42868924176519385	0.45271671452731244	0.4762853853648812
log-power-percpmusd.mapjitter.klw	Risky second	10.0	1.8112727809788889	p_scale_only	0.4514399699966989	0.4750020222077853	0.49806806501321516
log-power-percpmusd.mapjitter.klw	Risky second	10.0	1.861675721640487	p_scale_only	0.47390040970826913	0.4970918792824421	0.5198830550340798
log-power-percpmusd.mapjitter.klw	Risky second	10.0	1.9134812431027324	p_scale_only	0.4961653517241522	0.5189370332610798	0.5415157120641348
log-power-percpmusd.mapjitter.klw	Risky second	10.0	1.9667283754872122	p_scale_only	0.5179547156862889	0.5405010865491392	0.562785397256645
log-power-percpmusd.mapjitter.klw	Risky second	10.0	2.021457235020777	p_scale_only	0.5394203314479094	0.5615894911731699	0.5837040252215151
log-power-percpmusd.mapjitter.klw	Risky second	10.0	2.0777090542589844	p_scale_only	0.5603219033029656	0.582228022674681	0.6041169273662598
log-power-percpmusd.mapjitter.klw	Risky second	10.0	2.1355262131505808	p_scale_only	0.5805560406140182	0.6023158355470136	0.6240316495725111
log-power-percpmusd.mapjitter.klw	Risky second	10.0	2.1949522709664246	p_scale_only	0.6000622703768721	0.6218390996342942	0.6433593447381467
log-power-percpmusd.mapjitter.klw	Risky second	10.0	2.256031999116908	p_scale_only	0.6190087802636126	0.6406192133446109	0.6620792288663445
log-power-percpmusd.mapjitter.klw	Risky second	10.0	2.3188114148826	p_scale_only	0.6371378484969397	0.6588126460756214	0.6802268424096997
log-power-percpmusd.mapjitter.klw	Risky second	10.0	2.3833378160835275	p_scale_only	0.6546236065559227	0.6763269151288146	0.6976050204239084
log-power-percpmusd.mapjitter.klw	Risky second	10.0	2.4496598167132055	p_scale_only	0.6713878303299067	0.6931485073308647	0.7142290765975247
log-power-percpmusd.mapjitter.klw	Risky second	10.0	2.5178273835642724	p_scale_only	0.6875126192350774	0.7092348829518031	0.7301684243178049
log-power-percpmusd.mapjitter.klw	Risky second	10.0	2.58789187387332	p_scale_only	0.7029781437745449	0.7246239918536925	0.7454811714642996
log-power-percpmusd.mapjitter.klw	Risky second	10.0	2.659906074013276	p_scale_only	0.7177891512027518	0.7392481044058643	0.7600579024638136
log-power-percpmusd.mapjitter.klw	Risky second	10.0	2.7339242392624983	p_scale_only	0.7316403170367801	0.7531932365684515	0.773811747075652
log-power-percpmusd.mapjitter.klw	Risky second	10.0	2.8100021346805373	p_scale_only	0.7449456129818053	0.7664430145608198	0.786883077185245
log-power-percpmusd.mapjitter.klw	Risky second	10.0	2.8881970771213568	p_scale_only	0.757676598476215	0.7790054815686571	0.7992441789288869
log-power-percpmusd.mapjitter.klw	Risky second	10.0	2.9685679784156793	p_scale_only	0.7697021778489405	0.7909325707007366	0.8109411891736981
log-power-percpmusd.mapjitter.klw	Risky second	10.0	3.051175389754982	p_scale_only	0.7811626349735971	0.8021872389836178	0.8218392555623769
log-power-percpmusd.mapjitter.klw	Risky second	10.0	3.1360815473105736	p_scale_only	0.7919614398905703	0.8128062865028194	0.8322603470940882
log-power-percpmusd.mapjitter.klw	Risky second	10.0	3.2233504191221405	p_scale_only	0.8020869952618477	0.8228788012823622	0.8421566707110433
log-power-percpmusd.mapjitter.klw	Risky second	10.0	3.31304775329107	p_scale_only	0.8117400613424893	0.8323604557821762	0.8513568077286603
log-power-percpmusd.mapjitter.klw	Risky second	10.0	3.40524112751487	p_scale_only	0.820769359378198	0.8413138151586363	0.8600272785695926
log-power-percpmusd.mapjitter.klw	Risky second	10.0	3.5000000000000004	p_scale_only	0.8294717913762546	0.8497535092463511	0.8681717752788787
log-power-percpmusd.mapjitter.klw	Risky second	10.0	1.2	dp_full	0.0163137837848195	0.05248515627128525	0.08907348128191755
log-power-percpmusd.mapjitter.klw	Risky second	10.0	1.233392832614218	dp_full	0.01770972427340505	0.05370977884129524	0.09016719851590044
log-power-percpmusd.mapjitter.klw	Risky second	10.0	1.267714899620104	dp_full	0.018800783320720386	0.054774789558056466	0.0908119505319003
log-power-percpmusd.mapjitter.klw	Risky second	10.0	1.3029920591580744	dp_full	0.02007352212237164	0.05550369513584491	0.09128865950533045
log-power-percpmusd.mapjitter.klw	Risky second	10.0	1.339250888932342	dp_full	0.020646383430142648	0.055908324549628366	0.0912065460254147
log-power-percpmusd.mapjitter.klw	Risky second	10.0	1.3765187062344757	dp_full	0.021042957283521263	0.055881804646183864	0.0906334250595122
log-power-percpmusd.mapjitter.klw	Risky second	10.0	1.4148235885241658	dp_full	0.02150573097719524	0.05563725956539305	0.0897892512647984
log-power-percpmusd.mapjitter.klw	Risky second	10.0	1.454194394582695	dp_full	0.02170921558385555	0.05500920690955352	0.0885101327170137
log-power-percpmusd.mapjitter.klw	Risky second	10.0	1.4946607862550567	dp_full	0.021599141673977425	0.05393601529417305	0.08651427322870445
log-power-percpmusd.mapjitter.klw	Risky second	10.0	1.5362532507970992	dp_full	0.021098663744194456	0.05248517457773903	0.08445537473743618
log-power-percpmusd.mapjitter.klw	Risky second	10.0	1.579003123844529	dp_full	0.020194290915174093	0.050690438007576305	0.08186685127003089
log-power-percpmusd.mapjitter.klw	Risky second	10.0	1.6229426130210856	dp_full	0.01903242482802046	0.04856719482681357	0.07887289332543299
log-power-percpmusd.mapjitter.klw	Risky second	10.0	1.6681048222036647	dp_full	0.017657759945460906	0.046118352022805134	0.07551443783948443
log-power-percpmusd.mapjitter.klw	Risky second	10.0	1.714523776462679	dp_full	0.01576820544502275	0.04350514541540727	0.07197192393920043
log-power-percpmusd.mapjitter.klw	Risky second	10.0	1.7622344476964418	dp_full	0.013816033985564132	0.04069018237221909	0.06835651797991067
log-power-percpmusd.mapjitter.klw	Risky second	10.0	1.8112727809788889	dp_full	0.011228512243194386	0.03764768113083841	0.06503976939660872
log-power-percpmusd.mapjitter.klw	Risky second	10.0	1.861675721640487	dp_full	0.008747852210824391	0.03458196587481499	0.061750210361920736
log-power-percpmusd.mapjitter.klw	Risky second	10.0	1.9134812431027324	dp_full	0.006128692096903427	0.031550524722673036	0.05854672312735223
log-power-percpmusd.mapjitter.klw	Risky second	10.0	1.9667283754872122	dp_full	0.0032186025648432474	0.02846766838591168	0.05520865821893239
log-power-percpmusd.mapjitter.klw	Risky second	10.0	2.021457235020777	dp_full	0.00019689933531696286	0.025432047350920955	0.05213171473948553
log-power-percpmusd.mapjitter.klw	Risky second	10.0	2.0777090542589844	dp_full	-0.0026308817559168264	0.022565181308389443	0.04928581061566671
log-power-percpmusd.mapjitter.klw	Risky second	10.0	2.1355262131505808	dp_full	-0.005550624058106808	0.019811753053071646	0.04682626208381589
log-power-percpmusd.mapjitter.klw	Risky second	10.0	2.1949522709664246	dp_full	-0.008112775807221747	0.017227976798539962	0.04427703694600577
log-power-percpmusd.mapjitter.klw	Risky second	10.0	2.256031999116908	dp_full	-0.010560973186923145	0.014866420199180448	0.04168066870636283
log-power-percpmusd.mapjitter.klw	Risky second	10.0	2.3188114148826	dp_full	-0.012748504235552615	0.012660436658763877	0.03946375722228453
log-power-percpmusd.mapjitter.klw	Risky second	10.0	2.3833378160835275	dp_full	-0.014855225646403855	0.010673327103019943	0.037384082320612404
log-power-percpmusd.mapjitter.klw	Risky second	10.0	2.4496598167132055	dp_full	-0.016833081753188633	0.008842233356423583	0.03531963786994434
log-power-percpmusd.mapjitter.klw	Risky second	10.0	2.5178273835642724	dp_full	-0.018598462502939818	0.007208404403640803	0.033479456870423696
log-power-percpmusd.mapjitter.klw	Risky second	10.0	2.58789187387332	dp_full	-0.01997630631361638	0.005758669465929818	0.03180709083762773
log-power-percpmusd.mapjitter.klw	Risky second	10.0	2.659906074013276	dp_full	-0.02108855099803406	0.004415576773210324	0.030373522696403258
log-power-percpmusd.mapjitter.klw	Risky second	10.0	2.7339242392624983	dp_full	-0.02198515503235199	0.003322850964842159	0.029069042409698573
log-power-percpmusd.mapjitter.klw	Risky second	10.0	2.8100021346805373	dp_full	-0.022765788245897024	0.002321159106004654	0.02786040222411511
log-power-percpmusd.mapjitter.klw	Risky second	10.0	2.8881970771213568	dp_full	-0.02336904435112291	0.0014717868118839287	0.026879445834707135
log-power-percpmusd.mapjitter.klw	Risky second	10.0	2.9685679784156793	dp_full	-0.023763104672695764	0.0007457815310691221	0.025744726248934088
log-power-percpmusd.mapjitter.klw	Risky second	10.0	3.051175389754982	dp_full	-0.023964601855032266	0.00014441866332178018	0.024706529826245643
log-power-percpmusd.mapjitter.klw	Risky second	10.0	3.1360815473105736	dp_full	-0.02423757666564982	-0.0003610607638332851	0.023840049178583015
log-power-percpmusd.mapjitter.klw	Risky second	10.0	3.2233504191221405	dp_full	-0.024393470328628375	-0.0007669646287641575	0.02302511298220881
log-power-percpmusd.mapjitter.klw	Risky second	10.0	3.31304775329107	dp_full	-0.024291400649388256	-0.0010603318112452067	0.022329713325276862
log-power-percpmusd.mapjitter.klw	Risky second	10.0	3.40524112751487	dp_full	-0.024091146377688104	-0.0013281864743295417	0.021728713675794313
log-power-percpmusd.mapjitter.klw	Risky second	10.0	3.5000000000000004	dp_full	-0.023810721687147485	-0.0014438833339094086	0.02105794312499055
log-power-percpmusd.mapjitter.klw	Risky second	10.0	1.2	dp_bias	0.01493127665100724	0.040496762315260185	0.06758456204000432
log-power-percpmusd.mapjitter.klw	Risky second	10.0	1.233392832614218	dp_bias	0.015695271300631933	0.041915865885404135	0.06953214779720729
log-power-percpmusd.mapjitter.klw	Risky second	10.0	1.267714899620104	dp_bias	0.016459267897215857	0.04325648772782565	0.07110894285973256
log-power-percpmusd.mapjitter.klw	Risky second	10.0	1.3029920591580744	dp_bias	0.01729304290754447	0.044280583165488316	0.07239132840805584
log-power-percpmusd.mapjitter.klw	Risky second	10.0	1.339250888932342	dp_bias	0.017919539725903485	0.04510731143772123	0.07350287097392603
log-power-percpmusd.mapjitter.klw	Risky second	10.0	1.3765187062344757	dp_bias	0.01821242787314489	0.0456976365614964	0.07441925054835599
log-power-percpmusd.mapjitter.klw	Risky second	10.0	1.4148235885241658	dp_bias	0.018403966533820308	0.045995657068077594	0.07501835472210631
log-power-percpmusd.mapjitter.klw	Risky second	10.0	1.454194394582695	dp_bias	0.01827289613420674	0.04602919560053273	0.07511606770397845
log-power-percpmusd.mapjitter.klw	Risky second	10.0	1.4946607862550567	dp_bias	0.018034444057981568	0.04585553515151717	0.07503608170160195
log-power-percpmusd.mapjitter.klw	Risky second	10.0	1.5362532507970992	dp_bias	0.01770135834858962	0.04539189508648843	0.07452177014015555
log-power-percpmusd.mapjitter.klw	Risky second	10.0	1.579003123844529	dp_bias	0.01704507088437006	0.044615983015035734	0.07342944409929347
log-power-percpmusd.mapjitter.klw	Risky second	10.0	1.6229426130210856	dp_bias	0.016325938414701757	0.04358460673839236	0.07217696376855766
log-power-percpmusd.mapjitter.klw	Risky second	10.0	1.6681048222036647	dp_bias	0.015241979592930792	0.04240111834166887	0.07073963372034
log-power-percpmusd.mapjitter.klw	Risky second	10.0	1.714523776462679	dp_bias	0.014122447260451795	0.04097752539600945	0.0689385172657358
log-power-percpmusd.mapjitter.klw	Risky second	10.0	1.7622344476964418	dp_bias	0.012893442487036402	0.039310302392428075	0.0668206295522817
log-power-percpmusd.mapjitter.klw	Risky second	10.0	1.8112727809788889	dp_bias	0.011325817024635195	0.03751270106519394	0.06460030363565704
log-power-percpmusd.mapjitter.klw	Risky second	10.0	1.861675721640487	dp_bias	0.009814155895224011	0.03554234496107243	0.06233588660946715
log-power-percpmusd.mapjitter.klw	Risky second	10.0	1.9134812431027324	dp_bias	0.008277376747601449	0.033528069855867766	0.0600909438065912
log-power-percpmusd.mapjitter.klw	Risky second	10.0	1.9667283754872122	dp_bias	0.006616428102502047	0.03148720993388403	0.05753920459417528
log-power-percpmusd.mapjitter.klw	Risky second	10.0	2.021457235020777	dp_bias	0.004949658181849695	0.02945103112584349	0.05500989085614222
log-power-percpmusd.mapjitter.klw	Risky second	10.0	2.0777090542589844	dp_bias	0.0031963839520975606	0.027390328804121677	0.05274848553178242
log-power-percpmusd.mapjitter.klw	Risky second	10.0	2.1355262131505808	dp_bias	0.0015826719885089994	0.025404455559065005	0.050285834394493426
log-power-percpmusd.mapjitter.klw	Risky second	10.0	2.1949522709664246	dp_bias	3.2382993244678984e-05	0.023472382508281174	0.04797505860891308
log-power-percpmusd.mapjitter.klw	Risky second	10.0	2.256031999116908	dp_bias	-0.0013688779733322931	0.021643765203743403	0.04563997245051668
log-power-percpmusd.mapjitter.klw	Risky second	10.0	2.3188114148826	dp_bias	-0.0026538781518930694	0.019921210109683053	0.04321296265592547
log-power-percpmusd.mapjitter.klw	Risky second	10.0	2.3833378160835275	dp_bias	-0.0038917756557023528	0.018311033894185993	0.04102660479430114
log-power-percpmusd.mapjitter.klw	Risky second	10.0	2.4496598167132055	dp_bias	-0.004965073868288956	0.016818618427807512	0.038894071722891534
log-power-percpmusd.mapjitter.klw	Risky second	10.0	2.5178273835642724	dp_bias	-0.005851175763946093	0.015403064100130315	0.03690543636918876
log-power-percpmusd.mapjitter.klw	Risky second	10.0	2.58789187387332	dp_bias	-0.006706708554852422	0.014184367032261974	0.03502278224401644
log-power-percpmusd.mapjitter.klw	Risky second	10.0	2.659906074013276	dp_bias	-0.0072704699790522	0.013107450930685903	0.03357431197605948
log-power-percpmusd.mapjitter.klw	Risky second	10.0	2.7339242392624983	dp_bias	-0.007715088677529905	0.012120338442341696	0.03201876712217907
log-power-percpmusd.mapjitter.klw	Risky second	10.0	2.8100021346805373	dp_bias	-0.0080972839515144	0.011217631710087895	0.030484836078710376
log-power-percpmusd.mapjitter.klw	Risky second	10.0	2.8881970771213568	dp_bias	-0.008347068318753063	0.010414005063511684	0.029121137627717373
log-power-percpmusd.mapjitter.klw	Risky second	10.0	2.9685679784156793	dp_bias	-0.008535655428317942	0.009709037364941836	0.02792779196470311
log-power-percpmusd.mapjitter.klw	Risky second	10.0	3.051175389754982	dp_bias	-0.008629021410789752	0.009078098474404083	0.0267958671057349
log-power-percpmusd.mapjitter.klw	Risky second	10.0	3.1360815473105736	dp_bias	-0.008594438376453047	0.008546568426300735	0.025765145228209222
log-power-percpmusd.mapjitter.klw	Risky second	10.0	3.2233504191221405	dp_bias	-0.00849386289886818	0.008127776622896906	0.024851309011733595
log-power-percpmusd.mapjitter.klw	Risky second	10.0	3.31304775329107	dp_bias	-0.008408398981410633	0.007733076246216854	0.023984254183145808
log-power-percpmusd.mapjitter.klw	Risky second	10.0	3.40524112751487	dp_bias	-0.008248348117397447	0.007416044375188703	0.023171235092070232
log-power-percpmusd.mapjitter.klw	Risky second	10.0	3.5000000000000004	dp_bias	-0.008055700154961563	0.007167646690903532	0.022494180208656532
log-power-percpmusd.mapjitter.klw	Risky second	10.0	1.2	dp_scale	-0.002008731032268524	0.017005708489035647	0.03626999620695112
log-power-percpmusd.mapjitter.klw	Risky second	10.0	1.233392832614218	dp_scale	-0.001300948014173412	0.01746413275838482	0.03653530315653226
log-power-percpmusd.mapjitter.klw	Risky second	10.0	1.267714899620104	dp_scale	-0.000772973229490312	0.017776166983112122	0.03665092682611602
log-power-percpmusd.mapjitter.klw	Risky second	10.0	1.3029920591580744	dp_scale	-0.00028075903890222	0.017903281381353175	0.036490113975659974
log-power-percpmusd.mapjitter.klw	Risky second	10.0	1.339250888932342	dp_scale	8.425919411989064e-06	0.017808482492417545	0.035951188509918346
log-power-percpmusd.mapjitter.klw	Risky second	10.0	1.3765187062344757	dp_scale	0.00032071740017961155	0.017523033168923934	0.03514835154630261
log-power-percpmusd.mapjitter.klw	Risky second	10.0	1.4148235885241658	dp_scale	0.0005965270051110712	0.016950112917529802	0.03393718753068166
log-power-percpmusd.mapjitter.klw	Risky second	10.0	1.454194394582695	dp_scale	0.0006935821799716511	0.016138155479588405	0.032459764945031645
log-power-percpmusd.mapjitter.klw	Risky second	10.0	1.4946607862550567	dp_scale	0.000561807083291154	0.015105515921388216	0.030532878296527594
log-power-percpmusd.mapjitter.klw	Risky second	10.0	1.5362532507970992	dp_scale	0.0003565362956721892	0.013838293493010289	0.028360678259764006
log-power-percpmusd.mapjitter.klw	Risky second	10.0	1.579003123844529	dp_scale	4.5591565071983506e-05	0.012332967111341464	0.025784370158591263
log-power-percpmusd.mapjitter.klw	Risky second	10.0	1.6229426130210856	dp_scale	-0.0004171861587905794	0.010633697133507109	0.02294357987904083
log-power-percpmusd.mapjitter.klw	Risky second	10.0	1.6681048222036647	dp_scale	-0.0010994274839678682	0.008779578481092166	0.019901798982399722
log-power-percpmusd.mapjitter.klw	Risky second	10.0	1.714523776462679	dp_scale	-0.0019841647189693954	0.006783581340227524	0.016917620181384308
log-power-percpmusd.mapjitter.klw	Risky second	10.0	1.7622344476964418	dp_scale	-0.0032495597075682253	0.0047438622705948405	0.013977097186928314
log-power-percpmusd.mapjitter.klw	Risky second	10.0	1.8112727809788889	dp_scale	-0.004948799473301891	0.002706988157216556	0.011366176246964961
log-power-percpmusd.mapjitter.klw	Risky second	10.0	1.861675721640487	dp_scale	-0.007079496954973835	0.0007142771976429152	0.008897516603659318
log-power-percpmusd.mapjitter.klw	Risky second	10.0	1.9134812431027324	dp_scale	-0.009439600191798486	-0.0012286804228371913	0.006763590779407628
log-power-percpmusd.mapjitter.klw	Risky second	10.0	1.9667283754872122	dp_scale	-0.011887668484719631	-0.0031449972717584327	0.004989587902216687
log-power-percpmusd.mapjitter.klw	Risky second	10.0	2.021457235020777	dp_scale	-0.014333067153038677	-0.004925800382642759	0.0036862903875920674
log-power-percpmusd.mapjitter.klw	Risky second	10.0	2.0777090542589844	dp_scale	-0.016876118664782586	-0.006608811703395792	0.0027141987977008382
log-power-percpmusd.mapjitter.klw	Risky second	10.0	2.1355262131505808	dp_scale	-0.01908405232647449	-0.008112598251561298	0.00199024214673105
log-power-percpmusd.mapjitter.klw	Risky second	10.0	2.1949522709664246	dp_scale	-0.02109356413878895	-0.00946058765736256	0.001453991338145619
log-power-percpmusd.mapjitter.klw	Risky second	10.0	2.256031999116908	dp_scale	-0.022950655300043178	-0.010602269337119039	0.0010354194871398086
log-power-percpmusd.mapjitter.klw	Risky second	10.0	2.3188114148826	dp_scale	-0.024528293009238058	-0.011591130904370694	0.0006994202020087983
log-power-percpmusd.mapjitter.klw	Risky second	10.0	2.3833378160835275	dp_scale	-0.02587122283197054	-0.0124241312192235	0.00037939303727414677
log-power-percpmusd.mapjitter.klw	Risky second	10.0	2.4496598167132055	dp_scale	-0.027009744234709875	-0.013067553304082125	0.00027433018518089274
log-power-percpmusd.mapjitter.klw	Risky second	10.0	2.5178273835642724	dp_scale	-0.027842967939816235	-0.013577168183373851	0.00022719330848122718
log-power-percpmusd.mapjitter.klw	Risky second	10.0	2.58789187387332	dp_scale	-0.02838075432647745	-0.013888764688929424	0.00022533908072238607
log-power-percpmusd.mapjitter.klw	Risky second	10.0	2.659906074013276	dp_scale	-0.028819070254657783	-0.014094795175742214	0.0002726751374793887
log-power-percpmusd.mapjitter.klw	Risky second	10.0	2.7339242392624983	dp_scale	-0.029059805238132043	-0.014178842697014164	0.000468567685536481
log-power-percpmusd.mapjitter.klw	Risky second	10.0	2.8100021346805373	dp_scale	-0.029105139449745243	-0.014146084900030949	0.000601072536803873
log-power-percpmusd.mapjitter.klw	Risky second	10.0	2.8881970771213568	dp_scale	-0.029106342072304503	-0.014028155280393218	0.0007601165690264046
log-power-percpmusd.mapjitter.klw	Risky second	10.0	2.9685679784156793	dp_scale	-0.028879254683669343	-0.013820114734110643	0.0009848843842387757
log-power-percpmusd.mapjitter.klw	Risky second	10.0	3.051175389754982	dp_scale	-0.02856887666263079	-0.013541507091609985	0.0011669414759718413
log-power-percpmusd.mapjitter.klw	Risky second	10.0	3.1360815473105736	dp_scale	-0.0281832166418924	-0.013219215254247851	0.0014511354181975735
log-power-percpmusd.mapjitter.klw	Risky second	10.0	3.2233504191221405	dp_scale	-0.027720880114709447	-0.012888865048495141	0.0016568662445864061
log-power-percpmusd.mapjitter.klw	Risky second	10.0	3.31304775329107	dp_scale	-0.02719757566498614	-0.012497117857904168	0.0018902267015934097
log-power-percpmusd.mapjitter.klw	Risky second	10.0	3.40524112751487	dp_scale	-0.026602750158580185	-0.012080604965417008	0.002110758201374163
log-power-percpmusd.mapjitter.klw	Risky second	10.0	3.5000000000000004	dp_scale	-0.0259660039730159	-0.011677607917390156	0.002353456883616722
log-power-percpmusd.mapjitter.klw	Risky second	10.0	1.2	dp_interaction	-0.013173786486103636	-0.004667490789563938	-8.764715153618477e-05
log-power-percpmusd.mapjitter.klw	Risky second	10.0	1.233392832614218	dp_interaction	-0.014060406525527532	-0.005273498465368112	-0.0003905155175105726
log-power-percpmusd.mapjitter.klw	Risky second	10.0	1.267714899620104	dp_interaction	-0.01487676864564946	-0.005817037057626477	-0.0005652535330371187
log-power-percpmusd.mapjitter.klw	Risky second	10.0	1.3029920591580744	dp_interaction	-0.015579786165570613	-0.0062629141466961896	-0.0007150782467276144
log-power-percpmusd.mapjitter.klw	Risky second	10.0	1.339250888932342	dp_interaction	-0.016069808568092488	-0.006623150354472205	-0.0008094063788908408
log-power-percpmusd.mapjitter.klw	Risky second	10.0	1.3765187062344757	dp_interaction	-0.016442700783222415	-0.006879239913975083	-0.0008729657114489155
log-power-percpmusd.mapjitter.klw	Risky second	10.0	1.4148235885241658	dp_interaction	-0.016499803723335614	-0.007016191395383111	-0.0008778565088777069
log-power-percpmusd.mapjitter.klw	Risky second	10.0	1.454194394582695	dp_interaction	-0.016417453740227777	-0.007016009633968881	-0.0008563998809013356
log-power-percpmusd.mapjitter.klw	Risky second	10.0	1.4946607862550567	dp_interaction	-0.016026048501794073	-0.006883365699148984	-0.0007919665192622785
log-power-percpmusd.mapjitter.klw	Risky second	10.0	1.5362532507970992	dp_interaction	-0.015474720757273496	-0.006603998728498972	-0.0006563048711330331
log-power-percpmusd.mapjitter.klw	Risky second	10.0	1.579003123844529	dp_interaction	-0.014671489984183187	-0.006164578944188313	-0.0004194499437009355
log-power-percpmusd.mapjitter.klw	Risky second	10.0	1.6229426130210856	dp_interaction	-0.013701618649922032	-0.005609566219621158	-0.00013147689010111456
log-power-percpmusd.mapjitter.klw	Risky second	10.0	1.6681048222036647	dp_interaction	-0.012567246113367212	-0.004932885649734205	0.0002493608988712916
log-power-percpmusd.mapjitter.klw	Risky second	10.0	1.714523776462679	dp_interaction	-0.011294988620284042	-0.004172867148675255	0.0007934139970493951
log-power-percpmusd.mapjitter.klw	Risky second	10.0	1.7622344476964418	dp_interaction	-0.01003808639351766	-0.0033511959923005655	0.0014192138927277742
log-power-percpmusd.mapjitter.klw	Risky second	10.0	1.8112727809788889	dp_interaction	-0.008680177928629363	-0.0024757973531186975	0.0022635069917616214
log-power-percpmusd.mapjitter.klw	Risky second	10.0	1.861675721640487	dp_interaction	-0.007320109403371771	-0.0015899690384696954	0.0031893956832563224
log-power-percpmusd.mapjitter.klw	Risky second	10.0	1.9134812431027324	dp_interaction	-0.006039022815710805	-0.0007242786294348873	0.004295048223443511
log-power-percpmusd.mapjitter.klw	Risky second	10.0	1.9667283754872122	dp_interaction	-0.004936042170443002	0.00011604376927030916	0.005443928374505094
log-power-percpmusd.mapjitter.klw	Risky second	10.0	2.021457235020777	dp_interaction	-0.003950063698486505	0.000963639145223192	0.0066026196035448076
log-power-percpmusd.mapjitter.klw	Risky second	10.0	2.0777090542589844	dp_interaction	-0.003133879637451291	0.0017571262017176666	0.00775796530245584
log-power-percpmusd.mapjitter.klw	Risky second	10.0	2.1355262131505808	dp_interaction	-0.002410079139384358	0.002488764794435705	0.008814455445654838
log-power-percpmusd.mapjitter.klw	Risky second	10.0	2.1949522709664246	dp_interaction	-0.0017838081696526988	0.0031562487730134236	0.009855162978967194
log-power-percpmusd.mapjitter.klw	Risky second	10.0	2.256031999116908	dp_interaction	-0.0012709112450445285	0.003720221523385031	0.010668002007735614
log-power-percpmusd.mapjitter.klw	Risky second	10.0	2.3188114148826	dp_interaction	-0.0008760000575516889	0.004206839452681814	0.011315201710787292
log-power-percpmusd.mapjitter.klw	Risky second	10.0	2.3833378160835275	dp_interaction	-0.000542851890057971	0.004589978353239391	0.011803509713141877
log-power-percpmusd.mapjitter.klw	Risky second	10.0	2.4496598167132055	dp_interaction	-0.0002536755622624161	0.004878364701788514	0.012158437410408156
log-power-percpmusd.mapjitter.klw	Risky second	10.0	2.5178273835642724	dp_interaction	-5.916648239612234e-05	0.0050837142342463615	0.012314231575944743
log-power-percpmusd.mapjitter.klw	Risky second	10.0	2.58789187387332	dp_interaction	0.00012926158223431285	0.005190701110541984	0.01230713340655769
log-power-percpmusd.mapjitter.klw	Risky second	10.0	2.659906074013276	dp_interaction	0.00026437638455901243	0.005232292906057424	0.012133753631404974
log-power-percpmusd.mapjitter.klw	Risky second	10.0	2.7339242392624983	dp_interaction	0.0003682940195592493	0.005185451647607976	0.011937620345061963
log-power-percpmusd.mapjitter.klw	Risky second	10.0	2.8100021346805373	dp_interaction	0.0004461532934348167	0.005088571201513201	0.01163888997907478
log-power-percpmusd.mapjitter.klw	Risky second	10.0	2.8881970771213568	dp_interaction	0.0004923223484387864	0.004924031262005543	0.011257202319616666
log-power-percpmusd.mapjitter.klw	Risky second	10.0	2.9685679784156793	dp_interaction	0.0005121416340991004	0.004726465602298181	0.010814363427949007
log-power-percpmusd.mapjitter.klw	Risky second	10.0	3.051175389754982	dp_interaction	0.0004998538929700905	0.0044910356395331166	0.010312804078171475
log-power-percpmusd.mapjitter.klw	Risky second	10.0	3.1360815473105736	dp_interaction	0.0004602189722533428	0.004231601703885516	0.009822144543225952
log-power-percpmusd.mapjitter.klw	Risky second	10.0	3.2233504191221405	dp_interaction	0.0003894967095960509	0.003935383516569175	0.009274647288943704
log-power-percpmusd.mapjitter.klw	Risky second	10.0	3.31304775329107	dp_interaction	0.0002660425358230228	0.003626104161652775	0.008706183096576227
log-power-percpmusd.mapjitter.klw	Risky second	10.0	3.40524112751487	dp_interaction	0.0001058134436192452	0.0032967097557303196	0.00815582423119439
log-power-percpmusd.mapjitter.klw	Risky second	10.0	3.5000000000000004	dp_interaction	-6.0774589361285325e-05	0.002965414969928357	0.007569537042826043
log-power-percpmusd.mapjitter.klw	Risky second	10.0	1.2	num_shift	0.010225290036519804	0.046127966780469654	0.0833163983888738
log-power-percpmusd.mapjitter.klw	Risky second	10.0	1.233392832614218	num_shift	0.010436275433444279	0.04544227769899379	0.08176780278034608
log-power-percpmusd.mapjitter.klw	Risky second	10.0	1.267714899620104	num_shift	0.010411849953713	0.044680033159764126	0.0801628220539146
log-power-percpmusd.mapjitter.klw	Risky second	10.0	1.3029920591580744	num_shift	0.010373375147720128	0.04403693119414423	0.07859014984528692
log-power-percpmusd.mapjitter.klw	Risky second	10.0	1.339250888932342	num_shift	0.010283013918656707	0.0433758746463707	0.07722454066809176
log-power-percpmusd.mapjitter.klw	Risky second	10.0	1.3765187062344757	num_shift	0.010234279199007454	0.04265654541432265	0.07580901463312578
log-power-percpmusd.mapjitter.klw	Risky second	10.0	1.4148235885241658	num_shift	0.010101676898779373	0.04194039104586936	0.07449562568560433
log-power-percpmusd.mapjitter.klw	Risky second	10.0	1.454194394582695	num_shift	0.01009772511601618	0.0412827675705211	0.07316516729469516
log-power-percpmusd.mapjitter.klw	Risky second	10.0	1.4946607862550567	num_shift	0.010117522885950686	0.04064499005678486	0.0720327366254908
log-power-percpmusd.mapjitter.klw	Risky second	10.0	1.5362532507970992	num_shift	0.01001823352508523	0.03997899745693729	0.07085696354773242
log-power-percpmusd.mapjitter.klw	Risky second	10.0	1.579003123844529	num_shift	0.0098798141877968	0.039336743555913906	0.06974434632991401
log-power-percpmusd.mapjitter.klw	Risky second	10.0	1.6229426130210856	num_shift	0.009664834172810903	0.038700066075674625	0.06863916357688184
log-power-percpmusd.mapjitter.klw	Risky second	10.0	1.6681048222036647	num_shift	0.009464939573594112	0.0380757581023862	0.06754176267422263
log-power-percpmusd.mapjitter.klw	Risky second	10.0	1.714523776462679	num_shift	0.009229138906076437	0.03746297849038015	0.06664169941429407
log-power-percpmusd.mapjitter.klw	Risky second	10.0	1.7622344476964418	num_shift	0.008932368256035455	0.0368287102590876	0.0655491737274732
log-power-percpmusd.mapjitter.klw	Risky second	10.0	1.8112727809788889	num_shift	0.008706744388474377	0.036221535602388985	0.06461950813918549
log-power-percpmusd.mapjitter.klw	Risky second	10.0	1.861675721640487	num_shift	0.00836085366232774	0.03560356119622306	0.0637407610309254
log-power-percpmusd.mapjitter.klw	Risky second	10.0	1.9134812431027324	num_shift	0.007977552450946139	0.03502148045486221	0.06301872247385883
log-power-percpmusd.mapjitter.klw	Risky second	10.0	1.9667283754872122	num_shift	0.007629398196316144	0.034400432406081115	0.062117988219398436
log-power-percpmusd.mapjitter.klw	Risky second	10.0	2.021457235020777	num_shift	0.007338622644078577	0.033821477966732655	0.061394822514229674
log-power-percpmusd.mapjitter.klw	Risky second	10.0	2.0777090542589844	num_shift	0.006858750543920324	0.03324984877816302	0.06050875859030719
log-power-percpmusd.mapjitter.klw	Risky second	10.0	2.1355262131505808	num_shift	0.006366731383424523	0.03265425687629689	0.059861970340774145
log-power-percpmusd.mapjitter.klw	Risky second	10.0	2.1949522709664246	num_shift	0.005965855463866067	0.03207961690333266	0.059255537209849246
log-power-percpmusd.mapjitter.klw	Risky second	10.0	2.256031999116908	num_shift	0.005587009113799227	0.03154159019570947	0.058614540639430154
log-power-percpmusd.mapjitter.klw	Risky second	10.0	2.3188114148826	num_shift	0.005137985447221103	0.031068695811197693	0.05803549781292131
log-power-percpmusd.mapjitter.klw	Risky second	10.0	2.3833378160835275	num_shift	0.004596737525404453	0.030559233239407225	0.0575332988505466
log-power-percpmusd.mapjitter.klw	Risky second	10.0	2.4496598167132055	num_shift	0.004094499695160897	0.030080609540499043	0.0570654887331689
log-power-percpmusd.mapjitter.klw	Risky second	10.0	2.5178273835642724	num_shift	0.0036462336917660186	0.029635068567497806	0.05655270388636899
log-power-percpmusd.mapjitter.klw	Risky second	10.0	2.58789187387332	num_shift	0.00319745998209911	0.029132632507361478	0.05616333702812378
log-power-percpmusd.mapjitter.klw	Risky second	10.0	2.659906074013276	num_shift	0.0027768335892885817	0.028734918199474872	0.055812124388327396
log-power-percpmusd.mapjitter.klw	Risky second	10.0	2.7339242392624983	num_shift	0.002161172296292786	0.028303583899180744	0.05540498299481468
log-power-percpmusd.mapjitter.klw	Risky second	10.0	2.8100021346805373	num_shift	0.0015882191582917793	0.027911609770155978	0.05507537011033171
log-power-percpmusd.mapjitter.klw	Risky second	10.0	2.8881970771213568	num_shift	0.0010799093716498333	0.02752419436212617	0.05486129383305914
log-power-percpmusd.mapjitter.klw	Risky second	10.0	2.9685679784156793	num_shift	0.0004883628330347057	0.027164418397742043	0.05466596934998387
log-power-percpmusd.mapjitter.klw	Risky second	10.0	3.051175389754982	num_shift	-0.00024130685461637127	0.026813568521019335	0.05456154924759303
log-power-percpmusd.mapjitter.klw	Risky second	10.0	3.1360815473105736	num_shift	-0.0006480802412475628	0.02649149192453301	0.05448730312139682
log-power-percpmusd.mapjitter.klw	Risky second	10.0	3.2233504191221405	num_shift	-0.001272236213128332	0.026223849520755398	0.05445135877777993
log-power-percpmusd.mapjitter.klw	Risky second	10.0	3.31304775329107	num_shift	-0.0018813891636017346	0.026027493023818397	0.05428971103009757
log-power-percpmusd.mapjitter.klw	Risky second	10.0	3.40524112751487	num_shift	-0.0023731394932879615	0.025734865848518924	0.05424113107820597
log-power-percpmusd.mapjitter.klw	Risky second	10.0	3.5000000000000004	num_shift	-0.002959951392417881	0.02551869186455053	0.05421829565182314
log-power-percpmusd.mapjitter.klw	Risky second	10.0	1.2	den_ratio	1.006618489549944	1.1143577402902798	1.2343670514295453
log-power-percpmusd.mapjitter.klw	Risky second	10.0	1.233392832614218	den_ratio	1.0069274713570662	1.1139738542911282	1.2332076061778108
log-power-percpmusd.mapjitter.klw	Risky second	10.0	1.267714899620104	den_ratio	1.0071409192712293	1.113633279893449	1.2321471428347495
log-power-percpmusd.mapjitter.klw	Risky second	10.0	1.3029920591580744	den_ratio	1.007383395260485	1.1132273539693625	1.2311507844152565
log-power-percpmusd.mapjitter.klw	Risky second	10.0	1.339250888932342	den_ratio	1.0072686275643374	1.112762783046973	1.229978848895137
log-power-percpmusd.mapjitter.klw	Risky second	10.0	1.3765187062344757	den_ratio	1.007223027267361	1.112416029763703	1.2285449296838649
log-power-percpmusd.mapjitter.klw	Risky second	10.0	1.4148235885241658	den_ratio	1.0072588267177127	1.1119852813044613	1.2275461781322945
log-power-percpmusd.mapjitter.klw	Risky second	10.0	1.454194394582695	den_ratio	1.0071774040338228	1.1114406536504524	1.2264110441490135
log-power-percpmusd.mapjitter.klw	Risky second	10.0	1.4946607862550567	den_ratio	1.0072045405153798	1.1109537666591645	1.2255540543956687
log-power-percpmusd.mapjitter.klw	Risky second	10.0	1.5362532507970992	den_ratio	1.0071884595920062	1.110437789723639	1.2245439861225127
log-power-percpmusd.mapjitter.klw	Risky second	10.0	1.579003123844529	den_ratio	1.0072356845582886	1.1099856418085698	1.223673276463716
log-power-percpmusd.mapjitter.klw	Risky second	10.0	1.6229426130210856	den_ratio	1.007077455397022	1.1095014721990415	1.2221035730701326
log-power-percpmusd.mapjitter.klw	Risky second	10.0	1.6681048222036647	den_ratio	1.0071030562588763	1.1089718917311746	1.2208036730586314
log-power-percpmusd.mapjitter.klw	Risky second	10.0	1.714523776462679	den_ratio	1.0073211113873863	1.1085003375289166	1.219539421625761
log-power-percpmusd.mapjitter.klw	Risky second	10.0	1.7622344476964418	den_ratio	1.0070892986611113	1.1078673288747178	1.218429521101722
log-power-percpmusd.mapjitter.klw	Risky second	10.0	1.8112727809788889	den_ratio	1.0070262481107042	1.1072685284251507	1.217467607963395
log-power-percpmusd.mapjitter.klw	Risky second	10.0	1.861675721640487	den_ratio	1.006784094511319	1.1066609307942477	1.2161347667581808
log-power-percpmusd.mapjitter.klw	Risky second	10.0	1.9134812431027324	den_ratio	1.0064180632072477	1.1060644157832784	1.215059140743345
log-power-percpmusd.mapjitter.klw	Risky second	10.0	1.9667283754872122	den_ratio	1.0061135624307733	1.1054471372616712	1.213897189651848
log-power-percpmusd.mapjitter.klw	Risky second	10.0	2.021457235020777	den_ratio	1.0059669704834107	1.1048294001277654	1.2127566932148222
log-power-percpmusd.mapjitter.klw	Risky second	10.0	2.0777090542589844	den_ratio	1.0057341489220166	1.104197154376554	1.2118862738160483
log-power-percpmusd.mapjitter.klw	Risky second	10.0	2.1355262131505808	den_ratio	1.0054515761298946	1.1035652797476576	1.2105888366821544
log-power-percpmusd.mapjitter.klw	Risky second	10.0	2.1949522709664246	den_ratio	1.0054633744609691	1.1029407325821343	1.2094629045689003
log-power-percpmusd.mapjitter.klw	Risky second	10.0	2.256031999116908	den_ratio	1.0051938405719216	1.1022136524630688	1.2080579683418917
log-power-percpmusd.mapjitter.klw	Risky second	10.0	2.3188114148826	den_ratio	1.0049458841201517	1.1014653760209576	1.2070869619349145
log-power-percpmusd.mapjitter.klw	Risky second	10.0	2.3833378160835275	den_ratio	1.0046325202002546	1.1007990496306819	1.2059921052007567
log-power-percpmusd.mapjitter.klw	Risky second	10.0	2.4496598167132055	den_ratio	1.004448487875451	1.1000411541826958	1.2048558995909797
log-power-percpmusd.mapjitter.klw	Risky second	10.0	2.5178273835642724	den_ratio	1.0042769182236477	1.0993987090501665	1.2037097209460956
log-power-percpmusd.mapjitter.klw	Risky second	10.0	2.58789187387332	den_ratio	1.0039479067226786	1.0986951892868047	1.2025086572629922
log-power-percpmusd.mapjitter.klw	Risky second	10.0	2.659906074013276	den_ratio	1.0033794944087853	1.0979020872673404	1.2011843880621886
log-power-percpmusd.mapjitter.klw	Risky second	10.0	2.7339242392624983	den_ratio	1.0030831103884899	1.0971971584649238	1.2000148110547777
log-power-percpmusd.mapjitter.klw	Risky second	10.0	2.8100021346805373	den_ratio	1.0027474116430841	1.096403632867466	1.1988538640094863
log-power-percpmusd.mapjitter.klw	Risky second	10.0	2.8881970771213568	den_ratio	1.0020620157139672	1.0956610620753462	1.1978903639426635
log-power-percpmusd.mapjitter.klw	Risky second	10.0	2.9685679784156793	den_ratio	1.0016485397408255	1.0948430552957746	1.1970157321183528
log-power-percpmusd.mapjitter.klw	Risky second	10.0	3.051175389754982	den_ratio	1.0012490340710565	1.0940474909619042	1.195436736733501
log-power-percpmusd.mapjitter.klw	Risky second	10.0	3.1360815473105736	den_ratio	1.0007282682870229	1.0931943236829378	1.194338802610769
log-power-percpmusd.mapjitter.klw	Risky second	10.0	3.2233504191221405	den_ratio	1.0005030296235746	1.0924638765143269	1.193063647572698
log-power-percpmusd.mapjitter.klw	Risky second	10.0	3.31304775329107	den_ratio	0.9999909498744676	1.0916457870825074	1.1921506010445722
log-power-percpmusd.mapjitter.klw	Risky second	10.0	3.40524112751487	den_ratio	0.999298852528677	1.090741375830698	1.1911731895464792
log-power-percpmusd.mapjitter.klw	Risky second	10.0	3.5000000000000004	den_ratio	0.9987586234524032	1.0898776200201157	1.190148145373746
log-power-percpmusd.mapjitter.klw	Risky second	14.0	1.2	p_vertex	0.14987243255676405	0.17499038469387468	0.2029860330647019
log-power-percpmusd.mapjitter.klw	Risky second	14.0	1.233392832614218	p_vertex	0.16472005233397025	0.19009708528717503	0.21820204483225217
log-power-percpmusd.mapjitter.klw	Risky second	14.0	1.267714899620104	p_vertex	0.18055519399852735	0.2061156684593235	0.23419861244582185
log-power-percpmusd.mapjitter.klw	Risky second	14.0	1.3029920591580744	p_vertex	0.19724194687407134	0.22298439873635073	0.2510221774450127
log-power-percpmusd.mapjitter.klw	Risky second	14.0	1.339250888932342	p_vertex	0.2148966395496792	0.24069769070326585	0.26847757831278685
log-power-percpmusd.mapjitter.klw	Risky second	14.0	1.3765187062344757	p_vertex	0.2336214878424974	0.2592494798166175	0.28660505674103093
log-power-percpmusd.mapjitter.klw	Risky second	14.0	1.4148235885241658	p_vertex	0.25306523713315077	0.27844584047057586	0.3054051227854359
log-power-percpmusd.mapjitter.klw	Risky second	14.0	1.454194394582695	p_vertex	0.27313767672727657	0.29837264775224803	0.32475312565014985
log-power-percpmusd.mapjitter.klw	Risky second	14.0	1.4946607862550567	p_vertex	0.2940056358260958	0.3189075088086224	0.3448058233900313
log-power-percpmusd.mapjitter.klw	Risky second	14.0	1.5362532507970992	p_vertex	0.3154366227605647	0.3399977168938187	0.36546930472752265
log-power-percpmusd.mapjitter.klw	Risky second	14.0	1.579003123844529	p_vertex	0.3373141191683768	0.36148195337224986	0.3864851740774479
log-power-percpmusd.mapjitter.klw	Risky second	14.0	1.6229426130210856	p_vertex	0.3594208528599772	0.3833109254517757	0.407739364113913
log-power-percpmusd.mapjitter.klw	Risky second	14.0	1.6681048222036647	p_vertex	0.38195099416472345	0.40542142983353957	0.4292576271895167
log-power-percpmusd.mapjitter.klw	Risky second	14.0	1.714523776462679	p_vertex	0.404860682338706	0.427549360306104	0.4508907026642685
log-power-percpmusd.mapjitter.klw	Risky second	14.0	1.7622344476964418	p_vertex	0.4274129957820942	0.44968915378388924	0.4723696696942804
log-power-percpmusd.mapjitter.klw	Risky second	14.0	1.8112727809788889	p_vertex	0.4498985611079786	0.47187673925653306	0.49395718382208853
log-power-percpmusd.mapjitter.klw	Risky second	14.0	1.861675721640487	p_vertex	0.4722611072104817	0.49378011888756246	0.5153360052210425
log-power-percpmusd.mapjitter.klw	Risky second	14.0	1.9134812431027324	p_vertex	0.49424905320534857	0.5154105082367213	0.536488526683695
log-power-percpmusd.mapjitter.klw	Risky second	14.0	1.9667283754872122	p_vertex	0.515922270304433	0.5366868206142968	0.5572895885357609
log-power-percpmusd.mapjitter.klw	Risky second	14.0	2.021457235020777	p_vertex	0.537041335333954	0.5574292002045746	0.5776985443637793
log-power-percpmusd.mapjitter.klw	Risky second	14.0	2.0777090542589844	p_vertex	0.5575391905093344	0.5775990527348873	0.5976644369916938
log-power-percpmusd.mapjitter.klw	Risky second	14.0	2.1355262131505808	p_vertex	0.5774389160678135	0.5972681558849102	0.6169501670536491
log-power-percpmusd.mapjitter.klw	Risky second	14.0	2.1949522709664246	p_vertex	0.5964014823839467	0.616270845063644	0.6356983603563242
log-power-percpmusd.mapjitter.klw	Risky second	14.0	2.256031999116908	p_vertex	0.6147321456506111	0.6346299138787204	0.6538407005635827
log-power-percpmusd.mapjitter.klw	Risky second	14.0	2.3188114148826	p_vertex	0.6323424183741603	0.6522786983308659	0.6713134520348607
log-power-percpmusd.mapjitter.klw	Risky second	14.0	2.3833378160835275	p_vertex	0.6493579787914515	0.6691742210114825	0.6879819286856113
log-power-percpmusd.mapjitter.klw	Risky second	14.0	2.4496598167132055	p_vertex	0.6655464641539174	0.6853750984459211	0.7039567085445946
log-power-percpmusd.mapjitter.klw	Risky second	14.0	2.5178273835642724	p_vertex	0.6809108853298899	0.7007942542213967	0.7192162900700657
log-power-percpmusd.mapjitter.klw	Risky second	14.0	2.58789187387332	p_vertex	0.6955726424599846	0.71554020698125	0.7337934823147102
log-power-percpmusd.mapjitter.klw	Risky second	14.0	2.659906074013276	p_vertex	0.7096321093805407	0.7294938037521477	0.7476283437353823
log-power-percpmusd.mapjitter.klw	Risky second	14.0	2.7339242392624983	p_vertex	0.7227660655581942	0.742803384433744	0.7609271637904405
log-power-percpmusd.mapjitter.klw	Risky second	14.0	2.8100021346805373	p_vertex	0.7352579137232391	0.7553548379120274	0.7733956639538916
log-power-percpmusd.mapjitter.klw	Risky second	14.0	2.8881970771213568	p_vertex	0.7471967702205881	0.7672314195175898	0.7852628416152071
log-power-percpmusd.mapjitter.klw	Risky second	14.0	2.9685679784156793	p_vertex	0.7585688527674429	0.7784810712732931	0.7965090780408008
log-power-percpmusd.mapjitter.klw	Risky second	14.0	3.051175389754982	p_vertex	0.7691201033754818	0.789108901017991	0.8071579141984598
log-power-percpmusd.mapjitter.klw	Risky second	14.0	3.1360815473105736	p_vertex	0.7789956742123161	0.799156116628551	0.8172059223529887
log-power-percpmusd.mapjitter.klw	Risky second	14.0	3.2233504191221405	p_vertex	0.788318177181346	0.8085840677251888	0.8266805565194739
log-power-percpmusd.mapjitter.klw	Risky second	14.0	3.31304775329107	p_vertex	0.7970905712375608	0.8174254745390741	0.8355746978292533
log-power-percpmusd.mapjitter.klw	Risky second	14.0	3.40524112751487	p_vertex	0.8054049486796163	0.825783419076823	0.8439606020001884
log-power-percpmusd.mapjitter.klw	Risky second	14.0	3.5000000000000004	p_vertex	0.8131493816676912	0.8336257843835002	0.8519056363291507
log-power-percpmusd.mapjitter.klw	Risky second	14.0	1.2	p_full	0.19862029769757056	0.22703834169848192	0.2582343764482599
log-power-percpmusd.mapjitter.klw	Risky second	14.0	1.233392832614218	p_full	0.21478089366027664	0.2430587382257196	0.27407810336843647
log-power-percpmusd.mapjitter.klw	Risky second	14.0	1.267714899620104	p_full	0.23155197428828414	0.2597456865399891	0.2903502584360602
log-power-percpmusd.mapjitter.klw	Risky second	14.0	1.3029920591580744	p_full	0.24910486842985408	0.2770270278932023	0.3072548735412049
log-power-percpmusd.mapjitter.klw	Risky second	14.0	1.339250888932342	p_full	0.267301130401845	0.29483067337543206	0.324718496739183
log-power-percpmusd.mapjitter.klw	Risky second	14.0	1.3765187062344757	p_full	0.286015938852054	0.3131807056937743	0.342532553066756
log-power-percpmusd.mapjitter.klw	Risky second	14.0	1.4148235885241658	p_full	0.30515553049221567	0.33196726017111666	0.36075714886725807
log-power-percpmusd.mapjitter.klw	Risky second	14.0	1.454194394582695	p_full	0.3247219706230253	0.3511006318639836	0.37921266213475785
log-power-percpmusd.mapjitter.klw	Risky second	14.0	1.4946607862550567	p_full	0.34471768602158537	0.370586965177763	0.39810935521987656
log-power-percpmusd.mapjitter.klw	Risky second	14.0	1.5362532507970992	p_full	0.3649395859781454	0.3902914885431741	0.41714057235097723
log-power-percpmusd.mapjitter.klw	Risky second	14.0	1.579003123844529	p_full	0.3854178829715622	0.4102070433720636	0.4363456787094434
log-power-percpmusd.mapjitter.klw	Risky second	14.0	1.6229426130210856	p_full	0.4059778954036477	0.4302301302227133	0.4556800581467279
log-power-percpmusd.mapjitter.klw	Risky second	14.0	1.6681048222036647	p_full	0.4266143691587758	0.4502386773659834	0.47487622488822206
log-power-percpmusd.mapjitter.klw	Risky second	14.0	1.714523776462679	p_full	0.44720093564574653	0.4702143767517945	0.49402781118874606
log-power-percpmusd.mapjitter.klw	Risky second	14.0	1.7622344476964418	p_full	0.46761674041835527	0.4900523135821514	0.5131592233064458
log-power-percpmusd.mapjitter.klw	Risky second	14.0	1.8112727809788889	p_full	0.4876251958388314	0.5097217600418928	0.5320649743205143
log-power-percpmusd.mapjitter.klw	Risky second	14.0	1.861675721640487	p_full	0.5074805555828157	0.5291031483169333	0.5509284995465573
log-power-percpmusd.mapjitter.klw	Risky second	14.0	1.9134812431027324	p_full	0.5270369506867104	0.5482476608467851	0.5695551502211132
log-power-percpmusd.mapjitter.klw	Risky second	14.0	1.9667283754872122	p_full	0.5463082342920224	0.5670295229690198	0.5878170377215148
log-power-percpmusd.mapjitter.klw	Risky second	14.0	2.021457235020777	p_full	0.565115372300163	0.5853884404313529	0.6056881613563306
log-power-percpmusd.mapjitter.klw	Risky second	14.0	2.0777090542589844	p_full	0.5833154053356328	0.6033150430952084	0.6232592151441958
log-power-percpmusd.mapjitter.klw	Risky second	14.0	2.1355262131505808	p_full	0.6008888406919762	0.6207435896149764	0.6404003565376923
log-power-percpmusd.mapjitter.klw	Risky second	14.0	2.1949522709664246	p_full	0.6180689614419267	0.6376141000377178	0.6571228590879834
log-power-percpmusd.mapjitter.klw	Risky second	14.0	2.256031999116908	p_full	0.6347475781421241	0.653972175743971	0.6732547692371954
log-power-percpmusd.mapjitter.klw	Risky second	14.0	2.3188114148826	p_full	0.6506151560736649	0.669786211230673	0.6888686513810769
log-power-percpmusd.mapjitter.klw	Risky second	14.0	2.3833378160835275	p_full	0.6660114744955941	0.6850245421353567	0.7038168892268906
log-power-percpmusd.mapjitter.klw	Risky second	14.0	2.4496598167132055	p_full	0.6807263979687749	0.6997416200775691	0.7183161228791637
log-power-percpmusd.mapjitter.klw	Risky second	14.0	2.5178273835642724	p_full	0.6947204478899641	0.7137699090944734	0.7322006170823784
log-power-percpmusd.mapjitter.klw	Risky second	14.0	2.58789187387332	p_full	0.708175377586975	0.7272893413148813	0.7455798812553188
log-power-percpmusd.mapjitter.klw	Risky second	14.0	2.659906074013276	p_full	0.721000856939104	0.7402258644293385	0.758400205877594
log-power-percpmusd.mapjitter.klw	Risky second	14.0	2.7339242392624983	p_full	0.7331968554519164	0.7525930462973422	0.7707700809595666
log-power-percpmusd.mapjitter.klw	Risky second	14.0	2.8100021346805373	p_full	0.7449473759679981	0.7644583125710523	0.7825709782877572
log-power-percpmusd.mapjitter.klw	Risky second	14.0	2.8881970771213568	p_full	0.7561820765260755	0.7757052740315764	0.7938957374932247
log-power-percpmusd.mapjitter.klw	Risky second	14.0	2.9685679784156793	p_full	0.7667837147342426	0.7864927745907362	0.804598852154112
log-power-percpmusd.mapjitter.klw	Risky second	14.0	3.051175389754982	p_full	0.7769201045665015	0.7967569909410104	0.8148603465521127
log-power-percpmusd.mapjitter.klw	Risky second	14.0	3.1360815473105736	p_full	0.7866104470375841	0.8065011111731089	0.8245223447441744
log-power-percpmusd.mapjitter.klw	Risky second	14.0	3.2233504191221405	p_full	0.7957801392610059	0.8157940039816801	0.8337999900737824
log-power-percpmusd.mapjitter.klw	Risky second	14.0	3.31304775329107	p_full	0.8044403096506941	0.8246050362983011	0.8425966864729426
log-power-percpmusd.mapjitter.klw	Risky second	14.0	3.40524112751487	p_full	0.8126423646466849	0.8329673201208609	0.8509047341626159
log-power-percpmusd.mapjitter.klw	Risky second	14.0	3.5000000000000004	p_full	0.8204104603560672	0.8409340506804692	0.85886158055288
log-power-percpmusd.mapjitter.klw	Risky second	14.0	1.2	p_bias_only	0.18834357710566113	0.21533615388494873	0.24445455176597664
log-power-percpmusd.mapjitter.klw	Risky second	14.0	1.233392832614218	p_bias_only	0.2045517682703366	0.23162672376887816	0.2606280534042835
log-power-percpmusd.mapjitter.klw	Risky second	14.0	1.267714899620104	p_bias_only	0.2215023893688585	0.24856382464712068	0.27750447493568964
log-power-percpmusd.mapjitter.klw	Risky second	14.0	1.3029920591580744	p_bias_only	0.23916872995263785	0.26620351059101144	0.29494858286173453
log-power-percpmusd.mapjitter.klw	Risky second	14.0	1.339250888932342	p_bias_only	0.2575482910838977	0.2844274503644885	0.31285027416541367
log-power-percpmusd.mapjitter.klw	Risky second	14.0	1.3765187062344757	p_bias_only	0.27666307935469486	0.30332479169118903	0.33152034021320886
log-power-percpmusd.mapjitter.klw	Risky second	14.0	1.4148235885241658	p_bias_only	0.29636272668495944	0.3227233757021311	0.3506714615502737
log-power-percpmusd.mapjitter.klw	Risky second	14.0	1.454194394582695	p_bias_only	0.31633249495797866	0.34262019180811976	0.3702989397913986
log-power-percpmusd.mapjitter.klw	Risky second	14.0	1.4946607862550567	p_bias_only	0.3367481018428431	0.3628653883581658	0.3902763205539464
log-power-percpmusd.mapjitter.klw	Risky second	14.0	1.5362532507970992	p_bias_only	0.3577300289086001	0.38346182217473107	0.41045051072192673
log-power-percpmusd.mapjitter.klw	Risky second	14.0	1.579003123844529	p_bias_only	0.37899407365309234	0.40423449026940717	0.4307702409929981
log-power-percpmusd.mapjitter.klw	Risky second	14.0	1.6229426130210856	p_bias_only	0.40024172062806346	0.4251732863473867	0.4513386259885139
log-power-percpmusd.mapjitter.klw	Risky second	14.0	1.6681048222036647	p_bias_only	0.42149001286270554	0.4461616296286359	0.4718533536624793
log-power-percpmusd.mapjitter.klw	Risky second	14.0	1.714523776462679	p_bias_only	0.4428001250315694	0.467130286195517	0.49231595570656106
log-power-percpmusd.mapjitter.klw	Risky second	14.0	1.7622344476964418	p_bias_only	0.4641294570792226	0.48799901584634997	0.5126389559463833
log-power-percpmusd.mapjitter.klw	Risky second	14.0	1.8112727809788889	p_bias_only	0.4852555815854892	0.508687870739759	0.5328144429093149
log-power-percpmusd.mapjitter.klw	Risky second	14.0	1.861675721640487	p_bias_only	0.5060600256566415	0.529052771090625	0.5527275925403079
log-power-percpmusd.mapjitter.klw	Risky second	14.0	1.9134812431027324	p_bias_only	0.5264118132577121	0.5490129835110631	0.5720835462595586
log-power-percpmusd.mapjitter.klw	Risky second	14.0	1.9667283754872122	p_bias_only	0.5464153898888543	0.5686376089452284	0.5911303975270898
log-power-percpmusd.mapjitter.klw	Risky second	14.0	2.021457235020777	p_bias_only	0.5659373401703179	0.5877612182233964	0.6098877659979768
log-power-percpmusd.mapjitter.klw	Risky second	14.0	2.0777090542589844	p_bias_only	0.5848142750925257	0.606382775804053	0.6281371886811735
log-power-percpmusd.mapjitter.klw	Risky second	14.0	2.1355262131505808	p_bias_only	0.6032673246897735	0.6244564604686538	0.6456665235214575
log-power-percpmusd.mapjitter.klw	Risky second	14.0	2.1949522709664246	p_bias_only	0.6210382858326765	0.6419187698956021	0.6627157165406782
log-power-percpmusd.mapjitter.klw	Risky second	14.0	2.256031999116908	p_bias_only	0.6381409916834886	0.6587684322902128	0.6791377927871074
log-power-percpmusd.mapjitter.klw	Risky second	14.0	2.3188114148826	p_bias_only	0.6546529687970515	0.6749821390653243	0.6949303345527978
log-power-percpmusd.mapjitter.klw	Risky second	14.0	2.3833378160835275	p_bias_only	0.6703613220985918	0.6905459160760556	0.710173618141483
log-power-percpmusd.mapjitter.klw	Risky second	14.0	2.4496598167132055	p_bias_only	0.6855929649881737	0.7054642372741204	0.7247914923975783
log-power-percpmusd.mapjitter.klw	Risky second	14.0	2.5178273835642724	p_bias_only	0.7002900223999371	0.7198189138913067	0.7387609937951685
log-power-percpmusd.mapjitter.klw	Risky second	14.0	2.58789187387332	p_bias_only	0.7141678964606964	0.7335381118765583	0.7521929815954489
log-power-percpmusd.mapjitter.klw	Risky second	14.0	2.659906074013276	p_bias_only	0.7273708556099796	0.7466216473170374	0.7649490976777751
log-power-percpmusd.mapjitter.klw	Risky second	14.0	2.7339242392624983	p_bias_only	0.7400146533066787	0.7591451441465951	0.7771675782335885
log-power-percpmusd.mapjitter.klw	Risky second	14.0	2.8100021346805373	p_bias_only	0.7520858682260887	0.7710875804092987	0.7887823093709696
log-power-percpmusd.mapjitter.klw	Risky second	14.0	2.8881970771213568	p_bias_only	0.7636774293779783	0.7824584288798402	0.7998869951361306
log-power-percpmusd.mapjitter.klw	Risky second	14.0	2.9685679784156793	p_bias_only	0.7746633545789994	0.7932612196527737	0.8104947371465239
log-power-percpmusd.mapjitter.klw	Risky second	14.0	3.051175389754982	p_bias_only	0.7850278633097096	0.8035580486863931	0.8206728070920553
log-power-percpmusd.mapjitter.klw	Risky second	14.0	3.1360815473105736	p_bias_only	0.794937685771204	0.8133677121540606	0.8302185399261789
log-power-percpmusd.mapjitter.klw	Risky second	14.0	3.2233504191221405	p_bias_only	0.8042507389825193	0.8226669649248699	0.8393772724450137
log-power-percpmusd.mapjitter.klw	Risky second	14.0	3.31304775329107	p_bias_only	0.8131650999219157	0.831517490901007	0.8480714150790457
log-power-percpmusd.mapjitter.klw	Risky second	14.0	3.40524112751487	p_bias_only	0.821610855104623	0.8398717928941207	0.8564065765549193
log-power-percpmusd.mapjitter.klw	Risky second	14.0	3.5000000000000004	p_bias_only	0.8295331556093386	0.8478120738531392	0.8643247998615746
log-power-percpmusd.mapjitter.klw	Risky second	14.0	1.2	p_scale_only	0.1674820515556151	0.19163313868466464	0.21839847659409192
log-power-percpmusd.mapjitter.klw	Risky second	14.0	1.233392832614218	p_scale_only	0.18268905096056312	0.2070472891632144	0.23377618737380085
log-power-percpmusd.mapjitter.klw	Risky second	14.0	1.267714899620104	p_scale_only	0.19868553594784935	0.22322503579969566	0.24972339589173878
log-power-percpmusd.mapjitter.klw	Risky second	14.0	1.3029920591580744	p_scale_only	0.21557161630473112	0.24003698809040103	0.26633668122020127
log-power-percpmusd.mapjitter.klw	Risky second	14.0	1.339250888932342	p_scale_only	0.2331288402282716	0.2574844348623758	0.2834557306226439
log-power-percpmusd.mapjitter.klw	Risky second	14.0	1.3765187062344757	p_scale_only	0.251247566913792	0.27549534797739533	0.30104747016350714
log-power-percpmusd.mapjitter.klw	Risky second	14.0	1.4148235885241658	p_scale_only	0.2702510230439698	0.29415106148589953	0.3192402458669483
log-power-percpmusd.mapjitter.klw	Risky second	14.0	1.454194394582695	p_scale_only	0.28980338919624077	0.3132922722683378	0.33766885856772927
log-power-percpmusd.mapjitter.klw	Risky second	14.0	1.4946607862550567	p_scale_only	0.3097862644652314	0.3328226440390255	0.3566412077935606
log-power-percpmusd.mapjitter.klw	Risky second	14.0	1.5362532507970992	p_scale_only	0.3299897173797395	0.3526703091100597	0.3760525661438129
log-power-percpmusd.mapjitter.klw	Risky second	14.0	1.579003123844529	p_scale_only	0.3506231927178838	0.37287395716107763	0.39557976965234376
log-power-percpmusd.mapjitter.klw	Risky second	14.0	1.6229426130210856	p_scale_only	0.3713962670115319	0.3932295940786288	0.41547695582382743
log-power-percpmusd.mapjitter.klw	Risky second	14.0	1.6681048222036647	p_scale_only	0.3925380381715219	0.4137064641317679	0.4354256390685471
log-power-percpmusd.mapjitter.klw	Risky second	14.0	1.714523776462679	p_scale_only	0.4134038596530568	0.4342672508207428	0.4553289916884706
log-power-percpmusd.mapjitter.klw	Risky second	14.0	1.7622344476964418	p_scale_only	0.43433972912490126	0.4547572586255011	0.4753648746027616
log-power-percpmusd.mapjitter.klw	Risky second	14.0	1.8112727809788889	p_scale_only	0.4550196571313401	0.47512389641558883	0.49537644542771936
log-power-percpmusd.mapjitter.klw	Risky second	14.0	1.861675721640487	p_scale_only	0.47545120766139265	0.49535409145876014	0.5152346713231554
log-power-percpmusd.mapjitter.klw	Risky second	14.0	1.9134812431027324	p_scale_only	0.4956861220031197	0.5152850342483843	0.5347788832868966
log-power-percpmusd.mapjitter.klw	Risky second	14.0	1.9667283754872122	p_scale_only	0.5156111946928046	0.534877028907476	0.5540753416125743
log-power-percpmusd.mapjitter.klw	Risky second	14.0	2.021457235020777	p_scale_only	0.5351721703486254	0.5540644552660856	0.5731746045865291
log-power-percpmusd.mapjitter.klw	Risky second	14.0	2.0777090542589844	p_scale_only	0.5542259727540734	0.5728700155959914	0.5915622144984697
log-power-percpmusd.mapjitter.klw	Risky second	14.0	2.1355262131505808	p_scale_only	0.5725506779257684	0.5911481640974725	0.6098300066882898
log-power-percpmusd.mapjitter.klw	Risky second	14.0	2.1949522709664246	p_scale_only	0.5904318961493555	0.6089649653374956	0.6274480605511712
log-power-percpmusd.mapjitter.klw	Risky second	14.0	2.256031999116908	p_scale_only	0.6078238596007166	0.6262624580284408	0.6445397005585216
log-power-percpmusd.mapjitter.klw	Risky second	14.0	2.3188114148826	p_scale_only	0.6245401143415223	0.6429057295949235	0.661075088938005
log-power-percpmusd.mapjitter.klw	Risky second	14.0	2.3833378160835275	p_scale_only	0.6405194681722158	0.6590233142852769	0.6770713308687175
log-power-percpmusd.mapjitter.klw	Risky second	14.0	2.4496598167132055	p_scale_only	0.6560562654009232	0.6745074050562433	0.6924865536932053
log-power-percpmusd.mapjitter.klw	Risky second	14.0	2.5178273835642724	p_scale_only	0.6708253130844828	0.6893745090749271	0.7073121612045095
log-power-percpmusd.mapjitter.klw	Risky second	14.0	2.58789187387332	p_scale_only	0.6849631916116536	0.7036099731356541	0.721449886861481
log-power-percpmusd.mapjitter.klw	Risky second	14.0	2.659906074013276	p_scale_only	0.6985148013173709	0.7172549660439995	0.7351088556477049
log-power-percpmusd.mapjitter.klw	Risky second	14.0	2.7339242392624983	p_scale_only	0.7114198936400351	0.730252508819514	0.7479492458902472
log-power-percpmusd.mapjitter.klw	Risky second	14.0	2.8100021346805373	p_scale_only	0.7237396986731187	0.7426709958148713	0.7602739757751781
log-power-percpmusd.mapjitter.klw	Risky second	14.0	2.8881970771213568	p_scale_only	0.7354962696361358	0.7545162357973807	0.7720129116465391
log-power-percpmusd.mapjitter.klw	Risky second	14.0	2.9685679784156793	p_scale_only	0.7466924067852091	0.7657555526650868	0.7832591250262646
log-power-percpmusd.mapjitter.klw	Risky second	14.0	3.051175389754982	p_scale_only	0.7573814744113254	0.7764316094032976	0.7939417883477854
log-power-percpmusd.mapjitter.klw	Risky second	14.0	3.1360815473105736	p_scale_only	0.7673452801679439	0.7865581071260954	0.8041631073199
log-power-percpmusd.mapjitter.klw	Risky second	14.0	3.2233504191221405	p_scale_only	0.7768245320840156	0.7961316719099778	0.8138309360583261
log-power-percpmusd.mapjitter.klw	Risky second	14.0	3.31304775329107	p_scale_only	0.7857786561799884	0.805170724393556	0.8229404802780831
log-power-percpmusd.mapjitter.klw	Risky second	14.0	3.40524112751487	p_scale_only	0.7942422710011862	0.8137080266999319	0.8316016140083012
log-power-percpmusd.mapjitter.klw	Risky second	14.0	3.5000000000000004	p_scale_only	0.8021266663199844	0.8218517034474726	0.8398852911108359
log-power-percpmusd.mapjitter.klw	Risky second	14.0	1.2	dp_full	0.021258395385692564	0.05198147512539791	0.08357043875127373
log-power-percpmusd.mapjitter.klw	Risky second	14.0	1.233392832614218	dp_full	0.02214783919129023	0.05289295922046966	0.08441977683679416
log-power-percpmusd.mapjitter.klw	Risky second	14.0	1.267714899620104	dp_full	0.022930477101911324	0.05348149936439664	0.08490285355413768
log-power-percpmusd.mapjitter.klw	Risky second	14.0	1.3029920591580744	dp_full	0.02361520243093951	0.0539023912906271	0.08511019685463725
log-power-percpmusd.mapjitter.klw	Risky second	14.0	1.339250888932342	dp_full	0.02393064878472225	0.05400546650184446	0.08485979550227297
log-power-percpmusd.mapjitter.klw	Risky second	14.0	1.3765187062344757	dp_full	0.024096404927777322	0.05381691492891337	0.08406247904758854
log-power-percpmusd.mapjitter.klw	Risky second	14.0	1.4148235885241658	dp_full	0.02414760209516261	0.05338240836065954	0.08289966974143011
log-power-percpmusd.mapjitter.klw	Risky second	14.0	1.454194394582695	dp_full	0.023788983916336024	0.052636268464059235	0.08145348641515081
log-power-percpmusd.mapjitter.klw	Risky second	14.0	1.4946607862550567	dp_full	0.02339930116740765	0.05158032528314379	0.07978663116404433
log-power-percpmusd.mapjitter.klw	Risky second	14.0	1.5362532507970992	dp_full	0.022591746842982225	0.05022367305403355	0.07784335679805242
log-power-percpmusd.mapjitter.klw	Risky second	14.0	1.579003123844529	dp_full	0.02177391041013381	0.048660077790336126	0.07556687432225057
log-power-percpmusd.mapjitter.klw	Risky second	14.0	1.6229426130210856	dp_full	0.02077815263671027	0.0468182540439015	0.07312065375581765
log-power-percpmusd.mapjitter.klw	Risky second	14.0	1.6681048222036647	dp_full	0.019504721490718486	0.044738477260424195	0.07039923061158955
log-power-percpmusd.mapjitter.klw	Risky second	14.0	1.714523776462679	dp_full	0.018054291957066374	0.04252439355821026	0.06761027651974402
log-power-percpmusd.mapjitter.klw	Risky second	14.0	1.7622344476964418	dp_full	0.01631706145738335	0.04008690335824307	0.06458555544880705
log-power-percpmusd.mapjitter.klw	Risky second	14.0	1.8112727809788889	dp_full	0.01458975634326901	0.03771137114842116	0.06162708407469769
log-power-percpmusd.mapjitter.klw	Risky second	14.0	1.861675721640487	dp_full	0.012667629971987981	0.035252606483017535	0.058638620285625234
log-power-percpmusd.mapjitter.klw	Risky second	14.0	1.9134812431027324	dp_full	0.01042325108033321	0.032735171720702914	0.055739508115415705
log-power-percpmusd.mapjitter.klw	Risky second	14.0	1.9667283754872122	dp_full	0.008091225654941914	0.03027690709127765	0.053105175073725044
log-power-percpmusd.mapjitter.klw	Risky second	14.0	2.021457235020777	dp_full	0.005751367302375576	0.02778881279600089	0.05036855862805128
log-power-percpmusd.mapjitter.klw	Risky second	14.0	2.0777090542589844	dp_full	0.003484516012595432	0.02553826809718135	0.047858538665358885
log-power-percpmusd.mapjitter.klw	Risky second	14.0	2.1355262131505808	dp_full	0.0013823091460546748	0.02338091331408314	0.04563651862487138
log-power-percpmusd.mapjitter.klw	Risky second	14.0	2.1949522709664246	dp_full	-0.0005303531154581758	0.021338727050755048	0.043366458498659353
log-power-percpmusd.mapjitter.klw	Risky second	14.0	2.256031999116908	dp_full	-0.0024753826144779554	0.019348468926720243	0.04137432364353104
log-power-percpmusd.mapjitter.klw	Risky second	14.0	2.3188114148826	dp_full	-0.004359140571025471	0.017516294773822636	0.03946731569799027
log-power-percpmusd.mapjitter.klw	Risky second	14.0	2.3833378160835275	dp_full	-0.006012893541437979	0.015844521203261	0.03790752345823787
log-power-percpmusd.mapjitter.klw	Risky second	14.0	2.4496598167132055	dp_full	-0.00747581977185631	0.014388877932098192	0.036436267441699706
log-power-percpmusd.mapjitter.klw	Risky second	14.0	2.5178273835642724	dp_full	-0.008816905496202732	0.013074154821446641	0.03510496029936226
log-power-percpmusd.mapjitter.klw	Risky second	14.0	2.58789187387332	dp_full	-0.010166094086474604	0.011916447798842966	0.03408234541790733
log-power-percpmusd.mapjitter.klw	Risky second	14.0	2.659906074013276	dp_full	-0.011262268274706671	0.010841021573896234	0.03326320891250673
log-power-percpmusd.mapjitter.klw	Risky second	14.0	2.7339242392624983	dp_full	-0.01217016999334148	0.009936750162216085	0.0324209578910627
log-power-percpmusd.mapjitter.klw	Risky second	14.0	2.8100021346805373	dp_full	-0.01301474323945133	0.009169294097294738	0.03183064196081358
log-power-percpmusd.mapjitter.klw	Risky second	14.0	2.8881970771213568	dp_full	-0.013615843722902372	0.008571193776794585	0.031182303987201936
log-power-percpmusd.mapjitter.klw	Risky second	14.0	2.9685679784156793	dp_full	-0.014157221857847312	0.008040648510671315	0.030696646326129336
log-power-percpmusd.mapjitter.klw	Risky second	14.0	3.051175389754982	dp_full	-0.01455124075309056	0.007629965406744994	0.030369469414883006
log-power-percpmusd.mapjitter.klw	Risky second	14.0	3.1360815473105736	dp_full	-0.014935344297935237	0.0073272614576943805	0.03012583837484467
log-power-percpmusd.mapjitter.klw	Risky second	14.0	3.2233504191221405	dp_full	-0.015230926255045955	0.007171030814354384	0.030038428479753878
log-power-percpmusd.mapjitter.klw	Risky second	14.0	3.31304775329107	dp_full	-0.01539632849431508	0.007097802335504574	0.029908392908339278
log-power-percpmusd.mapjitter.klw	Risky second	14.0	3.40524112751487	dp_full	-0.015444239541533329	0.007175552235800126	0.029949678713520635
log-power-percpmusd.mapjitter.klw	Risky second	14.0	3.5000000000000004	dp_full	-0.015422702327606869	0.00724222830342926	0.030020049874234307
log-power-percpmusd.mapjitter.klw	Risky second	14.0	1.2	dp_bias	0.017480583192350078	0.040046548001611545	0.06353133450910209
log-power-percpmusd.mapjitter.klw	Risky second	14.0	1.233392832614218	dp_bias	0.018059043060033458	0.04118264112375472	0.06513813923150472
log-power-percpmusd.mapjitter.klw	Risky second	14.0	1.267714899620104	dp_bias	0.01859004101531464	0.04216032654228334	0.06654633459513294
log-power-percpmusd.mapjitter.klw	Risky second	14.0	1.3029920591580744	dp_bias	0.019044777047437487	0.042946278436910706	0.06776458995205316
log-power-percpmusd.mapjitter.klw	Risky second	14.0	1.339250888932342	dp_bias	0.019254839429488486	0.043538458507311216	0.06862514603774025
log-power-percpmusd.mapjitter.klw	Risky second	14.0	1.3765187062344757	dp_bias	0.019454010798169274	0.04391843608398102	0.06915471956684664
log-power-percpmusd.mapjitter.klw	Risky second	14.0	1.4148235885241658	dp_bias	0.019563001720132957	0.04408949352386746	0.06942794675016943
log-power-percpmusd.mapjitter.klw	Risky second	14.0	1.454194394582695	dp_bias	0.019540223744199267	0.04405264191407714	0.0694252128473624
log-power-percpmusd.mapjitter.klw	Risky second	14.0	1.4946607862550567	dp_bias	0.01926061856727212	0.04377582758128709	0.06910281280787743
log-power-percpmusd.mapjitter.klw	Risky second	14.0	1.5362532507970992	dp_bias	0.018804502365326575	0.04333562038666699	0.06861395830644951
log-power-percpmusd.mapjitter.klw	Risky second	14.0	1.579003123844529	dp_bias	0.01827561004805011	0.04260595450120534	0.06781682769608788
log-power-percpmusd.mapjitter.klw	Risky second	14.0	1.6229426130210856	dp_bias	0.017548174809354646	0.04175126458638403	0.06677499443476664
log-power-percpmusd.mapjitter.klw	Risky second	14.0	1.6681048222036647	dp_bias	0.01676768294728967	0.0406524499061399	0.06537874677311206
log-power-percpmusd.mapjitter.klw	Risky second	14.0	1.714523776462679	dp_bias	0.015958229179769252	0.03944973741891441	0.06387138279380813
log-power-percpmusd.mapjitter.klw	Risky second	14.0	1.7622344476964418	dp_bias	0.014883582655396781	0.038178434209162365	0.06228629165115975
log-power-percpmusd.mapjitter.klw	Risky second	14.0	1.8112727809788889	dp_bias	0.013836719033102539	0.03671127878416423	0.06038687290141605
log-power-percpmusd.mapjitter.klw	Risky second	14.0	1.861675721640487	dp_bias	0.012694898850640707	0.03513765488317826	0.05831513000838723
log-power-percpmusd.mapjitter.klw	Risky second	14.0	1.9134812431027324	dp_bias	0.011555908280756805	0.03350005344792557	0.05630376635674687
log-power-percpmusd.mapjitter.klw	Risky second	14.0	1.9667283754872122	dp_bias	0.010350784696476193	0.031902871248737655	0.054205192405801295
log-power-percpmusd.mapjitter.klw	Risky second	14.0	2.021457235020777	dp_bias	0.00907696338878445	0.03023783858876889	0.052129783058240606
log-power-percpmusd.mapjitter.klw	Risky second	14.0	2.0777090542589844	dp_bias	0.007795361604049577	0.028633485316760902	0.0499870037606143
log-power-percpmusd.mapjitter.klw	Risky second	14.0	2.1355262131505808	dp_bias	0.006520406043233129	0.027071480574019258	0.047889918256684524
log-power-percpmusd.mapjitter.klw	Risky second	14.0	2.1949522709664246	dp_bias	0.0053197951957015665	0.025486596013990174	0.04584136228641735
log-power-percpmusd.mapjitter.klw	Risky second	14.0	2.256031999116908	dp_bias	0.004227151837325131	0.024018772427780204	0.043913834983785066
log-power-percpmusd.mapjitter.klw	Risky second	14.0	2.3188114148826	dp_bias	0.003178539398225655	0.022620895348394603	0.04210516023446635
log-power-percpmusd.mapjitter.klw	Risky second	14.0	2.3833378160835275	dp_bias	0.00218771818218657	0.021345771214964712	0.04040160036385885
log-power-percpmusd.mapjitter.klw	Risky second	14.0	2.4496598167132055	dp_bias	0.001334335503281103	0.020184345964468504	0.038774515354448286
log-power-percpmusd.mapjitter.klw	Risky second	14.0	2.5178273835642724	dp_bias	0.0005685218901263056	0.019115019509498482	0.03724372867192492
log-power-percpmusd.mapjitter.klw	Risky second	14.0	2.58789187387332	dp_bias	9.199827596570383e-07	0.01813929264338779	0.03588008341155371
log-power-percpmusd.mapjitter.klw	Risky second	14.0	2.659906074013276	dp_bias	-0.0005264850337554869	0.017283256320591064	0.03467576250031157
log-power-percpmusd.mapjitter.klw	Risky second	14.0	2.7339242392624983	dp_bias	-0.0009464074110314284	0.01653661269220145	0.03365741354647035
log-power-percpmusd.mapjitter.klw	Risky second	14.0	2.8100021346805373	dp_bias	-0.0012758640515454034	0.01584188597724287	0.03283016528605823
log-power-percpmusd.mapjitter.klw	Risky second	14.0	2.8881970771213568	dp_bias	-0.001599148493577573	0.015291809805885674	0.03197688570520326
log-power-percpmusd.mapjitter.klw	Risky second	14.0	2.9685679784156793	dp_bias	-0.0018184883672569218	0.014852463698552688	0.03128862313545475
log-power-percpmusd.mapjitter.klw	Risky second	14.0	3.051175389754982	dp_bias	-0.001970488930464411	0.01449425691517046	0.0306569445057668
log-power-percpmusd.mapjitter.klw	Risky second	14.0	3.1360815473105736	dp_bias	-0.001894124206872533	0.014268837833205966	0.030269030838685342
log-power-percpmusd.mapjitter.klw	Risky second	14.0	3.2233504191221405	dp_bias	-0.0017982210730211857	0.014145429695525649	0.030011383836131222
log-power-percpmusd.mapjitter.klw	Risky second	14.0	3.31304775329107	dp_bias	-0.0016403094752629407	0.014079665045870115	0.029785855908049982
log-power-percpmusd.mapjitter.klw	Risky second	14.0	3.40524112751487	dp_bias	-0.0014163997964994706	0.014112298824654396	0.029581182120936588
log-power-percpmusd.mapjitter.klw	Risky second	14.0	3.5000000000000004	dp_bias	-0.0012141591638550175	0.014207189163436872	0.02960622486543539
log-power-percpmusd.mapjitter.klw	Risky second	14.0	1.2	dp_scale	-0.0004031921188435968	0.01646805721052297	0.033933090156828785
log-power-percpmusd.mapjitter.klw	Risky second	14.0	1.233392832614218	dp_scale	1.8875349033813192e-05	0.016712444492215935	0.03396919719679075
log-power-percpmusd.mapjitter.klw	Risky second	14.0	1.267714899620104	dp_scale	0.00035049800634832576	0.016811544244987483	0.033702542797033275
log-power-percpmusd.mapjitter.klw	Risky second	14.0	1.3029920591580744	dp_scale	0.0007213561782814416	0.01676366661335517	0.03331587114990645
log-power-percpmusd.mapjitter.klw	Risky second	14.0	1.339250888932342	dp_scale	0.000943891752160322	0.016513655004147716	0.03263135394654329
log-power-percpmusd.mapjitter.klw	Risky second	14.0	1.3765187062344757	dp_scale	0.0010816508224665818	0.01608338207524138	0.031773887806687974
log-power-percpmusd.mapjitter.klw	Risky second	14.0	1.4148235885241658	dp_scale	0.0012122658304667142	0.015475683033423062	0.030526654122238175
log-power-percpmusd.mapjitter.klw	Risky second	14.0	1.454194394582695	dp_scale	0.0011634829777143552	0.014664813522870693	0.029083355038774166
log-power-percpmusd.mapjitter.klw	Risky second	14.0	1.4946607862550567	dp_scale	0.0009731695391190812	0.013709889897649995	0.02733476133744243
log-power-percpmusd.mapjitter.klw	Risky second	14.0	1.5362532507970992	dp_scale	0.0007339017748593268	0.012545995631586593	0.025391105376269266
log-power-percpmusd.mapjitter.klw	Risky second	14.0	1.579003123844529	dp_scale	0.0002875902928808844	0.011250870334406478	0.023234972168044165
log-power-percpmusd.mapjitter.klw	Risky second	14.0	1.6229426130210856	dp_scale	-0.00018163975674510556	0.009812628680488489	0.02084614979666438
log-power-percpmusd.mapjitter.klw	Risky second	14.0	1.6681048222036647	dp_scale	-0.0008226023101688113	0.008235129313068435	0.01847465474768864
log-power-percpmusd.mapjitter.klw	Risky second	14.0	1.714523776462679	dp_scale	-0.0017021086650884345	0.006562727719776475	0.01609411759263125
log-power-percpmusd.mapjitter.klw	Risky second	14.0	1.7622344476964418	dp_scale	-0.0028886275303703136	0.004826144116464427	0.013744110178216366
log-power-percpmusd.mapjitter.klw	Risky second	14.0	1.8112727809788889	dp_scale	-0.004206717065990019	0.0030990145360826615	0.011519208791028692
log-power-percpmusd.mapjitter.klw	Risky second	14.0	1.861675721640487	dp_scale	-0.005911921781469089	0.0014449938760474424	0.009416803478969445
log-power-percpmusd.mapjitter.klw	Risky second	14.0	1.9134812431027324	dp_scale	-0.007792428401961068	-0.00019131451037002596	0.007655308949410353
log-power-percpmusd.mapjitter.klw	Risky second	14.0	1.9667283754872122	dp_scale	-0.009752177829740038	-0.0017833847967709785	0.0060917835376878395
log-power-percpmusd.mapjitter.klw	Risky second	14.0	2.021457235020777	dp_scale	-0.011830168146950239	-0.003275639150740681	0.0047529795077560924
log-power-percpmusd.mapjitter.klw	Risky second	14.0	2.0777090542589844	dp_scale	-0.013847987963649949	-0.004689177245449691	0.0038307460642694156
log-power-percpmusd.mapjitter.klw	Risky second	14.0	2.1355262131505808	dp_scale	-0.015708955306929465	-0.006001970461045534	0.0030185118356648973
log-power-percpmusd.mapjitter.klw	Risky second	14.0	2.1949522709664246	dp_scale	-0.017542109637284836	-0.007204336986772581	0.002416729397154096
log-power-percpmusd.mapjitter.klw	Risky second	14.0	2.256031999116908	dp_scale	-0.019175706151041784	-0.008280597544233714	0.001934315138211503
log-power-percpmusd.mapjitter.klw	Risky second	14.0	2.3188114148826	dp_scale	-0.020634715559573934	-0.009236571855950698	0.0015108178285895152
log-power-percpmusd.mapjitter.klw	Risky second	14.0	2.3833378160835275	dp_scale	-0.02185146416418683	-0.01004782013529995	0.0011877368485189528
log-power-percpmusd.mapjitter.klw	Risky second	14.0	2.4496598167132055	dp_scale	-0.022901684079629267	-0.010743017411115347	0.0010105966761381026
log-power-percpmusd.mapjitter.klw	Risky second	14.0	2.5178273835642724	dp_scale	-0.023848795926890747	-0.011316314183775013	0.0008243475559161049
log-power-percpmusd.mapjitter.klw	Risky second	14.0	2.58789187387332	dp_scale	-0.02460666287643804	-0.011762023404914702	0.0007615372211112357
log-power-percpmusd.mapjitter.klw	Risky second	14.0	2.659906074013276	dp_scale	-0.025206054600154907	-0.012105978089347116	0.0006286387153087539
log-power-percpmusd.mapjitter.klw	Risky second	14.0	2.7339242392624983	dp_scale	-0.02563529973573989	-0.01235475986309224	0.0006579346546936525
log-power-percpmusd.mapjitter.klw	Risky second	14.0	2.8100021346805373	dp_scale	-0.02596270990170036	-0.01253710886323255	0.0007499100634809994
log-power-percpmusd.mapjitter.klw	Risky second	14.0	2.8881970771213568	dp_scale	-0.026256427387435388	-0.01262553168208063	0.0007838510476933499
log-power-percpmusd.mapjitter.klw	Risky second	14.0	2.9685679784156793	dp_scale	-0.026416608469351312	-0.012617630790344784	0.0007727600087610462
log-power-percpmusd.mapjitter.klw	Risky second	14.0	3.051175389754982	dp_scale	-0.02652961453069726	-0.012564989462827709	0.000836910044394699
log-power-percpmusd.mapjitter.klw	Risky second	14.0	3.1360815473105736	dp_scale	-0.026467004620514496	-0.012438385949724948	0.000937192819868188
log-power-percpmusd.mapjitter.klw	Risky second	14.0	3.2233504191221405	dp_scale	-0.026274051328377446	-0.012286594821906176	0.0011274684359551875
log-power-percpmusd.mapjitter.klw	Risky second	14.0	3.31304775329107	dp_scale	-0.026010371047932437	-0.012092088342562122	0.0012325491004384337
log-power-percpmusd.mapjitter.klw	Risky second	14.0	3.40524112751487	dp_scale	-0.02570934371277145	-0.011878908950279522	0.0014819743671603757
log-power-percpmusd.mapjitter.klw	Risky second	14.0	3.5000000000000004	dp_scale	-0.02532435787455034	-0.011619692498461974	0.0016395519014999348
log-power-percpmusd.mapjitter.klw	Risky second	14.0	1.2	dp_interaction	-0.011524937029802321	-0.0042241078491510545	-0.00019027558933060027
log-power-percpmusd.mapjitter.klw	Risky second	14.0	1.233392832614218	dp_interaction	-0.01219616226912612	-0.00469547826285901	-0.00039630333749840057
log-power-percpmusd.mapjitter.klw	Risky second	14.0	1.267714899620104	dp_interaction	-0.012751046909001003	-0.005102189664947876	-0.0005959584332307487
log-power-percpmusd.mapjitter.klw	Risky second	14.0	1.3029920591580744	dp_interaction	-0.01326194388650872	-0.005447256429595173	-0.0006971591754156078
log-power-percpmusd.mapjitter.klw	Risky second	14.0	1.339250888932342	dp_interaction	-0.013589730797808872	-0.005711502425745545	-0.000797488062371408
log-power-percpmusd.mapjitter.klw	Risky second	14.0	1.3765187062344757	dp_interaction	-0.013752445396866647	-0.005870700621015981	-0.0008379197369895022
log-power-percpmusd.mapjitter.klw	Risky second	14.0	1.4148235885241658	dp_interaction	-0.013765369967070213	-0.005947765509403818	-0.0008328000612940009
log-power-percpmusd.mapjitter.klw	Risky second	14.0	1.454194394582695	dp_interaction	-0.013635894006723916	-0.005900920786932723	-0.0007968305667243933
log-power-percpmusd.mapjitter.klw	Risky second	14.0	1.4946607862550567	dp_interaction	-0.013386162430857334	-0.0057594656411928445	-0.000690250007975777
log-power-percpmusd.mapjitter.klw	Risky second	14.0	1.5362532507970992	dp_interaction	-0.01285697542869343	-0.005507247627816297	-0.0005173054659621021
log-power-percpmusd.mapjitter.klw	Risky second	14.0	1.579003123844529	dp_interaction	-0.012215430099535988	-0.005131322412532637	-0.000314368001642476
log-power-percpmusd.mapjitter.klw	Risky second	14.0	1.6229426130210856	dp_interaction	-0.011450135058589286	-0.004664242270169751	-3.936420880169504e-05
log-power-percpmusd.mapjitter.klw	Risky second	14.0	1.6681048222036647	dp_interaction	-0.010497131500875589	-0.004119841673207946	0.0003158578174707011
log-power-percpmusd.mapjitter.klw	Risky second	14.0	1.714523776462679	dp_interaction	-0.009492492339990164	-0.0034992067888494427	0.0007550956208896453
log-power-percpmusd.mapjitter.klw	Risky second	14.0	1.7622344476964418	dp_interaction	-0.00846113240625238	-0.0028173514070501116	0.001309226967035113
log-power-percpmusd.mapjitter.klw	Risky second	14.0	1.8112727809788889	dp_interaction	-0.0073906881133168085	-0.0020848537988336488	0.0019317210282995666
log-power-percpmusd.mapjitter.klw	Risky second	14.0	1.861675721640487	dp_interaction	-0.006284063979568341	-0.0013439683265778805	0.0027972669770668485
log-power-percpmusd.mapjitter.klw	Risky second	14.0	1.9134812431027324	dp_interaction	-0.005298073684650655	-0.0005877023721323052	0.0036986909295836454
log-power-percpmusd.mapjitter.klw	Risky second	14.0	1.9667283754872122	dp_interaction	-0.0043653801139083865	0.00017862247378721391	0.004670922363288396
log-power-percpmusd.mapjitter.klw	Risky second	14.0	2.021457235020777	dp_interaction	-0.003507267869413707	0.0009206930600563522	0.0056565450670059665
log-power-percpmusd.mapjitter.klw	Risky second	14.0	2.0777090542589844	dp_interaction	-0.002764669327013168	0.0016227628614041954	0.006716387158628328
log-power-percpmusd.mapjitter.klw	Risky second	14.0	2.1355262131505808	dp_interaction	-0.0021187590612688234	0.0022974395935130873	0.007675165684285019
log-power-percpmusd.mapjitter.klw	Risky second	14.0	2.1949522709664246	dp_interaction	-0.001640861257519137	0.0029250397773901583	0.008679360008731703
log-power-percpmusd.mapjitter.klw	Risky second	14.0	2.256031999116908	dp_interaction	-0.0011841990070398359	0.0035034855364614475	0.009549272741371758
log-power-percpmusd.mapjitter.klw	Risky second	14.0	2.3188114148826	dp_interaction	-0.0008591204103190072	0.004013535235482195	0.010345893307615442
log-power-percpmusd.mapjitter.klw	Risky second	14.0	2.3833378160835275	dp_interaction	-0.0005886930776603742	0.004454887583461105	0.011097873533103113
log-power-percpmusd.mapjitter.klw	Risky second	14.0	2.4496598167132055	dp_interaction	-0.000354426473405386	0.004829794809457728	0.011690446264683175
log-power-percpmusd.mapjitter.klw	Risky second	14.0	2.5178273835642724	dp_interaction	-0.00017406346311839684	0.005136024303727371	0.012186073306912733
log-power-percpmusd.mapjitter.klw	Risky second	14.0	2.58789187387332	dp_interaction	-5.446190428740968e-05	0.0053568425782414605	0.012594971230209565
log-power-percpmusd.mapjitter.klw	Risky second	14.0	2.659906074013276	dp_interaction	3.7048779392956514e-05	0.005519376616676463	0.012881941146206334
log-power-percpmusd.mapjitter.klw	Risky second	14.0	2.7339242392624983	dp_interaction	8.094436840313878e-05	0.005613761511355021	0.013065153651076645
log-power-percpmusd.mapjitter.klw	Risky second	14.0	2.8100021346805373	dp_interaction	8.534520803622315e-05	0.005664603901630286	0.013221974185718664
log-power-percpmusd.mapjitter.klw	Risky second	14.0	2.8881970771213568	dp_interaction	4.7101235705262405e-05	0.005657217911519678	0.013282102984371267
log-power-percpmusd.mapjitter.klw	Risky second	14.0	2.9685679784156793	dp_interaction	9.366110643360242e-06	0.005586346633855906	0.013258908632958184
log-power-percpmusd.mapjitter.klw	Risky second	14.0	3.051175389754982	dp_interaction	-7.100353592497216e-05	0.00547966655492578	0.013183701642474599
log-power-percpmusd.mapjitter.klw	Risky second	14.0	3.1360815473105736	dp_interaction	-0.00015789906744695395	0.005340234120167825	0.013044814123573339
log-power-percpmusd.mapjitter.klw	Risky second	14.0	3.2233504191221405	dp_interaction	-0.00026128392899083214	0.0051582590253999566	0.012811900082892437
log-power-percpmusd.mapjitter.klw	Risky second	14.0	3.31304775329107	dp_interaction	-0.00036943512318662636	0.004933235201667796	0.012555517630814979
log-power-percpmusd.mapjitter.klw	Risky second	14.0	3.40524112751487	dp_interaction	-0.0004900146847134497	0.004701358181725253	0.012227087160276548
log-power-percpmusd.mapjitter.klw	Risky second	14.0	3.5000000000000004	dp_interaction	-0.0006513194029571406	0.00444147561157542	0.011885237171660403
log-power-percpmusd.mapjitter.klw	Risky second	14.0	1.2	num_shift	0.014975241989608536	0.04464842913370723	0.07551845947318724
log-power-percpmusd.mapjitter.klw	Risky second	14.0	1.233392832614218	num_shift	0.014749170664680565	0.044000314014399314	0.07432909335191254
log-power-percpmusd.mapjitter.klw	Risky second	14.0	1.267714899620104	num_shift	0.014740040976100476	0.043347522146503906	0.07311393351495901
log-power-percpmusd.mapjitter.klw	Risky second	14.0	1.3029920591580744	num_shift	0.014539876386670123	0.042781430999759146	0.0719595278402381
log-power-percpmusd.mapjitter.klw	Risky second	14.0	1.339250888932342	num_shift	0.014304837752723813	0.04218237284016664	0.07077955714716203
log-power-percpmusd.mapjitter.klw	Risky second	14.0	1.3765187062344757	num_shift	0.014105830565770566	0.04163103886610413	0.06974116769101496
log-power-percpmusd.mapjitter.klw	Risky second	14.0	1.4148235885241658	num_shift	0.013967395973629781	0.04102342878573232	0.06870336235833836
log-power-percpmusd.mapjitter.klw	Risky second	14.0	1.454194394582695	num_shift	0.013682984142176505	0.04040736465175802	0.0677491919346421
log-power-percpmusd.mapjitter.klw	Risky second	14.0	1.4946607862550567	num_shift	0.013459743222451841	0.03988064456215978	0.06684150856330863
log-power-percpmusd.mapjitter.klw	Risky second	14.0	1.5362532507970992	num_shift	0.013152987979945862	0.03937311141448089	0.06590876090833594
log-power-percpmusd.mapjitter.klw	Risky second	14.0	1.579003123844529	num_shift	0.012987034037708355	0.038859769750112474	0.06506999341579148
log-power-percpmusd.mapjitter.klw	Risky second	14.0	1.6229426130210856	num_shift	0.012812997856114044	0.038307998755308194	0.06431142725022967
log-power-percpmusd.mapjitter.klw	Risky second	14.0	1.6681048222036647	num_shift	0.012656824846641912	0.037820526510797814	0.06341304281856651
log-power-percpmusd.mapjitter.klw	Risky second	14.0	1.714523776462679	num_shift	0.012545284407597855	0.03732486005740522	0.06263421360627627
log-power-percpmusd.mapjitter.klw	Risky second	14.0	1.7622344476964418	num_shift	0.012301572134483714	0.03684076135103306	0.06187078139915109
log-power-percpmusd.mapjitter.klw	Risky second	14.0	1.8112727809788889	num_shift	0.011903795339821421	0.03639364165595032	0.06115380771090555
log-power-percpmusd.mapjitter.klw	Risky second	14.0	1.861675721640487	num_shift	0.011753150630049088	0.035940107914871705	0.06052225616617403
log-power-percpmusd.mapjitter.klw	Risky second	14.0	1.9134812431027324	num_shift	0.011543719407624345	0.035536424139528455	0.0597977187366657
log-power-percpmusd.mapjitter.klw	Risky second	14.0	1.9667283754872122	num_shift	0.011193177229728206	0.03513139095642108	0.05932738778192628
log-power-percpmusd.mapjitter.klw	Risky second	14.0	2.021457235020777	num_shift	0.011005266641769675	0.03469181705931696	0.05866668304137486
log-power-percpmusd.mapjitter.klw	Risky second	14.0	2.0777090542589844	num_shift	0.01080949081288829	0.034334422814387186	0.05816257885192158
log-power-percpmusd.mapjitter.klw	Risky second	14.0	2.1355262131505808	num_shift	0.01055586710268769	0.03393730601374038	0.057682215372734665
log-power-percpmusd.mapjitter.klw	Risky second	14.0	2.1949522709664246	num_shift	0.010206027065539107	0.03362502855287902	0.057251281032930985
log-power-percpmusd.mapjitter.klw	Risky second	14.0	2.256031999116908	num_shift	0.009894775948564433	0.03331261504974359	0.05681201608559706
log-power-percpmusd.mapjitter.klw	Risky second	14.0	2.3188114148826	num_shift	0.009620047571939802	0.03304214383820937	0.056506613809984924
log-power-percpmusd.mapjitter.klw	Risky second	14.0	2.3833378160835275	num_shift	0.009293668420262753	0.032779482200327725	0.056406085830201645
log-power-percpmusd.mapjitter.klw	Risky second	14.0	2.4496598167132055	num_shift	0.008938492200123577	0.032521533809210065	0.05620277524931661
log-power-percpmusd.mapjitter.klw	Risky second	14.0	2.5178273835642724	num_shift	0.008545824742502239	0.032314977018890106	0.056083335590611565
log-power-percpmusd.mapjitter.klw	Risky second	14.0	2.58789187387332	num_shift	0.00817644905662484	0.03212101063295714	0.05612114657151165
log-power-percpmusd.mapjitter.klw	Risky second	14.0	2.659906074013276	num_shift	0.0077923155160981444	0.03194300475224861	0.05626507552303621
log-power-percpmusd.mapjitter.klw	Risky second	14.0	2.7339242392624983	num_shift	0.00736620588445625	0.03179394193960433	0.05637704054925835
log-power-percpmusd.mapjitter.klw	Risky second	14.0	2.8100021346805373	num_shift	0.007018706971525182	0.03166799290652314	0.056589799415223234
log-power-percpmusd.mapjitter.klw	Risky second	14.0	2.8881970771213568	num_shift	0.006490431280972612	0.03157002778248247	0.05680881545617418
log-power-percpmusd.mapjitter.klw	Risky second	14.0	2.9685679784156793	num_shift	0.006045200522627853	0.03154555188048999	0.05715321486466855
log-power-percpmusd.mapjitter.klw	Risky second	14.0	3.051175389754982	num_shift	0.00556188571356738	0.031539701301317544	0.057577307770949895
log-power-percpmusd.mapjitter.klw	Risky second	14.0	3.1360815473105736	num_shift	0.005029682670838084	0.03150422869233753	0.05816364939576461
log-power-percpmusd.mapjitter.klw	Risky second	14.0	3.2233504191221405	num_shift	0.004454743987618225	0.03154826172301764	0.05880836729104714
log-power-percpmusd.mapjitter.klw	Risky second	14.0	3.31304775329107	num_shift	0.0037323047116768694	0.03160227816447646	0.059522141596938256
log-power-percpmusd.mapjitter.klw	Risky second	14.0	3.40524112751487	num_shift	0.002956421680557499	0.03170963126223171	0.060323878380048185
log-power-percpmusd.mapjitter.klw	Risky second	14.0	3.5000000000000004	num_shift	0.0020770055797472123	0.03176589839232708	0.0611680345613006
log-power-percpmusd.mapjitter.klw	Risky second	14.0	1.2	den_ratio	1.0078442953292068	1.1058504293606657	1.212344330219753
log-power-percpmusd.mapjitter.klw	Risky second	14.0	1.233392832614218	den_ratio	1.0077135088297162	1.1053781885423284	1.2115814939030987
log-power-percpmusd.mapjitter.klw	Risky second	14.0	1.267714899620104	den_ratio	1.0074324060315751	1.1049759767954042	1.2107055094803787
log-power-percpmusd.mapjitter.klw	Risky second	14.0	1.3029920591580744	den_ratio	1.0073638455292668	1.1043985928596958	1.2101906454267595
log-power-percpmusd.mapjitter.klw	Risky second	14.0	1.339250888932342	den_ratio	1.0070250087165296	1.103964870409262	1.2094123268944568
log-power-percpmusd.mapjitter.klw	Risky second	14.0	1.3765187062344757	den_ratio	1.0069731486683018	1.103614021406253	1.2085162447709115
log-power-percpmusd.mapjitter.klw	Risky second	14.0	1.4148235885241658	den_ratio	1.0068417580518478	1.103120169033029	1.2074733337888752
log-power-percpmusd.mapjitter.klw	Risky second	14.0	1.454194394582695	den_ratio	1.006771109572416	1.1027137912928442	1.206876290863959
log-power-percpmusd.mapjitter.klw	Risky second	14.0	1.4946607862550567	den_ratio	1.0064340577395494	1.1021729213845135	1.2062293580131265
log-power-percpmusd.mapjitter.klw	Risky second	14.0	1.5362532507970992	den_ratio	1.0062049770161585	1.1016192108911849	1.2054156876878894
log-power-percpmusd.mapjitter.klw	Risky second	14.0	1.579003123844529	den_ratio	1.0059842015229836	1.1011698589987318	1.204550526228422
log-power-percpmusd.mapjitter.klw	Risky second	14.0	1.6229426130210856	den_ratio	1.005647690385122	1.1006330386223317	1.2034256517760298
log-power-percpmusd.mapjitter.klw	Risky second	14.0	1.6681048222036647	den_ratio	1.0053762775319186	1.1000463239320721	1.2025498096378437
log-power-percpmusd.mapjitter.klw	Risky second	14.0	1.714523776462679	den_ratio	1.0051846153978652	1.0995474842904354	1.201779365127405
log-power-percpmusd.mapjitter.klw	Risky second	14.0	1.7622344476964418	den_ratio	1.0050308140490305	1.0989935439079015	1.2008310262116446
log-power-percpmusd.mapjitter.klw	Risky second	14.0	1.8112727809788889	den_ratio	1.0046240859045024	1.0983630823981807	1.2000105284437415
log-power-percpmusd.mapjitter.klw	Risky second	14.0	1.861675721640487	den_ratio	1.0044136826048686	1.0977631804824295	1.1989136933270381
log-power-percpmusd.mapjitter.klw	Risky second	14.0	1.9134812431027324	den_ratio	1.0040707144401442	1.0971831534730834	1.1980354167745615
log-power-percpmusd.mapjitter.klw	Risky second	14.0	1.9667283754872122	den_ratio	1.003608904839365	1.096487567897321	1.1971420829765802
log-power-percpmusd.mapjitter.klw	Risky second	14.0	2.021457235020777	den_ratio	1.003349194357335	1.0958065612084151	1.1964036918815493
log-power-percpmusd.mapjitter.klw	Risky second	14.0	2.0777090542589844	den_ratio	1.002693362490058	1.0951249462665178	1.1956309346599023
log-power-percpmusd.mapjitter.klw	Risky second	14.0	2.1355262131505808	den_ratio	1.0021928943276621	1.0945132870118401	1.1947408100856944
log-power-percpmusd.mapjitter.klw	Risky second	14.0	2.1949522709664246	den_ratio	1.0015563384436577	1.0937211140129308	1.194060045467173
log-power-percpmusd.mapjitter.klw	Risky second	14.0	2.256031999116908	den_ratio	1.0007775932441327	1.0929133140780476	1.1934422746080648
log-power-percpmusd.mapjitter.klw	Risky second	14.0	2.3188114148826	den_ratio	1.0000538041145102	1.0923197338096924	1.1927698787656371
log-power-percpmusd.mapjitter.klw	Risky second	14.0	2.3833378160835275	den_ratio	0.9992982249813956	1.0916533732644167	1.1918896314079264
log-power-percpmusd.mapjitter.klw	Risky second	14.0	2.4496598167132055	den_ratio	0.9985587674075272	1.0909486754182998	1.1910671301590157
log-power-percpmusd.mapjitter.klw	Risky second	14.0	2.5178273835642724	den_ratio	0.9980591571237799	1.0901102668026186	1.1903049573274835
log-power-percpmusd.mapjitter.klw	Risky second	14.0	2.58789187387332	den_ratio	0.9973395081494155	1.0893225424741502	1.1893399014224777
log-power-percpmusd.mapjitter.klw	Risky second	14.0	2.659906074013276	den_ratio	0.9965537922433547	1.088499689457905	1.1886807543578737
log-power-percpmusd.mapjitter.klw	Risky second	14.0	2.7339242392624983	den_ratio	0.9957116182470058	1.0877225816695562	1.1877178265670614
log-power-percpmusd.mapjitter.klw	Risky second	14.0	2.8100021346805373	den_ratio	0.9949380216508099	1.0869356354429427	1.1869655031790787
log-power-percpmusd.mapjitter.klw	Risky second	14.0	2.8881970771213568	den_ratio	0.9940934727115426	1.0860916548298314	1.1861783793203833
log-power-percpmusd.mapjitter.klw	Risky second	14.0	2.9685679784156793	den_ratio	0.993280111353527	1.0853013206907052	1.185214010512026
log-power-percpmusd.mapjitter.klw	Risky second	14.0	3.051175389754982	den_ratio	0.9924375335578873	1.0845972447387544	1.184373932589916
log-power-percpmusd.mapjitter.klw	Risky second	14.0	3.1360815473105736	den_ratio	0.9918457505190078	1.0839461068542313	1.183705071652422
log-power-percpmusd.mapjitter.klw	Risky second	14.0	3.2233504191221405	den_ratio	0.990930251205753	1.0832174044195588	1.182936221048792
log-power-percpmusd.mapjitter.klw	Risky second	14.0	3.31304775329107	den_ratio	0.9897925020419611	1.082423398358693	1.1820725929459537
log-power-percpmusd.mapjitter.klw	Risky second	14.0	3.40524112751487	den_ratio	0.9891052826583578	1.0816330895812336	1.1812218713582532
log-power-percpmusd.mapjitter.klw	Risky second	14.0	3.5000000000000004	den_ratio	0.9880405067850727	1.0808151825429015	1.1805383063949575
log-power-percpmusd.mapjitter.klw	Risky second	20.0	1.2	p_vertex	0.1694835281258902	0.19491913532954142	0.2219661526459856
log-power-percpmusd.mapjitter.klw	Risky second	20.0	1.233392832614218	p_vertex	0.1840535328613813	0.20981058744444175	0.23699743410018997
log-power-percpmusd.mapjitter.klw	Risky second	20.0	1.267714899620104	p_vertex	0.19949143059286542	0.22536359160200964	0.252595006217305
log-power-percpmusd.mapjitter.klw	Risky second	20.0	1.3029920591580744	p_vertex	0.21560117175348867	0.24148638464113947	0.2687919920790141
log-power-percpmusd.mapjitter.klw	Risky second	20.0	1.339250888932342	p_vertex	0.2323275791711446	0.2583058691192459	0.28533741205467616
log-power-percpmusd.mapjitter.klw	Risky second	20.0	1.3765187062344757	p_vertex	0.24963670825903614	0.2756817270628408	0.30240142276029397
log-power-percpmusd.mapjitter.klw	Risky second	20.0	1.4148235885241658	p_vertex	0.2677474802730851	0.2935679519597879	0.319920429004653
log-power-percpmusd.mapjitter.klw	Risky second	20.0	1.454194394582695	p_vertex	0.28645123517779814	0.31193262954687717	0.3379242018331971
log-power-percpmusd.mapjitter.klw	Risky second	20.0	1.4946607862550567	p_vertex	0.3055206271648863	0.33061493729438085	0.3564419580152934
log-power-percpmusd.mapjitter.klw	Risky second	20.0	1.5362532507970992	p_vertex	0.3252321049313048	0.3497337161237738	0.37498212398457337
log-power-percpmusd.mapjitter.klw	Risky second	20.0	1.579003123844529	p_vertex	0.34504343679170235	0.3691324874763388	0.39388991003883655
log-power-percpmusd.mapjitter.klw	Risky second	20.0	1.6229426130210856	p_vertex	0.36514340512344534	0.3887073842369946	0.41277633249967105
log-power-percpmusd.mapjitter.klw	Risky second	20.0	1.6681048222036647	p_vertex	0.3854347373617721	0.40838416017494106	0.43193895082939376
log-power-percpmusd.mapjitter.klw	Risky second	20.0	1.714523776462679	p_vertex	0.40565731138054634	0.4281257457389458	0.4510156450055679
log-power-percpmusd.mapjitter.klw	Risky second	20.0	1.7622344476964418	p_vertex	0.4258119794690882	0.4478657849505103	0.4702680251442152
log-power-percpmusd.mapjitter.klw	Risky second	20.0	1.8112727809788889	p_vertex	0.44596810291663685	0.4674967810688193	0.48930426385047765
log-power-percpmusd.mapjitter.klw	Risky second	20.0	1.861675721640487	p_vertex	0.465918185513891	0.4869135158375581	0.5081025044702341
log-power-percpmusd.mapjitter.klw	Risky second	20.0	1.9134812431027324	p_vertex	0.485462829341863	0.5060857009162276	0.526727389148991
log-power-percpmusd.mapjitter.klw	Risky second	20.0	1.9667283754872122	p_vertex	0.5046577699094517	0.524939511558197	0.5451617995903663
log-power-percpmusd.mapjitter.klw	Risky second	20.0	2.021457235020777	p_vertex	0.523276722793102	0.5432793710270545	0.5632173504720188
log-power-percpmusd.mapjitter.klw	Risky second	20.0	2.0777090542589844	p_vertex	0.5413634847658172	0.5613179719918413	0.5808843984434673
log-power-percpmusd.mapjitter.klw	Risky second	20.0	2.1355262131505808	p_vertex	0.5588981371572492	0.5787719260994733	0.5982283882297483
log-power-percpmusd.mapjitter.klw	Risky second	20.0	2.1949522709664246	p_vertex	0.5756986754396726	0.5957404012261055	0.6150301503694158
log-power-percpmusd.mapjitter.klw	Risky second	20.0	2.256031999116908	p_vertex	0.5919772522437159	0.6121264355263771	0.6313811839965805
log-power-percpmusd.mapjitter.klw	Risky second	20.0	2.3188114148826	p_vertex	0.6076832670549756	0.6279480407859253	0.6471485883970225
log-power-percpmusd.mapjitter.klw	Risky second	20.0	2.3833378160835275	p_vertex	0.622677710887279	0.6432003339606653	0.6623907987866376
log-power-percpmusd.mapjitter.klw	Risky second	20.0	2.4496598167132055	p_vertex	0.6370782830642279	0.6578387406030953	0.6770198243696763
log-power-percpmusd.mapjitter.klw	Risky second	20.0	2.5178273835642724	p_vertex	0.6509448846989624	0.6718154735044539	0.6911070095476795
log-power-percpmusd.mapjitter.klw	Risky second	20.0	2.58789187387332	p_vertex	0.6641046012464114	0.6851456713118858	0.7045999874772165
log-power-percpmusd.mapjitter.klw	Risky second	20.0	2.659906074013276	p_vertex	0.6766536578112454	0.6978256967939962	0.7175928940291266
log-power-percpmusd.mapjitter.klw	Risky second	20.0	2.7339242392624983	p_vertex	0.6884465349809074	0.7099259249853735	0.7299483494196832
log-power-percpmusd.mapjitter.klw	Risky second	20.0	2.8100021346805373	p_vertex	0.6997559467378551	0.7214182865330482	0.7415749558402305
log-power-percpmusd.mapjitter.klw	Risky second	20.0	2.8881970771213568	p_vertex	0.7101506313578615	0.7323224129895307	0.7525141866592535
log-power-percpmusd.mapjitter.klw	Risky second	20.0	2.9685679784156793	p_vertex	0.7201120425005361	0.7426800169777044	0.7630176382524647
log-power-percpmusd.mapjitter.klw	Risky second	20.0	3.051175389754982	p_vertex	0.729489615447931	0.7524070388570392	0.7728744480373879
log-power-percpmusd.mapjitter.klw	Risky second	20.0	3.1360815473105736	p_vertex	0.7383064949379037	0.7616186209874398	0.7822515424327635
log-power-percpmusd.mapjitter.klw	Risky second	20.0	3.2233504191221405	p_vertex	0.7466296654004209	0.7702963806490293	0.7910848129521718
log-power-percpmusd.mapjitter.klw	Risky second	20.0	3.31304775329107	p_vertex	0.7544458052139035	0.7784439938197427	0.7994817849598828
log-power-percpmusd.mapjitter.klw	Risky second	20.0	3.40524112751487	p_vertex	0.7616327987760714	0.7860995010005045	0.807437580853398
log-power-percpmusd.mapjitter.klw	Risky second	20.0	3.5000000000000004	p_vertex	0.7684714810418886	0.7932902865551062	0.8150139793100709
log-power-percpmusd.mapjitter.klw	Risky second	20.0	1.2	p_full	0.21489756929724727	0.24361065151414904	0.27469997277301944
log-power-percpmusd.mapjitter.klw	Risky second	20.0	1.233392832614218	p_full	0.23021282082896172	0.25912260354409067	0.290072799034798
log-power-percpmusd.mapjitter.klw	Risky second	20.0	1.267714899620104	p_full	0.24613620030260416	0.2750585591928235	0.30572408318990024
log-power-percpmusd.mapjitter.klw	Risky second	20.0	1.3029920591580744	p_full	0.26265840053301853	0.2914420297456442	0.3217421241677101
log-power-percpmusd.mapjitter.klw	Risky second	20.0	1.339250888932342	p_full	0.279487412731332	0.3082260960649751	0.33813622937728893
log-power-percpmusd.mapjitter.klw	Risky second	20.0	1.3765187062344757	p_full	0.2970371543295689	0.32539400039502775	0.3546906203867226
log-power-percpmusd.mapjitter.klw	Risky second	20.0	1.4148235885241658	p_full	0.31482857373966	0.34285612662250364	0.37164228370453084
log-power-percpmusd.mapjitter.klw	Risky second	20.0	1.454194394582695	p_full	0.33292446368085066	0.36050519226074634	0.38885732365377235
log-power-percpmusd.mapjitter.klw	Risky second	20.0	1.4946607862550567	p_full	0.35113055862837683	0.37831228377238596	0.4060236944205795
log-power-percpmusd.mapjitter.klw	Risky second	20.0	1.5362532507970992	p_full	0.3697291451697132	0.3962715113629893	0.4234063095316497
log-power-percpmusd.mapjitter.klw	Risky second	20.0	1.579003123844529	p_full	0.3883360155006519	0.4143290776802482	0.4407506404451641
log-power-percpmusd.mapjitter.klw	Risky second	20.0	1.6229426130210856	p_full	0.40689263079372834	0.4323730127108798	0.4581048025533874
log-power-percpmusd.mapjitter.klw	Risky second	20.0	1.6681048222036647	p_full	0.42562199363261766	0.45047306860592173	0.47541085123157867
log-power-percpmusd.mapjitter.klw	Risky second	20.0	1.714523776462679	p_full	0.44434968085166215	0.46844110195985333	0.4926519326142428
log-power-percpmusd.mapjitter.klw	Risky second	20.0	1.7622344476964418	p_full	0.4629110359055612	0.48627436179520955	0.5099327031031554
log-power-percpmusd.mapjitter.klw	Risky second	20.0	1.8112727809788889	p_full	0.48128346879778056	0.5039146858632431	0.5270467612652725
log-power-percpmusd.mapjitter.klw	Risky second	20.0	1.861675721640487	p_full	0.4993648292638609	0.5213821859182155	0.5437660424069244
log-power-percpmusd.mapjitter.klw	Risky second	20.0	1.9134812431027324	p_full	0.5170949525716093	0.5386648656791193	0.5603336134215579
log-power-percpmusd.mapjitter.klw	Risky second	20.0	1.9667283754872122	p_full	0.5345715146195817	0.5556296903497825	0.5766949291930543
log-power-percpmusd.mapjitter.klw	Risky second	20.0	2.021457235020777	p_full	0.5516429616304045	0.5721639929424316	0.5926408429061436
log-power-percpmusd.mapjitter.klw	Risky second	20.0	2.0777090542589844	p_full	0.5682965104448339	0.5883601751848524	0.6083319243115779
log-power-percpmusd.mapjitter.klw	Risky second	20.0	2.1355262131505808	p_full	0.5842322336609856	0.6041030970356582	0.6237849299185655
log-power-percpmusd.mapjitter.klw	Risky second	20.0	2.1949522709664246	p_full	0.5998747385782623	0.6193878440345657	0.6389180807385254
log-power-percpmusd.mapjitter.klw	Risky second	20.0	2.256031999116908	p_full	0.6149101617430741	0.6343356499629029	0.6536413230289054
log-power-percpmusd.mapjitter.klw	Risky second	20.0	2.3188114148826	p_full	0.6293860497052538	0.6487886930099511	0.6679726486436716
log-power-percpmusd.mapjitter.klw	Risky second	20.0	2.3833378160835275	p_full	0.6433260301079832	0.6627402996436415	0.6817777401743187
log-power-percpmusd.mapjitter.klw	Risky second	20.0	2.4496598167132055	p_full	0.6566926928685357	0.6762121919382185	0.6953477428181158
log-power-percpmusd.mapjitter.klw	Risky second	20.0	2.5178273835642724	p_full	0.669442182212626	0.6893018304565037	0.7083578857655519
log-power-percpmusd.mapjitter.klw	Risky second	20.0	2.58789187387332	p_full	0.6816781558489419	0.701825913161984	0.7210437517718189
log-power-percpmusd.mapjitter.klw	Risky second	20.0	2.659906074013276	p_full	0.6934259388444521	0.713901631914104	0.7331304462292711
log-power-percpmusd.mapjitter.klw	Risky second	20.0	2.7339242392624983	p_full	0.7047136506097005	0.7254850598982667	0.744782777656305
log-power-percpmusd.mapjitter.klw	Risky second	20.0	2.8100021346805373	p_full	0.7153632733252212	0.736643106265502	0.756104038996781
log-power-percpmusd.mapjitter.klw	Risky second	20.0	2.8881970771213568	p_full	0.7256125872902395	0.7473412878601812	0.7669653803660178
log-power-percpmusd.mapjitter.klw	Risky second	20.0	2.9685679784156793	p_full	0.7354286970065449	0.7576276748627049	0.7773870041058617
log-power-percpmusd.mapjitter.klw	Risky second	20.0	3.051175389754982	p_full	0.744847632872701	0.7673788516748122	0.7874271306935582
log-power-percpmusd.mapjitter.klw	Risky second	20.0	3.1360815473105736	p_full	0.753696226330527	0.7767092124489202	0.7970831242070466
log-power-percpmusd.mapjitter.klw	Risky second	20.0	3.2233504191221405	p_full	0.7621918053037948	0.785604521674199	0.8062608833651419
log-power-percpmusd.mapjitter.klw	Risky second	20.0	3.31304775329107	p_full	0.7701657392698681	0.7940764085554811	0.815116678370303
log-power-percpmusd.mapjitter.klw	Risky second	20.0	3.40524112751487	p_full	0.7778142556343528	0.8022119889399121	0.8236103855451321
log-power-percpmusd.mapjitter.klw	Risky second	20.0	3.5000000000000004	p_full	0.7849914267775098	0.8099457590119807	0.8318999112460757
log-power-percpmusd.mapjitter.klw	Risky second	20.0	1.2	p_bias_only	0.20530228773910533	0.2328363863057647	0.2619106691439493
log-power-percpmusd.mapjitter.klw	Risky second	20.0	1.233392832614218	p_bias_only	0.22092298468946014	0.24850799752193453	0.27774018366864894
log-power-percpmusd.mapjitter.klw	Risky second	20.0	1.267714899620104	p_bias_only	0.23687834730769466	0.26481087242045537	0.2939483467828657
log-power-percpmusd.mapjitter.klw	Risky second	20.0	1.3029920591580744	p_bias_only	0.2535459987315147	0.2815936517038854	0.3107998882792637
log-power-percpmusd.mapjitter.klw	Risky second	20.0	1.339250888932342	p_bias_only	0.27095858548283486	0.2987893785445485	0.32781104715324777
log-power-percpmusd.mapjitter.klw	Risky second	20.0	1.3765187062344757	p_bias_only	0.28858314938228796	0.31643787036911797	0.34528605848822286
log-power-percpmusd.mapjitter.klw	Risky second	20.0	1.4148235885241658	p_bias_only	0.30659016720321386	0.33437023604094246	0.3630083329222615
log-power-percpmusd.mapjitter.klw	Risky second	20.0	1.454194394582695	p_bias_only	0.32509501563862386	0.35262464500460405	0.38086595467301826
log-power-percpmusd.mapjitter.klw	Risky second	20.0	1.4946607862550567	p_bias_only	0.34393594707361963	0.37118137325746664	0.3989751778178022
log-power-percpmusd.mapjitter.klw	Risky second	20.0	1.5362532507970992	p_bias_only	0.36286283657668544	0.3898892715599877	0.41736112540935444
log-power-percpmusd.mapjitter.klw	Risky second	20.0	1.579003123844529	p_bias_only	0.3820814879430656	0.408700267600668	0.4357795976839954
log-power-percpmusd.mapjitter.klw	Risky second	20.0	1.6229426130210856	p_bias_only	0.40136718915625097	0.42753946348906136	0.45438606684545507
log-power-percpmusd.mapjitter.klw	Risky second	20.0	1.6681048222036647	p_bias_only	0.420701456099545	0.4464014088162685	0.47300422978132384
log-power-percpmusd.mapjitter.klw	Risky second	20.0	1.714523776462679	p_bias_only	0.4400257791482233	0.46518959060575926	0.49120228723153037
log-power-percpmusd.mapjitter.klw	Risky second	20.0	1.7622344476964418	p_bias_only	0.4592029225489414	0.4838718449720891	0.5092989439875851
log-power-percpmusd.mapjitter.klw	Risky second	20.0	1.8112727809788889	p_bias_only	0.47832187072243226	0.5024157345604755	0.5271159449282612
log-power-percpmusd.mapjitter.klw	Risky second	20.0	1.861675721640487	p_bias_only	0.4970595182407728	0.5206604066431246	0.5446441957108205
log-power-percpmusd.mapjitter.klw	Risky second	20.0	1.9134812431027324	p_bias_only	0.5154687894071194	0.5385826260667439	0.5619602145805317
log-power-percpmusd.mapjitter.klw	Risky second	20.0	1.9667283754872122	p_bias_only	0.5335515098354368	0.5562249026088049	0.5791710681489826
log-power-percpmusd.mapjitter.klw	Risky second	20.0	2.021457235020777	p_bias_only	0.5512432279809442	0.5734086716042003	0.595815099488572
log-power-percpmusd.mapjitter.klw	Risky second	20.0	2.0777090542589844	p_bias_only	0.5684911047765288	0.5902087777471258	0.612074193241341
log-power-percpmusd.mapjitter.klw	Risky second	20.0	2.1355262131505808	p_bias_only	0.5851200601409252	0.6065105069199213	0.6279764873897691
log-power-percpmusd.mapjitter.klw	Risky second	20.0	2.1949522709664246	p_bias_only	0.6012741932803031	0.6223267570289933	0.6433447414489848
log-power-percpmusd.mapjitter.klw	Risky second	20.0	2.256031999116908	p_bias_only	0.6169418588852188	0.637661820703348	0.65832010899122
log-power-percpmusd.mapjitter.klw	Risky second	20.0	2.3188114148826	p_bias_only	0.6321454904957213	0.6524923150817574	0.6728537597062813
log-power-percpmusd.mapjitter.klw	Risky second	20.0	2.3833378160835275	p_bias_only	0.6465870544363143	0.6668073827381045	0.6868908749332753
log-power-percpmusd.mapjitter.klw	Risky second	20.0	2.4496598167132055	p_bias_only	0.6605442438877641	0.6805614609672315	0.7004858590451463
log-power-percpmusd.mapjitter.klw	Risky second	20.0	2.5178273835642724	p_bias_only	0.673816234663455	0.6938417118333174	0.7135563136772771
log-power-percpmusd.mapjitter.klw	Risky second	20.0	2.58789187387332	p_bias_only	0.686613059643988	0.7065860317923056	0.7261275214845875
log-power-percpmusd.mapjitter.klw	Risky second	20.0	2.659906074013276	p_bias_only	0.6989143147686859	0.7188127266363145	0.738271750510001
log-power-percpmusd.mapjitter.klw	Risky second	20.0	2.7339242392624983	p_bias_only	0.7105511791751002	0.7305633346853952	0.7498187065507831
log-power-percpmusd.mapjitter.klw	Risky second	20.0	2.8100021346805373	p_bias_only	0.7216253902938342	0.7417757228060284	0.7610308486621434
log-power-percpmusd.mapjitter.klw	Risky second	20.0	2.8881970771213568	p_bias_only	0.732127866860945	0.7525451034633673	0.7717269391834921
log-power-percpmusd.mapjitter.klw	Risky second	20.0	2.9685679784156793	p_bias_only	0.742199426634412	0.7628061510854844	0.7820588259342642
log-power-percpmusd.mapjitter.klw	Risky second	20.0	3.051175389754982	p_bias_only	0.7517811226008354	0.7726151996136194	0.7919357473339447
log-power-percpmusd.mapjitter.klw	Risky second	20.0	3.1360815473105736	p_bias_only	0.7610214296889193	0.7819869055085953	0.8013727737072017
log-power-percpmusd.mapjitter.klw	Risky second	20.0	3.2233504191221405	p_bias_only	0.7696977406646063	0.7909207375742182	0.8103580768296079
log-power-percpmusd.mapjitter.klw	Risky second	20.0	3.31304775329107	p_bias_only	0.777908031169551	0.7994107753309568	0.818980139808684
log-power-percpmusd.mapjitter.klw	Risky second	20.0	3.40524112751487	p_bias_only	0.7855897292736939	0.8074957672341216	0.8272750990569014
log-power-percpmusd.mapjitter.klw	Risky second	20.0	3.5000000000000004	p_bias_only	0.793105053962303	0.8152022827952778	0.8351390515743534
log-power-percpmusd.mapjitter.klw	Risky second	20.0	1.2	p_scale_only	0.18540155201405098	0.20998408524709375	0.23607621092298522
log-power-percpmusd.mapjitter.klw	Risky second	20.0	1.233392832614218	p_scale_only	0.20028651353246188	0.2249436085218502	0.2510383607905766
log-power-percpmusd.mapjitter.klw	Risky second	20.0	1.267714899620104	p_scale_only	0.21586334516925046	0.2404515219472545	0.26647373873556623
log-power-percpmusd.mapjitter.klw	Risky second	20.0	1.3029920591580744	p_scale_only	0.23194988995313662	0.2564554876369487	0.28233396697180385
log-power-percpmusd.mapjitter.klw	Risky second	20.0	1.339250888932342	p_scale_only	0.248622959729581	0.27295490219209034	0.29858658166490004
log-power-percpmusd.mapjitter.klw	Risky second	20.0	1.3765187062344757	p_scale_only	0.2657015042986035	0.2898574744054318	0.3153574143198703
log-power-percpmusd.mapjitter.klw	Risky second	20.0	1.4148235885241658	p_scale_only	0.2833171976683091	0.3071280748534392	0.33227506781659727
log-power-percpmusd.mapjitter.klw	Risky second	20.0	1.454194394582695	p_scale_only	0.3013074546860677	0.3247365270312932	0.3493203330642596
log-power-percpmusd.mapjitter.klw	Risky second	20.0	1.4946607862550567	p_scale_only	0.31946379655514057	0.3426512747459419	0.36660501474609053
log-power-percpmusd.mapjitter.klw	Risky second	20.0	1.5362532507970992	p_scale_only	0.33795532706340187	0.3607691007860869	0.38420596992051365
log-power-percpmusd.mapjitter.klw	Risky second	20.0	1.579003123844529	p_scale_only	0.3566938744493743	0.3790113517622309	0.401995316447126
log-power-percpmusd.mapjitter.klw	Risky second	20.0	1.6229426130210856	p_scale_only	0.3756163292675724	0.39737372273077365	0.4198356773126777
log-power-percpmusd.mapjitter.klw	Risky second	20.0	1.6681048222036647	p_scale_only	0.39448837962200295	0.4157455782882589	0.43768103752135296
log-power-percpmusd.mapjitter.klw	Risky second	20.0	1.714523776462679	p_scale_only	0.41336107552265	0.43415486795094405	0.45558587050303534
log-power-percpmusd.mapjitter.klw	Risky second	20.0	1.7622344476964418	p_scale_only	0.43213334890479815	0.4524325919038763	0.47339471062064137
log-power-percpmusd.mapjitter.klw	Risky second	20.0	1.8112727809788889	p_scale_only	0.4507282094788931	0.4706368263063006	0.4909986059943613
log-power-percpmusd.mapjitter.klw	Risky second	20.0	1.861675721640487	p_scale_only	0.4689811181713589	0.48858531300975583	0.508614713596702
log-power-percpmusd.mapjitter.klw	Risky second	20.0	1.9134812431027324	p_scale_only	0.4868735974426176	0.5063317460928977	0.5259563598664563
log-power-percpmusd.mapjitter.klw	Risky second	20.0	1.9667283754872122	p_scale_only	0.504462567294511	0.5237265855157434	0.5431632659325796
log-power-percpmusd.mapjitter.klw	Risky second	20.0	2.021457235020777	p_scale_only	0.5218458962048841	0.540802392652066	0.559898694821142
log-power-percpmusd.mapjitter.klw	Risky second	20.0	2.0777090542589844	p_scale_only	0.5387962363864021	0.5574915747814158	0.5763983817046795
log-power-percpmusd.mapjitter.klw	Risky second	20.0	2.1355262131505808	p_scale_only	0.5550745711199885	0.5737750041454094	0.5925890722459839
log-power-percpmusd.mapjitter.klw	Risky second	20.0	2.1949522709664246	p_scale_only	0.5709284053292026	0.5896732906624436	0.6082778815832385
log-power-percpmusd.mapjitter.klw	Risky second	20.0	2.256031999116908	p_scale_only	0.5862800699401511	0.6050894377907158	0.6236053525883838
log-power-percpmusd.mapjitter.klw	Risky second	20.0	2.3188114148826	p_scale_only	0.601010718500808	0.6200046883994976	0.6384530490175386
log-power-percpmusd.mapjitter.klw	Risky second	20.0	2.3833378160835275	p_scale_only	0.6150139360641458	0.6343806459040823	0.6529354901042308
log-power-percpmusd.mapjitter.klw	Risky second	20.0	2.4496598167132055	p_scale_only	0.6288104239601896	0.6482869089917247	0.6670088211787119
log-power-percpmusd.mapjitter.klw	Risky second	20.0	2.5178273835642724	p_scale_only	0.6420289333690506	0.6617010891501319	0.6805187068166433
log-power-percpmusd.mapjitter.klw	Risky second	20.0	2.58789187387332	p_scale_only	0.654662352460228	0.6745130966874275	0.6935742057397203
log-power-percpmusd.mapjitter.klw	Risky second	20.0	2.659906074013276	p_scale_only	0.6666630683511933	0.6868490551079292	0.706048746176998
log-power-percpmusd.mapjitter.klw	Risky second	20.0	2.7339242392624983	p_scale_only	0.6781258776478037	0.6986727115032938	0.7179826169234568
log-power-percpmusd.mapjitter.klw	Risky second	20.0	2.8100021346805373	p_scale_only	0.6889461076496343	0.7099299985532926	0.7293976816211664
log-power-percpmusd.mapjitter.klw	Risky second	20.0	2.8881970771213568	p_scale_only	0.6993113422577173	0.7207196876998765	0.740381182468276
log-power-percpmusd.mapjitter.klw	Risky second	20.0	2.9685679784156793	p_scale_only	0.7091815285659698	0.7309632575612175	0.7509271824340945
log-power-percpmusd.mapjitter.klw	Risky second	20.0	3.051175389754982	p_scale_only	0.7186223680064476	0.7406810040540486	0.7607912503376942
log-power-percpmusd.mapjitter.klw	Risky second	20.0	3.1360815473105736	p_scale_only	0.7273649389181597	0.7498480443706615	0.7702804267320544
log-power-percpmusd.mapjitter.klw	Risky second	20.0	3.2233504191221405	p_scale_only	0.7358560530454218	0.7586005364618515	0.7792583927720648
log-power-percpmusd.mapjitter.klw	Risky second	20.0	3.31304775329107	p_scale_only	0.7438510233641521	0.7669160262281938	0.7878448466000508
log-power-percpmusd.mapjitter.klw	Risky second	20.0	3.40524112751487	p_scale_only	0.7513187624555331	0.774769111307972	0.7959405361537397
log-power-percpmusd.mapjitter.klw	Risky second	20.0	3.5000000000000004	p_scale_only	0.7583786080243555	0.7821666206828715	0.803713385320845
log-power-percpmusd.mapjitter.klw	Risky second	20.0	1.2	dp_full	0.017706699787481503	0.04868546823184703	0.08115345674844904
log-power-percpmusd.mapjitter.klw	Risky second	20.0	1.233392832614218	dp_full	0.018327451575744134	0.04928570574801594	0.0818194781434872
log-power-percpmusd.mapjitter.klw	Risky second	20.0	1.267714899620104	dp_full	0.01862024049577292	0.049655382325980574	0.08201745098717594
log-power-percpmusd.mapjitter.klw	Risky second	20.0	1.3029920591580744	dp_full	0.018818860887975176	0.0498612958108906	0.0820206585457183
log-power-percpmusd.mapjitter.klw	Risky second	20.0	1.339250888932342	dp_full	0.0188719799185965	0.049825515770449205	0.08173254111945327
log-power-percpmusd.mapjitter.klw	Risky second	20.0	1.3765187062344757	dp_full	0.018897962454741644	0.04958438473606114	0.08111385100751808
log-power-percpmusd.mapjitter.klw	Risky second	20.0	1.4148235885241658	dp_full	0.018844784008509006	0.04907051942949038	0.08011428884680616
log-power-percpmusd.mapjitter.klw	Risky second	20.0	1.454194394582695	dp_full	0.018627007303619776	0.04834106950570881	0.07883158850556424
log-power-percpmusd.mapjitter.klw	Risky second	20.0	1.4946607862550567	dp_full	0.01818513731367018	0.04739994326332942	0.07738121348865082
log-power-percpmusd.mapjitter.klw	Risky second	20.0	1.5362532507970992	dp_full	0.01771411837324515	0.04630595925510246	0.0756904283388457
log-power-percpmusd.mapjitter.klw	Risky second	20.0	1.579003123844529	dp_full	0.01718043888770127	0.04500800893181747	0.07365254351765906
log-power-percpmusd.mapjitter.klw	Risky second	20.0	1.6229426130210856	dp_full	0.01640131648825982	0.04349248679426497	0.07148254002564285
log-power-percpmusd.mapjitter.klw	Risky second	20.0	1.6681048222036647	dp_full	0.015416751720487058	0.04187597290293483	0.06905191938559173
log-power-percpmusd.mapjitter.klw	Risky second	20.0	1.714523776462679	dp_full	0.014463831111106029	0.04010819958221771	0.06650049697105775
log-power-percpmusd.mapjitter.klw	Risky second	20.0	1.7622344476964418	dp_full	0.013283990879382465	0.038307558715421075	0.06402251613748862
log-power-percpmusd.mapjitter.klw	Risky second	20.0	1.8112727809788889	dp_full	0.012184322855727374	0.03639936864017047	0.061521894862443166
log-power-percpmusd.mapjitter.klw	Risky second	20.0	1.861675721640487	dp_full	0.010802808458335039	0.03450922259750496	0.0588622984770847
log-power-percpmusd.mapjitter.klw	Risky second	20.0	1.9134812431027324	dp_full	0.00928779306647737	0.03253633861290328	0.05626275809255372
log-power-percpmusd.mapjitter.klw	Risky second	20.0	1.9667283754872122	dp_full	0.007898566746286759	0.030629284632066715	0.05382244940305041
log-power-percpmusd.mapjitter.klw	Risky second	20.0	2.021457235020777	dp_full	0.0063508745236385295	0.028744582078561415	0.05157808866795066
log-power-percpmusd.mapjitter.klw	Risky second	20.0	2.0777090542589844	dp_full	0.004820042489754835	0.026990689130287897	0.04951535182366794
log-power-percpmusd.mapjitter.klw	Risky second	20.0	2.1355262131505808	dp_full	0.0032832293348101418	0.025286905784818722	0.047509694556176936
log-power-percpmusd.mapjitter.klw	Risky second	20.0	2.1949522709664246	dp_full	0.0017802135845219852	0.023692518633133382	0.045741607567148936
log-power-percpmusd.mapjitter.klw	Risky second	20.0	2.256031999116908	dp_full	0.0002727728297912968	0.022206902081162702	0.044413541181540846
log-power-percpmusd.mapjitter.klw	Risky second	20.0	2.3188114148826	dp_full	-0.0012982501256271165	0.02088394725075026	0.04319170239966788
log-power-percpmusd.mapjitter.klw	Risky second	20.0	2.3833378160835275	dp_full	-0.0026632627198138856	0.01968426710091732	0.042248596911532196
log-power-percpmusd.mapjitter.klw	Risky second	20.0	2.4496598167132055	dp_full	-0.004035894612503416	0.01863343355501053	0.041404476802282666
log-power-percpmusd.mapjitter.klw	Risky second	20.0	2.5178273835642724	dp_full	-0.005236752749595878	0.017663663000837306	0.04071073268945094
log-power-percpmusd.mapjitter.klw	Risky second	20.0	2.58789187387332	dp_full	-0.0064008651199781875	0.016888566608750606	0.04045546499193526
log-power-percpmusd.mapjitter.klw	Risky second	20.0	2.659906074013276	dp_full	-0.007460841503761086	0.016213323591508337	0.04024370332290391
log-power-percpmusd.mapjitter.klw	Risky second	20.0	2.7339242392624983	dp_full	-0.008442458695939143	0.015661272465508885	0.040189441523702976
log-power-percpmusd.mapjitter.klw	Risky second	20.0	2.8100021346805373	dp_full	-0.009192466136211514	0.01525945384350549	0.04034127326309813
log-power-percpmusd.mapjitter.klw	Risky second	20.0	2.8881970771213568	dp_full	-0.009834212777245633	0.015038201970395687	0.04061624704354254
log-power-percpmusd.mapjitter.klw	Risky second	20.0	2.9685679784156793	dp_full	-0.01058226525399355	0.01491965276118681	0.04083319545402798
log-power-percpmusd.mapjitter.klw	Risky second	20.0	3.051175389754982	dp_full	-0.011006331538174487	0.01490947894164749	0.0411878556103354
log-power-percpmusd.mapjitter.klw	Risky second	20.0	3.1360815473105736	dp_full	-0.011297427670585794	0.015035747341532395	0.04180127068902133
log-power-percpmusd.mapjitter.klw	Risky second	20.0	3.2233504191221405	dp_full	-0.011480571155176885	0.015295286510578715	0.042519693991873095
log-power-percpmusd.mapjitter.klw	Risky second	20.0	3.31304775329107	dp_full	-0.011521556124055077	0.015600927715990663	0.04336981025359594
log-power-percpmusd.mapjitter.klw	Risky second	20.0	3.40524112751487	dp_full	-0.01150775573315586	0.016035822696012222	0.044278976430671364
log-power-percpmusd.mapjitter.klw	Risky second	20.0	3.5000000000000004	dp_full	-0.011436044050780926	0.016554985937360007	0.04530767645105112
log-power-percpmusd.mapjitter.klw	Risky second	20.0	1.2	dp_bias	0.013550945674841485	0.03768878130286072	0.0637578267193866
log-power-percpmusd.mapjitter.klw	Risky second	20.0	1.233392832614218	dp_bias	0.013892572846682957	0.038538096817312725	0.06496947821076633
log-power-percpmusd.mapjitter.klw	Risky second	20.0	1.267714899620104	dp_bias	0.014123565602483486	0.03927304839899467	0.06599643312995633
log-power-percpmusd.mapjitter.klw	Risky second	20.0	1.3029920591580744	dp_bias	0.014323340355021842	0.03985962361966888	0.06687101914138792
log-power-percpmusd.mapjitter.klw	Risky second	20.0	1.339250888932342	dp_bias	0.014466565021690189	0.04021635260754507	0.06759683477640775
log-power-percpmusd.mapjitter.klw	Risky second	20.0	1.3765187062344757	dp_bias	0.014536518574458259	0.040446342510700145	0.06800423960947914
log-power-percpmusd.mapjitter.klw	Risky second	20.0	1.4148235885241658	dp_bias	0.014363724897014303	0.04060743720466383	0.06821716578410794
log-power-percpmusd.mapjitter.klw	Risky second	20.0	1.454194394582695	dp_bias	0.014202064314135468	0.04052172128174645	0.06822051422646132
log-power-percpmusd.mapjitter.klw	Risky second	20.0	1.4946607862550567	dp_bias	0.014052802841705786	0.040273900650244415	0.06795113680452897
log-power-percpmusd.mapjitter.klw	Risky second	20.0	1.5362532507970992	dp_bias	0.01371342395898511	0.039917735200970174	0.06744611696250108
log-power-percpmusd.mapjitter.klw	Risky second	20.0	1.579003123844529	dp_bias	0.013328525489120883	0.03937474796181112	0.06672946631686248
log-power-percpmusd.mapjitter.klw	Risky second	20.0	1.6229426130210856	dp_bias	0.012890259034616346	0.03870244422738234	0.06577428365955419
log-power-percpmusd.mapjitter.klw	Risky second	20.0	1.6681048222036647	dp_bias	0.01239727189920566	0.037887502397751835	0.06457908441124252
log-power-percpmusd.mapjitter.klw	Risky second	20.0	1.714523776462679	dp_bias	0.01175697790559451	0.03694364271947634	0.06312587064952406
log-power-percpmusd.mapjitter.klw	Risky second	20.0	1.7622344476964418	dp_bias	0.011164364638432267	0.0359011015463835	0.06172793340684114
log-power-percpmusd.mapjitter.klw	Risky second	20.0	1.8112727809788889	dp_bias	0.010494506796486924	0.034801917319042724	0.06023735271802239
log-power-percpmusd.mapjitter.klw	Risky second	20.0	1.861675721640487	dp_bias	0.009794623149202986	0.03360876367507243	0.05844317490118517
log-power-percpmusd.mapjitter.klw	Risky second	20.0	1.9134812431027324	dp_bias	0.009097412838552286	0.032427061658307	0.05647180764086822
log-power-percpmusd.mapjitter.klw	Risky second	20.0	1.9667283754872122	dp_bias	0.008381874633691841	0.03125578185954361	0.054597435976870834
log-power-percpmusd.mapjitter.klw	Risky second	20.0	2.021457235020777	dp_bias	0.007550769608277486	0.030040756951712818	0.05278687730745427
log-power-percpmusd.mapjitter.klw	Risky second	20.0	2.0777090542589844	dp_bias	0.00693362682181877	0.028855152955444486	0.05094894246863783
log-power-percpmusd.mapjitter.klw	Risky second	20.0	2.1355262131505808	dp_bias	0.006383479395452449	0.027719518245155266	0.049200261581623425
log-power-percpmusd.mapjitter.klw	Risky second	20.0	2.1949522709664246	dp_bias	0.0056725181039286076	0.026630334017302672	0.04769304949102032
log-power-percpmusd.mapjitter.klw	Risky second	20.0	2.256031999116908	dp_bias	0.005047773868815398	0.02561979555060558	0.04623528883214196
log-power-percpmusd.mapjitter.klw	Risky second	20.0	2.3188114148826	dp_bias	0.004394979959486041	0.02462571132304451	0.044819238440113644
log-power-percpmusd.mapjitter.klw	Risky second	20.0	2.3833378160835275	dp_bias	0.003787891041235467	0.023715452815128768	0.04358557855351358
log-power-percpmusd.mapjitter.klw	Risky second	20.0	2.4496598167132055	dp_bias	0.003229254822970328	0.022978741908957934	0.04260041601660692
log-power-percpmusd.mapjitter.klw	Risky second	20.0	2.5178273835642724	dp_bias	0.0026903795546497386	0.022255288922364308	0.04167226118998099
log-power-percpmusd.mapjitter.klw	Risky second	20.0	2.58789187387332	dp_bias	0.002256492511584027	0.02164536615585065	0.04108892619562189
log-power-percpmusd.mapjitter.klw	Risky second	20.0	2.659906074013276	dp_bias	0.0018042865206730247	0.021171209973783366	0.040632002369467964
log-power-percpmusd.mapjitter.klw	Risky second	20.0	2.7339242392624983	dp_bias	0.0015061618743040768	0.020799360059701552	0.04016644298161857
log-power-percpmusd.mapjitter.klw	Risky second	20.0	2.8100021346805373	dp_bias	0.0012481565419531055	0.02054902903836246	0.039943062901263926
log-power-percpmusd.mapjitter.klw	Risky second	20.0	2.8881970771213568	dp_bias	0.0010052929571774942	0.020400115603370888	0.039952852347604664
log-power-percpmusd.mapjitter.klw	Risky second	20.0	2.9685679784156793	dp_bias	0.0009583095500077476	0.020366159374787973	0.03994492330700478
log-power-percpmusd.mapjitter.klw	Risky second	20.0	3.051175389754982	dp_bias	0.0009024581778844088	0.020433412851406874	0.04012324865249444
log-power-percpmusd.mapjitter.klw	Risky second	20.0	3.1360815473105736	dp_bias	0.000889664297922981	0.020611352124781476	0.040523916679186665
log-power-percpmusd.mapjitter.klw	Risky second	20.0	3.2233504191221405	dp_bias	0.0008698170689147816	0.020860872642088656	0.040918253198631314
log-power-percpmusd.mapjitter.klw	Risky second	20.0	3.31304775329107	dp_bias	0.00095184344069742	0.021216913079693506	0.04148391668199934
log-power-percpmusd.mapjitter.klw	Risky second	20.0	3.40524112751487	dp_bias	0.0011031931816326093	0.02162632722785319	0.04222901437946635
log-power-percpmusd.mapjitter.klw	Risky second	20.0	3.5000000000000004	dp_bias	0.0013627307769361414	0.022118186671263786	0.043018288264936054
log-power-percpmusd.mapjitter.klw	Risky second	20.0	1.2	dp_scale	-0.00015240347472420595	0.014972430604400956	0.030648417627909874
log-power-percpmusd.mapjitter.klw	Risky second	20.0	1.233392832614218	dp_scale	0.00013548253535866853	0.01502912901007798	0.030550226888163924
log-power-percpmusd.mapjitter.klw	Risky second	20.0	1.267714899620104	dp_scale	0.00030688627558041035	0.014993323684064842	0.03020991990481094
log-power-percpmusd.mapjitter.klw	Risky second	20.0	1.3029920591580744	dp_scale	0.0004485970824827544	0.014807398744672379	0.029714653668613228
log-power-percpmusd.mapjitter.klw	Risky second	20.0	1.339250888932342	dp_scale	0.0005582996729550536	0.014476876601175259	0.02907012121932188
log-power-percpmusd.mapjitter.klw	Risky second	20.0	1.3765187062344757	dp_scale	0.0006438825433544626	0.014010626186333999	0.028188472828466316
log-power-percpmusd.mapjitter.klw	Risky second	20.0	1.4148235885241658	dp_scale	0.000614127779754627	0.013426525518046774	0.02704274245108613
log-power-percpmusd.mapjitter.klw	Risky second	20.0	1.454194394582695	dp_scale	0.00037736542284415276	0.012715584499978352	0.025690343665655153
log-power-percpmusd.mapjitter.klw	Risky second	20.0	1.4946607862550567	dp_scale	0.00018949493733483945	0.011859103748887396	0.02417955960762105
log-power-percpmusd.mapjitter.klw	Risky second	20.0	1.5362532507970992	dp_scale	-0.0001628905813532698	0.010861804099640937	0.022551203501929063
log-power-percpmusd.mapjitter.klw	Risky second	20.0	1.579003123844529	dp_scale	-0.0004719059403966282	0.009745161160072784	0.020733338707585917
log-power-percpmusd.mapjitter.klw	Risky second	20.0	1.6229426130210856	dp_scale	-0.0009121314454688345	0.008540213092470278	0.018803554594337364
log-power-percpmusd.mapjitter.klw	Risky second	20.0	1.6681048222036647	dp_scale	-0.001516267066327976	0.007206857276079436	0.016791759446148045
log-power-percpmusd.mapjitter.klw	Risky second	20.0	1.714523776462679	dp_scale	-0.0023679151789861457	0.005836696508760123	0.014828693463280841
log-power-percpmusd.mapjitter.klw	Risky second	20.0	1.7622344476964418	dp_scale	-0.00331744391557627	0.004437803097469521	0.012885000740549768
log-power-percpmusd.mapjitter.klw	Risky second	20.0	1.8112727809788889	dp_scale	-0.004530969046478836	0.0030065790591404865	0.011058185441694575
log-power-percpmusd.mapjitter.klw	Risky second	20.0	1.861675721640487	dp_scale	-0.005934679376050217	0.0015941656299734868	0.009409142442841767
log-power-percpmusd.mapjitter.klw	Risky second	20.0	1.9134812431027324	dp_scale	-0.0074947932087496534	0.00019266637954655537	0.00798442191194534
log-power-percpmusd.mapjitter.klw	Risky second	20.0	1.9667283754872122	dp_scale	-0.009229062990017689	-0.0011392983992689525	0.006747402950316913
log-power-percpmusd.mapjitter.klw	Risky second	20.0	2.021457235020777	dp_scale	-0.011016005301528421	-0.0024310559734577763	0.005670273463160214
log-power-percpmusd.mapjitter.klw	Risky second	20.0	2.0777090542589844	dp_scale	-0.012796580969044907	-0.003662948678382327	0.004795864725466388
log-power-percpmusd.mapjitter.klw	Risky second	20.0	2.1355262131505808	dp_scale	-0.014566273241429306	-0.00483361542305214	0.004015083456426804
log-power-percpmusd.mapjitter.klw	Risky second	20.0	2.1949522709664246	dp_scale	-0.016259286398413175	-0.005917390491640944	0.003454214456471213
log-power-percpmusd.mapjitter.klw	Risky second	20.0	2.256031999116908	dp_scale	-0.017833418293007216	-0.006903584341889604	0.003029079992389712
log-power-percpmusd.mapjitter.klw	Risky second	20.0	2.3188114148826	dp_scale	-0.01927929392827679	-0.007791236233326546	0.0025663690769199103
log-power-percpmusd.mapjitter.klw	Risky second	20.0	2.3833378160835275	dp_scale	-0.020594291105825124	-0.008571156853642618	0.0022140383009797296
log-power-percpmusd.mapjitter.klw	Risky second	20.0	2.4496598167132055	dp_scale	-0.021688545208079363	-0.009273614912344418	0.0020007072644190435
log-power-percpmusd.mapjitter.klw	Risky second	20.0	2.5178273835642724	dp_scale	-0.022691348510356025	-0.009850705886734722	0.0018074856804424692
log-power-percpmusd.mapjitter.klw	Risky second	20.0	2.58789187387332	dp_scale	-0.02347261821584594	-0.010332354757188831	0.0017018707236736061
log-power-percpmusd.mapjitter.klw	Risky second	20.0	2.659906074013276	dp_scale	-0.024150826563306017	-0.010770084603795537	0.0016551971116436485
log-power-percpmusd.mapjitter.klw	Risky second	20.0	2.7339242392624983	dp_scale	-0.02471879127171334	-0.01106325501987197	0.001528126913479221
log-power-percpmusd.mapjitter.klw	Risky second	20.0	2.8100021346805373	dp_scale	-0.025156963488650243	-0.011276390880784835	0.001488649581431126
log-power-percpmusd.mapjitter.klw	Risky second	20.0	2.8881970771213568	dp_scale	-0.02551830253949644	-0.011401713483933535	0.0015241469845855952
log-power-percpmusd.mapjitter.klw	Risky second	20.0	2.9685679784156793	dp_scale	-0.025665636141511617	-0.011490018044858902	0.0016182208724092825
log-power-percpmusd.mapjitter.klw	Risky second	20.0	3.051175389754982	dp_scale	-0.02579409077197265	-0.011512129515422534	0.0016626472605813514
log-power-percpmusd.mapjitter.klw	Risky second	20.0	3.1360815473105736	dp_scale	-0.025813566800234004	-0.011502562611555354	0.0017691833388334686
log-power-percpmusd.mapjitter.klw	Risky second	20.0	3.2233504191221405	dp_scale	-0.025740441543520943	-0.011435557507229613	0.0018467174647272147
log-power-percpmusd.mapjitter.klw	Risky second	20.0	3.31304775329107	dp_scale	-0.025615990557032887	-0.011322627657324422	0.0019331105342668953
log-power-percpmusd.mapjitter.klw	Risky second	20.0	3.40524112751487	dp_scale	-0.025353710222315598	-0.011153519180657937	0.0020583534368443504
log-power-percpmusd.mapjitter.klw	Risky second	20.0	3.5000000000000004	dp_scale	-0.025092192960402136	-0.010945092258101703	0.0022508084076866153
log-power-percpmusd.mapjitter.klw	Risky second	20.0	1.2	dp_interaction	-0.010172230100100214	-0.0037857325151384397	7.125275055702132e-05
log-power-percpmusd.mapjitter.klw	Risky second	20.0	1.233392832614218	dp_interaction	-0.010683103232294213	-0.00411377914671018	-0.0001065682250888513
log-power-percpmusd.mapjitter.klw	Risky second	20.0	1.267714899620104	dp_interaction	-0.011154595255857686	-0.004380348527254375	-0.00022317572563472743
log-power-percpmusd.mapjitter.klw	Risky second	20.0	1.3029920591580744	dp_interaction	-0.011478838297981932	-0.004590414173792539	-0.0003353347345592126
log-power-percpmusd.mapjitter.klw	Risky second	20.0	1.339250888932342	dp_interaction	-0.011626570948610354	-0.004727566786784144	-0.0003916278340212094
log-power-percpmusd.mapjitter.klw	Risky second	20.0	1.3765187062344757	dp_interaction	-0.011760367087270383	-0.004815067397041888	-0.00039262374214741843
log-power-percpmusd.mapjitter.klw	Risky second	20.0	1.4148235885241658	dp_interaction	-0.01176567316490569	-0.004829173036483097	-0.0003767526698020319
log-power-percpmusd.mapjitter.klw	Risky second	20.0	1.454194394582695	dp_interaction	-0.011570496177987095	-0.004743490984780271	-0.0002788411475679959
log-power-percpmusd.mapjitter.klw	Risky second	20.0	1.4946607862550567	dp_interaction	-0.011348820986785852	-0.004571332110512236	-0.00012012301287016763
log-power-percpmusd.mapjitter.klw	Risky second	20.0	1.5362532507970992	dp_interaction	-0.010963028069173387	-0.0043281610522931495	9.485789008112952e-05
log-power-percpmusd.mapjitter.klw	Risky second	20.0	1.579003123844529	dp_interaction	-0.010451677963613147	-0.004007038787973814	0.00033114993093966524
log-power-percpmusd.mapjitter.klw	Risky second	20.0	1.6229426130210856	dp_interaction	-0.009809201977309365	-0.003600747602676222	0.0006400677817099718
log-power-percpmusd.mapjitter.klw	Risky second	20.0	1.6681048222036647	dp_interaction	-0.009073580699216453	-0.003142019172264149	0.001000263136724962
log-power-percpmusd.mapjitter.klw	Risky second	20.0	1.714523776462679	dp_interaction	-0.00835512479533117	-0.0026298834027927414	0.0014970777636504884
log-power-percpmusd.mapjitter.klw	Risky second	20.0	1.7622344476964418	dp_interaction	-0.00748658529492216	-0.0020742824961043644	0.002087357289735351
log-power-percpmusd.mapjitter.klw	Risky second	20.0	1.8112727809788889	dp_interaction	-0.00661336257283287	-0.0014651530493082197	0.0027797315118784595
log-power-percpmusd.mapjitter.klw	Risky second	20.0	1.861675721640487	dp_interaction	-0.005772958541768285	-0.0008328428289840332	0.0035425720371401884
log-power-percpmusd.mapjitter.klw	Risky second	20.0	1.9134812431027324	dp_interaction	-0.004974852567869824	-0.00018804624993132212	0.004343718454676654
log-power-percpmusd.mapjitter.klw	Risky second	20.0	1.9667283754872122	dp_interaction	-0.004225855615295108	0.000453811436876983	0.005224367843558547
log-power-percpmusd.mapjitter.klw	Risky second	20.0	2.021457235020777	dp_interaction	-0.0034955149326690873	0.0011019186290801306	0.006118429302423219
log-power-percpmusd.mapjitter.klw	Risky second	20.0	2.0777090542589844	dp_interaction	-0.002874499576888424	0.0017430050484620145	0.007050497066155783
log-power-percpmusd.mapjitter.klw	Risky second	20.0	2.1355262131505808	dp_interaction	-0.0023485286777520415	0.0023406874494032734	0.008015131949804742
log-power-percpmusd.mapjitter.klw	Risky second	20.0	2.1949522709664246	dp_interaction	-0.0018460811843452414	0.0029425373458555172	0.008951068087924709
log-power-percpmusd.mapjitter.klw	Risky second	20.0	2.256031999116908	dp_interaction	-0.0014909393302055833	0.0034895660057930743	0.009881304541181588
log-power-percpmusd.mapjitter.klw	Risky second	20.0	2.3188114148826	dp_interaction	-0.001190630283797534	0.003973306693855535	0.01069389277866449
log-power-percpmusd.mapjitter.klw	Risky second	20.0	2.3833378160835275	dp_interaction	-0.0009695026278471785	0.004415814860896233	0.011489294942466177
log-power-percpmusd.mapjitter.klw	Risky second	20.0	2.4496598167132055	dp_interaction	-0.0007779991957164836	0.004817011323386178	0.012191759000242781
log-power-percpmusd.mapjitter.klw	Risky second	20.0	2.5178273835642724	dp_interaction	-0.0006524062608553804	0.005155451794707318	0.012827714249514087
log-power-percpmusd.mapjitter.klw	Risky second	20.0	2.58789187387332	dp_interaction	-0.0005453199556457814	0.0054239555335657	0.013370006835159319
log-power-percpmusd.mapjitter.klw	Risky second	20.0	2.659906074013276	dp_interaction	-0.0004828819989221404	0.0056540037294625835	0.013831982601822642
log-power-percpmusd.mapjitter.klw	Risky second	20.0	2.7339242392624983	dp_interaction	-0.0004550636264972105	0.005808264975588255	0.014214759488841437
log-power-percpmusd.mapjitter.klw	Risky second	20.0	2.8100021346805373	dp_interaction	-0.00046558495872356723	0.005922938950874301	0.014560182509242271
log-power-percpmusd.mapjitter.klw	Risky second	20.0	2.8881970771213568	dp_interaction	-0.0005076512710266153	0.0059726872611202885	0.014792549044098602
log-power-percpmusd.mapjitter.klw	Risky second	20.0	2.9685679784156793	dp_interaction	-0.0005440197680873615	0.0059854958122920535	0.014982131852766896
log-power-percpmusd.mapjitter.klw	Risky second	20.0	3.051175389754982	dp_interaction	-0.0006323555443792804	0.005955218524378327	0.015176464993600362
log-power-percpmusd.mapjitter.klw	Risky second	20.0	3.1360815473105736	dp_interaction	-0.0007571017038905188	0.005891388956216	0.01525951089687298
log-power-percpmusd.mapjitter.klw	Risky second	20.0	3.2233504191221405	dp_interaction	-0.0008883407899668078	0.005786050969826632	0.015300566030770743
log-power-percpmusd.mapjitter.klw	Risky second	20.0	3.31304775329107	dp_interaction	-0.0010465285986357461	0.005644129028662145	0.015276802740874309
log-power-percpmusd.mapjitter.klw	Risky second	20.0	3.40524112751487	dp_interaction	-0.001200103817678003	0.00548294235800053	0.015258754573272346
log-power-percpmusd.mapjitter.klw	Risky second	20.0	3.5000000000000004	dp_interaction	-0.0013662039104677208	0.005308608088802472	0.0151468331798167
log-power-percpmusd.mapjitter.klw	Risky second	20.0	1.2	num_shift	0.012904725168376608	0.04436389544086036	0.07809432166337872
log-power-percpmusd.mapjitter.klw	Risky second	20.0	1.233392832614218	num_shift	0.012710930951011381	0.04391129335584765	0.077029482244974
log-power-percpmusd.mapjitter.klw	Risky second	20.0	1.267714899620104	num_shift	0.012601869095276972	0.04348339587946025	0.07618305060406791
log-power-percpmusd.mapjitter.klw	Risky second	20.0	1.3029920591580744	num_shift	0.012487147451041321	0.043057164724040406	0.0753023142285821
log-power-percpmusd.mapjitter.klw	Risky second	20.0	1.339250888932342	num_shift	0.012332279447646524	0.04263843117549339	0.07433853440377784
log-power-percpmusd.mapjitter.klw	Risky second	20.0	1.3765187062344757	num_shift	0.012284744444275058	0.042246167282069993	0.0733774415942076
log-power-percpmusd.mapjitter.klw	Risky second	20.0	1.4148235885241658	num_shift	0.012193812597127372	0.04191626999722311	0.07265388264575555
log-power-percpmusd.mapjitter.klw	Risky second	20.0	1.454194394582695	num_shift	0.012202021056516348	0.04162485828426565	0.07193135487240021
log-power-percpmusd.mapjitter.klw	Risky second	20.0	1.4946607862550567	num_shift	0.0122465730823656	0.04130552460888559	0.07132289745849633
log-power-percpmusd.mapjitter.klw	Risky second	20.0	1.5362532507970992	num_shift	0.012194446293466315	0.04097635158880168	0.07059851217895945
log-power-percpmusd.mapjitter.klw	Risky second	20.0	1.579003123844529	num_shift	0.012342949441914712	0.040686679792564955	0.0698732956318896
log-power-percpmusd.mapjitter.klw	Risky second	20.0	1.6229426130210856	num_shift	0.012244123593103113	0.04040530601369026	0.06919851676236997
log-power-percpmusd.mapjitter.klw	Risky second	20.0	1.6681048222036647	num_shift	0.01220876663939468	0.04011856082193177	0.06858625777095013
log-power-percpmusd.mapjitter.klw	Risky second	20.0	1.714523776462679	num_shift	0.012175035675547285	0.0398981967786766	0.06798536534812441
log-power-percpmusd.mapjitter.klw	Risky second	20.0	1.7622344476964418	num_shift	0.012230062945190056	0.03971852126707446	0.06746636612041997
log-power-percpmusd.mapjitter.klw	Risky second	20.0	1.8112727809788889	num_shift	0.012217084992588148	0.03953267681375229	0.06695677717909418
log-power-percpmusd.mapjitter.klw	Risky second	20.0	1.861675721640487	num_shift	0.012191536283812511	0.03931069536951321	0.06641868655749349
log-power-percpmusd.mapjitter.klw	Risky second	20.0	1.9134812431027324	num_shift	0.012110934189539912	0.0391591390702077	0.06601210158010393
log-power-percpmusd.mapjitter.klw	Risky second	20.0	1.9667283754872122	num_shift	0.012169204413326935	0.03901421999049373	0.06588893348100487
log-power-percpmusd.mapjitter.klw	Risky second	20.0	2.021457235020777	num_shift	0.012317099020781402	0.03894702812972085	0.0657442624757346
log-power-percpmusd.mapjitter.klw	Risky second	20.0	2.0777090542589844	num_shift	0.012260824055742777	0.03885232679419644	0.06565102317360116
log-power-percpmusd.mapjitter.klw	Risky second	20.0	2.1355262131505808	num_shift	0.01228380780143926	0.038820223342899626	0.06552870996253408
log-power-percpmusd.mapjitter.klw	Risky second	20.0	2.1949522709664246	num_shift	0.012340015796402199	0.03875655477642939	0.06565482414957195
log-power-percpmusd.mapjitter.klw	Risky second	20.0	2.256031999116908	num_shift	0.012218340168422385	0.038800171142415935	0.06578208145260983
log-power-percpmusd.mapjitter.klw	Risky second	20.0	2.3188114148826	num_shift	0.012009945796077979	0.0388877160392912	0.0660693155252802
log-power-percpmusd.mapjitter.klw	Risky second	20.0	2.3833378160835275	num_shift	0.011800610526847126	0.038946947701542736	0.066426004890601
log-power-percpmusd.mapjitter.klw	Risky second	20.0	2.4496598167132055	num_shift	0.011613830905834779	0.03904967503424227	0.06680877447579218
log-power-percpmusd.mapjitter.klw	Risky second	20.0	2.5178273835642724	num_shift	0.011264719904249171	0.03919523670354641	0.06744939682450665
log-power-percpmusd.mapjitter.klw	Risky second	20.0	2.58789187387332	num_shift	0.010861931492427089	0.03935052768240041	0.06810667751074224
log-power-percpmusd.mapjitter.klw	Risky second	20.0	2.659906074013276	num_shift	0.010374952748955708	0.03956354795734168	0.06907289074188057
log-power-percpmusd.mapjitter.klw	Risky second	20.0	2.7339242392624983	num_shift	0.00991454664479812	0.03977349240739583	0.07016526913283387
log-power-percpmusd.mapjitter.klw	Risky second	20.0	2.8100021346805373	num_shift	0.009337385059315622	0.03997690282804786	0.07122966273440194
log-power-percpmusd.mapjitter.klw	Risky second	20.0	2.8881970771213568	num_shift	0.008673413797336332	0.04026387943515797	0.07265197027399342
log-power-percpmusd.mapjitter.klw	Risky second	20.0	2.9685679784156793	num_shift	0.007888262555466432	0.0406070601076128	0.07411193826261248
log-power-percpmusd.mapjitter.klw	Risky second	20.0	3.051175389754982	num_shift	0.007103154859164568	0.04105505243886397	0.07554900733364683
log-power-percpmusd.mapjitter.klw	Risky second	20.0	3.1360815473105736	num_shift	0.0062774741648899445	0.04144275710887753	0.07702224472433798
log-power-percpmusd.mapjitter.klw	Risky second	20.0	3.2233504191221405	num_shift	0.005469211487256833	0.04182298769853317	0.0789196660792271
log-power-percpmusd.mapjitter.klw	Risky second	20.0	3.31304775329107	num_shift	0.0042581374308367885	0.04234631604308661	0.08099191812451938
log-power-percpmusd.mapjitter.klw	Risky second	20.0	3.40524112751487	num_shift	0.0032433477979048678	0.04281317126768057	0.08282226801600608
log-power-percpmusd.mapjitter.klw	Risky second	20.0	3.5000000000000004	num_shift	0.002292144392360376	0.043372699331051784	0.0847287932636483
log-power-percpmusd.mapjitter.klw	Risky second	20.0	1.2	den_ratio	1.002173618591849	1.0960581592485537	1.1979485375511305
log-power-percpmusd.mapjitter.klw	Risky second	20.0	1.233392832614218	den_ratio	1.0019470901458465	1.0956051250018417	1.197582057610615
log-power-percpmusd.mapjitter.klw	Risky second	20.0	1.267714899620104	den_ratio	1.0015759076749	1.095179677644911	1.1971906922881348
log-power-percpmusd.mapjitter.klw	Risky second	20.0	1.3029920591580744	den_ratio	1.0011544868697841	1.0947077578731665	1.1967752215537089
log-power-percpmusd.mapjitter.klw	Risky second	20.0	1.339250888932342	den_ratio	1.0007369130831079	1.0942960305389726	1.1959867633290981
log-power-percpmusd.mapjitter.klw	Risky second	20.0	1.3765187062344757	den_ratio	1.0000793741618306	1.0937750581099248	1.1952372724705687
log-power-percpmusd.mapjitter.klw	Risky second	20.0	1.4148235885241658	den_ratio	0.9995959827931507	1.0931881850034004	1.1945582734047329
log-power-percpmusd.mapjitter.klw	Risky second	20.0	1.454194394582695	den_ratio	0.9992255389286697	1.0926919138448339	1.194021570740347
log-power-percpmusd.mapjitter.klw	Risky second	20.0	1.4946607862550567	den_ratio	0.9985820929525322	1.0921609684044635	1.1934095802322384
log-power-percpmusd.mapjitter.klw	Risky second	20.0	1.5362532507970992	den_ratio	0.9982356568887762	1.0915624728611892	1.192864802342515
log-power-percpmusd.mapjitter.klw	Risky second	20.0	1.579003123844529	den_ratio	0.9977837773054948	1.0910700126143786	1.192753003674713
log-power-percpmusd.mapjitter.klw	Risky second	20.0	1.6229426130210856	den_ratio	0.9971719352153723	1.0906247749643772	1.1923821819309026
log-power-percpmusd.mapjitter.klw	Risky second	20.0	1.6681048222036647	den_ratio	0.9966042815451216	1.0901550414716832	1.1917770624494006
log-power-percpmusd.mapjitter.klw	Risky second	20.0	1.714523776462679	den_ratio	0.9960393717959919	1.089614960699627	1.191145789901732
log-power-percpmusd.mapjitter.klw	Risky second	20.0	1.7622344476964418	den_ratio	0.9954856189378939	1.0890234554976468	1.1908277945838468
log-power-percpmusd.mapjitter.klw	Risky second	20.0	1.8112727809788889	den_ratio	0.9945754473113606	1.0884450619165391	1.1901155866013897
log-power-percpmusd.mapjitter.klw	Risky second	20.0	1.861675721640487	den_ratio	0.9939357077858844	1.0878993498754035	1.1898413693574268
log-power-percpmusd.mapjitter.klw	Risky second	20.0	1.9134812431027324	den_ratio	0.9931004190870283	1.087237638076276	1.189339003910466
log-power-percpmusd.mapjitter.klw	Risky second	20.0	1.9667283754872122	den_ratio	0.992317309247132	1.0865787354174266	1.1888933327526496
log-power-percpmusd.mapjitter.klw	Risky second	20.0	2.021457235020777	den_ratio	0.9915961143837542	1.0858751982172001	1.1884497745390128
log-power-percpmusd.mapjitter.klw	Risky second	20.0	2.0777090542589844	den_ratio	0.9907494580994285	1.0852038057630735	1.188236741940386
log-power-percpmusd.mapjitter.klw	Risky second	20.0	2.1355262131505808	den_ratio	0.9896964755504033	1.0845898655631316	1.1877219582806169
log-power-percpmusd.mapjitter.klw	Risky second	20.0	2.1949522709664246	den_ratio	0.9886738850819149	1.0838942508088183	1.1874021988689956
log-power-percpmusd.mapjitter.klw	Risky second	20.0	2.256031999116908	den_ratio	0.9879087774840787	1.0832147120218942	1.187158822608192
log-power-percpmusd.mapjitter.klw	Risky second	20.0	2.3188114148826	den_ratio	0.9869867723339986	1.0825794402965747	1.186916724591155
log-power-percpmusd.mapjitter.klw	Risky second	20.0	2.3833378160835275	den_ratio	0.9859796318507479	1.081899222627685	1.186739013277164
log-power-percpmusd.mapjitter.klw	Risky second	20.0	2.4496598167132055	den_ratio	0.9846242930806051	1.0811639744905328	1.1860612191958744
log-power-percpmusd.mapjitter.klw	Risky second	20.0	2.5178273835642724	den_ratio	0.9836208965714476	1.0803932285781244	1.1859190580657497
log-power-percpmusd.mapjitter.klw	Risky second	20.0	2.58789187387332	den_ratio	0.9826423533540213	1.0797444426745106	1.1853913634388282
log-power-percpmusd.mapjitter.klw	Risky second	20.0	2.659906074013276	den_ratio	0.9814986162993565	1.079074761097392	1.1851810243824243
log-power-percpmusd.mapjitter.klw	Risky second	20.0	2.7339242392624983	den_ratio	0.9801935479925451	1.0782696110471397	1.1850201148084496
log-power-percpmusd.mapjitter.klw	Risky second	20.0	2.8100021346805373	den_ratio	0.9792301411783058	1.0774963305348515	1.184660866661615
log-power-percpmusd.mapjitter.klw	Risky second	20.0	2.8881970771213568	den_ratio	0.9778402359740098	1.076857535773809	1.1843965676914605
log-power-percpmusd.mapjitter.klw	Risky second	20.0	2.9685679784156793	den_ratio	0.9765479101097181	1.0761895510031243	1.1837090765002454
log-power-percpmusd.mapjitter.klw	Risky second	20.0	3.051175389754982	den_ratio	0.9752141677710835	1.075526687445362	1.1833853521830804
log-power-percpmusd.mapjitter.klw	Risky second	20.0	3.1360815473105736	den_ratio	0.9735856521566697	1.0747272990697416	1.1834813517533964
log-power-percpmusd.mapjitter.klw	Risky second	20.0	3.2233504191221405	den_ratio	0.9722107327238071	1.074020904979691	1.1832396668199847
log-power-percpmusd.mapjitter.klw	Risky second	20.0	3.31304775329107	den_ratio	0.9709226452232848	1.0732908153096512	1.183362141482212
log-power-percpmusd.mapjitter.klw	Risky second	20.0	3.40524112751487	den_ratio	0.9697597329441343	1.072556316351295	1.1834719864110486
log-power-percpmusd.mapjitter.klw	Risky second	20.0	3.5000000000000004	den_ratio	0.9685658505183434	1.0717827145491419	1.1835342805548312
log-power-percpmusd.mapjitter.klw	Risky second	28.0	1.2	p_vertex	0.18599413528665035	0.21596308762069089	0.24710561928591313
log-power-percpmusd.mapjitter.klw	Risky second	28.0	1.233392832614218	p_vertex	0.1999665797931074	0.23010711960930702	0.2612505101920907
log-power-percpmusd.mapjitter.klw	Risky second	28.0	1.267714899620104	p_vertex	0.2144533873638713	0.24477784552542758	0.27598032997986455
log-power-percpmusd.mapjitter.klw	Risky second	28.0	1.3029920591580744	p_vertex	0.22938416580900434	0.25980619451398357	0.29100404299423466
log-power-percpmusd.mapjitter.klw	Risky second	28.0	1.339250888932342	p_vertex	0.24511205728700802	0.27528779000297854	0.3063221289937479
log-power-percpmusd.mapjitter.klw	Risky second	28.0	1.3765187062344757	p_vertex	0.2612813317807216	0.2911588005648116	0.3219692640340778
log-power-percpmusd.mapjitter.klw	Risky second	28.0	1.4148235885241658	p_vertex	0.2776464021767059	0.30737364246991733	0.33782512872333187
log-power-percpmusd.mapjitter.klw	Risky second	28.0	1.454194394582695	p_vertex	0.2944766199650976	0.32388508011966854	0.3539264440216362
log-power-percpmusd.mapjitter.klw	Risky second	28.0	1.4946607862550567	p_vertex	0.3118351648919356	0.3407169390939885	0.3702665233814342
log-power-percpmusd.mapjitter.klw	Risky second	28.0	1.5362532507970992	p_vertex	0.3294069957470702	0.3578501237306595	0.3868548569278971
log-power-percpmusd.mapjitter.klw	Risky second	28.0	1.579003123844529	p_vertex	0.34724965440667227	0.37504277327251345	0.40348389284181296
log-power-percpmusd.mapjitter.klw	Risky second	28.0	1.6229426130210856	p_vertex	0.3651921489655114	0.3923942871237981	0.42021635921484296
log-power-percpmusd.mapjitter.klw	Risky second	28.0	1.6681048222036647	p_vertex	0.38326147902943986	0.40977078940962536	0.4368248153435845
log-power-percpmusd.mapjitter.klw	Risky second	28.0	1.714523776462679	p_vertex	0.4013068806815484	0.42719481602474274	0.4535656407402137
log-power-percpmusd.mapjitter.klw	Risky second	28.0	1.7622344476964418	p_vertex	0.4193577388249706	0.44452466956146275	0.4703275927938425
log-power-percpmusd.mapjitter.klw	Risky second	28.0	1.8112727809788889	p_vertex	0.4371751613492819	0.4618031294232445	0.48697877622837143
log-power-percpmusd.mapjitter.klw	Risky second	28.0	1.861675721640487	p_vertex	0.45462940708902433	0.4788061448814558	0.5035444231662592
log-power-percpmusd.mapjitter.klw	Risky second	28.0	1.9134812431027324	p_vertex	0.47171474066558194	0.49554297460355806	0.5199877183390746
log-power-percpmusd.mapjitter.klw	Risky second	28.0	1.9667283754872122	p_vertex	0.4883725050384713	0.5120061903509496	0.5362246817681894
log-power-percpmusd.mapjitter.klw	Risky second	28.0	2.021457235020777	p_vertex	0.5042199783564065	0.5281737141459932	0.5523119567843655
log-power-percpmusd.mapjitter.klw	Risky second	28.0	2.0777090542589844	p_vertex	0.5198272423865312	0.5439176688430954	0.5682139103783806
log-power-percpmusd.mapjitter.klw	Risky second	28.0	2.1355262131505808	p_vertex	0.5348996319525685	0.5592764881296048	0.5834930187043561
log-power-percpmusd.mapjitter.klw	Risky second	28.0	2.1949522709664246	p_vertex	0.5495587716651523	0.5741297626381059	0.5986379879374746
log-power-percpmusd.mapjitter.klw	Risky second	28.0	2.256031999116908	p_vertex	0.563808283231144	0.5886029876255945	0.6131260418905609
log-power-percpmusd.mapjitter.klw	Risky second	28.0	2.3188114148826	p_vertex	0.5774592145603449	0.6025101038362779	0.6272419629594647
log-power-percpmusd.mapjitter.klw	Risky second	28.0	2.3833378160835275	p_vertex	0.5905359865152224	0.6158759000894694	0.6409966242933
log-power-percpmusd.mapjitter.klw	Risky second	28.0	2.4496598167132055	p_vertex	0.6029413556302315	0.6287139562910771	0.6544355513541726
log-power-percpmusd.mapjitter.klw	Risky second	28.0	2.5178273835642724	p_vertex	0.6146974769123713	0.6410275772898272	0.6672168595353
log-power-percpmusd.mapjitter.klw	Risky second	28.0	2.58789187387332	p_vertex	0.6258641116354258	0.6528054935720062	0.6793726884493517
log-power-percpmusd.mapjitter.klw	Risky second	28.0	2.659906074013276	p_vertex	0.6365965497978282	0.6640291921166287	0.6910206625220927
log-power-percpmusd.mapjitter.klw	Risky second	28.0	2.7339242392624983	p_vertex	0.6466855194476022	0.6747948570017697	0.702016555485707
log-power-percpmusd.mapjitter.klw	Risky second	28.0	2.8100021346805373	p_vertex	0.6562404370465238	0.6850181650885803	0.7125955233020822
log-power-percpmusd.mapjitter.klw	Risky second	28.0	2.8881970771213568	p_vertex	0.6652193475822766	0.694634010947169	0.7226324795885976
log-power-percpmusd.mapjitter.klw	Risky second	28.0	2.9685679784156793	p_vertex	0.6736688050002145	0.703798737223986	0.73212459522191
log-power-percpmusd.mapjitter.klw	Risky second	28.0	3.051175389754982	p_vertex	0.681731255986358	0.7124493501374823	0.7412997968599567
log-power-percpmusd.mapjitter.klw	Risky second	28.0	3.1360815473105736	p_vertex	0.6891613421679265	0.7206161256255136	0.7498047687397272
log-power-percpmusd.mapjitter.klw	Risky second	28.0	3.2233504191221405	p_vertex	0.6961728871803988	0.7283365192236506	0.7579775810199872
log-power-percpmusd.mapjitter.klw	Risky second	28.0	3.31304775329107	p_vertex	0.7026683684709155	0.7356615177507491	0.765665552128675
log-power-percpmusd.mapjitter.klw	Risky second	28.0	3.40524112751487	p_vertex	0.7089054985960445	0.7425098168995679	0.7728790839052474
log-power-percpmusd.mapjitter.klw	Risky second	28.0	3.5000000000000004	p_vertex	0.7146973395046229	0.7489664728284497	0.7797429786737204
log-power-percpmusd.mapjitter.klw	Risky second	28.0	1.2	p_full	0.22645972555091012	0.26011638370758705	0.2954352305336486
log-power-percpmusd.mapjitter.klw	Risky second	28.0	1.233392832614218	p_full	0.24103369603537747	0.2745756687360754	0.30984027565100436
log-power-percpmusd.mapjitter.klw	Risky second	28.0	1.267714899620104	p_full	0.2558891812756665	0.2893923630056723	0.3244234481546083
log-power-percpmusd.mapjitter.klw	Risky second	28.0	1.3029920591580744	p_full	0.2712902307326627	0.30456334617336134	0.33923722923196353
log-power-percpmusd.mapjitter.klw	Risky second	28.0	1.339250888932342	p_full	0.28694767713187286	0.3199826979086189	0.35418952927251846
log-power-percpmusd.mapjitter.klw	Risky second	28.0	1.3765187062344757	p_full	0.30293568078224675	0.3355943416877279	0.3692958954606579
log-power-percpmusd.mapjitter.klw	Risky second	28.0	1.4148235885241658	p_full	0.3192998277620706	0.35133955096863956	0.38432950942570954
log-power-percpmusd.mapjitter.klw	Risky second	28.0	1.454194394582695	p_full	0.3358460895547775	0.3673557488091227	0.39976856613350426
log-power-percpmusd.mapjitter.klw	Risky second	28.0	1.4946607862550567	p_full	0.3523778862645046	0.383441640797743	0.414979442332384
log-power-percpmusd.mapjitter.klw	Risky second	28.0	1.5362532507970992	p_full	0.3692201459190407	0.39962209718784303	0.43032804368871935
log-power-percpmusd.mapjitter.klw	Risky second	28.0	1.579003123844529	p_full	0.38607338978710276	0.41581576854278707	0.44569960069613745
log-power-percpmusd.mapjitter.klw	Risky second	28.0	1.6229426130210856	p_full	0.40301526857684744	0.4320265076259483	0.4611419075480356
log-power-percpmusd.mapjitter.klw	Risky second	28.0	1.6681048222036647	p_full	0.4199746585473125	0.4481512029911503	0.47655841821683825
log-power-percpmusd.mapjitter.klw	Risky second	28.0	1.714523776462679	p_full	0.4367524870568251	0.4641786762914556	0.4919498483368907
log-power-percpmusd.mapjitter.klw	Risky second	28.0	1.7622344476964418	p_full	0.4532711988993898	0.48018467338279514	0.5072536723010919
log-power-percpmusd.mapjitter.klw	Risky second	28.0	1.8112727809788889	p_full	0.4696136514903929	0.49596103218066523	0.522446694827967
log-power-percpmusd.mapjitter.klw	Risky second	28.0	1.861675721640487	p_full	0.48607675584030857	0.5115571750415919	0.5375392029419276
log-power-percpmusd.mapjitter.klw	Risky second	28.0	1.9134812431027324	p_full	0.5020783729989573	0.526844767700711	0.5523439095353478
log-power-percpmusd.mapjitter.klw	Risky second	28.0	1.9667283754872122	p_full	0.5176623088776702	0.5419173559418546	0.566999587391822
log-power-percpmusd.mapjitter.klw	Risky second	28.0	2.021457235020777	p_full	0.5329180640882565	0.5567473634294279	0.5813363123129819
log-power-percpmusd.mapjitter.klw	Risky second	28.0	2.0777090542589844	p_full	0.5475431114644665	0.5712095460071733	0.5954952025764487
log-power-percpmusd.mapjitter.klw	Risky second	28.0	2.1355262131505808	p_full	0.5618070075233823	0.5853417239057364	0.6095948148351394
log-power-percpmusd.mapjitter.klw	Risky second	28.0	2.1949522709664246	p_full	0.5754682447204897	0.5990945260855429	0.6234584352860074
log-power-percpmusd.mapjitter.klw	Risky second	28.0	2.256031999116908	p_full	0.5885948149024993	0.6124635156483993	0.6369340697189945
log-power-percpmusd.mapjitter.klw	Risky second	28.0	2.3188114148826	p_full	0.6013227588265315	0.6254615834204839	0.6500489972432135
log-power-percpmusd.mapjitter.klw	Risky second	28.0	2.3833378160835275	p_full	0.6135506354645732	0.6380561137758742	0.6627611847905488
log-power-percpmusd.mapjitter.klw	Risky second	28.0	2.4496598167132055	p_full	0.6254006224520746	0.6503063562558489	0.6751265214204618
log-power-percpmusd.mapjitter.klw	Risky second	28.0	2.5178273835642724	p_full	0.6366524719917511	0.6621180581757725	0.6871871098886346
log-power-percpmusd.mapjitter.klw	Risky second	28.0	2.58789187387332	p_full	0.6475291343515014	0.6735494807244158	0.6987752448200323
log-power-percpmusd.mapjitter.klw	Risky second	28.0	2.659906074013276	p_full	0.6579335466107838	0.6844589114127577	0.7099355435517709
log-power-percpmusd.mapjitter.klw	Risky second	28.0	2.7339242392624983	p_full	0.6677660583586954	0.6950379754211797	0.7208733609885503
log-power-percpmusd.mapjitter.klw	Risky second	28.0	2.8100021346805373	p_full	0.6772816488185096	0.7052543229928949	0.7312657719295118
log-power-percpmusd.mapjitter.klw	Risky second	28.0	2.8881970771213568	p_full	0.6863216489521997	0.7150015062824249	0.741564628786987
log-power-percpmusd.mapjitter.klw	Risky second	28.0	2.9685679784156793	p_full	0.6949233241957238	0.7244202734641899	0.7512236550567877
log-power-percpmusd.mapjitter.klw	Risky second	28.0	3.051175389754982	p_full	0.7031672004701951	0.7333649356834491	0.7607449613066626
log-power-percpmusd.mapjitter.klw	Risky second	28.0	3.1360815473105736	p_full	0.711017280921776	0.7420039047715372	0.7699277784007156
log-power-percpmusd.mapjitter.klw	Risky second	28.0	3.2233504191221405	p_full	0.7185551601466721	0.7503012229084973	0.7786410110552806
log-power-percpmusd.mapjitter.klw	Risky second	28.0	3.31304775329107	p_full	0.7256482328452013	0.7582158802963037	0.7871267486168195
log-power-percpmusd.mapjitter.klw	Risky second	28.0	3.40524112751487	p_full	0.7323493666501991	0.7657860397109449	0.7950575659525725
log-power-percpmusd.mapjitter.klw	Risky second	28.0	3.5000000000000004	p_full	0.7387983324398796	0.7729656067897249	0.8028080248110451
log-power-percpmusd.mapjitter.klw	Risky second	28.0	1.2	p_bias_only	0.21922515843035345	0.25079798309479007	0.284319875003373
log-power-percpmusd.mapjitter.klw	Risky second	28.0	1.233392832614218	p_bias_only	0.23401422592135004	0.26556254130777684	0.2990373953441041
log-power-percpmusd.mapjitter.klw	Risky second	28.0	1.267714899620104	p_bias_only	0.2489904247754736	0.28071359935958873	0.3142661097713614
log-power-percpmusd.mapjitter.klw	Risky second	28.0	1.3029920591580744	p_bias_only	0.26452646228176796	0.29619028563860017	0.32955914457527274
log-power-percpmusd.mapjitter.klw	Risky second	28.0	1.339250888932342	p_bias_only	0.28029910356082793	0.3120793292825805	0.3452054068390542
log-power-percpmusd.mapjitter.klw	Risky second	28.0	1.3765187062344757	p_bias_only	0.29642469542752836	0.328212951432467	0.36100752374424555
log-power-percpmusd.mapjitter.klw	Risky second	28.0	1.4148235885241658	p_bias_only	0.3129922095780422	0.344563794187548	0.3769630471940422
log-power-percpmusd.mapjitter.klw	Risky second	28.0	1.454194394582695	p_bias_only	0.3298877412192763	0.36103165207250826	0.3931487900627595
log-power-percpmusd.mapjitter.klw	Risky second	28.0	1.4946607862550567	p_bias_only	0.34705770885226994	0.37767451784302186	0.4095129215095502
log-power-percpmusd.mapjitter.klw	Risky second	28.0	1.5362532507970992	p_bias_only	0.36432942847964034	0.39445669406797346	0.4257794878525758
log-power-percpmusd.mapjitter.klw	Risky second	28.0	1.579003123844529	p_bias_only	0.3815027847216979	0.4112799231420787	0.44216300459131574
log-power-percpmusd.mapjitter.klw	Risky second	28.0	1.6229426130210856	p_bias_only	0.39870081407273283	0.42811252367968183	0.45834646512080307
log-power-percpmusd.mapjitter.klw	Risky second	28.0	1.6681048222036647	p_bias_only	0.41595070321728167	0.44494230585273675	0.47472598103902697
log-power-percpmusd.mapjitter.klw	Risky second	28.0	1.714523776462679	p_bias_only	0.4332948558847166	0.4616729493663123	0.49096308190231036
log-power-percpmusd.mapjitter.klw	Risky second	28.0	1.7622344476964418	p_bias_only	0.45057668704958237	0.4783135823928669	0.5070432820738731
log-power-percpmusd.mapjitter.klw	Risky second	28.0	1.8112727809788889	p_bias_only	0.46755944506476826	0.49478770607688194	0.5229649767634497
log-power-percpmusd.mapjitter.klw	Risky second	28.0	1.861675721640487	p_bias_only	0.48443173761986436	0.5109987216502445	0.5387437637201323
log-power-percpmusd.mapjitter.klw	Risky second	28.0	1.9134812431027324	p_bias_only	0.500856304470611	0.5269742209238093	0.5543045998346511
log-power-percpmusd.mapjitter.klw	Risky second	28.0	1.9667283754872122	p_bias_only	0.5169822704004654	0.5426410005961013	0.5696707401292093
log-power-percpmusd.mapjitter.klw	Risky second	28.0	2.021457235020777	p_bias_only	0.5326917780320892	0.5580259527002704	0.584514756146507
log-power-percpmusd.mapjitter.klw	Risky second	28.0	2.0777090542589844	p_bias_only	0.5477693649284583	0.5730486655671048	0.5991845448307035
log-power-percpmusd.mapjitter.klw	Risky second	28.0	2.1355262131505808	p_bias_only	0.5626917811208342	0.5876451845648021	0.6136139345053255
log-power-percpmusd.mapjitter.klw	Risky second	28.0	2.1949522709664246	p_bias_only	0.5770586927338583	0.601897649731935	0.6275392215779922
log-power-percpmusd.mapjitter.klw	Risky second	28.0	2.256031999116908	p_bias_only	0.5908869315797599	0.6156206217118068	0.6411384715657782
log-power-percpmusd.mapjitter.klw	Risky second	28.0	2.3188114148826	p_bias_only	0.6041678802496001	0.6289477342373937	0.6545417473297168
log-power-percpmusd.mapjitter.klw	Risky second	28.0	2.3833378160835275	p_bias_only	0.6168159297287844	0.6418434718399073	0.6673133587111428
log-power-percpmusd.mapjitter.klw	Risky second	28.0	2.4496598167132055	p_bias_only	0.6290130090858107	0.6542811733767153	0.6796215017098323
log-power-percpmusd.mapjitter.klw	Risky second	28.0	2.5178273835642724	p_bias_only	0.6408345276837242	0.666324172520391	0.6915369434629218
log-power-percpmusd.mapjitter.klw	Risky second	28.0	2.58789187387332	p_bias_only	0.6522916485901513	0.6778302738827249	0.7030268959344211
log-power-percpmusd.mapjitter.klw	Risky second	28.0	2.659906074013276	p_bias_only	0.6630797589828151	0.6888965442353294	0.7140488912710087
log-power-percpmusd.mapjitter.klw	Risky second	28.0	2.7339242392624983	p_bias_only	0.6732345959400088	0.6995001201104084	0.7247479429379268
log-power-percpmusd.mapjitter.klw	Risky second	28.0	2.8100021346805373	p_bias_only	0.6829724540519143	0.7096745753253973	0.7352729016837002
log-power-percpmusd.mapjitter.klw	Risky second	28.0	2.8881970771213568	p_bias_only	0.6924401650746874	0.719367173452257	0.7451617701185791
log-power-percpmusd.mapjitter.klw	Risky second	28.0	2.9685679784156793	p_bias_only	0.7012043740220573	0.7286591420825657	0.7547166513776365
log-power-percpmusd.mapjitter.klw	Risky second	28.0	3.051175389754982	p_bias_only	0.709641034613873	0.7375483321649388	0.763785529120471
log-power-percpmusd.mapjitter.klw	Risky second	28.0	3.1360815473105736	p_bias_only	0.7176257465667304	0.7461623146983187	0.7724721325688326
log-power-percpmusd.mapjitter.klw	Risky second	28.0	3.2233504191221405	p_bias_only	0.7251326811871693	0.7543525863476077	0.7809273619663625
log-power-percpmusd.mapjitter.klw	Risky second	28.0	3.31304775329107	p_bias_only	0.7323846947932611	0.7621135844858207	0.7888912046240834
log-power-percpmusd.mapjitter.klw	Risky second	28.0	3.40524112751487	p_bias_only	0.7391712349279561	0.7694731242573695	0.7967556088364078
log-power-percpmusd.mapjitter.klw	Risky second	28.0	3.5000000000000004	p_bias_only	0.7455162308237037	0.7765480047689344	0.8042084733818422
log-power-percpmusd.mapjitter.klw	Risky second	28.0	1.2	p_scale_only	0.2006102530758611	0.22881073282839148	0.25798058625934783
log-power-percpmusd.mapjitter.klw	Risky second	28.0	1.233392832614218	p_scale_only	0.21462093861959672	0.2429059472092011	0.2718912971132026
log-power-percpmusd.mapjitter.klw	Risky second	28.0	1.267714899620104	p_scale_only	0.2291305441633033	0.25739302515536333	0.2862324118976677
log-power-percpmusd.mapjitter.klw	Risky second	28.0	1.3029920591580744	p_scale_only	0.243976434579802	0.27225035462560876	0.3008777063926902
log-power-percpmusd.mapjitter.klw	Risky second	28.0	1.339250888932342	p_scale_only	0.2591602060582239	0.28739204693073095	0.31584472372123495
log-power-percpmusd.mapjitter.klw	Risky second	28.0	1.3765187062344757	p_scale_only	0.2747863607291382	0.3027469764426238	0.33100484341845365
log-power-percpmusd.mapjitter.klw	Risky second	28.0	1.4148235885241658	p_scale_only	0.2907649811615439	0.3184254885554555	0.3462698380567815
log-power-percpmusd.mapjitter.klw	Risky second	28.0	1.454194394582695	p_scale_only	0.30710989872135525	0.3343001890700904	0.3617937712025867
log-power-percpmusd.mapjitter.klw	Risky second	28.0	1.4946607862550567	p_scale_only	0.32368135389442604	0.3503386564947859	0.3773174709324713
log-power-percpmusd.mapjitter.klw	Risky second	28.0	1.5362532507970992	p_scale_only	0.3404509692658486	0.36655138927775716	0.39306293778374835
log-power-percpmusd.mapjitter.klw	Risky second	28.0	1.579003123844529	p_scale_only	0.3572344089435485	0.38278621285034065	0.4087443095838018
log-power-percpmusd.mapjitter.klw	Risky second	28.0	1.6229426130210856	p_scale_only	0.37409049727295673	0.3990863332617363	0.4246350858692921
log-power-percpmusd.mapjitter.klw	Risky second	28.0	1.6681048222036647	p_scale_only	0.39082040991226785	0.4154167467336234	0.44045765023413036
log-power-percpmusd.mapjitter.klw	Risky second	28.0	1.714523776462679	p_scale_only	0.4076737908232592	0.43165521692909736	0.456215020504334
log-power-percpmusd.mapjitter.klw	Risky second	28.0	1.7622344476964418	p_scale_only	0.4242717368339295	0.44779465828859005	0.47188128901642984
log-power-percpmusd.mapjitter.klw	Risky second	28.0	1.8112727809788889	p_scale_only	0.44069389295223255	0.4637730515357635	0.48748343804707917
log-power-percpmusd.mapjitter.klw	Risky second	28.0	1.861675721640487	p_scale_only	0.4567901714077633	0.479583891292527	0.503082761564625
log-power-percpmusd.mapjitter.klw	Risky second	28.0	1.9134812431027324	p_scale_only	0.47251036990214074	0.49521403218881677	0.5184722162218287
log-power-percpmusd.mapjitter.klw	Risky second	28.0	1.9667283754872122	p_scale_only	0.48786403473045564	0.5104983800074632	0.533562145126955
log-power-percpmusd.mapjitter.klw	Risky second	28.0	2.021457235020777	p_scale_only	0.5028667868650147	0.5255029520105685	0.5484942476022765
log-power-percpmusd.mapjitter.klw	Risky second	28.0	2.0777090542589844	p_scale_only	0.5173663403503602	0.5401832512770839	0.5633911264483283
log-power-percpmusd.mapjitter.klw	Risky second	28.0	2.1355262131505808	p_scale_only	0.5316943925352368	0.5544956208753832	0.5777657883396702
log-power-percpmusd.mapjitter.klw	Risky second	28.0	2.1949522709664246	p_scale_only	0.5454630118065189	0.5684723037723511	0.5919279322849158
log-power-percpmusd.mapjitter.klw	Risky second	28.0	2.256031999116908	p_scale_only	0.5587041509407299	0.5820870924858255	0.6058236448674631
log-power-percpmusd.mapjitter.klw	Risky second	28.0	2.3188114148826	p_scale_only	0.5713805428076885	0.595303916598328	0.6192410439561894
log-power-percpmusd.mapjitter.klw	Risky second	28.0	2.3833378160835275	p_scale_only	0.5836520909740881	0.6080447225426966	0.6322578777442994
log-power-percpmusd.mapjitter.klw	Risky second	28.0	2.4496598167132055	p_scale_only	0.5955807085814826	0.6203504253218997	0.6448475002797036
log-power-percpmusd.mapjitter.klw	Risky second	28.0	2.5178273835642724	p_scale_only	0.6068647487573203	0.6321224518694414	0.6570800674736139
log-power-percpmusd.mapjitter.klw	Risky second	28.0	2.58789187387332	p_scale_only	0.6177770278189394	0.6434934102648208	0.6689092539294141
log-power-percpmusd.mapjitter.klw	Risky second	28.0	2.659906074013276	p_scale_only	0.6281353421809568	0.6544076254149065	0.6801595361036101
log-power-percpmusd.mapjitter.klw	Risky second	28.0	2.7339242392624983	p_scale_only	0.6378314545197222	0.664855448208763	0.6909979525243599
log-power-percpmusd.mapjitter.klw	Risky second	28.0	2.8100021346805373	p_scale_only	0.6474069236929582	0.6748375076051012	0.7013540510259856
log-power-percpmusd.mapjitter.klw	Risky second	28.0	2.8881970771213568	p_scale_only	0.6562405281105449	0.6844131332290012	0.71128981881645
log-power-percpmusd.mapjitter.klw	Risky second	28.0	2.9685679784156793	p_scale_only	0.6648300870017098	0.6934991039034883	0.7208219220628892
log-power-percpmusd.mapjitter.klw	Risky second	28.0	3.051175389754982	p_scale_only	0.6729285516400494	0.7021488342618107	0.7299360265936098
log-power-percpmusd.mapjitter.klw	Risky second	28.0	3.1360815473105736	p_scale_only	0.6803418700687489	0.7104346928611895	0.738683367506143
log-power-percpmusd.mapjitter.klw	Risky second	28.0	3.2233504191221405	p_scale_only	0.6874916752548883	0.718232326078195	0.7466733315750541
log-power-percpmusd.mapjitter.klw	Risky second	28.0	3.31304775329107	p_scale_only	0.6943499775509393	0.725657513272953	0.7544594046770025
log-power-percpmusd.mapjitter.klw	Risky second	28.0	3.40524112751487	p_scale_only	0.7007553738114736	0.7327403687319425	0.7618016540806157
log-power-percpmusd.mapjitter.klw	Risky second	28.0	3.5000000000000004	p_scale_only	0.7066371197852646	0.7393907626982343	0.7687321815801568
log-power-percpmusd.mapjitter.klw	Risky second	28.0	1.2	dp_full	0.007091736926264355	0.04395378232568685	0.08196432898693899
log-power-percpmusd.mapjitter.klw	Risky second	28.0	1.233392832614218	dp_full	0.007577875770038154	0.044309648403017286	0.0821667121113626
log-power-percpmusd.mapjitter.klw	Risky second	28.0	1.267714899620104	dp_full	0.00789462815211793	0.04455712922448758	0.08245387437546695
log-power-percpmusd.mapjitter.klw	Risky second	28.0	1.3029920591580744	dp_full	0.008143842327091892	0.04463001733254946	0.08232203315403011
log-power-percpmusd.mapjitter.klw	Risky second	28.0	1.339250888932342	dp_full	0.008413633774619624	0.044548771274239014	0.08180117395077832
log-power-percpmusd.mapjitter.klw	Risky second	28.0	1.3765187062344757	dp_full	0.008571372184720248	0.04432588567140454	0.0812443778502175
log-power-percpmusd.mapjitter.klw	Risky second	28.0	1.4148235885241658	dp_full	0.008651086229985897	0.04379361591218938	0.08029725962847324
log-power-percpmusd.mapjitter.klw	Risky second	28.0	1.454194394582695	dp_full	0.008621404370047624	0.04319238363021777	0.07903140727513266
log-power-percpmusd.mapjitter.klw	Risky second	28.0	1.4946607862550567	dp_full	0.008518354914369952	0.042435009618630164	0.07754456343373504
log-power-percpmusd.mapjitter.klw	Risky second	28.0	1.5362532507970992	dp_full	0.0085240449098135	0.04152840524598384	0.0758726480183415
log-power-percpmusd.mapjitter.klw	Risky second	28.0	1.579003123844529	dp_full	0.008446748485759159	0.040572470315660726	0.07400490890791292
log-power-percpmusd.mapjitter.klw	Risky second	28.0	1.6229426130210856	dp_full	0.008196226000336803	0.039430740121786295	0.0719864356017187
log-power-percpmusd.mapjitter.klw	Risky second	28.0	1.6681048222036647	dp_full	0.007856604364910468	0.03815166930537375	0.06995908536201831
log-power-percpmusd.mapjitter.klw	Risky second	28.0	1.714523776462679	dp_full	0.007458803484911505	0.036835328531643	0.06780066651673393
log-power-percpmusd.mapjitter.klw	Risky second	28.0	1.7622344476964418	dp_full	0.0067803937199406965	0.0354463599988449	0.0654261948582966
log-power-percpmusd.mapjitter.klw	Risky second	28.0	1.8112727809788889	dp_full	0.006199100751725729	0.03401995465312818	0.06325096848238508
log-power-percpmusd.mapjitter.klw	Risky second	28.0	1.861675721640487	dp_full	0.0055890391522401255	0.032570132514687045	0.06125236652413771
log-power-percpmusd.mapjitter.klw	Risky second	28.0	1.9134812431027324	dp_full	0.004689697898277316	0.03110260038610383	0.059091186572793275
log-power-percpmusd.mapjitter.klw	Risky second	28.0	1.9667283754872122	dp_full	0.00343642527542094	0.029775098192321717	0.05709769583601242
log-power-percpmusd.mapjitter.klw	Risky second	28.0	2.021457235020777	dp_full	0.0022746849509986166	0.0284051245742592	0.05527180272186519
log-power-percpmusd.mapjitter.klw	Risky second	28.0	2.0777090542589844	dp_full	0.0011309308181317083	0.0271770990001165	0.05377946307439881
log-power-percpmusd.mapjitter.klw	Risky second	28.0	2.1355262131505808	dp_full	-0.0002462507308523862	0.02605485851582949	0.05259642523169934
log-power-percpmusd.mapjitter.klw	Risky second	28.0	2.1949522709664246	dp_full	-0.001807222311157923	0.025002738258205714	0.051502060633648164
log-power-percpmusd.mapjitter.klw	Risky second	28.0	2.256031999116908	dp_full	-0.0030504169451145914	0.024033129029609142	0.050867797233761156
log-power-percpmusd.mapjitter.klw	Risky second	28.0	2.3188114148826	dp_full	-0.004257279071248498	0.023145195600577418	0.050223724421648464
log-power-percpmusd.mapjitter.klw	Risky second	28.0	2.3833378160835275	dp_full	-0.00554336881521272	0.022334566463031995	0.05014689364310167
log-power-percpmusd.mapjitter.klw	Risky second	28.0	2.4496598167132055	dp_full	-0.0065534240712369855	0.021783713638497862	0.05026063334456472
log-power-percpmusd.mapjitter.klw	Risky second	28.0	2.5178273835642724	dp_full	-0.007827424143837207	0.021301632049605577	0.05052886456929271
log-power-percpmusd.mapjitter.klw	Risky second	28.0	2.58789187387332	dp_full	-0.009007823102764613	0.020859856722564366	0.050869854834244804
log-power-percpmusd.mapjitter.klw	Risky second	28.0	2.659906074013276	dp_full	-0.009972125628447487	0.02058089954841403	0.05135434932561664
log-power-percpmusd.mapjitter.klw	Risky second	28.0	2.7339242392624983	dp_full	-0.010833442145821959	0.020409446290200528	0.0519557701471467
log-power-percpmusd.mapjitter.klw	Risky second	28.0	2.8100021346805373	dp_full	-0.011493100989880106	0.020333167914328924	0.05269813509737659
log-power-percpmusd.mapjitter.klw	Risky second	28.0	2.8881970771213568	dp_full	-0.012110761045889465	0.020412594362940968	0.05356875299007425
log-power-percpmusd.mapjitter.klw	Risky second	28.0	2.9685679784156793	dp_full	-0.012553768929548032	0.020623543670475863	0.054558024178125684
log-power-percpmusd.mapjitter.klw	Risky second	28.0	3.051175389754982	dp_full	-0.01315755658658051	0.02087079902123466	0.05570133744505258
log-power-percpmusd.mapjitter.klw	Risky second	28.0	3.1360815473105736	dp_full	-0.013620691048014671	0.021184872632791577	0.05687560600407823
log-power-percpmusd.mapjitter.klw	Risky second	28.0	3.2233504191221405	dp_full	-0.013857626796911085	0.021708736145785182	0.0581942861262761
log-power-percpmusd.mapjitter.klw	Risky second	28.0	3.31304775329107	dp_full	-0.014045378655368	0.022290759548316837	0.05959983642385555
log-power-percpmusd.mapjitter.klw	Risky second	28.0	3.40524112751487	dp_full	-0.014190594876649922	0.022905334050958445	0.061061791815434335
log-power-percpmusd.mapjitter.klw	Risky second	28.0	3.5000000000000004	dp_full	-0.014358730314274088	0.023612186651674572	0.06280480055197665
log-power-percpmusd.mapjitter.klw	Risky second	28.0	1.2	dp_bias	0.004510695873528461	0.03455830282972672	0.06661881477326054
log-power-percpmusd.mapjitter.klw	Risky second	28.0	1.233392832614218	dp_bias	0.004833909568253004	0.03520059221634882	0.0675169724465564
log-power-percpmusd.mapjitter.klw	Risky second	28.0	1.267714899620104	dp_bias	0.005100949971303852	0.03566969202404948	0.06843415800379427
log-power-percpmusd.mapjitter.klw	Risky second	28.0	1.3029920591580744	dp_bias	0.005261293374114666	0.03608888030588467	0.06908653493230033
log-power-percpmusd.mapjitter.klw	Risky second	28.0	1.339250888932342	dp_bias	0.005346490536005223	0.03642240353176791	0.06941186148640269
log-power-percpmusd.mapjitter.klw	Risky second	28.0	1.3765187062344757	dp_bias	0.00539892821020414	0.03661569493827162	0.06971986252528578
log-power-percpmusd.mapjitter.klw	Risky second	28.0	1.4148235885241658	dp_bias	0.005435784261610375	0.036672525483951404	0.06971152671875319
log-power-percpmusd.mapjitter.klw	Risky second	28.0	1.454194394582695	dp_bias	0.005591230591572722	0.0366512266571261	0.06959168855268777
log-power-percpmusd.mapjitter.klw	Risky second	28.0	1.4946607862550567	dp_bias	0.005761052759507264	0.03649887066176309	0.06922241934511454
log-power-percpmusd.mapjitter.klw	Risky second	28.0	1.5362532507970992	dp_bias	0.005889696677049287	0.03617746040876108	0.06881514329488142
log-power-percpmusd.mapjitter.klw	Risky second	28.0	1.579003123844529	dp_bias	0.005705513782985422	0.03585424632567062	0.06791282285464256
log-power-percpmusd.mapjitter.klw	Risky second	28.0	1.6229426130210856	dp_bias	0.005804338597400969	0.03537920786575645	0.06712553101124154
log-power-percpmusd.mapjitter.klw	Risky second	28.0	1.6681048222036647	dp_bias	0.005621867598719725	0.03484285032483017	0.06606049671889763
log-power-percpmusd.mapjitter.klw	Risky second	28.0	1.714523776462679	dp_bias	0.00548058249460362	0.034230766440426726	0.06489479359574173
log-power-percpmusd.mapjitter.klw	Risky second	28.0	1.7622344476964418	dp_bias	0.005368927701731832	0.03354516595095246	0.06373478916796683
log-power-percpmusd.mapjitter.klw	Risky second	28.0	1.8112727809788889	dp_bias	0.005185498950478517	0.0328111458732981	0.06234992565839629
log-power-percpmusd.mapjitter.klw	Risky second	28.0	1.861675721640487	dp_bias	0.004857638043550968	0.0320480051601917	0.06078671807884658
log-power-percpmusd.mapjitter.klw	Risky second	28.0	1.9134812431027324	dp_bias	0.004546425001226548	0.03127751296951568	0.05946443805326627
log-power-percpmusd.mapjitter.klw	Risky second	28.0	1.9667283754872122	dp_bias	0.004308519751541889	0.03051452945746122	0.05810053734873841
log-power-percpmusd.mapjitter.klw	Risky second	28.0	2.021457235020777	dp_bias	0.004011374385132774	0.02977295414510308	0.05682449751589205
log-power-percpmusd.mapjitter.klw	Risky second	28.0	2.0777090542589844	dp_bias	0.0036507472452893567	0.029043077427223403	0.055524979808616544
log-power-percpmusd.mapjitter.klw	Risky second	28.0	2.1355262131505808	dp_bias	0.003102445730975427	0.028428389485332627	0.054192252497358394
log-power-percpmusd.mapjitter.klw	Risky second	28.0	2.1949522709664246	dp_bias	0.0027114855169060536	0.027693847644621943	0.053180608625694625
log-power-percpmusd.mapjitter.klw	Risky second	28.0	2.256031999116908	dp_bias	0.00227920924295032	0.02711405031496799	0.052378119980686005
log-power-percpmusd.mapjitter.klw	Risky second	28.0	2.3188114148826	dp_bias	0.0018470655471596118	0.02657245397679567	0.05150119015351543
log-power-percpmusd.mapjitter.klw	Risky second	28.0	2.3833378160835275	dp_bias	0.0012834660170154258	0.026171102670177707	0.0508182313283884
log-power-percpmusd.mapjitter.klw	Risky second	28.0	2.4496598167132055	dp_bias	0.0005981377242206281	0.025818449272523955	0.050287728264157935
log-power-percpmusd.mapjitter.klw	Risky second	28.0	2.5178273835642724	dp_bias	0.00010389147422758488	0.025555582853962255	0.050171654576115145
log-power-percpmusd.mapjitter.klw	Risky second	28.0	2.58789187387332	dp_bias	-0.0002908851213605308	0.025296879702349367	0.05014682429302785
log-power-percpmusd.mapjitter.klw	Risky second	28.0	2.659906074013276	dp_bias	-0.0006785595409954673	0.025011741005960555	0.05007160186478905
log-power-percpmusd.mapjitter.klw	Risky second	28.0	2.7339242392624983	dp_bias	-0.0009401885749796506	0.024937440927641538	0.05029670789545503
log-power-percpmusd.mapjitter.klw	Risky second	28.0	2.8100021346805373	dp_bias	-0.0013123951302398407	0.024952102632654318	0.0506922235327328
log-power-percpmusd.mapjitter.klw	Risky second	28.0	2.8881970771213568	dp_bias	-0.0015549018172117683	0.025031471329031052	0.05121981289839973
log-power-percpmusd.mapjitter.klw	Risky second	28.0	2.9685679784156793	dp_bias	-0.0018327829525472694	0.025188446683562796	0.05180453100107735
log-power-percpmusd.mapjitter.klw	Risky second	28.0	3.051175389754982	dp_bias	-0.002021927223118563	0.025418657144073417	0.052619721824209986
log-power-percpmusd.mapjitter.klw	Risky second	28.0	3.1360815473105736	dp_bias	-0.0022097126521188623	0.02564903632578737	0.05339033208610454
log-power-percpmusd.mapjitter.klw	Risky second	28.0	3.2233504191221405	dp_bias	-0.0024099436080707386	0.026035595184321646	0.05433526302412007
log-power-percpmusd.mapjitter.klw	Risky second	28.0	3.31304775329107	dp_bias	-0.00255568706308515	0.026522852173451773	0.05526046455947282
log-power-percpmusd.mapjitter.klw	Risky second	28.0	3.40524112751487	dp_bias	-0.0026400429271562953	0.02706036532504335	0.056291338139284
log-power-percpmusd.mapjitter.klw	Risky second	28.0	3.5000000000000004	dp_bias	-0.0026473716117935637	0.027592556242179725	0.057479825375507415
log-power-percpmusd.mapjitter.klw	Risky second	28.0	1.2	dp_scale	-0.0016082124463217874	0.012844677769631593	0.02785784254866709
log-power-percpmusd.mapjitter.klw	Risky second	28.0	1.233392832614218	dp_scale	-0.00150220655166919	0.012806236694021693	0.027614954374602308
log-power-percpmusd.mapjitter.klw	Risky second	28.0	1.267714899620104	dp_scale	-0.0013724010552848304	0.012655357050640251	0.027073600121615228
log-power-percpmusd.mapjitter.klw	Risky second	28.0	1.3029920591580744	dp_scale	-0.0014134973736657564	0.0124033586840878	0.026588024607442622
log-power-percpmusd.mapjitter.klw	Risky second	28.0	1.339250888932342	dp_scale	-0.001355963576570017	0.012020980998580564	0.025882123883837465
log-power-percpmusd.mapjitter.klw	Risky second	28.0	1.3765187062344757	dp_scale	-0.0014229522481322063	0.011527154150022628	0.024993205245737535
log-power-percpmusd.mapjitter.klw	Risky second	28.0	1.4148235885241658	dp_scale	-0.001558776551821376	0.0109722202018096	0.024003566179452384
log-power-percpmusd.mapjitter.klw	Risky second	28.0	1.454194394582695	dp_scale	-0.0017437811173368941	0.010268992016962724	0.022818280344967922
log-power-percpmusd.mapjitter.klw	Risky second	28.0	1.4946607862550567	dp_scale	-0.001954216726137134	0.009486236307394365	0.021434364436033193
log-power-percpmusd.mapjitter.klw	Risky second	28.0	1.5362532507970992	dp_scale	-0.0022417598493352188	0.008618354853889836	0.019970473351526657
log-power-percpmusd.mapjitter.klw	Risky second	28.0	1.579003123844529	dp_scale	-0.002590454947505585	0.007647454301610797	0.0183575839023547
log-power-percpmusd.mapjitter.klw	Risky second	28.0	1.6229426130210856	dp_scale	-0.003106979699626566	0.006606318845140141	0.016632670041718166
log-power-percpmusd.mapjitter.klw	Risky second	28.0	1.6681048222036647	dp_scale	-0.0037154225165714947	0.005483814857722088	0.014953535815103799
log-power-percpmusd.mapjitter.klw	Risky second	28.0	1.714523776462679	dp_scale	-0.004539790556911164	0.004364066020807411	0.01321049316453024
log-power-percpmusd.mapjitter.klw	Risky second	28.0	1.7622344476964418	dp_scale	-0.005465514344898025	0.0032266569482629955	0.01157286674522843
log-power-percpmusd.mapjitter.klw	Risky second	28.0	1.8112727809788889	dp_scale	-0.006708704183860338	0.0020413998822379855	0.010103211758431572
log-power-percpmusd.mapjitter.klw	Risky second	28.0	1.861675721640487	dp_scale	-0.008050939058162147	0.000865199370066113	0.00875958000568993
log-power-percpmusd.mapjitter.klw	Risky second	28.0	1.9134812431027324	dp_scale	-0.00955625502201301	-0.0002603387391778368	0.0076200265684286134
log-power-percpmusd.mapjitter.klw	Risky second	28.0	1.9667283754872122	dp_scale	-0.011102607844433104	-0.001343512222593738	0.006653422447971093
log-power-percpmusd.mapjitter.klw	Risky second	28.0	2.021457235020777	dp_scale	-0.012699704618712592	-0.002410918761957687	0.0059048088730254905
log-power-percpmusd.mapjitter.klw	Risky second	28.0	2.0777090542589844	dp_scale	-0.0142504396759902	-0.003393056475927375	0.005254968278037237
log-power-percpmusd.mapjitter.klw	Risky second	28.0	2.1355262131505808	dp_scale	-0.015847540199225272	-0.004343402616377273	0.004729196083609082
log-power-percpmusd.mapjitter.klw	Risky second	28.0	2.1949522709664246	dp_scale	-0.017284428937060736	-0.005221090867751568	0.004347724243899684
log-power-percpmusd.mapjitter.klw	Risky second	28.0	2.256031999116908	dp_scale	-0.018687545525719863	-0.006037955639645577	0.003993301329867775
log-power-percpmusd.mapjitter.klw	Risky second	28.0	2.3188114148826	dp_scale	-0.019890665519620807	-0.0068006803176544105	0.0037726857515455185
log-power-percpmusd.mapjitter.klw	Risky second	28.0	2.3833378160835275	dp_scale	-0.020988724307374352	-0.007445238608232076	0.0035541577691516387
log-power-percpmusd.mapjitter.klw	Risky second	28.0	2.4496598167132055	dp_scale	-0.021954078545497954	-0.007994334489669325	0.0034015000752937227
log-power-percpmusd.mapjitter.klw	Risky second	28.0	2.5178273835642724	dp_scale	-0.022766466231340248	-0.008467733015189981	0.003301952591632851
log-power-percpmusd.mapjitter.klw	Risky second	28.0	2.58789187387332	dp_scale	-0.023409964168114757	-0.00885916305125128	0.0032141321435567565
log-power-percpmusd.mapjitter.klw	Risky second	28.0	2.659906074013276	dp_scale	-0.024025283458235226	-0.009160904478208087	0.0031849973991283395
log-power-percpmusd.mapjitter.klw	Risky second	28.0	2.7339242392624983	dp_scale	-0.024437856795104424	-0.009409576997310237	0.003251212698007839
log-power-percpmusd.mapjitter.klw	Risky second	28.0	2.8100021346805373	dp_scale	-0.02482475686675311	-0.009579294750223632	0.0033258847801100944
log-power-percpmusd.mapjitter.klw	Risky second	28.0	2.8881970771213568	dp_scale	-0.025083887258417883	-0.009715022164563963	0.003398610593243712
log-power-percpmusd.mapjitter.klw	Risky second	28.0	2.9685679784156793	dp_scale	-0.025220705944046302	-0.009798284179944449	0.0034730119016031973
log-power-percpmusd.mapjitter.klw	Risky second	28.0	3.051175389754982	dp_scale	-0.025322642636324277	-0.00983091298330756	0.003501452577752046
log-power-percpmusd.mapjitter.klw	Risky second	28.0	3.1360815473105736	dp_scale	-0.025334995341205348	-0.009803054742017604	0.0035789144023727977
log-power-percpmusd.mapjitter.klw	Risky second	28.0	3.2233504191221405	dp_scale	-0.02524728166795537	-0.009736566696293452	0.0036635626658673543
log-power-percpmusd.mapjitter.klw	Risky second	28.0	3.31304775329107	dp_scale	-0.025075538045554093	-0.00963774658300718	0.0037452432336054905
log-power-percpmusd.mapjitter.klw	Risky second	28.0	3.40524112751487	dp_scale	-0.024830067886030257	-0.009497758414396946	0.00383604191955634
log-power-percpmusd.mapjitter.klw	Risky second	28.0	3.5000000000000004	dp_scale	-0.02461692623265095	-0.00934217617655934	0.003974191058764149
log-power-percpmusd.mapjitter.klw	Risky second	28.0	1.2	dp_interaction	-0.00991304907622702	-0.0033229608009761984	0.0007936001381635254
log-power-percpmusd.mapjitter.klw	Risky second	28.0	1.233392832614218	dp_interaction	-0.010223279775192226	-0.0035183449195620607	0.0007052653575732522
log-power-percpmusd.mapjitter.klw	Risky second	28.0	1.267714899620104	dp_interaction	-0.01044548231936582	-0.0036605667243456083	0.0006309004912782936
log-power-percpmusd.mapjitter.klw	Risky second	28.0	1.3029920591580744	dp_interaction	-0.01058758308487502	-0.0037428716147011867	0.000608101992423426
log-power-percpmusd.mapjitter.klw	Risky second	28.0	1.339250888932342	dp_interaction	-0.010711998388053114	-0.003771895298559203	0.0006263329904448384
log-power-percpmusd.mapjitter.klw	Risky second	28.0	1.3765187062344757	dp_interaction	-0.010755847022056135	-0.003758907566151615	0.0006826814769029316
log-power-percpmusd.mapjitter.klw	Risky second	28.0	1.4148235885241658	dp_interaction	-0.010644137138497727	-0.003693498382121634	0.0008007522398076156
log-power-percpmusd.mapjitter.klw	Risky second	28.0	1.454194394582695	dp_interaction	-0.010484619201762184	-0.003562851031306464	0.00095983919303758
log-power-percpmusd.mapjitter.klw	Risky second	28.0	1.4946607862550567	dp_interaction	-0.0102300815444949	-0.0033872602743919506	0.0011861964355369663
log-power-percpmusd.mapjitter.klw	Risky second	28.0	1.5362532507970992	dp_interaction	-0.009845120737995676	-0.003154987382322941	0.001463484079033073
log-power-percpmusd.mapjitter.klw	Risky second	28.0	1.579003123844529	dp_interaction	-0.009427055839770606	-0.002860569936956942	0.0017914518725808454
log-power-percpmusd.mapjitter.klw	Risky second	28.0	1.6229426130210856	dp_interaction	-0.008936259779053402	-0.002522636427974223	0.0021893553368161835
log-power-percpmusd.mapjitter.klw	Risky second	28.0	1.6681048222036647	dp_interaction	-0.008334151680939731	-0.002151978535846843	0.0026465802136072876
log-power-percpmusd.mapjitter.klw	Risky second	28.0	1.714523776462679	dp_interaction	-0.007726861884165703	-0.001743257172206071	0.0031858000190357794
log-power-percpmusd.mapjitter.klw	Risky second	28.0	1.7622344476964418	dp_interaction	-0.007092117689374818	-0.001309147708970059	0.0038024567265729364
log-power-percpmusd.mapjitter.klw	Risky second	28.0	1.8112727809788889	dp_interaction	-0.006464263603083438	-0.0008478404827853496	0.004466967121441937
log-power-percpmusd.mapjitter.klw	Risky second	28.0	1.861675721640487	dp_interaction	-0.00581753758468605	-0.00035971866870680556	0.005112568713360694
log-power-percpmusd.mapjitter.klw	Risky second	28.0	1.9134812431027324	dp_interaction	-0.005161603560836973	0.00012646156969991734	0.0058347386626057055
log-power-percpmusd.mapjitter.klw	Risky second	28.0	1.9667283754872122	dp_interaction	-0.004570321003376778	0.0006165177075557773	0.006586707626326691
log-power-percpmusd.mapjitter.klw	Risky second	28.0	2.021457235020777	dp_interaction	-0.004000566545160998	0.0011192688705895508	0.007378896979296724
log-power-percpmusd.mapjitter.klw	Risky second	28.0	2.0777090542589844	dp_interaction	-0.0034441266856871772	0.0016034880937637348	0.00815358876172218
log-power-percpmusd.mapjitter.klw	Risky second	28.0	2.1355262131505808	dp_interaction	-0.003008382267806399	0.002068392092058976	0.008894466536090632
log-power-percpmusd.mapjitter.klw	Risky second	28.0	2.1949522709664246	dp_interaction	-0.002636823127086132	0.002514094478478241	0.009628021862206158
log-power-percpmusd.mapjitter.klw	Risky second	28.0	2.256031999116908	dp_interaction	-0.002325251596881979	0.0029498213065167	0.010311460917611778
log-power-percpmusd.mapjitter.klw	Risky second	28.0	2.3188114148826	dp_interaction	-0.0020707075385056222	0.0033493453143155624	0.010982692126332634
log-power-percpmusd.mapjitter.klw	Risky second	28.0	2.3833378160835275	dp_interaction	-0.001830501766458085	0.003697862284690655	0.011671522311594067
log-power-percpmusd.mapjitter.klw	Risky second	28.0	2.4496598167132055	dp_interaction	-0.00164626944023705	0.004026762527600921	0.012323397559756148
log-power-percpmusd.mapjitter.klw	Risky second	28.0	2.5178273835642724	dp_interaction	-0.0015074693942133722	0.004309699961291319	0.012913104176271535
log-power-percpmusd.mapjitter.klw	Risky second	28.0	2.58789187387332	dp_interaction	-0.0013946571790189476	0.004573590230782527	0.013475035943705383
log-power-percpmusd.mapjitter.klw	Risky second	28.0	2.659906074013276	dp_interaction	-0.0013136195210047964	0.004804433398770435	0.013982433211309379
log-power-percpmusd.mapjitter.klw	Risky second	28.0	2.7339242392624983	dp_interaction	-0.0012542666489741166	0.004985557733086339	0.01446222661362447
log-power-percpmusd.mapjitter.klw	Risky second	28.0	2.8100021346805373	dp_interaction	-0.0012255394062906213	0.005127438351988237	0.014861435370659554
log-power-percpmusd.mapjitter.klw	Risky second	28.0	2.8881970771213568	dp_interaction	-0.0012303811686182847	0.0052330276927620295	0.015236509035494769
log-power-percpmusd.mapjitter.klw	Risky second	28.0	2.9685679784156793	dp_interaction	-0.0012612656276936977	0.005308770027369278	0.015588869919454825
log-power-percpmusd.mapjitter.klw	Risky second	28.0	3.051175389754982	dp_interaction	-0.001310503657574821	0.005369670015933229	0.01593482929452273
log-power-percpmusd.mapjitter.klw	Risky second	28.0	3.1360815473105736	dp_interaction	-0.00135365872685597	0.005402356860780102	0.016215378260475567
log-power-percpmusd.mapjitter.klw	Risky second	28.0	3.2233504191221405	dp_interaction	-0.001420659019623743	0.005404930087759017	0.016461176503139698
log-power-percpmusd.mapjitter.klw	Risky second	28.0	3.31304775329107	dp_interaction	-0.001514263159184587	0.005393316036677042	0.01663930481912144
log-power-percpmusd.mapjitter.klw	Risky second	28.0	3.40524112751487	dp_interaction	-0.001635658972514587	0.005369183063119497	0.016826430969583042
log-power-percpmusd.mapjitter.klw	Risky second	28.0	3.5000000000000004	dp_interaction	-0.0017598744396427528	0.005301174950228212	0.016984903596034447
log-power-percpmusd.mapjitter.klw	Risky second	28.0	1.2	num_shift	0.00585405204896852	0.04613120168262287	0.08880595347305817
log-power-percpmusd.mapjitter.klw	Risky second	28.0	1.233392832614218	num_shift	0.006047552096508691	0.04591040943155522	0.087998338010896
log-power-percpmusd.mapjitter.klw	Risky second	28.0	1.267714899620104	num_shift	0.0064297540774170305	0.0457059087688718	0.08725135061298027
log-power-percpmusd.mapjitter.klw	Risky second	28.0	1.3029920591580744	num_shift	0.006751645084127221	0.045547571734094336	0.08652603271151736
log-power-percpmusd.mapjitter.klw	Risky second	28.0	1.339250888932342	num_shift	0.007218409636032607	0.045394972459341335	0.0859226201185543
log-power-percpmusd.mapjitter.klw	Risky second	28.0	1.3765187062344757	num_shift	0.007619591795407457	0.04535010352531145	0.08523697922577617
log-power-percpmusd.mapjitter.klw	Risky second	28.0	1.4148235885241658	num_shift	0.007987199994426823	0.045239364923917266	0.08450249605492154
log-power-percpmusd.mapjitter.klw	Risky second	28.0	1.454194394582695	num_shift	0.008294874147073536	0.04523229245782761	0.08389093006483972
log-power-percpmusd.mapjitter.klw	Risky second	28.0	1.4946607862550567	num_shift	0.00872259746004996	0.04525253534149445	0.08327447415410455
log-power-percpmusd.mapjitter.klw	Risky second	28.0	1.5362532507970992	num_shift	0.009151593390521205	0.04520099146123484	0.08276163372709115
log-power-percpmusd.mapjitter.klw	Risky second	28.0	1.579003123844529	num_shift	0.009676934299557882	0.04524233726726423	0.082226275143001
log-power-percpmusd.mapjitter.klw	Risky second	28.0	1.6229426130210856	num_shift	0.009918727328620218	0.04529843503821492	0.08184065740574048
log-power-percpmusd.mapjitter.klw	Risky second	28.0	1.6681048222036647	num_shift	0.010415411965314827	0.04532874022561066	0.08144668510353888
log-power-percpmusd.mapjitter.klw	Risky second	28.0	1.714523776462679	num_shift	0.010821086101578396	0.0453533473308539	0.08118331872118845
log-power-percpmusd.mapjitter.klw	Risky second	28.0	1.7622344476964418	num_shift	0.011017885800303247	0.04546136314421814	0.0811358989221953
log-power-percpmusd.mapjitter.klw	Risky second	28.0	1.8112727809788889	num_shift	0.011334911451171735	0.045628603172082095	0.08097448891091129
log-power-percpmusd.mapjitter.klw	Risky second	28.0	1.861675721640487	num_shift	0.011809497899258736	0.04572539743317096	0.08097288940347581
log-power-percpmusd.mapjitter.klw	Risky second	28.0	1.9134812431027324	num_shift	0.012010005780953547	0.04589782260148485	0.08118465103905745
log-power-percpmusd.mapjitter.klw	Risky second	28.0	1.9667283754872122	num_shift	0.012446604746806901	0.046143853252128934	0.08114557283187374
log-power-percpmusd.mapjitter.klw	Risky second	28.0	2.021457235020777	num_shift	0.012627560219639861	0.04641503682260205	0.08154354713413416
log-power-percpmusd.mapjitter.klw	Risky second	28.0	2.0777090542589844	num_shift	0.012690088230687147	0.04673336951769651	0.08212492170136709
log-power-percpmusd.mapjitter.klw	Risky second	28.0	2.1355262131505808	num_shift	0.012810833780729915	0.04707756983470535	0.08275726359169916
log-power-percpmusd.mapjitter.klw	Risky second	28.0	2.1949522709664246	num_shift	0.012791682829357729	0.04748609792068495	0.08348829938828084
log-power-percpmusd.mapjitter.klw	Risky second	28.0	2.256031999116908	num_shift	0.012700344896069709	0.04777019005158503	0.08449355357553687
log-power-percpmusd.mapjitter.klw	Risky second	28.0	2.3188114148826	num_shift	0.012441531100640646	0.04820709352791137	0.08526089176657377
log-power-percpmusd.mapjitter.klw	Risky second	28.0	2.3833378160835275	num_shift	0.01218509550487641	0.04865457101777971	0.08657808467667409
log-power-percpmusd.mapjitter.klw	Risky second	28.0	2.4496598167132055	num_shift	0.011913436917554344	0.049157819848774514	0.08807122384711215
log-power-percpmusd.mapjitter.klw	Risky second	28.0	2.5178273835642724	num_shift	0.011446926688208833	0.049612817433700045	0.08978375777712168
log-power-percpmusd.mapjitter.klw	Risky second	28.0	2.58789187387332	num_shift	0.011159464051295628	0.05012176051528908	0.09131711277305828
log-power-percpmusd.mapjitter.klw	Risky second	28.0	2.659906074013276	num_shift	0.010408055930962092	0.0507065560668421	0.09317785668001181
log-power-percpmusd.mapjitter.klw	Risky second	28.0	2.7339242392624983	num_shift	0.00960112256567964	0.051303000871199045	0.09518835309799364
log-power-percpmusd.mapjitter.klw	Risky second	28.0	2.8100021346805373	num_shift	0.008803263470662376	0.05195576595295401	0.0972720241620144
log-power-percpmusd.mapjitter.klw	Risky second	28.0	2.8881970771213568	num_shift	0.00795318610998389	0.052590755122594965	0.09953961334587866
log-power-percpmusd.mapjitter.klw	Risky second	28.0	2.9685679784156793	num_shift	0.007139546102347059	0.053246110046507276	0.10186782409118124
log-power-percpmusd.mapjitter.klw	Risky second	28.0	3.051175389754982	num_shift	0.0059609026875585116	0.05396197745010725	0.10411810629148141
log-power-percpmusd.mapjitter.klw	Risky second	28.0	3.1360815473105736	num_shift	0.0046647292640032735	0.054638000541286674	0.10671522357510108
log-power-percpmusd.mapjitter.klw	Risky second	28.0	3.2233504191221405	num_shift	0.003245298942224745	0.05529484988941322	0.10944951002289952
log-power-percpmusd.mapjitter.klw	Risky second	28.0	3.31304775329107	num_shift	0.0019425013172325912	0.05611499994118031	0.11200005394293241
log-power-percpmusd.mapjitter.klw	Risky second	28.0	3.40524112751487	num_shift	0.0004646320569812579	0.05685457075462136	0.11493311603489613
log-power-percpmusd.mapjitter.klw	Risky second	28.0	3.5000000000000004	num_shift	-0.0010251736462064001	0.057713783186465625	0.11780454076121004
log-power-percpmusd.mapjitter.klw	Risky second	28.0	1.2	den_ratio	0.9906664606833538	1.0872403546798128	1.193196216709514
log-power-percpmusd.mapjitter.klw	Risky second	28.0	1.233392832614218	den_ratio	0.9897131207700746	1.086738690365027	1.1928708700113035
log-power-percpmusd.mapjitter.klw	Risky second	28.0	1.267714899620104	den_ratio	0.9889684913056955	1.08631015305396	1.1924068051082943
log-power-percpmusd.mapjitter.klw	Risky second	28.0	1.3029920591580744	den_ratio	0.9884604197538992	1.0859118316990128	1.1923084847587635
log-power-percpmusd.mapjitter.klw	Risky second	28.0	1.339250888932342	den_ratio	0.9877365459089067	1.0853828051121355	1.1922167418448548
log-power-percpmusd.mapjitter.klw	Risky second	28.0	1.3765187062344757	den_ratio	0.9869313540071204	1.084960234569076	1.1919180908796194
log-power-percpmusd.mapjitter.klw	Risky second	28.0	1.4148235885241658	den_ratio	0.9859529213836977	1.0845130120357842	1.1918576697419756
log-power-percpmusd.mapjitter.klw	Risky second	28.0	1.454194394582695	den_ratio	0.9848811146042367	1.084036346225115	1.1916878117118739
log-power-percpmusd.mapjitter.klw	Risky second	28.0	1.4946607862550567	den_ratio	0.9840253000053004	1.083668967012483	1.1916156034943794
log-power-percpmusd.mapjitter.klw	Risky second	28.0	1.5362532507970992	den_ratio	0.9832622467441139	1.0831874606405687	1.1916412262267786
log-power-percpmusd.mapjitter.klw	Risky second	28.0	1.579003123844529	den_ratio	0.9821005455847724	1.082677251964311	1.1914248604727469
log-power-percpmusd.mapjitter.klw	Risky second	28.0	1.6229426130210856	den_ratio	0.9812248370877483	1.082227777291733	1.1913602478641818
log-power-percpmusd.mapjitter.klw	Risky second	28.0	1.6681048222036647	den_ratio	0.980419123635832	1.0817080040925724	1.1914921481047733
log-power-percpmusd.mapjitter.klw	Risky second	28.0	1.714523776462679	den_ratio	0.9792971288210801	1.0812548190592568	1.1913732373859964
log-power-percpmusd.mapjitter.klw	Risky second	28.0	1.7622344476964418	den_ratio	0.9780025326283223	1.0806852701175118	1.1912051282523943
log-power-percpmusd.mapjitter.klw	Risky second	28.0	1.8112727809788889	den_ratio	0.9769503559435032	1.0803108798629695	1.1912061858848362
log-power-percpmusd.mapjitter.klw	Risky second	28.0	1.861675721640487	den_ratio	0.9760048701837345	1.0796337844858113	1.1911326113563725
log-power-percpmusd.mapjitter.klw	Risky second	28.0	1.9134812431027324	den_ratio	0.97509194430847	1.079096172651571	1.1910662839458177
log-power-percpmusd.mapjitter.klw	Risky second	28.0	1.9667283754872122	den_ratio	0.9739473298979069	1.0785859727734057	1.1909601788555477
log-power-percpmusd.mapjitter.klw	Risky second	28.0	2.021457235020777	den_ratio	0.9730724765468953	1.0780613197177387	1.1909519736370557
log-power-percpmusd.mapjitter.klw	Risky second	28.0	2.0777090542589844	den_ratio	0.9721064177406782	1.0775139439763284	1.1910943022585108
log-power-percpmusd.mapjitter.klw	Risky second	28.0	2.1355262131505808	den_ratio	0.9711796726405933	1.0768688883521296	1.1911915941189104
log-power-percpmusd.mapjitter.klw	Risky second	28.0	2.1949522709664246	den_ratio	0.969957843120128	1.0762399976556294	1.191179340032417
log-power-percpmusd.mapjitter.klw	Risky second	28.0	2.256031999116908	den_ratio	0.9686889294937673	1.0757147657141641	1.1914527569216005
log-power-percpmusd.mapjitter.klw	Risky second	28.0	2.3188114148826	den_ratio	0.9674207167951614	1.0751470678142923	1.1912583461589263
log-power-percpmusd.mapjitter.klw	Risky second	28.0	2.3833378160835275	den_ratio	0.9660232538854414	1.0744795193775394	1.1913398710828855
log-power-percpmusd.mapjitter.klw	Risky second	28.0	2.4496598167132055	den_ratio	0.964825756999671	1.0738793621269043	1.1915077462220685
log-power-percpmusd.mapjitter.klw	Risky second	28.0	2.5178273835642724	den_ratio	0.9633416041287289	1.0732070897585582	1.1917227675979156
log-power-percpmusd.mapjitter.klw	Risky second	28.0	2.58789187387332	den_ratio	0.96201738464733	1.0725001242301915	1.1921195823979194
log-power-percpmusd.mapjitter.klw	Risky second	28.0	2.659906074013276	den_ratio	0.96056580966618	1.071833683653186	1.1925033539284933
log-power-percpmusd.mapjitter.klw	Risky second	28.0	2.7339242392624983	den_ratio	0.9589711197089053	1.0710399523862777	1.1926179728755657
log-power-percpmusd.mapjitter.klw	Risky second	28.0	2.8100021346805373	den_ratio	0.9575748184643367	1.0703297010684831	1.1929112263835555
log-power-percpmusd.mapjitter.klw	Risky second	28.0	2.8881970771213568	den_ratio	0.9563345435915879	1.069835855214297	1.1931531796524726
log-power-percpmusd.mapjitter.klw	Risky second	28.0	2.9685679784156793	den_ratio	0.954797355429747	1.0691751431282772	1.1934143357193283
log-power-percpmusd.mapjitter.klw	Risky second	28.0	3.051175389754982	den_ratio	0.953512976588611	1.0685353155860935	1.193794005719806
log-power-percpmusd.mapjitter.klw	Risky second	28.0	3.1360815473105736	den_ratio	0.9523960666581694	1.0679041835110248	1.1940997088096508
log-power-percpmusd.mapjitter.klw	Risky second	28.0	3.2233504191221405	den_ratio	0.9508619427895587	1.0671064887540653	1.1944091986787975
log-power-percpmusd.mapjitter.klw	Risky second	28.0	3.31304775329107	den_ratio	0.9491303328307987	1.0664987335952631	1.1946390903246424
log-power-percpmusd.mapjitter.klw	Risky second	28.0	3.40524112751487	den_ratio	0.9474447314247185	1.0657741716341425	1.1948397587240045
log-power-percpmusd.mapjitter.klw	Risky second	28.0	3.5000000000000004	den_ratio	0.9459039126218598	1.06502248736746	1.1951186446787703
