label	order	n_safe	ratio	quantity	lo	mid	hi
log-power-n1n2psd.pathfinder.klw	Risky first	7.0	1.2	p_vertex	0.15678985698540696	0.2061585805712624	0.25823161919266835
log-power-n1n2psd.pathfinder.klw	Risky first	7.0	1.233392832614218	p_vertex	0.1743982011165588	0.2232280979114568	0.2751217513177741
log-power-n1n2psd.pathfinder.klw	Risky first	7.0	1.267714899620104	p_vertex	0.19276114750724813	0.2415352940409104	0.29319245485827194
log-power-n1n2psd.pathfinder.klw	Risky first	7.0	1.3029920591580744	p_vertex	0.2125673704589243	0.2611677751052073	0.31243188588159704
log-power-n1n2psd.pathfinder.klw	Risky first	7.0	1.339250888932342	p_vertex	0.2340349608199486	0.2821728865824088	0.3326652274328517
log-power-n1n2psd.pathfinder.klw	Risky first	7.0	1.3765187062344757	p_vertex	0.2569961685997983	0.304382113460809	0.3544267391046026
log-power-n1n2psd.pathfinder.klw	Risky first	7.0	1.4148235885241658	p_vertex	0.2814928116379517	0.32782026959915844	0.37760356297336045
log-power-n1n2psd.pathfinder.klw	Risky first	7.0	1.454194394582695	p_vertex	0.30655263535848226	0.3522970595836131	0.40125740128510207
log-power-n1n2psd.pathfinder.klw	Risky first	7.0	1.4946607862550567	p_vertex	0.3330941700083063	0.37782184099546745	0.4256945665073306
log-power-n1n2psd.pathfinder.klw	Risky first	7.0	1.5362532507970992	p_vertex	0.3606352197100156	0.4040256553126831	0.45031940333667375
log-power-n1n2psd.pathfinder.klw	Risky first	7.0	1.579003123844529	p_vertex	0.3884217042135055	0.431051087501248	0.47546570850762776
log-power-n1n2psd.pathfinder.klw	Risky first	7.0	1.6229426130210856	p_vertex	0.4168654550995198	0.4582218437764448	0.501231283378532
log-power-n1n2psd.pathfinder.klw	Risky first	7.0	1.6681048222036647	p_vertex	0.4461266590640043	0.48571569282690596	0.527318076313335
log-power-n1n2psd.pathfinder.klw	Risky first	7.0	1.714523776462679	p_vertex	0.47506051226563595	0.5133687274079961	0.5533096423684617
log-power-n1n2psd.pathfinder.klw	Risky first	7.0	1.7622344476964418	p_vertex	0.5037514660048323	0.5407509215682849	0.5791183140520649
log-power-n1n2psd.pathfinder.klw	Risky first	7.0	1.8112727809788889	p_vertex	0.5320936519815699	0.5678759724781182	0.6045080020556719
log-power-n1n2psd.pathfinder.klw	Risky first	7.0	1.861675721640487	p_vertex	0.5594856312207066	0.594305442587612	0.6297742375697498
log-power-n1n2psd.pathfinder.klw	Risky first	7.0	1.9134812431027324	p_vertex	0.5861990756052115	0.6200575142554783	0.6538394128527444
log-power-n1n2psd.pathfinder.klw	Risky first	7.0	1.9667283754872122	p_vertex	0.6121227096028863	0.6448644771115359	0.6774396784388375
log-power-n1n2psd.pathfinder.klw	Risky first	7.0	2.021457235020777	p_vertex	0.6369175024311405	0.668846848463267	0.6999737613273521
log-power-n1n2psd.pathfinder.klw	Risky first	7.0	2.0777090542589844	p_vertex	0.6605934265743898	0.6917338179354091	0.7214050948325893
log-power-n1n2psd.pathfinder.klw	Risky first	7.0	2.1355262131505808	p_vertex	0.6831210029741845	0.7132610594381212	0.7418723461975401
log-power-n1n2psd.pathfinder.klw	Risky first	7.0	2.1949522709664246	p_vertex	0.7046400721389473	0.7337816137873092	0.7610656438135508
log-power-n1n2psd.pathfinder.klw	Risky first	7.0	2.256031999116908	p_vertex	0.7249460332433546	0.7530666879983756	0.7794539007998699
log-power-n1n2psd.pathfinder.klw	Risky first	7.0	2.3188114148826	p_vertex	0.7437314174883721	0.7711209613173227	0.7962366156042395
log-power-n1n2psd.pathfinder.klw	Risky first	7.0	2.3833378160835275	p_vertex	0.7613062919318768	0.7879004244719334	0.8123263443634061
log-power-n1n2psd.pathfinder.klw	Risky first	7.0	2.4496598167132055	p_vertex	0.7778214713359133	0.803713359149818	0.8271670335857342
log-power-n1n2psd.pathfinder.klw	Risky first	7.0	2.5178273835642724	p_vertex	0.7932652482691942	0.8183780308710603	0.8408063155744359
log-power-n1n2psd.pathfinder.klw	Risky first	7.0	2.58789187387332	p_vertex	0.8077462598767093	0.831988892255006	0.8535548421911262
log-power-n1n2psd.pathfinder.klw	Risky first	7.0	2.659906074013276	p_vertex	0.8214297613316786	0.8445209541992522	0.8654901637654999
log-power-n1n2psd.pathfinder.klw	Risky first	7.0	2.7339242392624983	p_vertex	0.8340994110809079	0.8562092136874568	0.876065107720776
log-power-n1n2psd.pathfinder.klw	Risky first	7.0	2.8100021346805373	p_vertex	0.8456041901798679	0.8669269948210301	0.8859010619176422
log-power-n1n2psd.pathfinder.klw	Risky first	7.0	2.8881970771213568	p_vertex	0.8562647641397183	0.8768055980216771	0.8946790720154698
log-power-n1n2psd.pathfinder.klw	Risky first	7.0	2.9685679784156793	p_vertex	0.8662184125662282	0.8858719894899847	0.9030374575529762
log-power-n1n2psd.pathfinder.klw	Risky first	7.0	3.051175389754982	p_vertex	0.8751307807525877	0.8941705503142348	0.9105824973698302
log-power-n1n2psd.pathfinder.klw	Risky first	7.0	3.1360815473105736	p_vertex	0.8836189695930562	0.9017641437543986	0.9174100741921338
log-power-n1n2psd.pathfinder.klw	Risky first	7.0	3.2233504191221405	p_vertex	0.8913055344055112	0.9087936612439504	0.923790974693649
log-power-n1n2psd.pathfinder.klw	Risky first	7.0	3.31304775329107	p_vertex	0.8982962028360167	0.9152286917725163	0.9295584961903216
log-power-n1n2psd.pathfinder.klw	Risky first	7.0	3.40524112751487	p_vertex	0.9048223698081903	0.9210756066064238	0.9348034594033816
log-power-n1n2psd.pathfinder.klw	Risky first	7.0	3.5000000000000004	p_vertex	0.9109067278710206	0.9264774952039636	0.9396919626050901
log-power-n1n2psd.pathfinder.klw	Risky first	7.0	1.2	p_full	0.15812766304580533	0.2066212605109078	0.2605069519979764
log-power-n1n2psd.pathfinder.klw	Risky first	7.0	1.233392832614218	p_full	0.17536444423833636	0.22418388663595365	0.2778313103012969
log-power-n1n2psd.pathfinder.klw	Risky first	7.0	1.267714899620104	p_full	0.19401211816812675	0.24279886030549963	0.29594418757111596
log-power-n1n2psd.pathfinder.klw	Risky first	7.0	1.3029920591580744	p_full	0.21356751299566037	0.2623844040336327	0.3152250180228284
log-power-n1n2psd.pathfinder.klw	Risky first	7.0	1.339250888932342	p_full	0.23455867787156273	0.2830593766916727	0.3349996035622161
log-power-n1n2psd.pathfinder.klw	Risky first	7.0	1.3765187062344757	p_full	0.25674010393487845	0.3046777363122486	0.3555211001635196
log-power-n1n2psd.pathfinder.klw	Risky first	7.0	1.4148235885241658	p_full	0.28011508392104467	0.3271921214435468	0.37702994374038634
log-power-n1n2psd.pathfinder.klw	Risky first	7.0	1.454194394582695	p_full	0.3045573238036472	0.3504893305641652	0.3987783599119484
log-power-n1n2psd.pathfinder.klw	Risky first	7.0	1.4946607862550567	p_full	0.3294620391107289	0.3744564447857686	0.4214734437463372
log-power-n1n2psd.pathfinder.klw	Risky first	7.0	1.5362532507970992	p_full	0.3546431266092821	0.39901633568687433	0.44441504982749264
log-power-n1n2psd.pathfinder.klw	Risky first	7.0	1.579003123844529	p_full	0.38066607127187146	0.42407274346560087	0.46788379942387065
log-power-n1n2psd.pathfinder.klw	Risky first	7.0	1.6229426130210856	p_full	0.40733613920353595	0.4492958842188549	0.49122883792166516
log-power-n1n2psd.pathfinder.klw	Risky first	7.0	1.6681048222036647	p_full	0.4346335462841131	0.47456729986548163	0.5154275730352026
log-power-n1n2psd.pathfinder.klw	Risky first	7.0	1.714523776462679	p_full	0.4614697072368996	0.49995464713449045	0.5389533312126629
log-power-n1n2psd.pathfinder.klw	Risky first	7.0	1.7622344476964418	p_full	0.4883025970554336	0.5253704536468653	0.5625085590143387
log-power-n1n2psd.pathfinder.klw	Risky first	7.0	1.8112727809788889	p_full	0.5147639237151528	0.5504886960464705	0.5861266500318941
log-power-n1n2psd.pathfinder.klw	Risky first	7.0	1.861675721640487	p_full	0.5406031216268177	0.5750795962350345	0.6095121182649436
log-power-n1n2psd.pathfinder.klw	Risky first	7.0	1.9134812431027324	p_full	0.5655094970581582	0.5992148984011775	0.6321532420416283
log-power-n1n2psd.pathfinder.klw	Risky first	7.0	1.9667283754872122	p_full	0.5902827509591171	0.6227369016195552	0.6543856289787293
log-power-n1n2psd.pathfinder.klw	Risky first	7.0	2.021457235020777	p_full	0.614065594225544	0.645542442010538	0.6759712002554479
log-power-n1n2psd.pathfinder.klw	Risky first	7.0	2.0777090542589844	p_full	0.63681368842828	0.6675572030088952	0.6971847198018041
log-power-n1n2psd.pathfinder.klw	Risky first	7.0	2.1355262131505808	p_full	0.658596003667356	0.6885068177844831	0.7172924277986177
log-power-n1n2psd.pathfinder.klw	Risky first	7.0	2.1949522709664246	p_full	0.6794922248479284	0.7086993246656763	0.7365820343706496
log-power-n1n2psd.pathfinder.klw	Risky first	7.0	2.256031999116908	p_full	0.699612508729338	0.727969912955566	0.754886569174074
log-power-n1n2psd.pathfinder.klw	Risky first	7.0	2.3188114148826	p_full	0.7188562559030524	0.7461649910716462	0.772122612763611
log-power-n1n2psd.pathfinder.klw	Risky first	7.0	2.3833378160835275	p_full	0.7367849653350329	0.7634706526171089	0.7884691346400736
log-power-n1n2psd.pathfinder.klw	Risky first	7.0	2.4496598167132055	p_full	0.7537962279562773	0.7797551329703558	0.804110207008487
log-power-n1n2psd.pathfinder.klw	Risky first	7.0	2.5178273835642724	p_full	0.7699562267402699	0.7950912900558198	0.818373591487392
log-power-n1n2psd.pathfinder.klw	Risky first	7.0	2.58789187387332	p_full	0.7848377880926672	0.8094278878791243	0.8320206068320719
log-power-n1n2psd.pathfinder.klw	Risky first	7.0	2.659906074013276	p_full	0.7989621122545226	0.8228502320728919	0.8443612460638377
log-power-n1n2psd.pathfinder.klw	Risky first	7.0	2.7339242392624983	p_full	0.8121343727009416	0.8353234081172897	0.8561356751837261
log-power-n1n2psd.pathfinder.klw	Risky first	7.0	2.8100021346805373	p_full	0.8244352402076621	0.8469133461468976	0.8669351489027705
log-power-n1n2psd.pathfinder.klw	Risky first	7.0	2.8881970771213568	p_full	0.8360714081255624	0.857793002239255	0.8769052649271576
log-power-n1n2psd.pathfinder.klw	Risky first	7.0	2.9685679784156793	p_full	0.8467019294892522	0.867839521743575	0.8861684752612725
log-power-n1n2psd.pathfinder.klw	Risky first	7.0	3.051175389754982	p_full	0.8566379699673053	0.8771041380196831	0.8946322659201172
log-power-n1n2psd.pathfinder.klw	Risky first	7.0	3.1360815473105736	p_full	0.8658131033901535	0.8857056171551123	0.9025223910237581
log-power-n1n2psd.pathfinder.klw	Risky first	7.0	3.2233504191221405	p_full	0.8744523131746855	0.8936702301681123	0.9097295724594869
log-power-n1n2psd.pathfinder.klw	Risky first	7.0	3.31304775329107	p_full	0.8824684103485373	0.9009644117109916	0.9164279891492167
log-power-n1n2psd.pathfinder.klw	Risky first	7.0	3.40524112751487	p_full	0.8900428314372367	0.9077081541806615	0.9224760231684342
log-power-n1n2psd.pathfinder.klw	Risky first	7.0	3.5000000000000004	p_full	0.8970597242338276	0.9139179687598569	0.9281229705604523
log-power-n1n2psd.pathfinder.klw	Risky first	7.0	1.2	p_bias_only	0.14998772420414364	0.19525285319074592	0.24715861196248348
log-power-n1n2psd.pathfinder.klw	Risky first	7.0	1.233392832614218	p_bias_only	0.1664913201184449	0.2122918532614087	0.26369246154897036
log-power-n1n2psd.pathfinder.klw	Risky first	7.0	1.267714899620104	p_bias_only	0.1842678511293534	0.23065648074036127	0.28194871250019343
log-power-n1n2psd.pathfinder.klw	Risky first	7.0	1.3029920591580744	p_bias_only	0.20337556892210296	0.25003602774702016	0.30143947673929733
log-power-n1n2psd.pathfinder.klw	Risky first	7.0	1.339250888932342	p_bias_only	0.22373050251811316	0.270736952025277	0.32193514074302915
log-power-n1n2psd.pathfinder.klw	Risky first	7.0	1.3765187062344757	p_bias_only	0.2455469593269891	0.2925001828222037	0.34338272782645707
log-power-n1n2psd.pathfinder.klw	Risky first	7.0	1.4148235885241658	p_bias_only	0.26842942526376384	0.31555025776597256	0.36602546189632446
log-power-n1n2psd.pathfinder.klw	Risky first	7.0	1.454194394582695	p_bias_only	0.29308392546353584	0.3394077265668055	0.3891758648356196
log-power-n1n2psd.pathfinder.klw	Risky first	7.0	1.4946607862550567	p_bias_only	0.31846682413030125	0.3643557976624503	0.4132621790231589
log-power-n1n2psd.pathfinder.klw	Risky first	7.0	1.5362532507970992	p_bias_only	0.3447089456932668	0.3901549584107311	0.4380152986463176
log-power-n1n2psd.pathfinder.klw	Risky first	7.0	1.579003123844529	p_bias_only	0.3719775000649299	0.4165045170101921	0.46289762165647996
log-power-n1n2psd.pathfinder.klw	Risky first	7.0	1.6229426130210856	p_bias_only	0.39960372352161533	0.44340881615455907	0.4882597855993252
log-power-n1n2psd.pathfinder.klw	Risky first	7.0	1.6681048222036647	p_bias_only	0.42792031380586454	0.4706325227113444	0.5141064576658542
log-power-n1n2psd.pathfinder.klw	Risky first	7.0	1.714523776462679	p_bias_only	0.4566752576279272	0.49794314719017535	0.5397477806609823
log-power-n1n2psd.pathfinder.klw	Risky first	7.0	1.7622344476964418	p_bias_only	0.4849948674024882	0.5251098310898286	0.5655569617158313
log-power-n1n2psd.pathfinder.klw	Risky first	7.0	1.8112727809788889	p_bias_only	0.5135276232585272	0.5519786676147007	0.5907593526498859
log-power-n1n2psd.pathfinder.klw	Risky first	7.0	1.861675721640487	p_bias_only	0.5404206008781788	0.5783672700200075	0.6157110034789137
log-power-n1n2psd.pathfinder.klw	Risky first	7.0	1.9134812431027324	p_bias_only	0.5674020436951125	0.6041402775802793	0.6399014349570277
log-power-n1n2psd.pathfinder.klw	Risky first	7.0	1.9667283754872122	p_bias_only	0.5936721799673289	0.6289956808175078	0.6634881089275284
log-power-n1n2psd.pathfinder.klw	Risky first	7.0	2.021457235020777	p_bias_only	0.6187577133847746	0.6531475876084625	0.6862604752032709
log-power-n1n2psd.pathfinder.klw	Risky first	7.0	2.0777090542589844	p_bias_only	0.6431532237663731	0.6762656606869224	0.7079727842538874
log-power-n1n2psd.pathfinder.klw	Risky first	7.0	2.1355262131505808	p_bias_only	0.666460227905753	0.6981570129238596	0.7284462299130025
log-power-n1n2psd.pathfinder.klw	Risky first	7.0	2.1949522709664246	p_bias_only	0.68836491219209	0.7191160545893605	0.7480631401695247
log-power-n1n2psd.pathfinder.klw	Risky first	7.0	2.256031999116908	p_bias_only	0.709039870863445	0.7387944421531857	0.7667056500937912
log-power-n1n2psd.pathfinder.klw	Risky first	7.0	2.3188114148826	p_bias_only	0.7287249845998209	0.7574787457451879	0.7843664311934722
log-power-n1n2psd.pathfinder.klw	Risky first	7.0	2.3833378160835275	p_bias_only	0.7474013907781243	0.7749065201287761	0.8006249009971745
log-power-n1n2psd.pathfinder.klw	Risky first	7.0	2.4496598167132055	p_bias_only	0.7649024457397449	0.7913267493136135	0.8159131495037417
log-power-n1n2psd.pathfinder.klw	Risky first	7.0	2.5178273835642724	p_bias_only	0.7812106120172597	0.8066060959270682	0.8305413227080054
log-power-n1n2psd.pathfinder.klw	Risky first	7.0	2.58789187387332	p_bias_only	0.7963021242802762	0.8207861889911549	0.8435942035408845
log-power-n1n2psd.pathfinder.klw	Risky first	7.0	2.659906074013276	p_bias_only	0.8103221618138937	0.8339381251335003	0.8559073646492256
log-power-n1n2psd.pathfinder.klw	Risky first	7.0	2.7339242392624983	p_bias_only	0.8234546388282608	0.8461455301177516	0.867187367145731
log-power-n1n2psd.pathfinder.klw	Risky first	7.0	2.8100021346805373	p_bias_only	0.8354283681102679	0.8573722983863192	0.877450454227425
log-power-n1n2psd.pathfinder.klw	Risky first	7.0	2.8881970771213568	p_bias_only	0.8465808843575173	0.8677362950649923	0.8870089519272988
log-power-n1n2psd.pathfinder.klw	Risky first	7.0	2.9685679784156793	p_bias_only	0.8567730124478508	0.8772830499856343	0.8956430883278044
log-power-n1n2psd.pathfinder.klw	Risky first	7.0	3.051175389754982	p_bias_only	0.8663205425565498	0.8860251368681167	0.9035881445152032
log-power-n1n2psd.pathfinder.klw	Risky first	7.0	3.1360815473105736	p_bias_only	0.8751197496964757	0.8941538851165938	0.9107324346828493
log-power-n1n2psd.pathfinder.klw	Risky first	7.0	3.2233504191221405	p_bias_only	0.8833266654435615	0.9015825196288316	0.9173331104156439
log-power-n1n2psd.pathfinder.klw	Risky first	7.0	3.31304775329107	p_bias_only	0.8909880427406898	0.9083240050516364	0.9232773594585412
log-power-n1n2psd.pathfinder.klw	Risky first	7.0	3.40524112751487	p_bias_only	0.8979898812233688	0.9146261713305647	0.9286102269298937
log-power-n1n2psd.pathfinder.klw	Risky first	7.0	3.5000000000000004	p_bias_only	0.9045598986310798	0.9203045927681011	0.9336697113642405
log-power-n1n2psd.pathfinder.klw	Risky first	7.0	1.2	p_scale_only	0.16976505115674298	0.21617890584752902	0.2690967784539374
log-power-n1n2psd.pathfinder.klw	Risky first	7.0	1.233392832614218	p_scale_only	0.1875421321057261	0.2339589772720636	0.28606670890623564
log-power-n1n2psd.pathfinder.klw	Risky first	7.0	1.267714899620104	p_scale_only	0.2068119431395918	0.25294578062470263	0.30387537357259087
log-power-n1n2psd.pathfinder.klw	Risky first	7.0	1.3029920591580744	p_scale_only	0.22717552167146896	0.2728198986323674	0.32316561966612295
log-power-n1n2psd.pathfinder.klw	Risky first	7.0	1.339250888932342	p_scale_only	0.24873247361554182	0.2937687663930566	0.3430572441161823
log-power-n1n2psd.pathfinder.klw	Risky first	7.0	1.3765187062344757	p_scale_only	0.2711450137878247	0.3158072618717913	0.36393254352164467
log-power-n1n2psd.pathfinder.klw	Risky first	7.0	1.4148235885241658	p_scale_only	0.294583400298331	0.3385775070363209	0.3859139705687165
log-power-n1n2psd.pathfinder.klw	Risky first	7.0	1.454194394582695	p_scale_only	0.31936406893822405	0.3622427270583352	0.408504916189144
log-power-n1n2psd.pathfinder.klw	Risky first	7.0	1.4946607862550567	p_scale_only	0.3449336011263952	0.3867978438896704	0.43143139852870854
log-power-n1n2psd.pathfinder.klw	Risky first	7.0	1.5362532507970992	p_scale_only	0.37119947404605735	0.411602109545977	0.45449097602386485
log-power-n1n2psd.pathfinder.klw	Risky first	7.0	1.579003123844529	p_scale_only	0.39793992582431775	0.4370485936990796	0.47886706004057517
log-power-n1n2psd.pathfinder.klw	Risky first	7.0	1.6229426130210856	p_scale_only	0.4252046271172587	0.46261904325191006	0.5026643230276214
log-power-n1n2psd.pathfinder.klw	Risky first	7.0	1.6681048222036647	p_scale_only	0.45195066377147075	0.4883398386141389	0.52692646833172
log-power-n1n2psd.pathfinder.klw	Risky first	7.0	1.714523776462679	p_scale_only	0.47862346357805907	0.5141244051201663	0.5514204176214783
log-power-n1n2psd.pathfinder.klw	Risky first	7.0	1.7622344476964418	p_scale_only	0.5054627299674448	0.5396772498534985	0.57563192576903
log-power-n1n2psd.pathfinder.klw	Risky first	7.0	1.8112727809788889	p_scale_only	0.5318139641048109	0.5649048303666953	0.5995579793602459
log-power-n1n2psd.pathfinder.klw	Risky first	7.0	1.861675721640487	p_scale_only	0.5576792044411822	0.5896087965132	0.6234894676869172
log-power-n1n2psd.pathfinder.klw	Risky first	7.0	1.9134812431027324	p_scale_only	0.5826572690160551	0.6137298919487173	0.6463874338295388
log-power-n1n2psd.pathfinder.klw	Risky first	7.0	1.9667283754872122	p_scale_only	0.6069723265575336	0.6373447269903335	0.6691364712405197
log-power-n1n2psd.pathfinder.klw	Risky first	7.0	2.021457235020777	p_scale_only	0.630587040565061	0.6599331824453184	0.6909625922374313
log-power-n1n2psd.pathfinder.klw	Risky first	7.0	2.0777090542589844	p_scale_only	0.6534066527428247	0.6816763030589501	0.7115325402416544
log-power-n1n2psd.pathfinder.klw	Risky first	7.0	2.1355262131505808	p_scale_only	0.6749841339005535	0.702366073457764	0.7312545486482617
log-power-n1n2psd.pathfinder.klw	Risky first	7.0	2.1949522709664246	p_scale_only	0.6954429093756934	0.7222485392620854	0.749803538893304
log-power-n1n2psd.pathfinder.klw	Risky first	7.0	2.256031999116908	p_scale_only	0.715130606023192	0.741125482948492	0.7679176295024327
log-power-n1n2psd.pathfinder.klw	Risky first	7.0	2.3188114148826	p_scale_only	0.7334130353163183	0.7590083088022401	0.7850589418394457
log-power-n1n2psd.pathfinder.klw	Risky first	7.0	2.3833378160835275	p_scale_only	0.7509942925198503	0.7758523857616912	0.801216262876106
log-power-n1n2psd.pathfinder.klw	Risky first	7.0	2.4496598167132055	p_scale_only	0.7673049934773081	0.791674827738204	0.8160767816505148
log-power-n1n2psd.pathfinder.klw	Risky first	7.0	2.5178273835642724	p_scale_only	0.7828717503727242	0.8064772192006537	0.8299989692589135
log-power-n1n2psd.pathfinder.klw	Risky first	7.0	2.58789187387332	p_scale_only	0.7972800535401431	0.8202560230592234	0.8430396222166936
log-power-n1n2psd.pathfinder.klw	Risky first	7.0	2.659906074013276	p_scale_only	0.8108030248825645	0.8330663290544791	0.855151903199162
log-power-n1n2psd.pathfinder.klw	Risky first	7.0	2.7339242392624983	p_scale_only	0.8236259718069637	0.8449943908418802	0.866342009012636
log-power-n1n2psd.pathfinder.klw	Risky first	7.0	2.8100021346805373	p_scale_only	0.835540366743922	0.8560450771957389	0.8767427578380602
log-power-n1n2psd.pathfinder.klw	Risky first	7.0	2.8881970771213568	p_scale_only	0.846404246948342	0.8663119202105758	0.8862369968910808
log-power-n1n2psd.pathfinder.klw	Risky first	7.0	2.9685679784156793	p_scale_only	0.8564387500069319	0.8758263240946239	0.8949535342181534
log-power-n1n2psd.pathfinder.klw	Risky first	7.0	3.051175389754982	p_scale_only	0.8656334152748593	0.8845382053235198	0.9028243457511753
log-power-n1n2psd.pathfinder.klw	Risky first	7.0	3.1360815473105736	p_scale_only	0.8744034447185309	0.8925440757466632	0.9098822016379792
log-power-n1n2psd.pathfinder.klw	Risky first	7.0	3.2233504191221405	p_scale_only	0.8825076150319489	0.8999580608438102	0.9164150474696949
log-power-n1n2psd.pathfinder.klw	Risky first	7.0	3.31304775329107	p_scale_only	0.890050691389578	0.9068256798086938	0.9225310890454472
log-power-n1n2psd.pathfinder.klw	Risky first	7.0	3.40524112751487	p_scale_only	0.8969935166407333	0.9131392592966496	0.9281451359642088
log-power-n1n2psd.pathfinder.klw	Risky first	7.0	3.5000000000000004	p_scale_only	0.9032574442488379	0.9189419160665722	0.9333675325003735
log-power-n1n2psd.pathfinder.klw	Risky first	7.0	1.2	dp_full	-0.06035749110713981	0.0012074574987075328	0.05906413746586548
log-power-n1n2psd.pathfinder.klw	Risky first	7.0	1.233392832614218	dp_full	-0.05953664999957461	0.0016886821873520377	0.059785874518405065
log-power-n1n2psd.pathfinder.klw	Risky first	7.0	1.267714899620104	dp_full	-0.05877738630765265	0.0019376935902971704	0.058916210244076346
log-power-n1n2psd.pathfinder.klw	Risky first	7.0	1.3029920591580744	dp_full	-0.05851230612628382	0.0019156061632463256	0.057866511206862425
log-power-n1n2psd.pathfinder.klw	Risky first	7.0	1.339250888932342	dp_full	-0.05827965822487759	0.0016207325278869184	0.05707578291903607
log-power-n1n2psd.pathfinder.klw	Risky first	7.0	1.3765187062344757	dp_full	-0.058680602211471464	0.0009971944488891262	0.05522808634090914
log-power-n1n2psd.pathfinder.klw	Risky first	7.0	1.4148235885241658	dp_full	-0.058722530314948194	9.582029728642527e-05	0.05246107662153537
log-power-n1n2psd.pathfinder.klw	Risky first	7.0	1.454194394582695	dp_full	-0.058779722931592546	-0.0011726023666738744	0.050044992749531635
log-power-n1n2psd.pathfinder.klw	Risky first	7.0	1.4946607862550567	dp_full	-0.05927794594540798	-0.002711844672265241	0.04713053343439739
log-power-n1n2psd.pathfinder.klw	Risky first	7.0	1.5362532507970992	dp_full	-0.06044805202344141	-0.004434629453038471	0.04330622276837284
log-power-n1n2psd.pathfinder.klw	Risky first	7.0	1.579003123844529	dp_full	-0.06008780432134566	-0.006233951212472287	0.03917988679240467
log-power-n1n2psd.pathfinder.klw	Risky first	7.0	1.6229426130210856	dp_full	-0.06069894664600012	-0.008281315365595293	0.03476950361633451
log-power-n1n2psd.pathfinder.klw	Risky first	7.0	1.6681048222036647	dp_full	-0.06088792956309511	-0.010589296053654126	0.030772303258293436
log-power-n1n2psd.pathfinder.klw	Risky first	7.0	1.714523776462679	dp_full	-0.060843204110129855	-0.012577112530284602	0.026319722701050974
log-power-n1n2psd.pathfinder.klw	Risky first	7.0	1.7622344476964418	dp_full	-0.06088826690808493	-0.014619107753793678	0.02213003640640843
log-power-n1n2psd.pathfinder.klw	Risky first	7.0	1.8112727809788889	dp_full	-0.060595856792569146	-0.016584276419389574	0.01867411749795427
log-power-n1n2psd.pathfinder.klw	Risky first	7.0	1.861675721640487	dp_full	-0.06007816757930558	-0.018276714520605038	0.015414743979377928
log-power-n1n2psd.pathfinder.klw	Risky first	7.0	1.9134812431027324	dp_full	-0.05929410708501187	-0.019832963189750273	0.012700966133636223
log-power-n1n2psd.pathfinder.klw	Risky first	7.0	1.9667283754872122	dp_full	-0.059632132067189106	-0.02107856610882661	0.010402610090034499
log-power-n1n2psd.pathfinder.klw	Risky first	7.0	2.021457235020777	dp_full	-0.05946937550743142	-0.02222688525749943	0.008817876931324341
log-power-n1n2psd.pathfinder.klw	Risky first	7.0	2.0777090542589844	dp_full	-0.059363400772213415	-0.023113602715560785	0.007773760651915922
log-power-n1n2psd.pathfinder.klw	Risky first	7.0	2.1355262131505808	dp_full	-0.05841060597659566	-0.023648118199358224	0.006916789065099281
log-power-n1n2psd.pathfinder.klw	Risky first	7.0	2.1949522709664246	dp_full	-0.0576174621934626	-0.02415983979371645	0.0063487904058467624
log-power-n1n2psd.pathfinder.klw	Risky first	7.0	2.256031999116908	dp_full	-0.05693677661158229	-0.024276216127499823	0.0056267041955867245
log-power-n1n2psd.pathfinder.klw	Risky first	7.0	2.3188114148826	dp_full	-0.055866071948574715	-0.02421657676108078	0.005392954559795871
log-power-n1n2psd.pathfinder.klw	Risky first	7.0	2.3833378160835275	dp_full	-0.054640322527938406	-0.02393328407511253	0.005110527192262575
log-power-n1n2psd.pathfinder.klw	Risky first	7.0	2.4496598167132055	dp_full	-0.05315954015118328	-0.02355278235299487	0.0047807284251778995
log-power-n1n2psd.pathfinder.klw	Risky first	7.0	2.5178273835642724	dp_full	-0.0519917593445358	-0.02302002352733001	0.004856651520474269
log-power-n1n2psd.pathfinder.klw	Risky first	7.0	2.58789187387332	dp_full	-0.05036932855686092	-0.022339021946318517	0.005061237655751363
log-power-n1n2psd.pathfinder.klw	Risky first	7.0	2.659906074013276	dp_full	-0.0487281902907867	-0.021683681457616316	0.005032445231682729
log-power-n1n2psd.pathfinder.klw	Risky first	7.0	2.7339242392624983	dp_full	-0.04697639451514627	-0.020833212961929866	0.005361939206444392
log-power-n1n2psd.pathfinder.klw	Risky first	7.0	2.8100021346805373	dp_full	-0.04510226102338833	-0.01987542895132209	0.005455949441368569
log-power-n1n2psd.pathfinder.klw	Risky first	7.0	2.8881970771213568	dp_full	-0.04344129430130915	-0.018964185396272364	0.005327054462560164
log-power-n1n2psd.pathfinder.klw	Risky first	7.0	2.9685679784156793	dp_full	-0.04168291298356593	-0.018120490049265324	0.005496127530287707
log-power-n1n2psd.pathfinder.klw	Risky first	7.0	3.051175389754982	dp_full	-0.039763201186421626	-0.017219148403741648	0.005565042330907232
log-power-n1n2psd.pathfinder.klw	Risky first	7.0	3.1360815473105736	dp_full	-0.03787349427724519	-0.016269315607441347	0.005775796466983241
log-power-n1n2psd.pathfinder.klw	Risky first	7.0	3.2233504191221405	dp_full	-0.035992323391199114	-0.015341139327323245	0.0059938889362139225
log-power-n1n2psd.pathfinder.klw	Risky first	7.0	3.31304775329107	dp_full	-0.034262298781964684	-0.014386127628712352	0.006125298132520081
log-power-n1n2psd.pathfinder.klw	Risky first	7.0	3.40524112751487	dp_full	-0.032720042722184324	-0.013539946186771007	0.006206670801570838
log-power-n1n2psd.pathfinder.klw	Risky first	7.0	3.5000000000000004	dp_full	-0.031155787248558504	-0.01267860436094342	0.006233197647436735
log-power-n1n2psd.pathfinder.klw	Risky first	7.0	1.2	dp_bias	-0.06770889147349161	-0.009764074759522588	0.04381322002311312
log-power-n1n2psd.pathfinder.klw	Risky first	7.0	1.233392832614218	dp_bias	-0.06762506750942204	-0.00997104640647688	0.04375565951491166
log-power-n1n2psd.pathfinder.klw	Risky first	7.0	1.267714899620104	dp_bias	-0.06744302951553241	-0.010206637032154194	0.043155838455196056
log-power-n1n2psd.pathfinder.klw	Risky first	7.0	1.3029920591580744	dp_bias	-0.06749674419055045	-0.010372025669151987	0.04236285315690249
log-power-n1n2psd.pathfinder.klw	Risky first	7.0	1.339250888932342	dp_bias	-0.06798520925093465	-0.010672197844418332	0.041485105947497526
log-power-n1n2psd.pathfinder.klw	Risky first	7.0	1.3765187062344757	dp_bias	-0.068568808174783	-0.011066452687638428	0.040622653555362744
log-power-n1n2psd.pathfinder.klw	Risky first	7.0	1.4148235885241658	dp_bias	-0.06842372875816809	-0.011576669023233635	0.03893159054894671
log-power-n1n2psd.pathfinder.klw	Risky first	7.0	1.454194394582695	dp_bias	-0.06887645106572089	-0.012022215023207022	0.03745796686435656
log-power-n1n2psd.pathfinder.klw	Risky first	7.0	1.4946607862550567	dp_bias	-0.06874142963114883	-0.01250112927508611	0.03596460431518294
log-power-n1n2psd.pathfinder.klw	Risky first	7.0	1.5362532507970992	dp_bias	-0.06917189813790532	-0.013116924858387691	0.03384146958574673
log-power-n1n2psd.pathfinder.klw	Risky first	7.0	1.579003123844529	dp_bias	-0.06844976473621203	-0.013625634132179366	0.03208241823836908
log-power-n1n2psd.pathfinder.klw	Risky first	7.0	1.6229426130210856	dp_bias	-0.06755646100315812	-0.013965423276841343	0.029948722811521805
log-power-n1n2psd.pathfinder.klw	Risky first	7.0	1.6681048222036647	dp_bias	-0.06611876176532676	-0.014296504416372688	0.027402442176266563
log-power-n1n2psd.pathfinder.klw	Risky first	7.0	1.714523776462679	dp_bias	-0.06499037334284515	-0.014368306761591388	0.025258328600051953
log-power-n1n2psd.pathfinder.klw	Risky first	7.0	1.7622344476964418	dp_bias	-0.06307719040077281	-0.014746276256139827	0.02323214184012386
log-power-n1n2psd.pathfinder.klw	Risky first	7.0	1.8112727809788889	dp_bias	-0.061043653761869106	-0.014784091823291289	0.020744880702090164
log-power-n1n2psd.pathfinder.klw	Risky first	7.0	1.861675721640487	dp_bias	-0.058732829191846136	-0.015057992227768758	0.018786263237868313
log-power-n1n2psd.pathfinder.klw	Risky first	7.0	1.9134812431027324	dp_bias	-0.05629007085301632	-0.01498531381651504	0.017194882993912378
log-power-n1n2psd.pathfinder.klw	Risky first	7.0	1.9667283754872122	dp_bias	-0.05462424659190855	-0.01485646363383767	0.015962610918575516
log-power-n1n2psd.pathfinder.klw	Risky first	7.0	2.021457235020777	dp_bias	-0.05219031034367454	-0.014761436786652656	0.014867956250657845
log-power-n1n2psd.pathfinder.klw	Risky first	7.0	2.0777090542589844	dp_bias	-0.05030429614173521	-0.01436981208323104	0.01405266931132036
log-power-n1n2psd.pathfinder.klw	Risky first	7.0	2.1355262131505808	dp_bias	-0.048480093780826905	-0.014186519309989322	0.013227463458404896
log-power-n1n2psd.pathfinder.klw	Risky first	7.0	2.1949522709664246	dp_bias	-0.046601218007420335	-0.013761221157644254	0.012626600638985271
log-power-n1n2psd.pathfinder.klw	Risky first	7.0	2.256031999116908	dp_bias	-0.04453668805490311	-0.013338806394744142	0.012414754674010499
log-power-n1n2psd.pathfinder.klw	Risky first	7.0	2.3188114148826	dp_bias	-0.04249063736934173	-0.012939949141445941	0.012135794450190304
log-power-n1n2psd.pathfinder.klw	Risky first	7.0	2.3833378160835275	dp_bias	-0.04071193811516585	-0.01238898699416999	0.011765681465259147
log-power-n1n2psd.pathfinder.klw	Risky first	7.0	2.4496598167132055	dp_bias	-0.03928510399174053	-0.011921498128375639	0.01164907226081209
log-power-n1n2psd.pathfinder.klw	Risky first	7.0	2.5178273835642724	dp_bias	-0.03736258672607218	-0.011379431828086699	0.011522650069915232
log-power-n1n2psd.pathfinder.klw	Risky first	7.0	2.58789187387332	dp_bias	-0.035747504775625626	-0.010872689690214987	0.011183023936142043
log-power-n1n2psd.pathfinder.klw	Risky first	7.0	2.659906074013276	dp_bias	-0.03375032266414824	-0.010351683070672496	0.010938666301407806
log-power-n1n2psd.pathfinder.klw	Risky first	7.0	2.7339242392624983	dp_bias	-0.03221955813318228	-0.009893394347279556	0.010665126997617088
log-power-n1n2psd.pathfinder.klw	Risky first	7.0	2.8100021346805373	dp_bias	-0.03069100576150001	-0.009360538645875164	0.010355191177011688
log-power-n1n2psd.pathfinder.klw	Risky first	7.0	2.8881970771213568	dp_bias	-0.029229386005750476	-0.008876949308896447	0.010033535536943005
log-power-n1n2psd.pathfinder.klw	Risky first	7.0	2.9685679784156793	dp_bias	-0.02766365641916596	-0.008460962926629241	0.009843279789438206
log-power-n1n2psd.pathfinder.klw	Risky first	7.0	3.051175389754982	dp_bias	-0.026227062423020673	-0.00799188644333736	0.009523349626641999
log-power-n1n2psd.pathfinder.klw	Risky first	7.0	3.1360815473105736	dp_bias	-0.024888822981668907	-0.007571714724388436	0.009140073871252428
log-power-n1n2psd.pathfinder.klw	Risky first	7.0	3.2233504191221405	dp_bias	-0.02363900838692913	-0.007141247800937238	0.00876948356506663
log-power-n1n2psd.pathfinder.klw	Risky first	7.0	3.31304775329107	dp_bias	-0.022458044109314675	-0.006758086940941195	0.00843276130065604
log-power-n1n2psd.pathfinder.klw	Risky first	7.0	3.40524112751487	dp_bias	-0.021467617100047316	-0.006400571937661476	0.008168707679708995
log-power-n1n2psd.pathfinder.klw	Risky first	7.0	3.5000000000000004	dp_bias	-0.020513445918692516	-0.006153785818414664	0.007912723095523343
log-power-n1n2psd.pathfinder.klw	Risky first	7.0	1.2	dp_scale	-0.005718732651981395	0.010876744750662049	0.027142124829908274
log-power-n1n2psd.pathfinder.klw	Risky first	7.0	1.233392832614218	dp_scale	-0.00503347607412732	0.01138046081591193	0.02754404807302242
log-power-n1n2psd.pathfinder.klw	Risky first	7.0	1.267714899620104	dp_scale	-0.0045007878110001065	0.01173310651814363	0.02778781574525777
log-power-n1n2psd.pathfinder.klw	Risky first	7.0	1.3029920591580744	dp_scale	-0.003932180096602745	0.01195278112618934	0.027684987078491024
log-power-n1n2psd.pathfinder.klw	Risky first	7.0	1.339250888932342	dp_scale	-0.003354996092759349	0.011823591366741989	0.027098696859272027
log-power-n1n2psd.pathfinder.klw	Risky first	7.0	1.3765187062344757	dp_scale	-0.002953898319803762	0.011446153549909382	0.026168222353548296
log-power-n1n2psd.pathfinder.klw	Risky first	7.0	1.4148235885241658	dp_scale	-0.0026553104454790795	0.010880975547612195	0.0250274706589763
log-power-n1n2psd.pathfinder.klw	Risky first	7.0	1.454194394582695	dp_scale	-0.0026066418129220884	0.010065090098319709	0.023350697483609177
log-power-n1n2psd.pathfinder.klw	Risky first	7.0	1.4946607862550567	dp_scale	-0.002703205532779394	0.008857684696188452	0.02134030421823903
log-power-n1n2psd.pathfinder.klw	Risky first	7.0	1.5362532507970992	dp_scale	-0.0030831483748919083	0.007461216951110387	0.018925849027147335
log-power-n1n2psd.pathfinder.klw	Risky first	7.0	1.579003123844529	dp_scale	-0.0037281041347370517	0.005885881912991501	0.016388031113889902
log-power-n1n2psd.pathfinder.klw	Risky first	7.0	1.6229426130210856	dp_scale	-0.004639897365601969	0.004179225268041303	0.01375219437935191
log-power-n1n2psd.pathfinder.klw	Risky first	7.0	1.6681048222036647	dp_scale	-0.006103732718807652	0.0024591828150771055	0.011373350811297029
log-power-n1n2psd.pathfinder.klw	Risky first	7.0	1.714523776462679	dp_scale	-0.007992941624641156	0.0006757186038316606	0.009266980427442301
log-power-n1n2psd.pathfinder.klw	Risky first	7.0	1.7622344476964418	dp_scale	-0.010128044169197443	-0.001033873198551727	0.0074196625578471665
log-power-n1n2psd.pathfinder.klw	Risky first	7.0	1.8112727809788889	dp_scale	-0.012435281230163008	-0.0027996453342725098	0.006109824852851308
log-power-n1n2psd.pathfinder.klw	Risky first	7.0	1.861675721640487	dp_scale	-0.015029543615229497	-0.0044866323305786885	0.005250048418449686
log-power-n1n2psd.pathfinder.klw	Risky first	7.0	1.9134812431027324	dp_scale	-0.017421871748529775	-0.006023035580132293	0.004604950735818231
log-power-n1n2psd.pathfinder.klw	Risky first	7.0	1.9667283754872122	dp_scale	-0.01968491946041324	-0.007383446157120558	0.00415911390456648
log-power-n1n2psd.pathfinder.klw	Risky first	7.0	2.021457235020777	dp_scale	-0.02160457314440419	-0.008576332389173675	0.0038418566881634354
log-power-n1n2psd.pathfinder.klw	Risky first	7.0	2.0777090542589844	dp_scale	-0.023515138275502473	-0.009564267960028135	0.003743862058054003
log-power-n1n2psd.pathfinder.klw	Risky first	7.0	2.1355262131505808	dp_scale	-0.024890401778568636	-0.010369514815876047	0.003711491763191236
log-power-n1n2psd.pathfinder.klw	Risky first	7.0	2.1949522709664246	dp_scale	-0.026218781083653234	-0.011031706431972824	0.0038208635392585643
log-power-n1n2psd.pathfinder.klw	Risky first	7.0	2.256031999116908	dp_scale	-0.02707682902275415	-0.011467740562468933	0.0039354414688928105
log-power-n1n2psd.pathfinder.klw	Risky first	7.0	2.3188114148826	dp_scale	-0.02752853351286335	-0.011732541465205793	0.00404669133657336
log-power-n1n2psd.pathfinder.klw	Risky first	7.0	2.3833378160835275	dp_scale	-0.02781428515166658	-0.01183313044885445	0.0042288347510144025
log-power-n1n2psd.pathfinder.klw	Risky first	7.0	2.4496598167132055	dp_scale	-0.027874502014658867	-0.011853710268933476	0.004532392618468987
log-power-n1n2psd.pathfinder.klw	Risky first	7.0	2.5178273835642724	dp_scale	-0.027847847906657664	-0.011720902846259427	0.004646638925393029
log-power-n1n2psd.pathfinder.klw	Risky first	7.0	2.58789187387332	dp_scale	-0.027559659898654342	-0.011497582637526624	0.004927242563745901
log-power-n1n2psd.pathfinder.klw	Risky first	7.0	2.659906074013276	dp_scale	-0.027157609701094366	-0.011267347749470344	0.0049672837174716
log-power-n1n2psd.pathfinder.klw	Risky first	7.0	2.7339242392624983	dp_scale	-0.026692346210463843	-0.010965593971623049	0.005015493759463931
log-power-n1n2psd.pathfinder.klw	Risky first	7.0	2.8100021346805373	dp_scale	-0.0260480608465003	-0.010660629456914554	0.00514829024038358
log-power-n1n2psd.pathfinder.klw	Risky first	7.0	2.8881970771213568	dp_scale	-0.025303826983906392	-0.010284197222853933	0.005029566260266952
log-power-n1n2psd.pathfinder.klw	Risky first	7.0	2.9685679784156793	dp_scale	-0.0246086635333219	-0.009912463328489067	0.005116851020234068
log-power-n1n2psd.pathfinder.klw	Risky first	7.0	3.051175389754982	dp_scale	-0.023724698275592416	-0.009505488606061442	0.005044817382018074
log-power-n1n2psd.pathfinder.klw	Risky first	7.0	3.1360815473105736	dp_scale	-0.022821899481569336	-0.009102780632889627	0.0049854768302665595
log-power-n1n2psd.pathfinder.klw	Risky first	7.0	3.2233504191221405	dp_scale	-0.02207636956757928	-0.008682115764577386	0.004898487810146086
log-power-n1n2psd.pathfinder.klw	Risky first	7.0	3.31304775329107	dp_scale	-0.021131547449379017	-0.008277353321362119	0.004870779520494196
log-power-n1n2psd.pathfinder.klw	Risky first	7.0	3.40524112751487	dp_scale	-0.020202935222769527	-0.007836130664733022	0.004762931537282313
log-power-n1n2psd.pathfinder.klw	Risky first	7.0	3.5000000000000004	dp_scale	-0.019194929052700895	-0.007429765752750643	0.004536289434029027
log-power-n1n2psd.pathfinder.klw	Risky first	7.0	1.2	dp_interaction	-0.008010053245757667	0.0003114668031134402	0.00894770168989433
log-power-n1n2psd.pathfinder.klw	Risky first	7.0	1.233392832614218	dp_interaction	-0.008246715207363508	0.00033999513415616377	0.009113908564098237
log-power-n1n2psd.pathfinder.klw	Risky first	7.0	1.267714899620104	dp_interaction	-0.008315202586163714	0.00034430130353610064	0.009256503248441978
log-power-n1n2psd.pathfinder.klw	Risky first	7.0	1.3029920591580744	dp_interaction	-0.008334860850718233	0.0003462132888560435	0.00940754662911134
log-power-n1n2psd.pathfinder.klw	Risky first	7.0	1.339250888932342	dp_interaction	-0.008322837310829025	0.0004171018860576451	0.009415010220525686
log-power-n1n2psd.pathfinder.klw	Risky first	7.0	1.3765187062344757	dp_interaction	-0.00827567026701062	0.0005228393602324443	0.009539209848262448
log-power-n1n2psd.pathfinder.klw	Risky first	7.0	1.4148235885241658	dp_interaction	-0.008204298158965976	0.0006432162052784855	0.00966420712464094
log-power-n1n2psd.pathfinder.klw	Risky first	7.0	1.454194394582695	dp_interaction	-0.00798268223302083	0.0007533073771300676	0.009808994589953322
log-power-n1n2psd.pathfinder.klw	Risky first	7.0	1.4946607862550567	dp_interaction	-0.007615857505115339	0.0009095554703267841	0.009777389141004783
log-power-n1n2psd.pathfinder.klw	Risky first	7.0	1.5362532507970992	dp_interaction	-0.007147377143963537	0.001044157382622337	0.00990379858500207
log-power-n1n2psd.pathfinder.klw	Risky first	7.0	1.579003123844529	dp_interaction	-0.0066947622763466556	0.0011285609798902022	0.009986596625362764
log-power-n1n2psd.pathfinder.klw	Risky first	7.0	1.6229426130210856	dp_interaction	-0.00620372652569112	0.0011980849049256566	0.010005992706878339
log-power-n1n2psd.pathfinder.klw	Risky first	7.0	1.6681048222036647	dp_interaction	-0.005569941015911927	0.0012905972121410843	0.009912301980424554
log-power-n1n2psd.pathfinder.klw	Risky first	7.0	1.714523776462679	dp_interaction	-0.005057767621438627	0.0013171955053425453	0.009626907398550993
log-power-n1n2psd.pathfinder.klw	Risky first	7.0	1.7622344476964418	dp_interaction	-0.004542461001385745	0.0013020824343629687	0.009329044328007149
log-power-n1n2psd.pathfinder.klw	Risky first	7.0	1.8112727809788889	dp_interaction	-0.004159573031612273	0.001316214388393501	0.00921302962930786
log-power-n1n2psd.pathfinder.klw	Risky first	7.0	1.861675721640487	dp_interaction	-0.003970009288408202	0.001263277491711763	0.008835236674121238
log-power-n1n2psd.pathfinder.klw	Risky first	7.0	1.9134812431027324	dp_interaction	-0.003850533939547911	0.0011854401487786906	0.008611315498900237
log-power-n1n2psd.pathfinder.klw	Risky first	7.0	1.9667283754872122	dp_interaction	-0.00390472981317137	0.001050194016765574	0.008296938432514896
log-power-n1n2psd.pathfinder.klw	Risky first	7.0	2.021457235020777	dp_interaction	-0.004040258997999947	0.000882023093217841	0.008238048106770698
log-power-n1n2psd.pathfinder.klw	Risky first	7.0	2.0777090542589844	dp_interaction	-0.004171566106495847	0.000737896985728836	0.008202761969879742
log-power-n1n2psd.pathfinder.klw	Risky first	7.0	2.1355262131505808	dp_interaction	-0.0043757682510069725	0.0006332958761822872	0.008054778514067901
log-power-n1n2psd.pathfinder.klw	Risky first	7.0	2.1949522709664246	dp_interaction	-0.004531709971654553	0.0005088675768601941	0.007859796410083254
log-power-n1n2psd.pathfinder.klw	Risky first	7.0	2.256031999116908	dp_interaction	-0.004643709420522133	0.0003864393234761797	0.007522899719587603
log-power-n1n2psd.pathfinder.klw	Risky first	7.0	2.3188114148826	dp_interaction	-0.004607820115042465	0.00025157222353926596	0.0071912967358570045
log-power-n1n2psd.pathfinder.klw	Risky first	7.0	2.3833378160835275	dp_interaction	-0.0045721824406240695	0.0001293513988614496	0.006781355374448627
log-power-n1n2psd.pathfinder.klw	Risky first	7.0	2.4496598167132055	dp_interaction	-0.004577250601521022	4.59008446940766e-05	0.006485784372273628
log-power-n1n2psd.pathfinder.klw	Risky first	7.0	2.5178273835642724	dp_interaction	-0.004457170126020642	-5.982034731296521e-06	0.006101946807527092
log-power-n1n2psd.pathfinder.klw	Risky first	7.0	2.58789187387332	dp_interaction	-0.004314581646159371	-3.290231219815179e-05	0.005684065485567949
log-power-n1n2psd.pathfinder.klw	Risky first	7.0	2.659906074013276	dp_interaction	-0.004128117161087654	-1.693860042568204e-05	0.005279851518622371
log-power-n1n2psd.pathfinder.klw	Risky first	7.0	2.7339242392624983	dp_interaction	-0.003906597684381954	1.6187382279505075e-05	0.004874903814954946
log-power-n1n2psd.pathfinder.klw	Risky first	7.0	2.8100021346805373	dp_interaction	-0.0036254928873120282	7.64041137857993e-05	0.004632423969754805
log-power-n1n2psd.pathfinder.klw	Risky first	7.0	2.8881970771213568	dp_interaction	-0.003439365227045734	0.00014668928642920423	0.004401152390552365
log-power-n1n2psd.pathfinder.klw	Risky first	7.0	2.9685679784156793	dp_interaction	-0.0031361398843563035	0.00026271429714041855	0.004198632449589014
log-power-n1n2psd.pathfinder.klw	Risky first	7.0	3.051175389754982	dp_interaction	-0.002924525158124375	0.0003764185695299998	0.004022420035070806
log-power-n1n2psd.pathfinder.klw	Risky first	7.0	3.1360815473105736	dp_interaction	-0.0026468994043269945	0.00047833883362345295	0.003906387148627999
log-power-n1n2psd.pathfinder.klw	Risky first	7.0	3.2233504191221405	dp_interaction	-0.002447801326964399	0.0006029821696873607	0.00392196689083768
log-power-n1n2psd.pathfinder.klw	Risky first	7.0	3.31304775329107	dp_interaction	-0.002278922760795054	0.0007576526734309531	0.003941203090188002
log-power-n1n2psd.pathfinder.klw	Risky first	7.0	3.40524112751487	dp_interaction	-0.0021275386691770874	0.0008915416349330919	0.0039013277510904845
log-power-n1n2psd.pathfinder.klw	Risky first	7.0	3.5000000000000004	dp_interaction	-0.001977167214998879	0.0010142822109678149	0.0039272641830635
log-power-n1n2psd.pathfinder.klw	Risky first	7.0	1.2	num_shift	-0.07705444386440341	-0.016859702007774268	0.03877459050521052
log-power-n1n2psd.pathfinder.klw	Risky first	7.0	1.233392832614218	num_shift	-0.07462401991113253	-0.016281339706297197	0.0376416190447403
log-power-n1n2psd.pathfinder.klw	Risky first	7.0	1.267714899620104	num_shift	-0.07223527611110071	-0.0156868806195189	0.03668989720756095
log-power-n1n2psd.pathfinder.klw	Risky first	7.0	1.3029920591580744	num_shift	-0.07004221153252525	-0.015142519000992713	0.03530404093850356
log-power-n1n2psd.pathfinder.klw	Risky first	7.0	1.339250888932342	num_shift	-0.06761617606974149	-0.014554075627262924	0.0338484906944716
log-power-n1n2psd.pathfinder.klw	Risky first	7.0	1.3765187062344757	num_shift	-0.06556846641762641	-0.014086923163411718	0.032540838134854214
log-power-n1n2psd.pathfinder.klw	Risky first	7.0	1.4148235885241658	num_shift	-0.06378323317046714	-0.013600758338753273	0.031403125564387624
log-power-n1n2psd.pathfinder.klw	Risky first	7.0	1.454194394582695	num_shift	-0.061699478094994716	-0.013089326386619428	0.0305694869659608
log-power-n1n2psd.pathfinder.klw	Risky first	7.0	1.4946607862550567	num_shift	-0.0598432243240968	-0.012586426951560092	0.02944989291999936
log-power-n1n2psd.pathfinder.klw	Risky first	7.0	1.5362532507970992	num_shift	-0.057951878678162254	-0.012222513182424087	0.028259786928909434
log-power-n1n2psd.pathfinder.klw	Risky first	7.0	1.579003123844529	num_shift	-0.05612486325560512	-0.01184614481045248	0.02714692328874589
log-power-n1n2psd.pathfinder.klw	Risky first	7.0	1.6229426130210856	num_shift	-0.05472998574792311	-0.011499899364074292	0.025955808132739944
log-power-n1n2psd.pathfinder.klw	Risky first	7.0	1.6681048222036647	num_shift	-0.05301330425233376	-0.011050703387328461	0.02492980856200251
log-power-n1n2psd.pathfinder.klw	Risky first	7.0	1.714523776462679	num_shift	-0.05130275335128906	-0.010699392325226972	0.02391390338500611
log-power-n1n2psd.pathfinder.klw	Risky first	7.0	1.7622344476964418	num_shift	-0.050159509997409854	-0.010297096432092173	0.023205310480216547
log-power-n1n2psd.pathfinder.klw	Risky first	7.0	1.8112727809788889	num_shift	-0.048412471387149256	-0.010092978860693248	0.02256802368451452
log-power-n1n2psd.pathfinder.klw	Risky first	7.0	1.861675721640487	num_shift	-0.04710881738008378	-0.009650496334977195	0.021831214596048313
log-power-n1n2psd.pathfinder.klw	Risky first	7.0	1.9134812431027324	num_shift	-0.04572940713603746	-0.009334595192232115	0.02137681275839356
log-power-n1n2psd.pathfinder.klw	Risky first	7.0	1.9667283754872122	num_shift	-0.0446927421614093	-0.008985915554670027	0.020708813394012832
log-power-n1n2psd.pathfinder.klw	Risky first	7.0	2.021457235020777	num_shift	-0.0435439990161855	-0.008648938627986536	0.020045264743821043
log-power-n1n2psd.pathfinder.klw	Risky first	7.0	2.0777090542589844	num_shift	-0.04270521465518495	-0.008362161515651008	0.01967295201891863
log-power-n1n2psd.pathfinder.klw	Risky first	7.0	2.1355262131505808	num_shift	-0.0417973478342921	-0.008117377628659467	0.01937179759609658
log-power-n1n2psd.pathfinder.klw	Risky first	7.0	2.1949522709664246	num_shift	-0.04113568187083466	-0.007904946327522325	0.019094845630608797
log-power-n1n2psd.pathfinder.klw	Risky first	7.0	2.256031999116908	num_shift	-0.040479335550409834	-0.007729521620918508	0.018648111591554196
log-power-n1n2psd.pathfinder.klw	Risky first	7.0	2.3188114148826	num_shift	-0.03971249205474318	-0.007528773881228439	0.018335890910384206
log-power-n1n2psd.pathfinder.klw	Risky first	7.0	2.3833378160835275	num_shift	-0.03908496838021215	-0.007324178701124383	0.018077559506926275
log-power-n1n2psd.pathfinder.klw	Risky first	7.0	2.4496598167132055	num_shift	-0.03856090151738513	-0.007144851383674422	0.01780759942973527
log-power-n1n2psd.pathfinder.klw	Risky first	7.0	2.5178273835642724	num_shift	-0.03801230600505975	-0.007047680667960332	0.017731647946153777
log-power-n1n2psd.pathfinder.klw	Risky first	7.0	2.58789187387332	num_shift	-0.03770846830179899	-0.006781342741836918	0.01790991877462739
log-power-n1n2psd.pathfinder.klw	Risky first	7.0	2.659906074013276	num_shift	-0.03716574865513457	-0.006645473934626405	0.01795635114237829
log-power-n1n2psd.pathfinder.klw	Risky first	7.0	2.7339242392624983	num_shift	-0.0368173580229257	-0.006578752771420313	0.01801774259821319
log-power-n1n2psd.pathfinder.klw	Risky first	7.0	2.8100021346805373	num_shift	-0.036652308051195535	-0.00641801922255756	0.017976236551544088
log-power-n1n2psd.pathfinder.klw	Risky first	7.0	2.8881970771213568	num_shift	-0.03635108082738688	-0.006306259489031943	0.017998056064671173
log-power-n1n2psd.pathfinder.klw	Risky first	7.0	2.9685679784156793	num_shift	-0.03599924431620067	-0.0062388409061829	0.017987263106250217
log-power-n1n2psd.pathfinder.klw	Risky first	7.0	3.051175389754982	num_shift	-0.035852857813556537	-0.006146999717068379	0.017892896010640078
log-power-n1n2psd.pathfinder.klw	Risky first	7.0	3.1360815473105736	num_shift	-0.03566312555347937	-0.006106171512415222	0.018057269697256968
log-power-n1n2psd.pathfinder.klw	Risky first	7.0	3.2233504191221405	num_shift	-0.03532554065957563	-0.006108248605731218	0.01829180995784148
log-power-n1n2psd.pathfinder.klw	Risky first	7.0	3.31304775329107	num_shift	-0.03543863246877533	-0.006109331876943092	0.018507509717378707
log-power-n1n2psd.pathfinder.klw	Risky first	7.0	3.40524112751487	num_shift	-0.03534282239566329	-0.006103539595786385	0.018671416885801293
log-power-n1n2psd.pathfinder.klw	Risky first	7.0	3.5000000000000004	num_shift	-0.03548312024883169	-0.006120984861545375	0.018934561663540028
log-power-n1n2psd.pathfinder.klw	Risky first	7.0	1.2	den_ratio	0.9830833037551319	1.0872952228270367	1.2010109895205323
log-power-n1n2psd.pathfinder.klw	Risky first	7.0	1.233392832614218	den_ratio	0.9830642503591535	1.0870695990292119	1.200838383726026
log-power-n1n2psd.pathfinder.klw	Risky first	7.0	1.267714899620104	den_ratio	0.983393893227492	1.08703627737543	1.2007349988653808
log-power-n1n2psd.pathfinder.klw	Risky first	7.0	1.3029920591580744	den_ratio	0.9833705895971997	1.0869298354402548	1.1991423683580964
log-power-n1n2psd.pathfinder.klw	Risky first	7.0	1.339250888932342	den_ratio	0.9833233896558502	1.086792947961658	1.198821586508628
log-power-n1n2psd.pathfinder.klw	Risky first	7.0	1.3765187062344757	den_ratio	0.9829900446124726	1.0866761202237243	1.1976691718361823
log-power-n1n2psd.pathfinder.klw	Risky first	7.0	1.4148235885241658	den_ratio	0.9828069055016434	1.0865466586296288	1.1968655407422426
log-power-n1n2psd.pathfinder.klw	Risky first	7.0	1.454194394582695	den_ratio	0.9830184917983017	1.086199025982477	1.1962429664810457
log-power-n1n2psd.pathfinder.klw	Risky first	7.0	1.4946607862550567	den_ratio	0.9830441149402672	1.0858785987282253	1.1953087020643987
log-power-n1n2psd.pathfinder.klw	Risky first	7.0	1.5362532507970992	den_ratio	0.9832355696128394	1.0856439028038856	1.1945697393515355
log-power-n1n2psd.pathfinder.klw	Risky first	7.0	1.579003123844529	den_ratio	0.9838109316926429	1.0855759580221482	1.1945995955647353
log-power-n1n2psd.pathfinder.klw	Risky first	7.0	1.6229426130210856	den_ratio	0.9840610729032739	1.0852875776993005	1.1947811039744112
log-power-n1n2psd.pathfinder.klw	Risky first	7.0	1.6681048222036647	den_ratio	0.9838108805931832	1.0852268193924415	1.1946274089221827
log-power-n1n2psd.pathfinder.klw	Risky first	7.0	1.714523776462679	den_ratio	0.9839939984409579	1.085111006749584	1.1940165613533666
log-power-n1n2psd.pathfinder.klw	Risky first	7.0	1.7622344476964418	den_ratio	0.9842075490288629	1.085040949614927	1.193521977485883
log-power-n1n2psd.pathfinder.klw	Risky first	7.0	1.8112727809788889	den_ratio	0.9843816325214362	1.0848963871087474	1.1932898764467594
log-power-n1n2psd.pathfinder.klw	Risky first	7.0	1.861675721640487	den_ratio	0.9842491763309758	1.0846987479634478	1.192749614979103
log-power-n1n2psd.pathfinder.klw	Risky first	7.0	1.9134812431027324	den_ratio	0.9846226037108681	1.0845021880289853	1.1922126027984457
log-power-n1n2psd.pathfinder.klw	Risky first	7.0	1.9667283754872122	den_ratio	0.9847648254217422	1.0847876782014914	1.1921611783471247
log-power-n1n2psd.pathfinder.klw	Risky first	7.0	2.021457235020777	den_ratio	0.9849394897308454	1.084564655362123	1.1917005866668557
log-power-n1n2psd.pathfinder.klw	Risky first	7.0	2.0777090542589844	den_ratio	0.9847799250619755	1.0844377948658983	1.1918152003724558
log-power-n1n2psd.pathfinder.klw	Risky first	7.0	2.1355262131505808	den_ratio	0.9847848506590401	1.0844046713231696	1.191534983834852
log-power-n1n2psd.pathfinder.klw	Risky first	7.0	2.1949522709664246	den_ratio	0.9848144524669523	1.0844727996677963	1.190976528476743
log-power-n1n2psd.pathfinder.klw	Risky first	7.0	2.256031999116908	den_ratio	0.9848391985588304	1.0843506684345658	1.191131442931036
log-power-n1n2psd.pathfinder.klw	Risky first	7.0	2.3188114148826	den_ratio	0.9848564695420308	1.0841910803392316	1.191079123570271
log-power-n1n2psd.pathfinder.klw	Risky first	7.0	2.3833378160835275	den_ratio	0.9851627800026963	1.084142937359668	1.190885682384988
log-power-n1n2psd.pathfinder.klw	Risky first	7.0	2.4496598167132055	den_ratio	0.9848924683522804	1.0840850943166964	1.1908423075045673
log-power-n1n2psd.pathfinder.klw	Risky first	7.0	2.5178273835642724	den_ratio	0.9852419788244188	1.0840645815638523	1.19102670736967
log-power-n1n2psd.pathfinder.klw	Risky first	7.0	2.58789187387332	den_ratio	0.9852496142799162	1.0839377966082968	1.1909794087100327
log-power-n1n2psd.pathfinder.klw	Risky first	7.0	2.659906074013276	den_ratio	0.9851503021204417	1.0838276725838496	1.1912553660765433
log-power-n1n2psd.pathfinder.klw	Risky first	7.0	2.7339242392624983	den_ratio	0.9854218245201691	1.0837823881624955	1.1908814920144666
log-power-n1n2psd.pathfinder.klw	Risky first	7.0	2.8100021346805373	den_ratio	0.9857078655513486	1.0835971505399198	1.1908633234616424
log-power-n1n2psd.pathfinder.klw	Risky first	7.0	2.8881970771213568	den_ratio	0.9857484770730248	1.083532887406831	1.1906068569483936
log-power-n1n2psd.pathfinder.klw	Risky first	7.0	2.9685679784156793	den_ratio	0.9855098302163645	1.083481502991832	1.1909310266901185
log-power-n1n2psd.pathfinder.klw	Risky first	7.0	3.051175389754982	den_ratio	0.9850634635284374	1.083521037136733	1.1911108651056
log-power-n1n2psd.pathfinder.klw	Risky first	7.0	3.1360815473105736	den_ratio	0.9851255215448875	1.0834714750537033	1.191643833152597
log-power-n1n2psd.pathfinder.klw	Risky first	7.0	3.2233504191221405	den_ratio	0.9850559236125166	1.0835673210115404	1.1918395997222573
log-power-n1n2psd.pathfinder.klw	Risky first	7.0	3.31304775329107	den_ratio	0.9850781161473284	1.0834413439480381	1.191774528378442
log-power-n1n2psd.pathfinder.klw	Risky first	7.0	3.40524112751487	den_ratio	0.9850389874990084	1.083479198613802	1.1922313067614212
log-power-n1n2psd.pathfinder.klw	Risky first	7.0	3.5000000000000004	den_ratio	0.984932301253305	1.0835623609221972	1.1922561476400866
log-power-n1n2psd.pathfinder.klw	Risky first	10.0	1.2	p_vertex	0.12561493298655563	0.1548291329830987	0.18558008980759755
log-power-n1n2psd.pathfinder.klw	Risky first	10.0	1.233392832614218	p_vertex	0.14025198648279202	0.16972289593814488	0.2005091339568717
log-power-n1n2psd.pathfinder.klw	Risky first	10.0	1.267714899620104	p_vertex	0.15600797230690738	0.1857292095734714	0.21657331008973418
log-power-n1n2psd.pathfinder.klw	Risky first	10.0	1.3029920591580744	p_vertex	0.1733973294541307	0.20282955725456941	0.23362358064366426
log-power-n1n2psd.pathfinder.klw	Risky first	10.0	1.339250888932342	p_vertex	0.19200694722112038	0.22099457506563752	0.25209060304829384
log-power-n1n2psd.pathfinder.klw	Risky first	10.0	1.3765187062344757	p_vertex	0.21159132244440862	0.24039161526097835	0.27115596715753876
log-power-n1n2psd.pathfinder.klw	Risky first	10.0	1.4148235885241658	p_vertex	0.23201734976684205	0.2606839949134475	0.2916599197837497
log-power-n1n2psd.pathfinder.klw	Risky first	10.0	1.454194394582695	p_vertex	0.2534536811129076	0.2820558356065211	0.31265678994805346
log-power-n1n2psd.pathfinder.klw	Risky first	10.0	1.4946607862550567	p_vertex	0.2758655736975922	0.30423357720194694	0.33464527787052895
log-power-n1n2psd.pathfinder.klw	Risky first	10.0	1.5362532507970992	p_vertex	0.2987882517674968	0.32703772379608587	0.35757272287372344
log-power-n1n2psd.pathfinder.klw	Risky first	10.0	1.579003123844529	p_vertex	0.32287031140172456	0.35065487228178527	0.38083157767362086
log-power-n1n2psd.pathfinder.klw	Risky first	10.0	1.6229426130210856	p_vertex	0.34743036976603764	0.3745864778457906	0.4041794602525827
log-power-n1n2psd.pathfinder.klw	Risky first	10.0	1.6681048222036647	p_vertex	0.37222741377757057	0.39905075867554	0.42827707376212615
log-power-n1n2psd.pathfinder.klw	Risky first	10.0	1.714523776462679	p_vertex	0.39729276826705723	0.4236028391708432	0.4528430992578685
log-power-n1n2psd.pathfinder.klw	Risky first	10.0	1.7622344476964418	p_vertex	0.42200528091418604	0.4483106578265005	0.47716993007127645
log-power-n1n2psd.pathfinder.klw	Risky first	10.0	1.8112727809788889	p_vertex	0.4468036912339642	0.4730935971618423	0.501395648384076
log-power-n1n2psd.pathfinder.klw	Risky first	10.0	1.861675721640487	p_vertex	0.4713610718923379	0.4976540373238005	0.5254780588618683
log-power-n1n2psd.pathfinder.klw	Risky first	10.0	1.9134812431027324	p_vertex	0.4959848026191271	0.5217933806614204	0.5491804554129965
log-power-n1n2psd.pathfinder.klw	Risky first	10.0	1.9667283754872122	p_vertex	0.5199486650735926	0.5456321747872293	0.5725200896034927
log-power-n1n2psd.pathfinder.klw	Risky first	10.0	2.021457235020777	p_vertex	0.5437905606826696	0.568884147351636	0.5950255775599216
log-power-n1n2psd.pathfinder.klw	Risky first	10.0	2.0777090542589844	p_vertex	0.5667049893010989	0.5914805729069829	0.6172221247239335
log-power-n1n2psd.pathfinder.klw	Risky first	10.0	2.1355262131505808	p_vertex	0.5889988970452654	0.6133851813044793	0.6384323110885914
log-power-n1n2psd.pathfinder.klw	Risky first	10.0	2.1949522709664246	p_vertex	0.6104120045281983	0.6346524221937417	0.6592351943315368
log-power-n1n2psd.pathfinder.klw	Risky first	10.0	2.256031999116908	p_vertex	0.631443866407284	0.6552497006621357	0.6791843673554196
log-power-n1n2psd.pathfinder.klw	Risky first	10.0	2.3188114148826	p_vertex	0.6517851022435096	0.6749915852047119	0.6980828825012625
log-power-n1n2psd.pathfinder.klw	Risky first	10.0	2.3833378160835275	p_vertex	0.6713577112753546	0.6938454006567654	0.7164534075653793
log-power-n1n2psd.pathfinder.klw	Risky first	10.0	2.4496598167132055	p_vertex	0.6899596243196654	0.7119365876865544	0.7340576577639628
log-power-n1n2psd.pathfinder.klw	Risky first	10.0	2.5178273835642724	p_vertex	0.7074594711956799	0.729197961339773	0.7507726210935876
log-power-n1n2psd.pathfinder.klw	Risky first	10.0	2.58789187387332	p_vertex	0.7243069760454253	0.7456681097890872	0.7670369114805685
log-power-n1n2psd.pathfinder.klw	Risky first	10.0	2.659906074013276	p_vertex	0.7404476899005402	0.7612619174539441	0.7821069191742984
log-power-n1n2psd.pathfinder.klw	Risky first	10.0	2.7339242392624983	p_vertex	0.7556055734495556	0.7760699334612955	0.7964775557506221
log-power-n1n2psd.pathfinder.klw	Risky first	10.0	2.8100021346805373	p_vertex	0.7702361009417082	0.7902052742378814	0.8103087702948515
log-power-n1n2psd.pathfinder.klw	Risky first	10.0	2.8881970771213568	p_vertex	0.7839101587511185	0.8035832430388465	0.8231765570003033
log-power-n1n2psd.pathfinder.klw	Risky first	10.0	2.9685679784156793	p_vertex	0.7968477699701009	0.8162731087679866	0.8355008940380995
log-power-n1n2psd.pathfinder.klw	Risky first	10.0	3.051175389754982	p_vertex	0.8091128685340919	0.8282908751385716	0.8472755207955474
log-power-n1n2psd.pathfinder.klw	Risky first	10.0	3.1360815473105736	p_vertex	0.8207290435104716	0.8396321261466091	0.8583514354359113
log-power-n1n2psd.pathfinder.klw	Risky first	10.0	3.2233504191221405	p_vertex	0.8316702584055766	0.8504333598593998	0.8687392820785114
log-power-n1n2psd.pathfinder.klw	Risky first	10.0	3.31304775329107	p_vertex	0.8420551005765298	0.8606526381877546	0.8786145371369936
log-power-n1n2psd.pathfinder.klw	Risky first	10.0	3.40524112751487	p_vertex	0.8519748455541858	0.8703377493786837	0.8879183097811609
log-power-n1n2psd.pathfinder.klw	Risky first	10.0	3.5000000000000004	p_vertex	0.8614246585616013	0.8794742551267409	0.8968901388499251
log-power-n1n2psd.pathfinder.klw	Risky first	10.0	1.2	p_full	0.14231295741199085	0.17152930405160205	0.2035525003852934
log-power-n1n2psd.pathfinder.klw	Risky first	10.0	1.233392832614218	p_full	0.157857136591991	0.1871278272712989	0.2188874051416008
log-power-n1n2psd.pathfinder.klw	Risky first	10.0	1.267714899620104	p_full	0.1747100036550224	0.20368693641135963	0.23474379803844966
log-power-n1n2psd.pathfinder.klw	Risky first	10.0	1.3029920591580744	p_full	0.1925415624458446	0.22131455228845132	0.25154341237229505
log-power-n1n2psd.pathfinder.klw	Risky first	10.0	1.339250888932342	p_full	0.2112687375629268	0.23977862222092575	0.2693362577066924
log-power-n1n2psd.pathfinder.klw	Risky first	10.0	1.3765187062344757	p_full	0.23129706549187712	0.2591691860947901	0.2881464970169968
log-power-n1n2psd.pathfinder.klw	Risky first	10.0	1.4148235885241658	p_full	0.2518631830564225	0.2793371042520588	0.3075472519722007
log-power-n1n2psd.pathfinder.klw	Risky first	10.0	1.454194394582695	p_full	0.27366120291851204	0.3001245887213625	0.3278855364666134
log-power-n1n2psd.pathfinder.klw	Risky first	10.0	1.4946607862550567	p_full	0.29570216912548064	0.32174985281847646	0.3487643487415207
log-power-n1n2psd.pathfinder.klw	Risky first	10.0	1.5362532507970992	p_full	0.3184649146297404	0.34389176880617023	0.3700364452007309
log-power-n1n2psd.pathfinder.klw	Risky first	10.0	1.579003123844529	p_full	0.3417086420544147	0.3665950331440667	0.3921264323452501
log-power-n1n2psd.pathfinder.klw	Risky first	10.0	1.6229426130210856	p_full	0.3655453987713186	0.3896074575676888	0.4147595386430984
log-power-n1n2psd.pathfinder.klw	Risky first	10.0	1.6681048222036647	p_full	0.3893669672538488	0.4128729441942398	0.43739950192713095
log-power-n1n2psd.pathfinder.klw	Risky first	10.0	1.714523776462679	p_full	0.41347056742676325	0.4362815656928347	0.46038251191321067
log-power-n1n2psd.pathfinder.klw	Risky first	10.0	1.7622344476964418	p_full	0.43746223247662613	0.45986428961398335	0.48322042609307697
log-power-n1n2psd.pathfinder.klw	Risky first	10.0	1.8112727809788889	p_full	0.46115562956595	0.48325259829442163	0.5062179597951165
log-power-n1n2psd.pathfinder.klw	Risky first	10.0	1.861675721640487	p_full	0.4847371894901334	0.5065474912442984	0.5289352424169055
log-power-n1n2psd.pathfinder.klw	Risky first	10.0	1.9134812431027324	p_full	0.508036769648994	0.5294977843017479	0.5516517826700753
log-power-n1n2psd.pathfinder.klw	Risky first	10.0	1.9667283754872122	p_full	0.5308233317945168	0.5520527078944732	0.5741282726423578
log-power-n1n2psd.pathfinder.klw	Risky first	10.0	2.021457235020777	p_full	0.5532846543561266	0.5741761756240644	0.596174995089966
log-power-n1n2psd.pathfinder.klw	Risky first	10.0	2.0777090542589844	p_full	0.5749461627253469	0.595750523433053	0.6173600775358712
log-power-n1n2psd.pathfinder.klw	Risky first	10.0	2.1355262131505808	p_full	0.5961145116059062	0.6168309711214306	0.638222468312945
log-power-n1n2psd.pathfinder.klw	Risky first	10.0	2.1949522709664246	p_full	0.6168023136066547	0.6372437233159006	0.6584469595141944
log-power-n1n2psd.pathfinder.klw	Risky first	10.0	2.256031999116908	p_full	0.6366419775225978	0.6569273033618046	0.677844553378493
log-power-n1n2psd.pathfinder.klw	Risky first	10.0	2.3188114148826	p_full	0.6557156107978762	0.6758612790207734	0.6965488413082218
log-power-n1n2psd.pathfinder.klw	Risky first	10.0	2.3833378160835275	p_full	0.6740995960749647	0.6941345411083566	0.7146917985956023
log-power-n1n2psd.pathfinder.klw	Risky first	10.0	2.4496598167132055	p_full	0.6918931864953609	0.7116370434007674	0.7319308855539318
log-power-n1n2psd.pathfinder.klw	Risky first	10.0	2.5178273835642724	p_full	0.7087767604219245	0.728365585963147	0.7483534485580816
log-power-n1n2psd.pathfinder.klw	Risky first	10.0	2.58789187387332	p_full	0.7249171477625623	0.7442794721049903	0.7639743923997373
log-power-n1n2psd.pathfinder.klw	Risky first	10.0	2.659906074013276	p_full	0.7405443435678218	0.7595398073117074	0.7787227708153052
log-power-n1n2psd.pathfinder.klw	Risky first	10.0	2.7339242392624983	p_full	0.7551597579352624	0.7740471474960072	0.7929412481660683
log-power-n1n2psd.pathfinder.klw	Risky first	10.0	2.8100021346805373	p_full	0.7691452849638705	0.7877883738901335	0.8062493548430789
log-power-n1n2psd.pathfinder.klw	Risky first	10.0	2.8881970771213568	p_full	0.7824380895013282	0.8008479112741047	0.8188595944725019
log-power-n1n2psd.pathfinder.klw	Risky first	10.0	2.9685679784156793	p_full	0.7952901775022506	0.8133160521145133	0.8308514510219571
log-power-n1n2psd.pathfinder.klw	Risky first	10.0	3.051175389754982	p_full	0.8073377179937089	0.8250731044127178	0.8421458431759835
log-power-n1n2psd.pathfinder.klw	Risky first	10.0	3.1360815473105736	p_full	0.8185505263302176	0.836224442142027	0.8529144304620977
log-power-n1n2psd.pathfinder.klw	Risky first	10.0	3.2233504191221405	p_full	0.829344978445115	0.8467588991138714	0.8633088671232321
log-power-n1n2psd.pathfinder.klw	Risky first	10.0	3.31304775329107	p_full	0.8395212030305567	0.8568264892811175	0.8730278479270268
log-power-n1n2psd.pathfinder.klw	Risky first	10.0	3.40524112751487	p_full	0.8490181189953488	0.8662016067689	0.8819848983959861
log-power-n1n2psd.pathfinder.klw	Risky first	10.0	3.5000000000000004	p_full	0.8582864296758947	0.8750945539082604	0.8907695994900767
log-power-n1n2psd.pathfinder.klw	Risky first	10.0	1.2	p_bias_only	0.13464137368335136	0.16173378823575665	0.19156031057712963
log-power-n1n2psd.pathfinder.klw	Risky first	10.0	1.233392832614218	p_bias_only	0.14944085542330615	0.17683150321089466	0.20650087885892798
log-power-n1n2psd.pathfinder.klw	Risky first	10.0	1.267714899620104	p_bias_only	0.16576886305808083	0.19302808364694882	0.22228131413762311
log-power-n1n2psd.pathfinder.klw	Risky first	10.0	1.3029920591580744	p_bias_only	0.1829229584088126	0.21018434022424415	0.2393297044327993
log-power-n1n2psd.pathfinder.klw	Risky first	10.0	1.339250888932342	p_bias_only	0.20137809733584663	0.22836892444755585	0.25735544952668143
log-power-n1n2psd.pathfinder.klw	Risky first	10.0	1.3765187062344757	p_bias_only	0.22092485026021633	0.24759289948354762	0.27647984514268353
log-power-n1n2psd.pathfinder.klw	Risky first	10.0	1.4148235885241658	p_bias_only	0.24117541640051812	0.2679337808404429	0.2963971981347658
log-power-n1n2psd.pathfinder.klw	Risky first	10.0	1.454194394582695	p_bias_only	0.26267947819183113	0.28921595053231064	0.31740462621674176
log-power-n1n2psd.pathfinder.klw	Risky first	10.0	1.4946607862550567	p_bias_only	0.2849366172925688	0.31135549054233447	0.33894570500774635
log-power-n1n2psd.pathfinder.klw	Risky first	10.0	1.5362532507970992	p_bias_only	0.30833027408034896	0.3343048327810162	0.36106958453970356
log-power-n1n2psd.pathfinder.klw	Risky first	10.0	1.579003123844529	p_bias_only	0.3323212203176992	0.35780076575029085	0.38433183714617547
log-power-n1n2psd.pathfinder.klw	Risky first	10.0	1.6229426130210856	p_bias_only	0.356796854146622	0.38180486769671096	0.40769954439216594
log-power-n1n2psd.pathfinder.klw	Risky first	10.0	1.6681048222036647	p_bias_only	0.3815909834730781	0.40628901106908333	0.4316931847040941
log-power-n1n2psd.pathfinder.klw	Risky first	10.0	1.714523776462679	p_bias_only	0.4068387629109029	0.4308663079486084	0.45638659273339155
log-power-n1n2psd.pathfinder.klw	Risky first	10.0	1.7622344476964418	p_bias_only	0.4319789658984692	0.4556360444700256	0.4806565724503547
log-power-n1n2psd.pathfinder.klw	Risky first	10.0	1.8112727809788889	p_bias_only	0.4568477666249099	0.48027934123292115	0.5047526205181742
log-power-n1n2psd.pathfinder.klw	Risky first	10.0	1.861675721640487	p_bias_only	0.48161066012374737	0.5048375602016997	0.5288649138223539
log-power-n1n2psd.pathfinder.klw	Risky first	10.0	1.9134812431027324	p_bias_only	0.5061160323928784	0.5290471663540118	0.5529397732692063
log-power-n1n2psd.pathfinder.klw	Risky first	10.0	1.9667283754872122	p_bias_only	0.5303029390571783	0.5528311993403293	0.5765747612786035
log-power-n1n2psd.pathfinder.klw	Risky first	10.0	2.021457235020777	p_bias_only	0.5533573700435815	0.5762566089283534	0.5996389117775499
log-power-n1n2psd.pathfinder.klw	Risky first	10.0	2.0777090542589844	p_bias_only	0.5763202941379404	0.5989337431858612	0.622003935364072
log-power-n1n2psd.pathfinder.klw	Risky first	10.0	2.1355262131505808	p_bias_only	0.5984845686600044	0.6208225105501747	0.643917452549298
log-power-n1n2psd.pathfinder.klw	Risky first	10.0	2.1949522709664246	p_bias_only	0.6197907583424098	0.6420319792943099	0.6652293104397744
log-power-n1n2psd.pathfinder.klw	Risky first	10.0	2.256031999116908	p_bias_only	0.6406037222613032	0.662537494882079	0.6856558795580053
log-power-n1n2psd.pathfinder.klw	Risky first	10.0	2.3188114148826	p_bias_only	0.6605705208053281	0.6822570052664424	0.7045929054219353
log-power-n1n2psd.pathfinder.klw	Risky first	10.0	2.3833378160835275	p_bias_only	0.6795779765307993	0.7010052768942594	0.7230312893521549
log-power-n1n2psd.pathfinder.klw	Risky first	10.0	2.4496598167132055	p_bias_only	0.6977699901809609	0.7189642261090196	0.7404849822504419
log-power-n1n2psd.pathfinder.klw	Risky first	10.0	2.5178273835642724	p_bias_only	0.7148689742417663	0.7360692757539661	0.7570516653861001
log-power-n1n2psd.pathfinder.klw	Risky first	10.0	2.58789187387332	p_bias_only	0.7312053994431745	0.7522833501001458	0.7732267830963867
log-power-n1n2psd.pathfinder.klw	Risky first	10.0	2.659906074013276	p_bias_only	0.7469123551836012	0.7677063785121813	0.7882085648888071
log-power-n1n2psd.pathfinder.klw	Risky first	10.0	2.7339242392624983	p_bias_only	0.7617805775664702	0.7823038316091013	0.8024832969880255
log-power-n1n2psd.pathfinder.klw	Risky first	10.0	2.8100021346805373	p_bias_only	0.7760056423968067	0.7961313264796808	0.8158900161742235
log-power-n1n2psd.pathfinder.klw	Risky first	10.0	2.8881970771213568	p_bias_only	0.7894702344935816	0.8091826183381566	0.8286996969542216
log-power-n1n2psd.pathfinder.klw	Risky first	10.0	2.9685679784156793	p_bias_only	0.8022338927762398	0.821512222369468	0.8406853358643446
log-power-n1n2psd.pathfinder.klw	Risky first	10.0	3.051175389754982	p_bias_only	0.8142377501322754	0.8331481407945016	0.8519327227195876
log-power-n1n2psd.pathfinder.klw	Risky first	10.0	3.1360815473105736	p_bias_only	0.8257500627498928	0.8441261191977384	0.8624637157317518
log-power-n1n2psd.pathfinder.klw	Risky first	10.0	3.2233504191221405	p_bias_only	0.8364803404297186	0.8545236430585861	0.8724481650247066
log-power-n1n2psd.pathfinder.klw	Risky first	10.0	3.31304775329107	p_bias_only	0.8464735480053519	0.864341541725665	0.8818422613027048
log-power-n1n2psd.pathfinder.klw	Risky first	10.0	3.40524112751487	p_bias_only	0.8560335121578347	0.8735878573993028	0.8906284398392625
log-power-n1n2psd.pathfinder.klw	Risky first	10.0	3.5000000000000004	p_bias_only	0.865002075825385	0.8822852702375157	0.899029832281381
log-power-n1n2psd.pathfinder.klw	Risky first	10.0	1.2	p_scale_only	0.13504186146829336	0.1640847811158906	0.19588711051186
log-power-n1n2psd.pathfinder.klw	Risky first	10.0	1.233392832614218	p_scale_only	0.1503672778828767	0.17940607498043476	0.2111888942940711
log-power-n1n2psd.pathfinder.klw	Risky first	10.0	1.267714899620104	p_scale_only	0.1668334526049675	0.1958376876928707	0.2270349946733211
log-power-n1n2psd.pathfinder.klw	Risky first	10.0	1.3029920591580744	p_scale_only	0.18456129943686975	0.21316366074949558	0.2439451160686938
log-power-n1n2psd.pathfinder.klw	Risky first	10.0	1.339250888932342	p_scale_only	0.2029849141977926	0.2316299632421996	0.2620084696964639
log-power-n1n2psd.pathfinder.klw	Risky first	10.0	1.3765187062344757	p_scale_only	0.22219011109736084	0.2510573915120332	0.28109885879618624
log-power-n1n2psd.pathfinder.klw	Risky first	10.0	1.4148235885241658	p_scale_only	0.24292976069446492	0.27119481799009976	0.3012415663879428
log-power-n1n2psd.pathfinder.klw	Risky first	10.0	1.454194394582695	p_scale_only	0.264010486710124	0.29212860377898386	0.3222168320257955
log-power-n1n2psd.pathfinder.klw	Risky first	10.0	1.4946607862550567	p_scale_only	0.28606473014848666	0.3139558584595731	0.34342580538552203
log-power-n1n2psd.pathfinder.klw	Risky first	10.0	1.5362532507970992	p_scale_only	0.3088312181886767	0.3363795599843066	0.3653117735437205
log-power-n1n2psd.pathfinder.klw	Risky first	10.0	1.579003123844529	p_scale_only	0.3320249684339594	0.3591838939978914	0.38776618211191693
log-power-n1n2psd.pathfinder.klw	Risky first	10.0	1.6229426130210856	p_scale_only	0.3555501225043532	0.38244828237078765	0.4104125579174202
log-power-n1n2psd.pathfinder.klw	Risky first	10.0	1.6681048222036647	p_scale_only	0.37956897937840217	0.40600301088340457	0.4335845675118672
log-power-n1n2psd.pathfinder.klw	Risky first	10.0	1.714523776462679	p_scale_only	0.403758250288221	0.42972979299768843	0.4569630543185907
log-power-n1n2psd.pathfinder.klw	Risky first	10.0	1.7622344476964418	p_scale_only	0.42815037416729596	0.4533766693896379	0.4804830176474659
log-power-n1n2psd.pathfinder.klw	Risky first	10.0	1.8112727809788889	p_scale_only	0.45215788092187215	0.476993827290356	0.5040566928678226
log-power-n1n2psd.pathfinder.klw	Risky first	10.0	1.861675721640487	p_scale_only	0.47618090517802564	0.5005112611810498	0.5269437516413993
log-power-n1n2psd.pathfinder.klw	Risky first	10.0	1.9134812431027324	p_scale_only	0.4997724528586071	0.5236466664353714	0.5497311040156141
log-power-n1n2psd.pathfinder.klw	Risky first	10.0	1.9667283754872122	p_scale_only	0.5227805136124127	0.5464367908406513	0.5720407184888678
log-power-n1n2psd.pathfinder.klw	Risky first	10.0	2.021457235020777	p_scale_only	0.5454688643675574	0.568816301124735	0.594161610431999
log-power-n1n2psd.pathfinder.klw	Risky first	10.0	2.0777090542589844	p_scale_only	0.5675956450164722	0.5907248706833721	0.6156199034396543
log-power-n1n2psd.pathfinder.klw	Risky first	10.0	2.1355262131505808	p_scale_only	0.5890022915386903	0.6120126402174232	0.6364611048255835
log-power-n1n2psd.pathfinder.klw	Risky first	10.0	2.1949522709664246	p_scale_only	0.610029144686479	0.6326287614815881	0.6566620382024354
log-power-n1n2psd.pathfinder.klw	Risky first	10.0	2.256031999116908	p_scale_only	0.6302298348585774	0.6525027790413924	0.6760956647422283
log-power-n1n2psd.pathfinder.klw	Risky first	10.0	2.3188114148826	p_scale_only	0.6495754056311516	0.6716902624639891	0.6948985799677825
log-power-n1n2psd.pathfinder.klw	Risky first	10.0	2.3833378160835275	p_scale_only	0.6681140425264225	0.6901663436150746	0.7131414365048732
log-power-n1n2psd.pathfinder.klw	Risky first	10.0	2.4496598167132055	p_scale_only	0.6860391015228732	0.7077681559218705	0.7305037549877808
log-power-n1n2psd.pathfinder.klw	Risky first	10.0	2.5178273835642724	p_scale_only	0.7032766531019811	0.724641435138824	0.7470146074558701
log-power-n1n2psd.pathfinder.klw	Risky first	10.0	2.58789187387332	p_scale_only	0.7197501660506513	0.7407469613652171	0.7627177231468563
log-power-n1n2psd.pathfinder.klw	Risky first	10.0	2.659906074013276	p_scale_only	0.7354761639462509	0.7561071199433904	0.777707797116218
log-power-n1n2psd.pathfinder.klw	Risky first	10.0	2.7339242392624983	p_scale_only	0.7503761334237288	0.770751955716897	0.7918017897784688
log-power-n1n2psd.pathfinder.klw	Risky first	10.0	2.8100021346805373	p_scale_only	0.7646942752040266	0.7847212002026793	0.8052042427980872
log-power-n1n2psd.pathfinder.klw	Risky first	10.0	2.8881970771213568	p_scale_only	0.778284912226897	0.7980663735989493	0.818057377735072
log-power-n1n2psd.pathfinder.klw	Risky first	10.0	2.9685679784156793	p_scale_only	0.7910074755490754	0.8105922695530949	0.8303657714044191
log-power-n1n2psd.pathfinder.klw	Risky first	10.0	3.051175389754982	p_scale_only	0.8033387236039939	0.8225300290731337	0.8418545581799015
log-power-n1n2psd.pathfinder.klw	Risky first	10.0	3.1360815473105736	p_scale_only	0.8148776285115931	0.8338047833100436	0.8528376533298095
log-power-n1n2psd.pathfinder.klw	Risky first	10.0	3.2233504191221405	p_scale_only	0.8259480887212073	0.8444750448564713	0.8632434236737055
log-power-n1n2psd.pathfinder.klw	Risky first	10.0	3.31304775329107	p_scale_only	0.8364840529396892	0.8546168813284258	0.8730900058514129
log-power-n1n2psd.pathfinder.klw	Risky first	10.0	3.40524112751487	p_scale_only	0.8462736283365966	0.8642310377411879	0.8823373492388752
log-power-n1n2psd.pathfinder.klw	Risky first	10.0	3.5000000000000004	p_scale_only	0.8556803784054329	0.8732550537203989	0.8908705453770255
log-power-n1n2psd.pathfinder.klw	Risky first	10.0	1.2	dp_full	-0.020362716941048607	0.017125231725555905	0.052779329181578655
log-power-n1n2psd.pathfinder.klw	Risky first	10.0	1.233392832614218	dp_full	-0.019346789706409257	0.01790302241590573	0.053447788512937716
log-power-n1n2psd.pathfinder.klw	Risky first	10.0	1.267714899620104	dp_full	-0.0188791071190822	0.018475136395737807	0.053615208821083005
log-power-n1n2psd.pathfinder.klw	Risky first	10.0	1.3029920591580744	dp_full	-0.01803598129964399	0.01885027539867662	0.05305853155241432
log-power-n1n2psd.pathfinder.klw	Risky first	10.0	1.339250888932342	dp_full	-0.017333852937457334	0.018927909538908633	0.05250666368989072
log-power-n1n2psd.pathfinder.klw	Risky first	10.0	1.3765187062344757	dp_full	-0.016925718370821186	0.018835240114674585	0.05164027327783735
log-power-n1n2psd.pathfinder.klw	Risky first	10.0	1.4148235885241658	dp_full	-0.016482162052711212	0.01859783654925826	0.05038735015093217
log-power-n1n2psd.pathfinder.klw	Risky first	10.0	1.454194394582695	dp_full	-0.015754054871908958	0.018321857105627892	0.04884691236685907
log-power-n1n2psd.pathfinder.klw	Risky first	10.0	1.4946607862550567	dp_full	-0.0155453673081941	0.017750222427512924	0.04708979467305545
log-power-n1n2psd.pathfinder.klw	Risky first	10.0	1.5362532507970992	dp_full	-0.015442054162477802	0.01698559903817671	0.04504125223327122
log-power-n1n2psd.pathfinder.klw	Risky first	10.0	1.579003123844529	dp_full	-0.014913096730112494	0.01594650861417915	0.04254535727960325
log-power-n1n2psd.pathfinder.klw	Risky first	10.0	1.6229426130210856	dp_full	-0.014681802514145173	0.014981655981203018	0.04059843696333401
log-power-n1n2psd.pathfinder.klw	Risky first	10.0	1.6681048222036647	dp_full	-0.014529399604178874	0.013936393472641721	0.03837806766644687
log-power-n1n2psd.pathfinder.klw	Risky first	10.0	1.714523776462679	dp_full	-0.015028813299691083	0.012654605532637354	0.03645209427296002
log-power-n1n2psd.pathfinder.klw	Risky first	10.0	1.7622344476964418	dp_full	-0.015000996040147103	0.011539782519308527	0.03438471431940271
log-power-n1n2psd.pathfinder.klw	Risky first	10.0	1.8112727809788889	dp_full	-0.015434312369395423	0.010328497245294294	0.03270695733672269
log-power-n1n2psd.pathfinder.klw	Risky first	10.0	1.861675721640487	dp_full	-0.016231830282934068	0.009101893289064234	0.031172350684009493
log-power-n1n2psd.pathfinder.klw	Risky first	10.0	1.9134812431027324	dp_full	-0.01643780166228839	0.007935908890100275	0.029457780784461842
log-power-n1n2psd.pathfinder.klw	Risky first	10.0	1.9667283754872122	dp_full	-0.016969568964043794	0.006687616953170133	0.02858691432025015
log-power-n1n2psd.pathfinder.klw	Risky first	10.0	2.021457235020777	dp_full	-0.017941713376262644	0.005522600478479215	0.027681952548595276
log-power-n1n2psd.pathfinder.klw	Risky first	10.0	2.0777090542589844	dp_full	-0.018890453561288587	0.004501057998503855	0.02694417672871925
log-power-n1n2psd.pathfinder.klw	Risky first	10.0	2.1355262131505808	dp_full	-0.019818248212393863	0.0034373839352564318	0.026138088631597577
log-power-n1n2psd.pathfinder.klw	Risky first	10.0	2.1949522709664246	dp_full	-0.020579184795203792	0.0026198661753834953	0.02550466737184444
log-power-n1n2psd.pathfinder.klw	Risky first	10.0	2.256031999116908	dp_full	-0.021441584294174955	0.0018190625231107394	0.025263353668029582
log-power-n1n2psd.pathfinder.klw	Risky first	10.0	2.3188114148826	dp_full	-0.02232433192551277	0.001027766142650649	0.024761973117976618
log-power-n1n2psd.pathfinder.klw	Risky first	10.0	2.3833378160835275	dp_full	-0.022909928556016243	0.00040859293448073373	0.023968071312287863
log-power-n1n2psd.pathfinder.klw	Risky first	10.0	2.4496598167132055	dp_full	-0.02348964814751806	-0.00022287642737142834	0.023491771003870055
log-power-n1n2psd.pathfinder.klw	Risky first	10.0	2.5178273835642724	dp_full	-0.023849109115625825	-0.0006809457766976929	0.023176648648736788
log-power-n1n2psd.pathfinder.klw	Risky first	10.0	2.58789187387332	dp_full	-0.024451378821720295	-0.0011583747698640434	0.022304969744793065
log-power-n1n2psd.pathfinder.klw	Risky first	10.0	2.659906074013276	dp_full	-0.024875776693229348	-0.0016025569031961587	0.021851396674430687
log-power-n1n2psd.pathfinder.klw	Risky first	10.0	2.7339242392624983	dp_full	-0.02525635143260039	-0.0019834521241361633	0.021431982551482046
log-power-n1n2psd.pathfinder.klw	Risky first	10.0	2.8100021346805373	dp_full	-0.025583797775069736	-0.0023635745095243062	0.020875787283855078
log-power-n1n2psd.pathfinder.klw	Risky first	10.0	2.8881970771213568	dp_full	-0.0257078067179511	-0.002701912623119554	0.020212483173765776
log-power-n1n2psd.pathfinder.klw	Risky first	10.0	2.9685679784156793	dp_full	-0.02593876761614811	-0.003035262060020082	0.019819723833182857
log-power-n1n2psd.pathfinder.klw	Risky first	10.0	3.051175389754982	dp_full	-0.02587182125068077	-0.003305248380947201	0.019143236024522052
log-power-n1n2psd.pathfinder.klw	Risky first	10.0	3.1360815473105736	dp_full	-0.02592778758107661	-0.003600374259864727	0.01867464910763602
log-power-n1n2psd.pathfinder.klw	Risky first	10.0	3.2233504191221405	dp_full	-0.02587829586235385	-0.0038808977068716427	0.018400524056456015
log-power-n1n2psd.pathfinder.klw	Risky first	10.0	3.31304775329107	dp_full	-0.025866179536848777	-0.00405869298933261	0.01781371523261912
log-power-n1n2psd.pathfinder.klw	Risky first	10.0	3.40524112751487	dp_full	-0.025742712763673646	-0.004237480227030484	0.017453438622124104
log-power-n1n2psd.pathfinder.klw	Risky first	10.0	3.5000000000000004	dp_full	-0.025707138945597518	-0.004397797980594752	0.01693072219939669
log-power-n1n2psd.pathfinder.klw	Risky first	10.0	1.2	dp_bias	-0.026249053954078394	0.007448610132773856	0.038280043566917846
log-power-n1n2psd.pathfinder.klw	Risky first	10.0	1.233392832614218	dp_bias	-0.0259923888051681	0.0076251908821974015	0.03847091312334391
log-power-n1n2psd.pathfinder.klw	Risky first	10.0	1.267714899620104	dp_bias	-0.026063172290535522	0.007784350694175481	0.03840576929614643
log-power-n1n2psd.pathfinder.klw	Risky first	10.0	1.3029920591580744	dp_bias	-0.02608839024924031	0.007819575374492621	0.03827414445910765
log-power-n1n2psd.pathfinder.klw	Risky first	10.0	1.339250888932342	dp_bias	-0.026042627478986124	0.007811638085422009	0.03785745428318843
log-power-n1n2psd.pathfinder.klw	Risky first	10.0	1.3765187062344757	dp_bias	-0.025768005987144578	0.007782660317936941	0.03701439385740267
log-power-n1n2psd.pathfinder.klw	Risky first	10.0	1.4148235885241658	dp_bias	-0.025243590941872385	0.007629797022288854	0.03599522004776608
log-power-n1n2psd.pathfinder.klw	Risky first	10.0	1.454194394582695	dp_bias	-0.024845045583921047	0.0075084541076901375	0.03550352272223373
log-power-n1n2psd.pathfinder.klw	Risky first	10.0	1.4946607862550567	dp_bias	-0.02413716552195682	0.007378569733945966	0.034621360020189465
log-power-n1n2psd.pathfinder.klw	Risky first	10.0	1.5362532507970992	dp_bias	-0.02343154269889078	0.007343805773516204	0.03358613122694631
log-power-n1n2psd.pathfinder.klw	Risky first	10.0	1.579003123844529	dp_bias	-0.022690987946770647	0.007368535925168971	0.03257628210702462
log-power-n1n2psd.pathfinder.klw	Risky first	10.0	1.6229426130210856	dp_bias	-0.02184079209194039	0.007298484837831932	0.03152051622795997
log-power-n1n2psd.pathfinder.klw	Risky first	10.0	1.6681048222036647	dp_bias	-0.020821734709567146	0.007334666603099272	0.03072447991005434
log-power-n1n2psd.pathfinder.klw	Risky first	10.0	1.714523776462679	dp_bias	-0.019887954983364847	0.0073461217388913445	0.02985668755446882
log-power-n1n2psd.pathfinder.klw	Risky first	10.0	1.7622344476964418	dp_bias	-0.019305985303632263	0.007484938258517316	0.029198744850130985
log-power-n1n2psd.pathfinder.klw	Risky first	10.0	1.8112727809788889	dp_bias	-0.01815312968391136	0.007524161004509244	0.028798620544175636
log-power-n1n2psd.pathfinder.klw	Risky first	10.0	1.861675721640487	dp_bias	-0.017198052828232176	0.007543497704391914	0.02865885252273179
log-power-n1n2psd.pathfinder.klw	Risky first	10.0	1.9134812431027324	dp_bias	-0.01647928845309509	0.0075741513238807515	0.028683826796657798
log-power-n1n2psd.pathfinder.klw	Risky first	10.0	1.9667283754872122	dp_bias	-0.016067968310270984	0.007583834411724846	0.028823493660052574
log-power-n1n2psd.pathfinder.klw	Risky first	10.0	2.021457235020777	dp_bias	-0.01551570835712439	0.007580689757226122	0.028896866329799435
log-power-n1n2psd.pathfinder.klw	Risky first	10.0	2.0777090542589844	dp_bias	-0.015444679478001566	0.007670256367333367	0.029072334524373297
log-power-n1n2psd.pathfinder.klw	Risky first	10.0	2.1355262131505808	dp_bias	-0.015083160476689918	0.007587312894998725	0.029236968864883126
log-power-n1n2psd.pathfinder.klw	Risky first	10.0	2.1949522709664246	dp_bias	-0.01513710646643551	0.007518465585293247	0.0294430619976093
log-power-n1n2psd.pathfinder.klw	Risky first	10.0	2.256031999116908	dp_bias	-0.01542107225131086	0.007472940868813097	0.02982469421813581
log-power-n1n2psd.pathfinder.klw	Risky first	10.0	2.3188114148826	dp_bias	-0.015159490048893259	0.007382469849507819	0.030007165116564306
log-power-n1n2psd.pathfinder.klw	Risky first	10.0	2.3833378160835275	dp_bias	-0.01512197231532229	0.0072590898086205505	0.029941683984974973
log-power-n1n2psd.pathfinder.klw	Risky first	10.0	2.4496598167132055	dp_bias	-0.015256728935804181	0.007184233828409719	0.029976788828165485
log-power-n1n2psd.pathfinder.klw	Risky first	10.0	2.5178273835642724	dp_bias	-0.015192463075537337	0.007048495478611234	0.029755827855844758
log-power-n1n2psd.pathfinder.klw	Risky first	10.0	2.58789187387332	dp_bias	-0.015404540698658204	0.006827713363104537	0.029425375239011477
log-power-n1n2psd.pathfinder.klw	Risky first	10.0	2.659906074013276	dp_bias	-0.015387716694496152	0.006528865463427931	0.028953875591468718
log-power-n1n2psd.pathfinder.klw	Risky first	10.0	2.7339242392624983	dp_bias	-0.015286162281954743	0.006247609853204549	0.028274086090934944
log-power-n1n2psd.pathfinder.klw	Risky first	10.0	2.8100021346805373	dp_bias	-0.015344881805097722	0.005938019737298373	0.0276547878345188
log-power-n1n2psd.pathfinder.klw	Risky first	10.0	2.8881970771213568	dp_bias	-0.015339140530851366	0.005581514425902237	0.027166060551339247
log-power-n1n2psd.pathfinder.klw	Risky first	10.0	2.9685679784156793	dp_bias	-0.015412586620665445	0.005252304889587974	0.02633612066266085
log-power-n1n2psd.pathfinder.klw	Risky first	10.0	3.051175389754982	dp_bias	-0.01560499871416465	0.004870482709834974	0.025538661451689287
log-power-n1n2psd.pathfinder.klw	Risky first	10.0	3.1360815473105736	dp_bias	-0.015774149517753713	0.0044699701324245385	0.02468685386952231
log-power-n1n2psd.pathfinder.klw	Risky first	10.0	3.2233504191221405	dp_bias	-0.015919257490599244	0.004049073722678263	0.024167715998670323
log-power-n1n2psd.pathfinder.klw	Risky first	10.0	3.31304775329107	dp_bias	-0.015780694265407198	0.003577998194811002	0.023372669607494272
log-power-n1n2psd.pathfinder.klw	Risky first	10.0	3.40524112751487	dp_bias	-0.015982063430277412	0.0031337442057186964	0.02249719779392288
log-power-n1n2psd.pathfinder.klw	Risky first	10.0	3.5000000000000004	dp_bias	-0.016182735755105027	0.002829337886754035	0.02169465027784688
log-power-n1n2psd.pathfinder.klw	Risky first	10.0	1.2	dp_scale	-0.00649124042514869	0.009470460394130475	0.025225593388066566
log-power-n1n2psd.pathfinder.klw	Risky first	10.0	1.233392832614218	dp_scale	-0.006090456260586921	0.00994087875045772	0.02572657892100776
log-power-n1n2psd.pathfinder.klw	Risky first	10.0	1.267714899620104	dp_scale	-0.005602260038493257	0.01034824908649054	0.025842943668375258
log-power-n1n2psd.pathfinder.klw	Risky first	10.0	1.3029920591580744	dp_scale	-0.0051538555350227645	0.010621141935957121	0.02581249285143983
log-power-n1n2psd.pathfinder.klw	Risky first	10.0	1.339250888932342	dp_scale	-0.004594895635972424	0.010708674573566807	0.025587594133773983
log-power-n1n2psd.pathfinder.klw	Risky first	10.0	1.3765187062344757	dp_scale	-0.004074157256247722	0.010760830101277322	0.025042162552056216
log-power-n1n2psd.pathfinder.klw	Risky first	10.0	1.4148235885241658	dp_scale	-0.0036779221347048607	0.010587361240189866	0.024287964608301446
log-power-n1n2psd.pathfinder.klw	Risky first	10.0	1.454194394582695	dp_scale	-0.003153862285004552	0.010264066452407926	0.023104669021329523
log-power-n1n2psd.pathfinder.klw	Risky first	10.0	1.4946607862550567	dp_scale	-0.0028477807336089616	0.009763934328275506	0.021840512372520774
log-power-n1n2psd.pathfinder.klw	Risky first	10.0	1.5362532507970992	dp_scale	-0.002406092842871932	0.009177445928703053	0.02039902183646573
log-power-n1n2psd.pathfinder.klw	Risky first	10.0	1.579003123844529	dp_scale	-0.0021754309720896365	0.00842642711587098	0.018768918765921995
log-power-n1n2psd.pathfinder.klw	Risky first	10.0	1.6229426130210856	dp_scale	-0.002143976229351537	0.007584313101536072	0.017101236075198315
log-power-n1n2psd.pathfinder.klw	Risky first	10.0	1.6681048222036647	dp_scale	-0.00226139449955802	0.006716015718930705	0.015404311180548698
log-power-n1n2psd.pathfinder.klw	Risky first	10.0	1.714523776462679	dp_scale	-0.0024480928771495537	0.0057297680158247205	0.013898232386983535
log-power-n1n2psd.pathfinder.klw	Risky first	10.0	1.7622344476964418	dp_scale	-0.002945037656715463	0.004779230800387028	0.012597595570305398
log-power-n1n2psd.pathfinder.klw	Risky first	10.0	1.8112727809788889	dp_scale	-0.003657897591459963	0.003815496237715691	0.011361166248627836
log-power-n1n2psd.pathfinder.klw	Risky first	10.0	1.861675721640487	dp_scale	-0.004603725288063104	0.0028098088176513043	0.010180482470098251
log-power-n1n2psd.pathfinder.klw	Risky first	10.0	1.9134812431027324	dp_scale	-0.005856791629137331	0.0019031595908373972	0.00932840981472913
log-power-n1n2psd.pathfinder.klw	Risky first	10.0	1.9667283754872122	dp_scale	-0.007011344961471417	0.0010235710312841415	0.008795706326529025
log-power-n1n2psd.pathfinder.klw	Risky first	10.0	2.021457235020777	dp_scale	-0.008465472063328355	0.00017537369425970023	0.008407323381959512
log-power-n1n2psd.pathfinder.klw	Risky first	10.0	2.0777090542589844	dp_scale	-0.009889522059163427	-0.000685929591134097	0.008154669473374732
log-power-n1n2psd.pathfinder.klw	Risky first	10.0	2.1355262131505808	dp_scale	-0.011372210805722259	-0.0014748204557272697	0.00806812397596248
log-power-n1n2psd.pathfinder.klw	Risky first	10.0	2.1949522709664246	dp_scale	-0.012630154788470559	-0.002160726503734496	0.008134173097017668
log-power-n1n2psd.pathfinder.klw	Risky first	10.0	2.256031999116908	dp_scale	-0.013730531517246562	-0.0027919971876011846	0.008042025565199477
log-power-n1n2psd.pathfinder.klw	Risky first	10.0	2.3188114148826	dp_scale	-0.014566157322032473	-0.0033586900192376914	0.008075232072744387
log-power-n1n2psd.pathfinder.klw	Risky first	10.0	2.3833378160835275	dp_scale	-0.015461635864987555	-0.003855066151364776	0.00795873245131189
log-power-n1n2psd.pathfinder.klw	Risky first	10.0	2.4496598167132055	dp_scale	-0.01615002920170792	-0.004245065644262842	0.007955050114269462
log-power-n1n2psd.pathfinder.klw	Risky first	10.0	2.5178273835642724	dp_scale	-0.016747696360310073	-0.004579774665294708	0.008054028050114664
log-power-n1n2psd.pathfinder.klw	Risky first	10.0	2.58789187387332	dp_scale	-0.017317190397432698	-0.00487772136513453	0.00806653102508187
log-power-n1n2psd.pathfinder.klw	Risky first	10.0	2.659906074013276	dp_scale	-0.01780982466574682	-0.00512351972929091	0.008204837108592229
log-power-n1n2psd.pathfinder.klw	Risky first	10.0	2.7339242392624983	dp_scale	-0.018032132323127344	-0.005303251005878164	0.008172773982293591
log-power-n1n2psd.pathfinder.klw	Risky first	10.0	2.8100021346805373	dp_scale	-0.018343352711453775	-0.005491117085872219	0.008090010827163392
log-power-n1n2psd.pathfinder.klw	Risky first	10.0	2.8881970771213568	dp_scale	-0.018558706338972587	-0.005600240042223209	0.008033001798259295
log-power-n1n2psd.pathfinder.klw	Risky first	10.0	2.9685679784156793	dp_scale	-0.018793108940638497	-0.005693233883303599	0.007931555789786254
log-power-n1n2psd.pathfinder.klw	Risky first	10.0	3.051175389754982	dp_scale	-0.018941687018881957	-0.0058626920729367305	0.007830059471667818
log-power-n1n2psd.pathfinder.klw	Risky first	10.0	3.1360815473105736	dp_scale	-0.018958777842811723	-0.005954441414469122	0.007572420789362133
log-power-n1n2psd.pathfinder.klw	Risky first	10.0	3.2233504191221405	dp_scale	-0.01906349483748767	-0.006001963937214701	0.007275995494297176
log-power-n1n2psd.pathfinder.klw	Risky first	10.0	3.31304775329107	dp_scale	-0.018945540194261586	-0.006083568160534212	0.006936201477065705
log-power-n1n2psd.pathfinder.klw	Risky first	10.0	3.40524112751487	dp_scale	-0.01883265656261584	-0.006148522287437116	0.006687687428238927
log-power-n1n2psd.pathfinder.klw	Risky first	10.0	3.5000000000000004	dp_scale	-0.018685652202395948	-0.006188136006861511	0.006404363718265093
log-power-n1n2psd.pathfinder.klw	Risky first	10.0	1.2	dp_interaction	-0.005404019819240354	0.00038665819878314447	0.006483985570925243
log-power-n1n2psd.pathfinder.klw	Risky first	10.0	1.233392832614218	dp_interaction	-0.005493557964402118	0.000511923024592094	0.006598885583302284
log-power-n1n2psd.pathfinder.klw	Risky first	10.0	1.267714899620104	dp_interaction	-0.005546995268142616	0.0005678184577567514	0.0065389270381155705
log-power-n1n2psd.pathfinder.klw	Risky first	10.0	1.3029920591580744	dp_interaction	-0.0055676560323982835	0.0006175269512926997	0.00653400051912576
log-power-n1n2psd.pathfinder.klw	Risky first	10.0	1.339250888932342	dp_interaction	-0.005562210667513824	0.0006793724775221877	0.006546203682742058
log-power-n1n2psd.pathfinder.klw	Risky first	10.0	1.3765187062344757	dp_interaction	-0.005452542883988539	0.0007116924718689399	0.006466482086757285
log-power-n1n2psd.pathfinder.klw	Risky first	10.0	1.4148235885241658	dp_interaction	-0.005346258676183481	0.0007503387287265009	0.006469445129474638
log-power-n1n2psd.pathfinder.klw	Risky first	10.0	1.454194394582695	dp_interaction	-0.005216392277676329	0.0007411448530954206	0.006329730590252615
log-power-n1n2psd.pathfinder.klw	Risky first	10.0	1.4946607862550567	dp_interaction	-0.004995017045147643	0.0006532359001538176	0.006117107110573422
log-power-n1n2psd.pathfinder.klw	Risky first	10.0	1.5362532507970992	dp_interaction	-0.004820297867861387	0.0005539838422830919	0.005806739681894855
log-power-n1n2psd.pathfinder.klw	Risky first	10.0	1.579003123844529	dp_interaction	-0.0046493663480197105	0.00039820939535108933	0.0054834939059483275
log-power-n1n2psd.pathfinder.klw	Risky first	10.0	1.6229426130210856	dp_interaction	-0.004493844575297195	0.0001751159623837821	0.005033453637454903
log-power-n1n2psd.pathfinder.klw	Risky first	10.0	1.6681048222036647	dp_interaction	-0.004389304291172343	-7.033734140283218e-05	0.0046092599087773625
log-power-n1n2psd.pathfinder.klw	Risky first	10.0	1.714523776462679	dp_interaction	-0.004313921095963047	-0.00034575723807659493	0.0041727508516637545
log-power-n1n2psd.pathfinder.klw	Risky first	10.0	1.7622344476964418	dp_interaction	-0.00444475400650905	-0.0006350883142930688	0.003737513291478034
log-power-n1n2psd.pathfinder.klw	Risky first	10.0	1.8112727809788889	dp_interaction	-0.004727561461958258	-0.0009598702995533221	0.00334949495498453
log-power-n1n2psd.pathfinder.klw	Risky first	10.0	1.861675721640487	dp_interaction	-0.005159534257049516	-0.0012646433485694732	0.00300863112734572
log-power-n1n2psd.pathfinder.klw	Risky first	10.0	1.9134812431027324	dp_interaction	-0.005635926336047518	-0.0015773338564762504	0.002840012144330255
log-power-n1n2psd.pathfinder.klw	Risky first	10.0	1.9667283754872122	dp_interaction	-0.006090395101948058	-0.0018818554176557244	0.0028282305081613348
log-power-n1n2psd.pathfinder.klw	Risky first	10.0	2.021457235020777	dp_interaction	-0.0066430418112299735	-0.002175855725085222	0.002707169753235223
log-power-n1n2psd.pathfinder.klw	Risky first	10.0	2.0777090542589844	dp_interaction	-0.00702227965064365	-0.0024582473438038814	0.002780806682864358
log-power-n1n2psd.pathfinder.klw	Risky first	10.0	2.1355262131505808	dp_interaction	-0.007440167039356379	-0.0026956776499491627	0.0029082142346541725
log-power-n1n2psd.pathfinder.klw	Risky first	10.0	2.1949522709664246	dp_interaction	-0.0078177583664197	-0.0029021524306746633	0.002908227017246798
log-power-n1n2psd.pathfinder.klw	Risky first	10.0	2.256031999116908	dp_interaction	-0.00819782066879077	-0.0030501049728868163	0.0029458216120497173
log-power-n1n2psd.pathfinder.klw	Risky first	10.0	2.3188114148826	dp_interaction	-0.0084578791876079	-0.0031660609907425666	0.0029912322301105716
log-power-n1n2psd.pathfinder.klw	Risky first	10.0	2.3833378160835275	dp_interaction	-0.008658259322656629	-0.0032528555156395773	0.0030184302896390037
log-power-n1n2psd.pathfinder.klw	Risky first	10.0	2.4496598167132055	dp_interaction	-0.008781789372434236	-0.003292573089298144	0.0029995953361841555
log-power-n1n2psd.pathfinder.klw	Risky first	10.0	2.5178273835642724	dp_interaction	-0.00879414646856073	-0.0032982949885417977	0.0030419171146380724
log-power-n1n2psd.pathfinder.klw	Risky first	10.0	2.58789187387332	dp_interaction	-0.008742532625137798	-0.0032428804434581245	0.0030475751211753964
log-power-n1n2psd.pathfinder.klw	Risky first	10.0	2.659906074013276	dp_interaction	-0.008668919005683779	-0.003148830704639149	0.002982252468527921
log-power-n1n2psd.pathfinder.klw	Risky first	10.0	2.7339242392624983	dp_interaction	-0.008437488787406843	-0.0030203479349816377	0.002939054628068837
log-power-n1n2psd.pathfinder.klw	Risky first	10.0	2.8100021346805373	dp_interaction	-0.008241965988977413	-0.0028482306566977983	0.0029104565724053185
log-power-n1n2psd.pathfinder.klw	Risky first	10.0	2.8881970771213568	dp_interaction	-0.008017646985444231	-0.0026929468564357417	0.002864227792807473
log-power-n1n2psd.pathfinder.klw	Risky first	10.0	2.9685679784156793	dp_interaction	-0.007757315325316119	-0.002497263850538425	0.00279218205521432
log-power-n1n2psd.pathfinder.klw	Risky first	10.0	3.051175389754982	dp_interaction	-0.007418751250037719	-0.0022885448207237576	0.0027863794409792885
log-power-n1n2psd.pathfinder.klw	Risky first	10.0	3.1360815473105736	dp_interaction	-0.007033933534797042	-0.0020531431622165955	0.0028787018270033755
log-power-n1n2psd.pathfinder.klw	Risky first	10.0	3.2233504191221405	dp_interaction	-0.006727945537713965	-0.0017915195423995056	0.002950984697551716
log-power-n1n2psd.pathfinder.klw	Risky first	10.0	3.31304775329107	dp_interaction	-0.006377301523276118	-0.0015329222992293326	0.0030393249194050898
log-power-n1n2psd.pathfinder.klw	Risky first	10.0	3.40524112751487	dp_interaction	-0.006028593051845851	-0.0012779470298400286	0.0031838050698795254
log-power-n1n2psd.pathfinder.klw	Risky first	10.0	3.5000000000000004	dp_interaction	-0.0058274148701308575	-0.001003213263125084	0.0034045285714049476
log-power-n1n2psd.pathfinder.klw	Risky first	10.0	1.2	num_shift	-0.03391577801257885	-9.423527221766393e-05	0.031054085758236545
log-power-n1n2psd.pathfinder.klw	Risky first	10.0	1.233392832614218	num_shift	-0.03232027906837626	0.00029817830812601333	0.0301966981731519
log-power-n1n2psd.pathfinder.klw	Risky first	10.0	1.267714899620104	num_shift	-0.03079481090716988	0.0006954014609217177	0.029485319063224224
log-power-n1n2psd.pathfinder.klw	Risky first	10.0	1.3029920591580744	num_shift	-0.029472158331726124	0.0010168929072173554	0.028602566195850766
log-power-n1n2psd.pathfinder.klw	Risky first	10.0	1.339250888932342	num_shift	-0.028260559007416704	0.0012666550159967228	0.027883878536971524
log-power-n1n2psd.pathfinder.klw	Risky first	10.0	1.3765187062344757	num_shift	-0.02692363710025487	0.0015885617385449793	0.02719416482078976
log-power-n1n2psd.pathfinder.klw	Risky first	10.0	1.4148235885241658	num_shift	-0.025807411749469916	0.0018082731853311415	0.02640784563059793
log-power-n1n2psd.pathfinder.klw	Risky first	10.0	1.454194394582695	num_shift	-0.024776951523960433	0.0020064884948923925	0.02574674575303429
log-power-n1n2psd.pathfinder.klw	Risky first	10.0	1.4946607862550567	num_shift	-0.023847390057978823	0.0022586715524804653	0.025412852469389586
log-power-n1n2psd.pathfinder.klw	Risky first	10.0	1.5362532507970992	num_shift	-0.022776859570266504	0.002529856061024127	0.024852509722108077
log-power-n1n2psd.pathfinder.klw	Risky first	10.0	1.579003123844529	num_shift	-0.021842227805884983	0.0027813083555349163	0.024342709902761068
log-power-n1n2psd.pathfinder.klw	Risky first	10.0	1.6229426130210856	num_shift	-0.02094727065956213	0.0029598153833913844	0.023907211521312394
log-power-n1n2psd.pathfinder.klw	Risky first	10.0	1.6681048222036647	num_shift	-0.020098331324814783	0.0031565361651126334	0.02347108473214393
log-power-n1n2psd.pathfinder.klw	Risky first	10.0	1.714523776462679	num_shift	-0.019385698339546523	0.003364164253462215	0.02311009840632955
log-power-n1n2psd.pathfinder.klw	Risky first	10.0	1.7622344476964418	num_shift	-0.018731166732328285	0.003576124211756294	0.023002006011115673
log-power-n1n2psd.pathfinder.klw	Risky first	10.0	1.8112727809788889	num_shift	-0.01819736064930447	0.003755782541307202	0.022764585382663387
log-power-n1n2psd.pathfinder.klw	Risky first	10.0	1.861675721640487	num_shift	-0.017796579000168764	0.0038999639900275324	0.0226030863109862
log-power-n1n2psd.pathfinder.klw	Risky first	10.0	1.9134812431027324	num_shift	-0.017275484042655772	0.00398711738819962	0.022544891059330125
log-power-n1n2psd.pathfinder.klw	Risky first	10.0	1.9667283754872122	num_shift	-0.017000683302748405	0.00411283500947753	0.022582002536466275
log-power-n1n2psd.pathfinder.klw	Risky first	10.0	2.021457235020777	num_shift	-0.016647559009337676	0.004141233756878445	0.02268762747452871
log-power-n1n2psd.pathfinder.klw	Risky first	10.0	2.0777090542589844	num_shift	-0.01630318357352655	0.004198976864948254	0.022594182421894888
log-power-n1n2psd.pathfinder.klw	Risky first	10.0	2.1355262131505808	num_shift	-0.016122017802339125	0.004286684504060969	0.02272732893965263
log-power-n1n2psd.pathfinder.klw	Risky first	10.0	2.1949522709664246	num_shift	-0.01599094524263645	0.0043254365694239075	0.022911978260084346
log-power-n1n2psd.pathfinder.klw	Risky first	10.0	2.256031999116908	num_shift	-0.016041841200997078	0.004309695926640945	0.023090852472118607
log-power-n1n2psd.pathfinder.klw	Risky first	10.0	2.3188114148826	num_shift	-0.016044124491422746	0.004379693999594302	0.023045641571295895
log-power-n1n2psd.pathfinder.klw	Risky first	10.0	2.3833378160835275	num_shift	-0.01615084077664834	0.004373885014633618	0.02334466431049777
log-power-n1n2psd.pathfinder.klw	Risky first	10.0	2.4496598167132055	num_shift	-0.016246064218412345	0.004436371942443427	0.02333907861618162
log-power-n1n2psd.pathfinder.klw	Risky first	10.0	2.5178273835642724	num_shift	-0.0163649383615367	0.004372614629307613	0.02353092893450547
log-power-n1n2psd.pathfinder.klw	Risky first	10.0	2.58789187387332	num_shift	-0.016333449261175574	0.004409219178535121	0.023771310628458466
log-power-n1n2psd.pathfinder.klw	Risky first	10.0	2.659906074013276	num_shift	-0.016546101595588433	0.004368674775601525	0.023992849306692054
log-power-n1n2psd.pathfinder.klw	Risky first	10.0	2.7339242392624983	num_shift	-0.016710501775567932	0.004421524039320939	0.0242146915017415
log-power-n1n2psd.pathfinder.klw	Risky first	10.0	2.8100021346805373	num_shift	-0.016899662869687426	0.004344598866134371	0.024409015387207994
log-power-n1n2psd.pathfinder.klw	Risky first	10.0	2.8881970771213568	num_shift	-0.01706580625452371	0.004354816939821183	0.02451537561548874
log-power-n1n2psd.pathfinder.klw	Risky first	10.0	2.9685679784156793	num_shift	-0.01728661289484435	0.0043281100205965276	0.024681664604688854
log-power-n1n2psd.pathfinder.klw	Risky first	10.0	3.051175389754982	num_shift	-0.0177564648422339	0.00423736825491126	0.024768564980157882
log-power-n1n2psd.pathfinder.klw	Risky first	10.0	3.1360815473105736	num_shift	-0.018285930425811073	0.004187915419074699	0.025090126678342456
log-power-n1n2psd.pathfinder.klw	Risky first	10.0	3.2233504191221405	num_shift	-0.01865643119062075	0.0041412961636159065	0.025359356610032236
log-power-n1n2psd.pathfinder.klw	Risky first	10.0	3.31304775329107	num_shift	-0.019128412814297165	0.003993887295750038	0.025630699997243243
log-power-n1n2psd.pathfinder.klw	Risky first	10.0	3.40524112751487	num_shift	-0.01951561218690926	0.003833283875924057	0.025917139883919586
log-power-n1n2psd.pathfinder.klw	Risky first	10.0	3.5000000000000004	num_shift	-0.019924111870199074	0.0037477748906742277	0.026299161841527325
log-power-n1n2psd.pathfinder.klw	Risky first	10.0	1.2	den_ratio	0.9804862774913137	1.0780222466116738	1.182170456273778
log-power-n1n2psd.pathfinder.klw	Risky first	10.0	1.233392832614218	den_ratio	0.9809696699894188	1.0777820954597628	1.1817821861319133
log-power-n1n2psd.pathfinder.klw	Risky first	10.0	1.267714899620104	den_ratio	0.9810955081407957	1.077721098850445	1.181372256728196
log-power-n1n2psd.pathfinder.klw	Risky first	10.0	1.3029920591580744	den_ratio	0.9810040972133619	1.0776545355505844	1.1815303314975834
log-power-n1n2psd.pathfinder.klw	Risky first	10.0	1.339250888932342	den_ratio	0.9811120203526585	1.0776470854504765	1.1815926006062627
log-power-n1n2psd.pathfinder.klw	Risky first	10.0	1.3765187062344757	den_ratio	0.980922832704016	1.0776126183391166	1.181546042684628
log-power-n1n2psd.pathfinder.klw	Risky first	10.0	1.4148235885241658	den_ratio	0.9812035154429107	1.077468637430631	1.1810426750314549
log-power-n1n2psd.pathfinder.klw	Risky first	10.0	1.454194394582695	den_ratio	0.9810185062062544	1.0774652022648237	1.1813799890991616
log-power-n1n2psd.pathfinder.klw	Risky first	10.0	1.4946607862550567	den_ratio	0.980979670206547	1.0772581032816708	1.1813949897765783
log-power-n1n2psd.pathfinder.klw	Risky first	10.0	1.5362532507970992	den_ratio	0.9808781750322205	1.0771824737878835	1.1813392823259734
log-power-n1n2psd.pathfinder.klw	Risky first	10.0	1.579003123844529	den_ratio	0.9811115051669782	1.077083645176066	1.1822094784684847
log-power-n1n2psd.pathfinder.klw	Risky first	10.0	1.6229426130210856	den_ratio	0.9809735191496591	1.0769387587127675	1.1823290180816226
log-power-n1n2psd.pathfinder.klw	Risky first	10.0	1.6681048222036647	den_ratio	0.9812364761013526	1.0768117876289418	1.1821741194396223
log-power-n1n2psd.pathfinder.klw	Risky first	10.0	1.714523776462679	den_ratio	0.9814082736314459	1.0768479544184069	1.1817079237531665
log-power-n1n2psd.pathfinder.klw	Risky first	10.0	1.7622344476964418	den_ratio	0.9812115726985796	1.076904805081	1.1818487197947636
log-power-n1n2psd.pathfinder.klw	Risky first	10.0	1.8112727809788889	den_ratio	0.9819175495044681	1.0768869099057876	1.1820428867866357
log-power-n1n2psd.pathfinder.klw	Risky first	10.0	1.861675721640487	den_ratio	0.9816025366876545	1.0769380868315226	1.1819123291435794
log-power-n1n2psd.pathfinder.klw	Risky first	10.0	1.9134812431027324	den_ratio	0.981273652179102	1.0769657814971807	1.181879671568653
log-power-n1n2psd.pathfinder.klw	Risky first	10.0	1.9667283754872122	den_ratio	0.9813760765333177	1.0768919677400606	1.181776732550663
log-power-n1n2psd.pathfinder.klw	Risky first	10.0	2.021457235020777	den_ratio	0.9814000324273859	1.0768421298911544	1.181466017365523
log-power-n1n2psd.pathfinder.klw	Risky first	10.0	2.0777090542589844	den_ratio	0.9815610891422659	1.0768304476129713	1.1817285564929825
log-power-n1n2psd.pathfinder.klw	Risky first	10.0	2.1355262131505808	den_ratio	0.981795842186971	1.0770068552336554	1.182024770243099
log-power-n1n2psd.pathfinder.klw	Risky first	10.0	2.1949522709664246	den_ratio	0.9815998821629328	1.0770808528872415	1.182191579427267
log-power-n1n2psd.pathfinder.klw	Risky first	10.0	2.256031999116908	den_ratio	0.9812217761168779	1.0771910459108882	1.182306752002562
log-power-n1n2psd.pathfinder.klw	Risky first	10.0	2.3188114148826	den_ratio	0.9808709435682454	1.0772047389328152	1.18238757720694
log-power-n1n2psd.pathfinder.klw	Risky first	10.0	2.3833378160835275	den_ratio	0.9808361484500076	1.0772672927867082	1.1825325048779838
log-power-n1n2psd.pathfinder.klw	Risky first	10.0	2.4496598167132055	den_ratio	0.9805666895887093	1.0774445753763393	1.182938276964812
log-power-n1n2psd.pathfinder.klw	Risky first	10.0	2.5178273835642724	den_ratio	0.9808134257112088	1.077599741772825	1.1830725221946734
log-power-n1n2psd.pathfinder.klw	Risky first	10.0	2.58789187387332	den_ratio	0.9805113769421665	1.077621119237194	1.1829926800139472
log-power-n1n2psd.pathfinder.klw	Risky first	10.0	2.659906074013276	den_ratio	0.9803570098842164	1.0777004951652185	1.183219512209866
log-power-n1n2psd.pathfinder.klw	Risky first	10.0	2.7339242392624983	den_ratio	0.9799993220450749	1.0778422439574133	1.18370117701096
log-power-n1n2psd.pathfinder.klw	Risky first	10.0	2.8100021346805373	den_ratio	0.9800463968874519	1.077749952065	1.1835853524653115
log-power-n1n2psd.pathfinder.klw	Risky first	10.0	2.8881970771213568	den_ratio	0.9800388696219936	1.077812229339193	1.1843610924073826
log-power-n1n2psd.pathfinder.klw	Risky first	10.0	2.9685679784156793	den_ratio	0.9802074716525848	1.077886750256507	1.185098342283163
log-power-n1n2psd.pathfinder.klw	Risky first	10.0	3.051175389754982	den_ratio	0.980326036578708	1.0779180207783585	1.185284461936976
log-power-n1n2psd.pathfinder.klw	Risky first	10.0	3.1360815473105736	den_ratio	0.9801727294770723	1.0777721545755221	1.1853247957667143
log-power-n1n2psd.pathfinder.klw	Risky first	10.0	3.2233504191221405	den_ratio	0.9798025911731348	1.0776870866995742	1.1854019064693415
log-power-n1n2psd.pathfinder.klw	Risky first	10.0	3.31304775329107	den_ratio	0.9796215527219808	1.0778970139092368	1.1857610090936268
log-power-n1n2psd.pathfinder.klw	Risky first	10.0	3.40524112751487	den_ratio	0.9796954044777315	1.0779609366237386	1.1860553445855648
log-power-n1n2psd.pathfinder.klw	Risky first	10.0	3.5000000000000004	den_ratio	0.9794971905804352	1.0780634929143726	1.186420582602713
log-power-n1n2psd.pathfinder.klw	Risky first	14.0	1.2	p_vertex	0.10659240331766137	0.12773177979143607	0.15090516136332757
log-power-n1n2psd.pathfinder.klw	Risky first	14.0	1.233392832614218	p_vertex	0.11943342998476833	0.14091594076184233	0.16447878161150084
log-power-n1n2psd.pathfinder.klw	Risky first	14.0	1.267714899620104	p_vertex	0.13319234023244567	0.15507547441612218	0.1791302707443551
log-power-n1n2psd.pathfinder.klw	Risky first	14.0	1.3029920591580744	p_vertex	0.14796383277958253	0.17019982849553794	0.1946541907189347
log-power-n1n2psd.pathfinder.klw	Risky first	14.0	1.339250888932342	p_vertex	0.16341278763552708	0.18618143956884003	0.2107240045638022
log-power-n1n2psd.pathfinder.klw	Risky first	14.0	1.3765187062344757	p_vertex	0.17994240250235033	0.20296925024451806	0.22750087774745228
log-power-n1n2psd.pathfinder.klw	Risky first	14.0	1.4148235885241658	p_vertex	0.19721846470647308	0.2206003424687908	0.24558041408658512
log-power-n1n2psd.pathfinder.klw	Risky first	14.0	1.454194394582695	p_vertex	0.21534766719602164	0.2390713722881174	0.26422285448533883
log-power-n1n2psd.pathfinder.klw	Risky first	14.0	1.4946607862550567	p_vertex	0.2343375863972169	0.25803170678522475	0.2835888501172251
log-power-n1n2psd.pathfinder.klw	Risky first	14.0	1.5362532507970992	p_vertex	0.25368058301229535	0.27763544087281117	0.30362251065187595
log-power-n1n2psd.pathfinder.klw	Risky first	14.0	1.579003123844529	p_vertex	0.2737649851502459	0.2979013834026729	0.32401584181701193
log-power-n1n2psd.pathfinder.klw	Risky first	14.0	1.6229426130210856	p_vertex	0.2945994885179496	0.31860931059181663	0.34478852946419997
log-power-n1n2psd.pathfinder.klw	Risky first	14.0	1.6681048222036647	p_vertex	0.315625838605712	0.33960671117298263	0.3659367756341322
log-power-n1n2psd.pathfinder.klw	Risky first	14.0	1.714523776462679	p_vertex	0.33710758900891763	0.3610296607217689	0.3871771271777747
log-power-n1n2psd.pathfinder.klw	Risky first	14.0	1.7622344476964418	p_vertex	0.3589087882690919	0.382661955934649	0.4084603363694414
log-power-n1n2psd.pathfinder.klw	Risky first	14.0	1.8112727809788889	p_vertex	0.3807488878500632	0.4043054860840486	0.4296898696338017
log-power-n1n2psd.pathfinder.klw	Risky first	14.0	1.861675721640487	p_vertex	0.40283841509579776	0.42613457152462425	0.4509888052533555
log-power-n1n2psd.pathfinder.klw	Risky first	14.0	1.9134812431027324	p_vertex	0.42461727643867464	0.4478012402181699	0.4724645824626818
log-power-n1n2psd.pathfinder.klw	Risky first	14.0	1.9667283754872122	p_vertex	0.4464923386342733	0.4694009355871726	0.493723531019605
log-power-n1n2psd.pathfinder.klw	Risky first	14.0	2.021457235020777	p_vertex	0.46801564861790573	0.4909496606175848	0.5149082852544
log-power-n1n2psd.pathfinder.klw	Risky first	14.0	2.0777090542589844	p_vertex	0.48933518514953855	0.5121809607401547	0.5357361859381407
log-power-n1n2psd.pathfinder.klw	Risky first	14.0	2.1355262131505808	p_vertex	0.5103077562529855	0.5330381775448952	0.5565001762107512
log-power-n1n2psd.pathfinder.klw	Risky first	14.0	2.1949522709664246	p_vertex	0.5310460461619954	0.5536734542386494	0.5767311042520512
log-power-n1n2psd.pathfinder.klw	Risky first	14.0	2.256031999116908	p_vertex	0.5514555377839951	0.5738652583648254	0.5965592485253377
log-power-n1n2psd.pathfinder.klw	Risky first	14.0	2.3188114148826	p_vertex	0.5712448410640211	0.5936550041091113	0.616087524219205
log-power-n1n2psd.pathfinder.klw	Risky first	14.0	2.3833378160835275	p_vertex	0.5911507734458944	0.612913775032612	0.6349454318097549
log-power-n1n2psd.pathfinder.klw	Risky first	14.0	2.4496598167132055	p_vertex	0.6105583909119744	0.6317050568232514	0.6535088882491602
log-power-n1n2psd.pathfinder.klw	Risky first	14.0	2.5178273835642724	p_vertex	0.6289804056439116	0.6499575676154199	0.6712669211835776
log-power-n1n2psd.pathfinder.klw	Risky first	14.0	2.58789187387332	p_vertex	0.6469062487610203	0.6676635656455462	0.6887297747442745
log-power-n1n2psd.pathfinder.klw	Risky first	14.0	2.659906074013276	p_vertex	0.6643005736656641	0.6846598193052165	0.7053755268689276
log-power-n1n2psd.pathfinder.klw	Risky first	14.0	2.7339242392624983	p_vertex	0.6812301481474966	0.7010868162096391	0.7214689979947695
log-power-n1n2psd.pathfinder.klw	Risky first	14.0	2.8100021346805373	p_vertex	0.6970311441877256	0.7168983189518543	0.7370097746609474
log-power-n1n2psd.pathfinder.klw	Risky first	14.0	2.8881970771213568	p_vertex	0.7121831343663007	0.7321917843890914	0.7519502297610031
log-power-n1n2psd.pathfinder.klw	Risky first	14.0	2.9685679784156793	p_vertex	0.726703614753477	0.7466597799492125	0.7662774972122772
log-power-n1n2psd.pathfinder.klw	Risky first	14.0	3.051175389754982	p_vertex	0.740606029851676	0.7605887596227188	0.7803248590232119
log-power-n1n2psd.pathfinder.klw	Risky first	14.0	3.1360815473105736	p_vertex	0.7539519274641917	0.7737782397161137	0.7934993024030101
log-power-n1n2psd.pathfinder.klw	Risky first	14.0	3.2233504191221405	p_vertex	0.7663467357785245	0.7862717525885	0.8058769419757806
log-power-n1n2psd.pathfinder.klw	Risky first	14.0	3.31304775329107	p_vertex	0.7782787768886845	0.7981658191255321	0.8175529257626458
log-power-n1n2psd.pathfinder.klw	Risky first	14.0	3.40524112751487	p_vertex	0.7891213363712304	0.809296280706766	0.8284672437158709
log-power-n1n2psd.pathfinder.klw	Risky first	14.0	3.5000000000000004	p_vertex	0.7994737969493468	0.8198270590307276	0.8389893479784625
log-power-n1n2psd.pathfinder.klw	Risky first	14.0	1.2	p_full	0.1279604274907337	0.1495528959202336	0.17268904328766815
log-power-n1n2psd.pathfinder.klw	Risky first	14.0	1.233392832614218	p_full	0.1415417113584301	0.16359359569411924	0.18694843493904365
log-power-n1n2psd.pathfinder.klw	Risky first	14.0	1.267714899620104	p_full	0.15633410098117473	0.17845947919233796	0.20206718976890198
log-power-n1n2psd.pathfinder.klw	Risky first	14.0	1.3029920591580744	p_full	0.1717403572549538	0.19412777569563278	0.21760941998659344
log-power-n1n2psd.pathfinder.klw	Risky first	14.0	1.339250888932342	p_full	0.18824019869128722	0.21072683317477292	0.23403628164777643
log-power-n1n2psd.pathfinder.klw	Risky first	14.0	1.3765187062344757	p_full	0.20530461133343467	0.22796191851368502	0.25150453527581035
log-power-n1n2psd.pathfinder.klw	Risky first	14.0	1.4148235885241658	p_full	0.22294392740317967	0.24588049975168297	0.26923622222317695
log-power-n1n2psd.pathfinder.klw	Risky first	14.0	1.454194394582695	p_full	0.24128586847083092	0.2644717129030686	0.28793177390310976
log-power-n1n2psd.pathfinder.klw	Risky first	14.0	1.4946607862550567	p_full	0.26066353717908364	0.28365809666523045	0.30717373851354635
log-power-n1n2psd.pathfinder.klw	Risky first	14.0	1.5362532507970992	p_full	0.28062853111678787	0.30353145966444023	0.3268578015654953
log-power-n1n2psd.pathfinder.klw	Risky first	14.0	1.579003123844529	p_full	0.30078274955941836	0.3237477616440607	0.34688699037607007
log-power-n1n2psd.pathfinder.klw	Risky first	14.0	1.6229426130210856	p_full	0.32154509273967036	0.34426105752234004	0.3674735638764392
log-power-n1n2psd.pathfinder.klw	Risky first	14.0	1.6681048222036647	p_full	0.34259893188837237	0.3650180713872745	0.38808731596275814
log-power-n1n2psd.pathfinder.klw	Risky first	14.0	1.714523776462679	p_full	0.3634491245981379	0.3860248988914188	0.40898407791267155
log-power-n1n2psd.pathfinder.klw	Risky first	14.0	1.7622344476964418	p_full	0.38445581659074546	0.407167819037506	0.4296553744788218
log-power-n1n2psd.pathfinder.klw	Risky first	14.0	1.8112727809788889	p_full	0.4057434640563176	0.42822617562473414	0.45085883401043664
log-power-n1n2psd.pathfinder.klw	Risky first	14.0	1.861675721640487	p_full	0.42712031500134134	0.44931979256328225	0.47185599713691345
log-power-n1n2psd.pathfinder.klw	Risky first	14.0	1.9134812431027324	p_full	0.4484629068145269	0.47028801142074694	0.49247537738919267
log-power-n1n2psd.pathfinder.klw	Risky first	14.0	1.9667283754872122	p_full	0.4694565262771114	0.4910763800712471	0.5127517958506274
log-power-n1n2psd.pathfinder.klw	Risky first	14.0	2.021457235020777	p_full	0.48993612007420206	0.5115311763500108	0.5331257202320636
log-power-n1n2psd.pathfinder.klw	Risky first	14.0	2.0777090542589844	p_full	0.5102456900392752	0.5316368548899253	0.5529615885703805
log-power-n1n2psd.pathfinder.klw	Risky first	14.0	2.1355262131505808	p_full	0.5302351619254011	0.5514836073887486	0.572619691268494
log-power-n1n2psd.pathfinder.klw	Risky first	14.0	2.1949522709664246	p_full	0.5497567263909562	0.5708947695082676	0.591778958727641
log-power-n1n2psd.pathfinder.klw	Risky first	14.0	2.256031999116908	p_full	0.5689395693587465	0.5898056221501593	0.6104291878436444
log-power-n1n2psd.pathfinder.klw	Risky first	14.0	2.3188114148826	p_full	0.5877409761855498	0.6082700993105079	0.6286947779706323
log-power-n1n2psd.pathfinder.klw	Risky first	14.0	2.3833378160835275	p_full	0.6059982386454121	0.6261977795067776	0.6463830492217915
log-power-n1n2psd.pathfinder.klw	Risky first	14.0	2.4496598167132055	p_full	0.6235061293307999	0.6436637214218037	0.6634516468884085
log-power-n1n2psd.pathfinder.klw	Risky first	14.0	2.5178273835642724	p_full	0.6404087583306066	0.6605147036912468	0.6800506880775253
log-power-n1n2psd.pathfinder.klw	Risky first	14.0	2.58789187387332	p_full	0.656950406421621	0.6768772179633908	0.6961834509576903
log-power-n1n2psd.pathfinder.klw	Risky first	14.0	2.659906074013276	p_full	0.6730243491844153	0.69271110217631	0.7117150661625106
log-power-n1n2psd.pathfinder.klw	Risky first	14.0	2.7339242392624983	p_full	0.6884890211362807	0.7079936186885771	0.7267713840152308
log-power-n1n2psd.pathfinder.klw	Risky first	14.0	2.8100021346805373	p_full	0.703317681216105	0.7226874077316716	0.7412848138667525
log-power-n1n2psd.pathfinder.klw	Risky first	14.0	2.8881970771213568	p_full	0.7176544980266606	0.7368553602958436	0.7554988454937933
log-power-n1n2psd.pathfinder.klw	Risky first	14.0	2.9685679784156793	p_full	0.7311598939284857	0.7505827446928659	0.7691571902856682
log-power-n1n2psd.pathfinder.klw	Risky first	14.0	3.051175389754982	p_full	0.7442709028823344	0.7637235893892164	0.7823706268225711
log-power-n1n2psd.pathfinder.klw	Risky first	14.0	3.1360815473105736	p_full	0.7569286272935845	0.7763802426365618	0.7950450558618438
log-power-n1n2psd.pathfinder.klw	Risky first	14.0	3.2233504191221405	p_full	0.7689932672619822	0.7885267391465745	0.8069780942676625
log-power-n1n2psd.pathfinder.klw	Risky first	14.0	3.31304775329107	p_full	0.7802999023007661	0.8001064480556404	0.818637954281622
log-power-n1n2psd.pathfinder.klw	Risky first	14.0	3.40524112751487	p_full	0.7911491521005731	0.8111028350231726	0.8297273944199254
log-power-n1n2psd.pathfinder.klw	Risky first	14.0	3.5000000000000004	p_full	0.8014501742645178	0.8215861984241486	0.8403045298924807
log-power-n1n2psd.pathfinder.klw	Risky first	14.0	1.2	p_bias_only	0.12116136276610667	0.14158060725771462	0.16347498922401543
log-power-n1n2psd.pathfinder.klw	Risky first	14.0	1.233392832614218	p_bias_only	0.1345745808499554	0.15525957844871857	0.1771635986561741
log-power-n1n2psd.pathfinder.klw	Risky first	14.0	1.267714899620104	p_bias_only	0.1488026286784903	0.16984512954212	0.1919156585057659
log-power-n1n2psd.pathfinder.klw	Risky first	14.0	1.3029920591580744	p_bias_only	0.1640786935374072	0.18539330810562465	0.20759294076342644
log-power-n1n2psd.pathfinder.klw	Risky first	14.0	1.339250888932342	p_bias_only	0.18017340334260074	0.201833155912388	0.22414101835954645
log-power-n1n2psd.pathfinder.klw	Risky first	14.0	1.3765187062344757	p_bias_only	0.19723810039010115	0.21905838982638537	0.24167498820672673
log-power-n1n2psd.pathfinder.klw	Risky first	14.0	1.4148235885241658	p_bias_only	0.21493380190228106	0.23710627665473505	0.25963108096082654
log-power-n1n2psd.pathfinder.klw	Risky first	14.0	1.454194394582695	p_bias_only	0.23358859037879526	0.2558630115512508	0.2788640813985795
log-power-n1n2psd.pathfinder.klw	Risky first	14.0	1.4946607862550567	p_bias_only	0.2528325105267471	0.27543147372359933	0.2985809793542706
log-power-n1n2psd.pathfinder.klw	Risky first	14.0	1.5362532507970992	p_bias_only	0.2727786527097497	0.2955844345986228	0.3186393712551104
log-power-n1n2psd.pathfinder.klw	Risky first	14.0	1.579003123844529	p_bias_only	0.2933285878921088	0.31620607923796795	0.3394587951353518
log-power-n1n2psd.pathfinder.klw	Risky first	14.0	1.6229426130210856	p_bias_only	0.3141948479361545	0.3373228355003844	0.36087313843576785
log-power-n1n2psd.pathfinder.klw	Risky first	14.0	1.6681048222036647	p_bias_only	0.33577148699471043	0.3587405914483882	0.3822811783754035
log-power-n1n2psd.pathfinder.klw	Risky first	14.0	1.714523776462679	p_bias_only	0.35753569910476296	0.3804913973167812	0.4038132548099962
log-power-n1n2psd.pathfinder.klw	Risky first	14.0	1.7622344476964418	p_bias_only	0.37941131885029733	0.4023352084407112	0.42561931632036176
log-power-n1n2psd.pathfinder.klw	Risky first	14.0	1.8112727809788889	p_bias_only	0.4016028413340418	0.4243482172705738	0.44717644325984285
log-power-n1n2psd.pathfinder.klw	Risky first	14.0	1.861675721640487	p_bias_only	0.4236323605064418	0.44623020577373423	0.4691332997371628
log-power-n1n2psd.pathfinder.klw	Risky first	14.0	1.9134812431027324	p_bias_only	0.4457125481148782	0.468020013031403	0.4908078964239579
log-power-n1n2psd.pathfinder.klw	Risky first	14.0	1.9667283754872122	p_bias_only	0.4676799120824296	0.48956950100742813	0.5120753243738112
log-power-n1n2psd.pathfinder.klw	Risky first	14.0	2.021457235020777	p_bias_only	0.4893083408294821	0.5108667814044701	0.5331500209887339
log-power-n1n2psd.pathfinder.klw	Risky first	14.0	2.0777090542589844	p_bias_only	0.5103268718807904	0.5317426322698753	0.5538976336995484
log-power-n1n2psd.pathfinder.klw	Risky first	14.0	2.1355262131505808	p_bias_only	0.5309506441734407	0.5523704698513223	0.5742908464410827
log-power-n1n2psd.pathfinder.klw	Risky first	14.0	2.1949522709664246	p_bias_only	0.5511995723991244	0.572281407847836	0.5941895266307194
log-power-n1n2psd.pathfinder.klw	Risky first	14.0	2.256031999116908	p_bias_only	0.5707434358665862	0.5918334684910136	0.6133876844218051
log-power-n1n2psd.pathfinder.klw	Risky first	14.0	2.3188114148826	p_bias_only	0.589560275147615	0.6107530130707473	0.6324266873323678
log-power-n1n2psd.pathfinder.klw	Risky first	14.0	2.3833378160835275	p_bias_only	0.6079845196027386	0.6291638284314947	0.6506957225065311
log-power-n1n2psd.pathfinder.klw	Risky first	14.0	2.4496598167132055	p_bias_only	0.6260406929805129	0.6468725094860287	0.6683329550433509
log-power-n1n2psd.pathfinder.klw	Risky first	14.0	2.5178273835642724	p_bias_only	0.6432624808495234	0.6640459925058578	0.6854038445480001
log-power-n1n2psd.pathfinder.klw	Risky first	14.0	2.58789187387332	p_bias_only	0.6596657589007434	0.6807179600621576	0.7018672275933654
log-power-n1n2psd.pathfinder.klw	Risky first	14.0	2.659906074013276	p_bias_only	0.6758804674688731	0.6966686216672848	0.7176224781170881
log-power-n1n2psd.pathfinder.klw	Risky first	14.0	2.7339242392624983	p_bias_only	0.691361390927206	0.7121289255593543	0.7328250772084801
log-power-n1n2psd.pathfinder.klw	Risky first	14.0	2.8100021346805373	p_bias_only	0.7061538545450003	0.7269267326208634	0.7474877205099766
log-power-n1n2psd.pathfinder.klw	Risky first	14.0	2.8881970771213568	p_bias_only	0.7204293317731584	0.7412716912707138	0.7617074951454591
log-power-n1n2psd.pathfinder.klw	Risky first	14.0	2.9685679784156793	p_bias_only	0.7341671036193308	0.7549708153011612	0.7752344178830574
log-power-n1n2psd.pathfinder.klw	Risky first	14.0	3.051175389754982	p_bias_only	0.7473906991442864	0.7680403217234149	0.7882878735662983
log-power-n1n2psd.pathfinder.klw	Risky first	14.0	3.1360815473105736	p_bias_only	0.760117041783708	0.7806113576219549	0.8009941834764744
log-power-n1n2psd.pathfinder.klw	Risky first	14.0	3.2233504191221405	p_bias_only	0.7723272712884804	0.7926601301579155	0.8128021662388553
log-power-n1n2psd.pathfinder.klw	Risky first	14.0	3.31304775329107	p_bias_only	0.7837974327130568	0.8042087941584599	0.8241462894548869
log-power-n1n2psd.pathfinder.klw	Risky first	14.0	3.40524112751487	p_bias_only	0.7946671598609177	0.8152098843894091	0.835346743297181
log-power-n1n2psd.pathfinder.klw	Risky first	14.0	3.5000000000000004	p_bias_only	0.804896116654656	0.8257433969342627	0.8458686888536295
log-power-n1n2psd.pathfinder.klw	Risky first	14.0	1.2	p_scale_only	0.11295369407785191	0.13399604412867988	0.1571417147838066
log-power-n1n2psd.pathfinder.klw	Risky first	14.0	1.233392832614218	p_scale_only	0.12586599141448773	0.14740652106811364	0.1710158487187669
log-power-n1n2psd.pathfinder.klw	Risky first	14.0	1.267714899620104	p_scale_only	0.13989158807664487	0.16173653931653242	0.18554635161132735
log-power-n1n2psd.pathfinder.klw	Risky first	14.0	1.3029920591580744	p_scale_only	0.1547861540417479	0.17692350922265612	0.20095200742665198
log-power-n1n2psd.pathfinder.klw	Risky first	14.0	1.339250888932342	p_scale_only	0.17020568119407548	0.19293847436813244	0.21739669522263005
log-power-n1n2psd.pathfinder.klw	Risky first	14.0	1.3765187062344757	p_scale_only	0.18650014422032676	0.20971067425321516	0.23431046801741728
log-power-n1n2psd.pathfinder.klw	Risky first	14.0	1.4148235885241658	p_scale_only	0.20390544974876113	0.22736496178776547	0.2517781735783786
log-power-n1n2psd.pathfinder.klw	Risky first	14.0	1.454194394582695	p_scale_only	0.2221154473157254	0.2456359846462887	0.27020872794830664
log-power-n1n2psd.pathfinder.klw	Risky first	14.0	1.4946607862550567	p_scale_only	0.24121871789135527	0.26459563198297176	0.2892259781730607
log-power-n1n2psd.pathfinder.klw	Risky first	14.0	1.5362532507970992	p_scale_only	0.2606723277359402	0.28415902648897773	0.3086478781528397
log-power-n1n2psd.pathfinder.klw	Risky first	14.0	1.579003123844529	p_scale_only	0.28074346177247983	0.3042557828579058	0.3290330875412107
log-power-n1n2psd.pathfinder.klw	Risky first	14.0	1.6229426130210856	p_scale_only	0.30136303200912307	0.3247204383869913	0.3495370141096961
log-power-n1n2psd.pathfinder.klw	Risky first	14.0	1.6681048222036647	p_scale_only	0.3223605202514939	0.34552361165755263	0.3700165683639445
log-power-n1n2psd.pathfinder.klw	Risky first	14.0	1.714523776462679	p_scale_only	0.3437566838661804	0.36659988969317964	0.39084929113706446
log-power-n1n2psd.pathfinder.klw	Risky first	14.0	1.7622344476964418	p_scale_only	0.3652734474962811	0.3878435813254334	0.4118087079278032
log-power-n1n2psd.pathfinder.klw	Risky first	14.0	1.8112727809788889	p_scale_only	0.38680634736902847	0.40926617739407056	0.4328492203206907
log-power-n1n2psd.pathfinder.klw	Risky first	14.0	1.861675721640487	p_scale_only	0.4085980315065157	0.4307159337039682	0.4541506019903108
log-power-n1n2psd.pathfinder.klw	Risky first	14.0	1.9134812431027324	p_scale_only	0.43025975361348523	0.4521079925247714	0.4752472039560622
log-power-n1n2psd.pathfinder.klw	Risky first	14.0	1.9667283754872122	p_scale_only	0.4517424387465234	0.4733204318198333	0.4963032891202778
log-power-n1n2psd.pathfinder.klw	Risky first	14.0	2.021457235020777	p_scale_only	0.47299564801811433	0.49426055734339513	0.5172033837618658
log-power-n1n2psd.pathfinder.klw	Risky first	14.0	2.0777090542589844	p_scale_only	0.4935843734110571	0.5151901379194215	0.5379893784865825
log-power-n1n2psd.pathfinder.klw	Risky first	14.0	2.1355262131505808	p_scale_only	0.5143971604981831	0.5358023412926052	0.5582290464379183
log-power-n1n2psd.pathfinder.klw	Risky first	14.0	2.1949522709664246	p_scale_only	0.5346748447187005	0.5559938819195138	0.5783271370214151
log-power-n1n2psd.pathfinder.klw	Risky first	14.0	2.256031999116908	p_scale_only	0.5546717677236058	0.5758596799497462	0.5978589228123649
log-power-n1n2psd.pathfinder.klw	Risky first	14.0	2.3188114148826	p_scale_only	0.5743332514262934	0.5952445645729711	0.6172126465080762
log-power-n1n2psd.pathfinder.klw	Risky first	14.0	2.3833378160835275	p_scale_only	0.5934806276601702	0.6141661186469145	0.635790969246304
log-power-n1n2psd.pathfinder.klw	Risky first	14.0	2.4496598167132055	p_scale_only	0.6122748137473981	0.6325790260711395	0.6539076261951009
log-power-n1n2psd.pathfinder.klw	Risky first	14.0	2.5178273835642724	p_scale_only	0.6303938279978373	0.6504337219390017	0.6715727811702279
log-power-n1n2psd.pathfinder.klw	Risky first	14.0	2.58789187387332	p_scale_only	0.6478580018671855	0.6677695557856909	0.6888181675606364
log-power-n1n2psd.pathfinder.klw	Risky first	14.0	2.659906074013276	p_scale_only	0.6644877950168913	0.6845393265242273	0.7050675705101893
log-power-n1n2psd.pathfinder.klw	Risky first	14.0	2.7339242392624983	p_scale_only	0.6810178927870815	0.7007400713658533	0.7209140731160426
log-power-n1n2psd.pathfinder.klw	Risky first	14.0	2.8100021346805373	p_scale_only	0.696567298347157	0.7162797286309834	0.7361601522160817
log-power-n1n2psd.pathfinder.klw	Risky first	14.0	2.8881970771213568	p_scale_only	0.7113118415308973	0.7311312559504587	0.7508087396382284
log-power-n1n2psd.pathfinder.klw	Risky first	14.0	2.9685679784156793	p_scale_only	0.7254975813987885	0.7453391039460304	0.7649985470766857
log-power-n1n2psd.pathfinder.klw	Risky first	14.0	3.051175389754982	p_scale_only	0.7391956708705507	0.7589229629366112	0.7786497749935656
log-power-n1n2psd.pathfinder.klw	Risky first	14.0	3.1360815473105736	p_scale_only	0.7520413407866056	0.7718015360038213	0.7913593249573135
log-power-n1n2psd.pathfinder.klw	Risky first	14.0	3.2233504191221405	p_scale_only	0.7641456216811704	0.7840930120063496	0.8035395587160408
log-power-n1n2psd.pathfinder.klw	Risky first	14.0	3.31304775329107	p_scale_only	0.7759161857157277	0.7955198172864179	0.8148651748114135
log-power-n1n2psd.pathfinder.klw	Risky first	14.0	3.40524112751487	p_scale_only	0.786834474248796	0.8063977141848	0.8256053341049695
log-power-n1n2psd.pathfinder.klw	Risky first	14.0	3.5000000000000004	p_scale_only	0.7972572255668138	0.8166247314330224	0.8358146801451706
log-power-n1n2psd.pathfinder.klw	Risky first	14.0	1.2	dp_full	-0.0040989135774459826	0.021713816590595413	0.04777488301004957
log-power-n1n2psd.pathfinder.klw	Risky first	14.0	1.233392832614218	dp_full	-0.003492868712480762	0.022565335217447937	0.04853395564998211
log-power-n1n2psd.pathfinder.klw	Risky first	14.0	1.267714899620104	dp_full	-0.0027603841164467566	0.023332772760254077	0.049180902635041324
log-power-n1n2psd.pathfinder.klw	Risky first	14.0	1.3029920591580744	dp_full	-0.0021338334030108403	0.02403705657361707	0.04970528800161497
log-power-n1n2psd.pathfinder.klw	Risky first	14.0	1.339250888932342	dp_full	-0.0016308792274624896	0.024623571494017393	0.050436284849433105
log-power-n1n2psd.pathfinder.klw	Risky first	14.0	1.3765187062344757	dp_full	-0.0010734154738775206	0.02499466818384768	0.05068639967718825
log-power-n1n2psd.pathfinder.klw	Risky first	14.0	1.4148235885241658	dp_full	-0.0006273305118295584	0.02535113843046328	0.05065909106203171
log-power-n1n2psd.pathfinder.klw	Risky first	14.0	1.454194394582695	dp_full	-9.555661745661523e-05	0.025576748432851466	0.05075946337693814
log-power-n1n2psd.pathfinder.klw	Risky first	14.0	1.4946607862550567	dp_full	0.00045998478338534995	0.025686107378320416	0.050659249626872654
log-power-n1n2psd.pathfinder.klw	Risky first	14.0	1.5362532507970992	dp_full	0.0009441379226767263	0.02567006769682177	0.05036555912066727
log-power-n1n2psd.pathfinder.klw	Risky first	14.0	1.579003123844529	dp_full	0.0010849848557056311	0.025526166242666046	0.04998204823924186
log-power-n1n2psd.pathfinder.klw	Risky first	14.0	1.6229426130210856	dp_full	0.0013997475278135635	0.025330578753496875	0.04924049230978921
log-power-n1n2psd.pathfinder.klw	Risky first	14.0	1.6681048222036647	dp_full	0.0014180141014515373	0.025067113987828602	0.04868953167491996
log-power-n1n2psd.pathfinder.klw	Risky first	14.0	1.714523776462679	dp_full	0.001321131336379054	0.02471842830838565	0.04803691051447676
log-power-n1n2psd.pathfinder.klw	Risky first	14.0	1.7622344476964418	dp_full	0.0008990892892736193	0.024216475423387035	0.04721955545797016
log-power-n1n2psd.pathfinder.klw	Risky first	14.0	1.8112727809788889	dp_full	0.00018129831361445898	0.02370966040099394	0.04685392280699024
log-power-n1n2psd.pathfinder.klw	Risky first	14.0	1.861675721640487	dp_full	-0.0005686178930587538	0.02310064603181645	0.046115291534060555
log-power-n1n2psd.pathfinder.klw	Risky first	14.0	1.9134812431027324	dp_full	-0.001410930408044481	0.02219108695479127	0.045536899351626976
log-power-n1n2psd.pathfinder.klw	Risky first	14.0	1.9667283754872122	dp_full	-0.0023973893339900632	0.02129492629143278	0.04457082062619629
log-power-n1n2psd.pathfinder.klw	Risky first	14.0	2.021457235020777	dp_full	-0.0032246184864580447	0.020403840722349298	0.043721906289441774
log-power-n1n2psd.pathfinder.klw	Risky first	14.0	2.0777090542589844	dp_full	-0.004351916118841013	0.019325800263755494	0.04277002099205223
log-power-n1n2psd.pathfinder.klw	Risky first	14.0	2.1355262131505808	dp_full	-0.005941216911899342	0.0182679713405674	0.041825306524923875
log-power-n1n2psd.pathfinder.klw	Risky first	14.0	2.1949522709664246	dp_full	-0.0072883806320424025	0.017122683719913906	0.04076652766113335
log-power-n1n2psd.pathfinder.klw	Risky first	14.0	2.256031999116908	dp_full	-0.008736972007578645	0.015853597927152983	0.03986698881832807
log-power-n1n2psd.pathfinder.klw	Risky first	14.0	2.3188114148826	dp_full	-0.01015827188625989	0.01450768478019164	0.03868801614331609
log-power-n1n2psd.pathfinder.klw	Risky first	14.0	2.3833378160835275	dp_full	-0.01143740657338333	0.013268735907531007	0.03749917997338627
log-power-n1n2psd.pathfinder.klw	Risky first	14.0	2.4496598167132055	dp_full	-0.01274127107600455	0.011868739908662187	0.03624921432947911
log-power-n1n2psd.pathfinder.klw	Risky first	14.0	2.5178273835642724	dp_full	-0.014127754996285744	0.010504352357443774	0.03505815101079759
log-power-n1n2psd.pathfinder.klw	Risky first	14.0	2.58789187387332	dp_full	-0.015541444685920175	0.009234053339810224	0.03348957396190551
log-power-n1n2psd.pathfinder.klw	Risky first	14.0	2.659906074013276	dp_full	-0.01680175823011269	0.007941377175162322	0.032438343801438944
log-power-n1n2psd.pathfinder.klw	Risky first	14.0	2.7339242392624983	dp_full	-0.018320561306832864	0.0067638434252514975	0.03131665421577801
log-power-n1n2psd.pathfinder.klw	Risky first	14.0	2.8100021346805373	dp_full	-0.0195343872837363	0.005672819478350492	0.03043261051344213
log-power-n1n2psd.pathfinder.klw	Risky first	14.0	2.8881970771213568	dp_full	-0.020730123935092597	0.004550459192232971	0.02963337725363253
log-power-n1n2psd.pathfinder.klw	Risky first	14.0	2.9685679784156793	dp_full	-0.021710843795837226	0.0035935939801710138	0.028674845308527735
log-power-n1n2psd.pathfinder.klw	Risky first	14.0	3.051175389754982	dp_full	-0.02266197225780062	0.00280712780819599	0.027984520572150166
log-power-n1n2psd.pathfinder.klw	Risky first	14.0	3.1360815473105736	dp_full	-0.023381485628194282	0.002306544435092003	0.027435305306110498
log-power-n1n2psd.pathfinder.klw	Risky first	14.0	3.2233504191221405	dp_full	-0.024084332644100655	0.0018798502762146746	0.027358174024675445
log-power-n1n2psd.pathfinder.klw	Risky first	14.0	3.31304775329107	dp_full	-0.024496246146753383	0.001604640220798359	0.02715016844588072
log-power-n1n2psd.pathfinder.klw	Risky first	14.0	3.40524112751487	dp_full	-0.02494572940398164	0.0015279649252853901	0.02733165067089179
log-power-n1n2psd.pathfinder.klw	Risky first	14.0	3.5000000000000004	dp_full	-0.024716875685816875	0.001554307274470521	0.027546493711485393
log-power-n1n2psd.pathfinder.klw	Risky first	14.0	1.2	dp_bias	-0.007906658093621354	0.01403598988902634	0.03499070474067837
log-power-n1n2psd.pathfinder.klw	Risky first	14.0	1.233392832614218	dp_bias	-0.007512155734696189	0.01453631672098144	0.0355561708793615
log-power-n1n2psd.pathfinder.klw	Risky first	14.0	1.267714899620104	dp_bias	-0.0072789746385262324	0.014973794044699996	0.03612556728899071
log-power-n1n2psd.pathfinder.klw	Risky first	14.0	1.3029920591580744	dp_bias	-0.006974300469653045	0.015389775001569121	0.03679099770282349
log-power-n1n2psd.pathfinder.klw	Risky first	14.0	1.339250888932342	dp_bias	-0.0064783208140252	0.015708543205163832	0.037417809944300655
log-power-n1n2psd.pathfinder.klw	Risky first	14.0	1.3765187062344757	dp_bias	-0.006001909909326769	0.016144784465615215	0.03769433091500226
log-power-n1n2psd.pathfinder.klw	Risky first	14.0	1.4148235885241658	dp_bias	-0.00573899510276096	0.01653650178780965	0.037884349534739
log-power-n1n2psd.pathfinder.klw	Risky first	14.0	1.454194394582695	dp_bias	-0.005257136105992672	0.016967303257425095	0.03840812092645729
log-power-n1n2psd.pathfinder.klw	Risky first	14.0	1.4946607862550567	dp_bias	-0.004543301516064321	0.017329196654978736	0.03872797158906216
log-power-n1n2psd.pathfinder.klw	Risky first	14.0	1.5362532507970992	dp_bias	-0.00367731637870468	0.017645417713038847	0.03906744804829879
log-power-n1n2psd.pathfinder.klw	Risky first	14.0	1.579003123844529	dp_bias	-0.0031682974102554473	0.01797820432802503	0.03916466231998361
log-power-n1n2psd.pathfinder.klw	Risky first	14.0	1.6229426130210856	dp_bias	-0.0027314899462985093	0.01836503753709036	0.03961471900200049
log-power-n1n2psd.pathfinder.klw	Risky first	14.0	1.6681048222036647	dp_bias	-0.0021887471552681243	0.018769763490518294	0.03956081489219328
log-power-n1n2psd.pathfinder.klw	Risky first	14.0	1.714523776462679	dp_bias	-0.00199457402225165	0.01911403927246985	0.03999246960683013
log-power-n1n2psd.pathfinder.klw	Risky first	14.0	1.7622344476964418	dp_bias	-0.001563692348816112	0.019472406208464174	0.04036524615166162
log-power-n1n2psd.pathfinder.klw	Risky first	14.0	1.8112727809788889	dp_bias	-0.0014248302178976088	0.019748803952297632	0.040693642138008405
log-power-n1n2psd.pathfinder.klw	Risky first	14.0	1.861675721640487	dp_bias	-0.0015102052782436893	0.019944203605582043	0.04133105399416818
log-power-n1n2psd.pathfinder.klw	Risky first	14.0	1.9134812431027324	dp_bias	-0.0016323911081278736	0.019976501198641798	0.041412062914720923
log-power-n1n2psd.pathfinder.klw	Risky first	14.0	1.9667283754872122	dp_bias	-0.0020123582531336435	0.019907375443720093	0.04182380237044073
log-power-n1n2psd.pathfinder.klw	Risky first	14.0	2.021457235020777	dp_bias	-0.0022663904574529137	0.019682904153770796	0.04198911178344866
log-power-n1n2psd.pathfinder.klw	Risky first	14.0	2.0777090542589844	dp_bias	-0.0027782896021167616	0.01952723848739081	0.04211499216475913
log-power-n1n2psd.pathfinder.klw	Risky first	14.0	2.1355262131505808	dp_bias	-0.00345240386456351	0.019166369741245578	0.04173013868073931
log-power-n1n2psd.pathfinder.klw	Risky first	14.0	2.1949522709664246	dp_bias	-0.004309684001126076	0.018546338866484016	0.04146959289273134
log-power-n1n2psd.pathfinder.klw	Risky first	14.0	2.256031999116908	dp_bias	-0.0054468956527702434	0.017886597264861352	0.04106074650428651
log-power-n1n2psd.pathfinder.klw	Risky first	14.0	2.3188114148826	dp_bias	-0.006751208494079601	0.017159419380151995	0.040526837014289385
log-power-n1n2psd.pathfinder.klw	Risky first	14.0	2.3833378160835275	dp_bias	-0.008010578745066922	0.016195034375652638	0.03971411819737148
log-power-n1n2psd.pathfinder.klw	Risky first	14.0	2.4496598167132055	dp_bias	-0.009115357538566331	0.01519258818232805	0.03882657848912859
log-power-n1n2psd.pathfinder.klw	Risky first	14.0	2.5178273835642724	dp_bias	-0.010204994772383194	0.014169538897194845	0.03781147829058989
log-power-n1n2psd.pathfinder.klw	Risky first	14.0	2.58789187387332	dp_bias	-0.011507174659170156	0.013149880592374241	0.037083469839379504
log-power-n1n2psd.pathfinder.klw	Risky first	14.0	2.659906074013276	dp_bias	-0.012770268903381097	0.011989614383682325	0.036026240390483605
log-power-n1n2psd.pathfinder.klw	Risky first	14.0	2.7339242392624983	dp_bias	-0.01404453380487195	0.010863167096722987	0.03500474094969252
log-power-n1n2psd.pathfinder.klw	Risky first	14.0	2.8100021346805373	dp_bias	-0.015268459872923438	0.00987662684120443	0.03401405336106552
log-power-n1n2psd.pathfinder.klw	Risky first	14.0	2.8881970771213568	dp_bias	-0.016024833234801878	0.008911138882273175	0.03305179315267524
log-power-n1n2psd.pathfinder.klw	Risky first	14.0	2.9685679784156793	dp_bias	-0.01697787800300404	0.00815315322990941	0.03214392417870669
log-power-n1n2psd.pathfinder.klw	Risky first	14.0	3.051175389754982	dp_bias	-0.01778036447452375	0.007391469291737011	0.03148924404505228
log-power-n1n2psd.pathfinder.klw	Risky first	14.0	3.1360815473105736	dp_bias	-0.018369248666225302	0.006775223594025952	0.030923485818501583
log-power-n1n2psd.pathfinder.klw	Risky first	14.0	3.2233504191221405	dp_bias	-0.018926058768177975	0.006368187593041006	0.030468242536981625
log-power-n1n2psd.pathfinder.klw	Risky first	14.0	3.31304775329107	dp_bias	-0.018866809822044077	0.006065778193986371	0.030466019332795156
log-power-n1n2psd.pathfinder.klw	Risky first	14.0	3.40524112751487	dp_bias	-0.019018892332039274	0.0059390750538335455	0.030120139588301183
log-power-n1n2psd.pathfinder.klw	Risky first	14.0	3.5000000000000004	dp_bias	-0.018927021336678784	0.005907754338067483	0.03025803536237553
log-power-n1n2psd.pathfinder.klw	Risky first	14.0	1.2	dp_scale	-0.00810210907448593	0.006367891417131835	0.02070508667019107
log-power-n1n2psd.pathfinder.klw	Risky first	14.0	1.233392832614218	dp_scale	-0.008005638283986163	0.006597111981642794	0.021039237427339826
log-power-n1n2psd.pathfinder.klw	Risky first	14.0	1.267714899620104	dp_scale	-0.007614397219962764	0.006769848766758838	0.02113218147439034
log-power-n1n2psd.pathfinder.klw	Risky first	14.0	1.3029920591580744	dp_scale	-0.007365035769702052	0.0068647251508271705	0.021249191808858994
log-power-n1n2psd.pathfinder.klw	Risky first	14.0	1.339250888932342	dp_scale	-0.007068942172809642	0.006982343384426294	0.020936871520288107
log-power-n1n2psd.pathfinder.klw	Risky first	14.0	1.3765187062344757	dp_scale	-0.006726812206538976	0.006982819752150125	0.02042415901609006
log-power-n1n2psd.pathfinder.klw	Risky first	14.0	1.4148235885241658	dp_scale	-0.006313898709681946	0.0070222436632532016	0.020034723766058735
log-power-n1n2psd.pathfinder.klw	Risky first	14.0	1.454194394582695	dp_scale	-0.005895178193212537	0.006948854161022061	0.01948649043984328
log-power-n1n2psd.pathfinder.klw	Risky first	14.0	1.4946607862550567	dp_scale	-0.005463217383536888	0.0068549633111745735	0.018896744278636652
log-power-n1n2psd.pathfinder.klw	Risky first	14.0	1.5362532507970992	dp_scale	-0.005054534229114123	0.006662467075175572	0.018093801142659266
log-power-n1n2psd.pathfinder.klw	Risky first	14.0	1.579003123844529	dp_scale	-0.004732888617966572	0.006448977579344249	0.017153822925422432
log-power-n1n2psd.pathfinder.klw	Risky first	14.0	1.6229426130210856	dp_scale	-0.004297208231492634	0.006218993365177878	0.016247939039455934
log-power-n1n2psd.pathfinder.klw	Risky first	14.0	1.6681048222036647	dp_scale	-0.0038643537843691886	0.005935395061101561	0.015303934541498478
log-power-n1n2psd.pathfinder.klw	Risky first	14.0	1.714523776462679	dp_scale	-0.003470084825992709	0.005662978980783781	0.014566698589760192
log-power-n1n2psd.pathfinder.klw	Risky first	14.0	1.7622344476964418	dp_scale	-0.0032621850302757996	0.005325340854511014	0.013577906995339437
log-power-n1n2psd.pathfinder.klw	Risky first	14.0	1.8112727809788889	dp_scale	-0.0030749590644686547	0.004991562976409373	0.012687666113329773
log-power-n1n2psd.pathfinder.klw	Risky first	14.0	1.861675721640487	dp_scale	-0.003034924653720286	0.004613279916297263	0.011881360882802668
log-power-n1n2psd.pathfinder.klw	Risky first	14.0	1.9134812431027324	dp_scale	-0.0030606376164883644	0.004235859977764319	0.011387666138897126
log-power-n1n2psd.pathfinder.klw	Risky first	14.0	1.9667283754872122	dp_scale	-0.0032944748272610144	0.003876646037175065	0.0108546664483927
log-power-n1n2psd.pathfinder.klw	Risky first	14.0	2.021457235020777	dp_scale	-0.0036599435839410666	0.0034946946900953155	0.010550005230784079
log-power-n1n2psd.pathfinder.klw	Risky first	14.0	2.0777090542589844	dp_scale	-0.004182491917829941	0.003128184697746631	0.01023830932178931
log-power-n1n2psd.pathfinder.klw	Risky first	14.0	2.1355262131505808	dp_scale	-0.004693018513396753	0.0027555923528331423	0.010091760549190995
log-power-n1n2psd.pathfinder.klw	Risky first	14.0	2.1949522709664246	dp_scale	-0.005266631866059357	0.0024568467019101233	0.010071667487602848
log-power-n1n2psd.pathfinder.klw	Risky first	14.0	2.256031999116908	dp_scale	-0.005859956918074426	0.002094293102300549	0.010078364469191227
log-power-n1n2psd.pathfinder.klw	Risky first	14.0	2.3188114148826	dp_scale	-0.006617179141060434	0.0017026889107260087	0.01013457929937431
log-power-n1n2psd.pathfinder.klw	Risky first	14.0	2.3833378160835275	dp_scale	-0.007363871752939089	0.0013396175971289834	0.010125017619526909
log-power-n1n2psd.pathfinder.klw	Risky first	14.0	2.4496598167132055	dp_scale	-0.008097140603616345	0.000942026546798639	0.010245061594143335
log-power-n1n2psd.pathfinder.klw	Risky first	14.0	2.5178273835642724	dp_scale	-0.008866004291194949	0.0005841873608722684	0.010304116329784308
log-power-n1n2psd.pathfinder.klw	Risky first	14.0	2.58789187387332	dp_scale	-0.009586795819815454	0.00013343085234711734	0.010347429069132576
log-power-n1n2psd.pathfinder.klw	Risky first	14.0	2.659906074013276	dp_scale	-0.010275998422032934	-0.00019845186682921267	0.010276945868933605
log-power-n1n2psd.pathfinder.klw	Risky first	14.0	2.7339242392624983	dp_scale	-0.01094461370655969	-0.0005776265514739732	0.010232542765684492
log-power-n1n2psd.pathfinder.klw	Risky first	14.0	2.8100021346805373	dp_scale	-0.011679650042637147	-0.0008722467635550017	0.01016936110334283
log-power-n1n2psd.pathfinder.klw	Risky first	14.0	2.8881970771213568	dp_scale	-0.012335730475401365	-0.0012509844789127167	0.01014819927810552
log-power-n1n2psd.pathfinder.klw	Risky first	14.0	2.9685679784156793	dp_scale	-0.0130456186510781	-0.0016087215668000227	0.009969249792856292
log-power-n1n2psd.pathfinder.klw	Risky first	14.0	3.051175389754982	dp_scale	-0.013680017430519466	-0.0019178188909958261	0.009859434201430534
log-power-n1n2psd.pathfinder.klw	Risky first	14.0	3.1360815473105736	dp_scale	-0.014249182699149966	-0.0022179820574450516	0.009701847475072332
log-power-n1n2psd.pathfinder.klw	Risky first	14.0	3.2233504191221405	dp_scale	-0.014625762621852136	-0.002507772563862495	0.009544809498652437
log-power-n1n2psd.pathfinder.klw	Risky first	14.0	3.31304775329107	dp_scale	-0.014971181610515156	-0.002729640983083236	0.00926314441651821
log-power-n1n2psd.pathfinder.klw	Risky first	14.0	3.40524112751487	dp_scale	-0.015233234193846302	-0.002961698416130059	0.009021056625640463
log-power-n1n2psd.pathfinder.klw	Risky first	14.0	3.5000000000000004	dp_scale	-0.015437211868575385	-0.0031719162568378916	0.008701322525186924
log-power-n1n2psd.pathfinder.klw	Risky first	14.0	1.2	dp_interaction	-0.002649875484887639	0.0012739309709772204	0.0056839252598473175
log-power-n1n2psd.pathfinder.klw	Risky first	14.0	1.233392832614218	dp_interaction	-0.002723921393675675	0.0014651793830950618	0.0060256282969223494
log-power-n1n2psd.pathfinder.klw	Risky first	14.0	1.267714899620104	dp_interaction	-0.0027219082875344015	0.0016249870979007943	0.0063523136193334795
log-power-n1n2psd.pathfinder.klw	Risky first	14.0	1.3029920591580744	dp_interaction	-0.002724570547521806	0.0017542266173905389	0.006573487542456136
log-power-n1n2psd.pathfinder.klw	Risky first	14.0	1.339250888932342	dp_interaction	-0.0027354719762101775	0.0018455860987068725	0.006738089146033853
log-power-n1n2psd.pathfinder.klw	Risky first	14.0	1.3765187062344757	dp_interaction	-0.0027830983746612646	0.00188747446910489	0.006806641656489412
log-power-n1n2psd.pathfinder.klw	Risky first	14.0	1.4148235885241658	dp_interaction	-0.002893765692091613	0.0018666304653434957	0.006686116845237247
log-power-n1n2psd.pathfinder.klw	Risky first	14.0	1.454194394582695	dp_interaction	-0.0029651980988873723	0.0017775128769025603	0.006514286398770626
log-power-n1n2psd.pathfinder.klw	Risky first	14.0	1.4946607862550567	dp_interaction	-0.0030303962661555137	0.0016346303975034759	0.0063018748700859805
log-power-n1n2psd.pathfinder.klw	Risky first	14.0	1.5362532507970992	dp_interaction	-0.0031157979402352772	0.0014362268648207793	0.005904807416630757
log-power-n1n2psd.pathfinder.klw	Risky first	14.0	1.579003123844529	dp_interaction	-0.0032323016681545863	0.0011486962243571332	0.005438154851529741
log-power-n1n2psd.pathfinder.klw	Risky first	14.0	1.6229426130210856	dp_interaction	-0.0035399307803224813	0.000810383899164552	0.004905272644062523
log-power-n1n2psd.pathfinder.klw	Risky first	14.0	1.6681048222036647	dp_interaction	-0.0038388608754817925	0.0004121606476105386	0.00439129011037375
log-power-n1n2psd.pathfinder.klw	Risky first	14.0	1.714523776462679	dp_interaction	-0.004184463644687929	-5.7826242981069694e-06	0.003792466982102906
log-power-n1n2psd.pathfinder.klw	Risky first	14.0	1.7622344476964418	dp_interaction	-0.0046134317302383284	-0.00045921039591225387	0.003179366005956265
log-power-n1n2psd.pathfinder.klw	Risky first	14.0	1.8112727809788889	dp_interaction	-0.005178483341134772	-0.0009672442894738271	0.0026600885841144783
log-power-n1n2psd.pathfinder.klw	Risky first	14.0	1.861675721640487	dp_interaction	-0.0057536281629950265	-0.0014532679085418054	0.002265349605824823
log-power-n1n2psd.pathfinder.klw	Risky first	14.0	1.9134812431027324	dp_interaction	-0.00630123572688902	-0.001927791370203605	0.0018819257222772103
log-power-n1n2psd.pathfinder.klw	Risky first	14.0	1.9667283754872122	dp_interaction	-0.006923670584821793	-0.002414454049436243	0.0015598345277562625
log-power-n1n2psd.pathfinder.klw	Risky first	14.0	2.021457235020777	dp_interaction	-0.007578607316474614	-0.0028469443101769246	0.0013644522732658747
log-power-n1n2psd.pathfinder.klw	Risky first	14.0	2.0777090542589844	dp_interaction	-0.008136322147213845	-0.0032355191756153014	0.0012164212348765439
log-power-n1n2psd.pathfinder.klw	Risky first	14.0	2.1355262131505808	dp_interaction	-0.008643857841810872	-0.003604340359854267	0.0012022126927220846
log-power-n1n2psd.pathfinder.klw	Risky first	14.0	2.1949522709664246	dp_interaction	-0.00904060467397883	-0.003870725005226577	0.0011980441258653144
log-power-n1n2psd.pathfinder.klw	Risky first	14.0	2.256031999116908	dp_interaction	-0.009426534458435288	-0.004091363539122031	0.0011811939202747317
log-power-n1n2psd.pathfinder.klw	Risky first	14.0	2.3188114148826	dp_interaction	-0.00965248323990871	-0.004265552144145923	0.0012840722446804892
log-power-n1n2psd.pathfinder.klw	Risky first	14.0	2.3833378160835275	dp_interaction	-0.00987171295492064	-0.004355560784967471	0.001428604878823051
log-power-n1n2psd.pathfinder.klw	Risky first	14.0	2.4496598167132055	dp_interaction	-0.009960564994650582	-0.004368345755162725	0.001647030151485706
log-power-n1n2psd.pathfinder.klw	Risky first	14.0	2.5178273835642724	dp_interaction	-0.009954441129616336	-0.004313861434017194	0.0018680927556125326
log-power-n1n2psd.pathfinder.klw	Risky first	14.0	2.58789187387332	dp_interaction	-0.009910203195246678	-0.004194445990984421	0.0022422067480628157
log-power-n1n2psd.pathfinder.klw	Risky first	14.0	2.659906074013276	dp_interaction	-0.009816683996103134	-0.003997457906561754	0.002589116464597144
log-power-n1n2psd.pathfinder.klw	Risky first	14.0	2.7339242392624983	dp_interaction	-0.009666357304122828	-0.0037984941384882143	0.0030068307249517426
log-power-n1n2psd.pathfinder.klw	Risky first	14.0	2.8100021346805373	dp_interaction	-0.00947152776300892	-0.0035099075899198955	0.003422529407346033
log-power-n1n2psd.pathfinder.klw	Risky first	14.0	2.8881970771213568	dp_interaction	-0.009285179842843565	-0.003252672075224739	0.0038151973609982007
log-power-n1n2psd.pathfinder.klw	Risky first	14.0	2.9685679784156793	dp_interaction	-0.009066189197059994	-0.0029293517855502444	0.0042233862773816315
log-power-n1n2psd.pathfinder.klw	Risky first	14.0	3.051175389754982	dp_interaction	-0.008694898637032215	-0.002609182564718408	0.004456687917214552
log-power-n1n2psd.pathfinder.klw	Risky first	14.0	3.1360815473105736	dp_interaction	-0.008271496296625823	-0.002262423730043233	0.004608654769805799
log-power-n1n2psd.pathfinder.klw	Risky first	14.0	3.2233504191221405	dp_interaction	-0.007753290808884271	-0.0019518923510734626	0.0046516812638987505
log-power-n1n2psd.pathfinder.klw	Risky first	14.0	3.31304775329107	dp_interaction	-0.007238638444346693	-0.0016471805830516801	0.004596770351646143
log-power-n1n2psd.pathfinder.klw	Risky first	14.0	3.40524112751487	dp_interaction	-0.006683863135033281	-0.0013379105694903862	0.0045029566084201535
log-power-n1n2psd.pathfinder.klw	Risky first	14.0	3.5000000000000004	dp_interaction	-0.006187295629605638	-0.0010181751833296592	0.0044280107479131945
log-power-n1n2psd.pathfinder.klw	Risky first	14.0	1.2	num_shift	-0.009544055112041027	0.01304879784145797	0.035221078790099496
log-power-n1n2psd.pathfinder.klw	Risky first	14.0	1.233392832614218	num_shift	-0.008849598388113299	0.013210997095901334	0.034849000991568256
log-power-n1n2psd.pathfinder.klw	Risky first	14.0	1.267714899620104	num_shift	-0.00813276338689038	0.01343910706370176	0.03455457976230093
log-power-n1n2psd.pathfinder.klw	Risky first	14.0	1.3029920591580744	num_shift	-0.007782638218534342	0.013622305356803711	0.03433186786318919
log-power-n1n2psd.pathfinder.klw	Risky first	14.0	1.339250888932342	num_shift	-0.007362256180945513	0.013787207595887172	0.034392548596383694
log-power-n1n2psd.pathfinder.klw	Risky first	14.0	1.3765187062344757	num_shift	-0.006987361656850337	0.013889571031632296	0.034342469631014345
log-power-n1n2psd.pathfinder.klw	Risky first	14.0	1.4148235885241658	num_shift	-0.006793768802067642	0.013975287614905747	0.03426338418017452
log-power-n1n2psd.pathfinder.klw	Risky first	14.0	1.454194394582695	num_shift	-0.006514144638374575	0.01403746487841713	0.03428838970656165
log-power-n1n2psd.pathfinder.klw	Risky first	14.0	1.4946607862550567	num_shift	-0.00647126245266189	0.014171562506244158	0.03437890745561416
log-power-n1n2psd.pathfinder.klw	Risky first	14.0	1.5362532507970992	num_shift	-0.006221899222425456	0.014215318130798776	0.03442122540859103
log-power-n1n2psd.pathfinder.klw	Risky first	14.0	1.579003123844529	num_shift	-0.006007719682295289	0.014361061211922965	0.03429618147515682
log-power-n1n2psd.pathfinder.klw	Risky first	14.0	1.6229426130210856	num_shift	-0.00591626528037354	0.014428311762870585	0.034220363761306584
log-power-n1n2psd.pathfinder.klw	Risky first	14.0	1.6681048222036647	num_shift	-0.005826912578567873	0.014429715853788758	0.03418165837830685
log-power-n1n2psd.pathfinder.klw	Risky first	14.0	1.714523776462679	num_shift	-0.00582251097978233	0.014455186974769114	0.034422728359371185
log-power-n1n2psd.pathfinder.klw	Risky first	14.0	1.7622344476964418	num_shift	-0.005950050030673872	0.014439121108746664	0.03452452139239927
log-power-n1n2psd.pathfinder.klw	Risky first	14.0	1.8112727809788889	num_shift	-0.0058763623881507125	0.014471695501381488	0.03440697890591545
log-power-n1n2psd.pathfinder.klw	Risky first	14.0	1.861675721640487	num_shift	-0.005811574903835178	0.014469373887169087	0.03451104391929224
log-power-n1n2psd.pathfinder.klw	Risky first	14.0	1.9134812431027324	num_shift	-0.006020227024557397	0.014378863993890895	0.034561395971593314
log-power-n1n2psd.pathfinder.klw	Risky first	14.0	1.9667283754872122	num_shift	-0.006221590798149589	0.014360335544030645	0.03443512132442845
log-power-n1n2psd.pathfinder.klw	Risky first	14.0	2.021457235020777	num_shift	-0.0064190670643691295	0.014358153404471625	0.034598826469124676
log-power-n1n2psd.pathfinder.klw	Risky first	14.0	2.0777090542589844	num_shift	-0.006602022555312308	0.014246987681773442	0.034718547587061804
log-power-n1n2psd.pathfinder.klw	Risky first	14.0	2.1355262131505808	num_shift	-0.006648478474767927	0.014243646668950716	0.034862387434648784
log-power-n1n2psd.pathfinder.klw	Risky first	14.0	2.1949522709664246	num_shift	-0.006947640839126767	0.014195376565788145	0.035130505516608394
log-power-n1n2psd.pathfinder.klw	Risky first	14.0	2.256031999116908	num_shift	-0.007317910337022683	0.014080007707596383	0.0350944987047023
log-power-n1n2psd.pathfinder.klw	Risky first	14.0	2.3188114148826	num_shift	-0.00764071798553551	0.014080956185571328	0.035131732397758214
log-power-n1n2psd.pathfinder.klw	Risky first	14.0	2.3833378160835275	num_shift	-0.007896771390410047	0.01400348878770974	0.0351842778495764
log-power-n1n2psd.pathfinder.klw	Risky first	14.0	2.4496598167132055	num_shift	-0.008323832557998534	0.013861846100378255	0.03537010706768763
log-power-n1n2psd.pathfinder.klw	Risky first	14.0	2.5178273835642724	num_shift	-0.008816296134024936	0.013767982445115418	0.035500188592715434
log-power-n1n2psd.pathfinder.klw	Risky first	14.0	2.58789187387332	num_shift	-0.009262584663426365	0.013656159072167181	0.03550039035375
log-power-n1n2psd.pathfinder.klw	Risky first	14.0	2.659906074013276	num_shift	-0.009503146583578552	0.013480842594311565	0.0357213973320812
log-power-n1n2psd.pathfinder.klw	Risky first	14.0	2.7339242392624983	num_shift	-0.010033162512474313	0.013280961903327445	0.03603381089296424
log-power-n1n2psd.pathfinder.klw	Risky first	14.0	2.8100021346805373	num_shift	-0.010409560594067564	0.013119848183380951	0.03604086460703343
log-power-n1n2psd.pathfinder.klw	Risky first	14.0	2.8881970771213568	num_shift	-0.010940924850373472	0.012957254897388224	0.03649491259577145
log-power-n1n2psd.pathfinder.klw	Risky first	14.0	2.9685679784156793	num_shift	-0.011557167743439237	0.012766510180648439	0.03674639230912119
log-power-n1n2psd.pathfinder.klw	Risky first	14.0	3.051175389754982	num_shift	-0.012326422624005004	0.012634914078173924	0.037252135812696374
log-power-n1n2psd.pathfinder.klw	Risky first	14.0	3.1360815473105736	num_shift	-0.012918708919178876	0.012367990190379988	0.03759042047301816
log-power-n1n2psd.pathfinder.klw	Risky first	14.0	3.2233504191221405	num_shift	-0.01366897170669808	0.012082183857478283	0.03791896770343381
log-power-n1n2psd.pathfinder.klw	Risky first	14.0	3.31304775329107	num_shift	-0.014495829810618355	0.011968937601571677	0.03860968804981659
log-power-n1n2psd.pathfinder.klw	Risky first	14.0	3.40524112751487	num_shift	-0.015583078351493392	0.011723726803729632	0.039079879658510654
log-power-n1n2psd.pathfinder.klw	Risky first	14.0	3.5000000000000004	num_shift	-0.016770848699001646	0.011447118396506663	0.03960606773974708
log-power-n1n2psd.pathfinder.klw	Risky first	14.0	1.2	den_ratio	0.9758694657472444	1.0696564741132837	1.1712850509582535
log-power-n1n2psd.pathfinder.klw	Risky first	14.0	1.233392832614218	den_ratio	0.9759522349914493	1.0696295301662964	1.1716063134580879
log-power-n1n2psd.pathfinder.klw	Risky first	14.0	1.267714899620104	den_ratio	0.9762596516646612	1.0696075389527597	1.1719708117909764
log-power-n1n2psd.pathfinder.klw	Risky first	14.0	1.3029920591580744	den_ratio	0.9764111090299391	1.069677375015062	1.1725544169245672
log-power-n1n2psd.pathfinder.klw	Risky first	14.0	1.339250888932342	den_ratio	0.9763903588400843	1.0697168513324156	1.1725182392979392
log-power-n1n2psd.pathfinder.klw	Risky first	14.0	1.3765187062344757	den_ratio	0.976979648940831	1.0697386085432772	1.1724905595761397
log-power-n1n2psd.pathfinder.klw	Risky first	14.0	1.4148235885241658	den_ratio	0.9765460251872106	1.0698229521250004	1.1726150199026597
log-power-n1n2psd.pathfinder.klw	Risky first	14.0	1.454194394582695	den_ratio	0.9763636239632445	1.0698124198582768	1.1725279481263298
log-power-n1n2psd.pathfinder.klw	Risky first	14.0	1.4946607862550567	den_ratio	0.9764785833210091	1.0699815223202649	1.1731324998470134
log-power-n1n2psd.pathfinder.klw	Risky first	14.0	1.5362532507970992	den_ratio	0.9765315743701252	1.0699844292789162	1.1731859538324096
log-power-n1n2psd.pathfinder.klw	Risky first	14.0	1.579003123844529	den_ratio	0.9763284291241493	1.0701805223368868	1.1733672380706412
log-power-n1n2psd.pathfinder.klw	Risky first	14.0	1.6229426130210856	den_ratio	0.9763286562180479	1.0700983272112519	1.1730037694939828
log-power-n1n2psd.pathfinder.klw	Risky first	14.0	1.6681048222036647	den_ratio	0.9759236209836808	1.0700511186068842	1.1731283293005759
log-power-n1n2psd.pathfinder.klw	Risky first	14.0	1.714523776462679	den_ratio	0.9758189478060648	1.0700284871383692	1.1732769792609608
log-power-n1n2psd.pathfinder.klw	Risky first	14.0	1.7622344476964418	den_ratio	0.9757220844000692	1.0700222261580454	1.1733925547244357
log-power-n1n2psd.pathfinder.klw	Risky first	14.0	1.8112727809788889	den_ratio	0.9757929088679773	1.0700362355232929	1.1733033302910865
log-power-n1n2psd.pathfinder.klw	Risky first	14.0	1.861675721640487	den_ratio	0.9756315337026576	1.0701033630447188	1.1729994248712647
log-power-n1n2psd.pathfinder.klw	Risky first	14.0	1.9134812431027324	den_ratio	0.975319179218056	1.0701898023865855	1.1735883774058722
log-power-n1n2psd.pathfinder.klw	Risky first	14.0	1.9667283754872122	den_ratio	0.9752151050781244	1.0702049122005621	1.1742431355203768
log-power-n1n2psd.pathfinder.klw	Risky first	14.0	2.021457235020777	den_ratio	0.9749087305941768	1.0702015827098488	1.1743543941136725
log-power-n1n2psd.pathfinder.klw	Risky first	14.0	2.0777090542589844	den_ratio	0.9747460510910756	1.0702796690990612	1.1746266140480293
log-power-n1n2psd.pathfinder.klw	Risky first	14.0	2.1355262131505808	den_ratio	0.9748547512665721	1.070428514738833	1.17557423827386
log-power-n1n2psd.pathfinder.klw	Risky first	14.0	2.1949522709664246	den_ratio	0.9744907081373846	1.07048190638988	1.175824875058234
log-power-n1n2psd.pathfinder.klw	Risky first	14.0	2.256031999116908	den_ratio	0.9741101215145275	1.0705457134875764	1.1758015507712496
log-power-n1n2psd.pathfinder.klw	Risky first	14.0	2.3188114148826	den_ratio	0.9741668028009208	1.0706377908371256	1.1763393182951623
log-power-n1n2psd.pathfinder.klw	Risky first	14.0	2.3833378160835275	den_ratio	0.9743363676327813	1.0707308999746958	1.1768201495992325
log-power-n1n2psd.pathfinder.klw	Risky first	14.0	2.4496598167132055	den_ratio	0.9745037592711514	1.0707559633813855	1.176850224573095
log-power-n1n2psd.pathfinder.klw	Risky first	14.0	2.5178273835642724	den_ratio	0.9745881691547182	1.0706490624150895	1.1768959724845818
log-power-n1n2psd.pathfinder.klw	Risky first	14.0	2.58789187387332	den_ratio	0.9740921053291643	1.0707904189983317	1.176958087941881
log-power-n1n2psd.pathfinder.klw	Risky first	14.0	2.659906074013276	den_ratio	0.973586837385206	1.0708557129966136	1.1773719981208386
log-power-n1n2psd.pathfinder.klw	Risky first	14.0	2.7339242392624983	den_ratio	0.9737130942618398	1.0709541623432648	1.1776834343507843
log-power-n1n2psd.pathfinder.klw	Risky first	14.0	2.8100021346805373	den_ratio	0.9733245307016581	1.0712494718387902	1.1779392003859583
log-power-n1n2psd.pathfinder.klw	Risky first	14.0	2.8881970771213568	den_ratio	0.9732512622006215	1.0713833952655907	1.1780211987959048
log-power-n1n2psd.pathfinder.klw	Risky first	14.0	2.9685679784156793	den_ratio	0.9731825410349274	1.0715154760976082	1.1782174720675498
log-power-n1n2psd.pathfinder.klw	Risky first	14.0	3.051175389754982	den_ratio	0.9726355138981428	1.0716143538733318	1.1786231921265622
log-power-n1n2psd.pathfinder.klw	Risky first	14.0	3.1360815473105736	den_ratio	0.9728306438370178	1.0717444166680923	1.179010069205404
log-power-n1n2psd.pathfinder.klw	Risky first	14.0	3.2233504191221405	den_ratio	0.9728067318025682	1.0718810883384013	1.1793086327811235
log-power-n1n2psd.pathfinder.klw	Risky first	14.0	3.31304775329107	den_ratio	0.9727845019413125	1.0719850208078117	1.1801787858576476
log-power-n1n2psd.pathfinder.klw	Risky first	14.0	3.40524112751487	den_ratio	0.9728587952688152	1.0721508025589275	1.1809288218198462
log-power-n1n2psd.pathfinder.klw	Risky first	14.0	3.5000000000000004	den_ratio	0.972712239749211	1.0722198656540014	1.1813191367082938
log-power-n1n2psd.pathfinder.klw	Risky first	20.0	1.2	p_vertex	0.09679763616114875	0.1154101867146328	0.13660830615242553
log-power-n1n2psd.pathfinder.klw	Risky first	20.0	1.233392832614218	p_vertex	0.10786102237371575	0.12714443357242894	0.14900225671768028
log-power-n1n2psd.pathfinder.klw	Risky first	20.0	1.267714899620104	p_vertex	0.11970413580077131	0.13965538620844542	0.16186426982370214
log-power-n1n2psd.pathfinder.klw	Risky first	20.0	1.3029920591580744	p_vertex	0.13222095265384196	0.15295372750055208	0.1752064864570407
log-power-n1n2psd.pathfinder.klw	Risky first	20.0	1.339250888932342	p_vertex	0.14544560212616142	0.16685381610213865	0.18986833272229103
log-power-n1n2psd.pathfinder.klw	Risky first	20.0	1.3765187062344757	p_vertex	0.15962407212230983	0.18151727608031232	0.20484708463743345
log-power-n1n2psd.pathfinder.klw	Risky first	20.0	1.4148235885241658	p_vertex	0.17437136829716166	0.1967623819762337	0.2207857551464951
log-power-n1n2psd.pathfinder.klw	Risky first	20.0	1.454194394582695	p_vertex	0.18989071504444158	0.21274851850180376	0.23716425104654706
log-power-n1n2psd.pathfinder.klw	Risky first	20.0	1.4946607862550567	p_vertex	0.2062523651713567	0.22931908335861623	0.25381376669098776
log-power-n1n2psd.pathfinder.klw	Risky first	20.0	1.5362532507970992	p_vertex	0.22300282498959711	0.2464699493449677	0.2710597428883763
log-power-n1n2psd.pathfinder.klw	Risky first	20.0	1.579003123844529	p_vertex	0.24049995658388548	0.26404218353424436	0.28867374880772684
log-power-n1n2psd.pathfinder.klw	Risky first	20.0	1.6229426130210856	p_vertex	0.2584913588714677	0.2819932756525906	0.3064440198676633
log-power-n1n2psd.pathfinder.klw	Risky first	20.0	1.6681048222036647	p_vertex	0.2768094777884958	0.30053664610012587	0.3247766870258224
log-power-n1n2psd.pathfinder.klw	Risky first	20.0	1.714523776462679	p_vertex	0.29562159171514846	0.31944280185190177	0.34334709991269924
log-power-n1n2psd.pathfinder.klw	Risky first	20.0	1.7622344476964418	p_vertex	0.3146911084470508	0.33857546158331503	0.36263630703226807
log-power-n1n2psd.pathfinder.klw	Risky first	20.0	1.8112727809788889	p_vertex	0.33417722920118353	0.3581401189998569	0.38206054188525734
log-power-n1n2psd.pathfinder.klw	Risky first	20.0	1.861675721640487	p_vertex	0.35392856737510586	0.3777696027531065	0.40172053075818337
log-power-n1n2psd.pathfinder.klw	Risky first	20.0	1.9134812431027324	p_vertex	0.373743272852957	0.3976535247165556	0.42137883753725225
log-power-n1n2psd.pathfinder.klw	Risky first	20.0	1.9667283754872122	p_vertex	0.39381292975998833	0.41755260038399356	0.4414489965715846
log-power-n1n2psd.pathfinder.klw	Risky first	20.0	2.021457235020777	p_vertex	0.413456265514671	0.43730572414851254	0.46104469953735444
log-power-n1n2psd.pathfinder.klw	Risky first	20.0	2.0777090542589844	p_vertex	0.4332548858155455	0.4570613498756326	0.48049302177102915
log-power-n1n2psd.pathfinder.klw	Risky first	20.0	2.1355262131505808	p_vertex	0.45284500450384607	0.47662401985023106	0.49998973278175124
log-power-n1n2psd.pathfinder.klw	Risky first	20.0	2.1949522709664246	p_vertex	0.47228157549191496	0.49580176253405717	0.5194847300516454
log-power-n1n2psd.pathfinder.klw	Risky first	20.0	2.256031999116908	p_vertex	0.49148414260754386	0.5146439612179081	0.5382845718773432
log-power-n1n2psd.pathfinder.klw	Risky first	20.0	2.3188114148826	p_vertex	0.509858895573689	0.5332844349305133	0.5565135335867979
log-power-n1n2psd.pathfinder.klw	Risky first	20.0	2.3833378160835275	p_vertex	0.527908060003852	0.5514080646740491	0.5745859574872939
log-power-n1n2psd.pathfinder.klw	Risky first	20.0	2.4496598167132055	p_vertex	0.5454084638036135	0.569043259227132	0.5923792033285831
log-power-n1n2psd.pathfinder.klw	Risky first	20.0	2.5178273835642724	p_vertex	0.562187384829432	0.5860718095984474	0.6094555193189347
log-power-n1n2psd.pathfinder.klw	Risky first	20.0	2.58789187387332	p_vertex	0.5786181199576345	0.6025165755371238	0.6258191595047026
log-power-n1n2psd.pathfinder.klw	Risky first	20.0	2.659906074013276	p_vertex	0.5943808894653325	0.6184287969542396	0.6419356599383896
log-power-n1n2psd.pathfinder.klw	Risky first	20.0	2.7339242392624983	p_vertex	0.6095098592835787	0.6337193848185201	0.657175138800905
log-power-n1n2psd.pathfinder.klw	Risky first	20.0	2.8100021346805373	p_vertex	0.6238430296485203	0.6484293354523629	0.6718482463669537
log-power-n1n2psd.pathfinder.klw	Risky first	20.0	2.8881970771213568	p_vertex	0.637771254109592	0.6625728950622389	0.686205578212714
log-power-n1n2psd.pathfinder.klw	Risky first	20.0	2.9685679784156793	p_vertex	0.6508618992979454	0.6760230923359561	0.6998516721603482
log-power-n1n2psd.pathfinder.klw	Risky first	20.0	3.051175389754982	p_vertex	0.6632338954529259	0.6889510986671733	0.7132447260367882
log-power-n1n2psd.pathfinder.klw	Risky first	20.0	3.1360815473105736	p_vertex	0.6749083616809557	0.7011560966817685	0.7260094881312374
log-power-n1n2psd.pathfinder.klw	Risky first	20.0	3.2233504191221405	p_vertex	0.6860765241656706	0.7127677624851216	0.738318330768276
log-power-n1n2psd.pathfinder.klw	Risky first	20.0	3.31304775329107	p_vertex	0.6967580692815903	0.7238359682848942	0.7500567238782012
log-power-n1n2psd.pathfinder.klw	Risky first	20.0	3.40524112751487	p_vertex	0.7065881968027691	0.734477101394174	0.7612021059718086
log-power-n1n2psd.pathfinder.klw	Risky first	20.0	3.5000000000000004	p_vertex	0.7160405431607242	0.7445686156349721	0.7721209108649917
log-power-n1n2psd.pathfinder.klw	Risky first	20.0	1.2	p_full	0.11599279318023575	0.13704750936764892	0.16009911738222218
log-power-n1n2psd.pathfinder.klw	Risky first	20.0	1.233392832614218	p_full	0.1281114766496365	0.1497372013607972	0.17348810858461075
log-power-n1n2psd.pathfinder.klw	Risky first	20.0	1.267714899620104	p_full	0.14093950078067258	0.16307675492416246	0.18748659604996432
log-power-n1n2psd.pathfinder.klw	Risky first	20.0	1.3029920591580744	p_full	0.15454280968670345	0.17716442930358323	0.20216924991438964
log-power-n1n2psd.pathfinder.klw	Risky first	20.0	1.339250888932342	p_full	0.16896707832227173	0.19194124084285086	0.21726526480806352
log-power-n1n2psd.pathfinder.klw	Risky first	20.0	1.3765187062344757	p_full	0.1839146807031385	0.20732703998982283	0.23286182292100555
log-power-n1n2psd.pathfinder.klw	Risky first	20.0	1.4148235885241658	p_full	0.19937956422291014	0.22317025852184888	0.24905401574555353
log-power-n1n2psd.pathfinder.klw	Risky first	20.0	1.454194394582695	p_full	0.21563048435483748	0.23969702027533846	0.26562046670053385
log-power-n1n2psd.pathfinder.klw	Risky first	20.0	1.4946607862550567	p_full	0.23248072518865623	0.2567224322559548	0.2827087772247313
log-power-n1n2psd.pathfinder.klw	Risky first	20.0	1.5362532507970992	p_full	0.24997889148980126	0.2741537217696807	0.30036360116746147
log-power-n1n2psd.pathfinder.klw	Risky first	20.0	1.579003123844529	p_full	0.2677803122707578	0.2919213799789169	0.3183292310830567
log-power-n1n2psd.pathfinder.klw	Risky first	20.0	1.6229426130210856	p_full	0.28604208167289663	0.3100353186480078	0.3367245243588308
log-power-n1n2psd.pathfinder.klw	Risky first	20.0	1.6681048222036647	p_full	0.3046218920342677	0.3285326802375821	0.35505023096179206
log-power-n1n2psd.pathfinder.klw	Risky first	20.0	1.714523776462679	p_full	0.32347094448364344	0.3472307447292011	0.37361390555793406
log-power-n1n2psd.pathfinder.klw	Risky first	20.0	1.7622344476964418	p_full	0.34273000160561656	0.36614017913257924	0.3921684891177278
log-power-n1n2psd.pathfinder.klw	Risky first	20.0	1.8112727809788889	p_full	0.36186789224738464	0.38510911669218906	0.41053093910101873
log-power-n1n2psd.pathfinder.klw	Risky first	20.0	1.861675721640487	p_full	0.380888333142074	0.40417599678318405	0.42895094257165767
log-power-n1n2psd.pathfinder.klw	Risky first	20.0	1.9134812431027324	p_full	0.3998941908503404	0.4232422352148958	0.4474704112502688
log-power-n1n2psd.pathfinder.klw	Risky first	20.0	1.9667283754872122	p_full	0.4191557433246941	0.44225170730554153	0.46612428129737143
log-power-n1n2psd.pathfinder.klw	Risky first	20.0	2.021457235020777	p_full	0.43826803038262324	0.4611382794172304	0.48452320980944014
log-power-n1n2psd.pathfinder.klw	Risky first	20.0	2.0777090542589844	p_full	0.45688457254645853	0.4799797293144848	0.5027460769364788
log-power-n1n2psd.pathfinder.klw	Risky first	20.0	2.1355262131505808	p_full	0.4754466749857719	0.4983062767146095	0.5210024850823858
log-power-n1n2psd.pathfinder.klw	Risky first	20.0	2.1949522709664246	p_full	0.49384132088395927	0.5163580293904517	0.5388550917706183
log-power-n1n2psd.pathfinder.klw	Risky first	20.0	2.256031999116908	p_full	0.5116957905490004	0.5342986600804414	0.5567612667166711
log-power-n1n2psd.pathfinder.klw	Risky first	20.0	2.3188114148826	p_full	0.5293455882895202	0.551850639717298	0.5743948147046042
log-power-n1n2psd.pathfinder.klw	Risky first	20.0	2.3833378160835275	p_full	0.5463552176850178	0.5689723408319984	0.5912708051118154
log-power-n1n2psd.pathfinder.klw	Risky first	20.0	2.4496598167132055	p_full	0.5630245455331763	0.5856761773216017	0.6081212377720091
log-power-n1n2psd.pathfinder.klw	Risky first	20.0	2.5178273835642724	p_full	0.5792784964456437	0.601850155125749	0.6241828118272652
log-power-n1n2psd.pathfinder.klw	Risky first	20.0	2.58789187387332	p_full	0.5948645270973992	0.6176556357393053	0.6399747882074449
log-power-n1n2psd.pathfinder.klw	Risky first	20.0	2.659906074013276	p_full	0.6097313899740342	0.6328736342941441	0.6554645765461032
log-power-n1n2psd.pathfinder.klw	Risky first	20.0	2.7339242392624983	p_full	0.6240851922044024	0.6476872495916126	0.6703681374078093
log-power-n1n2psd.pathfinder.klw	Risky first	20.0	2.8100021346805373	p_full	0.6382006404644203	0.6619206761337397	0.6847501424900342
log-power-n1n2psd.pathfinder.klw	Risky first	20.0	2.8881970771213568	p_full	0.6515198528726679	0.6756403234408059	0.6988248514947816
log-power-n1n2psd.pathfinder.klw	Risky first	20.0	2.9685679784156793	p_full	0.6641138624438409	0.6888805988745998	0.7122077670261989
log-power-n1n2psd.pathfinder.klw	Risky first	20.0	3.051175389754982	p_full	0.6764217585096928	0.7016451358033533	0.7251764644881806
log-power-n1n2psd.pathfinder.klw	Risky first	20.0	3.1360815473105736	p_full	0.6880385066148859	0.7137675012356722	0.7373946007263852
log-power-n1n2psd.pathfinder.klw	Risky first	20.0	3.2233504191221405	p_full	0.6993343334099158	0.7253470273048648	0.7495893425511073
log-power-n1n2psd.pathfinder.klw	Risky first	20.0	3.31304775329107	p_full	0.7099881697059	0.7364984356055659	0.761126902645157
log-power-n1n2psd.pathfinder.klw	Risky first	20.0	3.40524112751487	p_full	0.7198456252273063	0.7471570823272806	0.772299270904081
log-power-n1n2psd.pathfinder.klw	Risky first	20.0	3.5000000000000004	p_full	0.7294359759989686	0.7572627202751676	0.7830856414592254
log-power-n1n2psd.pathfinder.klw	Risky first	20.0	1.2	p_bias_only	0.11163800537503045	0.13155567571080662	0.15404775732656195
log-power-n1n2psd.pathfinder.klw	Risky first	20.0	1.233392832614218	p_bias_only	0.12346342684933687	0.14412765229234087	0.16696815625635247
log-power-n1n2psd.pathfinder.klw	Risky first	20.0	1.267714899620104	p_bias_only	0.13622626820519113	0.15739220364526885	0.18072898105144103
log-power-n1n2psd.pathfinder.klw	Risky first	20.0	1.3029920591580744	p_bias_only	0.14955198566215197	0.17137011559065374	0.19537790990085688
log-power-n1n2psd.pathfinder.klw	Risky first	20.0	1.339250888932342	p_bias_only	0.16386621753068253	0.18603869943257087	0.21061408988053357
log-power-n1n2psd.pathfinder.klw	Risky first	20.0	1.3765187062344757	p_bias_only	0.17872863115473722	0.20131768094460828	0.22648415071099726
log-power-n1n2psd.pathfinder.klw	Risky first	20.0	1.4148235885241658	p_bias_only	0.1941709283649339	0.21711424556496445	0.24265520040506405
log-power-n1n2psd.pathfinder.klw	Risky first	20.0	1.454194394582695	p_bias_only	0.21025790193539262	0.23365966998389898	0.25934621182809453
log-power-n1n2psd.pathfinder.klw	Risky first	20.0	1.4946607862550567	p_bias_only	0.22719074702346784	0.2508763029232284	0.27659038942027186
log-power-n1n2psd.pathfinder.klw	Risky first	20.0	1.5362532507970992	p_bias_only	0.24453431069292783	0.2685793159270109	0.2942189396172276
log-power-n1n2psd.pathfinder.klw	Risky first	20.0	1.579003123844529	p_bias_only	0.26272657491460993	0.28664896682856467	0.31219733661532423
log-power-n1n2psd.pathfinder.klw	Risky first	20.0	1.6229426130210856	p_bias_only	0.2811111853431499	0.3050808118449621	0.3304464666871461
log-power-n1n2psd.pathfinder.klw	Risky first	20.0	1.6681048222036647	p_bias_only	0.29999515154314044	0.32395263911756733	0.349052024079033
log-power-n1n2psd.pathfinder.klw	Risky first	20.0	1.714523776462679	p_bias_only	0.319152233888723	0.3430568390827086	0.3679947290839106
log-power-n1n2psd.pathfinder.klw	Risky first	20.0	1.7622344476964418	p_bias_only	0.3387737783329149	0.3624726892828639	0.38717454944294466
log-power-n1n2psd.pathfinder.klw	Risky first	20.0	1.8112727809788889	p_bias_only	0.3582301901910591	0.3819783017358473	0.40665137788208267
log-power-n1n2psd.pathfinder.klw	Risky first	20.0	1.861675721640487	p_bias_only	0.37803332224423386	0.4015885170783067	0.42583683506848513
log-power-n1n2psd.pathfinder.klw	Risky first	20.0	1.9134812431027324	p_bias_only	0.3977596780337115	0.42117200012251826	0.4453090027745294
log-power-n1n2psd.pathfinder.klw	Risky first	20.0	1.9667283754872122	p_bias_only	0.4172977476741548	0.4406993859096933	0.46468690016763586
log-power-n1n2psd.pathfinder.klw	Risky first	20.0	2.021457235020777	p_bias_only	0.4367039435712709	0.46020581776825165	0.483940753096213
log-power-n1n2psd.pathfinder.klw	Risky first	20.0	2.0777090542589844	p_bias_only	0.4560686983616106	0.47946594507586915	0.5029157190639306
log-power-n1n2psd.pathfinder.klw	Risky first	20.0	2.1355262131505808	p_bias_only	0.47525546900528565	0.4984238848730652	0.5218872042151772
log-power-n1n2psd.pathfinder.klw	Risky first	20.0	2.1949522709664246	p_bias_only	0.4938656879226432	0.5170691932916727	0.5406092385848856
log-power-n1n2psd.pathfinder.klw	Risky first	20.0	2.256031999116908	p_bias_only	0.5125214616202622	0.5354589029879082	0.5587715546349548
log-power-n1n2psd.pathfinder.klw	Risky first	20.0	2.3188114148826	p_bias_only	0.5305902524793392	0.5533294870070188	0.5768366324509469
log-power-n1n2psd.pathfinder.klw	Risky first	20.0	2.3833378160835275	p_bias_only	0.5479849069501801	0.5708042679808412	0.5943750818924283
log-power-n1n2psd.pathfinder.klw	Risky first	20.0	2.4496598167132055	p_bias_only	0.5650338200620592	0.5880168269006694	0.6115206734422403
log-power-n1n2psd.pathfinder.klw	Risky first	20.0	2.5178273835642724	p_bias_only	0.5816519363321367	0.6045794865991038	0.6283032522782716
log-power-n1n2psd.pathfinder.klw	Risky first	20.0	2.58789187387332	p_bias_only	0.597448459874698	0.6206451895520152	0.6444715612273526
log-power-n1n2psd.pathfinder.klw	Risky first	20.0	2.659906074013276	p_bias_only	0.6124926829864542	0.6361887163551554	0.6599411688852503
log-power-n1n2psd.pathfinder.klw	Risky first	20.0	2.7339242392624983	p_bias_only	0.6272286148770967	0.6511919792592984	0.6748648129633422
log-power-n1n2psd.pathfinder.klw	Risky first	20.0	2.8100021346805373	p_bias_only	0.6411058064320908	0.6656015839426178	0.6891339835348171
log-power-n1n2psd.pathfinder.klw	Risky first	20.0	2.8881970771213568	p_bias_only	0.6544076254750901	0.6794799272897478	0.7030828547906048
log-power-n1n2psd.pathfinder.klw	Risky first	20.0	2.9685679784156793	p_bias_only	0.6673952640225672	0.6925888630418082	0.7165722223527823
log-power-n1n2psd.pathfinder.klw	Risky first	20.0	3.051175389754982	p_bias_only	0.6797010311359212	0.7053754236587848	0.7294344395363285
log-power-n1n2psd.pathfinder.klw	Risky first	20.0	3.1360815473105736	p_bias_only	0.6914161693772465	0.7174624339941718	0.7417415569237275
log-power-n1n2psd.pathfinder.klw	Risky first	20.0	3.2233504191221405	p_bias_only	0.7027209779390456	0.7289622244888709	0.7536779386409611
log-power-n1n2psd.pathfinder.klw	Risky first	20.0	3.31304775329107	p_bias_only	0.7131224523192199	0.7400631681696399	0.7649001941172994
log-power-n1n2psd.pathfinder.klw	Risky first	20.0	3.40524112751487	p_bias_only	0.7233407632029756	0.750575233465238	0.7753813837422114
log-power-n1n2psd.pathfinder.klw	Risky first	20.0	3.5000000000000004	p_bias_only	0.7331084772283252	0.7606366878034414	0.785694019309778
log-power-n1n2psd.pathfinder.klw	Risky first	20.0	1.2	p_scale_only	0.10064412372445224	0.11917376299496496	0.1395638384065426
log-power-n1n2psd.pathfinder.klw	Risky first	20.0	1.233392832614218	p_scale_only	0.11185224290703229	0.13100916736869933	0.15196846819582163
log-power-n1n2psd.pathfinder.klw	Risky first	20.0	1.267714899620104	p_scale_only	0.12378575505605961	0.1436704187855233	0.16510363195204203
log-power-n1n2psd.pathfinder.klw	Risky first	20.0	1.3029920591580744	p_scale_only	0.13655792768919525	0.15693771609513696	0.1787995104813702
log-power-n1n2psd.pathfinder.klw	Risky first	20.0	1.339250888932342	p_scale_only	0.1502672881557576	0.1709823524471621	0.19315234760473807
log-power-n1n2psd.pathfinder.klw	Risky first	20.0	1.3765187062344757	p_scale_only	0.16448150011585222	0.1856324972749278	0.20817201696772714
log-power-n1n2psd.pathfinder.klw	Risky first	20.0	1.4148235885241658	p_scale_only	0.1793988529011111	0.20103896287194586	0.22386332834524597
log-power-n1n2psd.pathfinder.klw	Risky first	20.0	1.454194394582695	p_scale_only	0.19501246270701983	0.21698466084237927	0.239967774629242
log-power-n1n2psd.pathfinder.klw	Risky first	20.0	1.4946607862550567	p_scale_only	0.2113010519245544	0.23359162740621936	0.256792821434955
log-power-n1n2psd.pathfinder.klw	Risky first	20.0	1.5362532507970992	p_scale_only	0.22825553872775203	0.2507444349262159	0.2740558648515161
log-power-n1n2psd.pathfinder.klw	Risky first	20.0	1.579003123844529	p_scale_only	0.24570064452451193	0.26841336906471674	0.29187809683401345
log-power-n1n2psd.pathfinder.klw	Risky first	20.0	1.6229426130210856	p_scale_only	0.26378801936147894	0.2865415932337394	0.3101022966297062
log-power-n1n2psd.pathfinder.klw	Risky first	20.0	1.6681048222036647	p_scale_only	0.2822359551320373	0.3049585589683638	0.3284736983608997
log-power-n1n2psd.pathfinder.klw	Risky first	20.0	1.714523776462679	p_scale_only	0.3011583562621841	0.3239361232893042	0.34714018344920317
log-power-n1n2psd.pathfinder.klw	Risky first	20.0	1.7622344476964418	p_scale_only	0.3205864394951045	0.34315719228767455	0.3661178064180576
log-power-n1n2psd.pathfinder.klw	Risky first	20.0	1.8112727809788889	p_scale_only	0.34000630902794904	0.3625420951634773	0.38534278948619766
log-power-n1n2psd.pathfinder.klw	Risky first	20.0	1.861675721640487	p_scale_only	0.35985269916351637	0.38220318504224704	0.4048853035020099
log-power-n1n2psd.pathfinder.klw	Risky first	20.0	1.9134812431027324	p_scale_only	0.3795362150156328	0.40191885470623995	0.4246644126548062
log-power-n1n2psd.pathfinder.klw	Risky first	20.0	1.9667283754872122	p_scale_only	0.39931490895321997	0.4216040948313061	0.44421210119477056
log-power-n1n2psd.pathfinder.klw	Risky first	20.0	2.021457235020777	p_scale_only	0.41875855073736934	0.44125924587436427	0.46379811577248925
log-power-n1n2psd.pathfinder.klw	Risky first	20.0	2.0777090542589844	p_scale_only	0.43828368341990687	0.4608356932369849	0.48320161664672434
log-power-n1n2psd.pathfinder.klw	Risky first	20.0	2.1355262131505808	p_scale_only	0.4575242127776108	0.4800599463274329	0.5025065146075756
log-power-n1n2psd.pathfinder.klw	Risky first	20.0	2.1949522709664246	p_scale_only	0.47651696086189765	0.4990988800285869	0.5213807458614618
log-power-n1n2psd.pathfinder.klw	Risky first	20.0	2.256031999116908	p_scale_only	0.49515994560114407	0.5178794637102745	0.5401823231557923
log-power-n1n2psd.pathfinder.klw	Risky first	20.0	2.3188114148826	p_scale_only	0.513598537268351	0.5361576593149353	0.5585241121861111
log-power-n1n2psd.pathfinder.klw	Risky first	20.0	2.3833378160835275	p_scale_only	0.5314753575163988	0.5539462494187151	0.5763336305946988
log-power-n1n2psd.pathfinder.klw	Risky first	20.0	2.4496598167132055	p_scale_only	0.5487097317319857	0.5712192716418416	0.5939402388421742
log-power-n1n2psd.pathfinder.klw	Risky first	20.0	2.5178273835642724	p_scale_only	0.5651477588830685	0.5880860460092492	0.6109094127311038
log-power-n1n2psd.pathfinder.klw	Risky first	20.0	2.58789187387332	p_scale_only	0.5812233182535622	0.6044300939528595	0.6272021269179899
log-power-n1n2psd.pathfinder.klw	Risky first	20.0	2.659906074013276	p_scale_only	0.5968298438106774	0.6201971450867159	0.6431415155911587
log-power-n1n2psd.pathfinder.klw	Risky first	20.0	2.7339242392624983	p_scale_only	0.6118792502763072	0.6353572154802891	0.65841582890217
log-power-n1n2psd.pathfinder.klw	Risky first	20.0	2.8100021346805373	p_scale_only	0.6260274479717713	0.6499458437203585	0.6731841639739908
log-power-n1n2psd.pathfinder.klw	Risky first	20.0	2.8881970771213568	p_scale_only	0.6399299986236227	0.6638334542766495	0.6872290068265077
log-power-n1n2psd.pathfinder.klw	Risky first	20.0	2.9685679784156793	p_scale_only	0.6528796292930101	0.6771779207346575	0.7007887067841787
log-power-n1n2psd.pathfinder.klw	Risky first	20.0	3.051175389754982	p_scale_only	0.6651276594567085	0.6899409610661651	0.7134930786163002
log-power-n1n2psd.pathfinder.klw	Risky first	20.0	3.1360815473105736	p_scale_only	0.6767388756758408	0.7020233787366781	0.7259156894988835
log-power-n1n2psd.pathfinder.klw	Risky first	20.0	3.2233504191221405	p_scale_only	0.6880898809724457	0.713677732004355	0.7378505929602296
log-power-n1n2psd.pathfinder.klw	Risky first	20.0	3.31304775329107	p_scale_only	0.6985261365476677	0.7246319356781941	0.7493347929047488
log-power-n1n2psd.pathfinder.klw	Risky first	20.0	3.40524112751487	p_scale_only	0.7085465184780805	0.7351713443936577	0.7601494499727195
log-power-n1n2psd.pathfinder.klw	Risky first	20.0	3.5000000000000004	p_scale_only	0.7180144294150202	0.7450827995499913	0.7705655992356192
log-power-n1n2psd.pathfinder.klw	Risky first	20.0	1.2	dp_full	-0.0025451428698345354	0.021373498958608295	0.04556159761794329
log-power-n1n2psd.pathfinder.klw	Risky first	20.0	1.233392832614218	dp_full	-0.0023912976924276718	0.02231815890842861	0.047187451268517054
log-power-n1n2psd.pathfinder.klw	Risky first	20.0	1.267714899620104	dp_full	-0.0023642020533966297	0.023241204803634452	0.04864925036404739
log-power-n1n2psd.pathfinder.klw	Risky first	20.0	1.3029920591580744	dp_full	-0.002191632388088985	0.024158465696199238	0.050201511804958056
log-power-n1n2psd.pathfinder.klw	Risky first	20.0	1.339250888932342	dp_full	-0.0019085567375602757	0.024994477717665428	0.05138983219758602
log-power-n1n2psd.pathfinder.klw	Risky first	20.0	1.3765187062344757	dp_full	-0.0016445905027828297	0.025763580067193946	0.05280887026853245
log-power-n1n2psd.pathfinder.klw	Risky first	20.0	1.4148235885241658	dp_full	-0.0014395748620379249	0.026492798432512617	0.05383310046076147
log-power-n1n2psd.pathfinder.klw	Risky first	20.0	1.454194394582695	dp_full	-0.001046400059201943	0.027106589645285936	0.0548832029397772
log-power-n1n2psd.pathfinder.klw	Risky first	20.0	1.4946607862550567	dp_full	-0.0007174207389354586	0.027683750641730554	0.05561377724247722
log-power-n1n2psd.pathfinder.klw	Risky first	20.0	1.5362532507970992	dp_full	-0.00041601540874089074	0.02796229415949708	0.056290408114924036
log-power-n1n2psd.pathfinder.klw	Risky first	20.0	1.579003123844529	dp_full	-0.00037033210253263203	0.028203355184359517	0.05665881922103605
log-power-n1n2psd.pathfinder.klw	Risky first	20.0	1.6229426130210856	dp_full	-0.00029665733327432695	0.02821351562989581	0.056669903771481275
log-power-n1n2psd.pathfinder.klw	Risky first	20.0	1.6681048222036647	dp_full	-0.0002857386996735901	0.02826079282261036	0.05677981958196492
log-power-n1n2psd.pathfinder.klw	Risky first	20.0	1.714523776462679	dp_full	-0.0004140457481132783	0.028134340028081538	0.056512249499162545
log-power-n1n2psd.pathfinder.klw	Risky first	20.0	1.7622344476964418	dp_full	-0.0005646830962400468	0.02794003591619034	0.055956217711797415
log-power-n1n2psd.pathfinder.klw	Risky first	20.0	1.8112727809788889	dp_full	-0.0009021361010253414	0.027430580789861887	0.05544095939307515
log-power-n1n2psd.pathfinder.klw	Risky first	20.0	1.861675721640487	dp_full	-0.0013764761919671479	0.026781183781093006	0.05446089381893045
log-power-n1n2psd.pathfinder.klw	Risky first	20.0	1.9134812431027324	dp_full	-0.00210812074902957	0.02604145647543843	0.053773140715622524
log-power-n1n2psd.pathfinder.klw	Risky first	20.0	1.9667283754872122	dp_full	-0.003010807651873624	0.025201507789026065	0.05285798618795416
log-power-n1n2psd.pathfinder.klw	Risky first	20.0	2.021457235020777	dp_full	-0.004198908696332586	0.02410603997735596	0.051614744465248996
log-power-n1n2psd.pathfinder.klw	Risky first	20.0	2.0777090542589844	dp_full	-0.005441780841289772	0.023000824955615465	0.05071767678754947
log-power-n1n2psd.pathfinder.klw	Risky first	20.0	2.1355262131505808	dp_full	-0.006636533173471205	0.021911800218029857	0.05009583969909121
log-power-n1n2psd.pathfinder.klw	Risky first	20.0	2.1949522709664246	dp_full	-0.007715252920946923	0.02078441681597689	0.049153740324989065
log-power-n1n2psd.pathfinder.klw	Risky first	20.0	2.256031999116908	dp_full	-0.009092485911007921	0.01967031854141606	0.048008093553307186
log-power-n1n2psd.pathfinder.klw	Risky first	20.0	2.3188114148826	dp_full	-0.010202805610153675	0.018576541897176113	0.04722424754953554
log-power-n1n2psd.pathfinder.klw	Risky first	20.0	2.3833378160835275	dp_full	-0.011439205945252936	0.017550554185596097	0.04643976958395449
log-power-n1n2psd.pathfinder.klw	Risky first	20.0	2.4496598167132055	dp_full	-0.012383266176301868	0.01673561954742122	0.04589788449059047
log-power-n1n2psd.pathfinder.klw	Risky first	20.0	2.5178273835642724	dp_full	-0.013623091470532742	0.015771042884909922	0.04520760855552351
log-power-n1n2psd.pathfinder.klw	Risky first	20.0	2.58789187387332	dp_full	-0.014454848988951488	0.014866121640125057	0.0450855389328892
log-power-n1n2psd.pathfinder.klw	Risky first	20.0	2.659906074013276	dp_full	-0.015552330334747207	0.01421743867153187	0.044877513485593434
log-power-n1n2psd.pathfinder.klw	Risky first	20.0	2.7339242392624983	dp_full	-0.016504632598098132	0.013738658144144381	0.04474730297710868
log-power-n1n2psd.pathfinder.klw	Risky first	20.0	2.8100021346805373	dp_full	-0.01757184268992633	0.013241457891360487	0.04443612206785712
log-power-n1n2psd.pathfinder.klw	Risky first	20.0	2.8881970771213568	dp_full	-0.018468606680458095	0.012915209757748257	0.044417187571339486
log-power-n1n2psd.pathfinder.klw	Risky first	20.0	2.9685679784156793	dp_full	-0.01929583531775895	0.012658253759713573	0.0449514166535362
log-power-n1n2psd.pathfinder.klw	Risky first	20.0	3.051175389754982	dp_full	-0.020229585653605005	0.012510758644049727	0.045539490991537646
log-power-n1n2psd.pathfinder.klw	Risky first	20.0	3.1360815473105736	dp_full	-0.020753294033608136	0.012330433992874527	0.04622955647614372
log-power-n1n2psd.pathfinder.klw	Risky first	20.0	3.2233504191221405	dp_full	-0.021039639467984	0.012221278767789126	0.04682069693498443
log-power-n1n2psd.pathfinder.klw	Risky first	20.0	3.31304775329107	dp_full	-0.021741134706491607	0.012174903677576978	0.047363829981082385
log-power-n1n2psd.pathfinder.klw	Risky first	20.0	3.40524112751487	dp_full	-0.022516518521182693	0.012222381739327373	0.04798567786473103
log-power-n1n2psd.pathfinder.klw	Risky first	20.0	3.5000000000000004	dp_full	-0.023109306091541017	0.012284085862040156	0.04875350466996329
log-power-n1n2psd.pathfinder.klw	Risky first	20.0	1.2	dp_bias	-0.003846245155049949	0.015924077653519268	0.03663462236031295
log-power-n1n2psd.pathfinder.klw	Risky first	20.0	1.233392832614218	dp_bias	-0.00376636257839697	0.016623124347545603	0.038156926105104634
log-power-n1n2psd.pathfinder.klw	Risky first	20.0	1.267714899620104	dp_bias	-0.003724758113615504	0.017299897464852436	0.03955614751467629
log-power-n1n2psd.pathfinder.klw	Risky first	20.0	1.3029920591580744	dp_bias	-0.0036598159226285698	0.018026464524327664	0.04103918092108366
log-power-n1n2psd.pathfinder.klw	Risky first	20.0	1.339250888932342	dp_bias	-0.00349382745957417	0.018843584674022	0.042311586618486496
log-power-n1n2psd.pathfinder.klw	Risky first	20.0	1.3765187062344757	dp_bias	-0.0033474267211863144	0.019567115896151198	0.04331600860345917
log-power-n1n2psd.pathfinder.klw	Risky first	20.0	1.4148235885241658	dp_bias	-0.0030044565183934683	0.020267341108745625	0.04462460217112832
log-power-n1n2psd.pathfinder.klw	Risky first	20.0	1.454194394582695	dp_bias	-0.0028878641410983313	0.020931096673082787	0.045540605577309407
log-power-n1n2psd.pathfinder.klw	Risky first	20.0	1.4946607862550567	dp_bias	-0.002528105429202728	0.021576795217005437	0.0465944022303795
log-power-n1n2psd.pathfinder.klw	Risky first	20.0	1.5362532507970992	dp_bias	-0.002340680171070091	0.022122168462620467	0.04755398754225508
log-power-n1n2psd.pathfinder.klw	Risky first	20.0	1.579003123844529	dp_bias	-0.001976606782048681	0.022564017171372085	0.04812730931611842
log-power-n1n2psd.pathfinder.klw	Risky first	20.0	1.6229426130210856	dp_bias	-0.001685504279564627	0.02294684124404614	0.04881543516196573
log-power-n1n2psd.pathfinder.klw	Risky first	20.0	1.6681048222036647	dp_bias	-0.00148394976244915	0.02335307192118353	0.04933476857125515
log-power-n1n2psd.pathfinder.klw	Risky first	20.0	1.714523776462679	dp_bias	-0.0011906907848540026	0.02363957850570414	0.05002857519369341
log-power-n1n2psd.pathfinder.klw	Risky first	20.0	1.7622344476964418	dp_bias	-0.0015087513258728487	0.02373159433597999	0.050568067289359336
log-power-n1n2psd.pathfinder.klw	Risky first	20.0	1.8112727809788889	dp_bias	-0.0018973988172316662	0.02378024784172839	0.050509081005614964
log-power-n1n2psd.pathfinder.klw	Risky first	20.0	1.861675721640487	dp_bias	-0.0025625502994354597	0.02379944370368221	0.050524329859050476
log-power-n1n2psd.pathfinder.klw	Risky first	20.0	1.9134812431027324	dp_bias	-0.0029018334929612893	0.023573112114918596	0.0504392377719238
log-power-n1n2psd.pathfinder.klw	Risky first	20.0	1.9667283754872122	dp_bias	-0.00358551808533196	0.023330857153334977	0.05055632546274138
log-power-n1n2psd.pathfinder.klw	Risky first	20.0	2.021457235020777	dp_bias	-0.004361494421750991	0.022828792887569026	0.05036460847922181
log-power-n1n2psd.pathfinder.klw	Risky first	20.0	2.0777090542589844	dp_bias	-0.005007686484161186	0.022361945544282558	0.050403844779398285
log-power-n1n2psd.pathfinder.klw	Risky first	20.0	2.1355262131505808	dp_bias	-0.005702223650962084	0.02181309933479135	0.05004321686802071
log-power-n1n2psd.pathfinder.klw	Risky first	20.0	2.1949522709664246	dp_bias	-0.006724097535469211	0.021160480459538646	0.04967760499127563
log-power-n1n2psd.pathfinder.klw	Risky first	20.0	2.256031999116908	dp_bias	-0.007521004606360059	0.020612781069970984	0.04896706528811694
log-power-n1n2psd.pathfinder.klw	Risky first	20.0	2.3188114148826	dp_bias	-0.008479971188517605	0.020062919023930717	0.04870185670481607
log-power-n1n2psd.pathfinder.klw	Risky first	20.0	2.3833378160835275	dp_bias	-0.008903149897481042	0.01938322434223312	0.04852954031265305
log-power-n1n2psd.pathfinder.klw	Risky first	20.0	2.4496598167132055	dp_bias	-0.0096120135668084	0.018836298671203705	0.04805261645032714
log-power-n1n2psd.pathfinder.klw	Risky first	20.0	2.5178273835642724	dp_bias	-0.010400425306080893	0.01833634761178568	0.04768328918364665
log-power-n1n2psd.pathfinder.klw	Risky first	20.0	2.58789187387332	dp_bias	-0.010756593846076861	0.017882260707144677	0.04725133464830435
log-power-n1n2psd.pathfinder.klw	Risky first	20.0	2.659906074013276	dp_bias	-0.011191431836886154	0.0174414613991406	0.047116417409426466
log-power-n1n2psd.pathfinder.klw	Risky first	20.0	2.7339242392624983	dp_bias	-0.011955496437246345	0.017238175448854455	0.0470347264400607
log-power-n1n2psd.pathfinder.klw	Risky first	20.0	2.8100021346805373	dp_bias	-0.01244951018757027	0.017018594097705838	0.04755870683429847
log-power-n1n2psd.pathfinder.klw	Risky first	20.0	2.8881970771213568	dp_bias	-0.01330056830464526	0.01686063026118599	0.047649351816230034
log-power-n1n2psd.pathfinder.klw	Risky first	20.0	2.9685679784156793	dp_bias	-0.013836156765356112	0.016644359280207778	0.0479252600647774
log-power-n1n2psd.pathfinder.klw	Risky first	20.0	3.051175389754982	dp_bias	-0.014528328396108006	0.016387420354860946	0.04805059202004605
log-power-n1n2psd.pathfinder.klw	Risky first	20.0	3.1360815473105736	dp_bias	-0.015126679712846237	0.016258140305666545	0.048654726153505086
log-power-n1n2psd.pathfinder.klw	Risky first	20.0	3.2233504191221405	dp_bias	-0.016282273282970133	0.016081005714324425	0.049091036931432325
log-power-n1n2psd.pathfinder.klw	Risky first	20.0	3.31304775329107	dp_bias	-0.016919336528177387	0.015862975982570325	0.04930526121536663
log-power-n1n2psd.pathfinder.klw	Risky first	20.0	3.40524112751487	dp_bias	-0.017464217760279354	0.015770396887389744	0.049406372592579094
log-power-n1n2psd.pathfinder.klw	Risky first	20.0	3.5000000000000004	dp_bias	-0.018230498483632392	0.01566755143980795	0.04956799848282779
log-power-n1n2psd.pathfinder.klw	Risky first	20.0	1.2	dp_scale	-0.009605486939245237	0.003527753798844012	0.016655475438809204
log-power-n1n2psd.pathfinder.klw	Risky first	20.0	1.233392832614218	dp_scale	-0.0096329408026124	0.0036328515158162975	0.01687073368293933
log-power-n1n2psd.pathfinder.klw	Risky first	20.0	1.267714899620104	dp_scale	-0.009721353056872275	0.0036891367033479285	0.01697619745072994
log-power-n1n2psd.pathfinder.klw	Risky first	20.0	1.3029920591580744	dp_scale	-0.009686228008284982	0.003756815187784631	0.017045960566695554
log-power-n1n2psd.pathfinder.klw	Risky first	20.0	1.339250888932342	dp_scale	-0.00938781135689111	0.0038195601432015757	0.017055702941832642
log-power-n1n2psd.pathfinder.klw	Risky first	20.0	1.3765187062344757	dp_scale	-0.009138877945534196	0.003968434787030642	0.016874495089935066
log-power-n1n2psd.pathfinder.klw	Risky first	20.0	1.4148235885241658	dp_scale	-0.00877230705642802	0.004052953673077413	0.01667180684174019
log-power-n1n2psd.pathfinder.klw	Risky first	20.0	1.454194394582695	dp_scale	-0.008456014165222816	0.004166282659616124	0.016547903653228474
log-power-n1n2psd.pathfinder.klw	Risky first	20.0	1.4946607862550567	dp_scale	-0.007894647955791367	0.004223564220976179	0.01637673959446915
log-power-n1n2psd.pathfinder.klw	Risky first	20.0	1.5362532507970992	dp_scale	-0.007435151278929603	0.004313700724596129	0.016067450260078775
log-power-n1n2psd.pathfinder.klw	Risky first	20.0	1.579003123844529	dp_scale	-0.006798880129073239	0.004402291617880409	0.01568108122571729
log-power-n1n2psd.pathfinder.klw	Risky first	20.0	1.6229426130210856	dp_scale	-0.006298150193663909	0.0044713458962767644	0.015256275536020665
log-power-n1n2psd.pathfinder.klw	Risky first	20.0	1.6681048222036647	dp_scale	-0.005617659550102667	0.00452212583369899	0.014880901731525467
log-power-n1n2psd.pathfinder.klw	Risky first	20.0	1.714523776462679	dp_scale	-0.005136311772630483	0.0045385348870550886	0.014349547421911234
log-power-n1n2psd.pathfinder.klw	Risky first	20.0	1.7622344476964418	dp_scale	-0.0046090635612352285	0.004523142046320542	0.013812907583388979
log-power-n1n2psd.pathfinder.klw	Risky first	20.0	1.8112727809788889	dp_scale	-0.003933796325846279	0.004528239880439395	0.013296408036353916
log-power-n1n2psd.pathfinder.klw	Risky first	20.0	1.861675721640487	dp_scale	-0.0034811620955016056	0.004468637745827711	0.012589336912492125
log-power-n1n2psd.pathfinder.klw	Risky first	20.0	1.9134812431027324	dp_scale	-0.003102489305069633	0.0043623587346775855	0.012011572225425262
log-power-n1n2psd.pathfinder.klw	Risky first	20.0	1.9667283754872122	dp_scale	-0.0028865170084463655	0.004238607918640575	0.011292587973678186
log-power-n1n2psd.pathfinder.klw	Risky first	20.0	2.021457235020777	dp_scale	-0.002820069188846012	0.004065847027259344	0.010774281829153732
log-power-n1n2psd.pathfinder.klw	Risky first	20.0	2.0777090542589844	dp_scale	-0.0030261018423060454	0.00388015772694415	0.010440207634479948
log-power-n1n2psd.pathfinder.klw	Risky first	20.0	2.1355262131505808	dp_scale	-0.0033448546914361297	0.0036684753085590538	0.010257785788231803
log-power-n1n2psd.pathfinder.klw	Risky first	20.0	2.1949522709664246	dp_scale	-0.0038705512859463762	0.003443330766280564	0.010113244733635667
log-power-n1n2psd.pathfinder.klw	Risky first	20.0	2.256031999116908	dp_scale	-0.004314509548925702	0.0032410660063539494	0.010196765942239871
log-power-n1n2psd.pathfinder.klw	Risky first	20.0	2.3188114148826	dp_scale	-0.004842682739390718	0.0030227737694589942	0.010277984299190869
log-power-n1n2psd.pathfinder.klw	Risky first	20.0	2.3833378160835275	dp_scale	-0.005400807985489226	0.002807423097390037	0.010469320001072173
log-power-n1n2psd.pathfinder.klw	Risky first	20.0	2.4496598167132055	dp_scale	-0.006171308831121634	0.002537608887859144	0.01064054234503031
log-power-n1n2psd.pathfinder.klw	Risky first	20.0	2.5178273835642724	dp_scale	-0.006779455749958899	0.002337075061280589	0.010813754160172221
log-power-n1n2psd.pathfinder.klw	Risky first	20.0	2.58789187387332	dp_scale	-0.0072019916167324815	0.0021465090626299936	0.011020582278249388
log-power-n1n2psd.pathfinder.klw	Risky first	20.0	2.659906074013276	dp_scale	-0.007634652865011782	0.0019634625913245224	0.011117959063745695
log-power-n1n2psd.pathfinder.klw	Risky first	20.0	2.7339242392624983	dp_scale	-0.007919643381937526	0.0017399004874094678	0.01113167440349886
log-power-n1n2psd.pathfinder.klw	Risky first	20.0	2.8100021346805373	dp_scale	-0.008354395837639878	0.0015697133870941505	0.011165971750466245
log-power-n1n2psd.pathfinder.klw	Risky first	20.0	2.8881970771213568	dp_scale	-0.008728800958154837	0.0014141939497689846	0.011192290491414063
log-power-n1n2psd.pathfinder.klw	Risky first	20.0	2.9685679784156793	dp_scale	-0.008904272729771897	0.0012679993979373204	0.011140156177110712
log-power-n1n2psd.pathfinder.klw	Risky first	20.0	3.051175389754982	dp_scale	-0.008995412953323305	0.0011349101417023298	0.011124480053052065
log-power-n1n2psd.pathfinder.klw	Risky first	20.0	3.1360815473105736	dp_scale	-0.009208338151185437	0.0010194694500573137	0.010948556027236286
log-power-n1n2psd.pathfinder.klw	Risky first	20.0	3.2233504191221405	dp_scale	-0.009295718381158927	0.0008705006563130074	0.010853216710307952
log-power-n1n2psd.pathfinder.klw	Risky first	20.0	3.31304775329107	dp_scale	-0.009393439762500472	0.0007393523408315272	0.01076135211605533
log-power-n1n2psd.pathfinder.klw	Risky first	20.0	3.40524112751487	dp_scale	-0.00945983628231978	0.0005819608189171641	0.010635115683488745
log-power-n1n2psd.pathfinder.klw	Risky first	20.0	3.5000000000000004	dp_scale	-0.009567921515095426	0.0004655205552361777	0.010328509626980977
log-power-n1n2psd.pathfinder.klw	Risky first	20.0	1.2	dp_interaction	-0.0013075043373169848	0.001719875573971374	0.004727661828460921
log-power-n1n2psd.pathfinder.klw	Risky first	20.0	1.233392832614218	dp_interaction	-0.0013831156329658263	0.0018881622148895845	0.005037168657531216
log-power-n1n2psd.pathfinder.klw	Risky first	20.0	1.267714899620104	dp_interaction	-0.0015055940406839368	0.00199497564906175	0.005352391048155106
log-power-n1n2psd.pathfinder.klw	Risky first	20.0	1.3029920591580744	dp_interaction	-0.001653030443954106	0.002085599898098636	0.00559546187367499
log-power-n1n2psd.pathfinder.klw	Risky first	20.0	1.339250888932342	dp_interaction	-0.0017960247372405607	0.0021088914046729166	0.005781418521386623
log-power-n1n2psd.pathfinder.klw	Risky first	20.0	1.3765187062344757	dp_interaction	-0.0019758600404012148	0.0020881705623824794	0.0058611860708510915
log-power-n1n2psd.pathfinder.klw	Risky first	20.0	1.4148235885241658	dp_interaction	-0.0021981703859304245	0.001996863783254484	0.005878209077036071
log-power-n1n2psd.pathfinder.klw	Risky first	20.0	1.454194394582695	dp_interaction	-0.0024015594985623426	0.0018323435258888665	0.005806685073831228
log-power-n1n2psd.pathfinder.klw	Risky first	20.0	1.4946607862550567	dp_interaction	-0.0026909882811891523	0.0015989269000257374	0.005642794030837092
log-power-n1n2psd.pathfinder.klw	Risky first	20.0	1.5362532507970992	dp_interaction	-0.0030179737589577592	0.0013274747959624912	0.005390946682035893
log-power-n1n2psd.pathfinder.klw	Risky first	20.0	1.579003123844529	dp_interaction	-0.0033756330389443944	0.0009867012680519504	0.005045466432110179
log-power-n1n2psd.pathfinder.klw	Risky first	20.0	1.6229426130210856	dp_interaction	-0.0037783459219006793	0.0006378600007516581	0.00474126178672545
log-power-n1n2psd.pathfinder.klw	Risky first	20.0	1.6681048222036647	dp_interaction	-0.00423769289580586	0.0002494426180050616	0.004400268395129387
log-power-n1n2psd.pathfinder.klw	Risky first	20.0	1.714523776462679	dp_interaction	-0.004772644914783879	-0.0001802741739088299	0.004011013147616174
log-power-n1n2psd.pathfinder.klw	Risky first	20.0	1.7622344476964418	dp_interaction	-0.005374710976761593	-0.0006170777655771912	0.0035845589700816715
log-power-n1n2psd.pathfinder.klw	Risky first	20.0	1.8112727809788889	dp_interaction	-0.0059749118096256515	-0.0010713211129983985	0.0032086717869869628
log-power-n1n2psd.pathfinder.klw	Risky first	20.0	1.861675721640487	dp_interaction	-0.006542630083112922	-0.0015543295729178429	0.002825665023622582
log-power-n1n2psd.pathfinder.klw	Risky first	20.0	1.9134812431027324	dp_interaction	-0.00717436274344587	-0.0019914222176784513	0.002577605609068925
log-power-n1n2psd.pathfinder.klw	Risky first	20.0	1.9667283754872122	dp_interaction	-0.007772386864033578	-0.0024344250523977654	0.002387637377065521
log-power-n1n2psd.pathfinder.klw	Risky first	20.0	2.021457235020777	dp_interaction	-0.008386888720485696	-0.002876045306385002	0.0022941304182424968
log-power-n1n2psd.pathfinder.klw	Risky first	20.0	2.0777090542589844	dp_interaction	-0.008875434062269321	-0.0033028195298263206	0.0021535873114600494
log-power-n1n2psd.pathfinder.klw	Risky first	20.0	2.1355262131505808	dp_interaction	-0.00938887260405218	-0.0036905182072026715	0.0020101790895068815
log-power-n1n2psd.pathfinder.klw	Risky first	20.0	2.1949522709664246	dp_interaction	-0.009839249591832312	-0.0040486889862979495	0.0019370509952214231
log-power-n1n2psd.pathfinder.klw	Risky first	20.0	2.256031999116908	dp_interaction	-0.010315254758418293	-0.004345886322691102	0.001892510660709128
log-power-n1n2psd.pathfinder.klw	Risky first	20.0	2.3188114148826	dp_interaction	-0.010684371872481441	-0.004635506579666125	0.0017512485888306307
log-power-n1n2psd.pathfinder.klw	Risky first	20.0	2.3833378160835275	dp_interaction	-0.010898876000538883	-0.00483600720602468	0.0017009386627640866
log-power-n1n2psd.pathfinder.klw	Risky first	20.0	2.4496598167132055	dp_interaction	-0.011002326807070672	-0.00502867931876933	0.0014351109694882337
log-power-n1n2psd.pathfinder.klw	Risky first	20.0	2.5178273835642724	dp_interaction	-0.011156529416299332	-0.005157088390341395	0.001298372904702897
log-power-n1n2psd.pathfinder.klw	Risky first	20.0	2.58789187387332	dp_interaction	-0.011346971076397493	-0.005271533969158746	0.0011040538283670354
log-power-n1n2psd.pathfinder.klw	Risky first	20.0	2.659906074013276	dp_interaction	-0.011429742684933868	-0.005325523192803246	0.0010847553925516884
log-power-n1n2psd.pathfinder.klw	Risky first	20.0	2.7339242392624983	dp_interaction	-0.011428104812767268	-0.0053303092126918	0.0010046064185440025
log-power-n1n2psd.pathfinder.klw	Risky first	20.0	2.8100021346805373	dp_interaction	-0.011419897382848997	-0.0053220378216235435	0.0009167295310150126
log-power-n1n2psd.pathfinder.klw	Risky first	20.0	2.8881970771213568	dp_interaction	-0.011374740173582868	-0.005251378506899903	0.000994929866429278
log-power-n1n2psd.pathfinder.klw	Risky first	20.0	2.9685679784156793	dp_interaction	-0.011276978867271978	-0.005143717261639541	0.0010666127420095905
log-power-n1n2psd.pathfinder.klw	Risky first	20.0	3.051175389754982	dp_interaction	-0.011097851666970616	-0.004988703279760635	0.001144792169435254
log-power-n1n2psd.pathfinder.klw	Risky first	20.0	3.1360815473105736	dp_interaction	-0.010988225544231293	-0.00482875939319167	0.001251374650265809
log-power-n1n2psd.pathfinder.klw	Risky first	20.0	3.2233504191221405	dp_interaction	-0.010877916520097678	-0.0045854672851176675	0.001468614539377507
log-power-n1n2psd.pathfinder.klw	Risky first	20.0	3.31304775329107	dp_interaction	-0.01061034059780334	-0.004334422172181226	0.0016839128612733702
log-power-n1n2psd.pathfinder.klw	Risky first	20.0	3.40524112751487	dp_interaction	-0.010439895337141077	-0.0040507652285793425	0.002012382398845696
log-power-n1n2psd.pathfinder.klw	Risky first	20.0	3.5000000000000004	dp_interaction	-0.01020931820859887	-0.0037516917526086426	0.002291200328617795
log-power-n1n2psd.pathfinder.klw	Risky first	20.0	1.2	num_shift	-0.0024219014193908924	0.025113201989057865	0.053617423580152763
log-power-n1n2psd.pathfinder.klw	Risky first	20.0	1.233392832614218	num_shift	-0.002391989348720021	0.02503763084672637	0.053618217979689624
log-power-n1n2psd.pathfinder.klw	Risky first	20.0	1.267714899620104	num_shift	-0.0023336941435513725	0.025011462393976946	0.053623730906242666
log-power-n1n2psd.pathfinder.klw	Risky first	20.0	1.3029920591580744	num_shift	-0.0023404643743422846	0.0250347964212874	0.053573900298005704
log-power-n1n2psd.pathfinder.klw	Risky first	20.0	1.339250888932342	num_shift	-0.0023443140057908866	0.02502491468089841	0.053458184652666545
log-power-n1n2psd.pathfinder.klw	Risky first	20.0	1.3765187062344757	num_shift	-0.0024050035780462864	0.025027164162621067	0.053268150578055375
log-power-n1n2psd.pathfinder.klw	Risky first	20.0	1.4148235885241658	num_shift	-0.002575770730344245	0.02496867752233041	0.05314532885200222
log-power-n1n2psd.pathfinder.klw	Risky first	20.0	1.454194394582695	num_shift	-0.0025029613813278865	0.02493060455463026	0.05310311938880732
log-power-n1n2psd.pathfinder.klw	Risky first	20.0	1.4946607862550567	num_shift	-0.002619799126987094	0.02484178398803849	0.05296365504188573
log-power-n1n2psd.pathfinder.klw	Risky first	20.0	1.5362532507970992	num_shift	-0.0029030129742543174	0.024759879509610894	0.05277975278335834
log-power-n1n2psd.pathfinder.klw	Risky first	20.0	1.579003123844529	num_shift	-0.003125555818832751	0.024732482632959144	0.05283075671431674
log-power-n1n2psd.pathfinder.klw	Risky first	20.0	1.6229426130210856	num_shift	-0.0034701950411798704	0.02466571996854392	0.05266143529343562
log-power-n1n2psd.pathfinder.klw	Risky first	20.0	1.6681048222036647	num_shift	-0.003759250675793047	0.02459966042340915	0.052431516306448676
log-power-n1n2psd.pathfinder.klw	Risky first	20.0	1.714523776462679	num_shift	-0.0038791336296713475	0.024536098667053953	0.05228930439671687
log-power-n1n2psd.pathfinder.klw	Risky first	20.0	1.7622344476964418	num_shift	-0.0040171181123620555	0.024419484693522772	0.0522299549761385
log-power-n1n2psd.pathfinder.klw	Risky first	20.0	1.8112727809788889	num_shift	-0.004276654559697854	0.024272369762216278	0.052194933882253484
log-power-n1n2psd.pathfinder.klw	Risky first	20.0	1.861675721640487	num_shift	-0.004189788047484117	0.02414728588269427	0.052070497725929046
log-power-n1n2psd.pathfinder.klw	Risky first	20.0	1.9134812431027324	num_shift	-0.004429797746133577	0.02411720764064493	0.05198836411989799
log-power-n1n2psd.pathfinder.klw	Risky first	20.0	1.9667283754872122	num_shift	-0.004628374208013947	0.024010242406816887	0.05178574383635258
log-power-n1n2psd.pathfinder.klw	Risky first	20.0	2.021457235020777	num_shift	-0.0049655641661654525	0.023709892675849373	0.05160128267846835
log-power-n1n2psd.pathfinder.klw	Risky first	20.0	2.0777090542589844	num_shift	-0.005173669802354514	0.0234489938054177	0.05167944438059342
log-power-n1n2psd.pathfinder.klw	Risky first	20.0	2.1355262131505808	num_shift	-0.005489898970091466	0.023223696777979932	0.05187736101128769
log-power-n1n2psd.pathfinder.klw	Risky first	20.0	2.1949522709664246	num_shift	-0.005830191189565696	0.02308373310342833	0.052037558818616894
log-power-n1n2psd.pathfinder.klw	Risky first	20.0	2.256031999116908	num_shift	-0.006403075056083102	0.022804827138399663	0.05209193779861563
log-power-n1n2psd.pathfinder.klw	Risky first	20.0	2.3188114148826	num_shift	-0.006997480981852099	0.02254172176092089	0.05224110405640809
log-power-n1n2psd.pathfinder.klw	Risky first	20.0	2.3833378160835275	num_shift	-0.007605179951269682	0.022260194705566748	0.05241978136024344
log-power-n1n2psd.pathfinder.klw	Risky first	20.0	2.4496598167132055	num_shift	-0.008072845044506213	0.02201321930640258	0.052662384890690486
log-power-n1n2psd.pathfinder.klw	Risky first	20.0	2.5178273835642724	num_shift	-0.008729920835293333	0.02168941576825938	0.052971793015605596
log-power-n1n2psd.pathfinder.klw	Risky first	20.0	2.58789187387332	num_shift	-0.009644672842375891	0.021420834045040072	0.05328414674262896
log-power-n1n2psd.pathfinder.klw	Risky first	20.0	2.659906074013276	num_shift	-0.010569275444238649	0.021143001213362194	0.05352013280338091
log-power-n1n2psd.pathfinder.klw	Risky first	20.0	2.7339242392624983	num_shift	-0.011786014964968092	0.02087124905939407	0.054261466603279726
log-power-n1n2psd.pathfinder.klw	Risky first	20.0	2.8100021346805373	num_shift	-0.012908619190985963	0.020691170860212688	0.05464222959563799
log-power-n1n2psd.pathfinder.klw	Risky first	20.0	2.8881970771213568	num_shift	-0.014115410596317034	0.020552878807766035	0.05505176923170517
log-power-n1n2psd.pathfinder.klw	Risky first	20.0	2.9685679784156793	num_shift	-0.015556229153187122	0.020134170341724926	0.05584047637911424
log-power-n1n2psd.pathfinder.klw	Risky first	20.0	3.051175389754982	num_shift	-0.0170884556165948	0.019825781155426297	0.056457896583145185
log-power-n1n2psd.pathfinder.klw	Risky first	20.0	3.1360815473105736	num_shift	-0.018656936173323094	0.01955434436695781	0.057190131617565865
log-power-n1n2psd.pathfinder.klw	Risky first	20.0	3.2233504191221405	num_shift	-0.020284835818015958	0.019135833102667435	0.05830887475006564
log-power-n1n2psd.pathfinder.klw	Risky first	20.0	3.31304775329107	num_shift	-0.02191157027156693	0.01894351226521987	0.0596779972290519
log-power-n1n2psd.pathfinder.klw	Risky first	20.0	3.40524112751487	num_shift	-0.023712698749525047	0.018511875858615096	0.06038516591750393
log-power-n1n2psd.pathfinder.klw	Risky first	20.0	3.5000000000000004	num_shift	-0.02560043166493602	0.01811874998800118	0.06169915782450671
log-power-n1n2psd.pathfinder.klw	Risky first	20.0	1.2	den_ratio	0.9687483981566731	1.061049731684855	1.1630702440485963
log-power-n1n2psd.pathfinder.klw	Risky first	20.0	1.233392832614218	den_ratio	0.9686317847123048	1.0611616740031424	1.1633537186992318
log-power-n1n2psd.pathfinder.klw	Risky first	20.0	1.267714899620104	den_ratio	0.9685017887055829	1.061333722214337	1.1633734001936602
log-power-n1n2psd.pathfinder.klw	Risky first	20.0	1.3029920591580744	den_ratio	0.9682507349204243	1.0612821691490528	1.1636463516561841
log-power-n1n2psd.pathfinder.klw	Risky first	20.0	1.339250888932342	den_ratio	0.9684052210407004	1.0614502615922605	1.1640580135407974
log-power-n1n2psd.pathfinder.klw	Risky first	20.0	1.3765187062344757	den_ratio	0.9680263972359656	1.0614406061484742	1.1639865111064402
log-power-n1n2psd.pathfinder.klw	Risky first	20.0	1.4148235885241658	den_ratio	0.9675018501776287	1.0614791400701669	1.1641852829524504
log-power-n1n2psd.pathfinder.klw	Risky first	20.0	1.454194394582695	den_ratio	0.9673812672517055	1.0615846263891648	1.1650436047502932
log-power-n1n2psd.pathfinder.klw	Risky first	20.0	1.4946607862550567	den_ratio	0.9675772577347894	1.0616284666205609	1.1654967614374612
log-power-n1n2psd.pathfinder.klw	Risky first	20.0	1.5362532507970992	den_ratio	0.9673240005683492	1.061653900568822	1.1652356920750333
log-power-n1n2psd.pathfinder.klw	Risky first	20.0	1.579003123844529	den_ratio	0.9670544119026365	1.0618156680463815	1.1655236469090549
log-power-n1n2psd.pathfinder.klw	Risky first	20.0	1.6229426130210856	den_ratio	0.9669558361051817	1.0619199149095464	1.1658646535535353
log-power-n1n2psd.pathfinder.klw	Risky first	20.0	1.6681048222036647	den_ratio	0.9667846829763787	1.0620266052505598	1.1661571003025277
log-power-n1n2psd.pathfinder.klw	Risky first	20.0	1.714523776462679	den_ratio	0.9663299430703557	1.0621982575857585	1.166540326588515
log-power-n1n2psd.pathfinder.klw	Risky first	20.0	1.7622344476964418	den_ratio	0.9660134667639988	1.0622611580644903	1.1668766626980087
log-power-n1n2psd.pathfinder.klw	Risky first	20.0	1.8112727809788889	den_ratio	0.9660056478472338	1.062263668111155	1.1672664583505754
log-power-n1n2psd.pathfinder.klw	Risky first	20.0	1.861675721640487	den_ratio	0.965808905573421	1.0622445408089836	1.1675391285719037
log-power-n1n2psd.pathfinder.klw	Risky first	20.0	1.9134812431027324	den_ratio	0.9654558562565558	1.0623621943040424	1.1678737708285192
log-power-n1n2psd.pathfinder.klw	Risky first	20.0	1.9667283754872122	den_ratio	0.9657029561115352	1.0624322233544787	1.1681863563831807
log-power-n1n2psd.pathfinder.klw	Risky first	20.0	2.021457235020777	den_ratio	0.9656314884203792	1.062579034448698	1.1683752901052211
log-power-n1n2psd.pathfinder.klw	Risky first	20.0	2.0777090542589844	den_ratio	0.965722322284782	1.0624539149715613	1.16842087828735
log-power-n1n2psd.pathfinder.klw	Risky first	20.0	2.1355262131505808	den_ratio	0.9655385465452754	1.0627226152489242	1.1689218651402153
log-power-n1n2psd.pathfinder.klw	Risky first	20.0	2.1949522709664246	den_ratio	0.9650945882220862	1.06289986265423	1.169495812723811
log-power-n1n2psd.pathfinder.klw	Risky first	20.0	2.256031999116908	den_ratio	0.9648084598885783	1.0630034739398058	1.1700794698653574
log-power-n1n2psd.pathfinder.klw	Risky first	20.0	2.3188114148826	den_ratio	0.9649722611927605	1.0632111206558559	1.1705937232189645
log-power-n1n2psd.pathfinder.klw	Risky first	20.0	2.3833378160835275	den_ratio	0.9651434310025034	1.0632872069774977	1.1715304471240238
log-power-n1n2psd.pathfinder.klw	Risky first	20.0	2.4496598167132055	den_ratio	0.9652448283375431	1.063463249555175	1.1718204053185186
log-power-n1n2psd.pathfinder.klw	Risky first	20.0	2.5178273835642724	den_ratio	0.9650943755513022	1.0635879984294785	1.1723874748141558
log-power-n1n2psd.pathfinder.klw	Risky first	20.0	2.58789187387332	den_ratio	0.9649544905251826	1.063598438015227	1.1731025163768347
log-power-n1n2psd.pathfinder.klw	Risky first	20.0	2.659906074013276	den_ratio	0.9649912916037597	1.0637977851596148	1.1732687927772558
log-power-n1n2psd.pathfinder.klw	Risky first	20.0	2.7339242392624983	den_ratio	0.9647411791631926	1.0639514064504152	1.1735985887154146
log-power-n1n2psd.pathfinder.klw	Risky first	20.0	2.8100021346805373	den_ratio	0.9646911405346503	1.0642491109273746	1.1744007100752476
log-power-n1n2psd.pathfinder.klw	Risky first	20.0	2.8881970771213568	den_ratio	0.9645032391030337	1.0645203917511417	1.174981417691682
log-power-n1n2psd.pathfinder.klw	Risky first	20.0	2.9685679784156793	den_ratio	0.964355701753718	1.0645728107379042	1.175892878552785
log-power-n1n2psd.pathfinder.klw	Risky first	20.0	3.051175389754982	den_ratio	0.9643035818536392	1.0647969846291927	1.176160769372809
log-power-n1n2psd.pathfinder.klw	Risky first	20.0	3.1360815473105736	den_ratio	0.964230657527775	1.0650203186587532	1.1767241748604298
log-power-n1n2psd.pathfinder.klw	Risky first	20.0	3.2233504191221405	den_ratio	0.9643240390781002	1.065274493822213	1.177061485086804
log-power-n1n2psd.pathfinder.klw	Risky first	20.0	3.31304775329107	den_ratio	0.9642364633205056	1.0654144669446257	1.177834325028484
log-power-n1n2psd.pathfinder.klw	Risky first	20.0	3.40524112751487	den_ratio	0.9639289310144791	1.0656284329453638	1.1779453324296374
log-power-n1n2psd.pathfinder.klw	Risky first	20.0	3.5000000000000004	den_ratio	0.9639211005613258	1.065758219538112	1.1785516295622076
log-power-n1n2psd.pathfinder.klw	Risky first	28.0	1.2	p_vertex	0.09673103970368147	0.11825005045731642	0.14277222126890388
log-power-n1n2psd.pathfinder.klw	Risky first	28.0	1.233392832614218	p_vertex	0.10683336274899628	0.12918086770593643	0.1541577039647447
log-power-n1n2psd.pathfinder.klw	Risky first	28.0	1.267714899620104	p_vertex	0.11758688610181631	0.14070906450039322	0.16632874438154563
log-power-n1n2psd.pathfinder.klw	Risky first	28.0	1.3029920591580744	p_vertex	0.12891358246153387	0.15278996349652826	0.17906452356330535
log-power-n1n2psd.pathfinder.klw	Risky first	28.0	1.339250888932342	p_vertex	0.14094568374291264	0.16551092604905532	0.19217211079372198
log-power-n1n2psd.pathfinder.klw	Risky first	28.0	1.3765187062344757	p_vertex	0.15353641033707746	0.17885709719716003	0.20576268544904527
log-power-n1n2psd.pathfinder.klw	Risky first	28.0	1.4148235885241658	p_vertex	0.1669479857543294	0.19256573468664684	0.21986580073685222
log-power-n1n2psd.pathfinder.klw	Risky first	28.0	1.454194394582695	p_vertex	0.1810520843593498	0.20686901841464334	0.23444687488111374
log-power-n1n2psd.pathfinder.klw	Risky first	28.0	1.4946607862550567	p_vertex	0.1954233883630229	0.22175800217778116	0.2494842663978351
log-power-n1n2psd.pathfinder.klw	Risky first	28.0	1.5362532507970992	p_vertex	0.2104201751573549	0.23709089098484987	0.2648049965449935
log-power-n1n2psd.pathfinder.klw	Risky first	28.0	1.579003123844529	p_vertex	0.22599495778096293	0.2528793292436144	0.28051137919817853
log-power-n1n2psd.pathfinder.klw	Risky first	28.0	1.6229426130210856	p_vertex	0.24189389553911722	0.268968026561345	0.29664768508067435
log-power-n1n2psd.pathfinder.klw	Risky first	28.0	1.6681048222036647	p_vertex	0.25812418335918924	0.28555057238514736	0.31318014742991546
log-power-n1n2psd.pathfinder.klw	Risky first	28.0	1.714523776462679	p_vertex	0.2748782016350346	0.3023190268732635	0.32995425035669657
log-power-n1n2psd.pathfinder.klw	Risky first	28.0	1.7622344476964418	p_vertex	0.29173763839569594	0.3191827031424833	0.3469864853712356
log-power-n1n2psd.pathfinder.klw	Risky first	28.0	1.8112727809788889	p_vertex	0.3086877648795384	0.3361881808306725	0.364258672640937
log-power-n1n2psd.pathfinder.klw	Risky first	28.0	1.861675721640487	p_vertex	0.32561815176772313	0.3533991112741558	0.3815196088039735
log-power-n1n2psd.pathfinder.klw	Risky first	28.0	1.9134812431027324	p_vertex	0.3428920776620458	0.37069354507997615	0.39837800151535174
log-power-n1n2psd.pathfinder.klw	Risky first	28.0	1.9667283754872122	p_vertex	0.35998093421788124	0.3880807512517449	0.4157282592995221
log-power-n1n2psd.pathfinder.klw	Risky first	28.0	2.021457235020777	p_vertex	0.37693119068796127	0.40524942675396536	0.43326113972653735
log-power-n1n2psd.pathfinder.klw	Risky first	28.0	2.0777090542589844	p_vertex	0.39380393152792986	0.4222939508937729	0.450633437281168
log-power-n1n2psd.pathfinder.klw	Risky first	28.0	2.1355262131505808	p_vertex	0.41046758559783053	0.43926637394857176	0.46798800333997903
log-power-n1n2psd.pathfinder.klw	Risky first	28.0	2.1949522709664246	p_vertex	0.42676120055014316	0.4558818600762753	0.48488910636997196
log-power-n1n2psd.pathfinder.klw	Risky first	28.0	2.256031999116908	p_vertex	0.44274193099758224	0.47232022805515517	0.5015666355894417
log-power-n1n2psd.pathfinder.klw	Risky first	28.0	2.3188114148826	p_vertex	0.45792065675980326	0.48840892186913965	0.5180471027907148
log-power-n1n2psd.pathfinder.klw	Risky first	28.0	2.3833378160835275	p_vertex	0.4732213640553252	0.50417445345538	0.5344781033406039
log-power-n1n2psd.pathfinder.klw	Risky first	28.0	2.4496598167132055	p_vertex	0.48788900212555253	0.5195157009067078	0.5500505693787995
log-power-n1n2psd.pathfinder.klw	Risky first	28.0	2.5178273835642724	p_vertex	0.5024889138284672	0.5345341016619161	0.5655999532354108
log-power-n1n2psd.pathfinder.klw	Risky first	28.0	2.58789187387332	p_vertex	0.5163558840737814	0.5491916784534824	0.5808514932641449
log-power-n1n2psd.pathfinder.klw	Risky first	28.0	2.659906074013276	p_vertex	0.5295796562692181	0.5634305656902091	0.5955895541958605
log-power-n1n2psd.pathfinder.klw	Risky first	28.0	2.7339242392624983	p_vertex	0.5423694580032151	0.5770979247403885	0.609870097927438
log-power-n1n2psd.pathfinder.klw	Risky first	28.0	2.8100021346805373	p_vertex	0.5548588238698285	0.5903876598145055	0.6236620073892224
log-power-n1n2psd.pathfinder.klw	Risky first	28.0	2.8881970771213568	p_vertex	0.5667416679775082	0.6030488962674168	0.6372006281912189
log-power-n1n2psd.pathfinder.klw	Risky first	28.0	2.9685679784156793	p_vertex	0.578176721484793	0.6152646088999645	0.6501242417782852
log-power-n1n2psd.pathfinder.klw	Risky first	28.0	3.051175389754982	p_vertex	0.5892089221263773	0.6271424284738465	0.6626761467290879
log-power-n1n2psd.pathfinder.klw	Risky first	28.0	3.1360815473105736	p_vertex	0.5997365991593895	0.6384976225413388	0.6746600302947199
log-power-n1n2psd.pathfinder.klw	Risky first	28.0	3.2233504191221405	p_vertex	0.6098496227093761	0.649199657682554	0.6860049433736818
log-power-n1n2psd.pathfinder.klw	Risky first	28.0	3.31304775329107	p_vertex	0.6194382404740865	0.6596077448963797	0.697070452059067
log-power-n1n2psd.pathfinder.klw	Risky first	28.0	3.40524112751487	p_vertex	0.628475108133996	0.6696447306280224	0.7076355825037236
log-power-n1n2psd.pathfinder.klw	Risky first	28.0	3.5000000000000004	p_vertex	0.6369782779926088	0.6790535892676669	0.7174685889873873
log-power-n1n2psd.pathfinder.klw	Risky first	28.0	1.2	p_full	0.11221290369986767	0.13644850468643005	0.16471165425492326
log-power-n1n2psd.pathfinder.klw	Risky first	28.0	1.233392832614218	p_full	0.12311450673275479	0.14817130830056852	0.1771554507245964
log-power-n1n2psd.pathfinder.klw	Risky first	28.0	1.267714899620104	p_full	0.13487401661313436	0.16059384996931964	0.18998724324737348
log-power-n1n2psd.pathfinder.klw	Risky first	28.0	1.3029920591580744	p_full	0.1472041575989905	0.17347705690804205	0.20355417179424037
log-power-n1n2psd.pathfinder.klw	Risky first	28.0	1.339250888932342	p_full	0.1601527141825364	0.18699967517171473	0.2173461648718684
log-power-n1n2psd.pathfinder.klw	Risky first	28.0	1.3765187062344757	p_full	0.17360622329502393	0.20086366460937077	0.23152023802666566
log-power-n1n2psd.pathfinder.klw	Risky first	28.0	1.4148235885241658	p_full	0.1878745640562114	0.2152920021741013	0.24608217339727703
log-power-n1n2psd.pathfinder.klw	Risky first	28.0	1.454194394582695	p_full	0.20272543858824704	0.23029421948374826	0.2612736727427234
log-power-n1n2psd.pathfinder.klw	Risky first	28.0	1.4946607862550567	p_full	0.21787227188050315	0.24572316143931422	0.27650913925842197
log-power-n1n2psd.pathfinder.klw	Risky first	28.0	1.5362532507970992	p_full	0.23312296739600571	0.26154225182256274	0.29200493038292835
log-power-n1n2psd.pathfinder.klw	Risky first	28.0	1.579003123844529	p_full	0.2490787961208992	0.2776319556144079	0.30802692911605467
log-power-n1n2psd.pathfinder.klw	Risky first	28.0	1.6229426130210856	p_full	0.26549284090848607	0.2940744768712258	0.3243602416437487
log-power-n1n2psd.pathfinder.klw	Risky first	28.0	1.6681048222036647	p_full	0.28228024885276737	0.31070994314108363	0.34053798844339234
log-power-n1n2psd.pathfinder.klw	Risky first	28.0	1.714523776462679	p_full	0.29923306399929595	0.3276139035203744	0.3570462868478332
log-power-n1n2psd.pathfinder.klw	Risky first	28.0	1.7622344476964418	p_full	0.3164441164558847	0.3446876157096276	0.3736792147108207
log-power-n1n2psd.pathfinder.klw	Risky first	28.0	1.8112727809788889	p_full	0.3335767972744875	0.3618000488941936	0.39078366480475973
log-power-n1n2psd.pathfinder.klw	Risky first	28.0	1.861675721640487	p_full	0.3508025351003658	0.3790737299535617	0.4074436094357633
log-power-n1n2psd.pathfinder.klw	Risky first	28.0	1.9134812431027324	p_full	0.3680680296518702	0.3963022802702959	0.42456924708154364
log-power-n1n2psd.pathfinder.klw	Risky first	28.0	1.9667283754872122	p_full	0.385072502025016	0.4135837255633359	0.4418421610682145
log-power-n1n2psd.pathfinder.klw	Risky first	28.0	2.021457235020777	p_full	0.4023586019400053	0.43057278945848765	0.45908388018007734
log-power-n1n2psd.pathfinder.klw	Risky first	28.0	2.0777090542589844	p_full	0.4188806376300664	0.44742653866181537	0.4758713818501143
log-power-n1n2psd.pathfinder.klw	Risky first	28.0	2.1355262131505808	p_full	0.4354831437209896	0.46407117696146943	0.4927832184292823
log-power-n1n2psd.pathfinder.klw	Risky first	28.0	2.1949522709664246	p_full	0.4517974425294477	0.4805801141172822	0.5094923674809412
log-power-n1n2psd.pathfinder.klw	Risky first	28.0	2.256031999116908	p_full	0.4677612215561859	0.4967636825203	0.5261991232072907
log-power-n1n2psd.pathfinder.klw	Risky first	28.0	2.3188114148826	p_full	0.4827063128181944	0.5126094366315016	0.542554381906372
log-power-n1n2psd.pathfinder.klw	Risky first	28.0	2.3833378160835275	p_full	0.49768860216870203	0.5280610691157013	0.5582057181015219
log-power-n1n2psd.pathfinder.klw	Risky first	28.0	2.4496598167132055	p_full	0.5124222456154608	0.5433511667673547	0.5734897655361271
log-power-n1n2psd.pathfinder.klw	Risky first	28.0	2.5178273835642724	p_full	0.5266168999593018	0.5580013472830144	0.588225791956784
log-power-n1n2psd.pathfinder.klw	Risky first	28.0	2.58789187387332	p_full	0.5403102837776644	0.5721782772371906	0.6027508329947041
log-power-n1n2psd.pathfinder.klw	Risky first	28.0	2.659906074013276	p_full	0.5531862230608137	0.5859366695491062	0.6170885844731111
log-power-n1n2psd.pathfinder.klw	Risky first	28.0	2.7339242392624983	p_full	0.5657014778722969	0.5992638719150722	0.6310303029433408
log-power-n1n2psd.pathfinder.klw	Risky first	28.0	2.8100021346805373	p_full	0.5779349566649286	0.6122341074208109	0.644595832423343
log-power-n1n2psd.pathfinder.klw	Risky first	28.0	2.8881970771213568	p_full	0.5896545486558044	0.6246741950980667	0.6572963500281652
log-power-n1n2psd.pathfinder.klw	Risky first	28.0	2.9685679784156793	p_full	0.600779654293317	0.6368056936160442	0.6699945831029712
log-power-n1n2psd.pathfinder.klw	Risky first	28.0	3.051175389754982	p_full	0.6115915670963464	0.6482832175255857	0.6820712014684986
log-power-n1n2psd.pathfinder.klw	Risky first	28.0	3.1360815473105736	p_full	0.6221248392155005	0.6593705842482462	0.6937153094873023
log-power-n1n2psd.pathfinder.klw	Risky first	28.0	3.2233504191221405	p_full	0.6322032988397459	0.6701150847881148	0.7049752928477937
log-power-n1n2psd.pathfinder.klw	Risky first	28.0	3.31304775329107	p_full	0.6417641666529471	0.6804838032006553	0.7156955159490095
log-power-n1n2psd.pathfinder.klw	Risky first	28.0	3.40524112751487	p_full	0.6507815417031336	0.6905093436103138	0.7265589391569791
log-power-n1n2psd.pathfinder.klw	Risky first	28.0	3.5000000000000004	p_full	0.6594495457964028	0.700015396800404	0.7366493462732077
log-power-n1n2psd.pathfinder.klw	Risky first	28.0	1.2	p_bias_only	0.10894003612122238	0.13283003764876997	0.15940210337599398
log-power-n1n2psd.pathfinder.klw	Risky first	28.0	1.233392832614218	p_bias_only	0.1200118421050112	0.14449510404457722	0.171937071692304
log-power-n1n2psd.pathfinder.klw	Risky first	28.0	1.267714899620104	p_bias_only	0.13172865023570712	0.156661567878755	0.18473165328220223
log-power-n1n2psd.pathfinder.klw	Risky first	28.0	1.3029920591580744	p_bias_only	0.1439941474355383	0.16941980050410876	0.19812992489152412
log-power-n1n2psd.pathfinder.klw	Risky first	28.0	1.339250888932342	p_bias_only	0.1566876681826247	0.18280176658883907	0.21179310907874696
log-power-n1n2psd.pathfinder.klw	Risky first	28.0	1.3765187062344757	p_bias_only	0.1701055636275191	0.19673683664405936	0.22594372452276748
log-power-n1n2psd.pathfinder.klw	Risky first	28.0	1.4148235885241658	p_bias_only	0.18425326926734764	0.21121411275598642	0.24059753526893923
log-power-n1n2psd.pathfinder.klw	Risky first	28.0	1.454194394582695	p_bias_only	0.19879003402486467	0.22622201990573693	0.2558469350703276
log-power-n1n2psd.pathfinder.klw	Risky first	28.0	1.4946607862550567	p_bias_only	0.21392104237321574	0.24157884002406577	0.271081638469649
log-power-n1n2psd.pathfinder.klw	Risky first	28.0	1.5362532507970992	p_bias_only	0.22955216581594218	0.2573681766224285	0.28710591318985124
log-power-n1n2psd.pathfinder.klw	Risky first	28.0	1.579003123844529	p_bias_only	0.24559817529157338	0.2736057926497838	0.3029919333202285
log-power-n1n2psd.pathfinder.klw	Risky first	28.0	1.6229426130210856	p_bias_only	0.26202163503303666	0.29014780443670496	0.3194614018621078
log-power-n1n2psd.pathfinder.klw	Risky first	28.0	1.6681048222036647	p_bias_only	0.2788123703421809	0.3070722722674484	0.3363408697362751
log-power-n1n2psd.pathfinder.klw	Risky first	28.0	1.714523776462679	p_bias_only	0.295971174051019	0.32428235922998616	0.3534106264150381
log-power-n1n2psd.pathfinder.klw	Risky first	28.0	1.7622344476964418	p_bias_only	0.31326594881212677	0.341666639575321	0.3709195333904709
log-power-n1n2psd.pathfinder.klw	Risky first	28.0	1.8112727809788889	p_bias_only	0.3306623788640253	0.35928790027195384	0.3883323993373676
log-power-n1n2psd.pathfinder.klw	Risky first	28.0	1.861675721640487	p_bias_only	0.3485034248373963	0.3769353450799802	0.4058461125937529
log-power-n1n2psd.pathfinder.klw	Risky first	28.0	1.9134812431027324	p_bias_only	0.3660687060813948	0.3946311822038725	0.4234662948674852
log-power-n1n2psd.pathfinder.klw	Risky first	28.0	1.9667283754872122	p_bias_only	0.3837710819266767	0.4121810207230845	0.44135443776933386
log-power-n1n2psd.pathfinder.klw	Risky first	28.0	2.021457235020777	p_bias_only	0.4010418504529604	0.4298914218335791	0.45940948424487127
log-power-n1n2psd.pathfinder.klw	Risky first	28.0	2.0777090542589844	p_bias_only	0.41861174297775944	0.4472229293309945	0.47700074630116174
log-power-n1n2psd.pathfinder.klw	Risky first	28.0	2.1355262131505808	p_bias_only	0.435442682338349	0.46457457910654454	0.49432471494891433
log-power-n1n2psd.pathfinder.klw	Risky first	28.0	2.1949522709664246	p_bias_only	0.4522288958069232	0.48137728993146767	0.5114373644619369
log-power-n1n2psd.pathfinder.klw	Risky first	28.0	2.256031999116908	p_bias_only	0.46840871319283534	0.4981570139597544	0.528275139674187
log-power-n1n2psd.pathfinder.klw	Risky first	28.0	2.3188114148826	p_bias_only	0.48438564901978953	0.514341715165983	0.5448419514827312
log-power-n1n2psd.pathfinder.klw	Risky first	28.0	2.3833378160835275	p_bias_only	0.49952699440236525	0.5302953224402516	0.5612099015636246
log-power-n1n2psd.pathfinder.klw	Risky first	28.0	2.4496598167132055	p_bias_only	0.5144725106169036	0.5458436106939878	0.5768252016368123
log-power-n1n2psd.pathfinder.klw	Risky first	28.0	2.5178273835642724	p_bias_only	0.5286455993571119	0.5608245021592448	0.591827361082071
log-power-n1n2psd.pathfinder.klw	Risky first	28.0	2.58789187387332	p_bias_only	0.5421338718547354	0.5753309111355422	0.6070558299189106
log-power-n1n2psd.pathfinder.klw	Risky first	28.0	2.659906074013276	p_bias_only	0.5551602732106351	0.589405200143898	0.6212412210761518
log-power-n1n2psd.pathfinder.klw	Risky first	28.0	2.7339242392624983	p_bias_only	0.5680623533448721	0.6029514336118316	0.6350939092386366
log-power-n1n2psd.pathfinder.klw	Risky first	28.0	2.8100021346805373	p_bias_only	0.580502815536742	0.6160290470488345	0.6484988929627223
log-power-n1n2psd.pathfinder.klw	Risky first	28.0	2.8881970771213568	p_bias_only	0.5928587997359746	0.628451562553181	0.6614615450283041
log-power-n1n2psd.pathfinder.klw	Risky first	28.0	2.9685679784156793	p_bias_only	0.6047854623018647	0.6404784474688127	0.6738905964667294
log-power-n1n2psd.pathfinder.klw	Risky first	28.0	3.051175389754982	p_bias_only	0.6157128708918002	0.6521579580177371	0.6862906036630637
log-power-n1n2psd.pathfinder.klw	Risky first	28.0	3.1360815473105736	p_bias_only	0.6259192450106337	0.6633739428958101	0.6977235023754181
log-power-n1n2psd.pathfinder.klw	Risky first	28.0	3.2233504191221405	p_bias_only	0.6355989171360167	0.6740913915222401	0.7085883229329774
log-power-n1n2psd.pathfinder.klw	Risky first	28.0	3.31304775329107	p_bias_only	0.6452406906841657	0.6844183810141491	0.7190938223229091
log-power-n1n2psd.pathfinder.klw	Risky first	28.0	3.40524112751487	p_bias_only	0.6548489230233918	0.6943689187832974	0.729325177728725
log-power-n1n2psd.pathfinder.klw	Risky first	28.0	3.5000000000000004	p_bias_only	0.6636224610700421	0.7037032991520767	0.7392526741344205
log-power-n1n2psd.pathfinder.klw	Risky first	28.0	1.2	p_scale_only	0.09919367643471363	0.11999284706241753	0.14257298494218737
log-power-n1n2psd.pathfinder.klw	Risky first	28.0	1.233392832614218	p_scale_only	0.10951415796204171	0.13098498615405735	0.15417095936951117
log-power-n1n2psd.pathfinder.klw	Risky first	28.0	1.267714899620104	p_scale_only	0.12057920593684499	0.14256402701635912	0.16629466411338859
log-power-n1n2psd.pathfinder.klw	Risky first	28.0	1.3029920591580744	p_scale_only	0.1322087056828919	0.15475160251035858	0.17905006128213277
log-power-n1n2psd.pathfinder.klw	Risky first	28.0	1.339250888932342	p_scale_only	0.1445391213341709	0.16755856200690525	0.19230238815704265
log-power-n1n2psd.pathfinder.klw	Risky first	28.0	1.3765187062344757	p_scale_only	0.15748801211730426	0.18098154592426172	0.2061594840427506
log-power-n1n2psd.pathfinder.klw	Risky first	28.0	1.4148235885241658	p_scale_only	0.17091767291002377	0.19501081989336833	0.2202845562203619
log-power-n1n2psd.pathfinder.klw	Risky first	28.0	1.454194394582695	p_scale_only	0.184875070194702	0.20955755231806006	0.23489423032841958
log-power-n1n2psd.pathfinder.klw	Risky first	28.0	1.4946607862550567	p_scale_only	0.19976510581214083	0.2245960610895921	0.2502046306028446
log-power-n1n2psd.pathfinder.klw	Risky first	28.0	1.5362532507970992	p_scale_only	0.21499064774248527	0.24017015991379798	0.2658535678843393
log-power-n1n2psd.pathfinder.klw	Risky first	28.0	1.579003123844529	p_scale_only	0.23043447044274756	0.2560320617179961	0.2817482796934983
log-power-n1n2psd.pathfinder.klw	Risky first	28.0	1.6229426130210856	p_scale_only	0.24621166732147362	0.27221044462438304	0.29798899065354517
log-power-n1n2psd.pathfinder.klw	Risky first	28.0	1.6681048222036647	p_scale_only	0.2623983962858582	0.28887174777465907	0.3145336561256072
log-power-n1n2psd.pathfinder.klw	Risky first	28.0	1.714523776462679	p_scale_only	0.27903752314118707	0.3056557151844512	0.3314944141946556
log-power-n1n2psd.pathfinder.klw	Risky first	28.0	1.7622344476964418	p_scale_only	0.29600487530423353	0.32272071471756336	0.348751204383618
log-power-n1n2psd.pathfinder.klw	Risky first	28.0	1.8112727809788889	p_scale_only	0.31288751165801454	0.33983603692641134	0.3659164550434693
log-power-n1n2psd.pathfinder.klw	Risky first	28.0	1.861675721640487	p_scale_only	0.3297828831768854	0.3571185682594805	0.38339868807518945
log-power-n1n2psd.pathfinder.klw	Risky first	28.0	1.9134812431027324	p_scale_only	0.34693982855401606	0.37445584805758714	0.4007856458637613
log-power-n1n2psd.pathfinder.klw	Risky first	28.0	1.9667283754872122	p_scale_only	0.3638983529250916	0.39171811243407206	0.41818155119551326
log-power-n1n2psd.pathfinder.klw	Risky first	28.0	2.021457235020777	p_scale_only	0.38086062659732633	0.40874836586800956	0.435788360741361
log-power-n1n2psd.pathfinder.klw	Risky first	28.0	2.0777090542589844	p_scale_only	0.39770139316407577	0.425784892268508	0.4530180217147714
log-power-n1n2psd.pathfinder.klw	Risky first	28.0	2.1355262131505808	p_scale_only	0.4141251650677001	0.44266375277255743	0.47030721118239216
log-power-n1n2psd.pathfinder.klw	Risky first	28.0	2.1949522709664246	p_scale_only	0.43008393665394673	0.4590838686433131	0.4868718398971889
log-power-n1n2psd.pathfinder.klw	Risky first	28.0	2.256031999116908	p_scale_only	0.4459316080115703	0.47543116860965284	0.5034803148250111
log-power-n1n2psd.pathfinder.klw	Risky first	28.0	2.3188114148826	p_scale_only	0.46167667071930674	0.4913982777380977	0.5200580935486008
log-power-n1n2psd.pathfinder.klw	Risky first	28.0	2.3833378160835275	p_scale_only	0.47672665088475924	0.5070948755480622	0.5362936709603976
log-power-n1n2psd.pathfinder.klw	Risky first	28.0	2.4496598167132055	p_scale_only	0.4913324085022087	0.5225462959222774	0.5521915572764821
log-power-n1n2psd.pathfinder.klw	Risky first	28.0	2.5178273835642724	p_scale_only	0.505584492241354	0.5374950122633237	0.5675793606575407
log-power-n1n2psd.pathfinder.klw	Risky first	28.0	2.58789187387332	p_scale_only	0.5193081558408417	0.5519844590613032	0.5825077032330056
log-power-n1n2psd.pathfinder.klw	Risky first	28.0	2.659906074013276	p_scale_only	0.5325025949254851	0.5659964324483466	0.596922781148888
log-power-n1n2psd.pathfinder.klw	Risky first	28.0	2.7339242392624983	p_scale_only	0.5454514003522384	0.5794856036526674	0.6111132602579301
log-power-n1n2psd.pathfinder.klw	Risky first	28.0	2.8100021346805373	p_scale_only	0.557803930144984	0.5925925819322402	0.6247340525407448
log-power-n1n2psd.pathfinder.klw	Risky first	28.0	2.8881970771213568	p_scale_only	0.569936924620362	0.605248688234652	0.6380898368852597
log-power-n1n2psd.pathfinder.klw	Risky first	28.0	2.9685679784156793	p_scale_only	0.5811900780909899	0.6174229796980948	0.6508986634939746
log-power-n1n2psd.pathfinder.klw	Risky first	28.0	3.051175389754982	p_scale_only	0.5920948250987307	0.6291095537940469	0.6633979887219948
log-power-n1n2psd.pathfinder.klw	Risky first	28.0	3.1360815473105736	p_scale_only	0.6026068506795257	0.6401982239345687	0.6747625433920604
log-power-n1n2psd.pathfinder.klw	Risky first	28.0	3.2233504191221405	p_scale_only	0.6126831032175648	0.6510954786694286	0.6861609758378356
log-power-n1n2psd.pathfinder.klw	Risky first	28.0	3.31304775329107	p_scale_only	0.6224347100700457	0.6615035763200349	0.6967622700878239
log-power-n1n2psd.pathfinder.klw	Risky first	28.0	3.40524112751487	p_scale_only	0.6315244373543967	0.6713281405948648	0.707133112298966
log-power-n1n2psd.pathfinder.klw	Risky first	28.0	3.5000000000000004	p_scale_only	0.6397479376031424	0.6808563258701352	0.7172261733906466
log-power-n1n2psd.pathfinder.klw	Risky first	28.0	1.2	dp_full	-0.012205442061150179	0.018070121224539284	0.048215229910842636
log-power-n1n2psd.pathfinder.klw	Risky first	28.0	1.233392832614218	dp_full	-0.011957157417791422	0.01900118446403675	0.05001286905877732
log-power-n1n2psd.pathfinder.klw	Risky first	28.0	1.267714899620104	dp_full	-0.011986730086527356	0.01980778533303803	0.051759529912592854
log-power-n1n2psd.pathfinder.klw	Risky first	28.0	1.3029920591580744	dp_full	-0.012102325499444299	0.02069456988830748	0.053399089020219656
log-power-n1n2psd.pathfinder.klw	Risky first	28.0	1.339250888932342	dp_full	-0.012149219458312295	0.021421985803536735	0.054805445550126376
log-power-n1n2psd.pathfinder.klw	Risky first	28.0	1.3765187062344757	dp_full	-0.012166631900518947	0.022088021192458614	0.05587522284564394
log-power-n1n2psd.pathfinder.klw	Risky first	28.0	1.4148235885241658	dp_full	-0.012072937323316279	0.02275182980731559	0.05694116727298621
log-power-n1n2psd.pathfinder.klw	Risky first	28.0	1.454194394582695	dp_full	-0.012063076252442108	0.02344387146721375	0.057854937769621584
log-power-n1n2psd.pathfinder.klw	Risky first	28.0	1.4946607862550567	dp_full	-0.011855945164717007	0.024008629218898566	0.058652239936941956
log-power-n1n2psd.pathfinder.klw	Risky first	28.0	1.5362532507970992	dp_full	-0.011612327809853676	0.02439906675594878	0.05966792748737764
log-power-n1n2psd.pathfinder.klw	Risky first	28.0	1.579003123844529	dp_full	-0.010852534791548246	0.02475537825977761	0.05999600380643063
log-power-n1n2psd.pathfinder.klw	Risky first	28.0	1.6229426130210856	dp_full	-0.010528991815622118	0.02508862674277134	0.060329752933834704
log-power-n1n2psd.pathfinder.klw	Risky first	28.0	1.6681048222036647	dp_full	-0.01033267595380962	0.025290648657827423	0.060487952373820035
log-power-n1n2psd.pathfinder.klw	Risky first	28.0	1.714523776462679	dp_full	-0.01009964700465146	0.02548601384251703	0.06052720183616574
log-power-n1n2psd.pathfinder.klw	Risky first	28.0	1.7622344476964418	dp_full	-0.01023163797802843	0.025776167366225712	0.06059936536358664
log-power-n1n2psd.pathfinder.klw	Risky first	28.0	1.8112727809788889	dp_full	-0.01019984623828839	0.025870567128396187	0.06042069102753205
log-power-n1n2psd.pathfinder.klw	Risky first	28.0	1.861675721640487	dp_full	-0.010390657376481828	0.025841941796486412	0.06058847565218715
log-power-n1n2psd.pathfinder.klw	Risky first	28.0	1.9134812431027324	dp_full	-0.010496349437611057	0.02578589596087779	0.06085910498428232
log-power-n1n2psd.pathfinder.klw	Risky first	28.0	1.9667283754872122	dp_full	-0.010792879082453924	0.025662326338297736	0.06099431383492446
log-power-n1n2psd.pathfinder.klw	Risky first	28.0	2.021457235020777	dp_full	-0.011058710559411376	0.02563653612840147	0.061242368871815514
log-power-n1n2psd.pathfinder.klw	Risky first	28.0	2.0777090542589844	dp_full	-0.010873699130150455	0.025470714925136792	0.06088613918685183
log-power-n1n2psd.pathfinder.klw	Risky first	28.0	2.1355262131505808	dp_full	-0.011380885499461759	0.02521594738250191	0.060918219970688074
log-power-n1n2psd.pathfinder.klw	Risky first	28.0	2.1949522709664246	dp_full	-0.01168383409588182	0.02516934479674827	0.06130494802242273
log-power-n1n2psd.pathfinder.klw	Risky first	28.0	2.256031999116908	dp_full	-0.012155034293810674	0.024814131981098768	0.06148323599311021
log-power-n1n2psd.pathfinder.klw	Risky first	28.0	2.3188114148826	dp_full	-0.013003178657357619	0.024398686043514077	0.061921776497093454
log-power-n1n2psd.pathfinder.klw	Risky first	28.0	2.3833378160835275	dp_full	-0.013670052767398954	0.024063032422175282	0.06263171860018657
log-power-n1n2psd.pathfinder.klw	Risky first	28.0	2.4496598167132055	dp_full	-0.014427002313683336	0.023480197343708556	0.06293026338035067
log-power-n1n2psd.pathfinder.klw	Risky first	28.0	2.5178273835642724	dp_full	-0.015498107966545693	0.023168580434255206	0.06365578629238731
log-power-n1n2psd.pathfinder.klw	Risky first	28.0	2.58789187387332	dp_full	-0.01653880375417653	0.02271810928849362	0.0640376334716168
log-power-n1n2psd.pathfinder.klw	Risky first	28.0	2.659906074013276	dp_full	-0.017869067985997588	0.02234376848909466	0.06449000544266725
log-power-n1n2psd.pathfinder.klw	Risky first	28.0	2.7339242392624983	dp_full	-0.019077800843370404	0.0220209624816976	0.06502098408668923
log-power-n1n2psd.pathfinder.klw	Risky first	28.0	2.8100021346805373	dp_full	-0.02025920135454575	0.02175920509859823	0.0655587214440483
log-power-n1n2psd.pathfinder.klw	Risky first	28.0	2.8881970771213568	dp_full	-0.021408838591804993	0.02151374978690464	0.06605652137122384
log-power-n1n2psd.pathfinder.klw	Risky first	28.0	2.9685679784156793	dp_full	-0.02255438595104132	0.02143885789201648	0.0667111176023506
log-power-n1n2psd.pathfinder.klw	Risky first	28.0	3.051175389754982	dp_full	-0.02329130444452995	0.02115656462187734	0.0675672288987546
log-power-n1n2psd.pathfinder.klw	Risky first	28.0	3.1360815473105736	dp_full	-0.02446383356722187	0.020923712186050363	0.06850946357934268
log-power-n1n2psd.pathfinder.klw	Risky first	28.0	3.2233504191221405	dp_full	-0.025593179937152117	0.02081811197790857	0.06947085333762124
log-power-n1n2psd.pathfinder.klw	Risky first	28.0	3.31304775329107	dp_full	-0.02688615568829057	0.02076003097043562	0.07053240533141482
log-power-n1n2psd.pathfinder.klw	Risky first	28.0	3.40524112751487	dp_full	-0.027957283224553337	0.020819699527766813	0.0715628941479971
log-power-n1n2psd.pathfinder.klw	Risky first	28.0	3.5000000000000004	dp_full	-0.02860239231684388	0.021043392961995012	0.07208896482076133
log-power-n1n2psd.pathfinder.klw	Risky first	28.0	1.2	dp_bias	-0.010717319702265533	0.014365366857022544	0.041721003088999196
log-power-n1n2psd.pathfinder.klw	Risky first	28.0	1.233392832614218	dp_bias	-0.010562673977831073	0.015126751316948633	0.04339387455839114
log-power-n1n2psd.pathfinder.klw	Risky first	28.0	1.267714899620104	dp_bias	-0.010706497906469862	0.01575487035959318	0.0444757636370033
log-power-n1n2psd.pathfinder.klw	Risky first	28.0	1.3029920591580744	dp_bias	-0.011063924466131345	0.016432823095991388	0.045690129520585064
log-power-n1n2psd.pathfinder.klw	Risky first	28.0	1.339250888932342	dp_bias	-0.011109685143234283	0.017234069264117087	0.047014189972849424
log-power-n1n2psd.pathfinder.klw	Risky first	28.0	1.3765187062344757	dp_bias	-0.011043218542610892	0.017971723846058683	0.0482122690650629
log-power-n1n2psd.pathfinder.klw	Risky first	28.0	1.4148235885241658	dp_bias	-0.011212443800709971	0.018599102019498624	0.04928066926089584
log-power-n1n2psd.pathfinder.klw	Risky first	28.0	1.454194394582695	dp_bias	-0.01114931387002054	0.01914103214657822	0.050544603267782616
log-power-n1n2psd.pathfinder.klw	Risky first	28.0	1.4946607862550567	dp_bias	-0.011166193347031702	0.01970782300056466	0.05135412483139549
log-power-n1n2psd.pathfinder.klw	Risky first	28.0	1.5362532507970992	dp_bias	-0.01089337418257552	0.020179402507843683	0.052445006764383816
log-power-n1n2psd.pathfinder.klw	Risky first	28.0	1.579003123844529	dp_bias	-0.010921472963180945	0.02063890256765738	0.05310003748503398
log-power-n1n2psd.pathfinder.klw	Risky first	28.0	1.6229426130210856	dp_bias	-0.010980008665385102	0.021105853708765276	0.05397575022962454
log-power-n1n2psd.pathfinder.klw	Risky first	28.0	1.6681048222036647	dp_bias	-0.010959990903695647	0.02176573145526113	0.0548588539136795
log-power-n1n2psd.pathfinder.klw	Risky first	28.0	1.714523776462679	dp_bias	-0.010597967476060266	0.022348006506942603	0.055745964540361924
log-power-n1n2psd.pathfinder.klw	Risky first	28.0	1.7622344476964418	dp_bias	-0.010771964515895486	0.022855517839982006	0.056370845371875915
log-power-n1n2psd.pathfinder.klw	Risky first	28.0	1.8112727809788889	dp_bias	-0.010719319803999766	0.02326799667459578	0.05708898835732949
log-power-n1n2psd.pathfinder.klw	Risky first	28.0	1.861675721640487	dp_bias	-0.010605585674881261	0.02368807915386268	0.057925108300927716
log-power-n1n2psd.pathfinder.klw	Risky first	28.0	1.9134812431027324	dp_bias	-0.01059477062051555	0.024118341549562737	0.05880621360064358
log-power-n1n2psd.pathfinder.klw	Risky first	28.0	1.9667283754872122	dp_bias	-0.010223393323402623	0.024326302874247765	0.05950925464207654
log-power-n1n2psd.pathfinder.klw	Risky first	28.0	2.021457235020777	dp_bias	-0.01020320371958904	0.02457820990287042	0.06028666445193647
log-power-n1n2psd.pathfinder.klw	Risky first	28.0	2.0777090542589844	dp_bias	-0.010250865294665106	0.02505338682043662	0.060987062944086574
log-power-n1n2psd.pathfinder.klw	Risky first	28.0	2.1355262131505808	dp_bias	-0.010500506649500266	0.025365675053563245	0.06151207035281491
log-power-n1n2psd.pathfinder.klw	Risky first	28.0	2.1949522709664246	dp_bias	-0.010248195199542086	0.025528617130008004	0.06234055189101869
log-power-n1n2psd.pathfinder.klw	Risky first	28.0	2.256031999116908	dp_bias	-0.010676171514564972	0.025603923223876418	0.0631564681073506
log-power-n1n2psd.pathfinder.klw	Risky first	28.0	2.3188114148826	dp_bias	-0.011134050324577918	0.02581274005276503	0.06390180733865093
log-power-n1n2psd.pathfinder.klw	Risky first	28.0	2.3833378160835275	dp_bias	-0.01138184887689454	0.02600646188227462	0.06442426851560631
log-power-n1n2psd.pathfinder.klw	Risky first	28.0	2.4496598167132055	dp_bias	-0.012026800652949757	0.026114636825729245	0.06499970954156575
log-power-n1n2psd.pathfinder.klw	Risky first	28.0	2.5178273835642724	dp_bias	-0.012483252036025294	0.026074524025997983	0.06576414250176045
log-power-n1n2psd.pathfinder.klw	Risky first	28.0	2.58789187387332	dp_bias	-0.013106302909930468	0.025818793519133944	0.06627076954933864
log-power-n1n2psd.pathfinder.klw	Risky first	28.0	2.659906074013276	dp_bias	-0.013725944247056655	0.02574213940575898	0.06667517303879719
log-power-n1n2psd.pathfinder.klw	Risky first	28.0	2.7339242392624983	dp_bias	-0.014647290088993814	0.025559420573764972	0.06681745203773345
log-power-n1n2psd.pathfinder.klw	Risky first	28.0	2.8100021346805373	dp_bias	-0.01544669171379249	0.025308322644527495	0.06774270521529076
log-power-n1n2psd.pathfinder.klw	Risky first	28.0	2.8881970771213568	dp_bias	-0.016327468185100873	0.02525108081238811	0.06844099312874648
log-power-n1n2psd.pathfinder.klw	Risky first	28.0	2.9685679784156793	dp_bias	-0.01709850739347256	0.02509676643225979	0.06882209500551034
log-power-n1n2psd.pathfinder.klw	Risky first	28.0	3.051175389754982	dp_bias	-0.017765096838119648	0.02495983211776872	0.0692856223622061
log-power-n1n2psd.pathfinder.klw	Risky first	28.0	3.1360815473105736	dp_bias	-0.019103278482827897	0.024815375738864512	0.07010437837264383
log-power-n1n2psd.pathfinder.klw	Risky first	28.0	3.2233504191221405	dp_bias	-0.020065754195588533	0.02464377899442951	0.07096675343572305
log-power-n1n2psd.pathfinder.klw	Risky first	28.0	3.31304775329107	dp_bias	-0.021171295050673698	0.024449217520791537	0.07199474801509863
log-power-n1n2psd.pathfinder.klw	Risky first	28.0	3.40524112751487	dp_bias	-0.021944181844816394	0.024413683054990042	0.0731004474345296
log-power-n1n2psd.pathfinder.klw	Risky first	28.0	3.5000000000000004	dp_bias	-0.023022386733482766	0.02443022992930272	0.07420170087420325
log-power-n1n2psd.pathfinder.klw	Risky first	28.0	1.2	dp_scale	-0.010790723719345688	0.0015891929198332585	0.013998504475689334
log-power-n1n2psd.pathfinder.klw	Risky first	28.0	1.233392832614218	dp_scale	-0.010804459043323104	0.0016940800373994622	0.01424637683366524
log-power-n1n2psd.pathfinder.klw	Risky first	28.0	1.267714899620104	dp_scale	-0.010923620805294312	0.0017852485299377507	0.014454761129809167
log-power-n1n2psd.pathfinder.klw	Risky first	28.0	1.3029920591580744	dp_scale	-0.010807115324901055	0.00193469119780694	0.014557554153583157
log-power-n1n2psd.pathfinder.klw	Risky first	28.0	1.339250888932342	dp_scale	-0.010617774415800502	0.0020419305004000334	0.014526537727394194
log-power-n1n2psd.pathfinder.klw	Risky first	28.0	1.3765187062344757	dp_scale	-0.01033321664668446	0.0022236518122836736	0.01468671825954783
log-power-n1n2psd.pathfinder.klw	Risky first	28.0	1.4148235885241658	dp_scale	-0.00997572889078262	0.0023721048936065775	0.014590557420441186
log-power-n1n2psd.pathfinder.klw	Risky first	28.0	1.454194394582695	dp_scale	-0.009576655263724332	0.0025386176837416527	0.014518971517308972
log-power-n1n2psd.pathfinder.klw	Risky first	28.0	1.4946607862550567	dp_scale	-0.009019725493103752	0.002696661191772827	0.014387200828110661
log-power-n1n2psd.pathfinder.klw	Risky first	28.0	1.5362532507970992	dp_scale	-0.008628943671400373	0.002809010660781629	0.014145532524231603
log-power-n1n2psd.pathfinder.klw	Risky first	28.0	1.579003123844529	dp_scale	-0.008138672293519734	0.0030155583231820885	0.013944162917338344
log-power-n1n2psd.pathfinder.klw	Risky first	28.0	1.6229426130210856	dp_scale	-0.0076124632953019486	0.00313949801167166	0.013726419900729505
log-power-n1n2psd.pathfinder.klw	Risky first	28.0	1.6681048222036647	dp_scale	-0.006926974687510927	0.0032493723434706993	0.013231867235759469
log-power-n1n2psd.pathfinder.klw	Risky first	28.0	1.714523776462679	dp_scale	-0.006427109895757083	0.0033413366221743826	0.012950992557356485
log-power-n1n2psd.pathfinder.klw	Risky first	28.0	1.7622344476964418	dp_scale	-0.0057947497796653384	0.0034424774676563553	0.012560669117599158
log-power-n1n2psd.pathfinder.klw	Risky first	28.0	1.8112727809788889	dp_scale	-0.005381779959760832	0.0034932806441384393	0.012134457269165825
log-power-n1n2psd.pathfinder.klw	Risky first	28.0	1.861675721640487	dp_scale	-0.005135903134880939	0.003517056247101278	0.011764338747916346
log-power-n1n2psd.pathfinder.klw	Risky first	28.0	1.9134812431027324	dp_scale	-0.004724297942686652	0.003528671736474094	0.0114021650879145
log-power-n1n2psd.pathfinder.klw	Risky first	28.0	1.9667283754872122	dp_scale	-0.004508121219356845	0.0035470074582138016	0.010974269521869156
log-power-n1n2psd.pathfinder.klw	Risky first	28.0	2.021457235020777	dp_scale	-0.004391714427620151	0.003577206099081338	0.010655884192040561
log-power-n1n2psd.pathfinder.klw	Risky first	28.0	2.0777090542589844	dp_scale	-0.004327013618601582	0.003530036505730396	0.010364619489795423
log-power-n1n2psd.pathfinder.klw	Risky first	28.0	2.1355262131505808	dp_scale	-0.004269017443837866	0.003473353530175553	0.010123350091149732
log-power-n1n2psd.pathfinder.klw	Risky first	28.0	2.1949522709664246	dp_scale	-0.004311756607992492	0.0033694867331285055	0.010010125289156782
log-power-n1n2psd.pathfinder.klw	Risky first	28.0	2.256031999116908	dp_scale	-0.004445923326182857	0.0032434777961797665	0.009925100240378371
log-power-n1n2psd.pathfinder.klw	Risky first	28.0	2.3188114148826	dp_scale	-0.004694890662398828	0.0031283934398954674	0.00985389099222689
log-power-n1n2psd.pathfinder.klw	Risky first	28.0	2.3833378160835275	dp_scale	-0.004781257898624128	0.002986568977982368	0.009958635941377072
log-power-n1n2psd.pathfinder.klw	Risky first	28.0	2.4496598167132055	dp_scale	-0.005005234014176763	0.0028753549045080996	0.010047854112349984
log-power-n1n2psd.pathfinder.klw	Risky first	28.0	2.5178273835642724	dp_scale	-0.0054458734638831085	0.002734154962405865	0.0101305619312222
log-power-n1n2psd.pathfinder.klw	Risky first	28.0	2.58789187387332	dp_scale	-0.005781373842254288	0.0025950359412000613	0.010191026618300613
log-power-n1n2psd.pathfinder.klw	Risky first	28.0	2.659906074013276	dp_scale	-0.006112566624623241	0.002468636010113167	0.010288554246266188
log-power-n1n2psd.pathfinder.klw	Risky first	28.0	2.7339242392624983	dp_scale	-0.006393715459250792	0.0023385240778109433	0.010304106937869366
log-power-n1n2psd.pathfinder.klw	Risky first	28.0	2.8100021346805373	dp_scale	-0.006591461601101702	0.002191734150926209	0.010357182443730056
log-power-n1n2psd.pathfinder.klw	Risky first	28.0	2.8881970771213568	dp_scale	-0.006864932503007395	0.0020699092748452984	0.010375210504627912
log-power-n1n2psd.pathfinder.klw	Risky first	28.0	2.9685679784156793	dp_scale	-0.0069196043502383784	0.001968820258819366	0.010392456348920144
log-power-n1n2psd.pathfinder.klw	Risky first	28.0	3.051175389754982	dp_scale	-0.007042434280152566	0.0018546852768297588	0.010427426145957876
log-power-n1n2psd.pathfinder.klw	Risky first	28.0	3.1360815473105736	dp_scale	-0.007066296488557527	0.001804164618525673	0.010386845033850617
log-power-n1n2psd.pathfinder.klw	Risky first	28.0	3.2233504191221405	dp_scale	-0.00720070570161848	0.001727635243895923	0.010345840451047113
log-power-n1n2psd.pathfinder.klw	Risky first	28.0	3.31304775329107	dp_scale	-0.007293606041581017	0.0016697417840677345	0.010320996773055133
log-power-n1n2psd.pathfinder.klw	Risky first	28.0	3.40524112751487	dp_scale	-0.00725919758238141	0.0016039712648731467	0.01022826856967498
log-power-n1n2psd.pathfinder.klw	Risky first	28.0	3.5000000000000004	dp_scale	-0.007235116862766001	0.0015475119388594358	0.010131021996028519
log-power-n1n2psd.pathfinder.klw	Risky first	28.0	1.2	dp_interaction	-0.0011908944094743696	0.0019866653575699553	0.005272465886300905
log-power-n1n2psd.pathfinder.klw	Risky first	28.0	1.233392832614218	dp_interaction	-0.0012802878320169345	0.0020575044779735166	0.0054203608617484555
log-power-n1n2psd.pathfinder.klw	Risky first	28.0	1.267714899620104	dp_interaction	-0.001420662052914566	0.002076114984587858	0.005522706956891058
log-power-n1n2psd.pathfinder.klw	Risky first	28.0	1.3029920591580744	dp_interaction	-0.0015902571729983377	0.002053554312511971	0.005595364575960528
log-power-n1n2psd.pathfinder.klw	Risky first	28.0	1.339250888932342	dp_interaction	-0.0017712429126281381	0.001979410734340937	0.005608487748862411
log-power-n1n2psd.pathfinder.klw	Risky first	28.0	1.3765187062344757	dp_interaction	-0.0018783066056682375	0.001896454044949134	0.005660623515805223
log-power-n1n2psd.pathfinder.klw	Risky first	28.0	1.4148235885241658	dp_interaction	-0.0021542916473529117	0.0017559328565612338	0.0057426872815558635
log-power-n1n2psd.pathfinder.klw	Risky first	28.0	1.454194394582695	dp_interaction	-0.0024930587964646523	0.0015884309211720675	0.0057831937107280604
log-power-n1n2psd.pathfinder.klw	Risky first	28.0	1.4946607862550567	dp_interaction	-0.0028924298269501257	0.0013804918787678633	0.0057333688412804125
log-power-n1n2psd.pathfinder.klw	Risky first	28.0	1.5362532507970992	dp_interaction	-0.0033080668931284823	0.0011419218133251904	0.005699305851335509
log-power-n1n2psd.pathfinder.klw	Risky first	28.0	1.579003123844529	dp_interaction	-0.003723849607813628	0.0008695725212069152	0.005669774110571187
log-power-n1n2psd.pathfinder.klw	Risky first	28.0	1.6229426130210856	dp_interaction	-0.004253897182226969	0.0005461847141650081	0.005560415771990293
log-power-n1n2psd.pathfinder.klw	Risky first	28.0	1.6681048222036647	dp_interaction	-0.004694403637703677	0.00018663071523633963	0.005502432516933044
log-power-n1n2psd.pathfinder.klw	Risky first	28.0	1.714523776462679	dp_interaction	-0.00527823208138138	-0.000158333867481812	0.0054313450682515335
log-power-n1n2psd.pathfinder.klw	Risky first	28.0	1.7622344476964418	dp_interaction	-0.005868669944995304	-0.0005627596866435991	0.0051551513386651135
log-power-n1n2psd.pathfinder.klw	Risky first	28.0	1.8112727809788889	dp_interaction	-0.006469267958228235	-0.0009723633963196242	0.004912685582551985
log-power-n1n2psd.pathfinder.klw	Risky first	28.0	1.861675721640487	dp_interaction	-0.007107619313085218	-0.0014036636700171848	0.004587949331789199
log-power-n1n2psd.pathfinder.klw	Risky first	28.0	1.9134812431027324	dp_interaction	-0.007729922380610247	-0.0018479694698804142	0.00423025128691362
log-power-n1n2psd.pathfinder.klw	Risky first	28.0	1.9667283754872122	dp_interaction	-0.008399068832768662	-0.002293507898549634	0.003718265162727496
log-power-n1n2psd.pathfinder.klw	Risky first	28.0	2.021457235020777	dp_interaction	-0.008930321828114696	-0.002714033633454729	0.0033454048485726897
log-power-n1n2psd.pathfinder.klw	Risky first	28.0	2.0777090542589844	dp_interaction	-0.009534015877569118	-0.003140965951626545	0.0030298011420900784
log-power-n1n2psd.pathfinder.klw	Risky first	28.0	2.1355262131505808	dp_interaction	-0.010116630371207776	-0.0035695291068548905	0.002641649901784883
log-power-n1n2psd.pathfinder.klw	Risky first	28.0	2.1949522709664246	dp_interaction	-0.01057878344389855	-0.003930484712814011	0.0023284702034898973
log-power-n1n2psd.pathfinder.klw	Risky first	28.0	2.256031999116908	dp_interaction	-0.011022913679474094	-0.004296766250050636	0.001965218973152035
log-power-n1n2psd.pathfinder.klw	Risky first	28.0	2.3188114148826	dp_interaction	-0.011439795708692862	-0.0046124185301203	0.0015435828466151672
log-power-n1n2psd.pathfinder.klw	Risky first	28.0	2.3833378160835275	dp_interaction	-0.011811847214927059	-0.00489129559562519	0.0012686211277489002
log-power-n1n2psd.pathfinder.klw	Risky first	28.0	2.4496598167132055	dp_interaction	-0.01218916512393076	-0.005090720091108623	0.0011097104078243171
log-power-n1n2psd.pathfinder.klw	Risky first	28.0	2.5178273835642724	dp_interaction	-0.012408948447867002	-0.00529625531298275	0.0009378406786200872
log-power-n1n2psd.pathfinder.klw	Risky first	28.0	2.58789187387332	dp_interaction	-0.012586146601484842	-0.005428474731574147	0.0007826919194613941
log-power-n1n2psd.pathfinder.klw	Risky first	28.0	2.659906074013276	dp_interaction	-0.012786826731770534	-0.00555085617762233	0.0005898693838003141
log-power-n1n2psd.pathfinder.klw	Risky first	28.0	2.7339242392624983	dp_interaction	-0.012867511813891532	-0.005612883970078952	0.00044503818784850295
log-power-n1n2psd.pathfinder.klw	Risky first	28.0	2.8100021346805373	dp_interaction	-0.012899140261528885	-0.00566359865767474	0.0004367567447025997
log-power-n1n2psd.pathfinder.klw	Risky first	28.0	2.8881970771213568	dp_interaction	-0.012803279945979434	-0.005662279819689446	0.00040562111226543387
log-power-n1n2psd.pathfinder.klw	Risky first	28.0	2.9685679784156793	dp_interaction	-0.012755895584972659	-0.005624853232546363	0.00046380948563058157
log-power-n1n2psd.pathfinder.klw	Risky first	28.0	3.051175389754982	dp_interaction	-0.012666960427497875	-0.0055806202433343124	0.0005070976053702331
log-power-n1n2psd.pathfinder.klw	Risky first	28.0	3.1360815473105736	dp_interaction	-0.012612119635904383	-0.005495536982077821	0.0006536609856842793
log-power-n1n2psd.pathfinder.klw	Risky first	28.0	3.2233504191221405	dp_interaction	-0.012538271889835348	-0.005402061937205081	0.0007419363676013176
log-power-n1n2psd.pathfinder.klw	Risky first	28.0	3.31304775329107	dp_interaction	-0.012490844885270016	-0.005265018696557186	0.0007843732856035989
log-power-n1n2psd.pathfinder.klw	Risky first	28.0	3.40524112751487	dp_interaction	-0.012383596075928458	-0.005135108271962218	0.0009044544837545905
log-power-n1n2psd.pathfinder.klw	Risky first	28.0	3.5000000000000004	dp_interaction	-0.012276915835065912	-0.005021851693365734	0.0010397962463670235
log-power-n1n2psd.pathfinder.klw	Risky first	28.0	1.2	num_shift	-0.005130729248156975	0.033586731899535455	0.07358751244571946
log-power-n1n2psd.pathfinder.klw	Risky first	28.0	1.233392832614218	num_shift	-0.005430998767713658	0.033428717718774495	0.07312823724412552
log-power-n1n2psd.pathfinder.klw	Risky first	28.0	1.267714899620104	num_shift	-0.005467348843293162	0.03329726744575627	0.07287653811934368
log-power-n1n2psd.pathfinder.klw	Risky first	28.0	1.3029920591580744	num_shift	-0.0055008833233623515	0.03314592544692027	0.07266616371218378
log-power-n1n2psd.pathfinder.klw	Risky first	28.0	1.339250888932342	num_shift	-0.005251423643127011	0.03301948654168161	0.07222932512946141
log-power-n1n2psd.pathfinder.klw	Risky first	28.0	1.3765187062344757	num_shift	-0.005403588618228022	0.03292773685655795	0.07205099882870075
log-power-n1n2psd.pathfinder.klw	Risky first	28.0	1.4148235885241658	num_shift	-0.005263356535586683	0.03278711743980915	0.07170963251452232
log-power-n1n2psd.pathfinder.klw	Risky first	28.0	1.454194394582695	num_shift	-0.005294529767771943	0.03263793463878202	0.07121966359969006
log-power-n1n2psd.pathfinder.klw	Risky first	28.0	1.4946607862550567	num_shift	-0.005488715362908548	0.03253615786739354	0.07120194206400744
log-power-n1n2psd.pathfinder.klw	Risky first	28.0	1.5362532507970992	num_shift	-0.005590702238699906	0.03239640437717434	0.07092864382593468
log-power-n1n2psd.pathfinder.klw	Risky first	28.0	1.579003123844529	num_shift	-0.0056212101114175685	0.032224219726392486	0.07055904781546632
log-power-n1n2psd.pathfinder.klw	Risky first	28.0	1.6229426130210856	num_shift	-0.005661598671954465	0.032013937627853574	0.07037849779686312
log-power-n1n2psd.pathfinder.klw	Risky first	28.0	1.6681048222036647	num_shift	-0.0059546445185146984	0.031748860699702036	0.07024617422973158
log-power-n1n2psd.pathfinder.klw	Risky first	28.0	1.714523776462679	num_shift	-0.006379286518920886	0.031435735883358684	0.07020153156448125
log-power-n1n2psd.pathfinder.klw	Risky first	28.0	1.7622344476964418	num_shift	-0.007239456277595216	0.031181965382329174	0.06999466885693051
log-power-n1n2psd.pathfinder.klw	Risky first	28.0	1.8112727809788889	num_shift	-0.007665532813834881	0.03099474749700524	0.07043646440539425
log-power-n1n2psd.pathfinder.klw	Risky first	28.0	1.861675721640487	num_shift	-0.00801727982174352	0.03082940050719476	0.07034556463349273
log-power-n1n2psd.pathfinder.klw	Risky first	28.0	1.9134812431027324	num_shift	-0.008367409753693914	0.030619261040511065	0.07024968968237377
log-power-n1n2psd.pathfinder.klw	Risky first	28.0	1.9667283754872122	num_shift	-0.009216979995580967	0.030189701148401395	0.07040810859735286
log-power-n1n2psd.pathfinder.klw	Risky first	28.0	2.021457235020777	num_shift	-0.010031091185643094	0.02988288818044427	0.07011696294240204
log-power-n1n2psd.pathfinder.klw	Risky first	28.0	2.0777090542589844	num_shift	-0.010771245347776263	0.02943680602903546	0.07036000301344963
log-power-n1n2psd.pathfinder.klw	Risky first	28.0	2.1355262131505808	num_shift	-0.01171930086109399	0.02911940906609703	0.07064691607533963
log-power-n1n2psd.pathfinder.klw	Risky first	28.0	2.1949522709664246	num_shift	-0.012577509493258423	0.028698547816731985	0.07111558786670673
log-power-n1n2psd.pathfinder.klw	Risky first	28.0	2.256031999116908	num_shift	-0.013665440614492567	0.02824421464960194	0.07160679431445569
log-power-n1n2psd.pathfinder.klw	Risky first	28.0	2.3188114148826	num_shift	-0.015119248037025837	0.02805699581228224	0.07181120225271405
log-power-n1n2psd.pathfinder.klw	Risky first	28.0	2.3833378160835275	num_shift	-0.016173662088374383	0.02783862060180383	0.07224443215423883
log-power-n1n2psd.pathfinder.klw	Risky first	28.0	2.4496598167132055	num_shift	-0.017354585226069672	0.027455305057358874	0.07322624589779142
log-power-n1n2psd.pathfinder.klw	Risky first	28.0	2.5178273835642724	num_shift	-0.018770740986970652	0.02715528583872899	0.07386671285256213
log-power-n1n2psd.pathfinder.klw	Risky first	28.0	2.58789187387332	num_shift	-0.020521539195265063	0.02664347219872599	0.07437941687112548
log-power-n1n2psd.pathfinder.klw	Risky first	28.0	2.659906074013276	num_shift	-0.021798408748778548	0.026438348721314908	0.07563152432598874
log-power-n1n2psd.pathfinder.klw	Risky first	28.0	2.7339242392624983	num_shift	-0.023711298035814385	0.026228465978976656	0.0768714605338352
log-power-n1n2psd.pathfinder.klw	Risky first	28.0	2.8100021346805373	num_shift	-0.0256266206847918	0.02583494261569084	0.07798215253427808
log-power-n1n2psd.pathfinder.klw	Risky first	28.0	2.8881970771213568	num_shift	-0.027370452998809112	0.025386612509707168	0.07860521392866827
log-power-n1n2psd.pathfinder.klw	Risky first	28.0	2.9685679784156793	num_shift	-0.029417056468035278	0.025152675318638795	0.08045846000578732
log-power-n1n2psd.pathfinder.klw	Risky first	28.0	3.051175389754982	num_shift	-0.03187096562463223	0.024735426024416817	0.0814504799499053
log-power-n1n2psd.pathfinder.klw	Risky first	28.0	3.1360815473105736	num_shift	-0.034376178897747835	0.02443812751522416	0.08219053915838673
log-power-n1n2psd.pathfinder.klw	Risky first	28.0	3.2233504191221405	num_shift	-0.03683361932426763	0.02400345411494857	0.08386885197821252
log-power-n1n2psd.pathfinder.klw	Risky first	28.0	3.31304775329107	num_shift	-0.03949091270792203	0.023681462686389716	0.08561445867524327
log-power-n1n2psd.pathfinder.klw	Risky first	28.0	3.40524112751487	num_shift	-0.04206862457200277	0.0233086214602701	0.08770061236481146
log-power-n1n2psd.pathfinder.klw	Risky first	28.0	3.5000000000000004	num_shift	-0.04493212512378498	0.02283077744858201	0.08952742521851793
log-power-n1n2psd.pathfinder.klw	Risky first	28.0	1.2	den_ratio	0.9584248032640358	1.052506970169271	1.1580826996947784
log-power-n1n2psd.pathfinder.klw	Risky first	28.0	1.233392832614218	den_ratio	0.9581997213078729	1.0524473614981122	1.1585552980861091
log-power-n1n2psd.pathfinder.klw	Risky first	28.0	1.267714899620104	den_ratio	0.9579808741680195	1.052646491779091	1.1589462403982531
log-power-n1n2psd.pathfinder.klw	Risky first	28.0	1.3029920591580744	den_ratio	0.9577834101858441	1.0528115364189983	1.1593321970345547
log-power-n1n2psd.pathfinder.klw	Risky first	28.0	1.339250888932342	den_ratio	0.9577554114894086	1.0530068377827426	1.1599167128672885
log-power-n1n2psd.pathfinder.klw	Risky first	28.0	1.3765187062344757	den_ratio	0.9576474316304049	1.053308412144947	1.1606840632089952
log-power-n1n2psd.pathfinder.klw	Risky first	28.0	1.4148235885241658	den_ratio	0.9573166450023926	1.053528948597962	1.1607641465108134
log-power-n1n2psd.pathfinder.klw	Risky first	28.0	1.454194394582695	den_ratio	0.9570374252681555	1.0537217537557921	1.1613904876528487
log-power-n1n2psd.pathfinder.klw	Risky first	28.0	1.4946607862550567	den_ratio	0.956691434740207	1.0538535423678024	1.1617934114405482
log-power-n1n2psd.pathfinder.klw	Risky first	28.0	1.5362532507970992	den_ratio	0.9563574264590169	1.0539668482007676	1.1624842873990429
log-power-n1n2psd.pathfinder.klw	Risky first	28.0	1.579003123844529	den_ratio	0.9563415910098338	1.0539857380521944	1.162874718591126
log-power-n1n2psd.pathfinder.klw	Risky first	28.0	1.6229426130210856	den_ratio	0.9562255109079263	1.0540032592610222	1.163111669580505
log-power-n1n2psd.pathfinder.klw	Risky first	28.0	1.6681048222036647	den_ratio	0.956395514749841	1.0542025989095283	1.163570707905458
log-power-n1n2psd.pathfinder.klw	Risky first	28.0	1.714523776462679	den_ratio	0.9559004429667906	1.054429265047966	1.163762357405066
log-power-n1n2psd.pathfinder.klw	Risky first	28.0	1.7622344476964418	den_ratio	0.9561110485221429	1.0546609994546663	1.1643034219314576
log-power-n1n2psd.pathfinder.klw	Risky first	28.0	1.8112727809788889	den_ratio	0.9562383520480888	1.0548924213837274	1.165022310922405
log-power-n1n2psd.pathfinder.klw	Risky first	28.0	1.861675721640487	den_ratio	0.955777816000141	1.0550000303637654	1.1652243946399115
log-power-n1n2psd.pathfinder.klw	Risky first	28.0	1.9134812431027324	den_ratio	0.9555778004897924	1.0551091655945486	1.1657137227869192
log-power-n1n2psd.pathfinder.klw	Risky first	28.0	1.9667283754872122	den_ratio	0.9552268385666112	1.0552167017681562	1.1659102994161687
log-power-n1n2psd.pathfinder.klw	Risky first	28.0	2.021457235020777	den_ratio	0.9552680645650067	1.0554205971246966	1.1663643541038475
log-power-n1n2psd.pathfinder.klw	Risky first	28.0	2.0777090542589844	den_ratio	0.9554455070267581	1.0556381731007103	1.1665869292186741
log-power-n1n2psd.pathfinder.klw	Risky first	28.0	2.1355262131505808	den_ratio	0.9553611857526968	1.0558238096101127	1.1674053647378655
log-power-n1n2psd.pathfinder.klw	Risky first	28.0	2.1949522709664246	den_ratio	0.9554064160779703	1.0559881480638444	1.1684369862366362
log-power-n1n2psd.pathfinder.klw	Risky first	28.0	2.256031999116908	den_ratio	0.9554630948918227	1.0561155722551123	1.169045099793071
log-power-n1n2psd.pathfinder.klw	Risky first	28.0	2.3188114148826	den_ratio	0.9555545797378897	1.0563476575206416	1.1695364006755609
log-power-n1n2psd.pathfinder.klw	Risky first	28.0	2.3833378160835275	den_ratio	0.9557805663812938	1.056552059573592	1.1700431538540306
log-power-n1n2psd.pathfinder.klw	Risky first	28.0	2.4496598167132055	den_ratio	0.9557751232767704	1.0568554267675765	1.1703656912670168
log-power-n1n2psd.pathfinder.klw	Risky first	28.0	2.5178273835642724	den_ratio	0.9556057083953224	1.0571831982804922	1.171134209021882
log-power-n1n2psd.pathfinder.klw	Risky first	28.0	2.58789187387332	den_ratio	0.9551629841344935	1.0572734621378985	1.1714280574587372
log-power-n1n2psd.pathfinder.klw	Risky first	28.0	2.659906074013276	den_ratio	0.9552266369651771	1.057551041425004	1.1720806526598224
log-power-n1n2psd.pathfinder.klw	Risky first	28.0	2.7339242392624983	den_ratio	0.9550548533909894	1.0578332950962497	1.1722994167842473
log-power-n1n2psd.pathfinder.klw	Risky first	28.0	2.8100021346805373	den_ratio	0.9549608405035037	1.0580696174579376	1.172712869947569
log-power-n1n2psd.pathfinder.klw	Risky first	28.0	2.8881970771213568	den_ratio	0.9545950672312294	1.0583067296317445	1.1736707783111096
log-power-n1n2psd.pathfinder.klw	Risky first	28.0	2.9685679784156793	den_ratio	0.9542028355443405	1.0584856003940004	1.1745242258822717
log-power-n1n2psd.pathfinder.klw	Risky first	28.0	3.051175389754982	den_ratio	0.9535238028651328	1.0588317773057696	1.175357107534761
log-power-n1n2psd.pathfinder.klw	Risky first	28.0	3.1360815473105736	den_ratio	0.9530381982547617	1.058995149862997	1.1758560516393581
log-power-n1n2psd.pathfinder.klw	Risky first	28.0	3.2233504191221405	den_ratio	0.9528415199001019	1.0592226717220403	1.1768073342091416
log-power-n1n2psd.pathfinder.klw	Risky first	28.0	3.31304775329107	den_ratio	0.9529952368285852	1.0594215689257664	1.1777544208327793
log-power-n1n2psd.pathfinder.klw	Risky first	28.0	3.40524112751487	den_ratio	0.9531331971164133	1.0596064449303622	1.178613588165697
log-power-n1n2psd.pathfinder.klw	Risky first	28.0	3.5000000000000004	den_ratio	0.9532240457761755	1.0597524274281196	1.1790471736342352
log-power-n1n2psd.pathfinder.klw	Risky second	7.0	1.2	p_vertex	0.0814661435136831	0.11301084123100072	0.15368659348531172
log-power-n1n2psd.pathfinder.klw	Risky second	7.0	1.233392832614218	p_vertex	0.0938817879190578	0.1268471663504387	0.16806015253371653
log-power-n1n2psd.pathfinder.klw	Risky second	7.0	1.267714899620104	p_vertex	0.10779751517511285	0.14223635928835338	0.1842045394844904
log-power-n1n2psd.pathfinder.klw	Risky second	7.0	1.3029920591580744	p_vertex	0.12329957070928665	0.15919249847315817	0.2015790001311817
log-power-n1n2psd.pathfinder.klw	Risky second	7.0	1.339250888932342	p_vertex	0.14041770834487421	0.17774102309751705	0.22039106505737763
log-power-n1n2psd.pathfinder.klw	Risky second	7.0	1.3765187062344757	p_vertex	0.15968138199814674	0.19784873597212985	0.24101579603071283
log-power-n1n2psd.pathfinder.klw	Risky second	7.0	1.4148235885241658	p_vertex	0.1803695336604453	0.219585933712453	0.26288926260128337
log-power-n1n2psd.pathfinder.klw	Risky second	7.0	1.454194394582695	p_vertex	0.2032971749138222	0.2429743291540863	0.2862901883028911
log-power-n1n2psd.pathfinder.klw	Risky second	7.0	1.4946607862550567	p_vertex	0.22773398712068949	0.26781954402935926	0.31043543729735007
log-power-n1n2psd.pathfinder.klw	Risky second	7.0	1.5362532507970992	p_vertex	0.25405648064760955	0.293868570276959	0.33568984243397443
log-power-n1n2psd.pathfinder.klw	Risky second	7.0	1.579003123844529	p_vertex	0.2811703312124772	0.32101259815881844	0.36223677584332525
log-power-n1n2psd.pathfinder.klw	Risky second	7.0	1.6229426130210856	p_vertex	0.3092491728253344	0.3490869000891984	0.38948042693547885
log-power-n1n2psd.pathfinder.klw	Risky second	7.0	1.6681048222036647	p_vertex	0.33844620644297213	0.37809550030375016	0.41760825899576515
log-power-n1n2psd.pathfinder.klw	Risky second	7.0	1.714523776462679	p_vertex	0.3682541822056839	0.4075766152698614	0.44623547795039115
log-power-n1n2psd.pathfinder.klw	Risky second	7.0	1.7622344476964418	p_vertex	0.3989524647424059	0.43770661841830905	0.4754778150803079
log-power-n1n2psd.pathfinder.klw	Risky second	7.0	1.8112727809788889	p_vertex	0.42921792397200503	0.46775940344306044	0.504612139196179
log-power-n1n2psd.pathfinder.klw	Risky second	7.0	1.861675721640487	p_vertex	0.45994203404472167	0.4974694326390594	0.5330714334947722
log-power-n1n2psd.pathfinder.klw	Risky second	7.0	1.9134812431027324	p_vertex	0.4901595649327411	0.5270757724736939	0.5618279338989265
log-power-n1n2psd.pathfinder.klw	Risky second	7.0	1.9667283754872122	p_vertex	0.5193951957808988	0.5560068553780956	0.5901017540441216
log-power-n1n2psd.pathfinder.klw	Risky second	7.0	2.021457235020777	p_vertex	0.5483110124675387	0.5844927630250583	0.6172805802585546
log-power-n1n2psd.pathfinder.klw	Risky second	7.0	2.0777090542589844	p_vertex	0.5763700175583225	0.6117793493007784	0.6439442234592062
log-power-n1n2psd.pathfinder.klw	Risky second	7.0	2.1355262131505808	p_vertex	0.6036113933792815	0.6380840359555496	0.6696728319996279
log-power-n1n2psd.pathfinder.klw	Risky second	7.0	2.1949522709664246	p_vertex	0.6299597663571619	0.6632910915588361	0.6944864023589014
log-power-n1n2psd.pathfinder.klw	Risky second	7.0	2.256031999116908	p_vertex	0.6548608993134265	0.6872890013134036	0.7179533735761783
log-power-n1n2psd.pathfinder.klw	Risky second	7.0	2.3188114148826	p_vertex	0.6785160252385283	0.7100761908684757	0.7401343568530948
log-power-n1n2psd.pathfinder.klw	Risky second	7.0	2.3833378160835275	p_vertex	0.7008360198488509	0.7315421521483002	0.7610340818913375
log-power-n1n2psd.pathfinder.klw	Risky second	7.0	2.4496598167132055	p_vertex	0.7217309402513841	0.7517222878377827	0.7805191551658279
log-power-n1n2psd.pathfinder.klw	Risky second	7.0	2.5178273835642724	p_vertex	0.7413565737860144	0.7705936949863348	0.798732278243899
log-power-n1n2psd.pathfinder.klw	Risky second	7.0	2.58789187387332	p_vertex	0.7598804629288517	0.7881096874543654	0.8153444108955071
log-power-n1n2psd.pathfinder.klw	Risky second	7.0	2.659906074013276	p_vertex	0.7768839486131343	0.8044131201152163	0.8306813246281529
log-power-n1n2psd.pathfinder.klw	Risky second	7.0	2.7339242392624983	p_vertex	0.7928508704560984	0.8194754398144846	0.8448342678184655
log-power-n1n2psd.pathfinder.klw	Risky second	7.0	2.8100021346805373	p_vertex	0.8075840332742549	0.8333392625825022	0.8577306349275642
log-power-n1n2psd.pathfinder.klw	Risky second	7.0	2.8881970771213568	p_vertex	0.8214004783471206	0.8461456300925813	0.8698597646251354
log-power-n1n2psd.pathfinder.klw	Risky second	7.0	2.9685679784156793	p_vertex	0.8343073903156133	0.85792127140412	0.8807963394549133
log-power-n1n2psd.pathfinder.klw	Risky second	7.0	3.051175389754982	p_vertex	0.8461099835596665	0.8688339284311457	0.8909624520160396
log-power-n1n2psd.pathfinder.klw	Risky second	7.0	3.1360815473105736	p_vertex	0.8568896250552372	0.8788120643205515	0.8998680914477798
log-power-n1n2psd.pathfinder.klw	Risky second	7.0	3.2233504191221405	p_vertex	0.866745742511821	0.8879587983240202	0.9079969739329915
log-power-n1n2psd.pathfinder.klw	Risky second	7.0	3.31304775329107	p_vertex	0.8759883329586554	0.8963708909019428	0.9158416268034612
log-power-n1n2psd.pathfinder.klw	Risky second	7.0	3.40524112751487	p_vertex	0.8846508740531781	0.9041595723355944	0.923100904595965
log-power-n1n2psd.pathfinder.klw	Risky second	7.0	3.5000000000000004	p_vertex	0.892323128315051	0.9113551081265674	0.9296028116126012
log-power-n1n2psd.pathfinder.klw	Risky second	7.0	1.2	p_full	0.1205737880767085	0.1583031405823527	0.20303604047918777
log-power-n1n2psd.pathfinder.klw	Risky second	7.0	1.233392832614218	p_full	0.13562493025306635	0.17381321232483998	0.21911781195180505
log-power-n1n2psd.pathfinder.klw	Risky second	7.0	1.267714899620104	p_full	0.15210747785259224	0.19071225549617365	0.23609379827734978
log-power-n1n2psd.pathfinder.klw	Risky second	7.0	1.3029920591580744	p_full	0.1702060666417125	0.20890458923968908	0.2539167786123841
log-power-n1n2psd.pathfinder.klw	Risky second	7.0	1.339250888932342	p_full	0.1891948428931559	0.22807589409575585	0.27271045126653337
log-power-n1n2psd.pathfinder.klw	Risky second	7.0	1.3765187062344757	p_full	0.20951314136719143	0.24865575288473335	0.2927803602877055
log-power-n1n2psd.pathfinder.klw	Risky second	7.0	1.4148235885241658	p_full	0.231105260673433	0.2703716721565127	0.31393008229472497
log-power-n1n2psd.pathfinder.klw	Risky second	7.0	1.454194394582695	p_full	0.2539029690079625	0.2931813367391168	0.3357953125407859
log-power-n1n2psd.pathfinder.klw	Risky second	7.0	1.4946607862550567	p_full	0.27798272920265776	0.31695600706628246	0.3585311123092185
log-power-n1n2psd.pathfinder.klw	Risky second	7.0	1.5362532507970992	p_full	0.3031616029991688	0.3416328916265219	0.3825457622047417
log-power-n1n2psd.pathfinder.klw	Risky second	7.0	1.579003123844529	p_full	0.32927055047252424	0.36717281964777104	0.4072965488053569
log-power-n1n2psd.pathfinder.klw	Risky second	7.0	1.6229426130210856	p_full	0.35570233698059306	0.3933463860666886	0.43245634097002217
log-power-n1n2psd.pathfinder.klw	Risky second	7.0	1.6681048222036647	p_full	0.3829730971527172	0.4199348645652311	0.45815238289625354
log-power-n1n2psd.pathfinder.klw	Risky second	7.0	1.714523776462679	p_full	0.4106896580124756	0.4468628244627945	0.48392151952724827
log-power-n1n2psd.pathfinder.klw	Risky second	7.0	1.7622344476964418	p_full	0.4386419829090455	0.4737615411806064	0.5096065388012917
log-power-n1n2psd.pathfinder.klw	Risky second	7.0	1.8112727809788889	p_full	0.4662484159588569	0.5007210349821427	0.5355215196250055
log-power-n1n2psd.pathfinder.klw	Risky second	7.0	1.861675721640487	p_full	0.4939828599226746	0.5274601493519419	0.5608755591080432
log-power-n1n2psd.pathfinder.klw	Risky second	7.0	1.9134812431027324	p_full	0.521300582594497	0.5541420996839641	0.5863359244286304
log-power-n1n2psd.pathfinder.klw	Risky second	7.0	1.9667283754872122	p_full	0.5476072265190078	0.5802302404596567	0.6113424033975798
log-power-n1n2psd.pathfinder.klw	Risky second	7.0	2.021457235020777	p_full	0.5736704879460974	0.6056718360499798	0.6364521398379286
log-power-n1n2psd.pathfinder.klw	Risky second	7.0	2.0777090542589844	p_full	0.5987486640634109	0.6304231297778445	0.6605821666531793
log-power-n1n2psd.pathfinder.klw	Risky second	7.0	2.1355262131505808	p_full	0.622967834551293	0.6541424991268742	0.684015736668345
log-power-n1n2psd.pathfinder.klw	Risky second	7.0	2.1949522709664246	p_full	0.6468537637782592	0.677077671359599	0.7064177372731862
log-power-n1n2psd.pathfinder.klw	Risky second	7.0	2.256031999116908	p_full	0.6693474577126138	0.6990245640221555	0.7277301954832257
log-power-n1n2psd.pathfinder.klw	Risky second	7.0	2.3188114148826	p_full	0.6909971426889348	0.7199306163881953	0.7480222934896446
log-power-n1n2psd.pathfinder.klw	Risky second	7.0	2.3833378160835275	p_full	0.7114782882864095	0.7397265801057434	0.7670468965388897
log-power-n1n2psd.pathfinder.klw	Risky second	7.0	2.4496598167132055	p_full	0.7308699434804256	0.7584040534053372	0.7851096011805023
log-power-n1n2psd.pathfinder.klw	Risky second	7.0	2.5178273835642724	p_full	0.7491636727855848	0.7760458757726798	0.8020221435217351
log-power-n1n2psd.pathfinder.klw	Risky second	7.0	2.58789187387332	p_full	0.7667167036915932	0.7925380298353035	0.8174179295405004
log-power-n1n2psd.pathfinder.klw	Risky second	7.0	2.659906074013276	p_full	0.7827561578122945	0.8078947526335994	0.8319903093737059
log-power-n1n2psd.pathfinder.klw	Risky second	7.0	2.7339242392624983	p_full	0.797712785471605	0.8220863841463415	0.8454392182315267
log-power-n1n2psd.pathfinder.klw	Risky second	7.0	2.8100021346805373	p_full	0.8119288461912121	0.8353335429097302	0.8577626584057146
log-power-n1n2psd.pathfinder.klw	Risky second	7.0	2.8881970771213568	p_full	0.824967469532098	0.8476219040624937	0.8692926775369088
log-power-n1n2psd.pathfinder.klw	Risky second	7.0	2.9685679784156793	p_full	0.8373816153574797	0.8590047349643133	0.8798056887749938
log-power-n1n2psd.pathfinder.klw	Risky second	7.0	3.051175389754982	p_full	0.8486966504359238	0.8695247381338244	0.8895158256296556
log-power-n1n2psd.pathfinder.klw	Risky second	7.0	3.1360815473105736	p_full	0.8591186638368606	0.8792090257999989	0.8982573841981473
log-power-n1n2psd.pathfinder.klw	Risky second	7.0	3.2233504191221405	p_full	0.8688919369814214	0.8881282840822683	0.9062984850846435
log-power-n1n2psd.pathfinder.klw	Risky second	7.0	3.31304775329107	p_full	0.8777764907326691	0.89627086405964	0.9136609453019549
log-power-n1n2psd.pathfinder.klw	Risky second	7.0	3.40524112751487	p_full	0.885888449981793	0.9038430903748653	0.9204396266581345
log-power-n1n2psd.pathfinder.klw	Risky second	7.0	3.5000000000000004	p_full	0.8935841692975482	0.9107339340429126	0.9266839184475892
log-power-n1n2psd.pathfinder.klw	Risky second	7.0	1.2	p_bias_only	0.11956866236015498	0.15627401321746853	0.20007408087998774
log-power-n1n2psd.pathfinder.klw	Risky second	7.0	1.233392832614218	p_bias_only	0.13401526271058975	0.17185431180956892	0.21582003629060775
log-power-n1n2psd.pathfinder.klw	Risky second	7.0	1.267714899620104	p_bias_only	0.15016313136064688	0.18859038836479056	0.23242322383718556
log-power-n1n2psd.pathfinder.klw	Risky second	7.0	1.3029920591580744	p_bias_only	0.16783034950829243	0.20662785109280463	0.25060699099973016
log-power-n1n2psd.pathfinder.klw	Risky second	7.0	1.339250888932342	p_bias_only	0.1864676952684852	0.22590251878702908	0.26979363525763433
log-power-n1n2psd.pathfinder.klw	Risky second	7.0	1.3765187062344757	p_bias_only	0.20704292765813392	0.24636945183754616	0.2899015641281793
log-power-n1n2psd.pathfinder.klw	Risky second	7.0	1.4148235885241658	p_bias_only	0.22854997164958576	0.2678742452669969	0.31091561906039605
log-power-n1n2psd.pathfinder.klw	Risky second	7.0	1.454194394582695	p_bias_only	0.25122527740761535	0.2906649345450374	0.33319349055607134
log-power-n1n2psd.pathfinder.klw	Risky second	7.0	1.4946607862550567	p_bias_only	0.275202078607547	0.3142836630408217	0.3567836253313638
log-power-n1n2psd.pathfinder.klw	Risky second	7.0	1.5362532507970992	p_bias_only	0.29955931022676424	0.3389553644901051	0.38092300245163846
log-power-n1n2psd.pathfinder.klw	Risky second	7.0	1.579003123844529	p_bias_only	0.3258849045702596	0.3645751160654779	0.40570298981610764
log-power-n1n2psd.pathfinder.klw	Risky second	7.0	1.6229426130210856	p_bias_only	0.3522788623680606	0.39082228215198883	0.4311310800418243
log-power-n1n2psd.pathfinder.klw	Risky second	7.0	1.6681048222036647	p_bias_only	0.37957975797867205	0.41754537611411857	0.4571677929717489
log-power-n1n2psd.pathfinder.klw	Risky second	7.0	1.714523776462679	p_bias_only	0.40743300359116547	0.44457855070937236	0.4834800084657922
log-power-n1n2psd.pathfinder.klw	Risky second	7.0	1.7622344476964418	p_bias_only	0.43552671259199804	0.47189496213263366	0.5099044322981146
log-power-n1n2psd.pathfinder.klw	Risky second	7.0	1.8112727809788889	p_bias_only	0.4639814942400146	0.49908203888274577	0.535854207148215
log-power-n1n2psd.pathfinder.klw	Risky second	7.0	1.861675721640487	p_bias_only	0.49193427689945474	0.5264219425472467	0.5625892088837258
log-power-n1n2psd.pathfinder.klw	Risky second	7.0	1.9134812431027324	p_bias_only	0.5193085953407491	0.5533148455395229	0.5885509232564794
log-power-n1n2psd.pathfinder.klw	Risky second	7.0	1.9667283754872122	p_bias_only	0.5463827980348236	0.5795822051673747	0.6142808139772363
log-power-n1n2psd.pathfinder.klw	Risky second	7.0	2.021457235020777	p_bias_only	0.57246272781868	0.6054095214871795	0.6389213955834011
log-power-n1n2psd.pathfinder.klw	Risky second	7.0	2.0777090542589844	p_bias_only	0.5980934849166208	0.6305201849948403	0.6631258943931513
log-power-n1n2psd.pathfinder.klw	Risky second	7.0	2.1355262131505808	p_bias_only	0.6231966324993239	0.6547017908951696	0.6865012355535128
log-power-n1n2psd.pathfinder.klw	Risky second	7.0	2.1949522709664246	p_bias_only	0.6470729554110007	0.6777168223419705	0.708493527365844
log-power-n1n2psd.pathfinder.klw	Risky second	7.0	2.256031999116908	p_bias_only	0.6697494801965038	0.699676605361116	0.7300137596892619
log-power-n1n2psd.pathfinder.klw	Risky second	7.0	2.3188114148826	p_bias_only	0.6909460779528811	0.7207287214304599	0.7498239697804349
log-power-n1n2psd.pathfinder.klw	Risky second	7.0	2.3833378160835275	p_bias_only	0.7116273025878596	0.740480867627962	0.7684321829072767
log-power-n1n2psd.pathfinder.klw	Risky second	7.0	2.4496598167132055	p_bias_only	0.7309653128196816	0.7592261418630326	0.7861697026374055
log-power-n1n2psd.pathfinder.klw	Risky second	7.0	2.5178273835642724	p_bias_only	0.7491615340324386	0.7768984695051462	0.8031935449791587
log-power-n1n2psd.pathfinder.klw	Risky second	7.0	2.58789187387332	p_bias_only	0.7667531047429157	0.7933446255986827	0.8186503917381598
log-power-n1n2psd.pathfinder.klw	Risky second	7.0	2.659906074013276	p_bias_only	0.7830639552695736	0.8085324095616752	0.8330909468437587
log-power-n1n2psd.pathfinder.klw	Risky second	7.0	2.7339242392624983	p_bias_only	0.7979346359997948	0.8228284178345564	0.8466119302821355
log-power-n1n2psd.pathfinder.klw	Risky second	7.0	2.8100021346805373	p_bias_only	0.812218418985553	0.8360522235628571	0.8589582293633536
log-power-n1n2psd.pathfinder.klw	Risky second	7.0	2.8881970771213568	p_bias_only	0.8253182409526155	0.8482824468966113	0.8701858598027724
log-power-n1n2psd.pathfinder.klw	Risky second	7.0	2.9685679784156793	p_bias_only	0.8373149085485895	0.8595923679533445	0.880420523996368
log-power-n1n2psd.pathfinder.klw	Risky second	7.0	3.051175389754982	p_bias_only	0.8485981101362817	0.869866080481465	0.8898530917770476
log-power-n1n2psd.pathfinder.klw	Risky second	7.0	3.1360815473105736	p_bias_only	0.8586792114456816	0.8793998326475323	0.8985147466915541
log-power-n1n2psd.pathfinder.klw	Risky second	7.0	3.2233504191221405	p_bias_only	0.8680848805368852	0.8881595870483672	0.9064707980521107
log-power-n1n2psd.pathfinder.klw	Risky second	7.0	3.31304775329107	p_bias_only	0.8767661121843169	0.8962714281800575	0.9136210088233466
log-power-n1n2psd.pathfinder.klw	Risky second	7.0	3.40524112751487	p_bias_only	0.8849430658941013	0.9037286090864698	0.9201116859827871
log-power-n1n2psd.pathfinder.klw	Risky second	7.0	3.5000000000000004	p_bias_only	0.8923492971272513	0.9106167734784099	0.926303286863971
log-power-n1n2psd.pathfinder.klw	Risky second	7.0	1.2	p_scale_only	0.0832199713385488	0.11603351319146919	0.15632813182097233
log-power-n1n2psd.pathfinder.klw	Risky second	7.0	1.233392832614218	p_scale_only	0.09616872804960848	0.13035138876718083	0.17133918099738796
log-power-n1n2psd.pathfinder.klw	Risky second	7.0	1.267714899620104	p_scale_only	0.1105080686244802	0.14615341586870362	0.1879047533209675
log-power-n1n2psd.pathfinder.klw	Risky second	7.0	1.3029920591580744	p_scale_only	0.1264718047667436	0.16362990589956783	0.20547371560173625
log-power-n1n2psd.pathfinder.klw	Risky second	7.0	1.339250888932342	p_scale_only	0.14426034214852	0.18252538007596716	0.22458458579180335
log-power-n1n2psd.pathfinder.klw	Risky second	7.0	1.3765187062344757	p_scale_only	0.16389057318665762	0.2028846990535302	0.2450993183335138
log-power-n1n2psd.pathfinder.klw	Risky second	7.0	1.4148235885241658	p_scale_only	0.1852463015387714	0.22474434940761137	0.2669025175040155
log-power-n1n2psd.pathfinder.klw	Risky second	7.0	1.454194394582695	p_scale_only	0.20815703452545925	0.2479608742724258	0.2896636506010277
log-power-n1n2psd.pathfinder.klw	Risky second	7.0	1.4946607862550567	p_scale_only	0.23291999963148843	0.27239043789658435	0.3140070209305077
log-power-n1n2psd.pathfinder.klw	Risky second	7.0	1.5362532507970992	p_scale_only	0.2587303450196729	0.29818789258284584	0.338983010158402
log-power-n1n2psd.pathfinder.klw	Risky second	7.0	1.579003123844529	p_scale_only	0.2857884296218541	0.324870536846118	0.364934174758461
log-power-n1n2psd.pathfinder.klw	Risky second	7.0	1.6229426130210856	p_scale_only	0.3138624744085633	0.3524706749049736	0.39159555744542435
log-power-n1n2psd.pathfinder.klw	Risky second	7.0	1.6681048222036647	p_scale_only	0.3423961884773192	0.38063951407452157	0.4190874543773463
log-power-n1n2psd.pathfinder.klw	Risky second	7.0	1.714523776462679	p_scale_only	0.3716950398315493	0.409494818967265	0.4468209609065586
log-power-n1n2psd.pathfinder.klw	Risky second	7.0	1.7622344476964418	p_scale_only	0.4013291461815956	0.43858134295261364	0.47509025245356185
log-power-n1n2psd.pathfinder.klw	Risky second	7.0	1.8112727809788889	p_scale_only	0.43083886441681607	0.4676098418414626	0.5034920635325212
log-power-n1n2psd.pathfinder.klw	Risky second	7.0	1.861675721640487	p_scale_only	0.4603708114886137	0.49671191451305197	0.5312626171911786
log-power-n1n2psd.pathfinder.klw	Risky second	7.0	1.9134812431027324	p_scale_only	0.4900471347504247	0.5254028988348263	0.5593668052739751
log-power-n1n2psd.pathfinder.klw	Risky second	7.0	1.9667283754872122	p_scale_only	0.5192997505919122	0.5538075164045473	0.5867608900768069
log-power-n1n2psd.pathfinder.klw	Risky second	7.0	2.021457235020777	p_scale_only	0.5481254289756574	0.5814748699849064	0.6134834645285427
log-power-n1n2psd.pathfinder.klw	Risky second	7.0	2.0777090542589844	p_scale_only	0.5754399897145779	0.6084862179557398	0.6399501269183703
log-power-n1n2psd.pathfinder.klw	Risky second	7.0	2.1355262131505808	p_scale_only	0.6020436710380517	0.6344184374635887	0.665288088979634
log-power-n1n2psd.pathfinder.klw	Risky second	7.0	2.1949522709664246	p_scale_only	0.6281864887801616	0.6594190347099345	0.6896488747073333
log-power-n1n2psd.pathfinder.klw	Risky second	7.0	2.256031999116908	p_scale_only	0.6527681422574595	0.6833785619199739	0.7129497599873784
log-power-n1n2psd.pathfinder.klw	Risky second	7.0	2.3188114148826	p_scale_only	0.6758540781344131	0.7061523012673939	0.7351321603647409
log-power-n1n2psd.pathfinder.klw	Risky second	7.0	2.3833378160835275	p_scale_only	0.6980464362271482	0.7277023949597596	0.756364882824884
log-power-n1n2psd.pathfinder.klw	Risky second	7.0	2.4496598167132055	p_scale_only	0.7188844141374732	0.7480259567235675	0.7762932712740854
log-power-n1n2psd.pathfinder.klw	Risky second	7.0	2.5178273835642724	p_scale_only	0.738658264364923	0.7671340022552202	0.7946436244937374
log-power-n1n2psd.pathfinder.klw	Risky second	7.0	2.58789187387332	p_scale_only	0.7571663617879074	0.7848948550826702	0.8117254523656354
log-power-n1n2psd.pathfinder.klw	Risky second	7.0	2.659906074013276	p_scale_only	0.7746623426825425	0.8013219161027868	0.8275505966447682
log-power-n1n2psd.pathfinder.klw	Risky second	7.0	2.7339242392624983	p_scale_only	0.7909654617091219	0.8165608721799036	0.8419977836107745
log-power-n1n2psd.pathfinder.klw	Risky second	7.0	2.8100021346805373	p_scale_only	0.806095616904083	0.8306739837366066	0.8552265461754227
log-power-n1n2psd.pathfinder.klw	Risky second	7.0	2.8881970771213568	p_scale_only	0.8198735211179397	0.8437295329778203	0.8673516933446367
log-power-n1n2psd.pathfinder.klw	Risky second	7.0	2.9685679784156793	p_scale_only	0.8329004309171316	0.8557817126027303	0.8785571254978367
log-power-n1n2psd.pathfinder.klw	Risky second	7.0	3.051175389754982	p_scale_only	0.8446953079358918	0.8668513418231528	0.8888459773977061
log-power-n1n2psd.pathfinder.klw	Risky second	7.0	3.1360815473105736	p_scale_only	0.8557514715085723	0.8769151849586185	0.8983166881997937
log-power-n1n2psd.pathfinder.klw	Risky second	7.0	3.2233504191221405	p_scale_only	0.8658872179523577	0.8862320921966003	0.9068910230441716
log-power-n1n2psd.pathfinder.klw	Risky second	7.0	3.31304775329107	p_scale_only	0.8749313284570739	0.894908761562277	0.9147671531355125
log-power-n1n2psd.pathfinder.klw	Risky second	7.0	3.40524112751487	p_scale_only	0.8834894836237239	0.902810104297953	0.9220184702456127
log-power-n1n2psd.pathfinder.klw	Risky second	7.0	3.5000000000000004	p_scale_only	0.8915072341057969	0.9101208804025988	0.9289913035349399
log-power-n1n2psd.pathfinder.klw	Risky second	7.0	1.2	dp_full	0.0016482350245196318	0.04487913476893432	0.08977151456978988
log-power-n1n2psd.pathfinder.klw	Risky second	7.0	1.233392832614218	dp_full	0.002585478504042419	0.04668605803836462	0.0923072693630537
log-power-n1n2psd.pathfinder.klw	Risky second	7.0	1.267714899620104	dp_full	0.0034589681659540437	0.04832672061793512	0.09418817691737214
log-power-n1n2psd.pathfinder.klw	Risky second	7.0	1.3029920591580744	dp_full	0.004419369344797001	0.04974228425758814	0.09578390298549719
log-power-n1n2psd.pathfinder.klw	Risky second	7.0	1.339250888932342	dp_full	0.004905228131171371	0.05051877860155961	0.09685523561221393
log-power-n1n2psd.pathfinder.klw	Risky second	7.0	1.3765187062344757	dp_full	0.005292412365534704	0.05099585584172538	0.09697373509913233
log-power-n1n2psd.pathfinder.klw	Risky second	7.0	1.4148235885241658	dp_full	0.005451567552832848	0.05102319493949134	0.09669635476407594
log-power-n1n2psd.pathfinder.klw	Risky second	7.0	1.454194394582695	dp_full	0.005800735119748031	0.05063054256435183	0.09553456991575927
log-power-n1n2psd.pathfinder.klw	Risky second	7.0	1.4946607862550567	dp_full	0.00536116487585774	0.049650453349464704	0.09351548722220969
log-power-n1n2psd.pathfinder.klw	Risky second	7.0	1.5362532507970992	dp_full	0.005154833883804399	0.04803730137283101	0.0912090278749366
log-power-n1n2psd.pathfinder.klw	Risky second	7.0	1.579003123844529	dp_full	0.004273888067518444	0.0461183439521972	0.08884784223035742
log-power-n1n2psd.pathfinder.klw	Risky second	7.0	1.6229426130210856	dp_full	0.003372367864699784	0.04378504643348412	0.08559338260649946
log-power-n1n2psd.pathfinder.klw	Risky second	7.0	1.6681048222036647	dp_full	0.0021292838628363463	0.04136760381917718	0.0819697926005933
log-power-n1n2psd.pathfinder.klw	Risky second	7.0	1.714523776462679	dp_full	0.0007088179955669298	0.03871114820196828	0.07780062765328317
log-power-n1n2psd.pathfinder.klw	Risky second	7.0	1.7622344476964418	dp_full	-0.001022480720759987	0.03567739266427569	0.07422916025604345
log-power-n1n2psd.pathfinder.klw	Risky second	7.0	1.8112727809788889	dp_full	-0.0031832522488925968	0.03255927406133901	0.07053834704601665
log-power-n1n2psd.pathfinder.klw	Risky second	7.0	1.861675721640487	dp_full	-0.005797116173003079	0.029539685853018832	0.06712538496378409
log-power-n1n2psd.pathfinder.klw	Risky second	7.0	1.9134812431027324	dp_full	-0.008825595835204625	0.026662569978857423	0.06375789523903806
log-power-n1n2psd.pathfinder.klw	Risky second	7.0	1.9667283754872122	dp_full	-0.011506209953317956	0.023684814901647123	0.06081460022848883
log-power-n1n2psd.pathfinder.klw	Risky second	7.0	2.021457235020777	dp_full	-0.014386541228486741	0.021055229391258673	0.057844952709952796
log-power-n1n2psd.pathfinder.klw	Risky second	7.0	2.0777090542589844	dp_full	-0.016690944564252807	0.01828061092805605	0.05454974330816366
log-power-n1n2psd.pathfinder.klw	Risky second	7.0	2.1355262131505808	dp_full	-0.019240027664161215	0.015853110012319167	0.05217876577884764
log-power-n1n2psd.pathfinder.klw	Risky second	7.0	2.1949522709664246	dp_full	-0.021303813770983795	0.013431725080866298	0.04981767021047609
log-power-n1n2psd.pathfinder.klw	Risky second	7.0	2.256031999116908	dp_full	-0.023302724595003457	0.011405605373399188	0.047785483289794775
log-power-n1n2psd.pathfinder.klw	Risky second	7.0	2.3188114148826	dp_full	-0.025232697188340772	0.009639293376129811	0.04562345535246965
log-power-n1n2psd.pathfinder.klw	Risky second	7.0	2.3833378160835275	dp_full	-0.026690826184183954	0.007975933724196768	0.043594166026432256
log-power-n1n2psd.pathfinder.klw	Risky second	7.0	2.4496598167132055	dp_full	-0.027492493140464775	0.006533154703877893	0.041568922039097254
log-power-n1n2psd.pathfinder.klw	Risky second	7.0	2.5178273835642724	dp_full	-0.02825410087797284	0.005262621318890569	0.03968814508380575
log-power-n1n2psd.pathfinder.klw	Risky second	7.0	2.58789187387332	dp_full	-0.028652277366208775	0.004115877381887166	0.03806929797755172
log-power-n1n2psd.pathfinder.klw	Risky second	7.0	2.659906074013276	dp_full	-0.028718548472460907	0.0031222939247007387	0.036041969417160105
log-power-n1n2psd.pathfinder.klw	Risky second	7.0	2.7339242392624983	dp_full	-0.028807667790137423	0.002406017075781582	0.0344631231760567
log-power-n1n2psd.pathfinder.klw	Risky second	7.0	2.8100021346805373	dp_full	-0.02864600999386041	0.0017587473982540673	0.03293133121312135
log-power-n1n2psd.pathfinder.klw	Risky second	7.0	2.8881970771213568	dp_full	-0.028049163591127472	0.001255616479839441	0.031306782574760036
log-power-n1n2psd.pathfinder.klw	Risky second	7.0	2.9685679784156793	dp_full	-0.02758950565696675	0.0008212168863607197	0.02985323173872306
log-power-n1n2psd.pathfinder.klw	Risky second	7.0	3.051175389754982	dp_full	-0.02685454069044524	0.000488644372134984	0.02816549835411524
log-power-n1n2psd.pathfinder.klw	Risky second	7.0	3.1360815473105736	dp_full	-0.025966599101092235	0.00019479658258077435	0.026782079390865108
log-power-n1n2psd.pathfinder.klw	Risky second	7.0	3.2233504191221405	dp_full	-0.025436055591524755	-0.00017822303366948582	0.025468398858467575
log-power-n1n2psd.pathfinder.klw	Risky second	7.0	3.31304775329107	dp_full	-0.02483631969013628	-0.0004964614823667628	0.02400018831839651
log-power-n1n2psd.pathfinder.klw	Risky second	7.0	3.40524112751487	dp_full	-0.0241764755712899	-0.0007425884969107455	0.02287831385843616
log-power-n1n2psd.pathfinder.klw	Risky second	7.0	3.5000000000000004	dp_full	-0.023725227856554565	-0.0009665799982799496	0.02198992514729009
log-power-n1n2psd.pathfinder.klw	Risky second	7.0	1.2	dp_bias	0.004126369164902439	0.04264411348916462	0.08432036888752076
log-power-n1n2psd.pathfinder.klw	Risky second	7.0	1.233392832614218	dp_bias	0.004864138346738272	0.04427819628364763	0.08664853709819405
log-power-n1n2psd.pathfinder.klw	Risky second	7.0	1.267714899620104	dp_bias	0.005440198945004188	0.0457767516867245	0.08875923680441718
log-power-n1n2psd.pathfinder.klw	Risky second	7.0	1.3029920591580744	dp_bias	0.005373842257888868	0.04688396466502213	0.09035580422036492
log-power-n1n2psd.pathfinder.klw	Risky second	7.0	1.339250888932342	dp_bias	0.006154754808163925	0.04763506382557649	0.09156140070803996
log-power-n1n2psd.pathfinder.klw	Risky second	7.0	1.3765187062344757	dp_bias	0.006087034652150855	0.04805988677893583	0.09237472676464588
log-power-n1n2psd.pathfinder.klw	Risky second	7.0	1.4148235885241658	dp_bias	0.005665656802724772	0.04819146319608318	0.09230775333564047
log-power-n1n2psd.pathfinder.klw	Risky second	7.0	1.454194394582695	dp_bias	0.0054471725008553625	0.04768804200321421	0.09146474622571085
log-power-n1n2psd.pathfinder.klw	Risky second	7.0	1.4946607862550567	dp_bias	0.004899139877203647	0.046629733347197916	0.08987000506259764
log-power-n1n2psd.pathfinder.klw	Risky second	7.0	1.5362532507970992	dp_bias	0.003867136195435563	0.04519727866440437	0.08749663396562694
log-power-n1n2psd.pathfinder.klw	Risky second	7.0	1.579003123844529	dp_bias	0.0024527122417983774	0.04341572018475988	0.08519296144599653
log-power-n1n2psd.pathfinder.klw	Risky second	7.0	1.6229426130210856	dp_bias	0.001303664379517003	0.041478680858600424	0.08246380050840989
log-power-n1n2psd.pathfinder.klw	Risky second	7.0	1.6681048222036647	dp_bias	-0.00017137036314655106	0.03932128815029063	0.07936179888494142
log-power-n1n2psd.pathfinder.klw	Risky second	7.0	1.714523776462679	dp_bias	-0.0015574150350071197	0.03698121074517654	0.07628559416004102
log-power-n1n2psd.pathfinder.klw	Risky second	7.0	1.7622344476964418	dp_bias	-0.0033790742766113724	0.034147343532627064	0.07326625047498254
log-power-n1n2psd.pathfinder.klw	Risky second	7.0	1.8112727809788889	dp_bias	-0.00578502469938908	0.03139570407598136	0.06967856365529053
log-power-n1n2psd.pathfinder.klw	Risky second	7.0	1.861675721640487	dp_bias	-0.007663755349296027	0.028669092360678793	0.06623599180767172
log-power-n1n2psd.pathfinder.klw	Risky second	7.0	1.9134812431027324	dp_bias	-0.009376848490482951	0.026101562999136154	0.06291177668451597
log-power-n1n2psd.pathfinder.klw	Risky second	7.0	1.9667283754872122	dp_bias	-0.01140420849234218	0.02359319324004104	0.05968955586279462
log-power-n1n2psd.pathfinder.klw	Risky second	7.0	2.021457235020777	dp_bias	-0.013243940582356069	0.021202855975725007	0.05688534835241012
log-power-n1n2psd.pathfinder.klw	Risky second	7.0	2.0777090542589844	dp_bias	-0.014897511475884695	0.018805144159624525	0.05402958119125715
log-power-n1n2psd.pathfinder.klw	Risky second	7.0	2.1355262131505808	dp_bias	-0.01646434022410072	0.016430729748604198	0.050878023212417044
log-power-n1n2psd.pathfinder.klw	Risky second	7.0	2.1949522709664246	dp_bias	-0.017915144310737735	0.014279460399212462	0.04790655872884058
log-power-n1n2psd.pathfinder.klw	Risky second	7.0	2.256031999116908	dp_bias	-0.01889879716979759	0.012255977305819978	0.045319737962057904
log-power-n1n2psd.pathfinder.klw	Risky second	7.0	2.3188114148826	dp_bias	-0.019677574717625036	0.010513626607911532	0.042777408365130616
log-power-n1n2psd.pathfinder.klw	Risky second	7.0	2.3833378160835275	dp_bias	-0.020619619419177265	0.008936569944335181	0.040352143611568615
log-power-n1n2psd.pathfinder.klw	Risky second	7.0	2.4496598167132055	dp_bias	-0.021146815076688193	0.007436186269511861	0.037882204722755324
log-power-n1n2psd.pathfinder.klw	Risky second	7.0	2.5178273835642724	dp_bias	-0.02203355356650602	0.006281853252682278	0.035564951303205465
log-power-n1n2psd.pathfinder.klw	Risky second	7.0	2.58789187387332	dp_bias	-0.0221746997237681	0.005201498972891993	0.033298476818051224
log-power-n1n2psd.pathfinder.klw	Risky second	7.0	2.659906074013276	dp_bias	-0.02252652866195262	0.004236786478280693	0.03160291123608106
log-power-n1n2psd.pathfinder.klw	Risky second	7.0	2.7339242392624983	dp_bias	-0.02229484791708664	0.003327865098560527	0.029506065457709705
log-power-n1n2psd.pathfinder.klw	Risky second	7.0	2.8100021346805373	dp_bias	-0.022157513733468148	0.0026454921216170083	0.027671995351538473
log-power-n1n2psd.pathfinder.klw	Risky second	7.0	2.8881970771213568	dp_bias	-0.02221979054663053	0.002007638223995839	0.02611858416350312
log-power-n1n2psd.pathfinder.klw	Risky second	7.0	2.9685679784156793	dp_bias	-0.021893938718559398	0.001391468510494463	0.024660677097996197
log-power-n1n2psd.pathfinder.klw	Risky second	7.0	3.051175389754982	dp_bias	-0.021404847117550953	0.0009063919116472823	0.023324398328491487
log-power-n1n2psd.pathfinder.klw	Risky second	7.0	3.1360815473105736	dp_bias	-0.021121756866723226	0.000442554336401891	0.021933128224577887
log-power-n1n2psd.pathfinder.klw	Risky second	7.0	3.2233504191221405	dp_bias	-0.02084306847872689	5.8212283447040786e-05	0.020868214686970792
log-power-n1n2psd.pathfinder.klw	Risky second	7.0	3.31304775329107	dp_bias	-0.020516034083290682	-0.0003078851897263257	0.020010361293105773
log-power-n1n2psd.pathfinder.klw	Risky second	7.0	3.40524112751487	dp_bias	-0.020420060432320312	-0.0007296852163551764	0.018899128954113956
log-power-n1n2psd.pathfinder.klw	Risky second	7.0	3.5000000000000004	dp_bias	-0.020231116641497	-0.0011409883524741403	0.017827784984089077
log-power-n1n2psd.pathfinder.klw	Risky second	7.0	1.2	dp_scale	-0.015782224842370775	0.002672405967916969	0.021747547370586023
log-power-n1n2psd.pathfinder.klw	Risky second	7.0	1.233392832614218	dp_scale	-0.015565093574983927	0.003191356845246489	0.022757821143597513
log-power-n1n2psd.pathfinder.klw	Risky second	7.0	1.267714899620104	dp_scale	-0.015307426274520267	0.003719535410839755	0.023742278208120617
log-power-n1n2psd.pathfinder.klw	Risky second	7.0	1.3029920591580744	dp_scale	-0.014940088495319812	0.004143637834541181	0.02420691157966553
log-power-n1n2psd.pathfinder.klw	Risky second	7.0	1.339250888932342	dp_scale	-0.01460269541080083	0.0045151161253510624	0.02448812851163432
log-power-n1n2psd.pathfinder.klw	Risky second	7.0	1.3765187062344757	dp_scale	-0.014058704418671504	0.004743425628859554	0.024280633890675737
log-power-n1n2psd.pathfinder.klw	Risky second	7.0	1.4148235885241658	dp_scale	-0.01348796158749227	0.0048495347708618405	0.023743200374935495
log-power-n1n2psd.pathfinder.klw	Risky second	7.0	1.454194394582695	dp_scale	-0.012854786574322888	0.004799672486617148	0.02284697877379011
log-power-n1n2psd.pathfinder.klw	Risky second	7.0	1.4946607862550567	dp_scale	-0.012142130791881723	0.004554558943429857	0.021556426341232837
log-power-n1n2psd.pathfinder.klw	Risky second	7.0	1.5362532507970992	dp_scale	-0.011266321224805404	0.004129099581224139	0.0198257457243602
log-power-n1n2psd.pathfinder.klw	Risky second	7.0	1.579003123844529	dp_scale	-0.010451953443412647	0.0037090687897699997	0.017672299449671174
log-power-n1n2psd.pathfinder.klw	Risky second	7.0	1.6229426130210856	dp_scale	-0.00973846325122136	0.0030380365840813293	0.015478032584355044
log-power-n1n2psd.pathfinder.klw	Risky second	7.0	1.6681048222036647	dp_scale	-0.008902649968930523	0.0023450753879677108	0.01326164997616293
log-power-n1n2psd.pathfinder.klw	Risky second	7.0	1.714523776462679	dp_scale	-0.008662095436828922	0.0017119747775114665	0.01121920054579732
log-power-n1n2psd.pathfinder.klw	Risky second	7.0	1.7622344476964418	dp_scale	-0.008834460514374452	0.0009653172694029854	0.009324563042732487
log-power-n1n2psd.pathfinder.klw	Risky second	7.0	1.8112727809788889	dp_scale	-0.0093725159034613	0.00020559722526622203	0.008037366212670528
log-power-n1n2psd.pathfinder.klw	Risky second	7.0	1.861675721640487	dp_scale	-0.010277187506654316	-0.0005136586435477648	0.007381115753524268
log-power-n1n2psd.pathfinder.klw	Risky second	7.0	1.9134812431027324	dp_scale	-0.011556872277080549	-0.0012610955798060266	0.0076284905866528755
log-power-n1n2psd.pathfinder.klw	Risky second	7.0	1.9667283754872122	dp_scale	-0.013397231277403152	-0.0018668300170892511	0.008302792313824515
log-power-n1n2psd.pathfinder.klw	Risky second	7.0	2.021457235020777	dp_scale	-0.01517405167158136	-0.002436900139238434	0.00924741165471748
log-power-n1n2psd.pathfinder.klw	Risky second	7.0	2.0777090542589844	dp_scale	-0.01698561119350252	-0.002880127790032129	0.010234318686894403
log-power-n1n2psd.pathfinder.klw	Risky second	7.0	2.1355262131505808	dp_scale	-0.01850137367578837	-0.0032693088211344186	0.011111093138789104
log-power-n1n2psd.pathfinder.klw	Risky second	7.0	2.1949522709664246	dp_scale	-0.019835076865885124	-0.0035915986753640486	0.012164872099022391
log-power-n1n2psd.pathfinder.klw	Risky second	7.0	2.256031999116908	dp_scale	-0.020635250751340536	-0.003758887595971156	0.013137259734252749
log-power-n1n2psd.pathfinder.klw	Risky second	7.0	2.3188114148826	dp_scale	-0.021512467990993264	-0.003766070833129803	0.013816690932185237
log-power-n1n2psd.pathfinder.klw	Risky second	7.0	2.3833378160835275	dp_scale	-0.02216185990793845	-0.0037310671079100587	0.014426167167034924
log-power-n1n2psd.pathfinder.klw	Risky second	7.0	2.4496598167132055	dp_scale	-0.022254089755479392	-0.0036252907716822474	0.014967053910224903
log-power-n1n2psd.pathfinder.klw	Risky second	7.0	2.5178273835642724	dp_scale	-0.022398589443824966	-0.003478984606707755	0.015401597986591194
log-power-n1n2psd.pathfinder.klw	Risky second	7.0	2.58789187387332	dp_scale	-0.022135275418789308	-0.0033247132051330928	0.015655199121364035
log-power-n1n2psd.pathfinder.klw	Risky second	7.0	2.659906074013276	dp_scale	-0.02190316697265219	-0.0031210380918216783	0.015858934567258193
log-power-n1n2psd.pathfinder.klw	Risky second	7.0	2.7339242392624983	dp_scale	-0.02141596502493618	-0.002893121214440743	0.01598223105635542
log-power-n1n2psd.pathfinder.klw	Risky second	7.0	2.8100021346805373	dp_scale	-0.020801391367508394	-0.0026408688969594895	0.01597654282952731
log-power-n1n2psd.pathfinder.klw	Risky second	7.0	2.8881970771213568	dp_scale	-0.02005510238001783	-0.0024010866953055234	0.015845665825129807
log-power-n1n2psd.pathfinder.klw	Risky second	7.0	2.9685679784156793	dp_scale	-0.019350739452074665	-0.002202467268594313	0.015474087338945572
log-power-n1n2psd.pathfinder.klw	Risky second	7.0	3.051175389754982	dp_scale	-0.018579326093368456	-0.001953391435972079	0.015199051803573213
log-power-n1n2psd.pathfinder.klw	Risky second	7.0	3.1360815473105736	dp_scale	-0.017623757508302373	-0.001739101659451972	0.014746492070920138
log-power-n1n2psd.pathfinder.klw	Risky second	7.0	3.2233504191221405	dp_scale	-0.016894731980025314	-0.0015342484292476264	0.01411725762068041
log-power-n1n2psd.pathfinder.klw	Risky second	7.0	3.31304775329107	dp_scale	-0.016029219187556214	-0.0014201037751153508	0.013786569906079411
log-power-n1n2psd.pathfinder.klw	Risky second	7.0	3.40524112751487	dp_scale	-0.015170177252021045	-0.0012658658618479811	0.013185260682048774
log-power-n1n2psd.pathfinder.klw	Risky second	7.0	3.5000000000000004	dp_scale	-0.014389171088185503	-0.001121881367761774	0.012660911582498394
log-power-n1n2psd.pathfinder.klw	Risky second	7.0	1.2	dp_interaction	-0.008163369657077736	-0.00045356248354355526	0.006606792231723383
log-power-n1n2psd.pathfinder.klw	Risky second	7.0	1.233392832614218	dp_interaction	-0.008885430568003214	-0.0009060381901390554	0.00630863633265817
log-power-n1n2psd.pathfinder.klw	Risky second	7.0	1.267714899620104	dp_interaction	-0.009734121268372394	-0.0013135697954415513	0.006153754303724842
log-power-n1n2psd.pathfinder.klw	Risky second	7.0	1.3029920591580744	dp_interaction	-0.010471503129083766	-0.0016821138015728218	0.006052059228028764
log-power-n1n2psd.pathfinder.klw	Risky second	7.0	1.339250888932342	dp_interaction	-0.011082404779876565	-0.0019348003099894338	0.006037315778529769
log-power-n1n2psd.pathfinder.klw	Risky second	7.0	1.3765187062344757	dp_interaction	-0.011409077776246942	-0.0020567436038626315	0.005988579823364096
log-power-n1n2psd.pathfinder.klw	Risky second	7.0	1.4148235885241658	dp_interaction	-0.011387020150286227	-0.0020691030122720775	0.0060116959505979155
log-power-n1n2psd.pathfinder.klw	Risky second	7.0	1.454194394582695	dp_interaction	-0.01127385189616152	-0.0019037990016518395	0.006177896512523748
log-power-n1n2psd.pathfinder.klw	Risky second	7.0	1.4946607862550567	dp_interaction	-0.010730869136524138	-0.0016825852854711319	0.006239105725887691
log-power-n1n2psd.pathfinder.klw	Risky second	7.0	1.5362532507970992	dp_interaction	-0.009923505991360104	-0.0013980155757950395	0.006469659954844167
log-power-n1n2psd.pathfinder.klw	Risky second	7.0	1.579003123844529	dp_interaction	-0.00897019897275113	-0.0010017130623097004	0.006797747599687707
log-power-n1n2psd.pathfinder.klw	Risky second	7.0	1.6229426130210856	dp_interaction	-0.00819974621956061	-0.0005232663572246978	0.007140555765757618
log-power-n1n2psd.pathfinder.klw	Risky second	7.0	1.6681048222036647	dp_interaction	-0.007388834530110339	-8.650035772813478e-05	0.00776482066368813
log-power-n1n2psd.pathfinder.klw	Risky second	7.0	1.714523776462679	dp_interaction	-0.00651675563988286	0.0003653623504242678	0.008466142329562977
log-power-n1n2psd.pathfinder.klw	Risky second	7.0	1.7622344476964418	dp_interaction	-0.005969804330208093	0.0007648688157046975	0.009039612879354297
log-power-n1n2psd.pathfinder.klw	Risky second	7.0	1.8112727809788889	dp_interaction	-0.005642962120551845	0.0011587301252507353	0.009846913496858541
log-power-n1n2psd.pathfinder.klw	Risky second	7.0	1.861675721640487	dp_interaction	-0.005355952867063845	0.0015347819949575858	0.01050172960156929
log-power-n1n2psd.pathfinder.klw	Risky second	7.0	1.9134812431027324	dp_interaction	-0.005335132315338239	0.0017981646429669487	0.011314794494110424
log-power-n1n2psd.pathfinder.klw	Risky second	7.0	1.9667283754872122	dp_interaction	-0.005428397534850227	0.002087734035911907	0.011631810414867211
log-power-n1n2psd.pathfinder.klw	Risky second	7.0	2.021457235020777	dp_interaction	-0.005409274307506513	0.0023433044115808844	0.011864994662530973
log-power-n1n2psd.pathfinder.klw	Risky second	7.0	2.0777090542589844	dp_interaction	-0.0053818361188931844	0.002503068929825051	0.011966613014037102
log-power-n1n2psd.pathfinder.klw	Risky second	7.0	2.1355262131505808	dp_interaction	-0.005362951060856002	0.0026234416773718463	0.012012398722396428
log-power-n1n2psd.pathfinder.klw	Risky second	7.0	2.1949522709664246	dp_interaction	-0.0052870449564531696	0.0026486797457096188	0.011851759085930369
log-power-n1n2psd.pathfinder.klw	Risky second	7.0	2.256031999116908	dp_interaction	-0.005187308613375711	0.0026225325456941933	0.011700453670206477
log-power-n1n2psd.pathfinder.klw	Risky second	7.0	2.3188114148826	dp_interaction	-0.0050305897174890875	0.0025770382822719855	0.011436056781855384
log-power-n1n2psd.pathfinder.klw	Risky second	7.0	2.3833378160835275	dp_interaction	-0.0048150191625538925	0.0024820474889642044	0.010990979455150976
log-power-n1n2psd.pathfinder.klw	Risky second	7.0	2.4496598167132055	dp_interaction	-0.004576207104503794	0.0023510765783868086	0.010528228534023016
log-power-n1n2psd.pathfinder.klw	Risky second	7.0	2.5178273835642724	dp_interaction	-0.004216048181341467	0.00223097955016454	0.010144042094740166
log-power-n1n2psd.pathfinder.klw	Risky second	7.0	2.58789187387332	dp_interaction	-0.003906481696287433	0.0020970941664381734	0.00961340429340053
log-power-n1n2psd.pathfinder.klw	Risky second	7.0	2.659906074013276	dp_interaction	-0.003584689717382834	0.0019933083365516815	0.00907752530743043
log-power-n1n2psd.pathfinder.klw	Risky second	7.0	2.7339242392624983	dp_interaction	-0.0032866568221072132	0.0018723295868431512	0.00857574368902524
log-power-n1n2psd.pathfinder.klw	Risky second	7.0	2.8100021346805373	dp_interaction	-0.003116032026018384	0.001741474937542032	0.007957073739957443
log-power-n1n2psd.pathfinder.klw	Risky second	7.0	2.8881970771213568	dp_interaction	-0.002958574454875715	0.0016512171433491624	0.007505941705310503
log-power-n1n2psd.pathfinder.klw	Risky second	7.0	2.9685679784156793	dp_interaction	-0.002727711864486564	0.0015544658901300288	0.007126407299193059
log-power-n1n2psd.pathfinder.klw	Risky second	7.0	3.051175389754982	dp_interaction	-0.0025457721306136427	0.0014562242594260669	0.00680537938533165
log-power-n1n2psd.pathfinder.klw	Risky second	7.0	3.1360815473105736	dp_interaction	-0.0024474139251941186	0.00141722898735968	0.006482675211902053
log-power-n1n2psd.pathfinder.klw	Risky second	7.0	3.2233504191221405	dp_interaction	-0.0023774733461252766	0.001359573676889728	0.006139129820612702
log-power-n1n2psd.pathfinder.klw	Risky second	7.0	3.31304775329107	dp_interaction	-0.0023104155674556403	0.0013061435467501404	0.00591105749857746
log-power-n1n2psd.pathfinder.klw	Risky second	7.0	3.40524112751487	dp_interaction	-0.002253062912201967	0.001287538810794543	0.005694615855529421
log-power-n1n2psd.pathfinder.klw	Risky second	7.0	3.5000000000000004	dp_interaction	-0.0022585375985905254	0.001259777290872954	0.00549336504701894
log-power-n1n2psd.pathfinder.klw	Risky second	7.0	1.2	num_shift	-0.0046787842782017655	0.04695924378591898	0.10115959259129335
log-power-n1n2psd.pathfinder.klw	Risky second	7.0	1.233392832614218	num_shift	-0.004065975745619853	0.04601831549963596	0.09871124460424166
log-power-n1n2psd.pathfinder.klw	Risky second	7.0	1.267714899620104	num_shift	-0.003839915730278126	0.04511751346073747	0.09640351079188286
log-power-n1n2psd.pathfinder.klw	Risky second	7.0	1.3029920591580744	num_shift	-0.0035733625324198787	0.044163378089368335	0.09397797646296496
log-power-n1n2psd.pathfinder.klw	Risky second	7.0	1.339250888932342	num_shift	-0.0030794293816695565	0.04328154700815638	0.09140974688567043
log-power-n1n2psd.pathfinder.klw	Risky second	7.0	1.3765187062344757	num_shift	-0.002751410026590996	0.04233012118396723	0.08900288476223968
log-power-n1n2psd.pathfinder.klw	Risky second	7.0	1.4148235885241658	num_shift	-0.0022691113724148024	0.041399560740188385	0.08672700456249742
log-power-n1n2psd.pathfinder.klw	Risky second	7.0	1.454194394582695	num_shift	-0.0018543149227917607	0.040491600233861356	0.08470229806559484
log-power-n1n2psd.pathfinder.klw	Risky second	7.0	1.4946607862550567	num_shift	-0.001487572593573802	0.03963458503243322	0.08285488732031321
log-power-n1n2psd.pathfinder.klw	Risky second	7.0	1.5362532507970992	num_shift	-0.0013299137555611345	0.03863509681740478	0.08075450711831597
log-power-n1n2psd.pathfinder.klw	Risky second	7.0	1.579003123844529	num_shift	-0.0011593434574114403	0.0377972332839565	0.07849333507163729
log-power-n1n2psd.pathfinder.klw	Risky second	7.0	1.6229426130210856	num_shift	-0.0008891757233548713	0.03684544275438581	0.07679783318283373
log-power-n1n2psd.pathfinder.klw	Risky second	7.0	1.6681048222036647	num_shift	-0.0008809495622845751	0.036016991873819286	0.07489176382853402
log-power-n1n2psd.pathfinder.klw	Risky second	7.0	1.714523776462679	num_shift	-0.0006495921470520931	0.03514372699730804	0.07277690885347571
log-power-n1n2psd.pathfinder.klw	Risky second	7.0	1.7622344476964418	num_shift	-0.00047090299048822983	0.034313119941594014	0.07095268751841179
log-power-n1n2psd.pathfinder.klw	Risky second	7.0	1.8112727809788889	num_shift	-0.0005939375649251978	0.03341260722412068	0.06912847376484732
log-power-n1n2psd.pathfinder.klw	Risky second	7.0	1.861675721640487	num_shift	-0.0009534629739717022	0.032703216377226264	0.0672578190145963
log-power-n1n2psd.pathfinder.klw	Risky second	7.0	1.9134812431027324	num_shift	-0.0008989952138808568	0.03178933917997226	0.06601738056523893
log-power-n1n2psd.pathfinder.klw	Risky second	7.0	1.9667283754872122	num_shift	-0.0008598955591850883	0.031111045657229122	0.0646578380862343
log-power-n1n2psd.pathfinder.klw	Risky second	7.0	2.021457235020777	num_shift	-0.001276077149978954	0.03035078846211383	0.06306331072189356
log-power-n1n2psd.pathfinder.klw	Risky second	7.0	2.0777090542589844	num_shift	-0.001475299076267426	0.02960202078729713	0.06176841246043944
log-power-n1n2psd.pathfinder.klw	Risky second	7.0	2.1355262131505808	num_shift	-0.0021021076310814573	0.028871219136758015	0.06059791948712314
log-power-n1n2psd.pathfinder.klw	Risky second	7.0	2.1949522709664246	num_shift	-0.002241773355227427	0.028165462779655523	0.05949091044120545
log-power-n1n2psd.pathfinder.klw	Risky second	7.0	2.256031999116908	num_shift	-0.002310893984675843	0.027460087129704734	0.05873780193100448
log-power-n1n2psd.pathfinder.klw	Risky second	7.0	2.3188114148826	num_shift	-0.002488184464528389	0.026781133727785712	0.057533605826048044
log-power-n1n2psd.pathfinder.klw	Risky second	7.0	2.3833378160835275	num_shift	-0.00284264181901942	0.026006220637409205	0.056693265331289065
log-power-n1n2psd.pathfinder.klw	Risky second	7.0	2.4496598167132055	num_shift	-0.002928333331996876	0.025306303662100314	0.05561235315656463
log-power-n1n2psd.pathfinder.klw	Risky second	7.0	2.5178273835642724	num_shift	-0.0035930187680618384	0.024680766152191665	0.05499080467078357
log-power-n1n2psd.pathfinder.klw	Risky second	7.0	2.58789187387332	num_shift	-0.0046767486739454234	0.02404408769983679	0.054161173599499755
log-power-n1n2psd.pathfinder.klw	Risky second	7.0	2.659906074013276	num_shift	-0.00531489825161149	0.023537944642220365	0.05332796361955822
log-power-n1n2psd.pathfinder.klw	Risky second	7.0	2.7339242392624983	num_shift	-0.005852728227949949	0.02288617745067513	0.05259283221547793
log-power-n1n2psd.pathfinder.klw	Risky second	7.0	2.8100021346805373	num_shift	-0.00657672030202948	0.022308828390382212	0.05213634898125896
log-power-n1n2psd.pathfinder.klw	Risky second	7.0	2.8881970771213568	num_shift	-0.007258800047737145	0.02175789315178232	0.05179863367934296
log-power-n1n2psd.pathfinder.klw	Risky second	7.0	2.9685679784156793	num_shift	-0.008213578197670749	0.021230255498818473	0.05117850939271206
log-power-n1n2psd.pathfinder.klw	Risky second	7.0	3.051175389754982	num_shift	-0.008739414588232325	0.02069543011890839	0.050584220075630765
log-power-n1n2psd.pathfinder.klw	Risky second	7.0	3.1360815473105736	num_shift	-0.009219516607633666	0.020259628302385854	0.050061011713904
log-power-n1n2psd.pathfinder.klw	Risky second	7.0	3.2233504191221405	num_shift	-0.009817583043454746	0.019776655883504263	0.049538358851205236
log-power-n1n2psd.pathfinder.klw	Risky second	7.0	3.31304775329107	num_shift	-0.010317175397210034	0.019340571785187242	0.049151030821486294
log-power-n1n2psd.pathfinder.klw	Risky second	7.0	3.40524112751487	num_shift	-0.011159482761336059	0.018920483397133245	0.04881821284769834
log-power-n1n2psd.pathfinder.klw	Risky second	7.0	3.5000000000000004	num_shift	-0.011467234315899954	0.01850450339855738	0.048652981537954644
log-power-n1n2psd.pathfinder.klw	Risky second	7.0	1.2	den_ratio	0.9385224722472577	1.0493066106107123	1.1728804809938587
log-power-n1n2psd.pathfinder.klw	Risky second	7.0	1.233392832614218	den_ratio	0.9385229142637811	1.0489936446218007	1.1722594280983927
log-power-n1n2psd.pathfinder.klw	Risky second	7.0	1.267714899620104	den_ratio	0.938672517372092	1.0486772454426228	1.1719061611591908
log-power-n1n2psd.pathfinder.klw	Risky second	7.0	1.3029920591580744	den_ratio	0.938869327374808	1.0484603718281256	1.1712700442782722
log-power-n1n2psd.pathfinder.klw	Risky second	7.0	1.339250888932342	den_ratio	0.939010019931787	1.0480953654255694	1.170699851790399
log-power-n1n2psd.pathfinder.klw	Risky second	7.0	1.3765187062344757	den_ratio	0.938771449732586	1.0478047298317206	1.1698929044659618
log-power-n1n2psd.pathfinder.klw	Risky second	7.0	1.4148235885241658	den_ratio	0.9388337971690265	1.0475006749071982	1.1690887942106831
log-power-n1n2psd.pathfinder.klw	Risky second	7.0	1.454194394582695	den_ratio	0.9388095008687528	1.0473878627224156	1.168601189345801
log-power-n1n2psd.pathfinder.klw	Risky second	7.0	1.4946607862550567	den_ratio	0.9386590888539226	1.0472179384270923	1.1682956015673809
log-power-n1n2psd.pathfinder.klw	Risky second	7.0	1.5362532507970992	den_ratio	0.9387930617591607	1.0469038696591573	1.1679352654999582
log-power-n1n2psd.pathfinder.klw	Risky second	7.0	1.579003123844529	den_ratio	0.9388507278071362	1.0467062063352117	1.1675780571301746
log-power-n1n2psd.pathfinder.klw	Risky second	7.0	1.6229426130210856	den_ratio	0.9386152837408112	1.0464965594417106	1.166941381914145
log-power-n1n2psd.pathfinder.klw	Risky second	7.0	1.6681048222036647	den_ratio	0.9385242097146338	1.0462609519108037	1.1660615234902694
log-power-n1n2psd.pathfinder.klw	Risky second	7.0	1.714523776462679	den_ratio	0.9388963694142594	1.0459302714176024	1.1652140655960257
log-power-n1n2psd.pathfinder.klw	Risky second	7.0	1.7622344476964418	den_ratio	0.9389689521038155	1.0456052924522932	1.1643644555692587
log-power-n1n2psd.pathfinder.klw	Risky second	7.0	1.8112727809788889	den_ratio	0.938918162134686	1.0453354413346938	1.163512763392423
log-power-n1n2psd.pathfinder.klw	Risky second	7.0	1.861675721640487	den_ratio	0.9389262084801875	1.0450171979758447	1.162838054395899
log-power-n1n2psd.pathfinder.klw	Risky second	7.0	1.9134812431027324	den_ratio	0.9386843023512444	1.0446567471039878	1.16234059815698
log-power-n1n2psd.pathfinder.klw	Risky second	7.0	1.9667283754872122	den_ratio	0.9384742329066629	1.0441014885946873	1.1619967814567795
log-power-n1n2psd.pathfinder.klw	Risky second	7.0	2.021457235020777	den_ratio	0.9383110918390445	1.0436310794321517	1.1615427928241644
log-power-n1n2psd.pathfinder.klw	Risky second	7.0	2.0777090542589844	den_ratio	0.9381569754512339	1.0432013281427448	1.1609357011061552
log-power-n1n2psd.pathfinder.klw	Risky second	7.0	2.1355262131505808	den_ratio	0.9379306686417271	1.0429803822901396	1.159980809107062
log-power-n1n2psd.pathfinder.klw	Risky second	7.0	2.1949522709664246	den_ratio	0.9378684734804332	1.0425690747875591	1.159904523094158
log-power-n1n2psd.pathfinder.klw	Risky second	7.0	2.256031999116908	den_ratio	0.9375741939089315	1.042211196448576	1.159171062404124
log-power-n1n2psd.pathfinder.klw	Risky second	7.0	2.3188114148826	den_ratio	0.9374543017314685	1.0419025106065085	1.1584585392131017
log-power-n1n2psd.pathfinder.klw	Risky second	7.0	2.3833378160835275	den_ratio	0.9373525774132868	1.0414985845542994	1.157665603729798
log-power-n1n2psd.pathfinder.klw	Risky second	7.0	2.4496598167132055	den_ratio	0.9372920629156919	1.0410698162500567	1.1568561136814566
log-power-n1n2psd.pathfinder.klw	Risky second	7.0	2.5178273835642724	den_ratio	0.9371990879847636	1.0407857840717418	1.1561592797508073
log-power-n1n2psd.pathfinder.klw	Risky second	7.0	2.58789187387332	den_ratio	0.93707852936834	1.040331466694448	1.1554665564351947
log-power-n1n2psd.pathfinder.klw	Risky second	7.0	2.659906074013276	den_ratio	0.9367569739456948	1.0397405159966417	1.1540637845166473
log-power-n1n2psd.pathfinder.klw	Risky second	7.0	2.7339242392624983	den_ratio	0.9365102254522709	1.039475823114242	1.1533391112219706
log-power-n1n2psd.pathfinder.klw	Risky second	7.0	2.8100021346805373	den_ratio	0.935986442032194	1.0392232957875334	1.1528299500670547
log-power-n1n2psd.pathfinder.klw	Risky second	7.0	2.8881970771213568	den_ratio	0.9358558506378795	1.0388472521249663	1.152227944129952
log-power-n1n2psd.pathfinder.klw	Risky second	7.0	2.9685679784156793	den_ratio	0.9357021703337786	1.0384852538444203	1.1516639125197274
log-power-n1n2psd.pathfinder.klw	Risky second	7.0	3.051175389754982	den_ratio	0.935563187892126	1.038005062770306	1.1510850476571504
log-power-n1n2psd.pathfinder.klw	Risky second	7.0	3.1360815473105736	den_ratio	0.9353723260120712	1.037602479424846	1.1503421452160332
log-power-n1n2psd.pathfinder.klw	Risky second	7.0	3.2233504191221405	den_ratio	0.9352299690893847	1.0372704522808807	1.1499460575404488
log-power-n1n2psd.pathfinder.klw	Risky second	7.0	3.31304775329107	den_ratio	0.9351734309748504	1.0369936864810316	1.149234130762447
log-power-n1n2psd.pathfinder.klw	Risky second	7.0	3.40524112751487	den_ratio	0.9350435586750997	1.0364771817001668	1.1484639847311968
log-power-n1n2psd.pathfinder.klw	Risky second	7.0	3.5000000000000004	den_ratio	0.9347978581166475	1.0360390573385205	1.148381467775851
log-power-n1n2psd.pathfinder.klw	Risky second	10.0	1.2	p_vertex	0.09738100590801345	0.12145213923825315	0.14818778850883998
log-power-n1n2psd.pathfinder.klw	Risky second	10.0	1.233392832614218	p_vertex	0.11169270861883002	0.13681023260626612	0.163980614772251
log-power-n1n2psd.pathfinder.klw	Risky second	10.0	1.267714899620104	p_vertex	0.12744031851253948	0.15355915972002865	0.18102592314453647
log-power-n1n2psd.pathfinder.klw	Risky second	10.0	1.3029920591580744	p_vertex	0.14471994522843615	0.17172285184785935	0.19959319293828406
log-power-n1n2psd.pathfinder.klw	Risky second	10.0	1.339250888932342	p_vertex	0.16368533032503432	0.19121570413618735	0.21923915124274201
log-power-n1n2psd.pathfinder.klw	Risky second	10.0	1.3765187062344757	p_vertex	0.18435120368802785	0.2119912621917452	0.23998339619306827
log-power-n1n2psd.pathfinder.klw	Risky second	10.0	1.4148235885241658	p_vertex	0.2060837618935477	0.2342203063364163	0.2621805482679057
log-power-n1n2psd.pathfinder.klw	Risky second	10.0	1.454194394582695	p_vertex	0.22962629959465433	0.2576571188597738	0.285824532722865
log-power-n1n2psd.pathfinder.klw	Risky second	10.0	1.4946607862550567	p_vertex	0.25410489172562606	0.28211874803474685	0.30993617718130717
log-power-n1n2psd.pathfinder.klw	Risky second	10.0	1.5362532507970992	p_vertex	0.27943390003733687	0.30731398141703214	0.33494608960414685
log-power-n1n2psd.pathfinder.klw	Risky second	10.0	1.579003123844529	p_vertex	0.30573916576727894	0.33339864912166994	0.36053133962690087
log-power-n1n2psd.pathfinder.klw	Risky second	10.0	1.6229426130210856	p_vertex	0.3330202178002833	0.36014402810323276	0.38662123513766955
log-power-n1n2psd.pathfinder.klw	Risky second	10.0	1.6681048222036647	p_vertex	0.36055311924785605	0.38733287803063804	0.41354442913197026
log-power-n1n2psd.pathfinder.klw	Risky second	10.0	1.714523776462679	p_vertex	0.38867102214761245	0.4147933747019562	0.4407743108497745
log-power-n1n2psd.pathfinder.klw	Risky second	10.0	1.7622344476964418	p_vertex	0.41684340729814895	0.4424765294037859	0.46781852834742144
log-power-n1n2psd.pathfinder.klw	Risky second	10.0	1.8112727809788889	p_vertex	0.4453210756968037	0.4699324042901951	0.494804467837715
log-power-n1n2psd.pathfinder.klw	Risky second	10.0	1.861675721640487	p_vertex	0.47318357761266366	0.49733754448092704	0.5215605077972421
log-power-n1n2psd.pathfinder.klw	Risky second	10.0	1.9134812431027324	p_vertex	0.5005292052367216	0.5243200349235642	0.5480591556681172
log-power-n1n2psd.pathfinder.klw	Risky second	10.0	1.9667283754872122	p_vertex	0.5271486124920918	0.5506959967450162	0.5741329176366984
log-power-n1n2psd.pathfinder.klw	Risky second	10.0	2.021457235020777	p_vertex	0.5534686254592293	0.5764841733887722	0.5991161232771044
log-power-n1n2psd.pathfinder.klw	Risky second	10.0	2.0777090542589844	p_vertex	0.5788386837714533	0.6015404341763302	0.6237423875753455
log-power-n1n2psd.pathfinder.klw	Risky second	10.0	2.1355262131505808	p_vertex	0.6033416411755613	0.6256826020933948	0.647720810311811
log-power-n1n2psd.pathfinder.klw	Risky second	10.0	2.1949522709664246	p_vertex	0.6269822319232778	0.6489545688940915	0.670423377848323
log-power-n1n2psd.pathfinder.klw	Risky second	10.0	2.256031999116908	p_vertex	0.6493248290218778	0.6712374349796414	0.6921594860968099
log-power-n1n2psd.pathfinder.klw	Risky second	10.0	2.3188114148826	p_vertex	0.670988567369589	0.6924383039703422	0.7130389143167567
log-power-n1n2psd.pathfinder.klw	Risky second	10.0	2.3833378160835275	p_vertex	0.6912913421781192	0.7126085605196532	0.7328647639444553
log-power-n1n2psd.pathfinder.klw	Risky second	10.0	2.4496598167132055	p_vertex	0.7105691383601602	0.7316652333529587	0.7516430473441923
log-power-n1n2psd.pathfinder.klw	Risky second	10.0	2.5178273835642724	p_vertex	0.7291608855184928	0.7496659873751749	0.7693216821058316
log-power-n1n2psd.pathfinder.klw	Risky second	10.0	2.58789187387332	p_vertex	0.7465978308861938	0.7666848541112099	0.7859883070159374
log-power-n1n2psd.pathfinder.klw	Risky second	10.0	2.659906074013276	p_vertex	0.762845580987107	0.7825970210331015	0.8017759003141383
log-power-n1n2psd.pathfinder.klw	Risky second	10.0	2.7339242392624983	p_vertex	0.7783616885016552	0.7976292428162612	0.8164732013887238
log-power-n1n2psd.pathfinder.klw	Risky second	10.0	2.8100021346805373	p_vertex	0.7927117538570833	0.8117215027417053	0.8302230854708635
log-power-n1n2psd.pathfinder.klw	Risky second	10.0	2.8881970771213568	p_vertex	0.8064067980331628	0.8249130707714234	0.8431468455024829
log-power-n1n2psd.pathfinder.klw	Risky second	10.0	2.9685679784156793	p_vertex	0.818879381696239	0.8372503298223799	0.8552948485932856
log-power-n1n2psd.pathfinder.klw	Risky second	10.0	3.051175389754982	p_vertex	0.8307926413871771	0.8488445247234453	0.8667245699184948
log-power-n1n2psd.pathfinder.klw	Risky second	10.0	3.1360815473105736	p_vertex	0.8418118356988116	0.8597370754765816	0.877197254398371
log-power-n1n2psd.pathfinder.klw	Risky second	10.0	3.2233504191221405	p_vertex	0.8520915753373054	0.8699188257174326	0.8870997627244286
log-power-n1n2psd.pathfinder.klw	Risky second	10.0	3.31304775329107	p_vertex	0.8619540332337072	0.8794932496288299	0.8961842008665645
log-power-n1n2psd.pathfinder.klw	Risky second	10.0	3.40524112751487	p_vertex	0.8710219169008925	0.8883452547308098	0.9046922107518309
log-power-n1n2psd.pathfinder.klw	Risky second	10.0	3.5000000000000004	p_vertex	0.8795799477735329	0.8966858060985528	0.9126629886664943
log-power-n1n2psd.pathfinder.klw	Risky second	10.0	1.2	p_full	0.1393581282957772	0.16811950250801935	0.1992956485158489
log-power-n1n2psd.pathfinder.klw	Risky second	10.0	1.233392832614218	p_full	0.15574736099011346	0.18497606328589938	0.2162497999112509
log-power-n1n2psd.pathfinder.klw	Risky second	10.0	1.267714899620104	p_full	0.17328465849812985	0.2027804997686838	0.23436483268161415
log-power-n1n2psd.pathfinder.klw	Risky second	10.0	1.3029920591580744	p_full	0.19223749561719672	0.22167995188392664	0.25311104463737416
log-power-n1n2psd.pathfinder.klw	Risky second	10.0	1.339250888932342	p_full	0.21221100156533193	0.241704188790947	0.27281477531988035
log-power-n1n2psd.pathfinder.klw	Risky second	10.0	1.3765187062344757	p_full	0.23324264758472407	0.2625572923518203	0.29338482876488103
log-power-n1n2psd.pathfinder.klw	Risky second	10.0	1.4148235885241658	p_full	0.2549578994668881	0.2841878572249171	0.3149050391427852
log-power-n1n2psd.pathfinder.klw	Risky second	10.0	1.454194394582695	p_full	0.2776379670307693	0.30669277083222346	0.3372654259573716
log-power-n1n2psd.pathfinder.klw	Risky second	10.0	1.4946607862550567	p_full	0.30142908689105474	0.32980781632532347	0.35977388672279836
log-power-n1n2psd.pathfinder.klw	Risky second	10.0	1.5362532507970992	p_full	0.3257368465204856	0.35354770387198725	0.38320516997438453
log-power-n1n2psd.pathfinder.klw	Risky second	10.0	1.579003123844529	p_full	0.35059939588080735	0.3778648673479816	0.40672848458625577
log-power-n1n2psd.pathfinder.klw	Risky second	10.0	1.6229426130210856	p_full	0.3759609852295882	0.4025263221991182	0.43047465350974506
log-power-n1n2psd.pathfinder.klw	Risky second	10.0	1.6681048222036647	p_full	0.4014441978325727	0.42737422931698077	0.4545778315647899
log-power-n1n2psd.pathfinder.klw	Risky second	10.0	1.714523776462679	p_full	0.42694820991022453	0.45248938670869226	0.47881513098168943
log-power-n1n2psd.pathfinder.klw	Risky second	10.0	1.7622344476964418	p_full	0.4526516678650489	0.4775253827000142	0.5032645259045295
log-power-n1n2psd.pathfinder.klw	Risky second	10.0	1.8112727809788889	p_full	0.4779969000754178	0.5024943450738641	0.527265903136962
log-power-n1n2psd.pathfinder.klw	Risky second	10.0	1.861675721640487	p_full	0.5032727302972696	0.5272731823157558	0.5514213993331253
log-power-n1n2psd.pathfinder.klw	Risky second	10.0	1.9134812431027324	p_full	0.5280613836062047	0.5516490078461407	0.5752667009508626
log-power-n1n2psd.pathfinder.klw	Risky second	10.0	1.9667283754872122	p_full	0.5528225724617022	0.5756132666173136	0.5985018795919229
log-power-n1n2psd.pathfinder.klw	Risky second	10.0	2.021457235020777	p_full	0.5767490060745317	0.5989820356324737	0.6211195077954313
log-power-n1n2psd.pathfinder.klw	Risky second	10.0	2.0777090542589844	p_full	0.5997390080988176	0.6215972681574264	0.6433871355934441
log-power-n1n2psd.pathfinder.klw	Risky second	10.0	2.1355262131505808	p_full	0.6219962040756813	0.6435376798031837	0.6646643883997485
log-power-n1n2psd.pathfinder.klw	Risky second	10.0	2.1949522709664246	p_full	0.6436524427420326	0.6647904395946871	0.6855323788342942
log-power-n1n2psd.pathfinder.klw	Risky second	10.0	2.256031999116908	p_full	0.664298288214063	0.6851815982243832	0.70560487688925
log-power-n1n2psd.pathfinder.klw	Risky second	10.0	2.3188114148826	p_full	0.684268870895913	0.7047146870170358	0.7248124538432152
log-power-n1n2psd.pathfinder.klw	Risky second	10.0	2.3833378160835275	p_full	0.7034234121294148	0.72333888602979	0.7431319921719912
log-power-n1n2psd.pathfinder.klw	Risky second	10.0	2.4496598167132055	p_full	0.7215005985090973	0.7410658604727298	0.7603583842164613
log-power-n1n2psd.pathfinder.klw	Risky second	10.0	2.5178273835642724	p_full	0.7384999450990012	0.7578264898434939	0.7768894138821666
log-power-n1n2psd.pathfinder.klw	Risky second	10.0	2.58789187387332	p_full	0.754720127298683	0.7737419476294081	0.7923452178145424
log-power-n1n2psd.pathfinder.klw	Risky second	10.0	2.659906074013276	p_full	0.7702161853347398	0.7887733008331743	0.8069600504373167
log-power-n1n2psd.pathfinder.klw	Risky second	10.0	2.7339242392624983	p_full	0.7846908859217462	0.802875931723399	0.8206074330405486
log-power-n1n2psd.pathfinder.klw	Risky second	10.0	2.8100021346805373	p_full	0.7984643494214243	0.8162109852386602	0.8335448782702515
log-power-n1n2psd.pathfinder.klw	Risky second	10.0	2.8881970771213568	p_full	0.8114512141630447	0.8286617534788248	0.8454273682131629
log-power-n1n2psd.pathfinder.klw	Risky second	10.0	2.9685679784156793	p_full	0.8236333101090968	0.8403523380938607	0.8567625780608513
log-power-n1n2psd.pathfinder.klw	Risky second	10.0	3.051175389754982	p_full	0.8351759223106415	0.8513445983058727	0.8673437813181677
log-power-n1n2psd.pathfinder.klw	Risky second	10.0	3.1360815473105736	p_full	0.8459626191121699	0.8617504808270027	0.8772032052400328
log-power-n1n2psd.pathfinder.klw	Risky second	10.0	3.2233504191221405	p_full	0.8560940175607451	0.8714175342470942	0.8864404080804629
log-power-n1n2psd.pathfinder.klw	Risky second	10.0	3.31304775329107	p_full	0.8655188838281	0.8805241359327123	0.8952560147433551
log-power-n1n2psd.pathfinder.klw	Risky second	10.0	3.40524112751487	p_full	0.8743992064639784	0.8890973107927467	0.903472887947666
log-power-n1n2psd.pathfinder.klw	Risky second	10.0	3.5000000000000004	p_full	0.8828189255894111	0.8971049048452356	0.9111995107281837
log-power-n1n2psd.pathfinder.klw	Risky second	10.0	1.2	p_bias_only	0.13815584409755938	0.16607575904414673	0.19764852400364613
log-power-n1n2psd.pathfinder.klw	Risky second	10.0	1.233392832614218	p_bias_only	0.15449364815130837	0.18275834609006036	0.21439889284866528
log-power-n1n2psd.pathfinder.klw	Risky second	10.0	1.267714899620104	p_bias_only	0.17215169249405377	0.2005206342922223	0.23196646073894397
log-power-n1n2psd.pathfinder.klw	Risky second	10.0	1.3029920591580744	p_bias_only	0.19112981887632263	0.2192739619097804	0.2508692301930549
log-power-n1n2psd.pathfinder.klw	Risky second	10.0	1.339250888932342	p_bias_only	0.2109099887961927	0.23907610783319888	0.27045230177285406
log-power-n1n2psd.pathfinder.klw	Risky second	10.0	1.3765187062344757	p_bias_only	0.23144403125579707	0.2598361032626577	0.2908025813487038
log-power-n1n2psd.pathfinder.klw	Risky second	10.0	1.4148235885241658	p_bias_only	0.2532174489914143	0.2814693771015975	0.31212176183183965
log-power-n1n2psd.pathfinder.klw	Risky second	10.0	1.454194394582695	p_bias_only	0.2760264710716576	0.3040513876746151	0.3343434509237726
log-power-n1n2psd.pathfinder.klw	Risky second	10.0	1.4946607862550567	p_bias_only	0.2994497665994025	0.32722283938155605	0.35702093597812123
log-power-n1n2psd.pathfinder.klw	Risky second	10.0	1.5362532507970992	p_bias_only	0.3235364714477504	0.3507564719086052	0.3803380791931903
log-power-n1n2psd.pathfinder.klw	Risky second	10.0	1.579003123844529	p_bias_only	0.34814419608141345	0.3749581765360446	0.4039902183482742
log-power-n1n2psd.pathfinder.klw	Risky second	10.0	1.6229426130210856	p_bias_only	0.3732929065657569	0.39964346104183524	0.42801867932387255
log-power-n1n2psd.pathfinder.klw	Risky second	10.0	1.6681048222036647	p_bias_only	0.3989210193384272	0.4245555967437028	0.45200936378479806
log-power-n1n2psd.pathfinder.klw	Risky second	10.0	1.714523776462679	p_bias_only	0.4242789413849247	0.449771381677054	0.4767177374414459
log-power-n1n2psd.pathfinder.klw	Risky second	10.0	1.7622344476964418	p_bias_only	0.4502314645869791	0.4750491338601849	0.501239970508166
log-power-n1n2psd.pathfinder.klw	Risky second	10.0	1.8112727809788889	p_bias_only	0.4760401467178165	0.5003234364636042	0.5261023056486626
log-power-n1n2psd.pathfinder.klw	Risky second	10.0	1.861675721640487	p_bias_only	0.5014270837862546	0.5253131031755944	0.5504573286287914
log-power-n1n2psd.pathfinder.klw	Risky second	10.0	1.9134812431027324	p_bias_only	0.5263983849665174	0.5498755619188389	0.574525955872173
log-power-n1n2psd.pathfinder.klw	Risky second	10.0	1.9667283754872122	p_bias_only	0.5505918203432695	0.5740436609897692	0.5980271140208712
log-power-n1n2psd.pathfinder.klw	Risky second	10.0	2.021457235020777	p_bias_only	0.5748021948498636	0.5976377878899815	0.6212343402174925
log-power-n1n2psd.pathfinder.klw	Risky second	10.0	2.0777090542589844	p_bias_only	0.5978400857667502	0.6205918950641054	0.6439586278958056
log-power-n1n2psd.pathfinder.klw	Risky second	10.0	2.1355262131505808	p_bias_only	0.6205205938908317	0.6428536960041643	0.6659353988559402
log-power-n1n2psd.pathfinder.klw	Risky second	10.0	2.1949522709664246	p_bias_only	0.6422591981645741	0.6643636978574252	0.6871903926984988
log-power-n1n2psd.pathfinder.klw	Risky second	10.0	2.256031999116908	p_bias_only	0.6631486079882521	0.6850649729255819	0.7077750539062432
log-power-n1n2psd.pathfinder.klw	Risky second	10.0	2.3188114148826	p_bias_only	0.6831169845059318	0.7048355484708959	0.7274078128080552
log-power-n1n2psd.pathfinder.klw	Risky second	10.0	2.3833378160835275	p_bias_only	0.7021155270702818	0.7236713909068742	0.7459844368883042
log-power-n1n2psd.pathfinder.klw	Risky second	10.0	2.4496598167132055	p_bias_only	0.7201056216357833	0.7415506571036096	0.7634220664601964
log-power-n1n2psd.pathfinder.klw	Risky second	10.0	2.5178273835642724	p_bias_only	0.7375793481668461	0.7585286204079893	0.7800332265738267
log-power-n1n2psd.pathfinder.klw	Risky second	10.0	2.58789187387332	p_bias_only	0.7539210092391295	0.7746113394561517	0.7955093905885907
log-power-n1n2psd.pathfinder.klw	Risky second	10.0	2.659906074013276	p_bias_only	0.7693564376485789	0.7897557472512569	0.8100159962476102
log-power-n1n2psd.pathfinder.klw	Risky second	10.0	2.7339242392624983	p_bias_only	0.7840823809971093	0.8040568990351484	0.8238479647782427
log-power-n1n2psd.pathfinder.klw	Risky second	10.0	2.8100021346805373	p_bias_only	0.7977342556962943	0.8174583642953337	0.8367642150880525
log-power-n1n2psd.pathfinder.klw	Risky second	10.0	2.8881970771213568	p_bias_only	0.8107940710040178	0.8299946747310343	0.8488241857255459
log-power-n1n2psd.pathfinder.klw	Risky second	10.0	2.9685679784156793	p_bias_only	0.822925242588978	0.8417849649384812	0.8600900299916892
log-power-n1n2psd.pathfinder.klw	Risky second	10.0	3.051175389754982	p_bias_only	0.8344169248197889	0.8527950542459328	0.870704432731095
log-power-n1n2psd.pathfinder.klw	Risky second	10.0	3.1360815473105736	p_bias_only	0.8453177748469277	0.863107944888389	0.8802871894727439
log-power-n1n2psd.pathfinder.klw	Risky second	10.0	3.2233504191221405	p_bias_only	0.8556189620348267	0.8727376767787829	0.8893064884587136
log-power-n1n2psd.pathfinder.klw	Risky second	10.0	3.31304775329107	p_bias_only	0.8649924754817246	0.8817549687837702	0.8976116285914384
log-power-n1n2psd.pathfinder.klw	Risky second	10.0	3.40524112751487	p_bias_only	0.8738805115366783	0.8902164430932521	0.9055194865584121
log-power-n1n2psd.pathfinder.klw	Risky second	10.0	3.5000000000000004	p_bias_only	0.8820179035705777	0.8981717644896513	0.913184623429841
log-power-n1n2psd.pathfinder.klw	Risky second	10.0	1.2	p_scale_only	0.09944121521932142	0.12440268289345506	0.15208784964900948
log-power-n1n2psd.pathfinder.klw	Risky second	10.0	1.233392832614218	p_scale_only	0.11395429827978945	0.14021722048726637	0.16849299174155763
log-power-n1n2psd.pathfinder.klw	Risky second	10.0	1.267714899620104	p_scale_only	0.13015626256583443	0.15728876408965925	0.1863242636286107
log-power-n1n2psd.pathfinder.klw	Risky second	10.0	1.3029920591580744	p_scale_only	0.14788989607827022	0.17575540942487816	0.20522414180481222
log-power-n1n2psd.pathfinder.klw	Risky second	10.0	1.339250888932342	p_scale_only	0.16711135441340755	0.19555112070972497	0.22531995122256035
log-power-n1n2psd.pathfinder.klw	Risky second	10.0	1.3765187062344757	p_scale_only	0.18774185606434038	0.21660410439366445	0.24628161412796545
log-power-n1n2psd.pathfinder.klw	Risky second	10.0	1.4148235885241658	p_scale_only	0.20973669824628985	0.2387643765201335	0.26831829168817506
log-power-n1n2psd.pathfinder.klw	Risky second	10.0	1.454194394582695	p_scale_only	0.23318206123637597	0.26212309356422436	0.2911416500314228
log-power-n1n2psd.pathfinder.klw	Risky second	10.0	1.4946607862550567	p_scale_only	0.25766396767446387	0.2864219250408235	0.31526553977830707
log-power-n1n2psd.pathfinder.klw	Risky second	10.0	1.5362532507970992	p_scale_only	0.28293543365508167	0.3117474724723252	0.34007502394349576
log-power-n1n2psd.pathfinder.klw	Risky second	10.0	1.579003123844529	p_scale_only	0.30942859106126525	0.3376880343660325	0.3653307377354611
log-power-n1n2psd.pathfinder.klw	Risky second	10.0	1.6229426130210856	p_scale_only	0.33670911448607616	0.3642154338451535	0.391184998183467
log-power-n1n2psd.pathfinder.klw	Risky second	10.0	1.6681048222036647	p_scale_only	0.36459131659937183	0.3911810628814494	0.4171814544475698
log-power-n1n2psd.pathfinder.klw	Risky second	10.0	1.714523776462679	p_scale_only	0.39219128741457493	0.4183238364231019	0.44364586862188987
log-power-n1n2psd.pathfinder.klw	Risky second	10.0	1.7622344476964418	p_scale_only	0.4203760009566424	0.4456745934269196	0.47015307311375004
log-power-n1n2psd.pathfinder.klw	Risky second	10.0	1.8112727809788889	p_scale_only	0.4480240123794997	0.4728102704151872	0.4969089500227057
log-power-n1n2psd.pathfinder.klw	Risky second	10.0	1.861675721640487	p_scale_only	0.4755667524278354	0.49991153870565763	0.5233225506380508
log-power-n1n2psd.pathfinder.klw	Risky second	10.0	1.9134812431027324	p_scale_only	0.5028074814879903	0.5264295199152225	0.5491467924144158
log-power-n1n2psd.pathfinder.klw	Risky second	10.0	1.9667283754872122	p_scale_only	0.5292974308603852	0.5524632907821279	0.575221269784239
log-power-n1n2psd.pathfinder.klw	Risky second	10.0	2.021457235020777	p_scale_only	0.5553347751951616	0.5779783493890921	0.6002645558404318
log-power-n1n2psd.pathfinder.klw	Risky second	10.0	2.0777090542589844	p_scale_only	0.5801708300175527	0.6026421841232117	0.6248653249221238
log-power-n1n2psd.pathfinder.klw	Risky second	10.0	2.1355262131505808	p_scale_only	0.6043808862725881	0.6265429485630504	0.6486339246674051
log-power-n1n2psd.pathfinder.klw	Risky second	10.0	2.1949522709664246	p_scale_only	0.6276427278687936	0.6495113710062244	0.6715751219849831
log-power-n1n2psd.pathfinder.klw	Risky second	10.0	2.256031999116908	p_scale_only	0.6498650564926377	0.6715206394882511	0.693478603378469
log-power-n1n2psd.pathfinder.klw	Risky second	10.0	2.3188114148826	p_scale_only	0.671260529259632	0.6925228051188057	0.7144271361612675
log-power-n1n2psd.pathfinder.klw	Risky second	10.0	2.3833378160835275	p_scale_only	0.6913156521220005	0.7125044169744223	0.7342121010411663
log-power-n1n2psd.pathfinder.klw	Risky second	10.0	2.4496598167132055	p_scale_only	0.7105302133953647	0.7314857311766549	0.7533536668435408
log-power-n1n2psd.pathfinder.klw	Risky second	10.0	2.5178273835642724	p_scale_only	0.7286530125217308	0.74935127628238	0.7709877950127726
log-power-n1n2psd.pathfinder.klw	Risky second	10.0	2.58789187387332	p_scale_only	0.7459514224607056	0.7662851127046213	0.7874685376148686
log-power-n1n2psd.pathfinder.klw	Risky second	10.0	2.659906074013276	p_scale_only	0.7622291088821974	0.782160045012118	0.8031679235960721
log-power-n1n2psd.pathfinder.klw	Risky second	10.0	2.7339242392624983	p_scale_only	0.7773190981145969	0.7971542361619197	0.8179321251211189
log-power-n1n2psd.pathfinder.klw	Risky second	10.0	2.8100021346805373	p_scale_only	0.7917913541718922	0.8111614597735446	0.8315468217165214
log-power-n1n2psd.pathfinder.klw	Risky second	10.0	2.8881970771213568	p_scale_only	0.8053062785833329	0.8242797762884383	0.8442211725002887
log-power-n1n2psd.pathfinder.klw	Risky second	10.0	2.9685679784156793	p_scale_only	0.8179048511422423	0.8366381510863152	0.8561301418292275
log-power-n1n2psd.pathfinder.klw	Risky second	10.0	3.051175389754982	p_scale_only	0.8296297106693457	0.8482159895375134	0.8673967698632428
log-power-n1n2psd.pathfinder.klw	Risky second	10.0	3.1360815473105736	p_scale_only	0.8407562837574211	0.8590261112043481	0.8778614967340327
log-power-n1n2psd.pathfinder.klw	Risky second	10.0	3.2233504191221405	p_scale_only	0.8511770589395709	0.8691393046025383	0.887596649602424
log-power-n1n2psd.pathfinder.klw	Risky second	10.0	3.31304775329107	p_scale_only	0.860957004713045	0.878615571260835	0.8965859732298919
log-power-n1n2psd.pathfinder.klw	Risky second	10.0	3.40524112751487	p_scale_only	0.8701730223379288	0.8874387462902507	0.9050215030471114
log-power-n1n2psd.pathfinder.klw	Risky second	10.0	3.5000000000000004	p_scale_only	0.8788039830424142	0.8956794912846986	0.9128459036079689
log-power-n1n2psd.pathfinder.klw	Risky second	10.0	1.2	dp_full	0.015560359258170267	0.04635705641651219	0.07832543712271571
log-power-n1n2psd.pathfinder.klw	Risky second	10.0	1.233392832614218	dp_full	0.016847187006304287	0.047959378817585885	0.079982621630028
log-power-n1n2psd.pathfinder.klw	Risky second	10.0	1.267714899620104	dp_full	0.017858357747508772	0.04926248793580946	0.08139891682124578
log-power-n1n2psd.pathfinder.klw	Risky second	10.0	1.3029920591580744	dp_full	0.0187112157061299	0.05007188510459645	0.08199008419409975
log-power-n1n2psd.pathfinder.klw	Risky second	10.0	1.339250888932342	dp_full	0.019695203174688907	0.050494113782843325	0.08197896626684353
log-power-n1n2psd.pathfinder.klw	Risky second	10.0	1.3765187062344757	dp_full	0.02007286215428129	0.05058017255787807	0.08134969505820282
log-power-n1n2psd.pathfinder.klw	Risky second	10.0	1.4148235885241658	dp_full	0.02017269088239602	0.050090226842801455	0.08006955948441243
log-power-n1n2psd.pathfinder.klw	Risky second	10.0	1.454194394582695	dp_full	0.019925200529143056	0.04916272895462904	0.0788466902278335
log-power-n1n2psd.pathfinder.klw	Risky second	10.0	1.4946607862550567	dp_full	0.019747961284690873	0.047879135422462096	0.07674654878756536
log-power-n1n2psd.pathfinder.klw	Risky second	10.0	1.5362532507970992	dp_full	0.019118828474242535	0.04630168829010989	0.07460479267113006
log-power-n1n2psd.pathfinder.klw	Risky second	10.0	1.579003123844529	dp_full	0.018265635454040082	0.044469140065096294	0.0717939667302633
log-power-n1n2psd.pathfinder.klw	Risky second	10.0	1.6229426130210856	dp_full	0.01739988496934059	0.04246523384909465	0.06903925055231573
log-power-n1n2psd.pathfinder.klw	Risky second	10.0	1.6681048222036647	dp_full	0.015953069002454807	0.04014779645945954	0.06604916174063612
log-power-n1n2psd.pathfinder.klw	Risky second	10.0	1.714523776462679	dp_full	0.014401140630014332	0.03762406861480936	0.0628151418226007
log-power-n1n2psd.pathfinder.klw	Risky second	10.0	1.7622344476964418	dp_full	0.012438314345322374	0.034968041736472694	0.05946593751699805
log-power-n1n2psd.pathfinder.klw	Risky second	10.0	1.8112727809788889	dp_full	0.010271664778099251	0.032511413698263714	0.05603826636353732
log-power-n1n2psd.pathfinder.klw	Risky second	10.0	1.861675721640487	dp_full	0.007862930965634233	0.02981127791549707	0.052923163673153445
log-power-n1n2psd.pathfinder.klw	Risky second	10.0	1.9134812431027324	dp_full	0.005131580377579101	0.02726261619867755	0.05011644201314967
log-power-n1n2psd.pathfinder.klw	Risky second	10.0	1.9667283754872122	dp_full	0.0025389882400494424	0.024732270292784405	0.047527975755684806
log-power-n1n2psd.pathfinder.klw	Risky second	10.0	2.021457235020777	dp_full	-9.867508832489641e-05	0.022358171457155795	0.0452324519629133
log-power-n1n2psd.pathfinder.klw	Risky second	10.0	2.0777090542589844	dp_full	-0.0025276373109715993	0.020028883303218822	0.04287752467538177
log-power-n1n2psd.pathfinder.klw	Risky second	10.0	2.1355262131505808	dp_full	-0.004834861466855257	0.01777112525545114	0.040812912639654725
log-power-n1n2psd.pathfinder.klw	Risky second	10.0	2.1949522709664246	dp_full	-0.007122227023433906	0.0158100593849578	0.03912593122150637
log-power-n1n2psd.pathfinder.klw	Risky second	10.0	2.256031999116908	dp_full	-0.009063610360985581	0.013987830675183123	0.037754025735780995
log-power-n1n2psd.pathfinder.klw	Risky second	10.0	2.3188114148826	dp_full	-0.01111950417744868	0.012257025145292394	0.036315089886839624
log-power-n1n2psd.pathfinder.klw	Risky second	10.0	2.3833378160835275	dp_full	-0.01272458079587088	0.010692941699541419	0.03488552332012866
log-power-n1n2psd.pathfinder.klw	Risky second	10.0	2.4496598167132055	dp_full	-0.014041182222620076	0.009312711492945169	0.033461025695221205
log-power-n1n2psd.pathfinder.klw	Risky second	10.0	2.5178273835642724	dp_full	-0.015137173730044425	0.008124602115698478	0.032195338017757
log-power-n1n2psd.pathfinder.klw	Risky second	10.0	2.58789187387332	dp_full	-0.01612177966197661	0.006963679222789263	0.031080005589786342
log-power-n1n2psd.pathfinder.klw	Risky second	10.0	2.659906074013276	dp_full	-0.017051046111961426	0.006047406043757613	0.029880952110044608
log-power-n1n2psd.pathfinder.klw	Risky second	10.0	2.7339242392624983	dp_full	-0.017773248962603575	0.005171540300690156	0.02860547380105603
log-power-n1n2psd.pathfinder.klw	Risky second	10.0	2.8100021346805373	dp_full	-0.018254703411227362	0.004423140981033818	0.027542665423611182
log-power-n1n2psd.pathfinder.klw	Risky second	10.0	2.8881970771213568	dp_full	-0.01852380219040844	0.0037139332043144074	0.02645808240823599
log-power-n1n2psd.pathfinder.klw	Risky second	10.0	2.9685679784156793	dp_full	-0.018925682544637227	0.0030583479088553663	0.025388572344719865
log-power-n1n2psd.pathfinder.klw	Risky second	10.0	3.051175389754982	dp_full	-0.019064945630020837	0.0024666734960587917	0.024602708126653456
log-power-n1n2psd.pathfinder.klw	Risky second	10.0	3.1360815473105736	dp_full	-0.01915659927941878	0.001983855201027586	0.023868023605155362
log-power-n1n2psd.pathfinder.klw	Risky second	10.0	3.2233504191221405	dp_full	-0.019311137840357054	0.0014431275017760814	0.023132452505745808
log-power-n1n2psd.pathfinder.klw	Risky second	10.0	3.31304775329107	dp_full	-0.019299378555256073	0.0010919200678673406	0.022556092605622788
log-power-n1n2psd.pathfinder.klw	Risky second	10.0	3.40524112751487	dp_full	-0.019374529930444792	0.000838747630681078	0.022027609196082296
log-power-n1n2psd.pathfinder.klw	Risky second	10.0	3.5000000000000004	dp_full	-0.019441616475158022	0.0005813786364602257	0.021319581360659295
log-power-n1n2psd.pathfinder.klw	Risky second	10.0	1.2	dp_bias	0.019101921186393245	0.04457181218800856	0.07217659161603716
log-power-n1n2psd.pathfinder.klw	Risky second	10.0	1.233392832614218	dp_bias	0.020015197494604026	0.04588295209380103	0.07402815756733953
log-power-n1n2psd.pathfinder.klw	Risky second	10.0	1.267714899620104	dp_bias	0.020783793827312307	0.0469343338601069	0.07544015371270645
log-power-n1n2psd.pathfinder.klw	Risky second	10.0	1.3029920591580744	dp_bias	0.021245884520095352	0.04763153325674348	0.07610723770279676
log-power-n1n2psd.pathfinder.klw	Risky second	10.0	1.339250888932342	dp_bias	0.021191641585899815	0.04804183698856887	0.07647114946569626
log-power-n1n2psd.pathfinder.klw	Risky second	10.0	1.3765187062344757	dp_bias	0.02128081486063075	0.04792189473044706	0.07607136235788102
log-power-n1n2psd.pathfinder.klw	Risky second	10.0	1.4148235885241658	dp_bias	0.021058397499426187	0.04733689267265636	0.0750556931905585
log-power-n1n2psd.pathfinder.klw	Risky second	10.0	1.454194394582695	dp_bias	0.020734203434969532	0.046488189188807504	0.07392220249135363
log-power-n1n2psd.pathfinder.klw	Risky second	10.0	1.4946607862550567	dp_bias	0.020296161678143694	0.04521535366191582	0.0724868010084384
log-power-n1n2psd.pathfinder.klw	Risky second	10.0	1.5362532507970992	dp_bias	0.019257816774948755	0.0437580894416263	0.07025549699401243
log-power-n1n2psd.pathfinder.klw	Risky second	10.0	1.579003123844529	dp_bias	0.017976244481230898	0.04186640350670278	0.06768647142241775
log-power-n1n2psd.pathfinder.klw	Risky second	10.0	1.6229426130210856	dp_bias	0.016434980132153266	0.03983641750607024	0.06508735497663626
log-power-n1n2psd.pathfinder.klw	Risky second	10.0	1.6681048222036647	dp_bias	0.014811451548427139	0.037502000081361425	0.06252900081676248
log-power-n1n2psd.pathfinder.klw	Risky second	10.0	1.714523776462679	dp_bias	0.013318258191392743	0.035080974396426684	0.05933429455316513
log-power-n1n2psd.pathfinder.klw	Risky second	10.0	1.7622344476964418	dp_bias	0.011033472186218638	0.032712162610759064	0.05668982216561483
log-power-n1n2psd.pathfinder.klw	Risky second	10.0	1.8112727809788889	dp_bias	0.008773421700043728	0.030398658831576445	0.05393163057967825
log-power-n1n2psd.pathfinder.klw	Risky second	10.0	1.861675721640487	dp_bias	0.006814937225342216	0.02798132954562118	0.05077774507786045
log-power-n1n2psd.pathfinder.klw	Risky second	10.0	1.9134812431027324	dp_bias	0.004301362415386735	0.025571400602190313	0.04801605429925711
log-power-n1n2psd.pathfinder.klw	Risky second	10.0	1.9667283754872122	dp_bias	0.002173051539619575	0.023265112884534995	0.04574317960073609
log-power-n1n2psd.pathfinder.klw	Risky second	10.0	2.021457235020777	dp_bias	-0.00015694798513764773	0.02107684894143604	0.043433931224768796
log-power-n1n2psd.pathfinder.klw	Risky second	10.0	2.0777090542589844	dp_bias	-0.002382220051759753	0.01905847907231448	0.041389894225670895
log-power-n1n2psd.pathfinder.klw	Risky second	10.0	2.1355262131505808	dp_bias	-0.004041440756528223	0.017158289688264647	0.03960766131734268
log-power-n1n2psd.pathfinder.klw	Risky second	10.0	2.1949522709664246	dp_bias	-0.00601113828627527	0.015461312131003203	0.03824860783924281
log-power-n1n2psd.pathfinder.klw	Risky second	10.0	2.256031999116908	dp_bias	-0.007719800584719298	0.01386703373726547	0.03647294233672063
log-power-n1n2psd.pathfinder.klw	Risky second	10.0	2.3188114148826	dp_bias	-0.009334850706904924	0.012399184092882237	0.034960226719471924
log-power-n1n2psd.pathfinder.klw	Risky second	10.0	2.3833378160835275	dp_bias	-0.010528082050437385	0.011158143733312403	0.03381257908524121
log-power-n1n2psd.pathfinder.klw	Risky second	10.0	2.4496598167132055	dp_bias	-0.011849766690485838	0.010058311429952085	0.03280684574786397
log-power-n1n2psd.pathfinder.klw	Risky second	10.0	2.5178273835642724	dp_bias	-0.012539064302316967	0.009075469838308627	0.03145311490378358
log-power-n1n2psd.pathfinder.klw	Risky second	10.0	2.58789187387332	dp_bias	-0.013222732828892497	0.008205364347536567	0.03013215897103962
log-power-n1n2psd.pathfinder.klw	Risky second	10.0	2.659906074013276	dp_bias	-0.013858618366022831	0.00742474905036084	0.029065711584429395
log-power-n1n2psd.pathfinder.klw	Risky second	10.0	2.7339242392624983	dp_bias	-0.014497098405859603	0.006614889389057423	0.027949396738460072
log-power-n1n2psd.pathfinder.klw	Risky second	10.0	2.8100021346805373	dp_bias	-0.015002354391954856	0.005874110780744392	0.026853305604378836
log-power-n1n2psd.pathfinder.klw	Risky second	10.0	2.8881970771213568	dp_bias	-0.015464548311913512	0.0051856171842754656	0.025890067894450725
log-power-n1n2psd.pathfinder.klw	Risky second	10.0	2.9685679784156793	dp_bias	-0.015718330349919516	0.004563714854541308	0.024758238829217235
log-power-n1n2psd.pathfinder.klw	Risky second	10.0	3.051175389754982	dp_bias	-0.01585981992288124	0.003946286325439476	0.02377712631793098
log-power-n1n2psd.pathfinder.klw	Risky second	10.0	3.1360815473105736	dp_bias	-0.01600589176241792	0.0034352440356095384	0.02307155744036694
log-power-n1n2psd.pathfinder.klw	Risky second	10.0	3.2233504191221405	dp_bias	-0.016237375698678534	0.0029098803275125684	0.02218766111977228
log-power-n1n2psd.pathfinder.klw	Risky second	10.0	3.31304775329107	dp_bias	-0.01621147717009703	0.0024341073657234	0.02140816526935022
log-power-n1n2psd.pathfinder.klw	Risky second	10.0	3.40524112751487	dp_bias	-0.016318769473365614	0.0020032856264684306	0.020490601979950885
log-power-n1n2psd.pathfinder.klw	Risky second	10.0	3.5000000000000004	dp_bias	-0.016499955550729306	0.0016143218036062208	0.019677715188076872
log-power-n1n2psd.pathfinder.klw	Risky second	10.0	1.2	dp_scale	-0.015097286817623685	0.0029235102332515433	0.021099055558340137
log-power-n1n2psd.pathfinder.klw	Risky second	10.0	1.233392832614218	dp_scale	-0.014931941433329791	0.003338337792501085	0.021788905421970494
log-power-n1n2psd.pathfinder.klw	Risky second	10.0	1.267714899620104	dp_scale	-0.014576743329872542	0.00368285303460355	0.02232252849919529
log-power-n1n2psd.pathfinder.klw	Risky second	10.0	1.3029920591580744	dp_scale	-0.014140460817399393	0.0040663122078075375	0.022551670404249526
log-power-n1n2psd.pathfinder.klw	Risky second	10.0	1.339250888932342	dp_scale	-0.013771271198749047	0.004400661028559466	0.022494298010918144
log-power-n1n2psd.pathfinder.klw	Risky second	10.0	1.3765187062344757	dp_scale	-0.013088188344496914	0.004599621151574683	0.022234635859668096
log-power-n1n2psd.pathfinder.klw	Risky second	10.0	1.4148235885241658	dp_scale	-0.012275700213707835	0.004779457501037735	0.02173399188056205
log-power-n1n2psd.pathfinder.klw	Risky second	10.0	1.454194394582695	dp_scale	-0.011328185406294874	0.00486903611259858	0.020672860059341606
log-power-n1n2psd.pathfinder.klw	Risky second	10.0	1.4946607862550567	dp_scale	-0.010281303632553378	0.0047948047157763025	0.01953657691086846
log-power-n1n2psd.pathfinder.klw	Risky second	10.0	1.5362532507970992	dp_scale	-0.00920317770286338	0.004664504141511223	0.01821720874707364
log-power-n1n2psd.pathfinder.klw	Risky second	10.0	1.579003123844529	dp_scale	-0.008087776901994763	0.00451634767553493	0.01674702352279625
log-power-n1n2psd.pathfinder.klw	Risky second	10.0	1.6229426130210856	dp_scale	-0.006950562477005432	0.004266909321206909	0.015230425640823034
log-power-n1n2psd.pathfinder.klw	Risky second	10.0	1.6681048222036647	dp_scale	-0.005774130242989597	0.003927704146914107	0.013524959077740584
log-power-n1n2psd.pathfinder.klw	Risky second	10.0	1.714523776462679	dp_scale	-0.004775140074104698	0.003554958087953942	0.012165584399404813
log-power-n1n2psd.pathfinder.klw	Risky second	10.0	1.7622344476964418	dp_scale	-0.0039854857400141675	0.00323164929710232	0.010790937737801055
log-power-n1n2psd.pathfinder.klw	Risky second	10.0	1.8112727809788889	dp_scale	-0.0037576109396503248	0.0028380945776499467	0.00983656624234139
log-power-n1n2psd.pathfinder.klw	Risky second	10.0	1.861675721640487	dp_scale	-0.0040953652332333884	0.0024719014084914077	0.009457870236469941
log-power-n1n2psd.pathfinder.klw	Risky second	10.0	1.9134812431027324	dp_scale	-0.004989884772215843	0.0021336232928736076	0.00954165481195313
log-power-n1n2psd.pathfinder.klw	Risky second	10.0	1.9667283754872122	dp_scale	-0.006341004881141227	0.0017592711555385722	0.009921706404700812
log-power-n1n2psd.pathfinder.klw	Risky second	10.0	2.021457235020777	dp_scale	-0.0077516728490874915	0.001430241017505277	0.010492321256709321
log-power-n1n2psd.pathfinder.klw	Risky second	10.0	2.0777090542589844	dp_scale	-0.00914310955295939	0.0011408766975161463	0.011402072875705705
log-power-n1n2psd.pathfinder.klw	Risky second	10.0	2.1355262131505808	dp_scale	-0.010474237901687417	0.0008276545108026282	0.012332616446955914
log-power-n1n2psd.pathfinder.klw	Risky second	10.0	2.1949522709664246	dp_scale	-0.01165612109960646	0.0006555982561330593	0.013174145472596713
log-power-n1n2psd.pathfinder.klw	Risky second	10.0	2.256031999116908	dp_scale	-0.012798527410733696	0.00045010221909860847	0.014021558621159159
log-power-n1n2psd.pathfinder.klw	Risky second	10.0	2.3188114148826	dp_scale	-0.013683743105835465	0.0003009741590284619	0.014626175127708054
log-power-n1n2psd.pathfinder.klw	Risky second	10.0	2.3833378160835275	dp_scale	-0.01454138357888574	0.00014771618412291575	0.014976053236325447
log-power-n1n2psd.pathfinder.klw	Risky second	10.0	2.4496598167132055	dp_scale	-0.015154447264820643	6.628722687398685e-05	0.015324690066362634
log-power-n1n2psd.pathfinder.klw	Risky second	10.0	2.5178273835642724	dp_scale	-0.01563352570914683	8.662434119870761e-06	0.01566058781482265
log-power-n1n2psd.pathfinder.klw	Risky second	10.0	2.58789187387332	dp_scale	-0.01569632469042686	-0.00010554400323242174	0.0158254254506815
log-power-n1n2psd.pathfinder.klw	Risky second	10.0	2.659906074013276	dp_scale	-0.015926331544285126	-0.0001874670465842229	0.015882608925265676
log-power-n1n2psd.pathfinder.klw	Risky second	10.0	2.7339242392624983	dp_scale	-0.01606588026573521	-0.00032206238723046234	0.015725026093923514
log-power-n1n2psd.pathfinder.klw	Risky second	10.0	2.8100021346805373	dp_scale	-0.01600500631030577	-0.00036800075409224346	0.01551953608831126
log-power-n1n2psd.pathfinder.klw	Risky second	10.0	2.8881970771213568	dp_scale	-0.015957274368489538	-0.0004098216983332752	0.015101071978129812
log-power-n1n2psd.pathfinder.klw	Risky second	10.0	2.9685679784156793	dp_scale	-0.015830366785785834	-0.0004493512767986588	0.014807101861911427
log-power-n1n2psd.pathfinder.klw	Risky second	10.0	3.051175389754982	dp_scale	-0.01564991594435398	-0.0004743795858636189	0.014422167105900623
log-power-n1n2psd.pathfinder.klw	Risky second	10.0	3.1360815473105736	dp_scale	-0.015382218798034772	-0.0005046996614616439	0.013973618294981411
log-power-n1n2psd.pathfinder.klw	Risky second	10.0	3.2233504191221405	dp_scale	-0.015116773874795122	-0.0005229807983735148	0.013455708865281997
log-power-n1n2psd.pathfinder.klw	Risky second	10.0	3.31304775329107	dp_scale	-0.014876946900710876	-0.0005808909750897643	0.013075390510731215
log-power-n1n2psd.pathfinder.klw	Risky second	10.0	3.40524112751487	dp_scale	-0.014582999447828367	-0.0006456095369309213	0.012666725926984458
log-power-n1n2psd.pathfinder.klw	Risky second	10.0	3.5000000000000004	dp_scale	-0.01424579330963503	-0.0006981953170542764	0.012196529871343214
log-power-n1n2psd.pathfinder.klw	Risky second	10.0	1.2	dp_interaction	-0.00740530270240858	-0.0009030446180247405	0.004424602769908522
log-power-n1n2psd.pathfinder.klw	Risky second	10.0	1.233392832614218	dp_interaction	-0.008151417875014706	-0.0011987266343144098	0.00448441174784352
log-power-n1n2psd.pathfinder.klw	Risky second	10.0	1.267714899620104	dp_interaction	-0.008822038205901956	-0.0014686910675789208	0.004439856953262025
log-power-n1n2psd.pathfinder.klw	Risky second	10.0	1.3029920591580744	dp_interaction	-0.009270865752733901	-0.0016950513712472473	0.0044244390233461744
log-power-n1n2psd.pathfinder.klw	Risky second	10.0	1.339250888932342	dp_interaction	-0.009571881436125565	-0.0018347400202693702	0.00448629627870099
log-power-n1n2psd.pathfinder.klw	Risky second	10.0	1.3765187062344757	dp_interaction	-0.009745005747244562	-0.0019345853834001963	0.004512614561285522
log-power-n1n2psd.pathfinder.klw	Risky second	10.0	1.4148235885241658	dp_interaction	-0.009636891538031277	-0.0019364175858257633	0.004465988595383188
log-power-n1n2psd.pathfinder.klw	Risky second	10.0	1.454194394582695	dp_interaction	-0.009309845419015025	-0.0019133551408909051	0.004419759158568623
log-power-n1n2psd.pathfinder.klw	Risky second	10.0	1.4946607862550567	dp_interaction	-0.00895036765127114	-0.0018246195838870242	0.004313791903671039
log-power-n1n2psd.pathfinder.klw	Risky second	10.0	1.5362532507970992	dp_interaction	-0.008413031359185153	-0.0017225795172654901	0.004189751741013967
log-power-n1n2psd.pathfinder.klw	Risky second	10.0	1.579003123844529	dp_interaction	-0.007887548114023653	-0.001587325405596571	0.004095200264646794
log-power-n1n2psd.pathfinder.klw	Risky second	10.0	1.6229426130210856	dp_interaction	-0.007294637686280773	-0.0014287809844098307	0.003989580927506963
log-power-n1n2psd.pathfinder.klw	Risky second	10.0	1.6681048222036647	dp_interaction	-0.006773672781394852	-0.0012778618970523906	0.003864128833022461
log-power-n1n2psd.pathfinder.klw	Risky second	10.0	1.714523776462679	dp_interaction	-0.006325341122653815	-0.0011164103334008078	0.0037719416882479855
log-power-n1n2psd.pathfinder.klw	Risky second	10.0	1.7622344476964418	dp_interaction	-0.00596195818629745	-0.0009459409420911264	0.0037913369616091167
log-power-n1n2psd.pathfinder.klw	Risky second	10.0	1.8112727809788889	dp_interaction	-0.005520418931072798	-0.0007971931439074099	0.003723652599098091
log-power-n1n2psd.pathfinder.klw	Risky second	10.0	1.861675721640487	dp_interaction	-0.005234946278903111	-0.0006840025582557638	0.003835716166540961
log-power-n1n2psd.pathfinder.klw	Risky second	10.0	1.9134812431027324	dp_interaction	-0.005165104649557836	-0.0006003941384302221	0.003973339717080371
log-power-n1n2psd.pathfinder.klw	Risky second	10.0	1.9667283754872122	dp_interaction	-0.005076339416994883	-0.0005109142879665033	0.004318615863648109
log-power-n1n2psd.pathfinder.klw	Risky second	10.0	2.021457235020777	dp_interaction	-0.005083889021490168	-0.0004680063665240269	0.004460332819169284
log-power-n1n2psd.pathfinder.klw	Risky second	10.0	2.0777090542589844	dp_interaction	-0.005245421013466662	-0.00044607232921315787	0.00475489799262327
log-power-n1n2psd.pathfinder.klw	Risky second	10.0	2.1355262131505808	dp_interaction	-0.005490882512152382	-0.00043129962403974485	0.004990679600741595
log-power-n1n2psd.pathfinder.klw	Risky second	10.0	2.1949522709664246	dp_interaction	-0.005718877296400968	-0.00045258270747766037	0.005238303269191963
log-power-n1n2psd.pathfinder.klw	Risky second	10.0	2.256031999116908	dp_interaction	-0.005981354160227167	-0.0005017994043918985	0.00527500169775456
log-power-n1n2psd.pathfinder.klw	Risky second	10.0	2.3188114148826	dp_interaction	-0.00616562426491731	-0.0005883464313631314	0.005315087549015638
log-power-n1n2psd.pathfinder.klw	Risky second	10.0	2.3833378160835275	dp_interaction	-0.0063670024597361355	-0.000668400105289109	0.00532231784606827
log-power-n1n2psd.pathfinder.klw	Risky second	10.0	2.4496598167132055	dp_interaction	-0.00647153729520997	-0.0007688530271787195	0.005293078641774127
log-power-n1n2psd.pathfinder.klw	Risky second	10.0	2.5178273835642724	dp_interaction	-0.006563910648042653	-0.0008496877374064298	0.0052071716329175404
log-power-n1n2psd.pathfinder.klw	Risky second	10.0	2.58789187387332	dp_interaction	-0.0065107816262062876	-0.0009259116834826654	0.005062819082837994
log-power-n1n2psd.pathfinder.klw	Risky second	10.0	2.659906074013276	dp_interaction	-0.006491160833499419	-0.0009753044923355635	0.004774545394010584
log-power-n1n2psd.pathfinder.klw	Risky second	10.0	2.7339242392624983	dp_interaction	-0.006282484402623232	-0.001000123203865698	0.004519644391775656
log-power-n1n2psd.pathfinder.klw	Risky second	10.0	2.8100021346805373	dp_interaction	-0.006080622696855622	-0.0009993514341367273	0.004340054055518418
log-power-n1n2psd.pathfinder.klw	Risky second	10.0	2.8881970771213568	dp_interaction	-0.005870391115006748	-0.0009906297109208702	0.004167486108289006
log-power-n1n2psd.pathfinder.klw	Risky second	10.0	2.9685679784156793	dp_interaction	-0.0054977625695698	-0.0009604372262481199	0.003953845941086288
log-power-n1n2psd.pathfinder.klw	Risky second	10.0	3.051175389754982	dp_interaction	-0.00518087253177719	-0.000885946682329164	0.003765552473154552
log-power-n1n2psd.pathfinder.klw	Risky second	10.0	3.1360815473105736	dp_interaction	-0.004807198300281985	-0.0007800912636092632	0.0036841814249323197
log-power-n1n2psd.pathfinder.klw	Risky second	10.0	3.2233504191221405	dp_interaction	-0.004466662261324059	-0.0006401333459959801	0.0036059495846808825
log-power-n1n2psd.pathfinder.klw	Risky second	10.0	3.31304775329107	dp_interaction	-0.004169254673557851	-0.000473312865046212	0.003571228740419412
log-power-n1n2psd.pathfinder.klw	Risky second	10.0	3.40524112751487	dp_interaction	-0.00387624085379329	-0.0002971756794898774	0.003603345127818544
log-power-n1n2psd.pathfinder.klw	Risky second	10.0	3.5000000000000004	dp_interaction	-0.003617786841195399	-0.00010943285878167651	0.0037400174343496704
log-power-n1n2psd.pathfinder.klw	Risky second	10.0	1.2	num_shift	0.007244523256138994	0.0377461061937834	0.07072790734458669
log-power-n1n2psd.pathfinder.klw	Risky second	10.0	1.233392832614218	num_shift	0.007273510241713723	0.03683976413082355	0.06890673106834126
log-power-n1n2psd.pathfinder.klw	Risky second	10.0	1.267714899620104	num_shift	0.007485156526904778	0.03598795242675206	0.06722877378338414
log-power-n1n2psd.pathfinder.klw	Risky second	10.0	1.3029920591580744	num_shift	0.007514034542594327	0.03524405441056108	0.065473969752667
log-power-n1n2psd.pathfinder.klw	Risky second	10.0	1.339250888932342	num_shift	0.007456669598924264	0.0344258303917371	0.06375091407480431
log-power-n1n2psd.pathfinder.klw	Risky second	10.0	1.3765187062344757	num_shift	0.007398080022419189	0.03375318212884364	0.061941067795167566
log-power-n1n2psd.pathfinder.klw	Risky second	10.0	1.4148235885241658	num_shift	0.007375844083686121	0.0329680299701604	0.06017311101475817
log-power-n1n2psd.pathfinder.klw	Risky second	10.0	1.454194394582695	num_shift	0.007456601898516443	0.03225954332579549	0.058486417552512826
log-power-n1n2psd.pathfinder.klw	Risky second	10.0	1.4946607862550567	num_shift	0.00757479681035183	0.031568494783304785	0.05721264200686162
log-power-n1n2psd.pathfinder.klw	Risky second	10.0	1.5362532507970992	num_shift	0.0073089847343324734	0.03092333314203108	0.05572580337375386
log-power-n1n2psd.pathfinder.klw	Risky second	10.0	1.579003123844529	num_shift	0.007088839326749803	0.03023023286427364	0.05425098606812466
log-power-n1n2psd.pathfinder.klw	Risky second	10.0	1.6229426130210856	num_shift	0.006947361862922809	0.029446990262070857	0.05320869419929436
log-power-n1n2psd.pathfinder.klw	Risky second	10.0	1.6681048222036647	num_shift	0.00670772339373858	0.028748530675181228	0.051943917261603
log-power-n1n2psd.pathfinder.klw	Risky second	10.0	1.714523776462679	num_shift	0.006383988825137249	0.02806011551240889	0.05081871718848874
log-power-n1n2psd.pathfinder.klw	Risky second	10.0	1.7622344476964418	num_shift	0.006149379990428032	0.027426666671181144	0.04971331503606969
log-power-n1n2psd.pathfinder.klw	Risky second	10.0	1.8112727809788889	num_shift	0.0057119228652991495	0.026800697253081658	0.048943843495223835
log-power-n1n2psd.pathfinder.klw	Risky second	10.0	1.861675721640487	num_shift	0.005267628386979362	0.02617877901644957	0.04812478646388009
log-power-n1n2psd.pathfinder.klw	Risky second	10.0	1.9134812431027324	num_shift	0.0048332039310701475	0.02559519212682398	0.047308317761353046
log-power-n1n2psd.pathfinder.klw	Risky second	10.0	1.9667283754872122	num_shift	0.004245048350002325	0.024998353367385713	0.046694224255208173
log-power-n1n2psd.pathfinder.klw	Risky second	10.0	2.021457235020777	num_shift	0.00365186968262514	0.024445961532482404	0.04617527979380542
log-power-n1n2psd.pathfinder.klw	Risky second	10.0	2.0777090542589844	num_shift	0.00306129176343559	0.023909291191543655	0.04547549680106454
log-power-n1n2psd.pathfinder.klw	Risky second	10.0	2.1355262131505808	num_shift	0.002545160164252513	0.023450041143880225	0.04498382129862021
log-power-n1n2psd.pathfinder.klw	Risky second	10.0	2.1949522709664246	num_shift	0.0021372283326142145	0.022947558145300688	0.044625638293057046
log-power-n1n2psd.pathfinder.klw	Risky second	10.0	2.256031999116908	num_shift	0.0012954852156833833	0.022466915475507658	0.04409370659927253
log-power-n1n2psd.pathfinder.klw	Risky second	10.0	2.3188114148826	num_shift	0.0005845327215994333	0.021940031420903505	0.04383428324564428
log-power-n1n2psd.pathfinder.klw	Risky second	10.0	2.3833378160835275	num_shift	0.00018019114648816685	0.021576810500752733	0.043614617957012616
log-power-n1n2psd.pathfinder.klw	Risky second	10.0	2.4496598167132055	num_shift	-0.00044159721760653767	0.02114816816200752	0.04339927000847731
log-power-n1n2psd.pathfinder.klw	Risky second	10.0	2.5178273835642724	num_shift	-0.0010792018637590728	0.02078117171861029	0.04316407619782755
log-power-n1n2psd.pathfinder.klw	Risky second	10.0	2.58789187387332	num_shift	-0.002031123508876508	0.020414240930634903	0.04306002827818921
log-power-n1n2psd.pathfinder.klw	Risky second	10.0	2.659906074013276	num_shift	-0.002777341062503507	0.02000518016114241	0.04288276466623457
log-power-n1n2psd.pathfinder.klw	Risky second	10.0	2.7339242392624983	num_shift	-0.0034794660899569465	0.019648534072301084	0.04271848024343575
log-power-n1n2psd.pathfinder.klw	Risky second	10.0	2.8100021346805373	num_shift	-0.004078519059888589	0.019269675763744224	0.04278371208840191
log-power-n1n2psd.pathfinder.klw	Risky second	10.0	2.8881970771213568	num_shift	-0.004718996358788634	0.01897814438050106	0.04277529536544837
log-power-n1n2psd.pathfinder.klw	Risky second	10.0	2.9685679784156793	num_shift	-0.0052841748409019704	0.01871077404525046	0.04271676999731012
log-power-n1n2psd.pathfinder.klw	Risky second	10.0	3.051175389754982	num_shift	-0.005912826295166101	0.018468868942756785	0.04295481895740756
log-power-n1n2psd.pathfinder.klw	Risky second	10.0	3.1360815473105736	num_shift	-0.006686369821748009	0.018228553681732557	0.04318158378417184
log-power-n1n2psd.pathfinder.klw	Risky second	10.0	3.2233504191221405	num_shift	-0.006995817826496099	0.018014158257301773	0.04326941774555906
log-power-n1n2psd.pathfinder.klw	Risky second	10.0	3.31304775329107	num_shift	-0.007854328631405949	0.017809638775292447	0.04340120471590291
log-power-n1n2psd.pathfinder.klw	Risky second	10.0	3.40524112751487	num_shift	-0.00862181036040101	0.017599306783412573	0.043781165985133895
log-power-n1n2psd.pathfinder.klw	Risky second	10.0	3.5000000000000004	num_shift	-0.009100828823840747	0.01740516461452249	0.0439998318410825
log-power-n1n2psd.pathfinder.klw	Risky second	10.0	1.2	den_ratio	0.943423450033917	1.0432259136253954	1.154676243279419
log-power-n1n2psd.pathfinder.klw	Risky second	10.0	1.233392832614218	den_ratio	0.9433424039877043	1.042911841660953	1.1540718497378502
log-power-n1n2psd.pathfinder.klw	Risky second	10.0	1.267714899620104	den_ratio	0.943222279450442	1.0425279478136327	1.1533305126650755
log-power-n1n2psd.pathfinder.klw	Risky second	10.0	1.3029920591580744	den_ratio	0.942973839117989	1.0421331570073955	1.1526731577137144
log-power-n1n2psd.pathfinder.klw	Risky second	10.0	1.339250888932342	den_ratio	0.9426949473949019	1.041932555214017	1.1520097826030995
log-power-n1n2psd.pathfinder.klw	Risky second	10.0	1.3765187062344757	den_ratio	0.9423783756842007	1.041659971396974	1.1517370294577245
log-power-n1n2psd.pathfinder.klw	Risky second	10.0	1.4148235885241658	den_ratio	0.9422400426182915	1.0414405383631085	1.1513662116611136
log-power-n1n2psd.pathfinder.klw	Risky second	10.0	1.454194394582695	den_ratio	0.9421385705054399	1.0410931680291733	1.1513151341363423
log-power-n1n2psd.pathfinder.klw	Risky second	10.0	1.4946607862550567	den_ratio	0.9423225086861365	1.0407386067698416	1.151093266745756
log-power-n1n2psd.pathfinder.klw	Risky second	10.0	1.5362532507970992	den_ratio	0.9423099168929725	1.0403522943935979	1.1503093142888796
log-power-n1n2psd.pathfinder.klw	Risky second	10.0	1.579003123844529	den_ratio	0.9419965287590311	1.040101224794386	1.1499013565027938
log-power-n1n2psd.pathfinder.klw	Risky second	10.0	1.6229426130210856	den_ratio	0.9420810723908369	1.0397723355365158	1.1493985392941728
log-power-n1n2psd.pathfinder.klw	Risky second	10.0	1.6681048222036647	den_ratio	0.9417908087441482	1.0395276857524887	1.148338282353071
log-power-n1n2psd.pathfinder.klw	Risky second	10.0	1.714523776462679	den_ratio	0.9416886152806141	1.0392846712957682	1.1475210353839222
log-power-n1n2psd.pathfinder.klw	Risky second	10.0	1.7622344476964418	den_ratio	0.9410356322186734	1.0390427423984865	1.1469383293772402
log-power-n1n2psd.pathfinder.klw	Risky second	10.0	1.8112727809788889	den_ratio	0.9408971717607938	1.0388243260461731	1.1464222189635638
log-power-n1n2psd.pathfinder.klw	Risky second	10.0	1.861675721640487	den_ratio	0.9404597885809746	1.0384177851508998	1.1461714240188585
log-power-n1n2psd.pathfinder.klw	Risky second	10.0	1.9134812431027324	den_ratio	0.9400680958119778	1.0381482549246868	1.1459415409219769
log-power-n1n2psd.pathfinder.klw	Risky second	10.0	1.9667283754872122	den_ratio	0.9397274249980027	1.037841944137861	1.1456963658214516
log-power-n1n2psd.pathfinder.klw	Risky second	10.0	2.021457235020777	den_ratio	0.9394923936720131	1.0375042896228692	1.1451613139992838
log-power-n1n2psd.pathfinder.klw	Risky second	10.0	2.0777090542589844	den_ratio	0.9395066942332783	1.0371137686379983	1.1446458244353463
log-power-n1n2psd.pathfinder.klw	Risky second	10.0	2.1355262131505808	den_ratio	0.9393550703828983	1.0366683182664183	1.1440810719767662
log-power-n1n2psd.pathfinder.klw	Risky second	10.0	2.1949522709664246	den_ratio	0.9394709942370948	1.0365373663840884	1.1435517186964632
log-power-n1n2psd.pathfinder.klw	Risky second	10.0	2.256031999116908	den_ratio	0.9390591554823534	1.0362212523410514	1.1425956118116682
log-power-n1n2psd.pathfinder.klw	Risky second	10.0	2.3188114148826	den_ratio	0.9387357263178169	1.0357138021601127	1.1421556659533818
log-power-n1n2psd.pathfinder.klw	Risky second	10.0	2.3833378160835275	den_ratio	0.938487303046117	1.0354253645046376	1.1420123943469231
log-power-n1n2psd.pathfinder.klw	Risky second	10.0	2.4496598167132055	den_ratio	0.9383352711655781	1.0352701140355025	1.1419108608671826
log-power-n1n2psd.pathfinder.klw	Risky second	10.0	2.5178273835642724	den_ratio	0.9378313605609729	1.034844769867819	1.1418294022312687
log-power-n1n2psd.pathfinder.klw	Risky second	10.0	2.58789187387332	den_ratio	0.9376523545003381	1.034595619747877	1.1414509119950662
log-power-n1n2psd.pathfinder.klw	Risky second	10.0	2.659906074013276	den_ratio	0.9373835784635407	1.0342180589565828	1.1410946561881046
log-power-n1n2psd.pathfinder.klw	Risky second	10.0	2.7339242392624983	den_ratio	0.9372705064300337	1.0336794127633517	1.1406922054114055
log-power-n1n2psd.pathfinder.klw	Risky second	10.0	2.8100021346805373	den_ratio	0.9372141171271371	1.0334497785450898	1.1403167098138833
log-power-n1n2psd.pathfinder.klw	Risky second	10.0	2.8881970771213568	den_ratio	0.9366938621489015	1.0330997520648668	1.1398719204109133
log-power-n1n2psd.pathfinder.klw	Risky second	10.0	2.9685679784156793	den_ratio	0.9362135736553676	1.0328695268470893	1.1394840309806764
log-power-n1n2psd.pathfinder.klw	Risky second	10.0	3.051175389754982	den_ratio	0.935633308447586	1.0324062648396808	1.1391198178001056
log-power-n1n2psd.pathfinder.klw	Risky second	10.0	3.1360815473105736	den_ratio	0.9348606559137774	1.0321888729843856	1.1387415523997795
log-power-n1n2psd.pathfinder.klw	Risky second	10.0	3.2233504191221405	den_ratio	0.9340435315799114	1.0318346885501821	1.1387389318280599
log-power-n1n2psd.pathfinder.klw	Risky second	10.0	3.31304775329107	den_ratio	0.9337433074972219	1.0314673090832225	1.1386369818274629
log-power-n1n2psd.pathfinder.klw	Risky second	10.0	3.40524112751487	den_ratio	0.9334368006173264	1.031076696862078	1.138541224581794
log-power-n1n2psd.pathfinder.klw	Risky second	10.0	3.5000000000000004	den_ratio	0.9333547414303459	1.0307054592541691	1.1381547981348892
log-power-n1n2psd.pathfinder.klw	Risky second	14.0	1.2	p_vertex	0.11711684957475028	0.1385227760644836	0.1612116051521549
log-power-n1n2psd.pathfinder.klw	Risky second	14.0	1.233392832614218	p_vertex	0.13299933832146796	0.1549062467287739	0.17821848385166503
log-power-n1n2psd.pathfinder.klw	Risky second	14.0	1.267714899620104	p_vertex	0.15003470264045426	0.1724103851648588	0.19631755078256485
log-power-n1n2psd.pathfinder.klw	Risky second	14.0	1.3029920591580744	p_vertex	0.16815220239075768	0.1910598178323274	0.21535265711986193
log-power-n1n2psd.pathfinder.klw	Risky second	14.0	1.339250888932342	p_vertex	0.18756154444319312	0.2107287060782126	0.23540394223095615
log-power-n1n2psd.pathfinder.klw	Risky second	14.0	1.3765187062344757	p_vertex	0.2080174519609965	0.23153875956802156	0.25638775515647677
log-power-n1n2psd.pathfinder.klw	Risky second	14.0	1.4148235885241658	p_vertex	0.22960357955504687	0.2531659131356465	0.27806685198493
log-power-n1n2psd.pathfinder.klw	Risky second	14.0	1.454194394582695	p_vertex	0.2520674937484736	0.27564715978646837	0.300473014118422
log-power-n1n2psd.pathfinder.klw	Risky second	14.0	1.4946607862550567	p_vertex	0.2752245396542048	0.2988454919761788	0.3236037459680214
log-power-n1n2psd.pathfinder.klw	Risky second	14.0	1.5362532507970992	p_vertex	0.2991468316839393	0.3226484872582625	0.3470717446718978
log-power-n1n2psd.pathfinder.klw	Risky second	14.0	1.579003123844529	p_vertex	0.3236486639688002	0.34684946437051045	0.37079405865950976
log-power-n1n2psd.pathfinder.klw	Risky second	14.0	1.6229426130210856	p_vertex	0.3485919274467857	0.3714264236766279	0.3951902325752939
log-power-n1n2psd.pathfinder.klw	Risky second	14.0	1.6681048222036647	p_vertex	0.37342469510814313	0.39610216242859786	0.4195748866783409
log-power-n1n2psd.pathfinder.klw	Risky second	14.0	1.714523776462679	p_vertex	0.3984524744086739	0.42087559848602524	0.44396433929839485
log-power-n1n2psd.pathfinder.klw	Risky second	14.0	1.7622344476964418	p_vertex	0.4234915307442356	0.44551709913019866	0.46860375546710625
log-power-n1n2psd.pathfinder.klw	Risky second	14.0	1.8112727809788889	p_vertex	0.4481990970376186	0.4700649660094487	0.49278366778785776
log-power-n1n2psd.pathfinder.klw	Risky second	14.0	1.861675721640487	p_vertex	0.47284137084680494	0.49424569629436965	0.5164894672732634
log-power-n1n2psd.pathfinder.klw	Risky second	14.0	1.9134812431027324	p_vertex	0.4969979560722131	0.5181691301320578	0.5400750021937732
log-power-n1n2psd.pathfinder.klw	Risky second	14.0	1.9667283754872122	p_vertex	0.5206500671378946	0.5416531141015014	0.5630571655873644
log-power-n1n2psd.pathfinder.klw	Risky second	14.0	2.021457235020777	p_vertex	0.5436106940579429	0.564455195637402	0.5855179635288871
log-power-n1n2psd.pathfinder.klw	Risky second	14.0	2.0777090542589844	p_vertex	0.5659574212301521	0.586611964638069	0.6073579855590914
log-power-n1n2psd.pathfinder.klw	Risky second	14.0	2.1355262131505808	p_vertex	0.5877326917881459	0.6081317491518691	0.6284751236804779
log-power-n1n2psd.pathfinder.klw	Risky second	14.0	2.1949522709664246	p_vertex	0.6086012588740219	0.6287872287194953	0.6488520012349385
log-power-n1n2psd.pathfinder.klw	Risky second	14.0	2.256031999116908	p_vertex	0.6287970117619288	0.6486691176727939	0.6684148855292679
log-power-n1n2psd.pathfinder.klw	Risky second	14.0	2.3188114148826	p_vertex	0.6482222788771353	0.6677768139161537	0.6873745071363947
log-power-n1n2psd.pathfinder.klw	Risky second	14.0	2.3833378160835275	p_vertex	0.6668366637045272	0.6860637195043682	0.7053086407966237
log-power-n1n2psd.pathfinder.klw	Risky second	14.0	2.4496598167132055	p_vertex	0.6846286462607307	0.7035921700502835	0.7224799025683413
log-power-n1n2psd.pathfinder.klw	Risky second	14.0	2.5178273835642724	p_vertex	0.7014841709589023	0.7202315451664535	0.7388227801405777
log-power-n1n2psd.pathfinder.klw	Risky second	14.0	2.58789187387332	p_vertex	0.7176194306341338	0.7361616841283367	0.7543476085806841
log-power-n1n2psd.pathfinder.klw	Risky second	14.0	2.659906074013276	p_vertex	0.7330211018912072	0.7512169229722785	0.7692370963667267
log-power-n1n2psd.pathfinder.klw	Risky second	14.0	2.7339242392624983	p_vertex	0.7473274783005145	0.7654158073035628	0.7832062570396445
log-power-n1n2psd.pathfinder.klw	Risky second	14.0	2.8100021346805373	p_vertex	0.7609089421449312	0.7788850710996856	0.7965967138238899
log-power-n1n2psd.pathfinder.klw	Risky second	14.0	2.8881970771213568	p_vertex	0.7739247971446294	0.7915289584313446	0.8089253602741248
log-power-n1n2psd.pathfinder.klw	Risky second	14.0	2.9685679784156793	p_vertex	0.7860664401338237	0.8034234120211545	0.8206591551423239
log-power-n1n2psd.pathfinder.klw	Risky second	14.0	3.051175389754982	p_vertex	0.7975844829081827	0.8146308353924826	0.8317423696632528
log-power-n1n2psd.pathfinder.klw	Risky second	14.0	3.1360815473105736	p_vertex	0.8081151136011862	0.8250714407799189	0.8420794632270072
log-power-n1n2psd.pathfinder.klw	Risky second	14.0	3.2233504191221405	p_vertex	0.8181381281998814	0.8348774345110062	0.8519137360432003
log-power-n1n2psd.pathfinder.klw	Risky second	14.0	3.31304775329107	p_vertex	0.8272373997758499	0.8440047469113687	0.8609254974917863
log-power-n1n2psd.pathfinder.klw	Risky second	14.0	3.40524112751487	p_vertex	0.8355494904108283	0.8524736391828364	0.8694145299590168
log-power-n1n2psd.pathfinder.klw	Risky second	14.0	3.5000000000000004	p_vertex	0.8431884901863206	0.8602877161790179	0.8772968763153759
log-power-n1n2psd.pathfinder.klw	Risky second	14.0	1.2	p_full	0.15721096956624916	0.18206651876014485	0.20941809777874215
log-power-n1n2psd.pathfinder.klw	Risky second	14.0	1.233392832614218	p_full	0.17404168583678692	0.1992470725232331	0.22687981519323855
log-power-n1n2psd.pathfinder.klw	Risky second	14.0	1.267714899620104	p_full	0.1917126064452562	0.21718549060674752	0.24460678952604395
log-power-n1n2psd.pathfinder.klw	Risky second	14.0	1.3029920591580744	p_full	0.21041692329586797	0.23591634751879886	0.26343232438153724
log-power-n1n2psd.pathfinder.klw	Risky second	14.0	1.339250888932342	p_full	0.22980368064463225	0.2553548359931999	0.2829493107798069
log-power-n1n2psd.pathfinder.klw	Risky second	14.0	1.3765187062344757	p_full	0.25004678725023893	0.2755862443105774	0.30294143595645057
log-power-n1n2psd.pathfinder.klw	Risky second	14.0	1.4148235885241658	p_full	0.27088638311766966	0.29635283803225254	0.32354920370713225
log-power-n1n2psd.pathfinder.klw	Risky second	14.0	1.454194394582695	p_full	0.29239474603121224	0.31775230082126	0.3447503429523769
log-power-n1n2psd.pathfinder.klw	Risky second	14.0	1.4946607862550567	p_full	0.31437907627076395	0.3395364073206233	0.3663550094976572
log-power-n1n2psd.pathfinder.klw	Risky second	14.0	1.5362532507970992	p_full	0.33686576587967504	0.3617046509215174	0.3883006679725409
log-power-n1n2psd.pathfinder.klw	Risky second	14.0	1.579003123844529	p_full	0.35953838264666754	0.38431310832844134	0.4102824331543535
log-power-n1n2psd.pathfinder.klw	Risky second	14.0	1.6229426130210856	p_full	0.38250385630269934	0.4071876131399097	0.4326917029594735
log-power-n1n2psd.pathfinder.klw	Risky second	14.0	1.6681048222036647	p_full	0.4060198137765159	0.42995182151800043	0.4551229433134645
log-power-n1n2psd.pathfinder.klw	Risky second	14.0	1.714523776462679	p_full	0.4290999259814013	0.45275826475207226	0.4778903085828067
log-power-n1n2psd.pathfinder.klw	Risky second	14.0	1.7622344476964418	p_full	0.4523586362094964	0.4755907789608586	0.500101769802053
log-power-n1n2psd.pathfinder.klw	Risky second	14.0	1.8112727809788889	p_full	0.4754075899533598	0.4982200525984718	0.5223665766787678
log-power-n1n2psd.pathfinder.klw	Risky second	14.0	1.861675721640487	p_full	0.4982734709081092	0.5205770628454095	0.5444423246466263
log-power-n1n2psd.pathfinder.klw	Risky second	14.0	1.9134812431027324	p_full	0.5208224935892062	0.5425501612981978	0.5658754160466248
log-power-n1n2psd.pathfinder.klw	Risky second	14.0	1.9667283754872122	p_full	0.5428440507729486	0.5641907667845167	0.5869057117545519
log-power-n1n2psd.pathfinder.klw	Risky second	14.0	2.021457235020777	p_full	0.5645558923010735	0.5853282927932787	0.6075703812122655
log-power-n1n2psd.pathfinder.klw	Risky second	14.0	2.0777090542589844	p_full	0.5857796163719536	0.6059343380360738	0.6274976114651545
log-power-n1n2psd.pathfinder.klw	Risky second	14.0	2.1355262131505808	p_full	0.6061088227320994	0.6259602112934903	0.6471681697350214
log-power-n1n2psd.pathfinder.klw	Risky second	14.0	2.1949522709664246	p_full	0.6258876141577547	0.6453317041539357	0.6661767187715886
log-power-n1n2psd.pathfinder.klw	Risky second	14.0	2.256031999116908	p_full	0.6451549013570296	0.6641535115045116	0.6844316705328484
log-power-n1n2psd.pathfinder.klw	Risky second	14.0	2.3188114148826	p_full	0.6635086998550593	0.6821807799286588	0.7020729261714608
log-power-n1n2psd.pathfinder.klw	Risky second	14.0	2.3833378160835275	p_full	0.681231705210045	0.6995258259327997	0.7192066549852306
log-power-n1n2psd.pathfinder.klw	Risky second	14.0	2.4496598167132055	p_full	0.6980904693747398	0.716322268774114	0.7355099184706513
log-power-n1n2psd.pathfinder.klw	Risky second	14.0	2.5178273835642724	p_full	0.7144701307396742	0.7324317974437478	0.7509532892590158
log-power-n1n2psd.pathfinder.klw	Risky second	14.0	2.58789187387332	p_full	0.7300322774323447	0.7478698203721965	0.765940749266413
log-power-n1n2psd.pathfinder.klw	Risky second	14.0	2.659906074013276	p_full	0.7451495252843022	0.7626229835152033	0.7804304462845434
log-power-n1n2psd.pathfinder.klw	Risky second	14.0	2.7339242392624983	p_full	0.7595533363346569	0.7766666527749545	0.794133835320524
log-power-n1n2psd.pathfinder.klw	Risky second	14.0	2.8100021346805373	p_full	0.7733047558447707	0.7901077108791952	0.8072726430115694
log-power-n1n2psd.pathfinder.klw	Risky second	14.0	2.8881970771213568	p_full	0.78627353949964	0.8029015192631324	0.8197239932486899
log-power-n1n2psd.pathfinder.klw	Risky second	14.0	2.9685679784156793	p_full	0.7986706622377627	0.8150924788507036	0.8317335287640312
log-power-n1n2psd.pathfinder.klw	Risky second	14.0	3.051175389754982	p_full	0.8103950158921343	0.8266637293963058	0.8430454042774294
log-power-n1n2psd.pathfinder.klw	Risky second	14.0	3.1360815473105736	p_full	0.8215443564332215	0.8376861411199598	0.8537072671066014
log-power-n1n2psd.pathfinder.klw	Risky second	14.0	3.2233504191221405	p_full	0.8322518815349214	0.8481365966885885	0.8638732853935889
log-power-n1n2psd.pathfinder.klw	Risky second	14.0	3.31304775329107	p_full	0.842241141597264	0.8579860963156933	0.8735891728435686
log-power-n1n2psd.pathfinder.klw	Risky second	14.0	3.40524112751487	p_full	0.8516927078409918	0.8673339628634695	0.8827626497373002
log-power-n1n2psd.pathfinder.klw	Risky second	14.0	3.5000000000000004	p_full	0.8605333587047945	0.8761457446936975	0.8915077811050044
log-power-n1n2psd.pathfinder.klw	Risky second	14.0	1.2	p_bias_only	0.15578842496816234	0.1804528940898826	0.20707649432160544
log-power-n1n2psd.pathfinder.klw	Risky second	14.0	1.233392832614218	p_bias_only	0.17245129315212948	0.1975500229625498	0.22434838486819755
log-power-n1n2psd.pathfinder.klw	Risky second	14.0	1.267714899620104	p_bias_only	0.190284426001444	0.21539305359255106	0.24232466521328674
log-power-n1n2psd.pathfinder.klw	Risky second	14.0	1.3029920591580744	p_bias_only	0.20875720893831615	0.23405448279095875	0.26086635990999935
log-power-n1n2psd.pathfinder.klw	Risky second	14.0	1.339250888932342	p_bias_only	0.22809790568975005	0.2534348130663576	0.28030666766294243
log-power-n1n2psd.pathfinder.klw	Risky second	14.0	1.3765187062344757	p_bias_only	0.2481658108994409	0.27354156480881164	0.300167072401958
log-power-n1n2psd.pathfinder.klw	Risky second	14.0	1.4148235885241658	p_bias_only	0.26910446633521573	0.2943202446480515	0.3205347431007467
log-power-n1n2psd.pathfinder.klw	Risky second	14.0	1.454194394582695	p_bias_only	0.2906297784978938	0.3157065979218847	0.3416503750211319
log-power-n1n2psd.pathfinder.klw	Risky second	14.0	1.4946607862550567	p_bias_only	0.3125045255181973	0.3374802031094001	0.3633009904678212
log-power-n1n2psd.pathfinder.klw	Risky second	14.0	1.5362532507970992	p_bias_only	0.3350824341219706	0.35975983847140375	0.3851565388187177
log-power-n1n2psd.pathfinder.klw	Risky second	14.0	1.579003123844529	p_bias_only	0.3580370613597727	0.3823215518254043	0.4076210694150895
log-power-n1n2psd.pathfinder.klw	Risky second	14.0	1.6229426130210856	p_bias_only	0.38112417026700884	0.40517326681732374	0.4300592975515379
log-power-n1n2psd.pathfinder.klw	Risky second	14.0	1.6681048222036647	p_bias_only	0.40437088433581175	0.4280168170429316	0.4526890791293186
log-power-n1n2psd.pathfinder.klw	Risky second	14.0	1.714523776462679	p_bias_only	0.4279089859150213	0.4510258494699726	0.47564799734800745
log-power-n1n2psd.pathfinder.klw	Risky second	14.0	1.7622344476964418	p_bias_only	0.4512805858347952	0.473898143107258	0.4983402834262343
log-power-n1n2psd.pathfinder.klw	Risky second	14.0	1.8112727809788889	p_bias_only	0.47423105222111217	0.49661048649684875	0.5209166592532742
log-power-n1n2psd.pathfinder.klw	Risky second	14.0	1.861675721640487	p_bias_only	0.4972509592488396	0.5191311387097138	0.5431582098912072
log-power-n1n2psd.pathfinder.klw	Risky second	14.0	1.9134812431027324	p_bias_only	0.5196653262903409	0.5412412548991772	0.5651126729522775
log-power-n1n2psd.pathfinder.klw	Risky second	14.0	1.9667283754872122	p_bias_only	0.5417363552172825	0.5628792938006848	0.5866538973646196
log-power-n1n2psd.pathfinder.klw	Risky second	14.0	2.021457235020777	p_bias_only	0.5634057622837759	0.5841021962747268	0.6076063340221298
log-power-n1n2psd.pathfinder.klw	Risky second	14.0	2.0777090542589844	p_bias_only	0.5843088555008268	0.6048109935575102	0.6280983079963816
log-power-n1n2psd.pathfinder.klw	Risky second	14.0	2.1355262131505808	p_bias_only	0.6045883596128097	0.6249522049421666	0.6480987472550988
log-power-n1n2psd.pathfinder.klw	Risky second	14.0	2.1949522709664246	p_bias_only	0.6242692525582091	0.6446064374683071	0.6673412276523325
log-power-n1n2psd.pathfinder.klw	Risky second	14.0	2.256031999116908	p_bias_only	0.6434771530341992	0.663454178073319	0.6859829906144951
log-power-n1n2psd.pathfinder.klw	Risky second	14.0	2.3188114148826	p_bias_only	0.6618420880146687	0.681709502785462	0.7037582734767447
log-power-n1n2psd.pathfinder.klw	Risky second	14.0	2.3833378160835275	p_bias_only	0.6795545800650966	0.6993267532992853	0.7211567543818322
log-power-n1n2psd.pathfinder.klw	Risky second	14.0	2.4496598167132055	p_bias_only	0.6964782899725567	0.7162317049557498	0.7377851935007372
log-power-n1n2psd.pathfinder.klw	Risky second	14.0	2.5178273835642724	p_bias_only	0.7127675042485784	0.7324429098147336	0.7537048276550526
log-power-n1n2psd.pathfinder.klw	Risky second	14.0	2.58789187387332	p_bias_only	0.7285232534902063	0.7479755848400347	0.7690204242503225
log-power-n1n2psd.pathfinder.klw	Risky second	14.0	2.659906074013276	p_bias_only	0.7438590972670316	0.7629037763640532	0.7835854289314531
log-power-n1n2psd.pathfinder.klw	Risky second	14.0	2.7339242392624983	p_bias_only	0.7581001768539246	0.7771422550333091	0.7973789444182484
log-power-n1n2psd.pathfinder.klw	Risky second	14.0	2.8100021346805373	p_bias_only	0.7719580841274467	0.790784653243944	0.8103337980944707
log-power-n1n2psd.pathfinder.klw	Risky second	14.0	2.8881970771213568	p_bias_only	0.7851615045889584	0.8037771982630875	0.8231311575816367
log-power-n1n2psd.pathfinder.klw	Risky second	14.0	2.9685679784156793	p_bias_only	0.7975428753481226	0.8160878671047802	0.835094783191571
log-power-n1n2psd.pathfinder.klw	Risky second	14.0	3.051175389754982	p_bias_only	0.8093936453535172	0.827761646379827	0.8464192180134483
log-power-n1n2psd.pathfinder.klw	Risky second	14.0	3.1360815473105736	p_bias_only	0.8206483534530942	0.8388456838311552	0.8572367014375696
log-power-n1n2psd.pathfinder.klw	Risky second	14.0	3.2233504191221405	p_bias_only	0.8314737565501793	0.8493722938742705	0.8674472629901618
log-power-n1n2psd.pathfinder.klw	Risky second	14.0	3.31304775329107	p_bias_only	0.841489959185882	0.8592780380577931	0.8769867325545615
log-power-n1n2psd.pathfinder.klw	Risky second	14.0	3.40524112751487	p_bias_only	0.8511833280970058	0.8686301648271084	0.886008352436079
log-power-n1n2psd.pathfinder.klw	Risky second	14.0	3.5000000000000004	p_bias_only	0.8601286630788045	0.8774188371510103	0.8943735451336376
log-power-n1n2psd.pathfinder.klw	Risky second	14.0	1.2	p_scale_only	0.11859730649624046	0.14041020560228284	0.16316410077220111
log-power-n1n2psd.pathfinder.klw	Risky second	14.0	1.233392832614218	p_scale_only	0.1344092407780265	0.15699391673734114	0.18039655842149332
log-power-n1n2psd.pathfinder.klw	Risky second	14.0	1.267714899620104	p_scale_only	0.15147156876079212	0.17478454863972093	0.19832391809477823
log-power-n1n2psd.pathfinder.klw	Risky second	14.0	1.3029920591580744	p_scale_only	0.16983733915211655	0.19351579423790893	0.21739997270238368
log-power-n1n2psd.pathfinder.klw	Risky second	14.0	1.339250888932342	p_scale_only	0.18943419877194126	0.21342523196996954	0.23735073676083449
log-power-n1n2psd.pathfinder.klw	Risky second	14.0	1.3765187062344757	p_scale_only	0.20998508337269015	0.2341976327723076	0.2583880924779415
log-power-n1n2psd.pathfinder.klw	Risky second	14.0	1.4148235885241658	p_scale_only	0.2315325764741915	0.2558806882802733	0.2801187969124187
log-power-n1n2psd.pathfinder.klw	Risky second	14.0	1.454194394582695	p_scale_only	0.25404159240315677	0.27836434503925556	0.30256123863453055
log-power-n1n2psd.pathfinder.klw	Risky second	14.0	1.4946607862550567	p_scale_only	0.2775409250391126	0.3015845187695354	0.3255276473861451
log-power-n1n2psd.pathfinder.klw	Risky second	14.0	1.5362532507970992	p_scale_only	0.3016912917933239	0.32526913568174237	0.3488147200902517
log-power-n1n2psd.pathfinder.klw	Risky second	14.0	1.579003123844529	p_scale_only	0.32630215314638583	0.34943079383198555	0.37271196610318746
log-power-n1n2psd.pathfinder.klw	Risky second	14.0	1.6229426130210856	p_scale_only	0.35134620363635666	0.37389834324177684	0.3968181969382939
log-power-n1n2psd.pathfinder.klw	Risky second	14.0	1.6681048222036647	p_scale_only	0.3764580855465238	0.398525651752679	0.4210499460940007
log-power-n1n2psd.pathfinder.klw	Risky second	14.0	1.714523776462679	p_scale_only	0.4013444596265255	0.4232264116338685	0.4456197265800695
log-power-n1n2psd.pathfinder.klw	Risky second	14.0	1.7622344476964418	p_scale_only	0.42629961406665456	0.4478603273859929	0.47006655470847003
log-power-n1n2psd.pathfinder.klw	Risky second	14.0	1.8112727809788889	p_scale_only	0.45095470026989115	0.4723279442798408	0.4946591709359284
log-power-n1n2psd.pathfinder.klw	Risky second	14.0	1.861675721640487	p_scale_only	0.4752525791185201	0.49645943635639245	0.5185318428639037
log-power-n1n2psd.pathfinder.klw	Risky second	14.0	1.9134812431027324	p_scale_only	0.4993361510827854	0.5204136451886067	0.5422168165574665
log-power-n1n2psd.pathfinder.klw	Risky second	14.0	1.9667283754872122	p_scale_only	0.5229785138764131	0.5436730268172447	0.5654933552316607
log-power-n1n2psd.pathfinder.klw	Risky second	14.0	2.021457235020777	p_scale_only	0.5459573370477439	0.5664926743989969	0.5882539926845384
log-power-n1n2psd.pathfinder.klw	Risky second	14.0	2.0777090542589844	p_scale_only	0.5684890826567909	0.5886130099442382	0.610226749105538
log-power-n1n2psd.pathfinder.klw	Risky second	14.0	2.1355262131505808	p_scale_only	0.589958185448655	0.610157931945094	0.6318200023218284
log-power-n1n2psd.pathfinder.klw	Risky second	14.0	2.1949522709664246	p_scale_only	0.6110756835042086	0.6309569008090334	0.6523940633577995
log-power-n1n2psd.pathfinder.klw	Risky second	14.0	2.256031999116908	p_scale_only	0.6310602649125453	0.6509561868118714	0.6723283597593953
log-power-n1n2psd.pathfinder.klw	Risky second	14.0	2.3188114148826	p_scale_only	0.650282482284651	0.6701978346163846	0.6915065466264159
log-power-n1n2psd.pathfinder.klw	Risky second	14.0	2.3833378160835275	p_scale_only	0.6687816871772425	0.6886557823143049	0.7097180436042874
log-power-n1n2psd.pathfinder.klw	Risky second	14.0	2.4496598167132055	p_scale_only	0.6864651738452336	0.7062364221149693	0.726982001928352
log-power-n1n2psd.pathfinder.klw	Risky second	14.0	2.5178273835642724	p_scale_only	0.7032986318988229	0.722939591275827	0.7434031470150714
log-power-n1n2psd.pathfinder.klw	Risky second	14.0	2.58789187387332	p_scale_only	0.7193640021980506	0.7388789854240967	0.7592033725112748
log-power-n1n2psd.pathfinder.klw	Risky second	14.0	2.659906074013276	p_scale_only	0.7346383297792431	0.7540099316691018	0.7740568785747161
log-power-n1n2psd.pathfinder.klw	Risky second	14.0	2.7339242392624983	p_scale_only	0.7490694794858349	0.7683315163511587	0.788120423783909
log-power-n1n2psd.pathfinder.klw	Risky second	14.0	2.8100021346805373	p_scale_only	0.7627327341196148	0.7818636836324814	0.8013880027492097
log-power-n1n2psd.pathfinder.klw	Risky second	14.0	2.8881970771213568	p_scale_only	0.7757885933681696	0.7945636533163045	0.8137707929266556
log-power-n1n2psd.pathfinder.klw	Risky second	14.0	2.9685679784156793	p_scale_only	0.7879145401571624	0.8065146775638513	0.825402250014546
log-power-n1n2psd.pathfinder.klw	Risky second	14.0	3.051175389754982	p_scale_only	0.7993350873088284	0.8176152826841312	0.8363665271699338
log-power-n1n2psd.pathfinder.klw	Risky second	14.0	3.1360815473105736	p_scale_only	0.8101439866272295	0.8281021397681403	0.846454043129102
log-power-n1n2psd.pathfinder.klw	Risky second	14.0	3.2233504191221405	p_scale_only	0.8199773401056222	0.8378182897736222	0.8559051024472337
log-power-n1n2psd.pathfinder.klw	Risky second	14.0	3.31304775329107	p_scale_only	0.8292846409092558	0.8469194527225545	0.8645990034572338
log-power-n1n2psd.pathfinder.klw	Risky second	14.0	3.40524112751487	p_scale_only	0.8379634348670287	0.8553769259202952	0.8727395578882876
log-power-n1n2psd.pathfinder.klw	Risky second	14.0	3.5000000000000004	p_scale_only	0.8460867048141539	0.863171697144506	0.8801579106935976
log-power-n1n2psd.pathfinder.klw	Risky second	14.0	1.2	dp_full	0.01788865807922931	0.04352145825511452	0.07110138250535496
log-power-n1n2psd.pathfinder.klw	Risky second	14.0	1.233392832614218	dp_full	0.018234897713009977	0.04418033104469797	0.07210381529844724
log-power-n1n2psd.pathfinder.klw	Risky second	14.0	1.267714899620104	dp_full	0.01839743912006165	0.044624421796360655	0.07251293789285856
log-power-n1n2psd.pathfinder.klw	Risky second	14.0	1.3029920591580744	dp_full	0.01841324726395399	0.04468065444957568	0.07249052898790072
log-power-n1n2psd.pathfinder.klw	Risky second	14.0	1.339250888932342	dp_full	0.017974396839242422	0.04436401810444417	0.07235220540189845
log-power-n1n2psd.pathfinder.klw	Risky second	14.0	1.3765187062344757	dp_full	0.017629177412500256	0.04375215797325715	0.07189996721087705
log-power-n1n2psd.pathfinder.klw	Risky second	14.0	1.4148235885241658	dp_full	0.016978546927914506	0.04292921131072682	0.07105982720178067
log-power-n1n2psd.pathfinder.klw	Risky second	14.0	1.454194394582695	dp_full	0.016177526708293546	0.04181388482848085	0.06966152958051643
log-power-n1n2psd.pathfinder.klw	Risky second	14.0	1.4946607862550567	dp_full	0.015180091615187604	0.04044659246838862	0.0681245318209659
log-power-n1n2psd.pathfinder.klw	Risky second	14.0	1.5362532507970992	dp_full	0.014142226238237545	0.03894804075783191	0.06654611023266338
log-power-n1n2psd.pathfinder.klw	Risky second	14.0	1.579003123844529	dp_full	0.012885619506527566	0.03732106195477705	0.0645223957042344
log-power-n1n2psd.pathfinder.klw	Risky second	14.0	1.6229426130210856	dp_full	0.011461761471041452	0.035421406791258575	0.06228227383556539
log-power-n1n2psd.pathfinder.klw	Risky second	14.0	1.6681048222036647	dp_full	0.010168605336250688	0.03350071438197278	0.059998146353363986
log-power-n1n2psd.pathfinder.klw	Risky second	14.0	1.714523776462679	dp_full	0.008628534384335862	0.03174172217220779	0.05758975028205817
log-power-n1n2psd.pathfinder.klw	Risky second	14.0	1.7622344476964418	dp_full	0.006975020324233407	0.0297024011738853	0.05514974852629545
log-power-n1n2psd.pathfinder.klw	Risky second	14.0	1.8112727809788889	dp_full	0.0054027484765079735	0.027751519981695314	0.052732684319440656
log-power-n1n2psd.pathfinder.klw	Risky second	14.0	1.861675721640487	dp_full	0.00343431461726916	0.025801387229022532	0.0506133141805553
log-power-n1n2psd.pathfinder.klw	Risky second	14.0	1.9134812431027324	dp_full	0.0015932692795896412	0.024000815765662105	0.048363693853690055
log-power-n1n2psd.pathfinder.klw	Risky second	14.0	1.9667283754872122	dp_full	8.341109353443269e-05	0.022162559669915288	0.046519376406285
log-power-n1n2psd.pathfinder.klw	Risky second	14.0	2.021457235020777	dp_full	-0.0016446390588225803	0.020559695279957352	0.045216017004232154
log-power-n1n2psd.pathfinder.klw	Risky second	14.0	2.0777090542589844	dp_full	-0.0032267454828837803	0.019159169238416505	0.04364872574516101
log-power-n1n2psd.pathfinder.klw	Risky second	14.0	2.1355262131505808	dp_full	-0.004732487876528671	0.017807479372875315	0.04187849843481264
log-power-n1n2psd.pathfinder.klw	Risky second	14.0	2.1949522709664246	dp_full	-0.005800462291537747	0.016673145795669923	0.040335201761337064
log-power-n1n2psd.pathfinder.klw	Risky second	14.0	2.256031999116908	dp_full	-0.00698716943449669	0.015473768864813556	0.03918073434109224
log-power-n1n2psd.pathfinder.klw	Risky second	14.0	2.3188114148826	dp_full	-0.00803331367980569	0.014457046736123007	0.03805459117543287
log-power-n1n2psd.pathfinder.klw	Risky second	14.0	2.3833378160835275	dp_full	-0.008819447448984476	0.01363878208846464	0.037122224708715824
log-power-n1n2psd.pathfinder.klw	Risky second	14.0	2.4496598167132055	dp_full	-0.009534664648763898	0.012855510963747464	0.03638839727102548
log-power-n1n2psd.pathfinder.klw	Risky second	14.0	2.5178273835642724	dp_full	-0.010139411775910254	0.012251081119505545	0.03555879920696675
log-power-n1n2psd.pathfinder.klw	Risky second	14.0	2.58789187387332	dp_full	-0.010434340926871066	0.011750744980970833	0.03503419747762879
log-power-n1n2psd.pathfinder.klw	Risky second	14.0	2.659906074013276	dp_full	-0.010648287339377518	0.011499183921825317	0.03461531257711803
log-power-n1n2psd.pathfinder.klw	Risky second	14.0	2.7339242392624983	dp_full	-0.01061450623983824	0.011291515495100768	0.034376923514222536
log-power-n1n2psd.pathfinder.klw	Risky second	14.0	2.8100021346805373	dp_full	-0.01059077704348163	0.011250135518430966	0.03429190118312398
log-power-n1n2psd.pathfinder.klw	Risky second	14.0	2.8881970771213568	dp_full	-0.0102962215392711	0.011338038641910577	0.03429728700400346
log-power-n1n2psd.pathfinder.klw	Risky second	14.0	2.9685679784156793	dp_full	-0.0100236997815862	0.01158916858694303	0.0343777243289661
log-power-n1n2psd.pathfinder.klw	Risky second	14.0	3.051175389754982	dp_full	-0.0095229733622783	0.012019329716629026	0.03460035674266684
log-power-n1n2psd.pathfinder.klw	Risky second	14.0	3.1360815473105736	dp_full	-0.008968946330848706	0.012562983794486091	0.03481308940519812
log-power-n1n2psd.pathfinder.klw	Risky second	14.0	3.2233504191221405	dp_full	-0.00839595347324336	0.013185483484070188	0.03537240312518796
log-power-n1n2psd.pathfinder.klw	Risky second	14.0	3.31304775329107	dp_full	-0.007436043085865496	0.013954076976013523	0.036100894526898714
log-power-n1n2psd.pathfinder.klw	Risky second	14.0	3.40524112751487	dp_full	-0.006526737208094095	0.014865451979382834	0.03693323749327747
log-power-n1n2psd.pathfinder.klw	Risky second	14.0	3.5000000000000004	dp_full	-0.005524057202702147	0.015784510458064713	0.037685444477686236
log-power-n1n2psd.pathfinder.klw	Risky second	14.0	1.2	dp_bias	0.020818217635558838	0.04195035969850386	0.06527267518453692
log-power-n1n2psd.pathfinder.klw	Risky second	14.0	1.233392832614218	dp_bias	0.02129359166549633	0.04257326415803117	0.06638516124471867
log-power-n1n2psd.pathfinder.klw	Risky second	14.0	1.267714899620104	dp_bias	0.02130278873997379	0.042935608054245844	0.06677732524880137
log-power-n1n2psd.pathfinder.klw	Risky second	14.0	1.3029920591580744	dp_bias	0.021102578981804277	0.04289733525658579	0.06650646294103682
log-power-n1n2psd.pathfinder.klw	Risky second	14.0	1.339250888932342	dp_bias	0.020689630529981764	0.042486703097273495	0.06615847301225997
log-power-n1n2psd.pathfinder.klw	Risky second	14.0	1.3765187062344757	dp_bias	0.01995639972928193	0.041910946370956915	0.06543322414880483
log-power-n1n2psd.pathfinder.klw	Risky second	14.0	1.4148235885241658	dp_bias	0.018822339425916757	0.04095908257053234	0.06456708205975935
log-power-n1n2psd.pathfinder.klw	Risky second	14.0	1.454194394582695	dp_bias	0.01786717181455585	0.039813170282633106	0.06352498813460264
log-power-n1n2psd.pathfinder.klw	Risky second	14.0	1.4946607862550567	dp_bias	0.016737460733040603	0.038417844577374946	0.062241504292951284
log-power-n1n2psd.pathfinder.klw	Risky second	14.0	1.5362532507970992	dp_bias	0.01512775471330061	0.03687685676514043	0.060988873010255525
log-power-n1n2psd.pathfinder.klw	Risky second	14.0	1.579003123844529	dp_bias	0.013675122028275338	0.035202167702861054	0.05911869852998813
log-power-n1n2psd.pathfinder.klw	Risky second	14.0	1.6229426130210856	dp_bias	0.012306818276035926	0.03341567311874766	0.0572292905473948
log-power-n1n2psd.pathfinder.klw	Risky second	14.0	1.6681048222036647	dp_bias	0.010426400159003462	0.031631655717183585	0.05559737617512206
log-power-n1n2psd.pathfinder.klw	Risky second	14.0	1.714523776462679	dp_bias	0.008658621221826101	0.02982156340579594	0.053711963813019674
log-power-n1n2psd.pathfinder.klw	Risky second	14.0	1.7622344476964418	dp_bias	0.00693653089571133	0.027895843918241	0.051956286206912124
log-power-n1n2psd.pathfinder.klw	Risky second	14.0	1.8112727809788889	dp_bias	0.0049947030863649175	0.026124332948153896	0.05020248785365242
log-power-n1n2psd.pathfinder.klw	Risky second	14.0	1.861675721640487	dp_bias	0.0033337071967546213	0.024357288118608447	0.04825259874237058
log-power-n1n2psd.pathfinder.klw	Risky second	14.0	1.9134812431027324	dp_bias	0.0015121797313188082	0.022659015533548474	0.046590089833616254
log-power-n1n2psd.pathfinder.klw	Risky second	14.0	1.9667283754872122	dp_bias	-0.00030091655644010426	0.02115352532293522	0.04506005162198545
log-power-n1n2psd.pathfinder.klw	Risky second	14.0	2.021457235020777	dp_bias	-0.0018489451953663531	0.019688536744591638	0.04350352731323671
log-power-n1n2psd.pathfinder.klw	Risky second	14.0	2.0777090542589844	dp_bias	-0.0032029477361338655	0.018324950587772948	0.04204488309268547
log-power-n1n2psd.pathfinder.klw	Risky second	14.0	2.1355262131505808	dp_bias	-0.004639948757499566	0.017087607285888984	0.04067316059506278
log-power-n1n2psd.pathfinder.klw	Risky second	14.0	2.1949522709664246	dp_bias	-0.005771538327959147	0.015891402760854916	0.03965309530143589
log-power-n1n2psd.pathfinder.klw	Risky second	14.0	2.256031999116908	dp_bias	-0.0070753144392928565	0.014914482720571014	0.038893096905259675
log-power-n1n2psd.pathfinder.klw	Risky second	14.0	2.3188114148826	dp_bias	-0.00804178885406626	0.014147491314167517	0.038018383691183995
log-power-n1n2psd.pathfinder.klw	Risky second	14.0	2.3833378160835275	dp_bias	-0.008871788649062608	0.013383298062681456	0.03713672083069528
log-power-n1n2psd.pathfinder.klw	Risky second	14.0	2.4496598167132055	dp_bias	-0.00951516862416105	0.012796007659868406	0.03642129425010755
log-power-n1n2psd.pathfinder.klw	Risky second	14.0	2.5178273835642724	dp_bias	-0.010009000019196601	0.012350300536415788	0.036081436862599826
log-power-n1n2psd.pathfinder.klw	Risky second	14.0	2.58789187387332	dp_bias	-0.010263833489126264	0.012071719790719842	0.035682589223837886
log-power-n1n2psd.pathfinder.klw	Risky second	14.0	2.659906074013276	dp_bias	-0.010246315759765923	0.011956643348931515	0.03524490436208802
log-power-n1n2psd.pathfinder.klw	Risky second	14.0	2.7339242392624983	dp_bias	-0.010366873177272945	0.01198810181743281	0.035095067403488917
log-power-n1n2psd.pathfinder.klw	Risky second	14.0	2.8100021346805373	dp_bias	-0.01018025298998705	0.012196361088595701	0.03512970521703574
log-power-n1n2psd.pathfinder.klw	Risky second	14.0	2.8881970771213568	dp_bias	-0.009712511223881082	0.012524568689996586	0.034918582718898694
log-power-n1n2psd.pathfinder.klw	Risky second	14.0	2.9685679784156793	dp_bias	-0.009300545525499606	0.012846935269102973	0.03492195739327234
log-power-n1n2psd.pathfinder.klw	Risky second	14.0	3.051175389754982	dp_bias	-0.008733523279345047	0.013330760298914699	0.035073981180080226
log-power-n1n2psd.pathfinder.klw	Risky second	14.0	3.1360815473105736	dp_bias	-0.007814184857861783	0.013872750428350789	0.0354220704628264
log-power-n1n2psd.pathfinder.klw	Risky second	14.0	3.2233504191221405	dp_bias	-0.00676389641786774	0.014671136613273659	0.0356194060299364
log-power-n1n2psd.pathfinder.klw	Risky second	14.0	3.31304775329107	dp_bias	-0.005832105966930398	0.01550781527523816	0.03596666151128526
log-power-n1n2psd.pathfinder.klw	Risky second	14.0	3.40524112751487	dp_bias	-0.004773568235462536	0.01641444139323628	0.0364291799855397
log-power-n1n2psd.pathfinder.klw	Risky second	14.0	3.5000000000000004	dp_bias	-0.0037169368622846817	0.01729646442968965	0.037281642420424574
log-power-n1n2psd.pathfinder.klw	Risky second	14.0	1.2	dp_scale	-0.015196796063228456	0.0021171029083138617	0.018794643165923434
log-power-n1n2psd.pathfinder.klw	Risky second	14.0	1.233392832614218	dp_scale	-0.015144437945336025	0.0022361585286821885	0.018977647220223468
log-power-n1n2psd.pathfinder.klw	Risky second	14.0	1.267714899620104	dp_scale	-0.014821550340438859	0.0023155927807783374	0.019058265953431075
log-power-n1n2psd.pathfinder.klw	Risky second	14.0	1.3029920591580744	dp_scale	-0.01442988543638303	0.002420260493613316	0.018851437838262274
log-power-n1n2psd.pathfinder.klw	Risky second	14.0	1.339250888932342	dp_scale	-0.013905939967353991	0.002484376138908761	0.01841728030158313
log-power-n1n2psd.pathfinder.klw	Risky second	14.0	1.3765187062344757	dp_scale	-0.013119535574330226	0.0025268622261238735	0.01787578086329004
log-power-n1n2psd.pathfinder.klw	Risky second	14.0	1.4148235885241658	dp_scale	-0.012333388588644377	0.002614734478901849	0.017114115192881238
log-power-n1n2psd.pathfinder.klw	Risky second	14.0	1.454194394582695	dp_scale	-0.011330604076465469	0.0026143196248977	0.016395253317326292
log-power-n1n2psd.pathfinder.klw	Risky second	14.0	1.4946607862550567	dp_scale	-0.010364988780645403	0.0026029617486633383	0.015491191429903883
log-power-n1n2psd.pathfinder.klw	Risky second	14.0	1.5362532507970992	dp_scale	-0.009451992677873632	0.0025241796762665676	0.01436453147948878
log-power-n1n2psd.pathfinder.klw	Risky second	14.0	1.579003123844529	dp_scale	-0.008352577144423222	0.002428898260882219	0.013170410191744227
log-power-n1n2psd.pathfinder.klw	Risky second	14.0	1.6229426130210856	dp_scale	-0.007342754873962616	0.0023648086288080416	0.011871494639225379
log-power-n1n2psd.pathfinder.klw	Risky second	14.0	1.6681048222036647	dp_scale	-0.006330800885765102	0.0022718663048959193	0.010936685057175736
log-power-n1n2psd.pathfinder.klw	Risky second	14.0	1.714523776462679	dp_scale	-0.0053029007674505885	0.00218409517418488	0.010076551151880112
log-power-n1n2psd.pathfinder.klw	Risky second	14.0	1.7622344476964418	dp_scale	-0.004656649309576919	0.002143689646962704	0.009404236192357534
log-power-n1n2psd.pathfinder.klw	Risky second	14.0	1.8112727809788889	dp_scale	-0.004234378944069932	0.0020664583835388953	0.009017856110548127
log-power-n1n2psd.pathfinder.klw	Risky second	14.0	1.861675721640487	dp_scale	-0.004236151590545115	0.001977730475960851	0.008937196855163058
log-power-n1n2psd.pathfinder.klw	Risky second	14.0	1.9134812431027324	dp_scale	-0.0044931809900733005	0.0019537392337492057	0.009162078725394051
log-power-n1n2psd.pathfinder.klw	Risky second	14.0	1.9667283754872122	dp_scale	-0.00521510273117944	0.0019629638653445615	0.009607895402386046
log-power-n1n2psd.pathfinder.klw	Risky second	14.0	2.021457235020777	dp_scale	-0.005960499623029271	0.0019812292758060396	0.010360336325547054
log-power-n1n2psd.pathfinder.klw	Risky second	14.0	2.0777090542589844	dp_scale	-0.006570684766498137	0.0020770445946138496	0.011154934821280545
log-power-n1n2psd.pathfinder.klw	Risky second	14.0	2.1355262131505808	dp_scale	-0.007220488394945457	0.0021097536683394045	0.01205272776067217
log-power-n1n2psd.pathfinder.klw	Risky second	14.0	2.1949522709664246	dp_scale	-0.007944028551427885	0.0021985691664875005	0.012745987907554528
log-power-n1n2psd.pathfinder.klw	Risky second	14.0	2.256031999116908	dp_scale	-0.008594384176363499	0.002278298269832935	0.013567781971632682
log-power-n1n2psd.pathfinder.klw	Risky second	14.0	2.3188114148826	dp_scale	-0.00904545121280282	0.0024138470158280006	0.014180250428140166
log-power-n1n2psd.pathfinder.klw	Risky second	14.0	2.3833378160835275	dp_scale	-0.00937598343965773	0.00253103686546832	0.014714456747056261
log-power-n1n2psd.pathfinder.klw	Risky second	14.0	2.4496598167132055	dp_scale	-0.009678593133167848	0.002637249763276791	0.015184710981055964
log-power-n1n2psd.pathfinder.klw	Risky second	14.0	2.5178273835642724	dp_scale	-0.009942500147743222	0.0027485801772083665	0.015575447912248465
log-power-n1n2psd.pathfinder.klw	Risky second	14.0	2.58789187387332	dp_scale	-0.010132604207663895	0.0028334783809782216	0.015926939015383425
log-power-n1n2psd.pathfinder.klw	Risky second	14.0	2.659906074013276	dp_scale	-0.010249542487740642	0.0029392974191564634	0.0161229820349193
log-power-n1n2psd.pathfinder.klw	Risky second	14.0	2.7339242392624983	dp_scale	-0.01031530023741994	0.0030439109553950018	0.01631735865186608
log-power-n1n2psd.pathfinder.klw	Risky second	14.0	2.8100021346805373	dp_scale	-0.010303954937934541	0.003132090411424124	0.016368358816706365
log-power-n1n2psd.pathfinder.klw	Risky second	14.0	2.8881970771213568	dp_scale	-0.01030205354688945	0.0031596890245324588	0.016333385539708183
log-power-n1n2psd.pathfinder.klw	Risky second	14.0	2.9685679784156793	dp_scale	-0.010221873753773968	0.0031762416759894994	0.01644164479889003
log-power-n1n2psd.pathfinder.klw	Risky second	14.0	3.051175389754982	dp_scale	-0.010150294295521634	0.003152877900640996	0.016362344762423594
log-power-n1n2psd.pathfinder.klw	Risky second	14.0	3.1360815473105736	dp_scale	-0.009953449287120076	0.003153937121513337	0.016165634861252803
log-power-n1n2psd.pathfinder.klw	Risky second	14.0	3.2233504191221405	dp_scale	-0.009780723386260737	0.003113523673717108	0.015878705621227
log-power-n1n2psd.pathfinder.klw	Risky second	14.0	3.31304775329107	dp_scale	-0.009611580370319115	0.00304227649063418	0.015499252772533013
log-power-n1n2psd.pathfinder.klw	Risky second	14.0	3.40524112751487	dp_scale	-0.009384265892308718	0.002957762725780655	0.015200203295460037
log-power-n1n2psd.pathfinder.klw	Risky second	14.0	3.5000000000000004	dp_scale	-0.00930229531862164	0.002821872185900193	0.014815014959774766
log-power-n1n2psd.pathfinder.klw	Risky second	14.0	1.2	dp_interaction	-0.005694314134101405	-0.00023997747588542178	0.00455333937161005
log-power-n1n2psd.pathfinder.klw	Risky second	14.0	1.233392832614218	dp_interaction	-0.006084710300368036	-0.0002772826112790826	0.0048332020321626605
log-power-n1n2psd.pathfinder.klw	Risky second	14.0	1.267714899620104	dp_interaction	-0.006329906816141964	-0.0003003492529744178	0.00500569959109458
log-power-n1n2psd.pathfinder.klw	Risky second	14.0	1.3029920591580744	dp_interaction	-0.00652998675761569	-0.00031476991430820457	0.005174032258399962
log-power-n1n2psd.pathfinder.klw	Risky second	14.0	1.339250888932342	dp_interaction	-0.006572797520446544	-0.0003159782896570327	0.005267400600427086
log-power-n1n2psd.pathfinder.klw	Risky second	14.0	1.3765187062344757	dp_interaction	-0.006535222745576952	-0.00032121319570033245	0.005269314842563217
log-power-n1n2psd.pathfinder.klw	Risky second	14.0	1.4148235885241658	dp_interaction	-0.006381040767210555	-0.00028729021837854327	0.005166334409419673
log-power-n1n2psd.pathfinder.klw	Risky second	14.0	1.454194394582695	dp_interaction	-0.006267239243173726	-0.0002716215087054986	0.005091918988381409
log-power-n1n2psd.pathfinder.klw	Risky second	14.0	1.4946607862550567	dp_interaction	-0.005945093495555644	-0.00027290287371070946	0.004989192530779011
log-power-n1n2psd.pathfinder.klw	Risky second	14.0	1.5362532507970992	dp_interaction	-0.0057142725339717915	-0.00027790833412816545	0.0048028165372377704
log-power-n1n2psd.pathfinder.klw	Risky second	14.0	1.579003123844529	dp_interaction	-0.00545734364736732	-0.00028929079256887673	0.0046294515983050545
log-power-n1n2psd.pathfinder.klw	Risky second	14.0	1.6229426130210856	dp_interaction	-0.005172281093188028	-0.0002750430053814984	0.0043797194445766695
log-power-n1n2psd.pathfinder.klw	Risky second	14.0	1.6681048222036647	dp_interaction	-0.0050031934331346275	-0.0002989309700710017	0.004134484713778898
log-power-n1n2psd.pathfinder.klw	Risky second	14.0	1.714523776462679	dp_interaction	-0.004819230084474318	-0.0003688477023057598	0.0038412758592098533
log-power-n1n2psd.pathfinder.klw	Risky second	14.0	1.7622344476964418	dp_interaction	-0.00471118365108216	-0.00042398414765396834	0.003590928180038026
log-power-n1n2psd.pathfinder.klw	Risky second	14.0	1.8112727809788889	dp_interaction	-0.004650093608891064	-0.0004999577563507454	0.0033877367372928723
log-power-n1n2psd.pathfinder.klw	Risky second	14.0	1.861675721640487	dp_interaction	-0.004629662382082412	-0.0006162330630549774	0.0031435419217401075
log-power-n1n2psd.pathfinder.klw	Risky second	14.0	1.9134812431027324	dp_interaction	-0.004725781790632472	-0.0007563285670745387	0.00292966997804269
log-power-n1n2psd.pathfinder.klw	Risky second	14.0	1.9667283754872122	dp_interaction	-0.004921591354080069	-0.000908795809606743	0.0027924035656396555
log-power-n1n2psd.pathfinder.klw	Risky second	14.0	2.021457235020777	dp_interaction	-0.005093985613381287	-0.0010805381932859185	0.0026825581498375055
log-power-n1n2psd.pathfinder.klw	Risky second	14.0	2.0777090542589844	dp_interaction	-0.0054309193153700575	-0.0012500080396757797	0.002608703380118843
log-power-n1n2psd.pathfinder.klw	Risky second	14.0	2.1355262131505808	dp_interaction	-0.005866129747510152	-0.0014463813098006914	0.0025571141102271547
log-power-n1n2psd.pathfinder.klw	Risky second	14.0	2.1949522709664246	dp_interaction	-0.006305902422002627	-0.0016571684495057869	0.002506105043802763
log-power-n1n2psd.pathfinder.klw	Risky second	14.0	2.256031999116908	dp_interaction	-0.006816635425950394	-0.0018983856220192996	0.0025054802057043325
log-power-n1n2psd.pathfinder.klw	Risky second	14.0	2.3188114148826	dp_interaction	-0.007346490434435845	-0.0021613546736467745	0.0025709626825167423
log-power-n1n2psd.pathfinder.klw	Risky second	14.0	2.3833378160835275	dp_interaction	-0.007878490091101495	-0.0024198901746310293	0.0024759111652974735
log-power-n1n2psd.pathfinder.klw	Risky second	14.0	2.4496598167132055	dp_interaction	-0.008358095787388362	-0.0027005886534271096	0.0024187600129468574
log-power-n1n2psd.pathfinder.klw	Risky second	14.0	2.5178273835642724	dp_interaction	-0.008802711828728792	-0.002955988660588097	0.002370152107910534
log-power-n1n2psd.pathfinder.klw	Risky second	14.0	2.58789187387332	dp_interaction	-0.009261316053133323	-0.003216931640087296	0.0023831455026068244
log-power-n1n2psd.pathfinder.klw	Risky second	14.0	2.659906074013276	dp_interaction	-0.009590883780537235	-0.003462301656720435	0.0023729676520407436
log-power-n1n2psd.pathfinder.klw	Risky second	14.0	2.7339242392624983	dp_interaction	-0.009955605193330719	-0.00368306638477306	0.002332059315036834
log-power-n1n2psd.pathfinder.klw	Risky second	14.0	2.8100021346805373	dp_interaction	-0.010203550809138918	-0.0038708621870728165	0.002226763800458938
log-power-n1n2psd.pathfinder.klw	Risky second	14.0	2.8881970771213568	dp_interaction	-0.010448296816553643	-0.004059088873228074	0.002052451881907484
log-power-n1n2psd.pathfinder.klw	Risky second	14.0	2.9685679784156793	dp_interaction	-0.010604657272087195	-0.004195621347881231	0.001898007537081498
log-power-n1n2psd.pathfinder.klw	Risky second	14.0	3.051175389754982	dp_interaction	-0.010628068742106036	-0.004272880504507951	0.0017953888920585461
log-power-n1n2psd.pathfinder.klw	Risky second	14.0	3.1360815473105736	dp_interaction	-0.010597995258009361	-0.004338228479246764	0.0016894988793243761
log-power-n1n2psd.pathfinder.klw	Risky second	14.0	3.2233504191221405	dp_interaction	-0.010456452476463993	-0.004342050712934548	0.0016514966621503006
log-power-n1n2psd.pathfinder.klw	Risky second	14.0	3.31304775329107	dp_interaction	-0.010347966340907592	-0.0043164759588574225	0.0015320808568694841
log-power-n1n2psd.pathfinder.klw	Risky second	14.0	3.40524112751487	dp_interaction	-0.010115920198751613	-0.004219400047374799	0.0013719852457983353
log-power-n1n2psd.pathfinder.klw	Risky second	14.0	3.5000000000000004	dp_interaction	-0.009887245713581485	-0.004074437279372288	0.0012397889134917572
log-power-n1n2psd.pathfinder.klw	Risky second	14.0	1.2	num_shift	0.01054087870755031	0.0330100184512735	0.05749211440485968
log-power-n1n2psd.pathfinder.klw	Risky second	14.0	1.233392832614218	num_shift	0.010280188126043428	0.03237073630403051	0.0567917595818616
log-power-n1n2psd.pathfinder.klw	Risky second	14.0	1.267714899620104	num_shift	0.009774666917591882	0.031767612237962636	0.05580207217406099
log-power-n1n2psd.pathfinder.klw	Risky second	14.0	1.3029920591580744	num_shift	0.009289770872694668	0.031137585982740204	0.0548041056338925
log-power-n1n2psd.pathfinder.klw	Risky second	14.0	1.339250888932342	num_shift	0.00879637955515596	0.030505531835778952	0.053948357851185944
log-power-n1n2psd.pathfinder.klw	Risky second	14.0	1.3765187062344757	num_shift	0.008595410735777244	0.029888985094958256	0.05333859805512777
log-power-n1n2psd.pathfinder.klw	Risky second	14.0	1.4148235885241658	num_shift	0.008216062965316955	0.02936036953078541	0.05257777296935518
log-power-n1n2psd.pathfinder.klw	Risky second	14.0	1.454194394582695	num_shift	0.00748401395455899	0.028857631074060607	0.05197388692952912
log-power-n1n2psd.pathfinder.klw	Risky second	14.0	1.4946607862550567	num_shift	0.006982922211917245	0.028310461375787632	0.05134211319591505
log-power-n1n2psd.pathfinder.klw	Risky second	14.0	1.5362532507970992	num_shift	0.00660091886351586	0.027773981635238386	0.05076902722228034
log-power-n1n2psd.pathfinder.klw	Risky second	14.0	1.579003123844529	num_shift	0.0061564406564476905	0.02730512170089356	0.0503850212469068
log-power-n1n2psd.pathfinder.klw	Risky second	14.0	1.6229426130210856	num_shift	0.005613700631865488	0.0268546656200669	0.04997585902099658
log-power-n1n2psd.pathfinder.klw	Risky second	14.0	1.6681048222036647	num_shift	0.005023185302602394	0.026348080238106537	0.049555468657103356
log-power-n1n2psd.pathfinder.klw	Risky second	14.0	1.714523776462679	num_shift	0.004335083099014305	0.025872626152471066	0.04923925098032484
log-power-n1n2psd.pathfinder.klw	Risky second	14.0	1.7622344476964418	num_shift	0.003678542603929797	0.025460594071954598	0.04903077877776184
log-power-n1n2psd.pathfinder.klw	Risky second	14.0	1.8112727809788889	num_shift	0.0031504305126642475	0.025014673954584205	0.04894526193949106
log-power-n1n2psd.pathfinder.klw	Risky second	14.0	1.861675721640487	num_shift	0.0026686350590894073	0.024662503954967892	0.048592436489662626
log-power-n1n2psd.pathfinder.klw	Risky second	14.0	1.9134812431027324	num_shift	0.0020954305130526465	0.024310188205480553	0.04855171610102375
log-power-n1n2psd.pathfinder.klw	Risky second	14.0	1.9667283754872122	num_shift	0.0015267761040197731	0.024012686454627653	0.04824080285312981
log-power-n1n2psd.pathfinder.klw	Risky second	14.0	2.021457235020777	num_shift	0.0009490318386822265	0.02376621496892274	0.04813546134300437
log-power-n1n2psd.pathfinder.klw	Risky second	14.0	2.0777090542589844	num_shift	0.00047411564896626603	0.0234699721065125	0.048217604051159595
log-power-n1n2psd.pathfinder.klw	Risky second	14.0	2.1355262131505808	num_shift	-4.8519436646015515e-05	0.023171251678634368	0.048382224764085414
log-power-n1n2psd.pathfinder.klw	Risky second	14.0	2.1949522709664246	num_shift	-0.0005266847445520366	0.022892192276299638	0.04851957060094552
log-power-n1n2psd.pathfinder.klw	Risky second	14.0	2.256031999116908	num_shift	-0.0008794340336307512	0.022672505976071615	0.048592554586146926
log-power-n1n2psd.pathfinder.klw	Risky second	14.0	2.3188114148826	num_shift	-0.0014051645847679409	0.022451273198024677	0.048595221803526115
log-power-n1n2psd.pathfinder.klw	Risky second	14.0	2.3833378160835275	num_shift	-0.0018431513628829302	0.02232611642664313	0.04829550041559965
log-power-n1n2psd.pathfinder.klw	Risky second	14.0	2.4496598167132055	num_shift	-0.0022544879459589404	0.022115205911611403	0.04837656158216989
log-power-n1n2psd.pathfinder.klw	Risky second	14.0	2.5178273835642724	num_shift	-0.00273279830472254	0.022050337038708637	0.048493058517169396
log-power-n1n2psd.pathfinder.klw	Risky second	14.0	2.58789187387332	num_shift	-0.0033185473822906117	0.021978092129224733	0.04879548341337552
log-power-n1n2psd.pathfinder.klw	Risky second	14.0	2.659906074013276	num_shift	-0.0038419179156629697	0.02193321822175783	0.04928154227162349
log-power-n1n2psd.pathfinder.klw	Risky second	14.0	2.7339242392624983	num_shift	-0.004469499361364312	0.021940157635349927	0.04954217086340297
log-power-n1n2psd.pathfinder.klw	Risky second	14.0	2.8100021346805373	num_shift	-0.004876040090559645	0.02191156142021794	0.04982457097116562
log-power-n1n2psd.pathfinder.klw	Risky second	14.0	2.8881970771213568	num_shift	-0.005144666497261957	0.02184742643145443	0.050180831671297325
log-power-n1n2psd.pathfinder.klw	Risky second	14.0	2.9685679784156793	num_shift	-0.005491382812737148	0.021942465971820445	0.05050598586162083
log-power-n1n2psd.pathfinder.klw	Risky second	14.0	3.051175389754982	num_shift	-0.006048134992134015	0.022022178189016035	0.0510124582042121
log-power-n1n2psd.pathfinder.klw	Risky second	14.0	3.1360815473105736	num_shift	-0.0065346582284061955	0.02210667200020674	0.051723112844112164
log-power-n1n2psd.pathfinder.klw	Risky second	14.0	3.2233504191221405	num_shift	-0.006726411279094152	0.02235991782743682	0.05237270797404358
log-power-n1n2psd.pathfinder.klw	Risky second	14.0	3.31304775329107	num_shift	-0.006996722873450325	0.02253510862538102	0.053362837906186775
log-power-n1n2psd.pathfinder.klw	Risky second	14.0	3.40524112751487	num_shift	-0.007170865195071564	0.022755337098184274	0.05435017449188783
log-power-n1n2psd.pathfinder.klw	Risky second	14.0	3.5000000000000004	num_shift	-0.007341537317100473	0.02299407767686719	0.055308731682385495
log-power-n1n2psd.pathfinder.klw	Risky second	14.0	1.2	den_ratio	0.9442147909684362	1.0380703300707392	1.1415857281070592
log-power-n1n2psd.pathfinder.klw	Risky second	14.0	1.233392832614218	den_ratio	0.9442132126669435	1.0377812997081417	1.14171656468771
log-power-n1n2psd.pathfinder.klw	Risky second	14.0	1.267714899620104	den_ratio	0.9436857734812419	1.0375089460621933	1.1415105657953342
log-power-n1n2psd.pathfinder.klw	Risky second	14.0	1.3029920591580744	den_ratio	0.943461393778795	1.0371083599802668	1.1408293271841963
log-power-n1n2psd.pathfinder.klw	Risky second	14.0	1.339250888932342	den_ratio	0.9432642694964909	1.0367738216000721	1.1401293117513176
log-power-n1n2psd.pathfinder.klw	Risky second	14.0	1.3765187062344757	den_ratio	0.943056511661752	1.036477544666114	1.1399310568726553
log-power-n1n2psd.pathfinder.klw	Risky second	14.0	1.4148235885241658	den_ratio	0.9427714960749403	1.036238944635313	1.1394988312903296
log-power-n1n2psd.pathfinder.klw	Risky second	14.0	1.454194394582695	den_ratio	0.942648989564156	1.0359091636170636	1.139094752620521
log-power-n1n2psd.pathfinder.klw	Risky second	14.0	1.4946607862550567	den_ratio	0.9423738535541258	1.0356103398545398	1.1388479574561092
log-power-n1n2psd.pathfinder.klw	Risky second	14.0	1.5362532507970992	den_ratio	0.941892675013594	1.0352415786401221	1.1386551341575142
log-power-n1n2psd.pathfinder.klw	Risky second	14.0	1.579003123844529	den_ratio	0.9413192746188499	1.0351487476303158	1.1383750981929275
log-power-n1n2psd.pathfinder.klw	Risky second	14.0	1.6229426130210856	den_ratio	0.9410875094467198	1.0348488489474086	1.1377961511962384
log-power-n1n2psd.pathfinder.klw	Risky second	14.0	1.6681048222036647	den_ratio	0.9411399935859033	1.0345608811857132	1.1373506907644744
log-power-n1n2psd.pathfinder.klw	Risky second	14.0	1.714523776462679	den_ratio	0.9405819859722908	1.0342146250498843	1.1370820118521632
log-power-n1n2psd.pathfinder.klw	Risky second	14.0	1.7622344476964418	den_ratio	0.940539554642823	1.0339674423321301	1.136936721209144
log-power-n1n2psd.pathfinder.klw	Risky second	14.0	1.8112727809788889	den_ratio	0.940076414788109	1.033536725364561	1.1366659931665373
log-power-n1n2psd.pathfinder.klw	Risky second	14.0	1.861675721640487	den_ratio	0.9402140567369442	1.033179296328452	1.1364902410855393
log-power-n1n2psd.pathfinder.klw	Risky second	14.0	1.9134812431027324	den_ratio	0.939807126469137	1.0328443932186127	1.1360423515984588
log-power-n1n2psd.pathfinder.klw	Risky second	14.0	1.9667283754872122	den_ratio	0.9392432424632134	1.0325876284191398	1.1354152613199142
log-power-n1n2psd.pathfinder.klw	Risky second	14.0	2.021457235020777	den_ratio	0.9386163056425529	1.0322514707768482	1.1350365422772177
log-power-n1n2psd.pathfinder.klw	Risky second	14.0	2.0777090542589844	den_ratio	0.9375653815849546	1.0318882800505773	1.1350156861580551
log-power-n1n2psd.pathfinder.klw	Risky second	14.0	2.1355262131505808	den_ratio	0.9374896687076394	1.0316785235593082	1.1345281635230178
log-power-n1n2psd.pathfinder.klw	Risky second	14.0	2.1949522709664246	den_ratio	0.9369993153113196	1.0313451167687666	1.1340250369706664
log-power-n1n2psd.pathfinder.klw	Risky second	14.0	2.256031999116908	den_ratio	0.9365621437104852	1.0309473613300058	1.1338577579646392
log-power-n1n2psd.pathfinder.klw	Risky second	14.0	2.3188114148826	den_ratio	0.9362464228395135	1.0306973238524768	1.1337322657445912
log-power-n1n2psd.pathfinder.klw	Risky second	14.0	2.3833378160835275	den_ratio	0.9358943532044375	1.0304288936387491	1.133721420107753
log-power-n1n2psd.pathfinder.klw	Risky second	14.0	2.4496598167132055	den_ratio	0.9355822430736428	1.0300645644879163	1.1333840845881114
log-power-n1n2psd.pathfinder.klw	Risky second	14.0	2.5178273835642724	den_ratio	0.9352507283591633	1.029747102917717	1.1332258777083148
log-power-n1n2psd.pathfinder.klw	Risky second	14.0	2.58789187387332	den_ratio	0.935053229147002	1.0293823972226397	1.1330048840552012
log-power-n1n2psd.pathfinder.klw	Risky second	14.0	2.659906074013276	den_ratio	0.9348217303207689	1.0288865217758514	1.1331264883426966
log-power-n1n2psd.pathfinder.klw	Risky second	14.0	2.7339242392624983	den_ratio	0.9344738234332454	1.0285588780523482	1.1330596130237114
log-power-n1n2psd.pathfinder.klw	Risky second	14.0	2.8100021346805373	den_ratio	0.934123067923624	1.0281583699671517	1.132730006351522
log-power-n1n2psd.pathfinder.klw	Risky second	14.0	2.8881970771213568	den_ratio	0.933328792290255	1.0279935786178278	1.132612951840063
log-power-n1n2psd.pathfinder.klw	Risky second	14.0	2.9685679784156793	den_ratio	0.9331349669770052	1.0275883184664159	1.132626204106132
log-power-n1n2psd.pathfinder.klw	Risky second	14.0	3.051175389754982	den_ratio	0.9327472776516853	1.027128440573872	1.1323248101115737
log-power-n1n2psd.pathfinder.klw	Risky second	14.0	3.1360815473105736	den_ratio	0.9324915451143493	1.026844748781678	1.1320481512220126
log-power-n1n2psd.pathfinder.klw	Risky second	14.0	3.2233504191221405	den_ratio	0.9322388530097351	1.0265637647585426	1.1320967832640125
log-power-n1n2psd.pathfinder.klw	Risky second	14.0	3.31304775329107	den_ratio	0.9315318183621207	1.0263887118727943	1.1321746396198933
log-power-n1n2psd.pathfinder.klw	Risky second	14.0	3.40524112751487	den_ratio	0.9310294067726368	1.026048608177285	1.1318631540926132
log-power-n1n2psd.pathfinder.klw	Risky second	14.0	3.5000000000000004	den_ratio	0.9305351805756786	1.0258629925782046	1.1321471067474012
log-power-n1n2psd.pathfinder.klw	Risky second	20.0	1.2	p_vertex	0.13916047217765293	0.1614112592302862	0.18601580677963986
log-power-n1n2psd.pathfinder.klw	Risky second	20.0	1.233392832614218	p_vertex	0.15542317944172598	0.17796724784273077	0.2032089164007508
log-power-n1n2psd.pathfinder.klw	Risky second	20.0	1.267714899620104	p_vertex	0.17227322363550232	0.19542718820281685	0.22127378362508926
log-power-n1n2psd.pathfinder.klw	Risky second	20.0	1.3029920591580744	p_vertex	0.19004179291591217	0.21368399459376886	0.24010304057641232
log-power-n1n2psd.pathfinder.klw	Risky second	20.0	1.339250888932342	p_vertex	0.20837260582467165	0.23271866665652002	0.25956448644620167
log-power-n1n2psd.pathfinder.klw	Risky second	20.0	1.3765187062344757	p_vertex	0.22786298950133946	0.25237006348962787	0.2794964091428211
log-power-n1n2psd.pathfinder.klw	Risky second	20.0	1.4148235885241658	p_vertex	0.24765395036617208	0.27265610455615846	0.2998363492350269
log-power-n1n2psd.pathfinder.klw	Risky second	20.0	1.454194394582695	p_vertex	0.26792044000765297	0.293534488429057	0.32082126076483103
log-power-n1n2psd.pathfinder.klw	Risky second	20.0	1.4946607862550567	p_vertex	0.2890069527739187	0.31463740857605405	0.3419069410951292
log-power-n1n2psd.pathfinder.klw	Risky second	20.0	1.5362532507970992	p_vertex	0.3105461297284597	0.3360195756947787	0.36323704951014485
log-power-n1n2psd.pathfinder.klw	Risky second	20.0	1.579003123844529	p_vertex	0.3321419024795851	0.3576937003871762	0.38455366736504115
log-power-n1n2psd.pathfinder.klw	Risky second	20.0	1.6229426130210856	p_vertex	0.35406337035156527	0.37962060591254676	0.4062746599098448
log-power-n1n2psd.pathfinder.klw	Risky second	20.0	1.6681048222036647	p_vertex	0.37616855094929336	0.40148409983050504	0.4279888398204502
log-power-n1n2psd.pathfinder.klw	Risky second	20.0	1.714523776462679	p_vertex	0.3983216770850656	0.4234652709724431	0.44947563629767917
log-power-n1n2psd.pathfinder.klw	Risky second	20.0	1.7622344476964418	p_vertex	0.4204431160665194	0.44523362108156506	0.4706745827844419
log-power-n1n2psd.pathfinder.klw	Risky second	20.0	1.8112727809788889	p_vertex	0.4423149313878833	0.46675576592637646	0.4918732551008818
log-power-n1n2psd.pathfinder.klw	Risky second	20.0	1.861675721640487	p_vertex	0.4637286521962104	0.4880348186916832	0.5126416682214743
log-power-n1n2psd.pathfinder.klw	Risky second	20.0	1.9134812431027324	p_vertex	0.4851491313614016	0.5089711389751121	0.5331203492525796
log-power-n1n2psd.pathfinder.klw	Risky second	20.0	1.9667283754872122	p_vertex	0.505888071221016	0.5295128923261574	0.5529030448020137
log-power-n1n2psd.pathfinder.klw	Risky second	20.0	2.021457235020777	p_vertex	0.5263485346558506	0.5494637186510367	0.572584423567898
log-power-n1n2psd.pathfinder.klw	Risky second	20.0	2.0777090542589844	p_vertex	0.5460656118186219	0.5689205175874734	0.5917191078645565
log-power-n1n2psd.pathfinder.klw	Risky second	20.0	2.1355262131505808	p_vertex	0.5650706001371039	0.5877331777951909	0.6100596501619192
log-power-n1n2psd.pathfinder.klw	Risky second	20.0	2.1949522709664246	p_vertex	0.5836723423115511	0.6058380752185623	0.6280948167831821
log-power-n1n2psd.pathfinder.klw	Risky second	20.0	2.256031999116908	p_vertex	0.6015080029177818	0.623291683100288	0.6451865060587253
log-power-n1n2psd.pathfinder.klw	Risky second	20.0	2.3188114148826	p_vertex	0.6185718559561868	0.6401440694572664	0.6616623562942678
log-power-n1n2psd.pathfinder.klw	Risky second	20.0	2.3833378160835275	p_vertex	0.6348828368992355	0.6561115608567247	0.6776118700573894
log-power-n1n2psd.pathfinder.klw	Risky second	20.0	2.4496598167132055	p_vertex	0.6502645506956646	0.6713224121789976	0.692509912380527
log-power-n1n2psd.pathfinder.klw	Risky second	20.0	2.5178273835642724	p_vertex	0.6651165613446329	0.6858639003993571	0.706813740778697
log-power-n1n2psd.pathfinder.klw	Risky second	20.0	2.58789187387332	p_vertex	0.6790920191847403	0.699578471632944	0.7206961732897403
log-power-n1n2psd.pathfinder.klw	Risky second	20.0	2.659906074013276	p_vertex	0.6921019065507805	0.7125946932029735	0.7336202117635523
log-power-n1n2psd.pathfinder.klw	Risky second	20.0	2.7339242392624983	p_vertex	0.7042125860802466	0.7247359843209752	0.7454677076106311
log-power-n1n2psd.pathfinder.klw	Risky second	20.0	2.8100021346805373	p_vertex	0.7157541317354341	0.7361994365302367	0.7565896306396052
log-power-n1n2psd.pathfinder.klw	Risky second	20.0	2.8881970771213568	p_vertex	0.7265778666865359	0.746875181212562	0.7673653146859342
log-power-n1n2psd.pathfinder.klw	Risky second	20.0	2.9685679784156793	p_vertex	0.7363658946403984	0.7569637466111988	0.777298907211129
log-power-n1n2psd.pathfinder.klw	Risky second	20.0	3.051175389754982	p_vertex	0.745814565348323	0.7664414725652817	0.7869355080696269
log-power-n1n2psd.pathfinder.klw	Risky second	20.0	3.1360815473105736	p_vertex	0.7543441552176189	0.7752197190501369	0.795893239934767
log-power-n1n2psd.pathfinder.klw	Risky second	20.0	3.2233504191221405	p_vertex	0.7622388206026055	0.7834453814852784	0.8040404982922479
log-power-n1n2psd.pathfinder.klw	Risky second	20.0	3.31304775329107	p_vertex	0.7694225444078017	0.791038377838505	0.811876660853093
log-power-n1n2psd.pathfinder.klw	Risky second	20.0	3.40524112751487	p_vertex	0.776201574198005	0.7981374457219518	0.8193760431174716
log-power-n1n2psd.pathfinder.klw	Risky second	20.0	3.5000000000000004	p_vertex	0.7821949656036776	0.804830690282641	0.8262785308161688
log-power-n1n2psd.pathfinder.klw	Risky second	20.0	1.2	p_full	0.17375128231485346	0.19956773320623775	0.22703440604920333
log-power-n1n2psd.pathfinder.klw	Risky second	20.0	1.233392832614218	p_full	0.18994500981871199	0.21616338024766607	0.24397021514207864
log-power-n1n2psd.pathfinder.klw	Risky second	20.0	1.267714899620104	p_full	0.20667777837960774	0.23338510981254976	0.2614207852899406
log-power-n1n2psd.pathfinder.klw	Risky second	20.0	1.3029920591580744	p_full	0.2243714765753122	0.2511028932654249	0.2793802397759374
log-power-n1n2psd.pathfinder.klw	Risky second	20.0	1.339250888932342	p_full	0.24249605115636855	0.26944109883938694	0.2981164171980442
log-power-n1n2psd.pathfinder.klw	Risky second	20.0	1.3765187062344757	p_full	0.26113556669828936	0.28825587397313907	0.3170286330542211
log-power-n1n2psd.pathfinder.klw	Risky second	20.0	1.4148235885241658	p_full	0.28030973665030595	0.30747921933630573	0.3364231117573006
log-power-n1n2psd.pathfinder.klw	Risky second	20.0	1.454194394582695	p_full	0.3001370653006667	0.32712648606016953	0.35611145729802063
log-power-n1n2psd.pathfinder.klw	Risky second	20.0	1.4946607862550567	p_full	0.32004557618884893	0.34708971810158773	0.3759085831577907
log-power-n1n2psd.pathfinder.klw	Risky second	20.0	1.5362532507970992	p_full	0.34019933596395163	0.3672410953779794	0.3957643558706193
log-power-n1n2psd.pathfinder.klw	Risky second	20.0	1.579003123844529	p_full	0.3606806876794338	0.3875397457834495	0.4159087255122197
log-power-n1n2psd.pathfinder.klw	Risky second	20.0	1.6229426130210856	p_full	0.38152963137441215	0.40805411708134964	0.43606855751311474
log-power-n1n2psd.pathfinder.klw	Risky second	20.0	1.6681048222036647	p_full	0.4023250818632753	0.4285485988586385	0.4562550835024105
log-power-n1n2psd.pathfinder.klw	Risky second	20.0	1.714523776462679	p_full	0.4231689709302326	0.44901925637009543	0.47636526032287824
log-power-n1n2psd.pathfinder.klw	Risky second	20.0	1.7622344476964418	p_full	0.4438990276104077	0.4693304040381811	0.49612461522150153
log-power-n1n2psd.pathfinder.klw	Risky second	20.0	1.8112727809788889	p_full	0.464330646652022	0.48956138516504877	0.516200906068401
log-power-n1n2psd.pathfinder.klw	Risky second	20.0	1.861675721640487	p_full	0.48474983288334395	0.5095299759362357	0.5355379788312244
log-power-n1n2psd.pathfinder.klw	Risky second	20.0	1.9134812431027324	p_full	0.5051262858395068	0.5292294771419996	0.5548167126702119
log-power-n1n2psd.pathfinder.klw	Risky second	20.0	1.9667283754872122	p_full	0.5250825625877308	0.5486920431874687	0.573477669452574
log-power-n1n2psd.pathfinder.klw	Risky second	20.0	2.021457235020777	p_full	0.5445742958433619	0.5677297822727585	0.5921481153243363
log-power-n1n2psd.pathfinder.klw	Risky second	20.0	2.0777090542589844	p_full	0.5637696201574027	0.5863097036712028	0.6102125019586336
log-power-n1n2psd.pathfinder.klw	Risky second	20.0	2.1355262131505808	p_full	0.5821791525033501	0.6044205688049769	0.6276911979395281
log-power-n1n2psd.pathfinder.klw	Risky second	20.0	2.1949522709664246	p_full	0.6000892083969379	0.622203388143759	0.6449561564774936
log-power-n1n2psd.pathfinder.klw	Risky second	20.0	2.256031999116908	p_full	0.6175949297196338	0.6394401823891671	0.6618640871295817
log-power-n1n2psd.pathfinder.klw	Risky second	20.0	2.3188114148826	p_full	0.6346637303102601	0.656218689906898	0.6781440262495867
log-power-n1n2psd.pathfinder.klw	Risky second	20.0	2.3833378160835275	p_full	0.651299174382144	0.672473179881079	0.6939990491504536
log-power-n1n2psd.pathfinder.klw	Risky second	20.0	2.4496598167132055	p_full	0.6671467679355576	0.687990708827674	0.7093270940189468
log-power-n1n2psd.pathfinder.klw	Risky second	20.0	2.5178273835642724	p_full	0.6823550346179129	0.703053525688021	0.7239912718283414
log-power-n1n2psd.pathfinder.klw	Risky second	20.0	2.58789187387332	p_full	0.6969794434225927	0.7175099068241684	0.7379799637834784
log-power-n1n2psd.pathfinder.klw	Risky second	20.0	2.659906074013276	p_full	0.7109531540440438	0.7314251415974017	0.7516670425746604
log-power-n1n2psd.pathfinder.klw	Risky second	20.0	2.7339242392624983	p_full	0.7242048097461856	0.744734548821264	0.7647383050687067
log-power-n1n2psd.pathfinder.klw	Risky second	20.0	2.8100021346805373	p_full	0.7368647189864468	0.7573698068402435	0.7775478488927013
log-power-n1n2psd.pathfinder.klw	Risky second	20.0	2.8881970771213568	p_full	0.7489117212651396	0.7693850707207344	0.789374130644548
log-power-n1n2psd.pathfinder.klw	Risky second	20.0	2.9685679784156793	p_full	0.7602781418053459	0.7808125449575989	0.8008461970508188
log-power-n1n2psd.pathfinder.klw	Risky second	20.0	3.051175389754982	p_full	0.7710662753753027	0.7916804229249725	0.8116565403490669
log-power-n1n2psd.pathfinder.klw	Risky second	20.0	3.1360815473105736	p_full	0.7810409291320952	0.8019972249000851	0.8219648783496869
log-power-n1n2psd.pathfinder.klw	Risky second	20.0	3.2233504191221405	p_full	0.7905928296030685	0.8117386772287762	0.8319554572625661
log-power-n1n2psd.pathfinder.klw	Risky second	20.0	3.31304775329107	p_full	0.7995937135277409	0.8209451094666024	0.8413392069162821
log-power-n1n2psd.pathfinder.klw	Risky second	20.0	3.40524112751487	p_full	0.8080626311170052	0.8295878665362488	0.8502369556211501
log-power-n1n2psd.pathfinder.klw	Risky second	20.0	3.5000000000000004	p_full	0.8160184842910938	0.8376758330955715	0.858553044941619
log-power-n1n2psd.pathfinder.klw	Risky second	20.0	1.2	p_bias_only	0.17254115189856217	0.19780768176915536	0.22431995273784006
log-power-n1n2psd.pathfinder.klw	Risky second	20.0	1.233392832614218	p_bias_only	0.18871920801010278	0.21443492130171224	0.24108016358090134
log-power-n1n2psd.pathfinder.klw	Risky second	20.0	1.267714899620104	p_bias_only	0.2057813039780733	0.23165385591839008	0.25847378520631964
log-power-n1n2psd.pathfinder.klw	Risky second	20.0	1.3029920591580744	p_bias_only	0.2235162878079222	0.24937700538891	0.2763747732469762
log-power-n1n2psd.pathfinder.klw	Risky second	20.0	1.339250888932342	p_bias_only	0.24141650473422901	0.2677123277753203	0.29486369114337885
log-power-n1n2psd.pathfinder.klw	Risky second	20.0	1.3765187062344757	p_bias_only	0.2600284516866745	0.2865622700820598	0.31382947398221167
log-power-n1n2psd.pathfinder.klw	Risky second	20.0	1.4148235885241658	p_bias_only	0.27935081217869684	0.30573057179020785	0.33325749527575194
log-power-n1n2psd.pathfinder.klw	Risky second	20.0	1.454194394582695	p_bias_only	0.29916224396714697	0.3253952581817729	0.3529210768350158
log-power-n1n2psd.pathfinder.klw	Risky second	20.0	1.4946607862550567	p_bias_only	0.31922556270678665	0.34537452740105884	0.3728370902770027
log-power-n1n2psd.pathfinder.klw	Risky second	20.0	1.5362532507970992	p_bias_only	0.3396330094738891	0.36554184846419224	0.3927421336617681
log-power-n1n2psd.pathfinder.klw	Risky second	20.0	1.579003123844529	p_bias_only	0.360214468992626	0.38598539124970116	0.4129599504470199
log-power-n1n2psd.pathfinder.klw	Risky second	20.0	1.6229426130210856	p_bias_only	0.38114074631428524	0.4065190281971382	0.43383713336132473
log-power-n1n2psd.pathfinder.klw	Risky second	20.0	1.6681048222036647	p_bias_only	0.4019005404028569	0.42711204328626745	0.4542191929370528
log-power-n1n2psd.pathfinder.klw	Risky second	20.0	1.714523776462679	p_bias_only	0.42270404762536384	0.4477142525021605	0.4746526145593579
log-power-n1n2psd.pathfinder.klw	Risky second	20.0	1.7622344476964418	p_bias_only	0.4435493831725289	0.468044395898885	0.4947795020494923
log-power-n1n2psd.pathfinder.klw	Risky second	20.0	1.8112727809788889	p_bias_only	0.4643033928282121	0.48826784670739337	0.5148553960897325
log-power-n1n2psd.pathfinder.klw	Risky second	20.0	1.861675721640487	p_bias_only	0.4847860209941284	0.5084584036458699	0.5346321910415242
log-power-n1n2psd.pathfinder.klw	Risky second	20.0	1.9134812431027324	p_bias_only	0.5045743008702087	0.5282784587886349	0.5542229309309125
log-power-n1n2psd.pathfinder.klw	Risky second	20.0	1.9667283754872122	p_bias_only	0.524284323747869	0.547806050972083	0.573369212806494
log-power-n1n2psd.pathfinder.klw	Risky second	20.0	2.021457235020777	p_bias_only	0.5435027387795442	0.566859011477784	0.5925005164935322
log-power-n1n2psd.pathfinder.klw	Risky second	20.0	2.0777090542589844	p_bias_only	0.5623711241369169	0.5855281369115304	0.6108971044832592
log-power-n1n2psd.pathfinder.klw	Risky second	20.0	2.1355262131505808	p_bias_only	0.5808926711438317	0.6038378145739721	0.6286311419149262
log-power-n1n2psd.pathfinder.klw	Risky second	20.0	2.1949522709664246	p_bias_only	0.5987655374114226	0.6215994856070183	0.6461375269649485
log-power-n1n2psd.pathfinder.klw	Risky second	20.0	2.256031999116908	p_bias_only	0.6159911599039964	0.638787541109993	0.6633953310957151
log-power-n1n2psd.pathfinder.klw	Risky second	20.0	2.3188114148826	p_bias_only	0.6327692587726327	0.6554948779248206	0.6797359689754472
log-power-n1n2psd.pathfinder.klw	Risky second	20.0	2.3833378160835275	p_bias_only	0.6492176394074683	0.6716241645627059	0.6956206574935145
log-power-n1n2psd.pathfinder.klw	Risky second	20.0	2.4496598167132055	p_bias_only	0.6651570721637738	0.687324266250489	0.7111079767081894
log-power-n1n2psd.pathfinder.klw	Risky second	20.0	2.5178273835642724	p_bias_only	0.6803143027226174	0.7024819194996459	0.7258366699512134
log-power-n1n2psd.pathfinder.klw	Risky second	20.0	2.58789187387332	p_bias_only	0.6951303943889227	0.7170829564054828	0.7399942970829284
log-power-n1n2psd.pathfinder.klw	Risky second	20.0	2.659906074013276	p_bias_only	0.7092551251991022	0.7310315279688206	0.7536975044548686
log-power-n1n2psd.pathfinder.klw	Risky second	20.0	2.7339242392624983	p_bias_only	0.7228782064668804	0.7443956929871443	0.7670145320058641
log-power-n1n2psd.pathfinder.klw	Risky second	20.0	2.8100021346805373	p_bias_only	0.7354557957942681	0.7572021180515329	0.7797044461596843
log-power-n1n2psd.pathfinder.klw	Risky second	20.0	2.8881970771213568	p_bias_only	0.747471930659511	0.7693542353680123	0.7916848852081976
log-power-n1n2psd.pathfinder.klw	Risky second	20.0	2.9685679784156793	p_bias_only	0.7590797210179532	0.7809551052992393	0.8031173997967991
log-power-n1n2psd.pathfinder.klw	Risky second	20.0	3.051175389754982	p_bias_only	0.7699603168188554	0.7919445223000261	0.8139561270034165
log-power-n1n2psd.pathfinder.klw	Risky second	20.0	3.1360815473105736	p_bias_only	0.7800365052129448	0.8022534538197075	0.824500823636475
log-power-n1n2psd.pathfinder.klw	Risky second	20.0	3.2233504191221405	p_bias_only	0.7898899618241374	0.8121050965078566	0.8342786908804398
log-power-n1n2psd.pathfinder.klw	Risky second	20.0	3.31304775329107	p_bias_only	0.7991355078522036	0.8214637688273392	0.8433899173907605
log-power-n1n2psd.pathfinder.klw	Risky second	20.0	3.40524112751487	p_bias_only	0.8076848817529801	0.8302151700205116	0.8521642703353262
log-power-n1n2psd.pathfinder.klw	Risky second	20.0	3.5000000000000004	p_bias_only	0.8157874259695647	0.8384568640591576	0.8604795556256338
log-power-n1n2psd.pathfinder.klw	Risky second	20.0	1.2	p_scale_only	0.14015045672007076	0.16219391395164096	0.185919822825685
log-power-n1n2psd.pathfinder.klw	Risky second	20.0	1.233392832614218	p_scale_only	0.15598628816753782	0.17874982984478444	0.20292090624710804
log-power-n1n2psd.pathfinder.klw	Risky second	20.0	1.267714899620104	p_scale_only	0.17296935969903074	0.19621048603292054	0.2205130426507366
log-power-n1n2psd.pathfinder.klw	Risky second	20.0	1.3029920591580744	p_scale_only	0.1905488686283687	0.21442169107630357	0.23931360638748012
log-power-n1n2psd.pathfinder.klw	Risky second	20.0	1.339250888932342	p_scale_only	0.20905761144465848	0.2334155601644725	0.25852897635392585
log-power-n1n2psd.pathfinder.klw	Risky second	20.0	1.3765187062344757	p_scale_only	0.22852706966692085	0.25309198676451017	0.27855343468608895
log-power-n1n2psd.pathfinder.klw	Risky second	20.0	1.4148235885241658	p_scale_only	0.2485234228267061	0.2733508217858155	0.299056016177405
log-power-n1n2psd.pathfinder.klw	Risky second	20.0	1.454194394582695	p_scale_only	0.26901506974358547	0.2940972523271168	0.31982705320891835
log-power-n1n2psd.pathfinder.klw	Risky second	20.0	1.4946607862550567	p_scale_only	0.2898595401985106	0.31525736029842655	0.3413177753821075
log-power-n1n2psd.pathfinder.klw	Risky second	20.0	1.5362532507970992	p_scale_only	0.311248315454534	0.33678125282500837	0.36285753780249586
log-power-n1n2psd.pathfinder.klw	Risky second	20.0	1.579003123844529	p_scale_only	0.33308525930763266	0.3586194378950781	0.384641102964943
log-power-n1n2psd.pathfinder.klw	Risky second	20.0	1.6229426130210856	p_scale_only	0.355200263700147	0.380518593433671	0.40623463212368577
log-power-n1n2psd.pathfinder.klw	Risky second	20.0	1.6681048222036647	p_scale_only	0.377429696006738	0.4025704342994915	0.4280203668662434
log-power-n1n2psd.pathfinder.klw	Risky second	20.0	1.714523776462679	p_scale_only	0.3997474738568569	0.42464428397922227	0.45001884161296946
log-power-n1n2psd.pathfinder.klw	Risky second	20.0	1.7622344476964418	p_scale_only	0.42174124167259663	0.4464714624987673	0.47180540845392066
log-power-n1n2psd.pathfinder.klw	Risky second	20.0	1.8112727809788889	p_scale_only	0.4433177348235231	0.4680776570519659	0.49331072254358793
log-power-n1n2psd.pathfinder.klw	Risky second	20.0	1.861675721640487	p_scale_only	0.46493431761053305	0.48951122555312676	0.5145350334141642
log-power-n1n2psd.pathfinder.klw	Risky second	20.0	1.9134812431027324	p_scale_only	0.48635813507190784	0.5105629121538517	0.5352743271885239
log-power-n1n2psd.pathfinder.klw	Risky second	20.0	1.9667283754872122	p_scale_only	0.5075200481099374	0.5312658754572437	0.555364659699755
log-power-n1n2psd.pathfinder.klw	Risky second	20.0	2.021457235020777	p_scale_only	0.5280764511686226	0.5513990833053242	0.575309374722976
log-power-n1n2psd.pathfinder.klw	Risky second	20.0	2.0777090542589844	p_scale_only	0.5479648015909314	0.571055800664666	0.5950312237154716
log-power-n1n2psd.pathfinder.klw	Risky second	20.0	2.1355262131505808	p_scale_only	0.5671501976632656	0.5901355596593859	0.6138879523705981
log-power-n1n2psd.pathfinder.klw	Risky second	20.0	2.1949522709664246	p_scale_only	0.5857845745180535	0.6085666186183091	0.631961610668619
log-power-n1n2psd.pathfinder.klw	Risky second	20.0	2.256031999116908	p_scale_only	0.6036355057788131	0.6262647784230111	0.6494924314732969
log-power-n1n2psd.pathfinder.klw	Risky second	20.0	2.3188114148826	p_scale_only	0.6207810970427968	0.6433143221930523	0.6663529721318606
log-power-n1n2psd.pathfinder.klw	Risky second	20.0	2.3833378160835275	p_scale_only	0.6373308422516378	0.6594948950502835	0.6824849453234734
log-power-n1n2psd.pathfinder.klw	Risky second	20.0	2.4496598167132055	p_scale_only	0.6529043584978771	0.6748797449777924	0.6974846107348412
log-power-n1n2psd.pathfinder.klw	Risky second	20.0	2.5178273835642724	p_scale_only	0.6677900541155678	0.6894515767447469	0.7121232109146755
log-power-n1n2psd.pathfinder.klw	Risky second	20.0	2.58789187387332	p_scale_only	0.6818447300741677	0.7032806341125387	0.7260264746905526
log-power-n1n2psd.pathfinder.klw	Risky second	20.0	2.659906074013276	p_scale_only	0.6952213546319419	0.7163651127997336	0.7389944831722887
log-power-n1n2psd.pathfinder.klw	Risky second	20.0	2.7339242392624983	p_scale_only	0.7078068893301885	0.7287564664658981	0.7507565007955407
log-power-n1n2psd.pathfinder.klw	Risky second	20.0	2.8100021346805373	p_scale_only	0.7194732196558076	0.7402694961342575	0.7621466481273443
log-power-n1n2psd.pathfinder.klw	Risky second	20.0	2.8881970771213568	p_scale_only	0.7303992227348588	0.7511067148606956	0.7725962813469986
log-power-n1n2psd.pathfinder.klw	Risky second	20.0	2.9685679784156793	p_scale_only	0.740453075389611	0.7612282381978084	0.782534279050516
log-power-n1n2psd.pathfinder.klw	Risky second	20.0	3.051175389754982	p_scale_only	0.7497665705374853	0.7707893296712696	0.7920740790237628
log-power-n1n2psd.pathfinder.klw	Risky second	20.0	3.1360815473105736	p_scale_only	0.7584138323171732	0.7796675051863351	0.8010186835822358
log-power-n1n2psd.pathfinder.klw	Risky second	20.0	3.2233504191221405	p_scale_only	0.7665630141775839	0.7878723426776517	0.809237586705755
log-power-n1n2psd.pathfinder.klw	Risky second	20.0	3.31304775329107	p_scale_only	0.7739711260410196	0.7955293385247002	0.8168465934898698
log-power-n1n2psd.pathfinder.klw	Risky second	20.0	3.40524112751487	p_scale_only	0.7806710884032382	0.8027230140426262	0.8240234438334623
log-power-n1n2psd.pathfinder.klw	Risky second	20.0	3.5000000000000004	p_scale_only	0.7871590633004033	0.8093134724272656	0.8309571514611914
log-power-n1n2psd.pathfinder.klw	Risky second	20.0	1.2	dp_full	0.008489417724865332	0.03773656264674073	0.06919584159184086
log-power-n1n2psd.pathfinder.klw	Risky second	20.0	1.233392832614218	dp_full	0.007962343908548976	0.03773037769836591	0.0697115352380561
log-power-n1n2psd.pathfinder.klw	Risky second	20.0	1.267714899620104	dp_full	0.007065815103183673	0.03740176811125581	0.0698496398557732
log-power-n1n2psd.pathfinder.klw	Risky second	20.0	1.3029920591580744	dp_full	0.006313021222238217	0.036909938596813324	0.06959037034781775
log-power-n1n2psd.pathfinder.klw	Risky second	20.0	1.339250888932342	dp_full	0.00511339241405695	0.03621423569314359	0.06943239629600967
log-power-n1n2psd.pathfinder.klw	Risky second	20.0	1.3765187062344757	dp_full	0.00432493038248944	0.035338621490529985	0.06905400264456346
log-power-n1n2psd.pathfinder.klw	Risky second	20.0	1.4148235885241658	dp_full	0.003262858436540007	0.034425552742267926	0.0680176866927353
log-power-n1n2psd.pathfinder.klw	Risky second	20.0	1.454194394582695	dp_full	0.0021508024940639255	0.03336957948489465	0.06694254792595138
log-power-n1n2psd.pathfinder.klw	Risky second	20.0	1.4946607862550567	dp_full	0.0007719252280535224	0.03212813844821469	0.06629962965052379
log-power-n1n2psd.pathfinder.klw	Risky second	20.0	1.5362532507970992	dp_full	-0.0003177937784212943	0.030907341043366395	0.06506175164394667
log-power-n1n2psd.pathfinder.klw	Risky second	20.0	1.579003123844529	dp_full	-0.001644191422113649	0.029494841129072878	0.06325213890617909
log-power-n1n2psd.pathfinder.klw	Risky second	20.0	1.6229426130210856	dp_full	-0.002944202780142073	0.02801644316311678	0.061772105370560444
log-power-n1n2psd.pathfinder.klw	Risky second	20.0	1.6681048222036647	dp_full	-0.004098036191445515	0.02659209154737146	0.060176643039536175
log-power-n1n2psd.pathfinder.klw	Risky second	20.0	1.714523776462679	dp_full	-0.0052806198952715195	0.0251554201660101	0.05790982069617509
log-power-n1n2psd.pathfinder.klw	Risky second	20.0	1.7622344476964418	dp_full	-0.006310264344154983	0.023774378770705117	0.056275341299976626
log-power-n1n2psd.pathfinder.klw	Risky second	20.0	1.8112727809788889	dp_full	-0.00720659172734887	0.022477296323809237	0.05439874487819526
log-power-n1n2psd.pathfinder.klw	Risky second	20.0	1.861675721640487	dp_full	-0.008035742640231162	0.021295598635004777	0.052502281484220086
log-power-n1n2psd.pathfinder.klw	Risky second	20.0	1.9134812431027324	dp_full	-0.008920922473401484	0.020062729941587983	0.05058753756727836
log-power-n1n2psd.pathfinder.klw	Risky second	20.0	1.9667283754872122	dp_full	-0.009625121252251637	0.01907758222175935	0.049315890626861876
log-power-n1n2psd.pathfinder.klw	Risky second	20.0	2.021457235020777	dp_full	-0.010173812276928311	0.018116398579832327	0.04793496306353576
log-power-n1n2psd.pathfinder.klw	Risky second	20.0	2.0777090542589844	dp_full	-0.01066472249059479	0.017258782593337293	0.046606232039702544
log-power-n1n2psd.pathfinder.klw	Risky second	20.0	2.1355262131505808	dp_full	-0.011329091497196641	0.016533786150984466	0.04562867246173602
log-power-n1n2psd.pathfinder.klw	Risky second	20.0	2.1949522709664246	dp_full	-0.011541175442962707	0.016247219990102597	0.04459010169079679
log-power-n1n2psd.pathfinder.klw	Risky second	20.0	2.256031999116908	dp_full	-0.011363030221652496	0.016042969468070316	0.04407584182118904
log-power-n1n2psd.pathfinder.klw	Risky second	20.0	2.3188114148826	dp_full	-0.011362604441947012	0.016019415202161106	0.04394289623187343
log-power-n1n2psd.pathfinder.klw	Risky second	20.0	2.3833378160835275	dp_full	-0.01106347763226153	0.01619183777769033	0.043891407472179046
log-power-n1n2psd.pathfinder.klw	Risky second	20.0	2.4496598167132055	dp_full	-0.010565545616802443	0.016578886502128888	0.04378255753678767
log-power-n1n2psd.pathfinder.klw	Risky second	20.0	2.5178273835642724	dp_full	-0.00997368302413608	0.01704940677451847	0.04433053063548855
log-power-n1n2psd.pathfinder.klw	Risky second	20.0	2.58789187387332	dp_full	-0.00915383429739568	0.01792239236383849	0.04495945761478768
log-power-n1n2psd.pathfinder.klw	Risky second	20.0	2.659906074013276	dp_full	-0.008056504953051807	0.018779900314006906	0.04555711579003446
log-power-n1n2psd.pathfinder.klw	Risky second	20.0	2.7339242392624983	dp_full	-0.0071221554747058855	0.019952596438541297	0.04645489085506331
log-power-n1n2psd.pathfinder.klw	Risky second	20.0	2.8100021346805373	dp_full	-0.005739189463808706	0.021130518912589696	0.0476851390155617
log-power-n1n2psd.pathfinder.klw	Risky second	20.0	2.8881970771213568	dp_full	-0.004456323415041608	0.022573350032444366	0.048961930980732274
log-power-n1n2psd.pathfinder.klw	Risky second	20.0	2.9685679784156793	dp_full	-0.003415134363871715	0.02399813967832589	0.05041076577103843
log-power-n1n2psd.pathfinder.klw	Risky second	20.0	3.051175389754982	dp_full	-0.0021712677298652222	0.025351815639895615	0.05197916024455005
log-power-n1n2psd.pathfinder.klw	Risky second	20.0	3.1360815473105736	dp_full	-0.0009268273120453139	0.026976773863884036	0.05356854763244549
log-power-n1n2psd.pathfinder.klw	Risky second	20.0	3.2233504191221405	dp_full	0.0004976797543138023	0.028504278394619484	0.05547979990165433
log-power-n1n2psd.pathfinder.klw	Risky second	20.0	3.31304775329107	dp_full	0.0012165165539410577	0.029909658759060813	0.05737315063954304
log-power-n1n2psd.pathfinder.klw	Risky second	20.0	3.40524112751487	dp_full	0.002239461237596878	0.03140402546810244	0.059286896073123437
log-power-n1n2psd.pathfinder.klw	Risky second	20.0	3.5000000000000004	dp_full	0.003295634168802936	0.03295254433318404	0.0610214886693829
log-power-n1n2psd.pathfinder.klw	Risky second	20.0	1.2	dp_bias	0.0106137830791165	0.03600630980201723	0.06300493837986165
log-power-n1n2psd.pathfinder.klw	Risky second	20.0	1.233392832614218	dp_bias	0.010050523201662444	0.035941628370875486	0.063321440905139
log-power-n1n2psd.pathfinder.klw	Risky second	20.0	1.267714899620104	dp_bias	0.008953069673755004	0.03560503820828842	0.06368027646766138
log-power-n1n2psd.pathfinder.klw	Risky second	20.0	1.3029920591580744	dp_bias	0.007936053118494397	0.03516836564412929	0.06386531415157545
log-power-n1n2psd.pathfinder.klw	Risky second	20.0	1.339250888932342	dp_bias	0.007105130453121133	0.03444589472387892	0.06358492247881396
log-power-n1n2psd.pathfinder.klw	Risky second	20.0	1.3765187062344757	dp_bias	0.005949567960614083	0.03358014171688722	0.06299336680930391
log-power-n1n2psd.pathfinder.klw	Risky second	20.0	1.4148235885241658	dp_bias	0.00481767533293085	0.03257826383048874	0.06224695506585276
log-power-n1n2psd.pathfinder.klw	Risky second	20.0	1.454194394582695	dp_bias	0.0036109334474876595	0.03138301177443123	0.06162327923506308
log-power-n1n2psd.pathfinder.klw	Risky second	20.0	1.4946607862550567	dp_bias	0.002215544081505926	0.030364316941100693	0.06101244658878512
log-power-n1n2psd.pathfinder.klw	Risky second	20.0	1.5362532507970992	dp_bias	0.0005771395978740914	0.029166678751706608	0.0602688435998226
log-power-n1n2psd.pathfinder.klw	Risky second	20.0	1.579003123844529	dp_bias	-0.0007531922859021661	0.027902260431389492	0.05920297039462914
log-power-n1n2psd.pathfinder.klw	Risky second	20.0	1.6229426130210856	dp_bias	-0.0021685651388061414	0.026666594483520486	0.05788124789237221
log-power-n1n2psd.pathfinder.klw	Risky second	20.0	1.6681048222036647	dp_bias	-0.0035050981977810913	0.025412366035186443	0.056641437749565406
log-power-n1n2psd.pathfinder.klw	Risky second	20.0	1.714523776462679	dp_bias	-0.004627144345109217	0.024054859870626256	0.055212256007056884
log-power-n1n2psd.pathfinder.klw	Risky second	20.0	1.7622344476964418	dp_bias	-0.006019789562777149	0.022705790972215242	0.05412386080762928
log-power-n1n2psd.pathfinder.klw	Risky second	20.0	1.8112727809788889	dp_bias	-0.007090554008512953	0.021503534771084895	0.052533446107155005
log-power-n1n2psd.pathfinder.klw	Risky second	20.0	1.861675721640487	dp_bias	-0.007969601950031676	0.02027009025335441	0.051125428207326185
log-power-n1n2psd.pathfinder.klw	Risky second	20.0	1.9134812431027324	dp_bias	-0.008606644627782736	0.019301572022517817	0.04940231618408687
log-power-n1n2psd.pathfinder.klw	Risky second	20.0	1.9667283754872122	dp_bias	-0.009471004141219378	0.01834970252866659	0.048368291438364554
log-power-n1n2psd.pathfinder.klw	Risky second	20.0	2.021457235020777	dp_bias	-0.009994654442135155	0.017398604327552504	0.04737932737879113
log-power-n1n2psd.pathfinder.klw	Risky second	20.0	2.0777090542589844	dp_bias	-0.010536244677086283	0.01664387812387677	0.04641441998490851
log-power-n1n2psd.pathfinder.klw	Risky second	20.0	2.1355262131505808	dp_bias	-0.011248786911760327	0.016169044117777746	0.045523086171173045
log-power-n1n2psd.pathfinder.klw	Risky second	20.0	2.1949522709664246	dp_bias	-0.01150852838194913	0.015826399676072002	0.044767408866232684
log-power-n1n2psd.pathfinder.klw	Risky second	20.0	2.256031999116908	dp_bias	-0.011778170604463161	0.015572185329988454	0.044142159768072155
log-power-n1n2psd.pathfinder.klw	Risky second	20.0	2.3188114148826	dp_bias	-0.011350678847661855	0.015593715576027345	0.04389468249666688
log-power-n1n2psd.pathfinder.klw	Risky second	20.0	2.3833378160835275	dp_bias	-0.011068066154694757	0.015809171320410792	0.043759709590589016
log-power-n1n2psd.pathfinder.klw	Risky second	20.0	2.4496598167132055	dp_bias	-0.010828454662859787	0.016281464202346926	0.044156537232969945
log-power-n1n2psd.pathfinder.klw	Risky second	20.0	2.5178273835642724	dp_bias	-0.009983775041297018	0.01688690744196142	0.044862223641377354
log-power-n1n2psd.pathfinder.klw	Risky second	20.0	2.58789187387332	dp_bias	-0.009074208774318845	0.017778408206503466	0.045279182297626674
log-power-n1n2psd.pathfinder.klw	Risky second	20.0	2.659906074013276	dp_bias	-0.00789929666556821	0.01879963851529208	0.04614009242719674
log-power-n1n2psd.pathfinder.klw	Risky second	20.0	2.7339242392624983	dp_bias	-0.006754971382004036	0.02001384947192382	0.04710554033546463
log-power-n1n2psd.pathfinder.klw	Risky second	20.0	2.8100021346805373	dp_bias	-0.005394706840408743	0.021266590412169065	0.047850542918542266
log-power-n1n2psd.pathfinder.klw	Risky second	20.0	2.8881970771213568	dp_bias	-0.004211010239642883	0.022742290495873518	0.0488770570181755
log-power-n1n2psd.pathfinder.klw	Risky second	20.0	2.9685679784156793	dp_bias	-0.002564376926236097	0.024229188333141513	0.05003933647737336
log-power-n1n2psd.pathfinder.klw	Risky second	20.0	3.051175389754982	dp_bias	-0.0009932746237463794	0.025831499909019562	0.05158700132511646
log-power-n1n2psd.pathfinder.klw	Risky second	20.0	3.1360815473105736	dp_bias	0.0005130823777915178	0.02742751529246917	0.05323168110473044
log-power-n1n2psd.pathfinder.klw	Risky second	20.0	3.2233504191221405	dp_bias	0.0019152408611397725	0.029015858711546424	0.054883763907981116
log-power-n1n2psd.pathfinder.klw	Risky second	20.0	3.31304775329107	dp_bias	0.0031204598758292168	0.03058099057712365	0.05658850224605607
log-power-n1n2psd.pathfinder.klw	Risky second	20.0	3.40524112751487	dp_bias	0.004454101583923409	0.03236512174018387	0.05854386207677542
log-power-n1n2psd.pathfinder.klw	Risky second	20.0	3.5000000000000004	dp_bias	0.005752575877000083	0.03393535563750682	0.06046941606372924
log-power-n1n2psd.pathfinder.klw	Risky second	20.0	1.2	dp_scale	-0.015085347467934619	0.0005374986894325681	0.0156431811935554
log-power-n1n2psd.pathfinder.klw	Risky second	20.0	1.233392832614218	dp_scale	-0.015005303538857293	0.00043349306882864875	0.01547657517311138
log-power-n1n2psd.pathfinder.klw	Risky second	20.0	1.267714899620104	dp_scale	-0.01480388020916167	0.0003706643196865078	0.015199585225275026
log-power-n1n2psd.pathfinder.klw	Risky second	20.0	1.3029920591580744	dp_scale	-0.014425969788693486	0.00038449693474040976	0.014893541764077365
log-power-n1n2psd.pathfinder.klw	Risky second	20.0	1.339250888932342	dp_scale	-0.013997961934997432	0.0003666875327147758	0.014511940458515386
log-power-n1n2psd.pathfinder.klw	Risky second	20.0	1.3765187062344757	dp_scale	-0.013435248260534568	0.0003980996297273	0.013843493176391018
log-power-n1n2psd.pathfinder.klw	Risky second	20.0	1.4148235885241658	dp_scale	-0.012799929669664634	0.00041401074628615936	0.01324195893620679
log-power-n1n2psd.pathfinder.klw	Risky second	20.0	1.454194394582695	dp_scale	-0.011954223817425438	0.00047866632090769103	0.012533753158229442
log-power-n1n2psd.pathfinder.klw	Risky second	20.0	1.4946607862550567	dp_scale	-0.010958871557947272	0.0005185099842091747	0.011835881658367785
log-power-n1n2psd.pathfinder.klw	Risky second	20.0	1.5362532507970992	dp_scale	-0.010034291318951557	0.0006110143749413599	0.01107002803320642
log-power-n1n2psd.pathfinder.klw	Risky second	20.0	1.579003123844529	dp_scale	-0.009099830641226778	0.0006858302598371791	0.010269096458895647
log-power-n1n2psd.pathfinder.klw	Risky second	20.0	1.6229426130210856	dp_scale	-0.008118462929407117	0.0007626897576642575	0.009568506386198787
log-power-n1n2psd.pathfinder.klw	Risky second	20.0	1.6681048222036647	dp_scale	-0.0070760400489347655	0.0008498726322608525	0.008811171831883258
log-power-n1n2psd.pathfinder.klw	Risky second	20.0	1.714523776462679	dp_scale	-0.00617662178124751	0.000965990334286162	0.008229078794245823
log-power-n1n2psd.pathfinder.klw	Risky second	20.0	1.7622344476964418	dp_scale	-0.005431123187764346	0.0010983427785156534	0.007938162514844459
log-power-n1n2psd.pathfinder.klw	Risky second	20.0	1.8112727809788889	dp_scale	-0.004750556139819953	0.0012542338524089017	0.007789355914640418
log-power-n1n2psd.pathfinder.klw	Risky second	20.0	1.861675721640487	dp_scale	-0.004483460199894156	0.0014280933612280484	0.007973467955231172
log-power-n1n2psd.pathfinder.klw	Risky second	20.0	1.9134812431027324	dp_scale	-0.004315876221207755	0.0016286637121392007	0.008212449836552616
log-power-n1n2psd.pathfinder.klw	Risky second	20.0	1.9667283754872122	dp_scale	-0.0044521394344366316	0.0018555678765756313	0.008679042877217201
log-power-n1n2psd.pathfinder.klw	Risky second	20.0	2.021457235020777	dp_scale	-0.004741387954067403	0.002065630965079284	0.009332795048554039
log-power-n1n2psd.pathfinder.klw	Risky second	20.0	2.0777090542589844	dp_scale	-0.005126158199850795	0.002326921621812336	0.010124241351473865
log-power-n1n2psd.pathfinder.klw	Risky second	20.0	2.1355262131505808	dp_scale	-0.005463648128800426	0.002555940159193173	0.011051204823850956
log-power-n1n2psd.pathfinder.klw	Risky second	20.0	2.1949522709664246	dp_scale	-0.0058624436001009335	0.002814173741461739	0.012071267191049841
log-power-n1n2psd.pathfinder.klw	Risky second	20.0	2.256031999116908	dp_scale	-0.006248616287075221	0.003030220884860149	0.01272253222123485
log-power-n1n2psd.pathfinder.klw	Risky second	20.0	2.3188114148826	dp_scale	-0.006600735405228438	0.003223394639410568	0.01345134306085812
log-power-n1n2psd.pathfinder.klw	Risky second	20.0	2.3833378160835275	dp_scale	-0.006928967708604598	0.003427922379299739	0.014052387938165583
log-power-n1n2psd.pathfinder.klw	Risky second	20.0	2.4496598167132055	dp_scale	-0.007160223144530799	0.003623161568002959	0.014677624182571592
log-power-n1n2psd.pathfinder.klw	Risky second	20.0	2.5178273835642724	dp_scale	-0.00729028335855113	0.0038216492267522427	0.01509206293156585
log-power-n1n2psd.pathfinder.klw	Risky second	20.0	2.58789187387332	dp_scale	-0.007361565720017824	0.003984013284534104	0.01554341300879095
log-power-n1n2psd.pathfinder.klw	Risky second	20.0	2.659906074013276	dp_scale	-0.007515492801589708	0.0040944913638597535	0.015910969263867245
log-power-n1n2psd.pathfinder.klw	Risky second	20.0	2.7339242392624983	dp_scale	-0.007436587912801222	0.004203281849373632	0.01616896181933886
log-power-n1n2psd.pathfinder.klw	Risky second	20.0	2.8100021346805373	dp_scale	-0.007351100753494374	0.004304951967399589	0.016317010987906524
log-power-n1n2psd.pathfinder.klw	Risky second	20.0	2.8881970771213568	dp_scale	-0.007211444800051629	0.0044073233952559845	0.01631307388050458
log-power-n1n2psd.pathfinder.klw	Risky second	20.0	2.9685679784156793	dp_scale	-0.007133040323631006	0.004476613723118704	0.01629125281353166
log-power-n1n2psd.pathfinder.klw	Risky second	20.0	3.051175389754982	dp_scale	-0.006896385646911973	0.00452318236734024	0.016187736680493597
log-power-n1n2psd.pathfinder.klw	Risky second	20.0	3.1360815473105736	dp_scale	-0.006760829946893215	0.004548063403388682	0.016078383972622887
log-power-n1n2psd.pathfinder.klw	Risky second	20.0	3.2233504191221405	dp_scale	-0.006569231560270421	0.004529794151084765	0.015859566009260757
log-power-n1n2psd.pathfinder.klw	Risky second	20.0	3.31304775329107	dp_scale	-0.006373443206838515	0.004556827139150909	0.015605652177513724
log-power-n1n2psd.pathfinder.klw	Risky second	20.0	3.40524112751487	dp_scale	-0.006155723167988943	0.004584011391229398	0.015260521823949446
log-power-n1n2psd.pathfinder.klw	Risky second	20.0	3.5000000000000004	dp_scale	-0.005934144118324109	0.00452605792130325	0.015043414876862896
log-power-n1n2psd.pathfinder.klw	Risky second	20.0	1.2	dp_interaction	-0.0036338713077670704	0.0012359860201574158	0.006441753707145753
log-power-n1n2psd.pathfinder.klw	Risky second	20.0	1.233392832614218	dp_interaction	-0.003732569568970508	0.0013447785054836437	0.006846347688440811
log-power-n1n2psd.pathfinder.klw	Risky second	20.0	1.267714899620104	dp_interaction	-0.0038368729994911217	0.0014038575343295764	0.007024891511114676
log-power-n1n2psd.pathfinder.klw	Risky second	20.0	1.3029920591580744	dp_interaction	-0.0038648982965137214	0.0014488982697065198	0.007186025253944604
log-power-n1n2psd.pathfinder.klw	Risky second	20.0	1.339250888932342	dp_interaction	-0.003844160158743435	0.001490889437109684	0.007242233628441535
log-power-n1n2psd.pathfinder.klw	Risky second	20.0	1.3765187062344757	dp_interaction	-0.0038478056567592366	0.001473193874832752	0.007310523571737446
log-power-n1n2psd.pathfinder.klw	Risky second	20.0	1.4148235885241658	dp_interaction	-0.0038463250538972858	0.0014450521973299946	0.007182059981190836
log-power-n1n2psd.pathfinder.klw	Risky second	20.0	1.454194394582695	dp_interaction	-0.0038499236261842636	0.001342052958613478	0.007026347553977062
log-power-n1n2psd.pathfinder.klw	Risky second	20.0	1.4946607862550567	dp_interaction	-0.0038943000703131046	0.0012133682410330217	0.006775133033908992
log-power-n1n2psd.pathfinder.klw	Risky second	20.0	1.5362532507970992	dp_interaction	-0.003955815637828928	0.0010730496994040867	0.006436892091717546
log-power-n1n2psd.pathfinder.klw	Risky second	20.0	1.579003123844529	dp_interaction	-0.004031376675200598	0.0008919786793427143	0.006039325656824789
log-power-n1n2psd.pathfinder.klw	Risky second	20.0	1.6229426130210856	dp_interaction	-0.004070643694607805	0.0006729302780722377	0.005483817576200827
log-power-n1n2psd.pathfinder.klw	Risky second	20.0	1.6681048222036647	dp_interaction	-0.0041313697160254145	0.00045410786378350363	0.00499814451443441
log-power-n1n2psd.pathfinder.klw	Risky second	20.0	1.714523776462679	dp_interaction	-0.004242976226569833	0.00019424795940963424	0.004537607287575647
log-power-n1n2psd.pathfinder.klw	Risky second	20.0	1.7622344476964418	dp_interaction	-0.004395730817338932	-3.4849375222367654e-05	0.004087323730608768
log-power-n1n2psd.pathfinder.klw	Risky second	20.0	1.8112727809788889	dp_interaction	-0.004545868825973509	-0.0003285834271660355	0.0036297742949545136
log-power-n1n2psd.pathfinder.klw	Risky second	20.0	1.861675721640487	dp_interaction	-0.004784397561755177	-0.0006131182128139762	0.0031802582887992085
log-power-n1n2psd.pathfinder.klw	Risky second	20.0	1.9134812431027324	dp_interaction	-0.005083133219029528	-0.00091119603642523	0.0027841256957714853
log-power-n1n2psd.pathfinder.klw	Risky second	20.0	1.9667283754872122	dp_interaction	-0.005387334130101661	-0.0011923206269835547	0.0025122296831254377
log-power-n1n2psd.pathfinder.klw	Risky second	20.0	2.021457235020777	dp_interaction	-0.0057886397774082965	-0.0014844236014802123	0.0022307355505118347
log-power-n1n2psd.pathfinder.klw	Risky second	20.0	2.0777090542589844	dp_interaction	-0.0061970538945776196	-0.001773457288932542	0.002204502392381165
log-power-n1n2psd.pathfinder.klw	Risky second	20.0	2.1355262131505808	dp_interaction	-0.006613301743793592	-0.002034303719413637	0.002181523598805141
log-power-n1n2psd.pathfinder.klw	Risky second	20.0	2.1949522709664246	dp_interaction	-0.0071438285447371986	-0.002299652793431248	0.0021598855117772077
log-power-n1n2psd.pathfinder.klw	Risky second	20.0	2.256031999116908	dp_interaction	-0.007649817180588822	-0.0025344338621273756	0.0020792312926805816
log-power-n1n2psd.pathfinder.klw	Risky second	20.0	2.3188114148826	dp_interaction	-0.00806802252536426	-0.002762894247192801	0.002026661794756922
log-power-n1n2psd.pathfinder.klw	Risky second	20.0	2.3833378160835275	dp_interaction	-0.008526567552008903	-0.003023483472248959	0.0019062385364045442
log-power-n1n2psd.pathfinder.klw	Risky second	20.0	2.4496598167132055	dp_interaction	-0.008790191862379594	-0.003239108107919049	0.0017777018316714802
log-power-n1n2psd.pathfinder.klw	Risky second	20.0	2.5178273835642724	dp_interaction	-0.009081156384753437	-0.003444087777635164	0.0017010932781683394
log-power-n1n2psd.pathfinder.klw	Risky second	20.0	2.58789187387332	dp_interaction	-0.009311265392850019	-0.003636402798730374	0.0015892113668008493
log-power-n1n2psd.pathfinder.klw	Risky second	20.0	2.659906074013276	dp_interaction	-0.009657456798516182	-0.0038326201210626383	0.0014807294823654445
log-power-n1n2psd.pathfinder.klw	Risky second	20.0	2.7339242392624983	dp_interaction	-0.009812254494570299	-0.004003225128888387	0.0013978373074221087
log-power-n1n2psd.pathfinder.klw	Risky second	20.0	2.8100021346805373	dp_interaction	-0.010106032622635793	-0.004196011665917449	0.0012470614370032789
log-power-n1n2psd.pathfinder.klw	Risky second	20.0	2.8881970771213568	dp_interaction	-0.010381071271236823	-0.004364796126948834	0.0011370986235374298
log-power-n1n2psd.pathfinder.klw	Risky second	20.0	2.9685679784156793	dp_interaction	-0.010647958578483286	-0.004540197577239396	0.0010475839751471472
log-power-n1n2psd.pathfinder.klw	Risky second	20.0	3.051175389754982	dp_interaction	-0.01091161698727373	-0.004667924449501702	0.0009685643553431209
log-power-n1n2psd.pathfinder.klw	Risky second	20.0	3.1360815473105736	dp_interaction	-0.011131453442377346	-0.0047970502110531495	0.0009216675520455204
log-power-n1n2psd.pathfinder.klw	Risky second	20.0	3.2233504191221405	dp_interaction	-0.011401711092754804	-0.004891015849527826	0.000896195049855056
log-power-n1n2psd.pathfinder.klw	Risky second	20.0	3.31304775329107	dp_interaction	-0.011612415522052444	-0.005001282673586092	0.0008682350456550351
log-power-n1n2psd.pathfinder.klw	Risky second	20.0	3.40524112751487	dp_interaction	-0.011776620534015545	-0.005107397041279851	0.000804645272026815
log-power-n1n2psd.pathfinder.klw	Risky second	20.0	3.5000000000000004	dp_interaction	-0.011903636059608555	-0.005175356070753956	0.0007542169495537733
log-power-n1n2psd.pathfinder.klw	Risky second	20.0	1.2	num_shift	0.003998283071994913	0.03284214654278325	0.06388922952600848
log-power-n1n2psd.pathfinder.klw	Risky second	20.0	1.233392832614218	num_shift	0.0035346000740390775	0.03240478133074996	0.0636055474952264
log-power-n1n2psd.pathfinder.klw	Risky second	20.0	1.267714899620104	num_shift	0.0030991872237759372	0.032004721723130486	0.06331870411262248
log-power-n1n2psd.pathfinder.klw	Risky second	20.0	1.3029920591580744	num_shift	0.0027515393529986072	0.03167707834891492	0.06294435031578248
log-power-n1n2psd.pathfinder.klw	Risky second	20.0	1.339250888932342	num_shift	0.0022659375135738627	0.03130925712784849	0.06273762765332631
log-power-n1n2psd.pathfinder.klw	Risky second	20.0	1.3765187062344757	num_shift	0.0018250478273322635	0.031012486407211177	0.06212783470960383
log-power-n1n2psd.pathfinder.klw	Risky second	20.0	1.4148235885241658	num_shift	0.0013122087184373125	0.030708306921669426	0.06204429808486901
log-power-n1n2psd.pathfinder.klw	Risky second	20.0	1.454194394582695	num_shift	0.0008990960301607233	0.030359787559760307	0.061963687270406374
log-power-n1n2psd.pathfinder.klw	Risky second	20.0	1.4946607862550567	num_shift	0.0005290788815052251	0.03001926163872962	0.061878438183954824
log-power-n1n2psd.pathfinder.klw	Risky second	20.0	1.5362532507970992	num_shift	1.124396286789514e-05	0.02981358539328262	0.06169031504478402
log-power-n1n2psd.pathfinder.klw	Risky second	20.0	1.579003123844529	num_shift	-0.00023293976128507487	0.029591571559303517	0.061406676914463595
log-power-n1n2psd.pathfinder.klw	Risky second	20.0	1.6229426130210856	num_shift	-0.0003510999054702192	0.029357710322515152	0.061123714546649985
log-power-n1n2psd.pathfinder.klw	Risky second	20.0	1.6681048222036647	num_shift	-0.0006583525643938229	0.029235838332415512	0.06106082121913558
log-power-n1n2psd.pathfinder.klw	Risky second	20.0	1.714523776462679	num_shift	-0.0009475650860680119	0.02909550180210241	0.061116231879088476
log-power-n1n2psd.pathfinder.klw	Risky second	20.0	1.7622344476964418	num_shift	-0.0012137926548735976	0.028917185694959227	0.06115561037209438
log-power-n1n2psd.pathfinder.klw	Risky second	20.0	1.8112727809788889	num_shift	-0.0014421914102171918	0.028908125921855904	0.06124419792095962
log-power-n1n2psd.pathfinder.klw	Risky second	20.0	1.861675721640487	num_shift	-0.001473965052120345	0.028910754808071065	0.06144678578073369
log-power-n1n2psd.pathfinder.klw	Risky second	20.0	1.9134812431027324	num_shift	-0.0017909195055856968	0.028885359135706445	0.0617307979401829
log-power-n1n2psd.pathfinder.klw	Risky second	20.0	1.9667283754872122	num_shift	-0.002085307035137968	0.028835388482342003	0.06203432908901268
log-power-n1n2psd.pathfinder.klw	Risky second	20.0	2.021457235020777	num_shift	-0.0021195133997048434	0.02883137416016504	0.06222774995118563
log-power-n1n2psd.pathfinder.klw	Risky second	20.0	2.0777090542589844	num_shift	-0.0024092673771224813	0.02893603834917589	0.06245517267429187
log-power-n1n2psd.pathfinder.klw	Risky second	20.0	2.1355262131505808	num_shift	-0.002379814862844458	0.0289794924740876	0.06289812004823891
log-power-n1n2psd.pathfinder.klw	Risky second	20.0	2.1949522709664246	num_shift	-0.0021873852800853	0.02919111399478318	0.0629711407750299
log-power-n1n2psd.pathfinder.klw	Risky second	20.0	2.256031999116908	num_shift	-0.0022955718084721943	0.029298720577458144	0.06355052616620809
log-power-n1n2psd.pathfinder.klw	Risky second	20.0	2.3188114148826	num_shift	-0.00239691147638972	0.029468350000584335	0.06373976389615149
log-power-n1n2psd.pathfinder.klw	Risky second	20.0	2.3833378160835275	num_shift	-0.002265683403882223	0.029799945250924956	0.06433787177372935
log-power-n1n2psd.pathfinder.klw	Risky second	20.0	2.4496598167132055	num_shift	-0.0024691477190681593	0.030068347188962667	0.06476845370328053
log-power-n1n2psd.pathfinder.klw	Risky second	20.0	2.5178273835642724	num_shift	-0.0025556425930953123	0.03039592167533841	0.06548144051805067
log-power-n1n2psd.pathfinder.klw	Risky second	20.0	2.58789187387332	num_shift	-0.0025993858866910375	0.030699725957051255	0.06641092811952395
log-power-n1n2psd.pathfinder.klw	Risky second	20.0	2.659906074013276	num_shift	-0.0029194033425200914	0.03100222514401944	0.06726037061795319
log-power-n1n2psd.pathfinder.klw	Risky second	20.0	2.7339242392624983	num_shift	-0.0030761002990895995	0.03141831601063719	0.0681712531050672
log-power-n1n2psd.pathfinder.klw	Risky second	20.0	2.8100021346805373	num_shift	-0.0033812419080487583	0.031777988363309514	0.06926492898144782
log-power-n1n2psd.pathfinder.klw	Risky second	20.0	2.8881970771213568	num_shift	-0.003648456470672159	0.03225008596637408	0.07064138599669127
log-power-n1n2psd.pathfinder.klw	Risky second	20.0	2.9685679784156793	num_shift	-0.004038993256628265	0.03267031844926628	0.07175419288593994
log-power-n1n2psd.pathfinder.klw	Risky second	20.0	3.051175389754982	num_shift	-0.004702531091384181	0.033082803056854536	0.07286260917942426
log-power-n1n2psd.pathfinder.klw	Risky second	20.0	3.1360815473105736	num_shift	-0.005206901986961672	0.0335764264405365	0.0743749091978622
log-power-n1n2psd.pathfinder.klw	Risky second	20.0	3.2233504191221405	num_shift	-0.006090304165158011	0.03427771707889668	0.07585703438282441
log-power-n1n2psd.pathfinder.klw	Risky second	20.0	3.31304775329107	num_shift	-0.006822436349792321	0.03497072488410365	0.07766386625447455
log-power-n1n2psd.pathfinder.klw	Risky second	20.0	3.40524112751487	num_shift	-0.007526006372670402	0.035677531875527246	0.07966459087670201
log-power-n1n2psd.pathfinder.klw	Risky second	20.0	3.5000000000000004	num_shift	-0.00861283214505344	0.03649542683131496	0.08177360194062779
log-power-n1n2psd.pathfinder.klw	Risky second	20.0	1.2	den_ratio	0.9417604244991932	1.0338844592019711	1.134099189007164
log-power-n1n2psd.pathfinder.klw	Risky second	20.0	1.233392832614218	den_ratio	0.9418985344170622	1.0335850673533153	1.133963334862309
log-power-n1n2psd.pathfinder.klw	Risky second	20.0	1.267714899620104	den_ratio	0.9415688860479027	1.0332338133973098	1.13362652518799
log-power-n1n2psd.pathfinder.klw	Risky second	20.0	1.3029920591580744	den_ratio	0.9412452610627586	1.032800121062678	1.1335136360857545
log-power-n1n2psd.pathfinder.klw	Risky second	20.0	1.339250888932342	den_ratio	0.9405663262688166	1.0325165680064983	1.133289599771114
log-power-n1n2psd.pathfinder.klw	Risky second	20.0	1.3765187062344757	den_ratio	0.9402409084719976	1.032243029224712	1.1332029692110221
log-power-n1n2psd.pathfinder.klw	Risky second	20.0	1.4148235885241658	den_ratio	0.9396928497197896	1.0320009860643953	1.1332991135539145
log-power-n1n2psd.pathfinder.klw	Risky second	20.0	1.454194394582695	den_ratio	0.9392844835287363	1.031796470465777	1.1328489671151005
log-power-n1n2psd.pathfinder.klw	Risky second	20.0	1.4946607862550567	den_ratio	0.9388367074489483	1.031521607518017	1.1329776329184305
log-power-n1n2psd.pathfinder.klw	Risky second	20.0	1.5362532507970992	den_ratio	0.9383089689226245	1.0313793032812653	1.1323771332919668
log-power-n1n2psd.pathfinder.klw	Risky second	20.0	1.579003123844529	den_ratio	0.9380163317551817	1.0310554175174382	1.1322876164911124
log-power-n1n2psd.pathfinder.klw	Risky second	20.0	1.6229426130210856	den_ratio	0.9371481930391508	1.0306250261640835	1.132146041439848
log-power-n1n2psd.pathfinder.klw	Risky second	20.0	1.6681048222036647	den_ratio	0.9367676781495433	1.0303425343758577	1.131658041209145
log-power-n1n2psd.pathfinder.klw	Risky second	20.0	1.714523776462679	den_ratio	0.9367035874548669	1.0299578508493212	1.1312815842418895
log-power-n1n2psd.pathfinder.klw	Risky second	20.0	1.7622344476964418	den_ratio	0.9363091460404015	1.0297523116465894	1.131399105370279
log-power-n1n2psd.pathfinder.klw	Risky second	20.0	1.8112727809788889	den_ratio	0.9362921908310277	1.0295053283245788	1.1312344099299942
log-power-n1n2psd.pathfinder.klw	Risky second	20.0	1.861675721640487	den_ratio	0.9356765650839803	1.029157023008904	1.1308289304511552
log-power-n1n2psd.pathfinder.klw	Risky second	20.0	1.9134812431027324	den_ratio	0.9352784109012066	1.0287563541511882	1.1305457479427654
log-power-n1n2psd.pathfinder.klw	Risky second	20.0	1.9667283754872122	den_ratio	0.9351025206239094	1.0283609819160504	1.1301477160601223
log-power-n1n2psd.pathfinder.klw	Risky second	20.0	2.021457235020777	den_ratio	0.9348785936144467	1.028116706778204	1.1300000598018871
log-power-n1n2psd.pathfinder.klw	Risky second	20.0	2.0777090542589844	den_ratio	0.9345423297664692	1.027590986522114	1.1299539666080525
log-power-n1n2psd.pathfinder.klw	Risky second	20.0	2.1355262131505808	den_ratio	0.9340908851468998	1.0272999148126574	1.1299250295233563
log-power-n1n2psd.pathfinder.klw	Risky second	20.0	2.1949522709664246	den_ratio	0.9335238437922239	1.0270966197305993	1.1299075364441733
log-power-n1n2psd.pathfinder.klw	Risky second	20.0	2.256031999116908	den_ratio	0.9329667996570085	1.0268981794557797	1.1298635755195248
log-power-n1n2psd.pathfinder.klw	Risky second	20.0	2.3188114148826	den_ratio	0.9321996843430055	1.0267457444918933	1.1299594721412383
log-power-n1n2psd.pathfinder.klw	Risky second	20.0	2.3833378160835275	den_ratio	0.9318282412636694	1.026515693281208	1.1300027480188506
log-power-n1n2psd.pathfinder.klw	Risky second	20.0	2.4496598167132055	den_ratio	0.9316966438583937	1.0262180937072425	1.1300849209688737
log-power-n1n2psd.pathfinder.klw	Risky second	20.0	2.5178273835642724	den_ratio	0.930923692385264	1.0259143206377868	1.1299053847347933
log-power-n1n2psd.pathfinder.klw	Risky second	20.0	2.58789187387332	den_ratio	0.9307130942071669	1.025595318342614	1.1300959798341543
log-power-n1n2psd.pathfinder.klw	Risky second	20.0	2.659906074013276	den_ratio	0.9301265234079318	1.0253730538663295	1.1301822548708833
log-power-n1n2psd.pathfinder.klw	Risky second	20.0	2.7339242392624983	den_ratio	0.9295203387431256	1.025006739710273	1.130191125493069
log-power-n1n2psd.pathfinder.klw	Risky second	20.0	2.8100021346805373	den_ratio	0.9289738673589154	1.0247569867733561	1.1301750538806408
log-power-n1n2psd.pathfinder.klw	Risky second	20.0	2.8881970771213568	den_ratio	0.9286736107859394	1.0245751514194754	1.1299803308512346
log-power-n1n2psd.pathfinder.klw	Risky second	20.0	2.9685679784156793	den_ratio	0.9282684370542279	1.0243227423875942	1.1302063598622913
log-power-n1n2psd.pathfinder.klw	Risky second	20.0	3.051175389754982	den_ratio	0.9280220003351742	1.02401154217517	1.130254539063081
log-power-n1n2psd.pathfinder.klw	Risky second	20.0	3.1360815473105736	den_ratio	0.9275104624464948	1.0236059852589592	1.130299082567258
log-power-n1n2psd.pathfinder.klw	Risky second	20.0	3.2233504191221405	den_ratio	0.9270383696161535	1.023421322923825	1.1302136904502005
log-power-n1n2psd.pathfinder.klw	Risky second	20.0	3.31304775329107	den_ratio	0.9266517024794065	1.0232071426361617	1.1306179795303917
log-power-n1n2psd.pathfinder.klw	Risky second	20.0	3.40524112751487	den_ratio	0.926223306810931	1.0230385501976484	1.1307182994653677
log-power-n1n2psd.pathfinder.klw	Risky second	20.0	3.5000000000000004	den_ratio	0.925639443651878	1.0229032149946908	1.1311180575745945
log-power-n1n2psd.pathfinder.klw	Risky second	28.0	1.2	p_vertex	0.15654571428209224	0.18507872448674006	0.21656928446348955
log-power-n1n2psd.pathfinder.klw	Risky second	28.0	1.233392832614218	p_vertex	0.17168285039196882	0.20101078781881093	0.23314915885154894
log-power-n1n2psd.pathfinder.klw	Risky second	28.0	1.267714899620104	p_vertex	0.18793956953085628	0.2175038670960154	0.25038247469658603
log-power-n1n2psd.pathfinder.klw	Risky second	28.0	1.3029920591580744	p_vertex	0.20442974855612298	0.23464737283497916	0.26799845092714947
log-power-n1n2psd.pathfinder.klw	Risky second	28.0	1.339250888932342	p_vertex	0.22153397489261542	0.2522550466502226	0.2857776767062732
log-power-n1n2psd.pathfinder.klw	Risky second	28.0	1.3765187062344757	p_vertex	0.23961950426405476	0.2703552515590623	0.3040304508602045
log-power-n1n2psd.pathfinder.klw	Risky second	28.0	1.4148235885241658	p_vertex	0.2576991334308468	0.28883504138375166	0.32226895253334614
log-power-n1n2psd.pathfinder.klw	Risky second	28.0	1.454194394582695	p_vertex	0.27608104710531717	0.3075303686045465	0.3409249242597094
log-power-n1n2psd.pathfinder.klw	Risky second	28.0	1.4946607862550567	p_vertex	0.29511032044904384	0.3266029018159664	0.35967661436289117
log-power-n1n2psd.pathfinder.klw	Risky second	28.0	1.5362532507970992	p_vertex	0.31436273807780063	0.3457652473514475	0.37839500760230727
log-power-n1n2psd.pathfinder.klw	Risky second	28.0	1.579003123844529	p_vertex	0.33394398414207005	0.3651577669329569	0.3973054451364274
log-power-n1n2psd.pathfinder.klw	Risky second	28.0	1.6229426130210856	p_vertex	0.3531250170798101	0.3845263385101637	0.4163040724403454
log-power-n1n2psd.pathfinder.klw	Risky second	28.0	1.6681048222036647	p_vertex	0.3724648515618762	0.403798447786487	0.4353817302641756
log-power-n1n2psd.pathfinder.klw	Risky second	28.0	1.714523776462679	p_vertex	0.3918844642232161	0.4229660409284751	0.45397305109233943
log-power-n1n2psd.pathfinder.klw	Risky second	28.0	1.7622344476964418	p_vertex	0.4111402027297699	0.4419619431516752	0.47232863595131686
log-power-n1n2psd.pathfinder.klw	Risky second	28.0	1.8112727809788889	p_vertex	0.4300022927100128	0.460468669477204	0.49053354140174793
log-power-n1n2psd.pathfinder.klw	Risky second	28.0	1.861675721640487	p_vertex	0.44862447762023744	0.4787547374208959	0.508499105511701
log-power-n1n2psd.pathfinder.klw	Risky second	28.0	1.9134812431027324	p_vertex	0.4668387263956368	0.49654047029024895	0.5258507360270634
log-power-n1n2psd.pathfinder.klw	Risky second	28.0	1.9667283754872122	p_vertex	0.48451760022641605	0.5138498912026498	0.5429698541310033
log-power-n1n2psd.pathfinder.klw	Risky second	28.0	2.021457235020777	p_vertex	0.5016700240690637	0.5308365208144252	0.5594643568425963
log-power-n1n2psd.pathfinder.klw	Risky second	28.0	2.0777090542589844	p_vertex	0.5181592392701228	0.5472529622816955	0.5756578581651512
log-power-n1n2psd.pathfinder.klw	Risky second	28.0	2.1355262131505808	p_vertex	0.5339399910863296	0.563013013222524	0.5913552049699625
log-power-n1n2psd.pathfinder.klw	Risky second	28.0	2.1949522709664246	p_vertex	0.5493907809418085	0.5781388664259606	0.6061799284829541
log-power-n1n2psd.pathfinder.klw	Risky second	28.0	2.256031999116908	p_vertex	0.564075049615146	0.5926454284900613	0.6206939488086752
log-power-n1n2psd.pathfinder.klw	Risky second	28.0	2.3188114148826	p_vertex	0.5778342855449642	0.6065223693594372	0.6346711294315968
log-power-n1n2psd.pathfinder.klw	Risky second	28.0	2.3833378160835275	p_vertex	0.590983226000315	0.6197922273255545	0.6480755923042106
log-power-n1n2psd.pathfinder.klw	Risky second	28.0	2.4496598167132055	p_vertex	0.603466087851508	0.6322733389409383	0.6608597283189331
log-power-n1n2psd.pathfinder.klw	Risky second	28.0	2.5178273835642724	p_vertex	0.6151362317648211	0.6442858717410307	0.6730611102841899
log-power-n1n2psd.pathfinder.klw	Risky second	28.0	2.58789187387332	p_vertex	0.626089068967231	0.6556809801059851	0.6848941150263277
log-power-n1n2psd.pathfinder.klw	Risky second	28.0	2.659906074013276	p_vertex	0.6362892968692628	0.6664547021717033	0.6959302889869032
log-power-n1n2psd.pathfinder.klw	Risky second	28.0	2.7339242392624983	p_vertex	0.6458049334236728	0.6766986507456347	0.7059793893688642
log-power-n1n2psd.pathfinder.klw	Risky second	28.0	2.8100021346805373	p_vertex	0.6546134329811817	0.686198576522083	0.716027523590346
log-power-n1n2psd.pathfinder.klw	Risky second	28.0	2.8881970771213568	p_vertex	0.6632323264588587	0.6953618468953733	0.7254777514878743
log-power-n1n2psd.pathfinder.klw	Risky second	28.0	2.9685679784156793	p_vertex	0.6712224690578956	0.7038662749178328	0.7346634035624223
log-power-n1n2psd.pathfinder.klw	Risky second	28.0	3.051175389754982	p_vertex	0.6786588272175187	0.7119325105896246	0.7434102772483667
log-power-n1n2psd.pathfinder.klw	Risky second	28.0	3.1360815473105736	p_vertex	0.6851159059305657	0.7194722524281296	0.7514786127650823
log-power-n1n2psd.pathfinder.klw	Risky second	28.0	3.2233504191221405	p_vertex	0.6911861875424001	0.7266455388080706	0.7588591689305623
log-power-n1n2psd.pathfinder.klw	Risky second	28.0	3.31304775329107	p_vertex	0.6971050284619796	0.7332556853537029	0.7659770752102348
log-power-n1n2psd.pathfinder.klw	Risky second	28.0	3.40524112751487	p_vertex	0.702461745930093	0.7395407410210972	0.7727779138836891
log-power-n1n2psd.pathfinder.klw	Risky second	28.0	3.5000000000000004	p_vertex	0.7073442966486342	0.7453380958958074	0.7790889968736716
log-power-n1n2psd.pathfinder.klw	Risky second	28.0	1.2	p_full	0.18620772954905224	0.2163840047230687	0.24968810155640822
log-power-n1n2psd.pathfinder.klw	Risky second	28.0	1.233392832614218	p_full	0.2013434800102213	0.23196384129609254	0.2655053422546347
log-power-n1n2psd.pathfinder.klw	Risky second	28.0	1.267714899620104	p_full	0.21723472828657087	0.24809094994617287	0.281955700720643
log-power-n1n2psd.pathfinder.klw	Risky second	28.0	1.3029920591580744	p_full	0.23346373128632913	0.2646782716517709	0.29870615123278843
log-power-n1n2psd.pathfinder.klw	Risky second	28.0	1.339250888932342	p_full	0.2501505187876178	0.28161903367077107	0.3158531056456163
log-power-n1n2psd.pathfinder.klw	Risky second	28.0	1.3765187062344757	p_full	0.26692295839663693	0.2989462236227507	0.3333541352629554
log-power-n1n2psd.pathfinder.klw	Risky second	28.0	1.4148235885241658	p_full	0.2843333065508338	0.3165712835077569	0.3509028076311065
log-power-n1n2psd.pathfinder.klw	Risky second	28.0	1.454194394582695	p_full	0.302185998594738	0.33442814984849567	0.3687572800032784
log-power-n1n2psd.pathfinder.klw	Risky second	28.0	1.4946607862550567	p_full	0.32021382757019334	0.3524866610709546	0.38642143883307883
log-power-n1n2psd.pathfinder.klw	Risky second	28.0	1.5362532507970992	p_full	0.3386259816478349	0.3707969617842409	0.4045413654797336
log-power-n1n2psd.pathfinder.klw	Risky second	28.0	1.579003123844529	p_full	0.3572963160928128	0.389151506881676	0.42272472759786556
log-power-n1n2psd.pathfinder.klw	Risky second	28.0	1.6229426130210856	p_full	0.37590280130147075	0.4075661492888992	0.4406622731739962
log-power-n1n2psd.pathfinder.klw	Risky second	28.0	1.6681048222036647	p_full	0.39475290801344837	0.42613026190381376	0.45856558105351536
log-power-n1n2psd.pathfinder.klw	Risky second	28.0	1.714523776462679	p_full	0.41371265440916233	0.4446021687946663	0.4764793536650498
log-power-n1n2psd.pathfinder.klw	Risky second	28.0	1.7622344476964418	p_full	0.43243889751475134	0.4629836444139411	0.49454897665950565
log-power-n1n2psd.pathfinder.klw	Risky second	28.0	1.8112727809788889	p_full	0.45118896979651135	0.4812050821294667	0.5119012093679698
log-power-n1n2psd.pathfinder.klw	Risky second	28.0	1.861675721640487	p_full	0.46978716651121377	0.49922088585147606	0.5290466831498076
log-power-n1n2psd.pathfinder.klw	Risky second	28.0	1.9134812431027324	p_full	0.48795328750535766	0.5169322023011771	0.5462506649931584
log-power-n1n2psd.pathfinder.klw	Risky second	28.0	1.9667283754872122	p_full	0.5058364950602595	0.5342828091025662	0.5631794803594977
log-power-n1n2psd.pathfinder.klw	Risky second	28.0	2.021457235020777	p_full	0.5230605525923334	0.5512575364771948	0.579607178770452
log-power-n1n2psd.pathfinder.klw	Risky second	28.0	2.0777090542589844	p_full	0.539610347954822	0.5678875777983142	0.5956951388126548
log-power-n1n2psd.pathfinder.klw	Risky second	28.0	2.1355262131505808	p_full	0.5559916857600966	0.5839274206558571	0.6113758288477924
log-power-n1n2psd.pathfinder.klw	Risky second	28.0	2.1949522709664246	p_full	0.5717368393443775	0.599562632903365	0.6269192831213887
log-power-n1n2psd.pathfinder.klw	Risky second	28.0	2.256031999116908	p_full	0.5869441798699101	0.6145078715206144	0.6415602283778516
log-power-n1n2psd.pathfinder.klw	Risky second	28.0	2.3188114148826	p_full	0.601696774297785	0.6290441101747074	0.6559019686140306
log-power-n1n2psd.pathfinder.klw	Risky second	28.0	2.3833378160835275	p_full	0.6156270600272389	0.6430471821815822	0.6700315236629161
log-power-n1n2psd.pathfinder.klw	Risky second	28.0	2.4496598167132055	p_full	0.6288095076607968	0.6565137099394776	0.6836534454790231
log-power-n1n2psd.pathfinder.klw	Risky second	28.0	2.5178273835642724	p_full	0.6413452882693378	0.6693521416582786	0.6966798892489586
log-power-n1n2psd.pathfinder.klw	Risky second	28.0	2.58789187387332	p_full	0.6534125833791247	0.6816818655241342	0.708957903024476
log-power-n1n2psd.pathfinder.klw	Risky second	28.0	2.659906074013276	p_full	0.6648482990505357	0.6934680678703937	0.7208947543444059
log-power-n1n2psd.pathfinder.klw	Risky second	28.0	2.7339242392624983	p_full	0.6757893561351035	0.704673361151972	0.7324952034078852
log-power-n1n2psd.pathfinder.klw	Risky second	28.0	2.8100021346805373	p_full	0.6862511119062461	0.7154202678978405	0.7435378708790493
log-power-n1n2psd.pathfinder.klw	Risky second	28.0	2.8881970771213568	p_full	0.695478361485496	0.7255625833164587	0.7542958720012094
log-power-n1n2psd.pathfinder.klw	Risky second	28.0	2.9685679784156793	p_full	0.7044051100652498	0.7352187097553461	0.7644854158376801
log-power-n1n2psd.pathfinder.klw	Risky second	28.0	3.051175389754982	p_full	0.7128240543735506	0.7444755463601451	0.7746285835057868
log-power-n1n2psd.pathfinder.klw	Risky second	28.0	3.1360815473105736	p_full	0.7207476298923978	0.7534129006300363	0.7842936040200444
log-power-n1n2psd.pathfinder.klw	Risky second	28.0	3.2233504191221405	p_full	0.7282349605098443	0.7616199361571376	0.793377738417066
log-power-n1n2psd.pathfinder.klw	Risky second	28.0	3.31304775329107	p_full	0.7353835838828143	0.769651964183959	0.8021519648493628
log-power-n1n2psd.pathfinder.klw	Risky second	28.0	3.40524112751487	p_full	0.7421212275352856	0.7771177522407984	0.8102163943944839
log-power-n1n2psd.pathfinder.klw	Risky second	28.0	3.5000000000000004	p_full	0.7485427104531743	0.7842097807676578	0.8179571284737855
log-power-n1n2psd.pathfinder.klw	Risky second	28.0	1.2	p_bias_only	0.1856736738864609	0.2145833528102626	0.24590978222434168
log-power-n1n2psd.pathfinder.klw	Risky second	28.0	1.233392832614218	p_bias_only	0.20107203803718274	0.23014578503237093	0.2618063777913448
log-power-n1n2psd.pathfinder.klw	Risky second	28.0	1.267714899620104	p_bias_only	0.2171014483646086	0.24616509261435343	0.2781711223246802
log-power-n1n2psd.pathfinder.klw	Risky second	28.0	1.3029920591580744	p_bias_only	0.233069244958062	0.2626635369096496	0.2950079015464094
log-power-n1n2psd.pathfinder.klw	Risky second	28.0	1.339250888932342	p_bias_only	0.24966805205873785	0.2795958739910398	0.312025872447177
log-power-n1n2psd.pathfinder.klw	Risky second	28.0	1.3765187062344757	p_bias_only	0.26658749156180084	0.2968767071260686	0.3295778713602442
log-power-n1n2psd.pathfinder.klw	Risky second	28.0	1.4148235885241658	p_bias_only	0.2844150350294641	0.31463987177224295	0.347160847502134
log-power-n1n2psd.pathfinder.klw	Risky second	28.0	1.454194394582695	p_bias_only	0.3020825648247872	0.3325575315888663	0.3650245794641949
log-power-n1n2psd.pathfinder.klw	Risky second	28.0	1.4946607862550567	p_bias_only	0.3202150685529635	0.3507333838084602	0.38350300396189946
log-power-n1n2psd.pathfinder.klw	Risky second	28.0	1.5362532507970992	p_bias_only	0.3385750617251501	0.36919908992347483	0.4018917327472659
log-power-n1n2psd.pathfinder.klw	Risky second	28.0	1.579003123844529	p_bias_only	0.35728268746253017	0.3877448903149673	0.4204390171859791
log-power-n1n2psd.pathfinder.klw	Risky second	28.0	1.6229426130210856	p_bias_only	0.3759280680642889	0.4063246733669887	0.43885233051828404
log-power-n1n2psd.pathfinder.klw	Risky second	28.0	1.6681048222036647	p_bias_only	0.39471365613084314	0.4249010447855729	0.45719544424705477
log-power-n1n2psd.pathfinder.klw	Risky second	28.0	1.714523776462679	p_bias_only	0.413411519640327	0.4434897158086979	0.4753719631114153
log-power-n1n2psd.pathfinder.klw	Risky second	28.0	1.7622344476964418	p_bias_only	0.431850254239006	0.46198864068573	0.49338213974239437
log-power-n1n2psd.pathfinder.klw	Risky second	28.0	1.8112727809788889	p_bias_only	0.4504465214525855	0.4803078091010042	0.5109232448638333
log-power-n1n2psd.pathfinder.klw	Risky second	28.0	1.861675721640487	p_bias_only	0.4687840036537778	0.4983269494833614	0.5282683991850392
log-power-n1n2psd.pathfinder.klw	Risky second	28.0	1.9134812431027324	p_bias_only	0.48692271518099023	0.5160397079934067	0.5455581947755607
log-power-n1n2psd.pathfinder.klw	Risky second	28.0	1.9667283754872122	p_bias_only	0.5046529766352081	0.5333555352102058	0.5625634656935011
log-power-n1n2psd.pathfinder.klw	Risky second	28.0	2.021457235020777	p_bias_only	0.5216722133188527	0.5502754203536204	0.5794155146297484
log-power-n1n2psd.pathfinder.klw	Risky second	28.0	2.0777090542589844	p_bias_only	0.5381070154621334	0.5670386921494868	0.5960792142032932
log-power-n1n2psd.pathfinder.klw	Risky second	28.0	2.1355262131505808	p_bias_only	0.5543756006077291	0.5831580050430787	0.6119489225305579
log-power-n1n2psd.pathfinder.klw	Risky second	28.0	2.1949522709664246	p_bias_only	0.5702387440213111	0.5987980335959198	0.6274982731017541
log-power-n1n2psd.pathfinder.klw	Risky second	28.0	2.256031999116908	p_bias_only	0.5853426413081735	0.6139742786029576	0.6425528248404063
log-power-n1n2psd.pathfinder.klw	Risky second	28.0	2.3188114148826	p_bias_only	0.599753381312087	0.628414833767047	0.6570330078047848
log-power-n1n2psd.pathfinder.klw	Risky second	28.0	2.3833378160835275	p_bias_only	0.6137984745154713	0.6422971917170515	0.6707387509243942
log-power-n1n2psd.pathfinder.klw	Risky second	28.0	2.4496598167132055	p_bias_only	0.6269804453851758	0.6557482295600106	0.6840812711345056
log-power-n1n2psd.pathfinder.klw	Risky second	28.0	2.5178273835642724	p_bias_only	0.6398744949385701	0.6685552402958352	0.6972955869541357
log-power-n1n2psd.pathfinder.klw	Risky second	28.0	2.58789187387332	p_bias_only	0.6520798472468411	0.6810008529820302	0.7097725721956496
log-power-n1n2psd.pathfinder.klw	Risky second	28.0	2.659906074013276	p_bias_only	0.6635790204050699	0.6928795561568427	0.7216803126315586
log-power-n1n2psd.pathfinder.klw	Risky second	28.0	2.7339242392624983	p_bias_only	0.6744233145906751	0.704196382096637	0.7333414297360189
log-power-n1n2psd.pathfinder.klw	Risky second	28.0	2.8100021346805373	p_bias_only	0.6846966750584109	0.7149101985118004	0.7444138207158553
log-power-n1n2psd.pathfinder.klw	Risky second	28.0	2.8881970771213568	p_bias_only	0.6943322167508814	0.725157675465911	0.7549995902216681
log-power-n1n2psd.pathfinder.klw	Risky second	28.0	2.9685679784156793	p_bias_only	0.7034678871512279	0.7348071602783728	0.7652456343487026
log-power-n1n2psd.pathfinder.klw	Risky second	28.0	3.051175389754982	p_bias_only	0.7122981668327332	0.7441154567614521	0.775021730816081
log-power-n1n2psd.pathfinder.klw	Risky second	28.0	3.1360815473105736	p_bias_only	0.720384372149437	0.753025902282864	0.7844952443072715
log-power-n1n2psd.pathfinder.klw	Risky second	28.0	3.2233504191221405	p_bias_only	0.7280302612298832	0.7614549847446392	0.7934700713030944
log-power-n1n2psd.pathfinder.klw	Risky second	28.0	3.31304775329107	p_bias_only	0.7351937010397455	0.7694687566749164	0.8021113817618031
log-power-n1n2psd.pathfinder.klw	Risky second	28.0	3.40524112751487	p_bias_only	0.7422332085172874	0.7770885483999951	0.810550059139361
log-power-n1n2psd.pathfinder.klw	Risky second	28.0	3.5000000000000004	p_bias_only	0.7486445505228024	0.7843846911418126	0.8184082680198349
log-power-n1n2psd.pathfinder.klw	Risky second	28.0	1.2	p_scale_only	0.1565914007406124	0.18441704546538445	0.21385599693690002
log-power-n1n2psd.pathfinder.klw	Risky second	28.0	1.233392832614218	p_scale_only	0.17199546244801395	0.20040780904501102	0.2305136496894106
log-power-n1n2psd.pathfinder.klw	Risky second	28.0	1.267714899620104	p_scale_only	0.18798533423764158	0.21691917442561823	0.24781631594622228
log-power-n1n2psd.pathfinder.klw	Risky second	28.0	1.3029920591580744	p_scale_only	0.20448229751316213	0.2341402717119796	0.26543297894565815
log-power-n1n2psd.pathfinder.klw	Risky second	28.0	1.339250888932342	p_scale_only	0.22180752613252105	0.25186798565707924	0.28347065334506444
log-power-n1n2psd.pathfinder.klw	Risky second	28.0	1.3765187062344757	p_scale_only	0.23938670573637033	0.270001034342108	0.30177439460808125
log-power-n1n2psd.pathfinder.klw	Risky second	28.0	1.4148235885241658	p_scale_only	0.2577800854346781	0.28849546756852784	0.3204967813189798
log-power-n1n2psd.pathfinder.klw	Risky second	28.0	1.454194394582695	p_scale_only	0.27657277813368014	0.3074558249579046	0.33935418559550545
log-power-n1n2psd.pathfinder.klw	Risky second	28.0	1.4946607862550567	p_scale_only	0.2955936316887218	0.3266536514249643	0.35850917663513265
log-power-n1n2psd.pathfinder.klw	Risky second	28.0	1.5362532507970992	p_scale_only	0.3149757606804275	0.3460515249405972	0.3778181814572064
log-power-n1n2psd.pathfinder.klw	Risky second	28.0	1.579003123844529	p_scale_only	0.33481555471928776	0.3655174667479122	0.39699737145201025
log-power-n1n2psd.pathfinder.klw	Risky second	28.0	1.6229426130210856	p_scale_only	0.35453715240537825	0.3850838736340854	0.41627640583317105
log-power-n1n2psd.pathfinder.klw	Risky second	28.0	1.6681048222036647	p_scale_only	0.3739401149474704	0.404607780513103	0.43536272249847124
log-power-n1n2psd.pathfinder.klw	Risky second	28.0	1.714523776462679	p_scale_only	0.393420449792017	0.4238357357809889	0.4545002787241242
log-power-n1n2psd.pathfinder.klw	Risky second	28.0	1.7622344476964418	p_scale_only	0.4128247310888443	0.4430020708091729	0.473382357922701
log-power-n1n2psd.pathfinder.klw	Risky second	28.0	1.8112727809788889	p_scale_only	0.43203769754397686	0.4617824827636279	0.49223416694358046
log-power-n1n2psd.pathfinder.klw	Risky second	28.0	1.861675721640487	p_scale_only	0.4507921532180473	0.4803546754640309	0.5104283055070382
log-power-n1n2psd.pathfinder.klw	Risky second	28.0	1.9134812431027324	p_scale_only	0.46906433238106665	0.4982782017529432	0.5280343005676459
log-power-n1n2psd.pathfinder.klw	Risky second	28.0	1.9667283754872122	p_scale_only	0.4869788408466214	0.5157438382154552	0.545443970720192
log-power-n1n2psd.pathfinder.klw	Risky second	28.0	2.021457235020777	p_scale_only	0.5043865017847542	0.5327880987792584	0.5625315724333774
log-power-n1n2psd.pathfinder.klw	Risky second	28.0	2.0777090542589844	p_scale_only	0.5207673998983382	0.5493322819681985	0.5786673811355018
log-power-n1n2psd.pathfinder.klw	Risky second	28.0	2.1355262131505808	p_scale_only	0.5368024697930491	0.5654300711227075	0.594426225494597
log-power-n1n2psd.pathfinder.klw	Risky second	28.0	2.1949522709664246	p_scale_only	0.5520486758196341	0.5807662273753889	0.6097531546081592
log-power-n1n2psd.pathfinder.klw	Risky second	28.0	2.256031999116908	p_scale_only	0.5665428900183304	0.5954582380396046	0.6246756285247721
log-power-n1n2psd.pathfinder.klw	Risky second	28.0	2.3188114148826	p_scale_only	0.5805653619366153	0.6095271192238674	0.6385672058611856
log-power-n1n2psd.pathfinder.klw	Risky second	28.0	2.3833378160835275	p_scale_only	0.5940244185531123	0.622812574439424	0.6522102553026594
log-power-n1n2psd.pathfinder.klw	Risky second	28.0	2.4496598167132055	p_scale_only	0.6064487479264555	0.635512628352999	0.6652493688087651
log-power-n1n2psd.pathfinder.klw	Risky second	28.0	2.5178273835642724	p_scale_only	0.6183398991859139	0.647660966650879	0.6776201169115263
log-power-n1n2psd.pathfinder.klw	Risky second	28.0	2.58789187387332	p_scale_only	0.6295153690583638	0.6591042776179812	0.6893234234348897
log-power-n1n2psd.pathfinder.klw	Risky second	28.0	2.659906074013276	p_scale_only	0.6401930915478972	0.6700057646803319	0.7003710216094807
log-power-n1n2psd.pathfinder.klw	Risky second	28.0	2.7339242392624983	p_scale_only	0.6500178152236453	0.6803480326153217	0.7106353155082054
log-power-n1n2psd.pathfinder.klw	Risky second	28.0	2.8100021346805373	p_scale_only	0.6593560666161296	0.6901178915030914	0.7204614982880274
log-power-n1n2psd.pathfinder.klw	Risky second	28.0	2.8881970771213568	p_scale_only	0.6680743395877805	0.6992918424192864	0.729570712243974
log-power-n1n2psd.pathfinder.klw	Risky second	28.0	2.9685679784156793	p_scale_only	0.6756983026395479	0.7079632799941293	0.7385658758817685
log-power-n1n2psd.pathfinder.klw	Risky second	28.0	3.051175389754982	p_scale_only	0.683314403874655	0.7160361504330681	0.7468090018659007
log-power-n1n2psd.pathfinder.klw	Risky second	28.0	3.1360815473105736	p_scale_only	0.6897727757558352	0.7235879098549514	0.7548976407034267
log-power-n1n2psd.pathfinder.klw	Risky second	28.0	3.2233504191221405	p_scale_only	0.69594820689413	0.7307246749048528	0.762464076579884
log-power-n1n2psd.pathfinder.klw	Risky second	28.0	3.31304775329107	p_scale_only	0.7020990469383722	0.7374815645044772	0.7694910914450394
log-power-n1n2psd.pathfinder.klw	Risky second	28.0	3.40524112751487	p_scale_only	0.7074416203221164	0.7437969801525887	0.7760700109290154
log-power-n1n2psd.pathfinder.klw	Risky second	28.0	3.5000000000000004	p_scale_only	0.712411188403465	0.7497278537175317	0.7825868693327546
log-power-n1n2psd.pathfinder.klw	Risky second	28.0	1.2	dp_full	-0.007659952743816689	0.030961159502005335	0.07083851434710221
log-power-n1n2psd.pathfinder.klw	Risky second	28.0	1.233392832614218	dp_full	-0.008383524028199934	0.03059092058608128	0.07099670678462887
log-power-n1n2psd.pathfinder.klw	Risky second	28.0	1.267714899620104	dp_full	-0.009213456520442495	0.030087488353025472	0.07142362362815545
log-power-n1n2psd.pathfinder.klw	Risky second	28.0	1.3029920591580744	dp_full	-0.010364662335572566	0.02955111513892205	0.07122713381020222
log-power-n1n2psd.pathfinder.klw	Risky second	28.0	1.339250888932342	dp_full	-0.011578661076564547	0.02888467476338918	0.07098303941820847
log-power-n1n2psd.pathfinder.klw	Risky second	28.0	1.3765187062344757	dp_full	-0.0126791079719744	0.028196139293868192	0.07051775689330537
log-power-n1n2psd.pathfinder.klw	Risky second	28.0	1.4148235885241658	dp_full	-0.013404017149497509	0.027410736314603154	0.06996636521432004
log-power-n1n2psd.pathfinder.klw	Risky second	28.0	1.454194394582695	dp_full	-0.01438069391929975	0.026549244142606343	0.06942515551788506
log-power-n1n2psd.pathfinder.klw	Risky second	28.0	1.4946607862550567	dp_full	-0.015071749825901266	0.025574481940930045	0.06821562985307457
log-power-n1n2psd.pathfinder.klw	Risky second	28.0	1.5362532507970992	dp_full	-0.015834444970294445	0.024613232687674978	0.06716958296219207
log-power-n1n2psd.pathfinder.klw	Risky second	28.0	1.579003123844529	dp_full	-0.01631469507442984	0.023849714698624853	0.06624718700679455
log-power-n1n2psd.pathfinder.klw	Risky second	28.0	1.6229426130210856	dp_full	-0.01669960351730152	0.022981577085600127	0.06510958679170846
log-power-n1n2psd.pathfinder.klw	Risky second	28.0	1.6681048222036647	dp_full	-0.01736978823087447	0.02217681152444747	0.06376161644885972
log-power-n1n2psd.pathfinder.klw	Risky second	28.0	1.714523776462679	dp_full	-0.018115227868580053	0.021547798080446136	0.06240977299908815
log-power-n1n2psd.pathfinder.klw	Risky second	28.0	1.7622344476964418	dp_full	-0.0181381856158622	0.021035266708248013	0.061292107883474556
log-power-n1n2psd.pathfinder.klw	Risky second	28.0	1.8112727809788889	dp_full	-0.01849105488432369	0.020477400310243504	0.06022417794267746
log-power-n1n2psd.pathfinder.klw	Risky second	28.0	1.861675721640487	dp_full	-0.018135803942864535	0.020158100990012855	0.059135639377154624
log-power-n1n2psd.pathfinder.klw	Risky second	28.0	1.9134812431027324	dp_full	-0.01785001838094275	0.020046548923139815	0.058527643038835266
log-power-n1n2psd.pathfinder.klw	Risky second	28.0	1.9667283754872122	dp_full	-0.01728181588708537	0.02001945186336447	0.05805997448215667
log-power-n1n2psd.pathfinder.klw	Risky second	28.0	2.021457235020777	dp_full	-0.016641687286455934	0.0202284106407633	0.05770196048379633
log-power-n1n2psd.pathfinder.klw	Risky second	28.0	2.0777090542589844	dp_full	-0.016402184445113134	0.020549315134597464	0.057522662943000555
log-power-n1n2psd.pathfinder.klw	Risky second	28.0	2.1355262131505808	dp_full	-0.015828791707555544	0.02103254391499345	0.05751942958073844
log-power-n1n2psd.pathfinder.klw	Risky second	28.0	2.1949522709664246	dp_full	-0.015247121628149046	0.02146507841668889	0.05765020297521876
log-power-n1n2psd.pathfinder.klw	Risky second	28.0	2.256031999116908	dp_full	-0.014676442842671753	0.02214611602572672	0.05781998429116075
log-power-n1n2psd.pathfinder.klw	Risky second	28.0	2.3188114148826	dp_full	-0.013743032179913905	0.022933749176470855	0.05828821942274882
log-power-n1n2psd.pathfinder.klw	Risky second	28.0	2.3833378160835275	dp_full	-0.012950836162427351	0.023777951194099402	0.05932323730470516
log-power-n1n2psd.pathfinder.klw	Risky second	28.0	2.4496598167132055	dp_full	-0.012073176303645997	0.024724375162161104	0.05994783726885377
log-power-n1n2psd.pathfinder.klw	Risky second	28.0	2.5178273835642724	dp_full	-0.011124416649182272	0.02566605225479039	0.060645658952108356
log-power-n1n2psd.pathfinder.klw	Risky second	28.0	2.58789187387332	dp_full	-0.010638081597580586	0.02648574574368598	0.061824663228742985
log-power-n1n2psd.pathfinder.klw	Risky second	28.0	2.659906074013276	dp_full	-0.01020388677303275	0.02746988457037726	0.06320690379391936
log-power-n1n2psd.pathfinder.klw	Risky second	28.0	2.7339242392624983	dp_full	-0.00984038253203363	0.02849236966107664	0.06468623197618048
log-power-n1n2psd.pathfinder.klw	Risky second	28.0	2.8100021346805373	dp_full	-0.00938352660833384	0.029511588430529295	0.06647396063697972
log-power-n1n2psd.pathfinder.klw	Risky second	28.0	2.8881970771213568	dp_full	-0.008679074039109131	0.030510096054315754	0.06851244240668364
log-power-n1n2psd.pathfinder.klw	Risky second	28.0	2.9685679784156793	dp_full	-0.008033086090442782	0.0315448346497617	0.07062872497030186
log-power-n1n2psd.pathfinder.klw	Risky second	28.0	3.051175389754982	dp_full	-0.007601176954718067	0.0327155953640272	0.07277038219049682
log-power-n1n2psd.pathfinder.klw	Risky second	28.0	3.1360815473105736	dp_full	-0.0072760016436426295	0.033851781834690946	0.07530428680738488
log-power-n1n2psd.pathfinder.klw	Risky second	28.0	3.2233504191221405	dp_full	-0.006924866386532628	0.03512665246668384	0.07733129216339484
log-power-n1n2psd.pathfinder.klw	Risky second	28.0	3.31304775329107	dp_full	-0.0063710391684620015	0.03640073991101796	0.07973726961743277
log-power-n1n2psd.pathfinder.klw	Risky second	28.0	3.40524112751487	dp_full	-0.0058223592596855465	0.03765703321227841	0.08198284465399407
log-power-n1n2psd.pathfinder.klw	Risky second	28.0	3.5000000000000004	dp_full	-0.005498819511960418	0.03899544008809925	0.08466046207579996
log-power-n1n2psd.pathfinder.klw	Risky second	28.0	1.2	dp_bias	-0.005225819154815581	0.02906223698862978	0.06374695858773309
log-power-n1n2psd.pathfinder.klw	Risky second	28.0	1.233392832614218	dp_bias	-0.006330885375846316	0.02869080753365009	0.06422181037120207
log-power-n1n2psd.pathfinder.klw	Risky second	28.0	1.267714899620104	dp_bias	-0.00775785924613082	0.02825298183093368	0.06443148714650884
log-power-n1n2psd.pathfinder.klw	Risky second	28.0	1.3029920591580744	dp_bias	-0.008992406516660535	0.027492713990388905	0.0644086938587975
log-power-n1n2psd.pathfinder.klw	Risky second	28.0	1.339250888932342	dp_bias	-0.01007121506189522	0.026833258632292325	0.06449091850443739
log-power-n1n2psd.pathfinder.klw	Risky second	28.0	1.3765187062344757	dp_bias	-0.011239605407723157	0.026272396106644093	0.06417004124999773
log-power-n1n2psd.pathfinder.klw	Risky second	28.0	1.4148235885241658	dp_bias	-0.012030757093885815	0.025463413339870795	0.06385066200606425
log-power-n1n2psd.pathfinder.klw	Risky second	28.0	1.454194394582695	dp_bias	-0.013249060286848137	0.024643005503769376	0.0636514541664727
log-power-n1n2psd.pathfinder.klw	Risky second	28.0	1.4946607862550567	dp_bias	-0.014402143836984719	0.02378653255874837	0.06343214808401526
log-power-n1n2psd.pathfinder.klw	Risky second	28.0	1.5362532507970992	dp_bias	-0.014941374567002473	0.02300786362689397	0.0628475574363495
log-power-n1n2psd.pathfinder.klw	Risky second	28.0	1.579003123844529	dp_bias	-0.01575524572520861	0.022184081094707764	0.062019287471404894
log-power-n1n2psd.pathfinder.klw	Risky second	28.0	1.6229426130210856	dp_bias	-0.016754858981668688	0.021415428998061547	0.06106224556595706
log-power-n1n2psd.pathfinder.klw	Risky second	28.0	1.6681048222036647	dp_bias	-0.016999505954052103	0.020746179477363035	0.06043595324237619
log-power-n1n2psd.pathfinder.klw	Risky second	28.0	1.714523776462679	dp_bias	-0.017361903585790598	0.02011214563574244	0.05978322128198759
log-power-n1n2psd.pathfinder.klw	Risky second	28.0	1.7622344476964418	dp_bias	-0.01812032093099689	0.01965787127730982	0.059209266022113446
log-power-n1n2psd.pathfinder.klw	Risky second	28.0	1.8112727809788889	dp_bias	-0.018706948661248612	0.01930629456045748	0.0586644550822862
log-power-n1n2psd.pathfinder.klw	Risky second	28.0	1.861675721640487	dp_bias	-0.018459735562358658	0.01914231289310293	0.058130171912321886
log-power-n1n2psd.pathfinder.klw	Risky second	28.0	1.9134812431027324	dp_bias	-0.018071907622662083	0.01909432628332227	0.05797715882017515
log-power-n1n2psd.pathfinder.klw	Risky second	28.0	1.9667283754872122	dp_bias	-0.01787938318945026	0.01915383716121022	0.057769702078096195
log-power-n1n2psd.pathfinder.klw	Risky second	28.0	2.021457235020777	dp_bias	-0.017531798352055625	0.019400280542150292	0.057896815153507496
log-power-n1n2psd.pathfinder.klw	Risky second	28.0	2.0777090542589844	dp_bias	-0.016881799525833904	0.019765833458589635	0.05782402365656697
log-power-n1n2psd.pathfinder.klw	Risky second	28.0	2.1355262131505808	dp_bias	-0.016470645497441753	0.02018195938542739	0.057953332687102094
log-power-n1n2psd.pathfinder.klw	Risky second	28.0	2.1949522709664246	dp_bias	-0.015571323402383569	0.02078233128935262	0.05795093101717038
log-power-n1n2psd.pathfinder.klw	Risky second	28.0	2.256031999116908	dp_bias	-0.01471194756462652	0.0214471281131971	0.05804796120362551
log-power-n1n2psd.pathfinder.klw	Risky second	28.0	2.3188114148826	dp_bias	-0.014246474556414384	0.02220891780566492	0.05836477886515694
log-power-n1n2psd.pathfinder.klw	Risky second	28.0	2.3833378160835275	dp_bias	-0.013635103126898952	0.022965890553671563	0.05873385097552361
log-power-n1n2psd.pathfinder.klw	Risky second	28.0	2.4496598167132055	dp_bias	-0.012643349348646315	0.02392584772941646	0.05972421414867233
log-power-n1n2psd.pathfinder.klw	Risky second	28.0	2.5178273835642724	dp_bias	-0.011931729390829045	0.024926240970056746	0.0607012487936057
log-power-n1n2psd.pathfinder.klw	Risky second	28.0	2.58789187387332	dp_bias	-0.011136094481226941	0.025872946531240733	0.06178505782067133
log-power-n1n2psd.pathfinder.klw	Risky second	28.0	2.659906074013276	dp_bias	-0.010567933605724625	0.026944741294828045	0.06321898199847513
log-power-n1n2psd.pathfinder.klw	Risky second	28.0	2.7339242392624983	dp_bias	-0.009637343279234378	0.027912292041857033	0.0646497950870237
log-power-n1n2psd.pathfinder.klw	Risky second	28.0	2.8100021346805373	dp_bias	-0.00875311672416223	0.029052879489768736	0.06623671390883677
log-power-n1n2psd.pathfinder.klw	Risky second	28.0	2.8881970771213568	dp_bias	-0.00841785734361609	0.030135975896584354	0.0678570572711958
log-power-n1n2psd.pathfinder.klw	Risky second	28.0	2.9685679784156793	dp_bias	-0.007719926512677731	0.031303548181693314	0.06983378859508978
log-power-n1n2psd.pathfinder.klw	Risky second	28.0	3.051175389754982	dp_bias	-0.006759553483665853	0.032362346160943675	0.0720203003020904
log-power-n1n2psd.pathfinder.klw	Risky second	28.0	3.1360815473105736	dp_bias	-0.006066049395950835	0.033511495130779195	0.07410287748241169
log-power-n1n2psd.pathfinder.klw	Risky second	28.0	3.2233504191221405	dp_bias	-0.005736650411740078	0.03477167355048277	0.07594384470960425
log-power-n1n2psd.pathfinder.klw	Risky second	28.0	3.31304775329107	dp_bias	-0.005148504077390343	0.036138993163162374	0.07824524947453837
log-power-n1n2psd.pathfinder.klw	Risky second	28.0	3.40524112751487	dp_bias	-0.004585063575606286	0.03757295470629423	0.08064330869983422
log-power-n1n2psd.pathfinder.klw	Risky second	28.0	3.5000000000000004	dp_bias	-0.004028305575431881	0.03894581262929901	0.0832399176552689
log-power-n1n2psd.pathfinder.klw	Risky second	28.0	1.2	dp_scale	-0.015336529699018312	-0.0009848417503906973	0.01336300366112783
log-power-n1n2psd.pathfinder.klw	Risky second	28.0	1.233392832614218	dp_scale	-0.015139569222622887	-0.0009552349732491529	0.012996484665152474
log-power-n1n2psd.pathfinder.klw	Risky second	28.0	1.267714899620104	dp_scale	-0.014759153676864463	-0.0009070048777351375	0.01276626789618064
log-power-n1n2psd.pathfinder.klw	Risky second	28.0	1.3029920591580744	dp_scale	-0.014411553392143782	-0.0008420649392534986	0.01256798954343934
log-power-n1n2psd.pathfinder.klw	Risky second	28.0	1.339250888932342	dp_scale	-0.013813546857852304	-0.0007542856598380292	0.012216317221957
log-power-n1n2psd.pathfinder.klw	Risky second	28.0	1.3765187062344757	dp_scale	-0.013201146715105916	-0.0006232570758356503	0.011824420600462699
log-power-n1n2psd.pathfinder.klw	Risky second	28.0	1.4148235885241658	dp_scale	-0.012425361607305728	-0.0004556008468865619	0.011521649894524331
log-power-n1n2psd.pathfinder.klw	Risky second	28.0	1.454194394582695	dp_scale	-0.011537789179926103	-0.00028616511053528775	0.010848198322671917
log-power-n1n2psd.pathfinder.klw	Risky second	28.0	1.4946607862550567	dp_scale	-0.01047658167626211	-9.202307839266643e-05	0.010345243595610294
log-power-n1n2psd.pathfinder.klw	Risky second	28.0	1.5362532507970992	dp_scale	-0.009422806329391843	0.00014221503383361666	0.009806836326419892
log-power-n1n2psd.pathfinder.klw	Risky second	28.0	1.579003123844529	dp_scale	-0.008357749975769175	0.00034065417412483453	0.009075193036512528
log-power-n1n2psd.pathfinder.klw	Risky second	28.0	1.6229426130210856	dp_scale	-0.007476824627235706	0.0005671817984857649	0.008481925217032166
log-power-n1n2psd.pathfinder.klw	Risky second	28.0	1.6681048222036647	dp_scale	-0.006436613950010348	0.0008070817931256598	0.007916574675827055
log-power-n1n2psd.pathfinder.klw	Risky second	28.0	1.714523776462679	dp_scale	-0.005601661776029425	0.0010171398452686162	0.007527743336853657
log-power-n1n2psd.pathfinder.klw	Risky second	28.0	1.7622344476964418	dp_scale	-0.004880483514373802	0.0011743005002504627	0.007350214954484509
log-power-n1n2psd.pathfinder.klw	Risky second	28.0	1.8112727809788889	dp_scale	-0.004442550663450023	0.0013591030394679733	0.007378710926713415
log-power-n1n2psd.pathfinder.klw	Risky second	28.0	1.861675721640487	dp_scale	-0.004171605501170625	0.0015766568000569396	0.007543975264536684
log-power-n1n2psd.pathfinder.klw	Risky second	28.0	1.9134812431027324	dp_scale	-0.0040609038954830265	0.0017731748011912643	0.007947437565096523
log-power-n1n2psd.pathfinder.klw	Risky second	28.0	1.9667283754872122	dp_scale	-0.0043364158868119335	0.0019789413021031807	0.008462036992865784
log-power-n1n2psd.pathfinder.klw	Risky second	28.0	2.021457235020777	dp_scale	-0.004462068564096053	0.002205116588417973	0.008992912560503892
log-power-n1n2psd.pathfinder.klw	Risky second	28.0	2.0777090542589844	dp_scale	-0.004723727439831338	0.002409020515133489	0.009637064759802076
log-power-n1n2psd.pathfinder.klw	Risky second	28.0	2.1355262131505808	dp_scale	-0.0050520560284733115	0.0026104168084555113	0.010295343826142464
log-power-n1n2psd.pathfinder.klw	Risky second	28.0	2.1949522709664246	dp_scale	-0.00527798075770007	0.0027748485666218886	0.01089979419376544
log-power-n1n2psd.pathfinder.klw	Risky second	28.0	2.256031999116908	dp_scale	-0.005516132817010722	0.0029120254852142927	0.011468186589340068
log-power-n1n2psd.pathfinder.klw	Risky second	28.0	2.3188114148826	dp_scale	-0.005784288598132078	0.003060190789501559	0.012005369199628541
log-power-n1n2psd.pathfinder.klw	Risky second	28.0	2.3833378160835275	dp_scale	-0.005844326435741749	0.0032232661352734676	0.01253442294428243
log-power-n1n2psd.pathfinder.klw	Risky second	28.0	2.4496598167132055	dp_scale	-0.006060881568643641	0.003350022521502306	0.013022785982807613
log-power-n1n2psd.pathfinder.klw	Risky second	28.0	2.5178273835642724	dp_scale	-0.006217856835280393	0.003485308165356941	0.013381648168489958
log-power-n1n2psd.pathfinder.klw	Risky second	28.0	2.58789187387332	dp_scale	-0.006289010202026143	0.0036048517754164494	0.013624761949391846
log-power-n1n2psd.pathfinder.klw	Risky second	28.0	2.659906074013276	dp_scale	-0.0062882898387934556	0.003713282201634309	0.013874220660360221
log-power-n1n2psd.pathfinder.klw	Risky second	28.0	2.7339242392624983	dp_scale	-0.006298407130086649	0.003838649203309321	0.01412197102326427
log-power-n1n2psd.pathfinder.klw	Risky second	28.0	2.8100021346805373	dp_scale	-0.006233572130004084	0.003930655727406007	0.0143628150791881
log-power-n1n2psd.pathfinder.klw	Risky second	28.0	2.8881970771213568	dp_scale	-0.0062468412488406065	0.004031970761513955	0.014512419852719342
log-power-n1n2psd.pathfinder.klw	Risky second	28.0	2.9685679784156793	dp_scale	-0.006197369575876672	0.004129791634443958	0.014482905263133727
log-power-n1n2psd.pathfinder.klw	Risky second	28.0	3.051175389754982	dp_scale	-0.006134701619873077	0.004171338659303022	0.014552099881424595
log-power-n1n2psd.pathfinder.klw	Risky second	28.0	3.1360815473105736	dp_scale	-0.006023309294187947	0.004240263878146913	0.014512439816712842
log-power-n1n2psd.pathfinder.klw	Risky second	28.0	3.2233504191221405	dp_scale	-0.005884953899433734	0.004279639520773658	0.01448119546591431
log-power-n1n2psd.pathfinder.klw	Risky second	28.0	3.31304775329107	dp_scale	-0.00577250899772655	0.0042996441450099745	0.014421062283736612
log-power-n1n2psd.pathfinder.klw	Risky second	28.0	3.40524112751487	dp_scale	-0.005608162584109813	0.004321427050289555	0.014295546993720041
log-power-n1n2psd.pathfinder.klw	Risky second	28.0	3.5000000000000004	dp_scale	-0.005441180240949928	0.00435666051246691	0.014166176072344662
log-power-n1n2psd.pathfinder.klw	Risky second	28.0	1.2	dp_interaction	-0.002458771947215512	0.0026540594056691383	0.008900913771299089
log-power-n1n2psd.pathfinder.klw	Risky second	28.0	1.233392832614218	dp_interaction	-0.0024025529206197567	0.002682339506032479	0.008989375630634367
log-power-n1n2psd.pathfinder.klw	Risky second	28.0	1.267714899620104	dp_interaction	-0.0024108846996031023	0.002641791442658115	0.009112081481064833
log-power-n1n2psd.pathfinder.klw	Risky second	28.0	1.3029920591580744	dp_interaction	-0.002539077033801396	0.0025618444460909205	0.009098242559094505
log-power-n1n2psd.pathfinder.klw	Risky second	28.0	1.339250888932342	dp_interaction	-0.0026704182256833413	0.0024811793167158055	0.008931674712118285
log-power-n1n2psd.pathfinder.klw	Risky second	28.0	1.3765187062344757	dp_interaction	-0.0027595479561895006	0.0023538423823999165	0.008816080699349874
log-power-n1n2psd.pathfinder.klw	Risky second	28.0	1.4148235885241658	dp_interaction	-0.0029581143158870717	0.002178882955663374	0.008467007787061708
log-power-n1n2psd.pathfinder.klw	Risky second	28.0	1.454194394582695	dp_interaction	-0.0031863431954884287	0.0019467247487777576	0.008114929340140516
log-power-n1n2psd.pathfinder.klw	Risky second	28.0	1.4946607862550567	dp_interaction	-0.0034434795718257297	0.0017006284775616543	0.007838800995709444
log-power-n1n2psd.pathfinder.klw	Risky second	28.0	1.5362532507970992	dp_interaction	-0.0036665064004887758	0.0014138894225021194	0.00742444748716576
log-power-n1n2psd.pathfinder.klw	Risky second	28.0	1.579003123844529	dp_interaction	-0.003944881918116076	0.0011292822659475063	0.006970914901467498
log-power-n1n2psd.pathfinder.klw	Risky second	28.0	1.6229426130210856	dp_interaction	-0.00427528389566533	0.0008548039106881166	0.006450244653197881
log-power-n1n2psd.pathfinder.klw	Risky second	28.0	1.6681048222036647	dp_interaction	-0.0045758703198982556	0.0005502718107083016	0.005943073410823093
log-power-n1n2psd.pathfinder.klw	Risky second	28.0	1.714523776462679	dp_interaction	-0.0049084356498811064	0.00024360257236973862	0.00554833034733489
log-power-n1n2psd.pathfinder.klw	Risky second	28.0	1.7622344476964418	dp_interaction	-0.005132558708840144	-2.561290871707585e-05	0.00505693242920266
log-power-n1n2psd.pathfinder.klw	Risky second	28.0	1.8112727809788889	dp_interaction	-0.0054051594259344705	-0.00031391245885957595	0.004573264636224593
log-power-n1n2psd.pathfinder.klw	Risky second	28.0	1.861675721640487	dp_interaction	-0.0055621330368785665	-0.0005612906521538195	0.004146590863340203
log-power-n1n2psd.pathfinder.klw	Risky second	28.0	1.9134812431027324	dp_interaction	-0.005803964241811578	-0.0008197695415697248	0.003728798861863005
log-power-n1n2psd.pathfinder.klw	Risky second	28.0	1.9667283754872122	dp_interaction	-0.006032098420753873	-0.0010786614828500454	0.003306936313101886
log-power-n1n2psd.pathfinder.klw	Risky second	28.0	2.021457235020777	dp_interaction	-0.006231414617424876	-0.0012932760748311453	0.003019402100552502
log-power-n1n2psd.pathfinder.klw	Risky second	28.0	2.0777090542589844	dp_interaction	-0.006508539900285941	-0.0015094329103912392	0.0028477997284084454
log-power-n1n2psd.pathfinder.klw	Risky second	28.0	2.1355262131505808	dp_interaction	-0.006699879469083018	-0.001705966629431982	0.0026067263736997163
log-power-n1n2psd.pathfinder.klw	Risky second	28.0	2.1949522709664246	dp_interaction	-0.006963182966445339	-0.0019085552018949445	0.0024573913842106435
log-power-n1n2psd.pathfinder.klw	Risky second	28.0	2.256031999116908	dp_interaction	-0.0072362064731548905	-0.0020913868119561904	0.002278188667423986
log-power-n1n2psd.pathfinder.klw	Risky second	28.0	2.3188114148826	dp_interaction	-0.007566776343488919	-0.0022863161019379234	0.0021853495448015416
log-power-n1n2psd.pathfinder.klw	Risky second	28.0	2.3833378160835275	dp_interaction	-0.007914661118952391	-0.0024287805144141686	0.0020582879672855297
log-power-n1n2psd.pathfinder.klw	Risky second	28.0	2.4496598167132055	dp_interaction	-0.008221525343209852	-0.0026052987334694833	0.002054250899572717
log-power-n1n2psd.pathfinder.klw	Risky second	28.0	2.5178273835642724	dp_interaction	-0.008529424998586966	-0.002751051897576024	0.002012765617695432
log-power-n1n2psd.pathfinder.klw	Risky second	28.0	2.58789187387332	dp_interaction	-0.008833500236849201	-0.0029063508559229526	0.002018735604221379
log-power-n1n2psd.pathfinder.klw	Risky second	28.0	2.659906074013276	dp_interaction	-0.009117112373922556	-0.003059034724153079	0.002000767759774851
log-power-n1n2psd.pathfinder.klw	Risky second	28.0	2.7339242392624983	dp_interaction	-0.009330882247225235	-0.0031863719829176925	0.002041518270665477
log-power-n1n2psd.pathfinder.klw	Risky second	28.0	2.8100021346805373	dp_interaction	-0.00961774883184759	-0.0033333986204330777	0.002013487274388108
log-power-n1n2psd.pathfinder.klw	Risky second	28.0	2.8881970771213568	dp_interaction	-0.009899956443636001	-0.003493583442238141	0.001928274781137362
log-power-n1n2psd.pathfinder.klw	Risky second	28.0	2.9685679784156793	dp_interaction	-0.01009646965954723	-0.0036269103526413975	0.0018346838878026094
log-power-n1n2psd.pathfinder.klw	Risky second	28.0	3.051175389754982	dp_interaction	-0.010257009548777209	-0.003762581874009141	0.0018216794608705796
log-power-n1n2psd.pathfinder.klw	Risky second	28.0	3.1360815473105736	dp_interaction	-0.01041569977124561	-0.0039060659616817926	0.0017699605142404448
log-power-n1n2psd.pathfinder.klw	Risky second	28.0	3.2233504191221405	dp_interaction	-0.010602421395716419	-0.004014825231371911	0.0016897848393695987
log-power-n1n2psd.pathfinder.klw	Risky second	28.0	3.31304775329107	dp_interaction	-0.010829617180543944	-0.00412452409892956	0.0016704680590008854
log-power-n1n2psd.pathfinder.klw	Risky second	28.0	3.40524112751487	dp_interaction	-0.01102609689527462	-0.004225044791391274	0.0016385649704159365
log-power-n1n2psd.pathfinder.klw	Risky second	28.0	3.5000000000000004	dp_interaction	-0.011198985474448473	-0.004308001254960564	0.0015879437022823673
log-power-n1n2psd.pathfinder.klw	Risky second	28.0	1.2	num_shift	-0.004489520298055669	0.03753976521735212	0.08142664659767714
log-power-n1n2psd.pathfinder.klw	Risky second	28.0	1.233392832614218	num_shift	-0.004318686602280536	0.037436135600059095	0.08111356878846764
log-power-n1n2psd.pathfinder.klw	Risky second	28.0	1.267714899620104	num_shift	-0.004763816936062044	0.03725350503659661	0.08110153761326712
log-power-n1n2psd.pathfinder.klw	Risky second	28.0	1.3029920591580744	num_shift	-0.0045745674141015515	0.03711873626920192	0.08102357353166358
log-power-n1n2psd.pathfinder.klw	Risky second	28.0	1.339250888932342	num_shift	-0.004340702218695099	0.03702670919628459	0.08055865360158256
log-power-n1n2psd.pathfinder.klw	Risky second	28.0	1.3765187062344757	num_shift	-0.004588182313437773	0.036996848957378724	0.08059915064150876
log-power-n1n2psd.pathfinder.klw	Risky second	28.0	1.4148235885241658	num_shift	-0.004537198742580475	0.03690790954719694	0.08067734435460291
log-power-n1n2psd.pathfinder.klw	Risky second	28.0	1.454194394582695	num_shift	-0.004162047342473813	0.03692157693823081	0.08078021686459709
log-power-n1n2psd.pathfinder.klw	Risky second	28.0	1.4946607862550567	num_shift	-0.004118427431072779	0.03705118566620086	0.08064610959754567
log-power-n1n2psd.pathfinder.klw	Risky second	28.0	1.5362532507970992	num_shift	-0.0040710080985195286	0.03705979845964011	0.08075769967335203
log-power-n1n2psd.pathfinder.klw	Risky second	28.0	1.579003123844529	num_shift	-0.003909648644623849	0.03720033841689212	0.08079127796635495
log-power-n1n2psd.pathfinder.klw	Risky second	28.0	1.6229426130210856	num_shift	-0.0042360506872392905	0.0374524107726039	0.08071548571772513
log-power-n1n2psd.pathfinder.klw	Risky second	28.0	1.6681048222036647	num_shift	-0.004066235968456652	0.037682565743782245	0.08095216002534676
log-power-n1n2psd.pathfinder.klw	Risky second	28.0	1.714523776462679	num_shift	-0.0038498633496885162	0.03794601927721028	0.0813016821758302
log-power-n1n2psd.pathfinder.klw	Risky second	28.0	1.7622344476964418	num_shift	-0.0036338461129674206	0.038159496736785564	0.08167324112481845
log-power-n1n2psd.pathfinder.klw	Risky second	28.0	1.8112727809788889	num_shift	-0.003192924411498416	0.03834790429627204	0.08194543277412746
log-power-n1n2psd.pathfinder.klw	Risky second	28.0	1.861675721640487	num_shift	-0.003239465232726307	0.03871333317535461	0.08244608033142987
log-power-n1n2psd.pathfinder.klw	Risky second	28.0	1.9134812431027324	num_shift	-0.0031626977537027885	0.03911717630778934	0.08262370935355
log-power-n1n2psd.pathfinder.klw	Risky second	28.0	1.9667283754872122	num_shift	-0.003465696591885031	0.03967155045753016	0.0834294805105203
log-power-n1n2psd.pathfinder.klw	Risky second	28.0	2.021457235020777	num_shift	-0.003611106321993632	0.039969727946571894	0.08411374910885569
log-power-n1n2psd.pathfinder.klw	Risky second	28.0	2.0777090542589844	num_shift	-0.003375646405054796	0.04052652683086094	0.08482877108364392
log-power-n1n2psd.pathfinder.klw	Risky second	28.0	2.1355262131505808	num_shift	-0.0034825030628803087	0.04100722298434445	0.08620113717078223
log-power-n1n2psd.pathfinder.klw	Risky second	28.0	2.1949522709664246	num_shift	-0.003428307852063114	0.04170128280414229	0.0874076781214503
log-power-n1n2psd.pathfinder.klw	Risky second	28.0	2.256031999116908	num_shift	-0.003793522295474674	0.04222126782502515	0.08846069440407701
log-power-n1n2psd.pathfinder.klw	Risky second	28.0	2.3188114148826	num_shift	-0.004007196460728375	0.04291004808922057	0.08957350990999312
log-power-n1n2psd.pathfinder.klw	Risky second	28.0	2.3833378160835275	num_shift	-0.003697425117528017	0.04370059152436449	0.09077981101130665
log-power-n1n2psd.pathfinder.klw	Risky second	28.0	2.4496598167132055	num_shift	-0.004232037330181656	0.044261436458447156	0.09242589465097364
log-power-n1n2psd.pathfinder.klw	Risky second	28.0	2.5178273835642724	num_shift	-0.0043399480537634596	0.044853568850948065	0.09406001815167733
log-power-n1n2psd.pathfinder.klw	Risky second	28.0	2.58789187387332	num_shift	-0.004543285343250592	0.04561694266718962	0.09571426457329185
log-power-n1n2psd.pathfinder.klw	Risky second	28.0	2.659906074013276	num_shift	-0.005163632573732059	0.0467502199182518	0.09814223561878269
log-power-n1n2psd.pathfinder.klw	Risky second	28.0	2.7339242392624983	num_shift	-0.005926608654113144	0.04767625126721138	0.10039072768387772
log-power-n1n2psd.pathfinder.klw	Risky second	28.0	2.8100021346805373	num_shift	-0.0067699758461950985	0.048568650231645444	0.1022851070428182
log-power-n1n2psd.pathfinder.klw	Risky second	28.0	2.8881970771213568	num_shift	-0.007174391654628882	0.04938946598382659	0.10454160467008461
log-power-n1n2psd.pathfinder.klw	Risky second	28.0	2.9685679784156793	num_shift	-0.008012313234472837	0.05030726750810733	0.10701443431508748
log-power-n1n2psd.pathfinder.klw	Risky second	28.0	3.051175389754982	num_shift	-0.009338778152812218	0.05108256394940808	0.10957477869063481
log-power-n1n2psd.pathfinder.klw	Risky second	28.0	3.1360815473105736	num_shift	-0.010594433244245487	0.05202449639403314	0.11234305845814183
log-power-n1n2psd.pathfinder.klw	Risky second	28.0	3.2233504191221405	num_shift	-0.011501551194617205	0.05290294865853469	0.11567152609485051
log-power-n1n2psd.pathfinder.klw	Risky second	28.0	3.31304775329107	num_shift	-0.012075567763393807	0.054057313127211626	0.11907988365850283
log-power-n1n2psd.pathfinder.klw	Risky second	28.0	3.40524112751487	num_shift	-0.013957143783138896	0.05513944573328193	0.12266098647413458
log-power-n1n2psd.pathfinder.klw	Risky second	28.0	3.5000000000000004	num_shift	-0.01503743030813853	0.05630279572241968	0.12637865010412086
log-power-n1n2psd.pathfinder.klw	Risky second	28.0	1.2	den_ratio	0.9362916829563083	1.0299286399877674	1.1304856893154531
log-power-n1n2psd.pathfinder.klw	Risky second	28.0	1.233392832614218	den_ratio	0.9359619391226475	1.029600925865807	1.13061699405424
log-power-n1n2psd.pathfinder.klw	Risky second	28.0	1.267714899620104	den_ratio	0.9354924520036395	1.0293298055280942	1.13035542272417
log-power-n1n2psd.pathfinder.klw	Risky second	28.0	1.3029920591580744	den_ratio	0.935321366539668	1.0290267889256604	1.1300985239686743
log-power-n1n2psd.pathfinder.klw	Risky second	28.0	1.339250888932342	den_ratio	0.9350678112191769	1.0287385801634135	1.1301396980212983
log-power-n1n2psd.pathfinder.klw	Risky second	28.0	1.3765187062344757	den_ratio	0.9347276921241802	1.0285260872741422	1.129906355935847
log-power-n1n2psd.pathfinder.klw	Risky second	28.0	1.4148235885241658	den_ratio	0.9345159696336685	1.0282919315864718	1.1297693296788183
log-power-n1n2psd.pathfinder.klw	Risky second	28.0	1.454194394582695	den_ratio	0.9339148822543085	1.0279957417572532	1.1299986021502335
log-power-n1n2psd.pathfinder.klw	Risky second	28.0	1.4946607862550567	den_ratio	0.9332020700245419	1.027716128903067	1.1296900046049962
log-power-n1n2psd.pathfinder.klw	Risky second	28.0	1.5362532507970992	den_ratio	0.9326560697980117	1.0275337866893381	1.1295777852077367
log-power-n1n2psd.pathfinder.klw	Risky second	28.0	1.579003123844529	den_ratio	0.9323231471910677	1.0271532069424825	1.1294089639092564
log-power-n1n2psd.pathfinder.klw	Risky second	28.0	1.6229426130210856	den_ratio	0.9318458980987342	1.0269809206571678	1.1294561345023675
log-power-n1n2psd.pathfinder.klw	Risky second	28.0	1.6681048222036647	den_ratio	0.9312761332819319	1.0268289139280438	1.1291356986439753
log-power-n1n2psd.pathfinder.klw	Risky second	28.0	1.714523776462679	den_ratio	0.930655328122543	1.0266339297413412	1.1291541065781576
log-power-n1n2psd.pathfinder.klw	Risky second	28.0	1.7622344476964418	den_ratio	0.9304613611430652	1.026325787451509	1.1290850707529696
log-power-n1n2psd.pathfinder.klw	Risky second	28.0	1.8112727809788889	den_ratio	0.9298859624844424	1.0261003286343533	1.129053122002823
log-power-n1n2psd.pathfinder.klw	Risky second	28.0	1.861675721640487	den_ratio	0.9296653158048842	1.0256487312033347	1.1290852530171136
log-power-n1n2psd.pathfinder.klw	Risky second	28.0	1.9134812431027324	den_ratio	0.9292457175346587	1.0254898186205534	1.1293626510118213
log-power-n1n2psd.pathfinder.klw	Risky second	28.0	1.9667283754872122	den_ratio	0.9288445414353581	1.0253724512798157	1.1294051032266246
log-power-n1n2psd.pathfinder.klw	Risky second	28.0	2.021457235020777	den_ratio	0.9284927386363653	1.025224394074877	1.1297701329482142
log-power-n1n2psd.pathfinder.klw	Risky second	28.0	2.0777090542589844	den_ratio	0.9281018341351644	1.0250326215152574	1.1298393371850648
log-power-n1n2psd.pathfinder.klw	Risky second	28.0	2.1355262131505808	den_ratio	0.9274461596204132	1.0248384122776444	1.1301983447652413
log-power-n1n2psd.pathfinder.klw	Risky second	28.0	2.1949522709664246	den_ratio	0.9269191330449457	1.0246119193374517	1.130556458874724
log-power-n1n2psd.pathfinder.klw	Risky second	28.0	2.256031999116908	den_ratio	0.926746922045795	1.024286620118584	1.130625313021327
log-power-n1n2psd.pathfinder.klw	Risky second	28.0	2.3188114148826	den_ratio	0.9264794624234792	1.0239931961682809	1.1306498027919796
log-power-n1n2psd.pathfinder.klw	Risky second	28.0	2.3833378160835275	den_ratio	0.925794467493515	1.0238398993383169	1.1307052917915528
log-power-n1n2psd.pathfinder.klw	Risky second	28.0	2.4496598167132055	den_ratio	0.9251872610720376	1.0236101434113767	1.1308867230229096
log-power-n1n2psd.pathfinder.klw	Risky second	28.0	2.5178273835642724	den_ratio	0.925054121258893	1.0233142433085023	1.1312737612578658
log-power-n1n2psd.pathfinder.klw	Risky second	28.0	2.58789187387332	den_ratio	0.924539879500712	1.0231807078920925	1.1315139532127105
log-power-n1n2psd.pathfinder.klw	Risky second	28.0	2.659906074013276	den_ratio	0.9240445461172766	1.0231159955723168	1.131412864061199
log-power-n1n2psd.pathfinder.klw	Risky second	28.0	2.7339242392624983	den_ratio	0.9238386425681411	1.0229894611303987	1.1320596414171196
log-power-n1n2psd.pathfinder.klw	Risky second	28.0	2.8100021346805373	den_ratio	0.9234536059339346	1.022838651376697	1.1321151936540639
log-power-n1n2psd.pathfinder.klw	Risky second	28.0	2.8881970771213568	den_ratio	0.9229897571295383	1.0227546726830825	1.1324788747098928
log-power-n1n2psd.pathfinder.klw	Risky second	28.0	2.9685679784156793	den_ratio	0.92232176608175	1.0226524408331468	1.1328454689423144
log-power-n1n2psd.pathfinder.klw	Risky second	28.0	3.051175389754982	den_ratio	0.9218342639327457	1.0224882199477454	1.133208692688848
log-power-n1n2psd.pathfinder.klw	Risky second	28.0	3.1360815473105736	den_ratio	0.9213864961577989	1.0223590209107996	1.13347420553272
log-power-n1n2psd.pathfinder.klw	Risky second	28.0	3.2233504191221405	den_ratio	0.9208179180009685	1.022220510183936	1.1335337807278782
log-power-n1n2psd.pathfinder.klw	Risky second	28.0	3.31304775329107	den_ratio	0.9206150507450719	1.022151859280649	1.1337765348593358
log-power-n1n2psd.pathfinder.klw	Risky second	28.0	3.40524112751487	den_ratio	0.9204018652596062	1.0219214605520772	1.134138951379346
log-power-n1n2psd.pathfinder.klw	Risky second	28.0	3.5000000000000004	den_ratio	0.9200483245588436	1.021826272663678	1.1344319374746892
