label	space	form	placement	memory_model	channel	condition	x	lo	mid	hi	p_gt0
log-affine-nullind	log	affine	nullind	independent	n1	ips	6.999999999999999	0.17916486659623607	0.2023069660535276	0.22718095711438074	
log-affine-nullind	log	affine	nullind	independent	n1	ips	7.515760138376834	0.18066417533587598	0.2032179832423045	0.22747726846509653	
log-affine-nullind	log	affine	nullind	independent	n1	ips	8.069521493944878	0.18212244226898686	0.20414997494926929	0.22778332166076543	
log-affine-nullind	log	affine	nullind	independent	n1	ips	8.664083997137997	0.18352184085641793	0.20507171286118636	0.22812799434573588	
log-affine-nullind	log	affine	nullind	independent	n1	ips	9.302453877319767	0.18493953717029354	0.2060090502399043	0.2285185120463	
log-affine-nullind	log	affine	nullind	independent	n1	ips	9.987858862892702	0.18631378998820078	0.2069177726559393	0.2289691050704406	
log-affine-nullind	log	affine	nullind	independent	n1	ips	10.723764501351818	0.18765392181990243	0.20785687861695362	0.22944563976134	
log-affine-nullind	log	affine	nullind	independent	n1	ips	11.513891681800072	0.1888820113491637	0.20876957537457635	0.22984095677461497	
log-affine-nullind	log	affine	nullind	independent	n1	ips	12.36223544852308	0.1901957485076905	0.20969422785333464	0.23027398780387598	
log-affine-nullind	log	affine	nullind	independent	n1	ips	13.273085200748401	0.19136623680026968	0.2106532912500553	0.23092538857705677	
log-affine-nullind	log	affine	nullind	independent	n1	ips	14.25104638072347	0.19268531476373527	0.21157399996875176	0.23162702491866582	
log-affine-nullind	log	affine	nullind	independent	n1	ips	15.301063759771553	0.19381281423166472	0.2125019178477084	0.2322595271912838	
log-affine-nullind	log	affine	nullind	independent	n1	ips	16.428446440064768	0.19489175820333152	0.21344363033695424	0.23315346975012552	
log-affine-nullind	log	affine	nullind	independent	n1	ips	17.638894698528226	0.1958666394248264	0.21433521866441385	0.2340042770111669	
log-affine-nullind	log	affine	nullind	independent	n1	ips	18.93852880860355	0.19689161430872992	0.21521445444353793	0.23483536496820007	
log-affine-nullind	log	affine	nullind	independent	n1	ips	20.33391998560055	0.1979352801088804	0.21613954722605314	0.2357735852191602	
log-affine-nullind	log	affine	nullind	independent	n1	ips	21.832123612102944	0.19884578057876465	0.21703442450917038	0.23655741279688622	
log-affine-nullind	log	affine	nullind	independent	n1	ips	23.440714911422706	0.19967082310824788	0.21793990170304042	0.23756429833580853	
log-affine-nullind	log	affine	nullind	independent	n1	ips	25.16782724947517	0.2004552133322131	0.21884508172596967	0.23864715288850724	
log-affine-nullind	log	affine	nullind	independent	n1	ips	27.0221932587371	0.20119573092821072	0.21976917197327345	0.2397694828721248	
log-affine-nullind	log	affine	nullind	independent	n1	ips	29.01318899221878	0.20196576889922377	0.22065230803207847	0.2409616044596597	
log-affine-nullind	log	affine	nullind	independent	n1	ips	31.150881330701633	0.2026901801448085	0.22155075451885226	0.24215303876242442	
log-affine-nullind	log	affine	nullind	independent	n1	ips	33.44607888294205	0.2034183758909775	0.22245946144414885	0.2434033803157902	
log-affine-nullind	log	affine	nullind	independent	n1	ips	35.910386636203285	0.2041157001505606	0.22334306469902607	0.24481483081095426	
log-affine-nullind	log	affine	nullind	independent	n1	ips	38.55626463343953	0.2046081419413132	0.2242424613042496	0.24624493822058938	
log-affine-nullind	log	affine	nullind	independent	n1	ips	41.397090973816184	0.20514304263890165	0.22511388270586896	0.24764232635201222	
log-affine-nullind	log	affine	nullind	independent	n1	ips	44.44722945510957	0.2055931960078602	0.22602237185381902	0.24900321387729546	
log-affine-nullind	log	affine	nullind	independent	n1	ips	47.722102200000165	0.2061303836139409	0.2269405379219135	0.2505759283451363	
log-affine-nullind	log	affine	nullind	independent	n1	ips	51.23826763347237	0.20659436138193077	0.22780850392145463	0.25203733357321234	
log-affine-nullind	log	affine	nullind	independent	n1	ips	55.01350420559078	0.20694065390120897	0.22869189401440498	0.25362281168367573	
log-affine-nullind	log	affine	nullind	independent	n1	ips	59.0669002829722	0.20733192749147947	0.22962316436255478	0.25522232305660514	
log-affine-nullind	log	affine	nullind	independent	n1	ips	63.4189506634631	0.20768954207417492	0.23051275522498366	0.256825102840256	
log-affine-nullind	log	affine	nullind	independent	n1	ips	68.0916602020204	0.20800392250206487	0.23140671848762903	0.2584688137591047	
log-affine-nullind	log	affine	nullind	independent	n1	ips	73.10865507174931	0.20840513369646466	0.23227248553196803	0.2600403335371413	
log-affine-nullind	log	affine	nullind	independent	n1	ips	78.49530222265639	0.20867162396820454	0.2331635319914099	0.261716611503782	
log-affine-nullind	log	affine	nullind	independent	n1	ips	84.27883764212618	0.2089627290499965	0.23407468737818382	0.26332749313370596	
log-affine-nullind	log	affine	nullind	independent	n1	ips	90.48850406563211	0.20923382607126226	0.2349373904132854	0.2649718345217144	
log-affine-nullind	log	affine	nullind	independent	n1	ips	97.15569883397539	0.20949485297745776	0.23582102064520322	0.26667002186228633	
log-affine-nullind	log	affine	nullind	independent	n1	ips	104.31413264464811	0.20981522072565176	0.2367325998095534	0.26838355554605614	
log-affine-nullind	log	affine	nullind	independent	n1	ips	111.99999999999996	0.21007946093244295	0.237632408340795	0.27005834110797144	
log-affine-nullind	log	affine	nullind	independent	n1	vertex	6.999999999999999	0.17916486659623607	0.2023069660535276	0.22718095711438074	
log-affine-nullind	log	affine	nullind	independent	n1	vertex	7.515760138376834	0.18066417533587598	0.2032179832423045	0.22747726846509653	
log-affine-nullind	log	affine	nullind	independent	n1	vertex	8.069521493944878	0.18212244226898686	0.20414997494926929	0.22778332166076543	
log-affine-nullind	log	affine	nullind	independent	n1	vertex	8.664083997137997	0.18352184085641793	0.20507171286118636	0.22812799434573588	
log-affine-nullind	log	affine	nullind	independent	n1	vertex	9.302453877319767	0.18493953717029354	0.2060090502399043	0.2285185120463	
log-affine-nullind	log	affine	nullind	independent	n1	vertex	9.987858862892702	0.18631378998820078	0.2069177726559393	0.2289691050704406	
log-affine-nullind	log	affine	nullind	independent	n1	vertex	10.723764501351818	0.18765392181990243	0.20785687861695362	0.22944563976134	
log-affine-nullind	log	affine	nullind	independent	n1	vertex	11.513891681800072	0.1888820113491637	0.20876957537457635	0.22984095677461497	
log-affine-nullind	log	affine	nullind	independent	n1	vertex	12.36223544852308	0.1901957485076905	0.20969422785333464	0.23027398780387598	
log-affine-nullind	log	affine	nullind	independent	n1	vertex	13.273085200748401	0.19136623680026968	0.2106532912500553	0.23092538857705677	
log-affine-nullind	log	affine	nullind	independent	n1	vertex	14.25104638072347	0.19268531476373527	0.21157399996875176	0.23162702491866582	
log-affine-nullind	log	affine	nullind	independent	n1	vertex	15.301063759771553	0.19381281423166472	0.2125019178477084	0.2322595271912838	
log-affine-nullind	log	affine	nullind	independent	n1	vertex	16.428446440064768	0.19489175820333152	0.21344363033695424	0.23315346975012552	
log-affine-nullind	log	affine	nullind	independent	n1	vertex	17.638894698528226	0.1958666394248264	0.21433521866441385	0.2340042770111669	
log-affine-nullind	log	affine	nullind	independent	n1	vertex	18.93852880860355	0.19689161430872992	0.21521445444353793	0.23483536496820007	
log-affine-nullind	log	affine	nullind	independent	n1	vertex	20.33391998560055	0.1979352801088804	0.21613954722605314	0.2357735852191602	
log-affine-nullind	log	affine	nullind	independent	n1	vertex	21.832123612102944	0.19884578057876465	0.21703442450917038	0.23655741279688622	
log-affine-nullind	log	affine	nullind	independent	n1	vertex	23.440714911422706	0.19967082310824788	0.21793990170304042	0.23756429833580853	
log-affine-nullind	log	affine	nullind	independent	n1	vertex	25.16782724947517	0.2004552133322131	0.21884508172596967	0.23864715288850724	
log-affine-nullind	log	affine	nullind	independent	n1	vertex	27.0221932587371	0.20119573092821072	0.21976917197327345	0.2397694828721248	
log-affine-nullind	log	affine	nullind	independent	n1	vertex	29.01318899221878	0.20196576889922377	0.22065230803207847	0.2409616044596597	
log-affine-nullind	log	affine	nullind	independent	n1	vertex	31.150881330701633	0.2026901801448085	0.22155075451885226	0.24215303876242442	
log-affine-nullind	log	affine	nullind	independent	n1	vertex	33.44607888294205	0.2034183758909775	0.22245946144414885	0.2434033803157902	
log-affine-nullind	log	affine	nullind	independent	n1	vertex	35.910386636203285	0.2041157001505606	0.22334306469902607	0.24481483081095426	
log-affine-nullind	log	affine	nullind	independent	n1	vertex	38.55626463343953	0.2046081419413132	0.2242424613042496	0.24624493822058938	
log-affine-nullind	log	affine	nullind	independent	n1	vertex	41.397090973816184	0.20514304263890165	0.22511388270586896	0.24764232635201222	
log-affine-nullind	log	affine	nullind	independent	n1	vertex	44.44722945510957	0.2055931960078602	0.22602237185381902	0.24900321387729546	
log-affine-nullind	log	affine	nullind	independent	n1	vertex	47.722102200000165	0.2061303836139409	0.2269405379219135	0.2505759283451363	
log-affine-nullind	log	affine	nullind	independent	n1	vertex	51.23826763347237	0.20659436138193077	0.22780850392145463	0.25203733357321234	
log-affine-nullind	log	affine	nullind	independent	n1	vertex	55.01350420559078	0.20694065390120897	0.22869189401440498	0.25362281168367573	
log-affine-nullind	log	affine	nullind	independent	n1	vertex	59.0669002829722	0.20733192749147947	0.22962316436255478	0.25522232305660514	
log-affine-nullind	log	affine	nullind	independent	n1	vertex	63.4189506634631	0.20768954207417492	0.23051275522498366	0.256825102840256	
log-affine-nullind	log	affine	nullind	independent	n1	vertex	68.0916602020204	0.20800392250206487	0.23140671848762903	0.2584688137591047	
log-affine-nullind	log	affine	nullind	independent	n1	vertex	73.10865507174931	0.20840513369646466	0.23227248553196803	0.2600403335371413	
log-affine-nullind	log	affine	nullind	independent	n1	vertex	78.49530222265639	0.20867162396820454	0.2331635319914099	0.261716611503782	
log-affine-nullind	log	affine	nullind	independent	n1	vertex	84.27883764212618	0.2089627290499965	0.23407468737818382	0.26332749313370596	
log-affine-nullind	log	affine	nullind	independent	n1	vertex	90.48850406563211	0.20923382607126226	0.2349373904132854	0.2649718345217144	
log-affine-nullind	log	affine	nullind	independent	n1	vertex	97.15569883397539	0.20949485297745776	0.23582102064520322	0.26667002186228633	
log-affine-nullind	log	affine	nullind	independent	n1	vertex	104.31413264464811	0.20981522072565176	0.2367325998095534	0.26838355554605614	
log-affine-nullind	log	affine	nullind	independent	n1	vertex	111.99999999999996	0.21007946093244295	0.237632408340795	0.27005834110797144	
log-affine-nullind	log	affine	nullind	independent	n2	ips	6.999999999999999	0.059828320552177156	0.08618885113288202	0.11447966855903881	
log-affine-nullind	log	affine	nullind	independent	n2	ips	7.515760138376834	0.06459529571382296	0.08998436575361683	0.11736251326274699	
log-affine-nullind	log	affine	nullind	independent	n2	ips	8.069521493944878	0.06941786345974837	0.09379864352677264	0.12027961891471935	
log-affine-nullind	log	affine	nullind	independent	n2	ips	8.664083997137997	0.07412466797441603	0.09759741328459146	0.12321121775715103	
log-affine-nullind	log	affine	nullind	independent	n2	ips	9.302453877319767	0.07881828240581651	0.10139649745361097	0.1261247125432681	
log-affine-nullind	log	affine	nullind	independent	n2	ips	9.987858862892702	0.08349948331361315	0.10515603102111076	0.1290816363304041	
log-affine-nullind	log	affine	nullind	independent	n2	ips	10.723764501351818	0.08812222904172924	0.10898924814852241	0.13204921145889711	
log-affine-nullind	log	affine	nullind	independent	n2	ips	11.513891681800072	0.09273214236662265	0.11278950992242229	0.1350353064489792	
log-affine-nullind	log	affine	nullind	independent	n2	ips	12.36223544852308	0.09727702449370118	0.11657643065040402	0.13804856442806865	
log-affine-nullind	log	affine	nullind	independent	n2	ips	13.273085200748401	0.10175425303446219	0.1203456782414697	0.14107291941671976	
log-affine-nullind	log	affine	nullind	independent	n2	ips	14.25104638072347	0.10626046681604004	0.12414697326687771	0.14410875547940208	
log-affine-nullind	log	affine	nullind	independent	n2	ips	15.301063759771553	0.1106625781105845	0.12790924832897654	0.14719155221230143	
log-affine-nullind	log	affine	nullind	independent	n2	ips	16.428446440064768	0.11510878685443247	0.1317019690784051	0.15031116301067068	
log-affine-nullind	log	affine	nullind	independent	n2	ips	17.638894698528226	0.11949284225028238	0.13551868092114477	0.1534921105135788	
log-affine-nullind	log	affine	nullind	independent	n2	ips	18.93852880860355	0.12377277613139023	0.13931327898377327	0.15676427531183176	
log-affine-nullind	log	affine	nullind	independent	n2	ips	20.33391998560055	0.12797515937491225	0.14311624395746297	0.16002697892176587	
log-affine-nullind	log	affine	nullind	independent	n2	ips	21.832123612102944	0.13213957057128956	0.146910528728519	0.1634279638240952	
log-affine-nullind	log	affine	nullind	independent	n2	ips	23.440714911422706	0.13625279546366725	0.1507003759300294	0.16696735672844887	
log-affine-nullind	log	affine	nullind	independent	n2	ips	25.16782724947517	0.14018477051123923	0.15453111631854738	0.1705501488814409	
log-affine-nullind	log	affine	nullind	independent	n2	ips	27.0221932587371	0.1441636258351179	0.15834112913054077	0.17418834248920037	
log-affine-nullind	log	affine	nullind	independent	n2	ips	29.01318899221878	0.14805013430271563	0.16212510482568768	0.17788533319957556	
log-affine-nullind	log	affine	nullind	independent	n2	ips	31.150881330701633	0.15191679434614258	0.16597089649419705	0.18170866138767053	
log-affine-nullind	log	affine	nullind	independent	n2	ips	33.44607888294205	0.15561054595968918	0.16975127083433994	0.18550977287816645	
log-affine-nullind	log	affine	nullind	independent	n2	ips	35.910386636203285	0.15927052123983437	0.17354907336850303	0.18947380064734898	
log-affine-nullind	log	affine	nullind	independent	n2	ips	38.55626463343953	0.16287384314352032	0.17733805248546403	0.19353932676281357	
log-affine-nullind	log	affine	nullind	independent	n2	ips	41.397090973816184	0.16633573666603096	0.18113260235826018	0.19761845749293128	
log-affine-nullind	log	affine	nullind	independent	n2	ips	44.44722945510957	0.16974132009274734	0.18490113862249885	0.2017588231687698	
log-affine-nullind	log	affine	nullind	independent	n2	ips	47.722102200000165	0.17312957349726718	0.18869254367574811	0.20599859392829195	
log-affine-nullind	log	affine	nullind	independent	n2	ips	51.23826763347237	0.17648302078631328	0.19249611103440428	0.21034805158107134	
log-affine-nullind	log	affine	nullind	independent	n2	ips	55.01350420559078	0.17977662246063716	0.19625635782280354	0.2146643945116055	
log-affine-nullind	log	affine	nullind	independent	n2	ips	59.0669002829722	0.18301653267451784	0.20002236071497076	0.2191095820015814	
log-affine-nullind	log	affine	nullind	independent	n2	ips	63.4189506634631	0.1861875764741372	0.20380415963730814	0.22366857527899964	
log-affine-nullind	log	affine	nullind	independent	n2	ips	68.0916602020204	0.18934820345190237	0.20756167797343877	0.2282127536395578	
log-affine-nullind	log	affine	nullind	independent	n2	ips	73.10865507174931	0.1924621787774081	0.21136247272001313	0.23272077410570147	
log-affine-nullind	log	affine	nullind	independent	n2	ips	78.49530222265639	0.1954735208715211	0.21515998915847875	0.2373510352948527	
log-affine-nullind	log	affine	nullind	independent	n2	ips	84.27883764212618	0.1985285402040172	0.21895420076401723	0.2420417134273883	
log-affine-nullind	log	affine	nullind	independent	n2	ips	90.48850406563211	0.20158057109142807	0.2227367768917311	0.246679560660004	
log-affine-nullind	log	affine	nullind	independent	n2	ips	97.15569883397539	0.204657776853816	0.2265150357596083	0.2513286346432143	
log-affine-nullind	log	affine	nullind	independent	n2	ips	104.31413264464811	0.20753896526096588	0.23030122263198582	0.2560389098639654	
log-affine-nullind	log	affine	nullind	independent	n2	ips	111.99999999999996	0.2104480327061342	0.23409796246551084	0.26075202176451656	
log-affine-nullind	log	affine	nullind	independent	n2	vertex	6.999999999999999	0.059828320552177156	0.08618885113288202	0.11447966855903881	
log-affine-nullind	log	affine	nullind	independent	n2	vertex	7.515760138376834	0.06459529571382296	0.08998436575361683	0.11736251326274699	
log-affine-nullind	log	affine	nullind	independent	n2	vertex	8.069521493944878	0.06941786345974837	0.09379864352677264	0.12027961891471935	
log-affine-nullind	log	affine	nullind	independent	n2	vertex	8.664083997137997	0.07412466797441603	0.09759741328459146	0.12321121775715103	
log-affine-nullind	log	affine	nullind	independent	n2	vertex	9.302453877319767	0.07881828240581651	0.10139649745361097	0.1261247125432681	
log-affine-nullind	log	affine	nullind	independent	n2	vertex	9.987858862892702	0.08349948331361315	0.10515603102111076	0.1290816363304041	
log-affine-nullind	log	affine	nullind	independent	n2	vertex	10.723764501351818	0.08812222904172924	0.10898924814852241	0.13204921145889711	
log-affine-nullind	log	affine	nullind	independent	n2	vertex	11.513891681800072	0.09273214236662265	0.11278950992242229	0.1350353064489792	
log-affine-nullind	log	affine	nullind	independent	n2	vertex	12.36223544852308	0.09727702449370118	0.11657643065040402	0.13804856442806865	
log-affine-nullind	log	affine	nullind	independent	n2	vertex	13.273085200748401	0.10175425303446219	0.1203456782414697	0.14107291941671976	
log-affine-nullind	log	affine	nullind	independent	n2	vertex	14.25104638072347	0.10626046681604004	0.12414697326687771	0.14410875547940208	
log-affine-nullind	log	affine	nullind	independent	n2	vertex	15.301063759771553	0.1106625781105845	0.12790924832897654	0.14719155221230143	
log-affine-nullind	log	affine	nullind	independent	n2	vertex	16.428446440064768	0.11510878685443247	0.1317019690784051	0.15031116301067068	
log-affine-nullind	log	affine	nullind	independent	n2	vertex	17.638894698528226	0.11949284225028238	0.13551868092114477	0.1534921105135788	
log-affine-nullind	log	affine	nullind	independent	n2	vertex	18.93852880860355	0.12377277613139023	0.13931327898377327	0.15676427531183176	
log-affine-nullind	log	affine	nullind	independent	n2	vertex	20.33391998560055	0.12797515937491225	0.14311624395746297	0.16002697892176587	
log-affine-nullind	log	affine	nullind	independent	n2	vertex	21.832123612102944	0.13213957057128956	0.146910528728519	0.1634279638240952	
log-affine-nullind	log	affine	nullind	independent	n2	vertex	23.440714911422706	0.13625279546366725	0.1507003759300294	0.16696735672844887	
log-affine-nullind	log	affine	nullind	independent	n2	vertex	25.16782724947517	0.14018477051123923	0.15453111631854738	0.1705501488814409	
log-affine-nullind	log	affine	nullind	independent	n2	vertex	27.0221932587371	0.1441636258351179	0.15834112913054077	0.17418834248920037	
log-affine-nullind	log	affine	nullind	independent	n2	vertex	29.01318899221878	0.14805013430271563	0.16212510482568768	0.17788533319957556	
log-affine-nullind	log	affine	nullind	independent	n2	vertex	31.150881330701633	0.15191679434614258	0.16597089649419705	0.18170866138767053	
log-affine-nullind	log	affine	nullind	independent	n2	vertex	33.44607888294205	0.15561054595968918	0.16975127083433994	0.18550977287816645	
log-affine-nullind	log	affine	nullind	independent	n2	vertex	35.910386636203285	0.15927052123983437	0.17354907336850303	0.18947380064734898	
log-affine-nullind	log	affine	nullind	independent	n2	vertex	38.55626463343953	0.16287384314352032	0.17733805248546403	0.19353932676281357	
log-affine-nullind	log	affine	nullind	independent	n2	vertex	41.397090973816184	0.16633573666603096	0.18113260235826018	0.19761845749293128	
log-affine-nullind	log	affine	nullind	independent	n2	vertex	44.44722945510957	0.16974132009274734	0.18490113862249885	0.2017588231687698	
log-affine-nullind	log	affine	nullind	independent	n2	vertex	47.722102200000165	0.17312957349726718	0.18869254367574811	0.20599859392829195	
log-affine-nullind	log	affine	nullind	independent	n2	vertex	51.23826763347237	0.17648302078631328	0.19249611103440428	0.21034805158107134	
log-affine-nullind	log	affine	nullind	independent	n2	vertex	55.01350420559078	0.17977662246063716	0.19625635782280354	0.2146643945116055	
log-affine-nullind	log	affine	nullind	independent	n2	vertex	59.0669002829722	0.18301653267451784	0.20002236071497076	0.2191095820015814	
log-affine-nullind	log	affine	nullind	independent	n2	vertex	63.4189506634631	0.1861875764741372	0.20380415963730814	0.22366857527899964	
log-affine-nullind	log	affine	nullind	independent	n2	vertex	68.0916602020204	0.18934820345190237	0.20756167797343877	0.2282127536395578	
log-affine-nullind	log	affine	nullind	independent	n2	vertex	73.10865507174931	0.1924621787774081	0.21136247272001313	0.23272077410570147	
log-affine-nullind	log	affine	nullind	independent	n2	vertex	78.49530222265639	0.1954735208715211	0.21515998915847875	0.2373510352948527	
log-affine-nullind	log	affine	nullind	independent	n2	vertex	84.27883764212618	0.1985285402040172	0.21895420076401723	0.2420417134273883	
log-affine-nullind	log	affine	nullind	independent	n2	vertex	90.48850406563211	0.20158057109142807	0.2227367768917311	0.246679560660004	
log-affine-nullind	log	affine	nullind	independent	n2	vertex	97.15569883397539	0.204657776853816	0.2265150357596083	0.2513286346432143	
log-affine-nullind	log	affine	nullind	independent	n2	vertex	104.31413264464811	0.20753896526096588	0.23030122263198582	0.2560389098639654	
log-affine-nullind	log	affine	nullind	independent	n2	vertex	111.99999999999996	0.2104480327061342	0.23409796246551084	0.26075202176451656	
log-affine-nullind	log	affine	nullind	independent	n1	delta_pct	6.999999999999999	0.0	0.0	0.0	
log-affine-nullind	log	affine	nullind	independent	n1	delta_pct	7.515760138376834	0.0	0.0	0.0	
log-affine-nullind	log	affine	nullind	independent	n1	delta_pct	8.069521493944878	0.0	0.0	0.0	
log-affine-nullind	log	affine	nullind	independent	n1	delta_pct	8.664083997137997	0.0	0.0	0.0	
log-affine-nullind	log	affine	nullind	independent	n1	delta_pct	9.302453877319767	0.0	0.0	0.0	
log-affine-nullind	log	affine	nullind	independent	n1	delta_pct	9.987858862892702	0.0	0.0	0.0	
log-affine-nullind	log	affine	nullind	independent	n1	delta_pct	10.723764501351818	0.0	0.0	0.0	
log-affine-nullind	log	affine	nullind	independent	n1	delta_pct	11.513891681800072	0.0	0.0	0.0	
log-affine-nullind	log	affine	nullind	independent	n1	delta_pct	12.36223544852308	0.0	0.0	0.0	
log-affine-nullind	log	affine	nullind	independent	n1	delta_pct	13.273085200748401	0.0	0.0	0.0	
log-affine-nullind	log	affine	nullind	independent	n1	delta_pct	14.25104638072347	0.0	0.0	0.0	
log-affine-nullind	log	affine	nullind	independent	n1	delta_pct	15.301063759771553	0.0	0.0	0.0	
log-affine-nullind	log	affine	nullind	independent	n1	delta_pct	16.428446440064768	0.0	0.0	0.0	
log-affine-nullind	log	affine	nullind	independent	n1	delta_pct	17.638894698528226	0.0	0.0	0.0	
log-affine-nullind	log	affine	nullind	independent	n1	delta_pct	18.93852880860355	0.0	0.0	0.0	
log-affine-nullind	log	affine	nullind	independent	n1	delta_pct	20.33391998560055	0.0	0.0	0.0	
log-affine-nullind	log	affine	nullind	independent	n1	delta_pct	21.832123612102944	0.0	0.0	0.0	
log-affine-nullind	log	affine	nullind	independent	n1	delta_pct	23.440714911422706	0.0	0.0	0.0	
log-affine-nullind	log	affine	nullind	independent	n1	delta_pct	25.16782724947517	0.0	0.0	0.0	
log-affine-nullind	log	affine	nullind	independent	n1	delta_pct	27.0221932587371	0.0	0.0	0.0	
log-affine-nullind	log	affine	nullind	independent	n1	delta_pct	29.01318899221878	0.0	0.0	0.0	
log-affine-nullind	log	affine	nullind	independent	n1	delta_pct	31.150881330701633	0.0	0.0	0.0	
log-affine-nullind	log	affine	nullind	independent	n1	delta_pct	33.44607888294205	0.0	0.0	0.0	
log-affine-nullind	log	affine	nullind	independent	n1	delta_pct	35.910386636203285	0.0	0.0	0.0	
log-affine-nullind	log	affine	nullind	independent	n1	delta_pct	38.55626463343953	0.0	0.0	0.0	
log-affine-nullind	log	affine	nullind	independent	n1	delta_pct	41.397090973816184	0.0	0.0	0.0	
log-affine-nullind	log	affine	nullind	independent	n1	delta_pct	44.44722945510957	0.0	0.0	0.0	
log-affine-nullind	log	affine	nullind	independent	n1	delta_pct	47.722102200000165	0.0	0.0	0.0	
log-affine-nullind	log	affine	nullind	independent	n1	delta_pct	51.23826763347237	0.0	0.0	0.0	
log-affine-nullind	log	affine	nullind	independent	n1	delta_pct	55.01350420559078	0.0	0.0	0.0	
log-affine-nullind	log	affine	nullind	independent	n1	delta_pct	59.0669002829722	0.0	0.0	0.0	
log-affine-nullind	log	affine	nullind	independent	n1	delta_pct	63.4189506634631	0.0	0.0	0.0	
log-affine-nullind	log	affine	nullind	independent	n1	delta_pct	68.0916602020204	0.0	0.0	0.0	
log-affine-nullind	log	affine	nullind	independent	n1	delta_pct	73.10865507174931	0.0	0.0	0.0	
log-affine-nullind	log	affine	nullind	independent	n1	delta_pct	78.49530222265639	0.0	0.0	0.0	
log-affine-nullind	log	affine	nullind	independent	n1	delta_pct	84.27883764212618	0.0	0.0	0.0	
log-affine-nullind	log	affine	nullind	independent	n1	delta_pct	90.48850406563211	0.0	0.0	0.0	
log-affine-nullind	log	affine	nullind	independent	n1	delta_pct	97.15569883397539	0.0	0.0	0.0	
log-affine-nullind	log	affine	nullind	independent	n1	delta_pct	104.31413264464811	0.0	0.0	0.0	
log-affine-nullind	log	affine	nullind	independent	n1	delta_pct	111.99999999999996	0.0	0.0	0.0	
log-affine-nullind	log	affine	nullind	independent	n1	delta	6.999999999999999	0.0	0.0	0.0	0.0
log-affine-nullind	log	affine	nullind	independent	n1	delta	7.515760138376834	0.0	0.0	0.0	0.0
log-affine-nullind	log	affine	nullind	independent	n1	delta	8.069521493944878	0.0	0.0	0.0	0.0
log-affine-nullind	log	affine	nullind	independent	n1	delta	8.664083997137997	0.0	0.0	0.0	0.0
log-affine-nullind	log	affine	nullind	independent	n1	delta	9.302453877319767	0.0	0.0	0.0	0.0
log-affine-nullind	log	affine	nullind	independent	n1	delta	9.987858862892702	0.0	0.0	0.0	0.0
log-affine-nullind	log	affine	nullind	independent	n1	delta	10.723764501351818	0.0	0.0	0.0	0.0
log-affine-nullind	log	affine	nullind	independent	n1	delta	11.513891681800072	0.0	0.0	0.0	0.0
log-affine-nullind	log	affine	nullind	independent	n1	delta	12.36223544852308	0.0	0.0	0.0	0.0
log-affine-nullind	log	affine	nullind	independent	n1	delta	13.273085200748401	0.0	0.0	0.0	0.0
log-affine-nullind	log	affine	nullind	independent	n1	delta	14.25104638072347	0.0	0.0	0.0	0.0
log-affine-nullind	log	affine	nullind	independent	n1	delta	15.301063759771553	0.0	0.0	0.0	0.0
log-affine-nullind	log	affine	nullind	independent	n1	delta	16.428446440064768	0.0	0.0	0.0	0.0
log-affine-nullind	log	affine	nullind	independent	n1	delta	17.638894698528226	0.0	0.0	0.0	0.0
log-affine-nullind	log	affine	nullind	independent	n1	delta	18.93852880860355	0.0	0.0	0.0	0.0
log-affine-nullind	log	affine	nullind	independent	n1	delta	20.33391998560055	0.0	0.0	0.0	0.0
log-affine-nullind	log	affine	nullind	independent	n1	delta	21.832123612102944	0.0	0.0	0.0	0.0
log-affine-nullind	log	affine	nullind	independent	n1	delta	23.440714911422706	0.0	0.0	0.0	0.0
log-affine-nullind	log	affine	nullind	independent	n1	delta	25.16782724947517	0.0	0.0	0.0	0.0
log-affine-nullind	log	affine	nullind	independent	n1	delta	27.0221932587371	0.0	0.0	0.0	0.0
log-affine-nullind	log	affine	nullind	independent	n1	delta	29.01318899221878	0.0	0.0	0.0	0.0
log-affine-nullind	log	affine	nullind	independent	n1	delta	31.150881330701633	0.0	0.0	0.0	0.0
log-affine-nullind	log	affine	nullind	independent	n1	delta	33.44607888294205	0.0	0.0	0.0	0.0
log-affine-nullind	log	affine	nullind	independent	n1	delta	35.910386636203285	0.0	0.0	0.0	0.0
log-affine-nullind	log	affine	nullind	independent	n1	delta	38.55626463343953	0.0	0.0	0.0	0.0
log-affine-nullind	log	affine	nullind	independent	n1	delta	41.397090973816184	0.0	0.0	0.0	0.0
log-affine-nullind	log	affine	nullind	independent	n1	delta	44.44722945510957	0.0	0.0	0.0	0.0
log-affine-nullind	log	affine	nullind	independent	n1	delta	47.722102200000165	0.0	0.0	0.0	0.0
log-affine-nullind	log	affine	nullind	independent	n1	delta	51.23826763347237	0.0	0.0	0.0	0.0
log-affine-nullind	log	affine	nullind	independent	n1	delta	55.01350420559078	0.0	0.0	0.0	0.0
log-affine-nullind	log	affine	nullind	independent	n1	delta	59.0669002829722	0.0	0.0	0.0	0.0
log-affine-nullind	log	affine	nullind	independent	n1	delta	63.4189506634631	0.0	0.0	0.0	0.0
log-affine-nullind	log	affine	nullind	independent	n1	delta	68.0916602020204	0.0	0.0	0.0	0.0
log-affine-nullind	log	affine	nullind	independent	n1	delta	73.10865507174931	0.0	0.0	0.0	0.0
log-affine-nullind	log	affine	nullind	independent	n1	delta	78.49530222265639	0.0	0.0	0.0	0.0
log-affine-nullind	log	affine	nullind	independent	n1	delta	84.27883764212618	0.0	0.0	0.0	0.0
log-affine-nullind	log	affine	nullind	independent	n1	delta	90.48850406563211	0.0	0.0	0.0	0.0
log-affine-nullind	log	affine	nullind	independent	n1	delta	97.15569883397539	0.0	0.0	0.0	0.0
log-affine-nullind	log	affine	nullind	independent	n1	delta	104.31413264464811	0.0	0.0	0.0	0.0
log-affine-nullind	log	affine	nullind	independent	n1	delta	111.99999999999996	0.0	0.0	0.0	0.0
log-affine-nullind	log	affine	nullind	independent	n2	delta_pct	6.999999999999999	0.0	0.0	0.0	
log-affine-nullind	log	affine	nullind	independent	n2	delta_pct	7.515760138376834	0.0	0.0	0.0	
log-affine-nullind	log	affine	nullind	independent	n2	delta_pct	8.069521493944878	0.0	0.0	0.0	
log-affine-nullind	log	affine	nullind	independent	n2	delta_pct	8.664083997137997	0.0	0.0	0.0	
log-affine-nullind	log	affine	nullind	independent	n2	delta_pct	9.302453877319767	0.0	0.0	0.0	
log-affine-nullind	log	affine	nullind	independent	n2	delta_pct	9.987858862892702	0.0	0.0	0.0	
log-affine-nullind	log	affine	nullind	independent	n2	delta_pct	10.723764501351818	0.0	0.0	0.0	
log-affine-nullind	log	affine	nullind	independent	n2	delta_pct	11.513891681800072	0.0	0.0	0.0	
log-affine-nullind	log	affine	nullind	independent	n2	delta_pct	12.36223544852308	0.0	0.0	0.0	
log-affine-nullind	log	affine	nullind	independent	n2	delta_pct	13.273085200748401	0.0	0.0	0.0	
log-affine-nullind	log	affine	nullind	independent	n2	delta_pct	14.25104638072347	0.0	0.0	0.0	
log-affine-nullind	log	affine	nullind	independent	n2	delta_pct	15.301063759771553	0.0	0.0	0.0	
log-affine-nullind	log	affine	nullind	independent	n2	delta_pct	16.428446440064768	0.0	0.0	0.0	
log-affine-nullind	log	affine	nullind	independent	n2	delta_pct	17.638894698528226	0.0	0.0	0.0	
log-affine-nullind	log	affine	nullind	independent	n2	delta_pct	18.93852880860355	0.0	0.0	0.0	
log-affine-nullind	log	affine	nullind	independent	n2	delta_pct	20.33391998560055	0.0	0.0	0.0	
log-affine-nullind	log	affine	nullind	independent	n2	delta_pct	21.832123612102944	0.0	0.0	0.0	
log-affine-nullind	log	affine	nullind	independent	n2	delta_pct	23.440714911422706	0.0	0.0	0.0	
log-affine-nullind	log	affine	nullind	independent	n2	delta_pct	25.16782724947517	0.0	0.0	0.0	
log-affine-nullind	log	affine	nullind	independent	n2	delta_pct	27.0221932587371	0.0	0.0	0.0	
log-affine-nullind	log	affine	nullind	independent	n2	delta_pct	29.01318899221878	0.0	0.0	0.0	
log-affine-nullind	log	affine	nullind	independent	n2	delta_pct	31.150881330701633	0.0	0.0	0.0	
log-affine-nullind	log	affine	nullind	independent	n2	delta_pct	33.44607888294205	0.0	0.0	0.0	
log-affine-nullind	log	affine	nullind	independent	n2	delta_pct	35.910386636203285	0.0	0.0	0.0	
log-affine-nullind	log	affine	nullind	independent	n2	delta_pct	38.55626463343953	0.0	0.0	0.0	
log-affine-nullind	log	affine	nullind	independent	n2	delta_pct	41.397090973816184	0.0	0.0	0.0	
log-affine-nullind	log	affine	nullind	independent	n2	delta_pct	44.44722945510957	0.0	0.0	0.0	
log-affine-nullind	log	affine	nullind	independent	n2	delta_pct	47.722102200000165	0.0	0.0	0.0	
log-affine-nullind	log	affine	nullind	independent	n2	delta_pct	51.23826763347237	0.0	0.0	0.0	
log-affine-nullind	log	affine	nullind	independent	n2	delta_pct	55.01350420559078	0.0	0.0	0.0	
log-affine-nullind	log	affine	nullind	independent	n2	delta_pct	59.0669002829722	0.0	0.0	0.0	
log-affine-nullind	log	affine	nullind	independent	n2	delta_pct	63.4189506634631	0.0	0.0	0.0	
log-affine-nullind	log	affine	nullind	independent	n2	delta_pct	68.0916602020204	0.0	0.0	0.0	
log-affine-nullind	log	affine	nullind	independent	n2	delta_pct	73.10865507174931	0.0	0.0	0.0	
log-affine-nullind	log	affine	nullind	independent	n2	delta_pct	78.49530222265639	0.0	0.0	0.0	
log-affine-nullind	log	affine	nullind	independent	n2	delta_pct	84.27883764212618	0.0	0.0	0.0	
log-affine-nullind	log	affine	nullind	independent	n2	delta_pct	90.48850406563211	0.0	0.0	0.0	
log-affine-nullind	log	affine	nullind	independent	n2	delta_pct	97.15569883397539	0.0	0.0	0.0	
log-affine-nullind	log	affine	nullind	independent	n2	delta_pct	104.31413264464811	0.0	0.0	0.0	
log-affine-nullind	log	affine	nullind	independent	n2	delta_pct	111.99999999999996	0.0	0.0	0.0	
log-affine-nullind	log	affine	nullind	independent	n2	delta	6.999999999999999	0.0	0.0	0.0	0.0
log-affine-nullind	log	affine	nullind	independent	n2	delta	7.515760138376834	0.0	0.0	0.0	0.0
log-affine-nullind	log	affine	nullind	independent	n2	delta	8.069521493944878	0.0	0.0	0.0	0.0
log-affine-nullind	log	affine	nullind	independent	n2	delta	8.664083997137997	0.0	0.0	0.0	0.0
log-affine-nullind	log	affine	nullind	independent	n2	delta	9.302453877319767	0.0	0.0	0.0	0.0
log-affine-nullind	log	affine	nullind	independent	n2	delta	9.987858862892702	0.0	0.0	0.0	0.0
log-affine-nullind	log	affine	nullind	independent	n2	delta	10.723764501351818	0.0	0.0	0.0	0.0
log-affine-nullind	log	affine	nullind	independent	n2	delta	11.513891681800072	0.0	0.0	0.0	0.0
log-affine-nullind	log	affine	nullind	independent	n2	delta	12.36223544852308	0.0	0.0	0.0	0.0
log-affine-nullind	log	affine	nullind	independent	n2	delta	13.273085200748401	0.0	0.0	0.0	0.0
log-affine-nullind	log	affine	nullind	independent	n2	delta	14.25104638072347	0.0	0.0	0.0	0.0
log-affine-nullind	log	affine	nullind	independent	n2	delta	15.301063759771553	0.0	0.0	0.0	0.0
log-affine-nullind	log	affine	nullind	independent	n2	delta	16.428446440064768	0.0	0.0	0.0	0.0
log-affine-nullind	log	affine	nullind	independent	n2	delta	17.638894698528226	0.0	0.0	0.0	0.0
log-affine-nullind	log	affine	nullind	independent	n2	delta	18.93852880860355	0.0	0.0	0.0	0.0
log-affine-nullind	log	affine	nullind	independent	n2	delta	20.33391998560055	0.0	0.0	0.0	0.0
log-affine-nullind	log	affine	nullind	independent	n2	delta	21.832123612102944	0.0	0.0	0.0	0.0
log-affine-nullind	log	affine	nullind	independent	n2	delta	23.440714911422706	0.0	0.0	0.0	0.0
log-affine-nullind	log	affine	nullind	independent	n2	delta	25.16782724947517	0.0	0.0	0.0	0.0
log-affine-nullind	log	affine	nullind	independent	n2	delta	27.0221932587371	0.0	0.0	0.0	0.0
log-affine-nullind	log	affine	nullind	independent	n2	delta	29.01318899221878	0.0	0.0	0.0	0.0
log-affine-nullind	log	affine	nullind	independent	n2	delta	31.150881330701633	0.0	0.0	0.0	0.0
log-affine-nullind	log	affine	nullind	independent	n2	delta	33.44607888294205	0.0	0.0	0.0	0.0
log-affine-nullind	log	affine	nullind	independent	n2	delta	35.910386636203285	0.0	0.0	0.0	0.0
log-affine-nullind	log	affine	nullind	independent	n2	delta	38.55626463343953	0.0	0.0	0.0	0.0
log-affine-nullind	log	affine	nullind	independent	n2	delta	41.397090973816184	0.0	0.0	0.0	0.0
log-affine-nullind	log	affine	nullind	independent	n2	delta	44.44722945510957	0.0	0.0	0.0	0.0
log-affine-nullind	log	affine	nullind	independent	n2	delta	47.722102200000165	0.0	0.0	0.0	0.0
log-affine-nullind	log	affine	nullind	independent	n2	delta	51.23826763347237	0.0	0.0	0.0	0.0
log-affine-nullind	log	affine	nullind	independent	n2	delta	55.01350420559078	0.0	0.0	0.0	0.0
log-affine-nullind	log	affine	nullind	independent	n2	delta	59.0669002829722	0.0	0.0	0.0	0.0
log-affine-nullind	log	affine	nullind	independent	n2	delta	63.4189506634631	0.0	0.0	0.0	0.0
log-affine-nullind	log	affine	nullind	independent	n2	delta	68.0916602020204	0.0	0.0	0.0	0.0
log-affine-nullind	log	affine	nullind	independent	n2	delta	73.10865507174931	0.0	0.0	0.0	0.0
log-affine-nullind	log	affine	nullind	independent	n2	delta	78.49530222265639	0.0	0.0	0.0	0.0
log-affine-nullind	log	affine	nullind	independent	n2	delta	84.27883764212618	0.0	0.0	0.0	0.0
log-affine-nullind	log	affine	nullind	independent	n2	delta	90.48850406563211	0.0	0.0	0.0	0.0
log-affine-nullind	log	affine	nullind	independent	n2	delta	97.15569883397539	0.0	0.0	0.0	0.0
log-affine-nullind	log	affine	nullind	independent	n2	delta	104.31413264464811	0.0	0.0	0.0	0.0
log-affine-nullind	log	affine	nullind	independent	n2	delta	111.99999999999996	0.0	0.0	0.0	0.0
log-cspl3-nullind	log	cspl3	nullind	independent	n1	ips	6.999999999999999	0.1447708647831811	0.19740977318121633	0.22980174331511255	
log-cspl3-nullind	log	cspl3	nullind	independent	n1	ips	7.515760138376834	0.14804096752866946	0.19812445746935797	0.22874586476118347	
log-cspl3-nullind	log	cspl3	nullind	independent	n1	ips	8.069521493944878	0.15144412329030502	0.19884713209195498	0.2277490329140101	
log-cspl3-nullind	log	cspl3	nullind	independent	n1	ips	8.664083997137997	0.1546124119072723	0.19963122667269623	0.2270205194588769	
log-cspl3-nullind	log	cspl3	nullind	independent	n1	ips	9.302453877319767	0.15775746447479852	0.20037022075909916	0.22667620696915344	
log-cspl3-nullind	log	cspl3	nullind	independent	n1	ips	9.987858862892702	0.16083314886891434	0.20109839564649964	0.22635183508900028	
log-cspl3-nullind	log	cspl3	nullind	independent	n1	ips	10.723764501351818	0.16377410222696934	0.2018248581213251	0.22624688058594344	
log-cspl3-nullind	log	cspl3	nullind	independent	n1	ips	11.513891681800072	0.16655044086591983	0.20255983963074464	0.2265771215804337	
log-cspl3-nullind	log	cspl3	nullind	independent	n1	ips	12.36223544852308	0.1693426782620978	0.20336905215993153	0.2268790708713384	
log-cspl3-nullind	log	cspl3	nullind	independent	n1	ips	13.273085200748401	0.17196248706159173	0.20423353125219978	0.22763650497065893	
log-cspl3-nullind	log	cspl3	nullind	independent	n1	ips	14.25104638072347	0.1745320621141641	0.2051015278874206	0.22850752938667737	
log-cspl3-nullind	log	cspl3	nullind	independent	n1	ips	15.301063759771553	0.17697582044378488	0.20600342217321516	0.22954665243633013	
log-cspl3-nullind	log	cspl3	nullind	independent	n1	ips	16.428446440064768	0.17931032892780505	0.20706884800748698	0.23080585726957678	
log-cspl3-nullind	log	cspl3	nullind	independent	n1	ips	17.638894698528226	0.18150196526482812	0.20829025335570006	0.2323865943981659	
log-cspl3-nullind	log	cspl3	nullind	independent	n1	ips	18.93852880860355	0.18357247541871935	0.20960497014390145	0.23391170755169952	
log-cspl3-nullind	log	cspl3	nullind	independent	n1	ips	20.33391998560055	0.18547201911090816	0.21107048771692383	0.23566942672091476	
log-cspl3-nullind	log	cspl3	nullind	independent	n1	ips	21.832123612102944	0.18746324366804212	0.21268996331747064	0.237456923442799	
log-cspl3-nullind	log	cspl3	nullind	independent	n1	ips	23.440714911422706	0.18933036850031923	0.21441774276585351	0.23949609949499132	
log-cspl3-nullind	log	cspl3	nullind	independent	n1	ips	25.16782724947517	0.1912198542232464	0.21629588824222973	0.24162318544991687	
log-cspl3-nullind	log	cspl3	nullind	independent	n1	ips	27.0221932587371	0.19305637355506836	0.21830796721064263	0.243827012044486	
log-cspl3-nullind	log	cspl3	nullind	independent	n1	ips	29.01318899221878	0.19489487900265026	0.22039195984702548	0.24634819219425597	
log-cspl3-nullind	log	cspl3	nullind	independent	n1	ips	31.150881330701633	0.19672464476047474	0.22266391119405954	0.24904418365725245	
log-cspl3-nullind	log	cspl3	nullind	independent	n1	ips	33.44607888294205	0.19851972258104997	0.22488393482804542	0.25211348976574327	
log-cspl3-nullind	log	cspl3	nullind	independent	n1	ips	35.910386636203285	0.20019814224660606	0.22717970724695175	0.2553150372562542	
log-cspl3-nullind	log	cspl3	nullind	independent	n1	ips	38.55626463343953	0.20192109326263102	0.22956539042966417	0.25869758745022076	
log-cspl3-nullind	log	cspl3	nullind	independent	n1	ips	41.397090973816184	0.2036425475429066	0.23199343375976236	0.26234790716407264	
log-cspl3-nullind	log	cspl3	nullind	independent	n1	ips	44.44722945510957	0.2053566923044354	0.23451373679738333	0.26654090969113525	
log-cspl3-nullind	log	cspl3	nullind	independent	n1	ips	47.722102200000165	0.20692091032102577	0.23697196457230393	0.27113026842850824	
log-cspl3-nullind	log	cspl3	nullind	independent	n1	ips	51.23826763347237	0.20842739515980988	0.2394739254137916	0.27613108626765676	
log-cspl3-nullind	log	cspl3	nullind	independent	n1	ips	55.01350420559078	0.20967941649465588	0.24198268333986256	0.28147583699234724	
log-cspl3-nullind	log	cspl3	nullind	independent	n1	ips	59.0669002829722	0.21095444273640915	0.24451570240161913	0.2869566363454068	
log-cspl3-nullind	log	cspl3	nullind	independent	n1	ips	63.4189506634631	0.2122980447961945	0.24716507602532672	0.2925889297753944	
log-cspl3-nullind	log	cspl3	nullind	independent	n1	ips	68.0916602020204	0.21353251060870757	0.24979659630844955	0.298337913963943	
log-cspl3-nullind	log	cspl3	nullind	independent	n1	ips	73.10865507174931	0.21447552509428994	0.2524051885495073	0.304260641080224	
log-cspl3-nullind	log	cspl3	nullind	independent	n1	ips	78.49530222265639	0.21561657791684605	0.25512913657239666	0.3103029989089187	
log-cspl3-nullind	log	cspl3	nullind	independent	n1	ips	84.27883764212618	0.2165154445691842	0.25787919585718977	0.316567177985432	
log-cspl3-nullind	log	cspl3	nullind	independent	n1	ips	90.48850406563211	0.2174493860126445	0.26058302804279354	0.32292807715192934	
log-cspl3-nullind	log	cspl3	nullind	independent	n1	ips	97.15569883397539	0.21838687229301565	0.2632873134455973	0.3292513709626352	
log-cspl3-nullind	log	cspl3	nullind	independent	n1	ips	104.31413264464811	0.21916056858871416	0.2660116648308226	0.33589534932060705	
log-cspl3-nullind	log	cspl3	nullind	independent	n1	ips	111.99999999999996	0.21984830057552365	0.2687418285305823	0.34240108045176715	
log-cspl3-nullind	log	cspl3	nullind	independent	n1	vertex	6.999999999999999	0.1447708647831811	0.19740977318121633	0.22980174331511255	
log-cspl3-nullind	log	cspl3	nullind	independent	n1	vertex	7.515760138376834	0.14804096752866946	0.19812445746935797	0.22874586476118347	
log-cspl3-nullind	log	cspl3	nullind	independent	n1	vertex	8.069521493944878	0.15144412329030502	0.19884713209195498	0.2277490329140101	
log-cspl3-nullind	log	cspl3	nullind	independent	n1	vertex	8.664083997137997	0.1546124119072723	0.19963122667269623	0.2270205194588769	
log-cspl3-nullind	log	cspl3	nullind	independent	n1	vertex	9.302453877319767	0.15775746447479852	0.20037022075909916	0.22667620696915344	
log-cspl3-nullind	log	cspl3	nullind	independent	n1	vertex	9.987858862892702	0.16083314886891434	0.20109839564649964	0.22635183508900028	
log-cspl3-nullind	log	cspl3	nullind	independent	n1	vertex	10.723764501351818	0.16377410222696934	0.2018248581213251	0.22624688058594344	
log-cspl3-nullind	log	cspl3	nullind	independent	n1	vertex	11.513891681800072	0.16655044086591983	0.20255983963074464	0.2265771215804337	
log-cspl3-nullind	log	cspl3	nullind	independent	n1	vertex	12.36223544852308	0.1693426782620978	0.20336905215993153	0.2268790708713384	
log-cspl3-nullind	log	cspl3	nullind	independent	n1	vertex	13.273085200748401	0.17196248706159173	0.20423353125219978	0.22763650497065893	
log-cspl3-nullind	log	cspl3	nullind	independent	n1	vertex	14.25104638072347	0.1745320621141641	0.2051015278874206	0.22850752938667737	
log-cspl3-nullind	log	cspl3	nullind	independent	n1	vertex	15.301063759771553	0.17697582044378488	0.20600342217321516	0.22954665243633013	
log-cspl3-nullind	log	cspl3	nullind	independent	n1	vertex	16.428446440064768	0.17931032892780505	0.20706884800748698	0.23080585726957678	
log-cspl3-nullind	log	cspl3	nullind	independent	n1	vertex	17.638894698528226	0.18150196526482812	0.20829025335570006	0.2323865943981659	
log-cspl3-nullind	log	cspl3	nullind	independent	n1	vertex	18.93852880860355	0.18357247541871935	0.20960497014390145	0.23391170755169952	
log-cspl3-nullind	log	cspl3	nullind	independent	n1	vertex	20.33391998560055	0.18547201911090816	0.21107048771692383	0.23566942672091476	
log-cspl3-nullind	log	cspl3	nullind	independent	n1	vertex	21.832123612102944	0.18746324366804212	0.21268996331747064	0.237456923442799	
log-cspl3-nullind	log	cspl3	nullind	independent	n1	vertex	23.440714911422706	0.18933036850031923	0.21441774276585351	0.23949609949499132	
log-cspl3-nullind	log	cspl3	nullind	independent	n1	vertex	25.16782724947517	0.1912198542232464	0.21629588824222973	0.24162318544991687	
log-cspl3-nullind	log	cspl3	nullind	independent	n1	vertex	27.0221932587371	0.19305637355506836	0.21830796721064263	0.243827012044486	
log-cspl3-nullind	log	cspl3	nullind	independent	n1	vertex	29.01318899221878	0.19489487900265026	0.22039195984702548	0.24634819219425597	
log-cspl3-nullind	log	cspl3	nullind	independent	n1	vertex	31.150881330701633	0.19672464476047474	0.22266391119405954	0.24904418365725245	
log-cspl3-nullind	log	cspl3	nullind	independent	n1	vertex	33.44607888294205	0.19851972258104997	0.22488393482804542	0.25211348976574327	
log-cspl3-nullind	log	cspl3	nullind	independent	n1	vertex	35.910386636203285	0.20019814224660606	0.22717970724695175	0.2553150372562542	
log-cspl3-nullind	log	cspl3	nullind	independent	n1	vertex	38.55626463343953	0.20192109326263102	0.22956539042966417	0.25869758745022076	
log-cspl3-nullind	log	cspl3	nullind	independent	n1	vertex	41.397090973816184	0.2036425475429066	0.23199343375976236	0.26234790716407264	
log-cspl3-nullind	log	cspl3	nullind	independent	n1	vertex	44.44722945510957	0.2053566923044354	0.23451373679738333	0.26654090969113525	
log-cspl3-nullind	log	cspl3	nullind	independent	n1	vertex	47.722102200000165	0.20692091032102577	0.23697196457230393	0.27113026842850824	
log-cspl3-nullind	log	cspl3	nullind	independent	n1	vertex	51.23826763347237	0.20842739515980988	0.2394739254137916	0.27613108626765676	
log-cspl3-nullind	log	cspl3	nullind	independent	n1	vertex	55.01350420559078	0.20967941649465588	0.24198268333986256	0.28147583699234724	
log-cspl3-nullind	log	cspl3	nullind	independent	n1	vertex	59.0669002829722	0.21095444273640915	0.24451570240161913	0.2869566363454068	
log-cspl3-nullind	log	cspl3	nullind	independent	n1	vertex	63.4189506634631	0.2122980447961945	0.24716507602532672	0.2925889297753944	
log-cspl3-nullind	log	cspl3	nullind	independent	n1	vertex	68.0916602020204	0.21353251060870757	0.24979659630844955	0.298337913963943	
log-cspl3-nullind	log	cspl3	nullind	independent	n1	vertex	73.10865507174931	0.21447552509428994	0.2524051885495073	0.304260641080224	
log-cspl3-nullind	log	cspl3	nullind	independent	n1	vertex	78.49530222265639	0.21561657791684605	0.25512913657239666	0.3103029989089187	
log-cspl3-nullind	log	cspl3	nullind	independent	n1	vertex	84.27883764212618	0.2165154445691842	0.25787919585718977	0.316567177985432	
log-cspl3-nullind	log	cspl3	nullind	independent	n1	vertex	90.48850406563211	0.2174493860126445	0.26058302804279354	0.32292807715192934	
log-cspl3-nullind	log	cspl3	nullind	independent	n1	vertex	97.15569883397539	0.21838687229301565	0.2632873134455973	0.3292513709626352	
log-cspl3-nullind	log	cspl3	nullind	independent	n1	vertex	104.31413264464811	0.21916056858871416	0.2660116648308226	0.33589534932060705	
log-cspl3-nullind	log	cspl3	nullind	independent	n1	vertex	111.99999999999996	0.21984830057552365	0.2687418285305823	0.34240108045176715	
log-cspl3-nullind	log	cspl3	nullind	independent	n2	ips	6.999999999999999	0.10652210532459762	0.13747132051703104	0.2787358166666152	
log-cspl3-nullind	log	cspl3	nullind	independent	n2	ips	7.515760138376834	0.10839559330914943	0.13738400116520272	0.270697406018362	
log-cspl3-nullind	log	cspl3	nullind	independent	n2	ips	8.069521493944878	0.10997794379809148	0.13740073923167614	0.2625299358077999	
log-cspl3-nullind	log	cspl3	nullind	independent	n2	ips	8.664083997137997	0.11160870927648495	0.13745812678444927	0.2545909849681788	
log-cspl3-nullind	log	cspl3	nullind	independent	n2	ips	9.302453877319767	0.11290568860265074	0.13764146237390879	0.24700483578822302	
log-cspl3-nullind	log	cspl3	nullind	independent	n2	ips	9.987858862892702	0.11414151723579516	0.13800199327630047	0.23944821110312575	
log-cspl3-nullind	log	cspl3	nullind	independent	n2	ips	10.723764501351818	0.11530284051498399	0.1385094005672297	0.23234952448552929	
log-cspl3-nullind	log	cspl3	nullind	independent	n2	ips	11.513891681800072	0.11650622605623213	0.1390921850953234	0.2254290859736804	
log-cspl3-nullind	log	cspl3	nullind	independent	n2	ips	12.36223544852308	0.11752741997166956	0.1399733717700533	0.21909209851015268	
log-cspl3-nullind	log	cspl3	nullind	independent	n2	ips	13.273085200748401	0.11850668964579615	0.14113356583886733	0.21317194594433786	
log-cspl3-nullind	log	cspl3	nullind	independent	n2	ips	14.25104638072347	0.11958363597408489	0.14243335421132455	0.20796002759402704	
log-cspl3-nullind	log	cspl3	nullind	independent	n2	ips	15.301063759771553	0.12079480381126305	0.14397374458973328	0.2031065754490498	
log-cspl3-nullind	log	cspl3	nullind	independent	n2	ips	16.428446440064768	0.12235121044397328	0.14583126825517473	0.19903120929271848	
log-cspl3-nullind	log	cspl3	nullind	independent	n2	ips	17.638894698528226	0.1240172226660521	0.14788824170156825	0.19577569199313236	
log-cspl3-nullind	log	cspl3	nullind	independent	n2	ips	18.93852880860355	0.12594255843639854	0.1502521940525285	0.19337691446328953	
log-cspl3-nullind	log	cspl3	nullind	independent	n2	ips	20.33391998560055	0.12831692068350414	0.1529703433593051	0.19174751223531053	
log-cspl3-nullind	log	cspl3	nullind	independent	n2	ips	21.832123612102944	0.13108676311262404	0.15596025484141546	0.19100992108651563	
log-cspl3-nullind	log	cspl3	nullind	independent	n2	ips	23.440714911422706	0.13423855199639528	0.15926279529258136	0.19134504813135572	
log-cspl3-nullind	log	cspl3	nullind	independent	n2	ips	25.16782724947517	0.13774179781761023	0.16283355981164294	0.19250458371480433	
log-cspl3-nullind	log	cspl3	nullind	independent	n2	ips	27.0221932587371	0.14156322322760131	0.1665967745058289	0.19418373014256765	
log-cspl3-nullind	log	cspl3	nullind	independent	n2	ips	29.01318899221878	0.14572060166715747	0.17034737975899375	0.19661594172413527	
log-cspl3-nullind	log	cspl3	nullind	independent	n2	ips	31.150881330701633	0.15009459180749576	0.17424219106317107	0.19973270507046273	
log-cspl3-nullind	log	cspl3	nullind	independent	n2	ips	33.44607888294205	0.15461177498013204	0.17826610401201198	0.20356217553328754	
log-cspl3-nullind	log	cspl3	nullind	independent	n2	ips	35.910386636203285	0.15938099123180618	0.18260326181915515	0.2077401932190271	
log-cspl3-nullind	log	cspl3	nullind	independent	n2	ips	38.55626463343953	0.1641581334432631	0.18707751998834976	0.21245620516908312	
log-cspl3-nullind	log	cspl3	nullind	independent	n2	ips	41.397090973816184	0.16910335784713276	0.19184499817134823	0.21781670038060194	
log-cspl3-nullind	log	cspl3	nullind	independent	n2	ips	44.44722945510957	0.17391267262534885	0.19682932763559066	0.22336238497724445	
log-cspl3-nullind	log	cspl3	nullind	independent	n2	ips	47.722102200000165	0.17902065319620358	0.20207313156971124	0.2297585118526586	
log-cspl3-nullind	log	cspl3	nullind	independent	n2	ips	51.23826763347237	0.18398280006568224	0.20757303090132928	0.23661759132951296	
log-cspl3-nullind	log	cspl3	nullind	independent	n2	ips	55.01350420559078	0.18887916760701684	0.213165409792254	0.24385111633622808	
log-cspl3-nullind	log	cspl3	nullind	independent	n2	ips	59.0669002829722	0.19376551823767432	0.21889944325485364	0.25147398596950854	
log-cspl3-nullind	log	cspl3	nullind	independent	n2	ips	63.4189506634631	0.19843265515773892	0.22484504903997127	0.2592944854867744	
log-cspl3-nullind	log	cspl3	nullind	independent	n2	ips	68.0916602020204	0.20299628797827557	0.2308990213945611	0.26781154289260833	
log-cspl3-nullind	log	cspl3	nullind	independent	n2	ips	73.10865507174931	0.20772890378923592	0.23701498508163943	0.27642320545081367	
log-cspl3-nullind	log	cspl3	nullind	independent	n2	ips	78.49530222265639	0.2122161492753688	0.24317788384221198	0.2850529664128954	
log-cspl3-nullind	log	cspl3	nullind	independent	n2	ips	84.27883764212618	0.21677727946743494	0.2494387647479419	0.294198845348483	
log-cspl3-nullind	log	cspl3	nullind	independent	n2	ips	90.48850406563211	0.22118420196716324	0.2557586276378334	0.3034849671449385	
log-cspl3-nullind	log	cspl3	nullind	independent	n2	ips	97.15569883397539	0.2256321501681457	0.26216391090701374	0.31292301911325765	
log-cspl3-nullind	log	cspl3	nullind	independent	n2	ips	104.31413264464811	0.2299418409806151	0.26851309139024443	0.3225706599483311	
log-cspl3-nullind	log	cspl3	nullind	independent	n2	ips	111.99999999999996	0.23427641368783803	0.2749400831050238	0.3323714171017731	
log-cspl3-nullind	log	cspl3	nullind	independent	n2	vertex	6.999999999999999	0.10652210532459762	0.13747132051703104	0.2787358166666152	
log-cspl3-nullind	log	cspl3	nullind	independent	n2	vertex	7.515760138376834	0.10839559330914943	0.13738400116520272	0.270697406018362	
log-cspl3-nullind	log	cspl3	nullind	independent	n2	vertex	8.069521493944878	0.10997794379809148	0.13740073923167614	0.2625299358077999	
log-cspl3-nullind	log	cspl3	nullind	independent	n2	vertex	8.664083997137997	0.11160870927648495	0.13745812678444927	0.2545909849681788	
log-cspl3-nullind	log	cspl3	nullind	independent	n2	vertex	9.302453877319767	0.11290568860265074	0.13764146237390879	0.24700483578822302	
log-cspl3-nullind	log	cspl3	nullind	independent	n2	vertex	9.987858862892702	0.11414151723579516	0.13800199327630047	0.23944821110312575	
log-cspl3-nullind	log	cspl3	nullind	independent	n2	vertex	10.723764501351818	0.11530284051498399	0.1385094005672297	0.23234952448552929	
log-cspl3-nullind	log	cspl3	nullind	independent	n2	vertex	11.513891681800072	0.11650622605623213	0.1390921850953234	0.2254290859736804	
log-cspl3-nullind	log	cspl3	nullind	independent	n2	vertex	12.36223544852308	0.11752741997166956	0.1399733717700533	0.21909209851015268	
log-cspl3-nullind	log	cspl3	nullind	independent	n2	vertex	13.273085200748401	0.11850668964579615	0.14113356583886733	0.21317194594433786	
log-cspl3-nullind	log	cspl3	nullind	independent	n2	vertex	14.25104638072347	0.11958363597408489	0.14243335421132455	0.20796002759402704	
log-cspl3-nullind	log	cspl3	nullind	independent	n2	vertex	15.301063759771553	0.12079480381126305	0.14397374458973328	0.2031065754490498	
log-cspl3-nullind	log	cspl3	nullind	independent	n2	vertex	16.428446440064768	0.12235121044397328	0.14583126825517473	0.19903120929271848	
log-cspl3-nullind	log	cspl3	nullind	independent	n2	vertex	17.638894698528226	0.1240172226660521	0.14788824170156825	0.19577569199313236	
log-cspl3-nullind	log	cspl3	nullind	independent	n2	vertex	18.93852880860355	0.12594255843639854	0.1502521940525285	0.19337691446328953	
log-cspl3-nullind	log	cspl3	nullind	independent	n2	vertex	20.33391998560055	0.12831692068350414	0.1529703433593051	0.19174751223531053	
log-cspl3-nullind	log	cspl3	nullind	independent	n2	vertex	21.832123612102944	0.13108676311262404	0.15596025484141546	0.19100992108651563	
log-cspl3-nullind	log	cspl3	nullind	independent	n2	vertex	23.440714911422706	0.13423855199639528	0.15926279529258136	0.19134504813135572	
log-cspl3-nullind	log	cspl3	nullind	independent	n2	vertex	25.16782724947517	0.13774179781761023	0.16283355981164294	0.19250458371480433	
log-cspl3-nullind	log	cspl3	nullind	independent	n2	vertex	27.0221932587371	0.14156322322760131	0.1665967745058289	0.19418373014256765	
log-cspl3-nullind	log	cspl3	nullind	independent	n2	vertex	29.01318899221878	0.14572060166715747	0.17034737975899375	0.19661594172413527	
log-cspl3-nullind	log	cspl3	nullind	independent	n2	vertex	31.150881330701633	0.15009459180749576	0.17424219106317107	0.19973270507046273	
log-cspl3-nullind	log	cspl3	nullind	independent	n2	vertex	33.44607888294205	0.15461177498013204	0.17826610401201198	0.20356217553328754	
log-cspl3-nullind	log	cspl3	nullind	independent	n2	vertex	35.910386636203285	0.15938099123180618	0.18260326181915515	0.2077401932190271	
log-cspl3-nullind	log	cspl3	nullind	independent	n2	vertex	38.55626463343953	0.1641581334432631	0.18707751998834976	0.21245620516908312	
log-cspl3-nullind	log	cspl3	nullind	independent	n2	vertex	41.397090973816184	0.16910335784713276	0.19184499817134823	0.21781670038060194	
log-cspl3-nullind	log	cspl3	nullind	independent	n2	vertex	44.44722945510957	0.17391267262534885	0.19682932763559066	0.22336238497724445	
log-cspl3-nullind	log	cspl3	nullind	independent	n2	vertex	47.722102200000165	0.17902065319620358	0.20207313156971124	0.2297585118526586	
log-cspl3-nullind	log	cspl3	nullind	independent	n2	vertex	51.23826763347237	0.18398280006568224	0.20757303090132928	0.23661759132951296	
log-cspl3-nullind	log	cspl3	nullind	independent	n2	vertex	55.01350420559078	0.18887916760701684	0.213165409792254	0.24385111633622808	
log-cspl3-nullind	log	cspl3	nullind	independent	n2	vertex	59.0669002829722	0.19376551823767432	0.21889944325485364	0.25147398596950854	
log-cspl3-nullind	log	cspl3	nullind	independent	n2	vertex	63.4189506634631	0.19843265515773892	0.22484504903997127	0.2592944854867744	
log-cspl3-nullind	log	cspl3	nullind	independent	n2	vertex	68.0916602020204	0.20299628797827557	0.2308990213945611	0.26781154289260833	
log-cspl3-nullind	log	cspl3	nullind	independent	n2	vertex	73.10865507174931	0.20772890378923592	0.23701498508163943	0.27642320545081367	
log-cspl3-nullind	log	cspl3	nullind	independent	n2	vertex	78.49530222265639	0.2122161492753688	0.24317788384221198	0.2850529664128954	
log-cspl3-nullind	log	cspl3	nullind	independent	n2	vertex	84.27883764212618	0.21677727946743494	0.2494387647479419	0.294198845348483	
log-cspl3-nullind	log	cspl3	nullind	independent	n2	vertex	90.48850406563211	0.22118420196716324	0.2557586276378334	0.3034849671449385	
log-cspl3-nullind	log	cspl3	nullind	independent	n2	vertex	97.15569883397539	0.2256321501681457	0.26216391090701374	0.31292301911325765	
log-cspl3-nullind	log	cspl3	nullind	independent	n2	vertex	104.31413264464811	0.2299418409806151	0.26851309139024443	0.3225706599483311	
log-cspl3-nullind	log	cspl3	nullind	independent	n2	vertex	111.99999999999996	0.23427641368783803	0.2749400831050238	0.3323714171017731	
log-cspl3-nullind	log	cspl3	nullind	independent	n1	delta_pct	6.999999999999999	0.0	0.0	0.0	
log-cspl3-nullind	log	cspl3	nullind	independent	n1	delta_pct	7.515760138376834	0.0	0.0	0.0	
log-cspl3-nullind	log	cspl3	nullind	independent	n1	delta_pct	8.069521493944878	0.0	0.0	0.0	
log-cspl3-nullind	log	cspl3	nullind	independent	n1	delta_pct	8.664083997137997	0.0	0.0	0.0	
log-cspl3-nullind	log	cspl3	nullind	independent	n1	delta_pct	9.302453877319767	0.0	0.0	0.0	
log-cspl3-nullind	log	cspl3	nullind	independent	n1	delta_pct	9.987858862892702	0.0	0.0	0.0	
log-cspl3-nullind	log	cspl3	nullind	independent	n1	delta_pct	10.723764501351818	0.0	0.0	0.0	
log-cspl3-nullind	log	cspl3	nullind	independent	n1	delta_pct	11.513891681800072	0.0	0.0	0.0	
log-cspl3-nullind	log	cspl3	nullind	independent	n1	delta_pct	12.36223544852308	0.0	0.0	0.0	
log-cspl3-nullind	log	cspl3	nullind	independent	n1	delta_pct	13.273085200748401	0.0	0.0	0.0	
log-cspl3-nullind	log	cspl3	nullind	independent	n1	delta_pct	14.25104638072347	0.0	0.0	0.0	
log-cspl3-nullind	log	cspl3	nullind	independent	n1	delta_pct	15.301063759771553	0.0	0.0	0.0	
log-cspl3-nullind	log	cspl3	nullind	independent	n1	delta_pct	16.428446440064768	0.0	0.0	0.0	
log-cspl3-nullind	log	cspl3	nullind	independent	n1	delta_pct	17.638894698528226	0.0	0.0	0.0	
log-cspl3-nullind	log	cspl3	nullind	independent	n1	delta_pct	18.93852880860355	0.0	0.0	0.0	
log-cspl3-nullind	log	cspl3	nullind	independent	n1	delta_pct	20.33391998560055	0.0	0.0	0.0	
log-cspl3-nullind	log	cspl3	nullind	independent	n1	delta_pct	21.832123612102944	0.0	0.0	0.0	
log-cspl3-nullind	log	cspl3	nullind	independent	n1	delta_pct	23.440714911422706	0.0	0.0	0.0	
log-cspl3-nullind	log	cspl3	nullind	independent	n1	delta_pct	25.16782724947517	0.0	0.0	0.0	
log-cspl3-nullind	log	cspl3	nullind	independent	n1	delta_pct	27.0221932587371	0.0	0.0	0.0	
log-cspl3-nullind	log	cspl3	nullind	independent	n1	delta_pct	29.01318899221878	0.0	0.0	0.0	
log-cspl3-nullind	log	cspl3	nullind	independent	n1	delta_pct	31.150881330701633	0.0	0.0	0.0	
log-cspl3-nullind	log	cspl3	nullind	independent	n1	delta_pct	33.44607888294205	0.0	0.0	0.0	
log-cspl3-nullind	log	cspl3	nullind	independent	n1	delta_pct	35.910386636203285	0.0	0.0	0.0	
log-cspl3-nullind	log	cspl3	nullind	independent	n1	delta_pct	38.55626463343953	0.0	0.0	0.0	
log-cspl3-nullind	log	cspl3	nullind	independent	n1	delta_pct	41.397090973816184	0.0	0.0	0.0	
log-cspl3-nullind	log	cspl3	nullind	independent	n1	delta_pct	44.44722945510957	0.0	0.0	0.0	
log-cspl3-nullind	log	cspl3	nullind	independent	n1	delta_pct	47.722102200000165	0.0	0.0	0.0	
log-cspl3-nullind	log	cspl3	nullind	independent	n1	delta_pct	51.23826763347237	0.0	0.0	0.0	
log-cspl3-nullind	log	cspl3	nullind	independent	n1	delta_pct	55.01350420559078	0.0	0.0	0.0	
log-cspl3-nullind	log	cspl3	nullind	independent	n1	delta_pct	59.0669002829722	0.0	0.0	0.0	
log-cspl3-nullind	log	cspl3	nullind	independent	n1	delta_pct	63.4189506634631	0.0	0.0	0.0	
log-cspl3-nullind	log	cspl3	nullind	independent	n1	delta_pct	68.0916602020204	0.0	0.0	0.0	
log-cspl3-nullind	log	cspl3	nullind	independent	n1	delta_pct	73.10865507174931	0.0	0.0	0.0	
log-cspl3-nullind	log	cspl3	nullind	independent	n1	delta_pct	78.49530222265639	0.0	0.0	0.0	
log-cspl3-nullind	log	cspl3	nullind	independent	n1	delta_pct	84.27883764212618	0.0	0.0	0.0	
log-cspl3-nullind	log	cspl3	nullind	independent	n1	delta_pct	90.48850406563211	0.0	0.0	0.0	
log-cspl3-nullind	log	cspl3	nullind	independent	n1	delta_pct	97.15569883397539	0.0	0.0	0.0	
log-cspl3-nullind	log	cspl3	nullind	independent	n1	delta_pct	104.31413264464811	0.0	0.0	0.0	
log-cspl3-nullind	log	cspl3	nullind	independent	n1	delta_pct	111.99999999999996	0.0	0.0	0.0	
log-cspl3-nullind	log	cspl3	nullind	independent	n1	delta	6.999999999999999	0.0	0.0	0.0	0.0
log-cspl3-nullind	log	cspl3	nullind	independent	n1	delta	7.515760138376834	0.0	0.0	0.0	0.0
log-cspl3-nullind	log	cspl3	nullind	independent	n1	delta	8.069521493944878	0.0	0.0	0.0	0.0
log-cspl3-nullind	log	cspl3	nullind	independent	n1	delta	8.664083997137997	0.0	0.0	0.0	0.0
log-cspl3-nullind	log	cspl3	nullind	independent	n1	delta	9.302453877319767	0.0	0.0	0.0	0.0
log-cspl3-nullind	log	cspl3	nullind	independent	n1	delta	9.987858862892702	0.0	0.0	0.0	0.0
log-cspl3-nullind	log	cspl3	nullind	independent	n1	delta	10.723764501351818	0.0	0.0	0.0	0.0
log-cspl3-nullind	log	cspl3	nullind	independent	n1	delta	11.513891681800072	0.0	0.0	0.0	0.0
log-cspl3-nullind	log	cspl3	nullind	independent	n1	delta	12.36223544852308	0.0	0.0	0.0	0.0
log-cspl3-nullind	log	cspl3	nullind	independent	n1	delta	13.273085200748401	0.0	0.0	0.0	0.0
log-cspl3-nullind	log	cspl3	nullind	independent	n1	delta	14.25104638072347	0.0	0.0	0.0	0.0
log-cspl3-nullind	log	cspl3	nullind	independent	n1	delta	15.301063759771553	0.0	0.0	0.0	0.0
log-cspl3-nullind	log	cspl3	nullind	independent	n1	delta	16.428446440064768	0.0	0.0	0.0	0.0
log-cspl3-nullind	log	cspl3	nullind	independent	n1	delta	17.638894698528226	0.0	0.0	0.0	0.0
log-cspl3-nullind	log	cspl3	nullind	independent	n1	delta	18.93852880860355	0.0	0.0	0.0	0.0
log-cspl3-nullind	log	cspl3	nullind	independent	n1	delta	20.33391998560055	0.0	0.0	0.0	0.0
log-cspl3-nullind	log	cspl3	nullind	independent	n1	delta	21.832123612102944	0.0	0.0	0.0	0.0
log-cspl3-nullind	log	cspl3	nullind	independent	n1	delta	23.440714911422706	0.0	0.0	0.0	0.0
log-cspl3-nullind	log	cspl3	nullind	independent	n1	delta	25.16782724947517	0.0	0.0	0.0	0.0
log-cspl3-nullind	log	cspl3	nullind	independent	n1	delta	27.0221932587371	0.0	0.0	0.0	0.0
log-cspl3-nullind	log	cspl3	nullind	independent	n1	delta	29.01318899221878	0.0	0.0	0.0	0.0
log-cspl3-nullind	log	cspl3	nullind	independent	n1	delta	31.150881330701633	0.0	0.0	0.0	0.0
log-cspl3-nullind	log	cspl3	nullind	independent	n1	delta	33.44607888294205	0.0	0.0	0.0	0.0
log-cspl3-nullind	log	cspl3	nullind	independent	n1	delta	35.910386636203285	0.0	0.0	0.0	0.0
log-cspl3-nullind	log	cspl3	nullind	independent	n1	delta	38.55626463343953	0.0	0.0	0.0	0.0
log-cspl3-nullind	log	cspl3	nullind	independent	n1	delta	41.397090973816184	0.0	0.0	0.0	0.0
log-cspl3-nullind	log	cspl3	nullind	independent	n1	delta	44.44722945510957	0.0	0.0	0.0	0.0
log-cspl3-nullind	log	cspl3	nullind	independent	n1	delta	47.722102200000165	0.0	0.0	0.0	0.0
log-cspl3-nullind	log	cspl3	nullind	independent	n1	delta	51.23826763347237	0.0	0.0	0.0	0.0
log-cspl3-nullind	log	cspl3	nullind	independent	n1	delta	55.01350420559078	0.0	0.0	0.0	0.0
log-cspl3-nullind	log	cspl3	nullind	independent	n1	delta	59.0669002829722	0.0	0.0	0.0	0.0
log-cspl3-nullind	log	cspl3	nullind	independent	n1	delta	63.4189506634631	0.0	0.0	0.0	0.0
log-cspl3-nullind	log	cspl3	nullind	independent	n1	delta	68.0916602020204	0.0	0.0	0.0	0.0
log-cspl3-nullind	log	cspl3	nullind	independent	n1	delta	73.10865507174931	0.0	0.0	0.0	0.0
log-cspl3-nullind	log	cspl3	nullind	independent	n1	delta	78.49530222265639	0.0	0.0	0.0	0.0
log-cspl3-nullind	log	cspl3	nullind	independent	n1	delta	84.27883764212618	0.0	0.0	0.0	0.0
log-cspl3-nullind	log	cspl3	nullind	independent	n1	delta	90.48850406563211	0.0	0.0	0.0	0.0
log-cspl3-nullind	log	cspl3	nullind	independent	n1	delta	97.15569883397539	0.0	0.0	0.0	0.0
log-cspl3-nullind	log	cspl3	nullind	independent	n1	delta	104.31413264464811	0.0	0.0	0.0	0.0
log-cspl3-nullind	log	cspl3	nullind	independent	n1	delta	111.99999999999996	0.0	0.0	0.0	0.0
log-cspl3-nullind	log	cspl3	nullind	independent	n2	delta_pct	6.999999999999999	0.0	0.0	0.0	
log-cspl3-nullind	log	cspl3	nullind	independent	n2	delta_pct	7.515760138376834	0.0	0.0	0.0	
log-cspl3-nullind	log	cspl3	nullind	independent	n2	delta_pct	8.069521493944878	0.0	0.0	0.0	
log-cspl3-nullind	log	cspl3	nullind	independent	n2	delta_pct	8.664083997137997	0.0	0.0	0.0	
log-cspl3-nullind	log	cspl3	nullind	independent	n2	delta_pct	9.302453877319767	0.0	0.0	0.0	
log-cspl3-nullind	log	cspl3	nullind	independent	n2	delta_pct	9.987858862892702	0.0	0.0	0.0	
log-cspl3-nullind	log	cspl3	nullind	independent	n2	delta_pct	10.723764501351818	0.0	0.0	0.0	
log-cspl3-nullind	log	cspl3	nullind	independent	n2	delta_pct	11.513891681800072	0.0	0.0	0.0	
log-cspl3-nullind	log	cspl3	nullind	independent	n2	delta_pct	12.36223544852308	0.0	0.0	0.0	
log-cspl3-nullind	log	cspl3	nullind	independent	n2	delta_pct	13.273085200748401	0.0	0.0	0.0	
log-cspl3-nullind	log	cspl3	nullind	independent	n2	delta_pct	14.25104638072347	0.0	0.0	0.0	
log-cspl3-nullind	log	cspl3	nullind	independent	n2	delta_pct	15.301063759771553	0.0	0.0	0.0	
log-cspl3-nullind	log	cspl3	nullind	independent	n2	delta_pct	16.428446440064768	0.0	0.0	0.0	
log-cspl3-nullind	log	cspl3	nullind	independent	n2	delta_pct	17.638894698528226	0.0	0.0	0.0	
log-cspl3-nullind	log	cspl3	nullind	independent	n2	delta_pct	18.93852880860355	0.0	0.0	0.0	
log-cspl3-nullind	log	cspl3	nullind	independent	n2	delta_pct	20.33391998560055	0.0	0.0	0.0	
log-cspl3-nullind	log	cspl3	nullind	independent	n2	delta_pct	21.832123612102944	0.0	0.0	0.0	
log-cspl3-nullind	log	cspl3	nullind	independent	n2	delta_pct	23.440714911422706	0.0	0.0	0.0	
log-cspl3-nullind	log	cspl3	nullind	independent	n2	delta_pct	25.16782724947517	0.0	0.0	0.0	
log-cspl3-nullind	log	cspl3	nullind	independent	n2	delta_pct	27.0221932587371	0.0	0.0	0.0	
log-cspl3-nullind	log	cspl3	nullind	independent	n2	delta_pct	29.01318899221878	0.0	0.0	0.0	
log-cspl3-nullind	log	cspl3	nullind	independent	n2	delta_pct	31.150881330701633	0.0	0.0	0.0	
log-cspl3-nullind	log	cspl3	nullind	independent	n2	delta_pct	33.44607888294205	0.0	0.0	0.0	
log-cspl3-nullind	log	cspl3	nullind	independent	n2	delta_pct	35.910386636203285	0.0	0.0	0.0	
log-cspl3-nullind	log	cspl3	nullind	independent	n2	delta_pct	38.55626463343953	0.0	0.0	0.0	
log-cspl3-nullind	log	cspl3	nullind	independent	n2	delta_pct	41.397090973816184	0.0	0.0	0.0	
log-cspl3-nullind	log	cspl3	nullind	independent	n2	delta_pct	44.44722945510957	0.0	0.0	0.0	
log-cspl3-nullind	log	cspl3	nullind	independent	n2	delta_pct	47.722102200000165	0.0	0.0	0.0	
log-cspl3-nullind	log	cspl3	nullind	independent	n2	delta_pct	51.23826763347237	0.0	0.0	0.0	
log-cspl3-nullind	log	cspl3	nullind	independent	n2	delta_pct	55.01350420559078	0.0	0.0	0.0	
log-cspl3-nullind	log	cspl3	nullind	independent	n2	delta_pct	59.0669002829722	0.0	0.0	0.0	
log-cspl3-nullind	log	cspl3	nullind	independent	n2	delta_pct	63.4189506634631	0.0	0.0	0.0	
log-cspl3-nullind	log	cspl3	nullind	independent	n2	delta_pct	68.0916602020204	0.0	0.0	0.0	
log-cspl3-nullind	log	cspl3	nullind	independent	n2	delta_pct	73.10865507174931	0.0	0.0	0.0	
log-cspl3-nullind	log	cspl3	nullind	independent	n2	delta_pct	78.49530222265639	0.0	0.0	0.0	
log-cspl3-nullind	log	cspl3	nullind	independent	n2	delta_pct	84.27883764212618	0.0	0.0	0.0	
log-cspl3-nullind	log	cspl3	nullind	independent	n2	delta_pct	90.48850406563211	0.0	0.0	0.0	
log-cspl3-nullind	log	cspl3	nullind	independent	n2	delta_pct	97.15569883397539	0.0	0.0	0.0	
log-cspl3-nullind	log	cspl3	nullind	independent	n2	delta_pct	104.31413264464811	0.0	0.0	0.0	
log-cspl3-nullind	log	cspl3	nullind	independent	n2	delta_pct	111.99999999999996	0.0	0.0	0.0	
log-cspl3-nullind	log	cspl3	nullind	independent	n2	delta	6.999999999999999	0.0	0.0	0.0	0.0
log-cspl3-nullind	log	cspl3	nullind	independent	n2	delta	7.515760138376834	0.0	0.0	0.0	0.0
log-cspl3-nullind	log	cspl3	nullind	independent	n2	delta	8.069521493944878	0.0	0.0	0.0	0.0
log-cspl3-nullind	log	cspl3	nullind	independent	n2	delta	8.664083997137997	0.0	0.0	0.0	0.0
log-cspl3-nullind	log	cspl3	nullind	independent	n2	delta	9.302453877319767	0.0	0.0	0.0	0.0
log-cspl3-nullind	log	cspl3	nullind	independent	n2	delta	9.987858862892702	0.0	0.0	0.0	0.0
log-cspl3-nullind	log	cspl3	nullind	independent	n2	delta	10.723764501351818	0.0	0.0	0.0	0.0
log-cspl3-nullind	log	cspl3	nullind	independent	n2	delta	11.513891681800072	0.0	0.0	0.0	0.0
log-cspl3-nullind	log	cspl3	nullind	independent	n2	delta	12.36223544852308	0.0	0.0	0.0	0.0
log-cspl3-nullind	log	cspl3	nullind	independent	n2	delta	13.273085200748401	0.0	0.0	0.0	0.0
log-cspl3-nullind	log	cspl3	nullind	independent	n2	delta	14.25104638072347	0.0	0.0	0.0	0.0
log-cspl3-nullind	log	cspl3	nullind	independent	n2	delta	15.301063759771553	0.0	0.0	0.0	0.0
log-cspl3-nullind	log	cspl3	nullind	independent	n2	delta	16.428446440064768	0.0	0.0	0.0	0.0
log-cspl3-nullind	log	cspl3	nullind	independent	n2	delta	17.638894698528226	0.0	0.0	0.0	0.0
log-cspl3-nullind	log	cspl3	nullind	independent	n2	delta	18.93852880860355	0.0	0.0	0.0	0.0
log-cspl3-nullind	log	cspl3	nullind	independent	n2	delta	20.33391998560055	0.0	0.0	0.0	0.0
log-cspl3-nullind	log	cspl3	nullind	independent	n2	delta	21.832123612102944	0.0	0.0	0.0	0.0
log-cspl3-nullind	log	cspl3	nullind	independent	n2	delta	23.440714911422706	0.0	0.0	0.0	0.0
log-cspl3-nullind	log	cspl3	nullind	independent	n2	delta	25.16782724947517	0.0	0.0	0.0	0.0
log-cspl3-nullind	log	cspl3	nullind	independent	n2	delta	27.0221932587371	0.0	0.0	0.0	0.0
log-cspl3-nullind	log	cspl3	nullind	independent	n2	delta	29.01318899221878	0.0	0.0	0.0	0.0
log-cspl3-nullind	log	cspl3	nullind	independent	n2	delta	31.150881330701633	0.0	0.0	0.0	0.0
log-cspl3-nullind	log	cspl3	nullind	independent	n2	delta	33.44607888294205	0.0	0.0	0.0	0.0
log-cspl3-nullind	log	cspl3	nullind	independent	n2	delta	35.910386636203285	0.0	0.0	0.0	0.0
log-cspl3-nullind	log	cspl3	nullind	independent	n2	delta	38.55626463343953	0.0	0.0	0.0	0.0
log-cspl3-nullind	log	cspl3	nullind	independent	n2	delta	41.397090973816184	0.0	0.0	0.0	0.0
log-cspl3-nullind	log	cspl3	nullind	independent	n2	delta	44.44722945510957	0.0	0.0	0.0	0.0
log-cspl3-nullind	log	cspl3	nullind	independent	n2	delta	47.722102200000165	0.0	0.0	0.0	0.0
log-cspl3-nullind	log	cspl3	nullind	independent	n2	delta	51.23826763347237	0.0	0.0	0.0	0.0
log-cspl3-nullind	log	cspl3	nullind	independent	n2	delta	55.01350420559078	0.0	0.0	0.0	0.0
log-cspl3-nullind	log	cspl3	nullind	independent	n2	delta	59.0669002829722	0.0	0.0	0.0	0.0
log-cspl3-nullind	log	cspl3	nullind	independent	n2	delta	63.4189506634631	0.0	0.0	0.0	0.0
log-cspl3-nullind	log	cspl3	nullind	independent	n2	delta	68.0916602020204	0.0	0.0	0.0	0.0
log-cspl3-nullind	log	cspl3	nullind	independent	n2	delta	73.10865507174931	0.0	0.0	0.0	0.0
log-cspl3-nullind	log	cspl3	nullind	independent	n2	delta	78.49530222265639	0.0	0.0	0.0	0.0
log-cspl3-nullind	log	cspl3	nullind	independent	n2	delta	84.27883764212618	0.0	0.0	0.0	0.0
log-cspl3-nullind	log	cspl3	nullind	independent	n2	delta	90.48850406563211	0.0	0.0	0.0	0.0
log-cspl3-nullind	log	cspl3	nullind	independent	n2	delta	97.15569883397539	0.0	0.0	0.0	0.0
log-cspl3-nullind	log	cspl3	nullind	independent	n2	delta	104.31413264464811	0.0	0.0	0.0	0.0
log-cspl3-nullind	log	cspl3	nullind	independent	n2	delta	111.99999999999996	0.0	0.0	0.0	0.0
log-cspl5-nullind	log	cspl5	nullind	independent	n1	ips	6.999999999999999	0.17280499344725128	0.20033204071643035	0.23334914851819255	
log-cspl5-nullind	log	cspl5	nullind	independent	n1	ips	7.515760138376834	0.18129968014409248	0.2068078658021839	0.23692605369119166	
log-cspl5-nullind	log	cspl5	nullind	independent	n1	ips	8.069521493944878	0.18815780988330033	0.21314722103255784	0.24166391391300843	
log-cspl5-nullind	log	cspl5	nullind	independent	n1	ips	8.664083997137997	0.19379181300501186	0.21882116520312106	0.24775796745718498	
log-cspl5-nullind	log	cspl5	nullind	independent	n1	ips	9.302453877319767	0.1975194810776791	0.223731669610435	0.2541527181135325	
log-cspl5-nullind	log	cspl5	nullind	independent	n1	ips	9.987858862892702	0.2003883201845678	0.22776614830797293	0.2597882431738121	
log-cspl5-nullind	log	cspl5	nullind	independent	n1	ips	10.723764501351818	0.20201827585495136	0.23063622584255233	0.26406769694332677	
log-cspl5-nullind	log	cspl5	nullind	independent	n1	ips	11.513891681800072	0.20293984508634416	0.2322488849531254	0.26621394475729876	
log-cspl5-nullind	log	cspl5	nullind	independent	n1	ips	12.36223544852308	0.20335841400691274	0.23220515997754956	0.26578632395430996	
log-cspl5-nullind	log	cspl5	nullind	independent	n1	ips	13.273085200748401	0.20299777664375832	0.23042416772695495	0.26237011648432573	
log-cspl5-nullind	log	cspl5	nullind	independent	n1	ips	14.25104638072347	0.2014094595893744	0.2269463979190785	0.25642629672736716	
log-cspl5-nullind	log	cspl5	nullind	independent	n1	ips	15.301063759771553	0.198428030127385	0.22223403346266057	0.24926053104932122	
log-cspl5-nullind	log	cspl5	nullind	independent	n1	ips	16.428446440064768	0.1937697281904741	0.2168662155887306	0.24246639663068448	
log-cspl5-nullind	log	cspl5	nullind	independent	n1	ips	17.638894698528226	0.1878752232963807	0.21136185367165333	0.23751459790118856	
log-cspl5-nullind	log	cspl5	nullind	independent	n1	ips	18.93852880860355	0.18214730723917774	0.20619559477517635	0.23341721414172084	
log-cspl5-nullind	log	cspl5	nullind	independent	n1	ips	20.33391998560055	0.1775020191508611	0.20212099896598984	0.23016226350882588	
log-cspl5-nullind	log	cspl5	nullind	independent	n1	ips	21.832123612102944	0.17522064548002697	0.19954847539542694	0.22702875966569036	
log-cspl5-nullind	log	cspl5	nullind	independent	n1	ips	23.440714911422706	0.1746879092015234	0.19822869714577734	0.2247042767664459	
log-cspl5-nullind	log	cspl5	nullind	independent	n1	ips	25.16782724947517	0.17572896097315913	0.1979409685298777	0.22279095798885276	
log-cspl5-nullind	log	cspl5	nullind	independent	n1	ips	27.0221932587371	0.17707430559823	0.19855035265280346	0.2222018647163648	
log-cspl5-nullind	log	cspl5	nullind	independent	n1	ips	29.01318899221878	0.1787008409596884	0.19972545219765503	0.2230599567979877	
log-cspl5-nullind	log	cspl5	nullind	independent	n1	ips	31.150881330701633	0.1802037081211296	0.20140956807509527	0.22502461197786888	
log-cspl5-nullind	log	cspl5	nullind	independent	n1	ips	33.44607888294205	0.18159263519785884	0.20342928644023037	0.22772675074363277	
log-cspl5-nullind	log	cspl5	nullind	independent	n1	ips	35.910386636203285	0.18340795373628122	0.20579087006050714	0.2310884835502231	
log-cspl5-nullind	log	cspl5	nullind	independent	n1	ips	38.55626463343953	0.18516738306277442	0.20846085355888766	0.2348792800746018	
log-cspl5-nullind	log	cspl5	nullind	independent	n1	ips	41.397090973816184	0.18716707769661448	0.21143441408232688	0.23892152545597947	
log-cspl5-nullind	log	cspl5	nullind	independent	n1	ips	44.44722945510957	0.18957975204813166	0.21462397594900587	0.2434237445828282	
log-cspl5-nullind	log	cspl5	nullind	independent	n1	ips	47.722102200000165	0.19213663916270804	0.21809136224924897	0.24837292026666186	
log-cspl5-nullind	log	cspl5	nullind	independent	n1	ips	51.23826763347237	0.1948155510321075	0.22180749760479818	0.2535898650371237	
log-cspl5-nullind	log	cspl5	nullind	independent	n1	ips	55.01350420559078	0.1977139307977429	0.22569116621986401	0.25950307051341553	
log-cspl5-nullind	log	cspl5	nullind	independent	n1	ips	59.0669002829722	0.2006051649467377	0.2297388242988127	0.2662494360125174	
log-cspl5-nullind	log	cspl5	nullind	independent	n1	ips	63.4189506634631	0.20338709474078076	0.2339527205222347	0.2731844831615286	
log-cspl5-nullind	log	cspl5	nullind	independent	n1	ips	68.0916602020204	0.2061215488680305	0.23810706948712146	0.2808258342113318	
log-cspl5-nullind	log	cspl5	nullind	independent	n1	ips	73.10865507174931	0.20890367361800652	0.24242543681521928	0.28928763598153356	
log-cspl5-nullind	log	cspl5	nullind	independent	n1	ips	78.49530222265639	0.2114057640281508	0.2469393806182985	0.29820998758492007	
log-cspl5-nullind	log	cspl5	nullind	independent	n1	ips	84.27883764212618	0.21393954215256042	0.2515268283348396	0.30796868536548794	
log-cspl5-nullind	log	cspl5	nullind	independent	n1	ips	90.48850406563211	0.21625344741701105	0.2561154053846731	0.31778077702304636	
log-cspl5-nullind	log	cspl5	nullind	independent	n1	ips	97.15569883397539	0.2182990343722646	0.2607280772693473	0.3279492666954876	
log-cspl5-nullind	log	cspl5	nullind	independent	n1	ips	104.31413264464811	0.2202902050687634	0.26537268130450314	0.3382602178862683	
log-cspl5-nullind	log	cspl5	nullind	independent	n1	ips	111.99999999999996	0.2220090179139525	0.2701151523943113	0.34863414279126503	
log-cspl5-nullind	log	cspl5	nullind	independent	n1	vertex	6.999999999999999	0.17280499344725128	0.20033204071643035	0.23334914851819255	
log-cspl5-nullind	log	cspl5	nullind	independent	n1	vertex	7.515760138376834	0.18129968014409248	0.2068078658021839	0.23692605369119166	
log-cspl5-nullind	log	cspl5	nullind	independent	n1	vertex	8.069521493944878	0.18815780988330033	0.21314722103255784	0.24166391391300843	
log-cspl5-nullind	log	cspl5	nullind	independent	n1	vertex	8.664083997137997	0.19379181300501186	0.21882116520312106	0.24775796745718498	
log-cspl5-nullind	log	cspl5	nullind	independent	n1	vertex	9.302453877319767	0.1975194810776791	0.223731669610435	0.2541527181135325	
log-cspl5-nullind	log	cspl5	nullind	independent	n1	vertex	9.987858862892702	0.2003883201845678	0.22776614830797293	0.2597882431738121	
log-cspl5-nullind	log	cspl5	nullind	independent	n1	vertex	10.723764501351818	0.20201827585495136	0.23063622584255233	0.26406769694332677	
log-cspl5-nullind	log	cspl5	nullind	independent	n1	vertex	11.513891681800072	0.20293984508634416	0.2322488849531254	0.26621394475729876	
log-cspl5-nullind	log	cspl5	nullind	independent	n1	vertex	12.36223544852308	0.20335841400691274	0.23220515997754956	0.26578632395430996	
log-cspl5-nullind	log	cspl5	nullind	independent	n1	vertex	13.273085200748401	0.20299777664375832	0.23042416772695495	0.26237011648432573	
log-cspl5-nullind	log	cspl5	nullind	independent	n1	vertex	14.25104638072347	0.2014094595893744	0.2269463979190785	0.25642629672736716	
log-cspl5-nullind	log	cspl5	nullind	independent	n1	vertex	15.301063759771553	0.198428030127385	0.22223403346266057	0.24926053104932122	
log-cspl5-nullind	log	cspl5	nullind	independent	n1	vertex	16.428446440064768	0.1937697281904741	0.2168662155887306	0.24246639663068448	
log-cspl5-nullind	log	cspl5	nullind	independent	n1	vertex	17.638894698528226	0.1878752232963807	0.21136185367165333	0.23751459790118856	
log-cspl5-nullind	log	cspl5	nullind	independent	n1	vertex	18.93852880860355	0.18214730723917774	0.20619559477517635	0.23341721414172084	
log-cspl5-nullind	log	cspl5	nullind	independent	n1	vertex	20.33391998560055	0.1775020191508611	0.20212099896598984	0.23016226350882588	
log-cspl5-nullind	log	cspl5	nullind	independent	n1	vertex	21.832123612102944	0.17522064548002697	0.19954847539542694	0.22702875966569036	
log-cspl5-nullind	log	cspl5	nullind	independent	n1	vertex	23.440714911422706	0.1746879092015234	0.19822869714577734	0.2247042767664459	
log-cspl5-nullind	log	cspl5	nullind	independent	n1	vertex	25.16782724947517	0.17572896097315913	0.1979409685298777	0.22279095798885276	
log-cspl5-nullind	log	cspl5	nullind	independent	n1	vertex	27.0221932587371	0.17707430559823	0.19855035265280346	0.2222018647163648	
log-cspl5-nullind	log	cspl5	nullind	independent	n1	vertex	29.01318899221878	0.1787008409596884	0.19972545219765503	0.2230599567979877	
log-cspl5-nullind	log	cspl5	nullind	independent	n1	vertex	31.150881330701633	0.1802037081211296	0.20140956807509527	0.22502461197786888	
log-cspl5-nullind	log	cspl5	nullind	independent	n1	vertex	33.44607888294205	0.18159263519785884	0.20342928644023037	0.22772675074363277	
log-cspl5-nullind	log	cspl5	nullind	independent	n1	vertex	35.910386636203285	0.18340795373628122	0.20579087006050714	0.2310884835502231	
log-cspl5-nullind	log	cspl5	nullind	independent	n1	vertex	38.55626463343953	0.18516738306277442	0.20846085355888766	0.2348792800746018	
log-cspl5-nullind	log	cspl5	nullind	independent	n1	vertex	41.397090973816184	0.18716707769661448	0.21143441408232688	0.23892152545597947	
log-cspl5-nullind	log	cspl5	nullind	independent	n1	vertex	44.44722945510957	0.18957975204813166	0.21462397594900587	0.2434237445828282	
log-cspl5-nullind	log	cspl5	nullind	independent	n1	vertex	47.722102200000165	0.19213663916270804	0.21809136224924897	0.24837292026666186	
log-cspl5-nullind	log	cspl5	nullind	independent	n1	vertex	51.23826763347237	0.1948155510321075	0.22180749760479818	0.2535898650371237	
log-cspl5-nullind	log	cspl5	nullind	independent	n1	vertex	55.01350420559078	0.1977139307977429	0.22569116621986401	0.25950307051341553	
log-cspl5-nullind	log	cspl5	nullind	independent	n1	vertex	59.0669002829722	0.2006051649467377	0.2297388242988127	0.2662494360125174	
log-cspl5-nullind	log	cspl5	nullind	independent	n1	vertex	63.4189506634631	0.20338709474078076	0.2339527205222347	0.2731844831615286	
log-cspl5-nullind	log	cspl5	nullind	independent	n1	vertex	68.0916602020204	0.2061215488680305	0.23810706948712146	0.2808258342113318	
log-cspl5-nullind	log	cspl5	nullind	independent	n1	vertex	73.10865507174931	0.20890367361800652	0.24242543681521928	0.28928763598153356	
log-cspl5-nullind	log	cspl5	nullind	independent	n1	vertex	78.49530222265639	0.2114057640281508	0.2469393806182985	0.29820998758492007	
log-cspl5-nullind	log	cspl5	nullind	independent	n1	vertex	84.27883764212618	0.21393954215256042	0.2515268283348396	0.30796868536548794	
log-cspl5-nullind	log	cspl5	nullind	independent	n1	vertex	90.48850406563211	0.21625344741701105	0.2561154053846731	0.31778077702304636	
log-cspl5-nullind	log	cspl5	nullind	independent	n1	vertex	97.15569883397539	0.2182990343722646	0.2607280772693473	0.3279492666954876	
log-cspl5-nullind	log	cspl5	nullind	independent	n1	vertex	104.31413264464811	0.2202902050687634	0.26537268130450314	0.3382602178862683	
log-cspl5-nullind	log	cspl5	nullind	independent	n1	vertex	111.99999999999996	0.2220090179139525	0.2701151523943113	0.34863414279126503	
log-cspl5-nullind	log	cspl5	nullind	independent	n2	ips	6.999999999999999	0.08375718070787887	0.11239203637390237	0.14038710879399852	
log-cspl5-nullind	log	cspl5	nullind	independent	n2	ips	7.515760138376834	0.09585754181699342	0.12003311363345828	0.14441098559276938	
log-cspl5-nullind	log	cspl5	nullind	independent	n2	ips	8.069521493944878	0.10574563389389902	0.12744645214625652	0.15004761508009679	
log-cspl5-nullind	log	cspl5	nullind	independent	n2	ips	8.664083997137997	0.1133305008440442	0.13448134301684198	0.15739379268266468	
log-cspl5-nullind	log	cspl5	nullind	independent	n2	ips	9.302453877319767	0.11804063458954635	0.14087989045908897	0.1655596761930118	
log-cspl5-nullind	log	cspl5	nullind	independent	n2	ips	9.987858862892702	0.12167240405444442	0.1463877891196274	0.17366370186860053	
log-cspl5-nullind	log	cspl5	nullind	independent	n2	ips	10.723764501351818	0.12435735968196025	0.15083015459569893	0.18036452519651278	
log-cspl5-nullind	log	cspl5	nullind	independent	n2	ips	11.513891681800072	0.1263466764940113	0.1540275708857648	0.18495302410744943	
log-cspl5-nullind	log	cspl5	nullind	independent	n2	ips	12.36223544852308	0.12797522812525258	0.15565265627534342	0.18681211690820168	
log-cspl5-nullind	log	cspl5	nullind	independent	n2	ips	13.273085200748401	0.1292850573439937	0.15549447543329797	0.1853415419775253	
log-cspl5-nullind	log	cspl5	nullind	independent	n2	ips	14.25104638072347	0.13002314003410734	0.1536724744267739	0.18106548962456903	
log-cspl5-nullind	log	cspl5	nullind	independent	n2	ips	15.301063759771553	0.1296265135069386	0.1508352099522836	0.17532653912325763	
log-cspl5-nullind	log	cspl5	nullind	independent	n2	ips	16.428446440064768	0.1281476638744322	0.14737732889218974	0.1696262816498732	
log-cspl5-nullind	log	cspl5	nullind	independent	n2	ips	17.638894698528226	0.1256260947945447	0.14386032345788302	0.16538282364108572	
log-cspl5-nullind	log	cspl5	nullind	independent	n2	ips	18.93852880860355	0.12261488796158133	0.14096092067683208	0.1630617641668876	
log-cspl5-nullind	log	cspl5	nullind	independent	n2	ips	20.33391998560055	0.12060190694966545	0.1392739110925947	0.16161757487961398	
log-cspl5-nullind	log	cspl5	nullind	independent	n2	ips	21.832123612102944	0.12086403758845418	0.1391524576965275	0.16112498678938963	
log-cspl5-nullind	log	cspl5	nullind	independent	n2	ips	23.440714911422706	0.12317369629354502	0.14050506474179852	0.16113884687749686	
log-cspl5-nullind	log	cspl5	nullind	independent	n2	ips	25.16782724947517	0.12695350950457512	0.1429335613481808	0.16186403599833035	
log-cspl5-nullind	log	cspl5	nullind	independent	n2	ips	27.0221932587371	0.13152867650537023	0.14633228165338058	0.16378819415149917	
log-cspl5-nullind	log	cspl5	nullind	independent	n2	ips	29.01318899221878	0.13632889906653392	0.15043290372535276	0.1671983770030394	
log-cspl5-nullind	log	cspl5	nullind	independent	n2	ips	31.150881330701633	0.14060249087167603	0.15499335071379072	0.17186702196580292	
log-cspl5-nullind	log	cspl5	nullind	independent	n2	ips	33.44607888294205	0.14486748306681796	0.15981353415464528	0.17741026488076977	
log-cspl5-nullind	log	cspl5	nullind	independent	n2	ips	35.910386636203285	0.1491502620168625	0.16504348725491552	0.18345887067177338	
log-cspl5-nullind	log	cspl5	nullind	independent	n2	ips	38.55626463343953	0.1537551205703907	0.1705866780186981	0.18999537828922616	
log-cspl5-nullind	log	cspl5	nullind	independent	n2	ips	41.397090973816184	0.1584587572220271	0.1763601778360361	0.19669616274133594	
log-cspl5-nullind	log	cspl5	nullind	independent	n2	ips	44.44722945510957	0.16343866022239256	0.18239644206286576	0.20390716726502073	
log-cspl5-nullind	log	cspl5	nullind	independent	n2	ips	47.722102200000165	0.1686845123588403	0.18867314672032665	0.21149023570295347	
log-cspl5-nullind	log	cspl5	nullind	independent	n2	ips	51.23826763347237	0.17406118579069502	0.19509755365961035	0.21944699228331485	
log-cspl5-nullind	log	cspl5	nullind	independent	n2	ips	55.01350420559078	0.17964544762641502	0.20175147777492972	0.22769047394162473	
log-cspl5-nullind	log	cspl5	nullind	independent	n2	ips	59.0669002829722	0.18506805438034393	0.20863453010382238	0.2364892618833852	
log-cspl5-nullind	log	cspl5	nullind	independent	n2	ips	63.4189506634631	0.19052465093004	0.2155506433578748	0.24614883930192843	
log-cspl5-nullind	log	cspl5	nullind	independent	n2	ips	68.0916602020204	0.1960248240695372	0.2226421781957859	0.2560285017273584	
log-cspl5-nullind	log	cspl5	nullind	independent	n2	ips	73.10865507174931	0.20134055039171447	0.2297925419725465	0.26636186427038316	
log-cspl5-nullind	log	cspl5	nullind	independent	n2	ips	78.49530222265639	0.20636276390991592	0.23704752539086127	0.27732873614723214	
log-cspl5-nullind	log	cspl5	nullind	independent	n2	ips	84.27883764212618	0.21133191264801315	0.24440324798401958	0.2890728678389792	
log-cspl5-nullind	log	cspl5	nullind	independent	n2	ips	90.48850406563211	0.2161764461265611	0.2517451279747729	0.30056639219903475	
log-cspl5-nullind	log	cspl5	nullind	independent	n2	ips	97.15569883397539	0.22055419201165383	0.25921442715104714	0.3127673789624035	
log-cspl5-nullind	log	cspl5	nullind	independent	n2	ips	104.31413264464811	0.2248837627435435	0.26678642208852926	0.3252226287253453	
log-cspl5-nullind	log	cspl5	nullind	independent	n2	ips	111.99999999999996	0.2291789407892452	0.27437768234037885	0.33748080612462306	
log-cspl5-nullind	log	cspl5	nullind	independent	n2	vertex	6.999999999999999	0.08375718070787887	0.11239203637390237	0.14038710879399852	
log-cspl5-nullind	log	cspl5	nullind	independent	n2	vertex	7.515760138376834	0.09585754181699342	0.12003311363345828	0.14441098559276938	
log-cspl5-nullind	log	cspl5	nullind	independent	n2	vertex	8.069521493944878	0.10574563389389902	0.12744645214625652	0.15004761508009679	
log-cspl5-nullind	log	cspl5	nullind	independent	n2	vertex	8.664083997137997	0.1133305008440442	0.13448134301684198	0.15739379268266468	
log-cspl5-nullind	log	cspl5	nullind	independent	n2	vertex	9.302453877319767	0.11804063458954635	0.14087989045908897	0.1655596761930118	
log-cspl5-nullind	log	cspl5	nullind	independent	n2	vertex	9.987858862892702	0.12167240405444442	0.1463877891196274	0.17366370186860053	
log-cspl5-nullind	log	cspl5	nullind	independent	n2	vertex	10.723764501351818	0.12435735968196025	0.15083015459569893	0.18036452519651278	
log-cspl5-nullind	log	cspl5	nullind	independent	n2	vertex	11.513891681800072	0.1263466764940113	0.1540275708857648	0.18495302410744943	
log-cspl5-nullind	log	cspl5	nullind	independent	n2	vertex	12.36223544852308	0.12797522812525258	0.15565265627534342	0.18681211690820168	
log-cspl5-nullind	log	cspl5	nullind	independent	n2	vertex	13.273085200748401	0.1292850573439937	0.15549447543329797	0.1853415419775253	
log-cspl5-nullind	log	cspl5	nullind	independent	n2	vertex	14.25104638072347	0.13002314003410734	0.1536724744267739	0.18106548962456903	
log-cspl5-nullind	log	cspl5	nullind	independent	n2	vertex	15.301063759771553	0.1296265135069386	0.1508352099522836	0.17532653912325763	
log-cspl5-nullind	log	cspl5	nullind	independent	n2	vertex	16.428446440064768	0.1281476638744322	0.14737732889218974	0.1696262816498732	
log-cspl5-nullind	log	cspl5	nullind	independent	n2	vertex	17.638894698528226	0.1256260947945447	0.14386032345788302	0.16538282364108572	
log-cspl5-nullind	log	cspl5	nullind	independent	n2	vertex	18.93852880860355	0.12261488796158133	0.14096092067683208	0.1630617641668876	
log-cspl5-nullind	log	cspl5	nullind	independent	n2	vertex	20.33391998560055	0.12060190694966545	0.1392739110925947	0.16161757487961398	
log-cspl5-nullind	log	cspl5	nullind	independent	n2	vertex	21.832123612102944	0.12086403758845418	0.1391524576965275	0.16112498678938963	
log-cspl5-nullind	log	cspl5	nullind	independent	n2	vertex	23.440714911422706	0.12317369629354502	0.14050506474179852	0.16113884687749686	
log-cspl5-nullind	log	cspl5	nullind	independent	n2	vertex	25.16782724947517	0.12695350950457512	0.1429335613481808	0.16186403599833035	
log-cspl5-nullind	log	cspl5	nullind	independent	n2	vertex	27.0221932587371	0.13152867650537023	0.14633228165338058	0.16378819415149917	
log-cspl5-nullind	log	cspl5	nullind	independent	n2	vertex	29.01318899221878	0.13632889906653392	0.15043290372535276	0.1671983770030394	
log-cspl5-nullind	log	cspl5	nullind	independent	n2	vertex	31.150881330701633	0.14060249087167603	0.15499335071379072	0.17186702196580292	
log-cspl5-nullind	log	cspl5	nullind	independent	n2	vertex	33.44607888294205	0.14486748306681796	0.15981353415464528	0.17741026488076977	
log-cspl5-nullind	log	cspl5	nullind	independent	n2	vertex	35.910386636203285	0.1491502620168625	0.16504348725491552	0.18345887067177338	
log-cspl5-nullind	log	cspl5	nullind	independent	n2	vertex	38.55626463343953	0.1537551205703907	0.1705866780186981	0.18999537828922616	
log-cspl5-nullind	log	cspl5	nullind	independent	n2	vertex	41.397090973816184	0.1584587572220271	0.1763601778360361	0.19669616274133594	
log-cspl5-nullind	log	cspl5	nullind	independent	n2	vertex	44.44722945510957	0.16343866022239256	0.18239644206286576	0.20390716726502073	
log-cspl5-nullind	log	cspl5	nullind	independent	n2	vertex	47.722102200000165	0.1686845123588403	0.18867314672032665	0.21149023570295347	
log-cspl5-nullind	log	cspl5	nullind	independent	n2	vertex	51.23826763347237	0.17406118579069502	0.19509755365961035	0.21944699228331485	
log-cspl5-nullind	log	cspl5	nullind	independent	n2	vertex	55.01350420559078	0.17964544762641502	0.20175147777492972	0.22769047394162473	
log-cspl5-nullind	log	cspl5	nullind	independent	n2	vertex	59.0669002829722	0.18506805438034393	0.20863453010382238	0.2364892618833852	
log-cspl5-nullind	log	cspl5	nullind	independent	n2	vertex	63.4189506634631	0.19052465093004	0.2155506433578748	0.24614883930192843	
log-cspl5-nullind	log	cspl5	nullind	independent	n2	vertex	68.0916602020204	0.1960248240695372	0.2226421781957859	0.2560285017273584	
log-cspl5-nullind	log	cspl5	nullind	independent	n2	vertex	73.10865507174931	0.20134055039171447	0.2297925419725465	0.26636186427038316	
log-cspl5-nullind	log	cspl5	nullind	independent	n2	vertex	78.49530222265639	0.20636276390991592	0.23704752539086127	0.27732873614723214	
log-cspl5-nullind	log	cspl5	nullind	independent	n2	vertex	84.27883764212618	0.21133191264801315	0.24440324798401958	0.2890728678389792	
log-cspl5-nullind	log	cspl5	nullind	independent	n2	vertex	90.48850406563211	0.2161764461265611	0.2517451279747729	0.30056639219903475	
log-cspl5-nullind	log	cspl5	nullind	independent	n2	vertex	97.15569883397539	0.22055419201165383	0.25921442715104714	0.3127673789624035	
log-cspl5-nullind	log	cspl5	nullind	independent	n2	vertex	104.31413264464811	0.2248837627435435	0.26678642208852926	0.3252226287253453	
log-cspl5-nullind	log	cspl5	nullind	independent	n2	vertex	111.99999999999996	0.2291789407892452	0.27437768234037885	0.33748080612462306	
log-cspl5-nullind	log	cspl5	nullind	independent	n1	delta_pct	6.999999999999999	0.0	0.0	0.0	
log-cspl5-nullind	log	cspl5	nullind	independent	n1	delta_pct	7.515760138376834	0.0	0.0	0.0	
log-cspl5-nullind	log	cspl5	nullind	independent	n1	delta_pct	8.069521493944878	0.0	0.0	0.0	
log-cspl5-nullind	log	cspl5	nullind	independent	n1	delta_pct	8.664083997137997	0.0	0.0	0.0	
log-cspl5-nullind	log	cspl5	nullind	independent	n1	delta_pct	9.302453877319767	0.0	0.0	0.0	
log-cspl5-nullind	log	cspl5	nullind	independent	n1	delta_pct	9.987858862892702	0.0	0.0	0.0	
log-cspl5-nullind	log	cspl5	nullind	independent	n1	delta_pct	10.723764501351818	0.0	0.0	0.0	
log-cspl5-nullind	log	cspl5	nullind	independent	n1	delta_pct	11.513891681800072	0.0	0.0	0.0	
log-cspl5-nullind	log	cspl5	nullind	independent	n1	delta_pct	12.36223544852308	0.0	0.0	0.0	
log-cspl5-nullind	log	cspl5	nullind	independent	n1	delta_pct	13.273085200748401	0.0	0.0	0.0	
log-cspl5-nullind	log	cspl5	nullind	independent	n1	delta_pct	14.25104638072347	0.0	0.0	0.0	
log-cspl5-nullind	log	cspl5	nullind	independent	n1	delta_pct	15.301063759771553	0.0	0.0	0.0	
log-cspl5-nullind	log	cspl5	nullind	independent	n1	delta_pct	16.428446440064768	0.0	0.0	0.0	
log-cspl5-nullind	log	cspl5	nullind	independent	n1	delta_pct	17.638894698528226	0.0	0.0	0.0	
log-cspl5-nullind	log	cspl5	nullind	independent	n1	delta_pct	18.93852880860355	0.0	0.0	0.0	
log-cspl5-nullind	log	cspl5	nullind	independent	n1	delta_pct	20.33391998560055	0.0	0.0	0.0	
log-cspl5-nullind	log	cspl5	nullind	independent	n1	delta_pct	21.832123612102944	0.0	0.0	0.0	
log-cspl5-nullind	log	cspl5	nullind	independent	n1	delta_pct	23.440714911422706	0.0	0.0	0.0	
log-cspl5-nullind	log	cspl5	nullind	independent	n1	delta_pct	25.16782724947517	0.0	0.0	0.0	
log-cspl5-nullind	log	cspl5	nullind	independent	n1	delta_pct	27.0221932587371	0.0	0.0	0.0	
log-cspl5-nullind	log	cspl5	nullind	independent	n1	delta_pct	29.01318899221878	0.0	0.0	0.0	
log-cspl5-nullind	log	cspl5	nullind	independent	n1	delta_pct	31.150881330701633	0.0	0.0	0.0	
log-cspl5-nullind	log	cspl5	nullind	independent	n1	delta_pct	33.44607888294205	0.0	0.0	0.0	
log-cspl5-nullind	log	cspl5	nullind	independent	n1	delta_pct	35.910386636203285	0.0	0.0	0.0	
log-cspl5-nullind	log	cspl5	nullind	independent	n1	delta_pct	38.55626463343953	0.0	0.0	0.0	
log-cspl5-nullind	log	cspl5	nullind	independent	n1	delta_pct	41.397090973816184	0.0	0.0	0.0	
log-cspl5-nullind	log	cspl5	nullind	independent	n1	delta_pct	44.44722945510957	0.0	0.0	0.0	
log-cspl5-nullind	log	cspl5	nullind	independent	n1	delta_pct	47.722102200000165	0.0	0.0	0.0	
log-cspl5-nullind	log	cspl5	nullind	independent	n1	delta_pct	51.23826763347237	0.0	0.0	0.0	
log-cspl5-nullind	log	cspl5	nullind	independent	n1	delta_pct	55.01350420559078	0.0	0.0	0.0	
log-cspl5-nullind	log	cspl5	nullind	independent	n1	delta_pct	59.0669002829722	0.0	0.0	0.0	
log-cspl5-nullind	log	cspl5	nullind	independent	n1	delta_pct	63.4189506634631	0.0	0.0	0.0	
log-cspl5-nullind	log	cspl5	nullind	independent	n1	delta_pct	68.0916602020204	0.0	0.0	0.0	
log-cspl5-nullind	log	cspl5	nullind	independent	n1	delta_pct	73.10865507174931	0.0	0.0	0.0	
log-cspl5-nullind	log	cspl5	nullind	independent	n1	delta_pct	78.49530222265639	0.0	0.0	0.0	
log-cspl5-nullind	log	cspl5	nullind	independent	n1	delta_pct	84.27883764212618	0.0	0.0	0.0	
log-cspl5-nullind	log	cspl5	nullind	independent	n1	delta_pct	90.48850406563211	0.0	0.0	0.0	
log-cspl5-nullind	log	cspl5	nullind	independent	n1	delta_pct	97.15569883397539	0.0	0.0	0.0	
log-cspl5-nullind	log	cspl5	nullind	independent	n1	delta_pct	104.31413264464811	0.0	0.0	0.0	
log-cspl5-nullind	log	cspl5	nullind	independent	n1	delta_pct	111.99999999999996	0.0	0.0	0.0	
log-cspl5-nullind	log	cspl5	nullind	independent	n1	delta	6.999999999999999	0.0	0.0	0.0	0.0
log-cspl5-nullind	log	cspl5	nullind	independent	n1	delta	7.515760138376834	0.0	0.0	0.0	0.0
log-cspl5-nullind	log	cspl5	nullind	independent	n1	delta	8.069521493944878	0.0	0.0	0.0	0.0
log-cspl5-nullind	log	cspl5	nullind	independent	n1	delta	8.664083997137997	0.0	0.0	0.0	0.0
log-cspl5-nullind	log	cspl5	nullind	independent	n1	delta	9.302453877319767	0.0	0.0	0.0	0.0
log-cspl5-nullind	log	cspl5	nullind	independent	n1	delta	9.987858862892702	0.0	0.0	0.0	0.0
log-cspl5-nullind	log	cspl5	nullind	independent	n1	delta	10.723764501351818	0.0	0.0	0.0	0.0
log-cspl5-nullind	log	cspl5	nullind	independent	n1	delta	11.513891681800072	0.0	0.0	0.0	0.0
log-cspl5-nullind	log	cspl5	nullind	independent	n1	delta	12.36223544852308	0.0	0.0	0.0	0.0
log-cspl5-nullind	log	cspl5	nullind	independent	n1	delta	13.273085200748401	0.0	0.0	0.0	0.0
log-cspl5-nullind	log	cspl5	nullind	independent	n1	delta	14.25104638072347	0.0	0.0	0.0	0.0
log-cspl5-nullind	log	cspl5	nullind	independent	n1	delta	15.301063759771553	0.0	0.0	0.0	0.0
log-cspl5-nullind	log	cspl5	nullind	independent	n1	delta	16.428446440064768	0.0	0.0	0.0	0.0
log-cspl5-nullind	log	cspl5	nullind	independent	n1	delta	17.638894698528226	0.0	0.0	0.0	0.0
log-cspl5-nullind	log	cspl5	nullind	independent	n1	delta	18.93852880860355	0.0	0.0	0.0	0.0
log-cspl5-nullind	log	cspl5	nullind	independent	n1	delta	20.33391998560055	0.0	0.0	0.0	0.0
log-cspl5-nullind	log	cspl5	nullind	independent	n1	delta	21.832123612102944	0.0	0.0	0.0	0.0
log-cspl5-nullind	log	cspl5	nullind	independent	n1	delta	23.440714911422706	0.0	0.0	0.0	0.0
log-cspl5-nullind	log	cspl5	nullind	independent	n1	delta	25.16782724947517	0.0	0.0	0.0	0.0
log-cspl5-nullind	log	cspl5	nullind	independent	n1	delta	27.0221932587371	0.0	0.0	0.0	0.0
log-cspl5-nullind	log	cspl5	nullind	independent	n1	delta	29.01318899221878	0.0	0.0	0.0	0.0
log-cspl5-nullind	log	cspl5	nullind	independent	n1	delta	31.150881330701633	0.0	0.0	0.0	0.0
log-cspl5-nullind	log	cspl5	nullind	independent	n1	delta	33.44607888294205	0.0	0.0	0.0	0.0
log-cspl5-nullind	log	cspl5	nullind	independent	n1	delta	35.910386636203285	0.0	0.0	0.0	0.0
log-cspl5-nullind	log	cspl5	nullind	independent	n1	delta	38.55626463343953	0.0	0.0	0.0	0.0
log-cspl5-nullind	log	cspl5	nullind	independent	n1	delta	41.397090973816184	0.0	0.0	0.0	0.0
log-cspl5-nullind	log	cspl5	nullind	independent	n1	delta	44.44722945510957	0.0	0.0	0.0	0.0
log-cspl5-nullind	log	cspl5	nullind	independent	n1	delta	47.722102200000165	0.0	0.0	0.0	0.0
log-cspl5-nullind	log	cspl5	nullind	independent	n1	delta	51.23826763347237	0.0	0.0	0.0	0.0
log-cspl5-nullind	log	cspl5	nullind	independent	n1	delta	55.01350420559078	0.0	0.0	0.0	0.0
log-cspl5-nullind	log	cspl5	nullind	independent	n1	delta	59.0669002829722	0.0	0.0	0.0	0.0
log-cspl5-nullind	log	cspl5	nullind	independent	n1	delta	63.4189506634631	0.0	0.0	0.0	0.0
log-cspl5-nullind	log	cspl5	nullind	independent	n1	delta	68.0916602020204	0.0	0.0	0.0	0.0
log-cspl5-nullind	log	cspl5	nullind	independent	n1	delta	73.10865507174931	0.0	0.0	0.0	0.0
log-cspl5-nullind	log	cspl5	nullind	independent	n1	delta	78.49530222265639	0.0	0.0	0.0	0.0
log-cspl5-nullind	log	cspl5	nullind	independent	n1	delta	84.27883764212618	0.0	0.0	0.0	0.0
log-cspl5-nullind	log	cspl5	nullind	independent	n1	delta	90.48850406563211	0.0	0.0	0.0	0.0
log-cspl5-nullind	log	cspl5	nullind	independent	n1	delta	97.15569883397539	0.0	0.0	0.0	0.0
log-cspl5-nullind	log	cspl5	nullind	independent	n1	delta	104.31413264464811	0.0	0.0	0.0	0.0
log-cspl5-nullind	log	cspl5	nullind	independent	n1	delta	111.99999999999996	0.0	0.0	0.0	0.0
log-cspl5-nullind	log	cspl5	nullind	independent	n2	delta_pct	6.999999999999999	0.0	0.0	0.0	
log-cspl5-nullind	log	cspl5	nullind	independent	n2	delta_pct	7.515760138376834	0.0	0.0	0.0	
log-cspl5-nullind	log	cspl5	nullind	independent	n2	delta_pct	8.069521493944878	0.0	0.0	0.0	
log-cspl5-nullind	log	cspl5	nullind	independent	n2	delta_pct	8.664083997137997	0.0	0.0	0.0	
log-cspl5-nullind	log	cspl5	nullind	independent	n2	delta_pct	9.302453877319767	0.0	0.0	0.0	
log-cspl5-nullind	log	cspl5	nullind	independent	n2	delta_pct	9.987858862892702	0.0	0.0	0.0	
log-cspl5-nullind	log	cspl5	nullind	independent	n2	delta_pct	10.723764501351818	0.0	0.0	0.0	
log-cspl5-nullind	log	cspl5	nullind	independent	n2	delta_pct	11.513891681800072	0.0	0.0	0.0	
log-cspl5-nullind	log	cspl5	nullind	independent	n2	delta_pct	12.36223544852308	0.0	0.0	0.0	
log-cspl5-nullind	log	cspl5	nullind	independent	n2	delta_pct	13.273085200748401	0.0	0.0	0.0	
log-cspl5-nullind	log	cspl5	nullind	independent	n2	delta_pct	14.25104638072347	0.0	0.0	0.0	
log-cspl5-nullind	log	cspl5	nullind	independent	n2	delta_pct	15.301063759771553	0.0	0.0	0.0	
log-cspl5-nullind	log	cspl5	nullind	independent	n2	delta_pct	16.428446440064768	0.0	0.0	0.0	
log-cspl5-nullind	log	cspl5	nullind	independent	n2	delta_pct	17.638894698528226	0.0	0.0	0.0	
log-cspl5-nullind	log	cspl5	nullind	independent	n2	delta_pct	18.93852880860355	0.0	0.0	0.0	
log-cspl5-nullind	log	cspl5	nullind	independent	n2	delta_pct	20.33391998560055	0.0	0.0	0.0	
log-cspl5-nullind	log	cspl5	nullind	independent	n2	delta_pct	21.832123612102944	0.0	0.0	0.0	
log-cspl5-nullind	log	cspl5	nullind	independent	n2	delta_pct	23.440714911422706	0.0	0.0	0.0	
log-cspl5-nullind	log	cspl5	nullind	independent	n2	delta_pct	25.16782724947517	0.0	0.0	0.0	
log-cspl5-nullind	log	cspl5	nullind	independent	n2	delta_pct	27.0221932587371	0.0	0.0	0.0	
log-cspl5-nullind	log	cspl5	nullind	independent	n2	delta_pct	29.01318899221878	0.0	0.0	0.0	
log-cspl5-nullind	log	cspl5	nullind	independent	n2	delta_pct	31.150881330701633	0.0	0.0	0.0	
log-cspl5-nullind	log	cspl5	nullind	independent	n2	delta_pct	33.44607888294205	0.0	0.0	0.0	
log-cspl5-nullind	log	cspl5	nullind	independent	n2	delta_pct	35.910386636203285	0.0	0.0	0.0	
log-cspl5-nullind	log	cspl5	nullind	independent	n2	delta_pct	38.55626463343953	0.0	0.0	0.0	
log-cspl5-nullind	log	cspl5	nullind	independent	n2	delta_pct	41.397090973816184	0.0	0.0	0.0	
log-cspl5-nullind	log	cspl5	nullind	independent	n2	delta_pct	44.44722945510957	0.0	0.0	0.0	
log-cspl5-nullind	log	cspl5	nullind	independent	n2	delta_pct	47.722102200000165	0.0	0.0	0.0	
log-cspl5-nullind	log	cspl5	nullind	independent	n2	delta_pct	51.23826763347237	0.0	0.0	0.0	
log-cspl5-nullind	log	cspl5	nullind	independent	n2	delta_pct	55.01350420559078	0.0	0.0	0.0	
log-cspl5-nullind	log	cspl5	nullind	independent	n2	delta_pct	59.0669002829722	0.0	0.0	0.0	
log-cspl5-nullind	log	cspl5	nullind	independent	n2	delta_pct	63.4189506634631	0.0	0.0	0.0	
log-cspl5-nullind	log	cspl5	nullind	independent	n2	delta_pct	68.0916602020204	0.0	0.0	0.0	
log-cspl5-nullind	log	cspl5	nullind	independent	n2	delta_pct	73.10865507174931	0.0	0.0	0.0	
log-cspl5-nullind	log	cspl5	nullind	independent	n2	delta_pct	78.49530222265639	0.0	0.0	0.0	
log-cspl5-nullind	log	cspl5	nullind	independent	n2	delta_pct	84.27883764212618	0.0	0.0	0.0	
log-cspl5-nullind	log	cspl5	nullind	independent	n2	delta_pct	90.48850406563211	0.0	0.0	0.0	
log-cspl5-nullind	log	cspl5	nullind	independent	n2	delta_pct	97.15569883397539	0.0	0.0	0.0	
log-cspl5-nullind	log	cspl5	nullind	independent	n2	delta_pct	104.31413264464811	0.0	0.0	0.0	
log-cspl5-nullind	log	cspl5	nullind	independent	n2	delta_pct	111.99999999999996	0.0	0.0	0.0	
log-cspl5-nullind	log	cspl5	nullind	independent	n2	delta	6.999999999999999	0.0	0.0	0.0	0.0
log-cspl5-nullind	log	cspl5	nullind	independent	n2	delta	7.515760138376834	0.0	0.0	0.0	0.0
log-cspl5-nullind	log	cspl5	nullind	independent	n2	delta	8.069521493944878	0.0	0.0	0.0	0.0
log-cspl5-nullind	log	cspl5	nullind	independent	n2	delta	8.664083997137997	0.0	0.0	0.0	0.0
log-cspl5-nullind	log	cspl5	nullind	independent	n2	delta	9.302453877319767	0.0	0.0	0.0	0.0
log-cspl5-nullind	log	cspl5	nullind	independent	n2	delta	9.987858862892702	0.0	0.0	0.0	0.0
log-cspl5-nullind	log	cspl5	nullind	independent	n2	delta	10.723764501351818	0.0	0.0	0.0	0.0
log-cspl5-nullind	log	cspl5	nullind	independent	n2	delta	11.513891681800072	0.0	0.0	0.0	0.0
log-cspl5-nullind	log	cspl5	nullind	independent	n2	delta	12.36223544852308	0.0	0.0	0.0	0.0
log-cspl5-nullind	log	cspl5	nullind	independent	n2	delta	13.273085200748401	0.0	0.0	0.0	0.0
log-cspl5-nullind	log	cspl5	nullind	independent	n2	delta	14.25104638072347	0.0	0.0	0.0	0.0
log-cspl5-nullind	log	cspl5	nullind	independent	n2	delta	15.301063759771553	0.0	0.0	0.0	0.0
log-cspl5-nullind	log	cspl5	nullind	independent	n2	delta	16.428446440064768	0.0	0.0	0.0	0.0
log-cspl5-nullind	log	cspl5	nullind	independent	n2	delta	17.638894698528226	0.0	0.0	0.0	0.0
log-cspl5-nullind	log	cspl5	nullind	independent	n2	delta	18.93852880860355	0.0	0.0	0.0	0.0
log-cspl5-nullind	log	cspl5	nullind	independent	n2	delta	20.33391998560055	0.0	0.0	0.0	0.0
log-cspl5-nullind	log	cspl5	nullind	independent	n2	delta	21.832123612102944	0.0	0.0	0.0	0.0
log-cspl5-nullind	log	cspl5	nullind	independent	n2	delta	23.440714911422706	0.0	0.0	0.0	0.0
log-cspl5-nullind	log	cspl5	nullind	independent	n2	delta	25.16782724947517	0.0	0.0	0.0	0.0
log-cspl5-nullind	log	cspl5	nullind	independent	n2	delta	27.0221932587371	0.0	0.0	0.0	0.0
log-cspl5-nullind	log	cspl5	nullind	independent	n2	delta	29.01318899221878	0.0	0.0	0.0	0.0
log-cspl5-nullind	log	cspl5	nullind	independent	n2	delta	31.150881330701633	0.0	0.0	0.0	0.0
log-cspl5-nullind	log	cspl5	nullind	independent	n2	delta	33.44607888294205	0.0	0.0	0.0	0.0
log-cspl5-nullind	log	cspl5	nullind	independent	n2	delta	35.910386636203285	0.0	0.0	0.0	0.0
log-cspl5-nullind	log	cspl5	nullind	independent	n2	delta	38.55626463343953	0.0	0.0	0.0	0.0
log-cspl5-nullind	log	cspl5	nullind	independent	n2	delta	41.397090973816184	0.0	0.0	0.0	0.0
log-cspl5-nullind	log	cspl5	nullind	independent	n2	delta	44.44722945510957	0.0	0.0	0.0	0.0
log-cspl5-nullind	log	cspl5	nullind	independent	n2	delta	47.722102200000165	0.0	0.0	0.0	0.0
log-cspl5-nullind	log	cspl5	nullind	independent	n2	delta	51.23826763347237	0.0	0.0	0.0	0.0
log-cspl5-nullind	log	cspl5	nullind	independent	n2	delta	55.01350420559078	0.0	0.0	0.0	0.0
log-cspl5-nullind	log	cspl5	nullind	independent	n2	delta	59.0669002829722	0.0	0.0	0.0	0.0
log-cspl5-nullind	log	cspl5	nullind	independent	n2	delta	63.4189506634631	0.0	0.0	0.0	0.0
log-cspl5-nullind	log	cspl5	nullind	independent	n2	delta	68.0916602020204	0.0	0.0	0.0	0.0
log-cspl5-nullind	log	cspl5	nullind	independent	n2	delta	73.10865507174931	0.0	0.0	0.0	0.0
log-cspl5-nullind	log	cspl5	nullind	independent	n2	delta	78.49530222265639	0.0	0.0	0.0	0.0
log-cspl5-nullind	log	cspl5	nullind	independent	n2	delta	84.27883764212618	0.0	0.0	0.0	0.0
log-cspl5-nullind	log	cspl5	nullind	independent	n2	delta	90.48850406563211	0.0	0.0	0.0	0.0
log-cspl5-nullind	log	cspl5	nullind	independent	n2	delta	97.15569883397539	0.0	0.0	0.0	0.0
log-cspl5-nullind	log	cspl5	nullind	independent	n2	delta	104.31413264464811	0.0	0.0	0.0	0.0
log-cspl5-nullind	log	cspl5	nullind	independent	n2	delta	111.99999999999996	0.0	0.0	0.0	0.0
log-power-nullind	log	power	nullind	independent	n1	ips	6.999999999999999	0.18046318665408687	0.20295112328631826	0.22852186453766812	
log-power-nullind	log	power	nullind	independent	n1	ips	7.515760138376834	0.18193862252365745	0.20412287603366566	0.2291724318441472	
log-power-nullind	log	power	nullind	independent	n1	ips	8.069521493944878	0.1834987199434431	0.20530965612739735	0.22993623983442452	
log-power-nullind	log	power	nullind	independent	n1	ips	8.664083997137997	0.18515286866884306	0.20648780781159973	0.2305626770311961	
log-power-nullind	log	power	nullind	independent	n1	ips	9.302453877319767	0.1866945459017102	0.20768081281308068	0.23132290591899293	
log-power-nullind	log	power	nullind	independent	n1	ips	9.987858862892702	0.18821122798571546	0.2088897236304065	0.23202753994968545	
log-power-nullind	log	power	nullind	independent	n1	ips	10.723764501351818	0.18963174253550405	0.21016034713999823	0.2326854619790647	
log-power-nullind	log	power	nullind	independent	n1	ips	11.513891681800072	0.19112640444538884	0.21139330982700769	0.23350610694931265	
log-power-nullind	log	power	nullind	independent	n1	ips	12.36223544852308	0.1926279836388832	0.2126429059275463	0.2344509630653574	
log-power-nullind	log	power	nullind	independent	n1	ips	13.273085200748401	0.19407958928774227	0.21391505358785112	0.2355127767597872	
log-power-nullind	log	power	nullind	independent	n1	ips	14.25104638072347	0.19553897699839987	0.21517839695754845	0.23640524594994214	
log-power-nullind	log	power	nullind	independent	n1	ips	15.301063759771553	0.19693790497939465	0.2163993736682142	0.23746368837732604	
log-power-nullind	log	power	nullind	independent	n1	ips	16.428446440064768	0.1982867932334578	0.21771841534673647	0.2386238709044198	
log-power-nullind	log	power	nullind	independent	n1	ips	17.638894698528226	0.19960265509554342	0.21901983112033035	0.2398434821202846	
log-power-nullind	log	power	nullind	independent	n1	ips	18.93852880860355	0.20090115283290316	0.22028115710093682	0.2411165803620039	
log-power-nullind	log	power	nullind	independent	n1	ips	20.33391998560055	0.20202225716698577	0.22157415687552068	0.24239635890415792	
log-power-nullind	log	power	nullind	independent	n1	ips	21.832123612102944	0.20319099268067647	0.2228759455741536	0.24378428220538884	
log-power-nullind	log	power	nullind	independent	n1	ips	23.440714911422706	0.20430372106678477	0.2241571447275707	0.245166168962747	
log-power-nullind	log	power	nullind	independent	n1	ips	25.16782724947517	0.2054561360372661	0.22543951246225064	0.24670369843632906	
log-power-nullind	log	power	nullind	independent	n1	ips	27.0221932587371	0.20654831534149476	0.22677385995723554	0.24821639484278846	
log-power-nullind	log	power	nullind	independent	n1	ips	29.01318899221878	0.20763363879161711	0.22810770927455326	0.24982696833559323	
log-power-nullind	log	power	nullind	independent	n1	ips	31.150881330701633	0.20868064183182577	0.22940606573790856	0.25162544020608235	
log-power-nullind	log	power	nullind	independent	n1	ips	33.44607888294205	0.20979079903822007	0.23074316040547632	0.2534251720019439	
log-power-nullind	log	power	nullind	independent	n1	ips	35.910386636203285	0.210780967587331	0.23206441415226675	0.25518215397714183	
log-power-nullind	log	power	nullind	independent	n1	ips	38.55626463343953	0.2116557903479717	0.23338239219941886	0.25702650886687967	
log-power-nullind	log	power	nullind	independent	n1	ips	41.397090973816184	0.2125007272080581	0.23468768307332014	0.2588979242744843	
log-power-nullind	log	power	nullind	independent	n1	ips	44.44722945510957	0.21339648444350803	0.23604560498177787	0.261021773552869	
log-power-nullind	log	power	nullind	independent	n1	ips	47.722102200000165	0.21418811429019965	0.23742607410826178	0.2631482600155352	
log-power-nullind	log	power	nullind	independent	n1	ips	51.23826763347237	0.21501421508939444	0.23877400681186756	0.26535967627462503	
log-power-nullind	log	power	nullind	independent	n1	ips	55.01350420559078	0.21572308735309303	0.24015241203798973	0.2675783881543369	
log-power-nullind	log	power	nullind	independent	n1	ips	59.0669002829722	0.21643245438160535	0.24148980994966018	0.2698724233075351	
log-power-nullind	log	power	nullind	independent	n1	ips	63.4189506634631	0.2171251209515481	0.24282023995155033	0.27211365812162447	
log-power-nullind	log	power	nullind	independent	n1	ips	68.0916602020204	0.2178489479846317	0.24421867952493703	0.27454615966187645	
log-power-nullind	log	power	nullind	independent	n1	ips	73.10865507174931	0.21858283517938537	0.24563938434645358	0.2770202485831677	
log-power-nullind	log	power	nullind	independent	n1	ips	78.49530222265639	0.21938878391492456	0.2470551888013207	0.2794449527170691	
log-power-nullind	log	power	nullind	independent	n1	ips	84.27883764212618	0.22002939880274225	0.24850106835336633	0.28213509076251786	
log-power-nullind	log	power	nullind	independent	n1	ips	90.48850406563211	0.22064808868135777	0.24989997116949247	0.28481212469282463	
log-power-nullind	log	power	nullind	independent	n1	ips	97.15569883397539	0.22122410091409184	0.2513443160509112	0.2874474552115923	
log-power-nullind	log	power	nullind	independent	n1	ips	104.31413264464811	0.2217141660581211	0.2527663957367664	0.2901178376372008	
log-power-nullind	log	power	nullind	independent	n1	ips	111.99999999999996	0.2222946461656288	0.2542101700770074	0.29292025182187814	
log-power-nullind	log	power	nullind	independent	n1	vertex	6.999999999999999	0.18046318665408687	0.20295112328631826	0.22852186453766812	
log-power-nullind	log	power	nullind	independent	n1	vertex	7.515760138376834	0.18193862252365745	0.20412287603366566	0.2291724318441472	
log-power-nullind	log	power	nullind	independent	n1	vertex	8.069521493944878	0.1834987199434431	0.20530965612739735	0.22993623983442452	
log-power-nullind	log	power	nullind	independent	n1	vertex	8.664083997137997	0.18515286866884306	0.20648780781159973	0.2305626770311961	
log-power-nullind	log	power	nullind	independent	n1	vertex	9.302453877319767	0.1866945459017102	0.20768081281308068	0.23132290591899293	
log-power-nullind	log	power	nullind	independent	n1	vertex	9.987858862892702	0.18821122798571546	0.2088897236304065	0.23202753994968545	
log-power-nullind	log	power	nullind	independent	n1	vertex	10.723764501351818	0.18963174253550405	0.21016034713999823	0.2326854619790647	
log-power-nullind	log	power	nullind	independent	n1	vertex	11.513891681800072	0.19112640444538884	0.21139330982700769	0.23350610694931265	
log-power-nullind	log	power	nullind	independent	n1	vertex	12.36223544852308	0.1926279836388832	0.2126429059275463	0.2344509630653574	
log-power-nullind	log	power	nullind	independent	n1	vertex	13.273085200748401	0.19407958928774227	0.21391505358785112	0.2355127767597872	
log-power-nullind	log	power	nullind	independent	n1	vertex	14.25104638072347	0.19553897699839987	0.21517839695754845	0.23640524594994214	
log-power-nullind	log	power	nullind	independent	n1	vertex	15.301063759771553	0.19693790497939465	0.2163993736682142	0.23746368837732604	
log-power-nullind	log	power	nullind	independent	n1	vertex	16.428446440064768	0.1982867932334578	0.21771841534673647	0.2386238709044198	
log-power-nullind	log	power	nullind	independent	n1	vertex	17.638894698528226	0.19960265509554342	0.21901983112033035	0.2398434821202846	
log-power-nullind	log	power	nullind	independent	n1	vertex	18.93852880860355	0.20090115283290316	0.22028115710093682	0.2411165803620039	
log-power-nullind	log	power	nullind	independent	n1	vertex	20.33391998560055	0.20202225716698577	0.22157415687552068	0.24239635890415792	
log-power-nullind	log	power	nullind	independent	n1	vertex	21.832123612102944	0.20319099268067647	0.2228759455741536	0.24378428220538884	
log-power-nullind	log	power	nullind	independent	n1	vertex	23.440714911422706	0.20430372106678477	0.2241571447275707	0.245166168962747	
log-power-nullind	log	power	nullind	independent	n1	vertex	25.16782724947517	0.2054561360372661	0.22543951246225064	0.24670369843632906	
log-power-nullind	log	power	nullind	independent	n1	vertex	27.0221932587371	0.20654831534149476	0.22677385995723554	0.24821639484278846	
log-power-nullind	log	power	nullind	independent	n1	vertex	29.01318899221878	0.20763363879161711	0.22810770927455326	0.24982696833559323	
log-power-nullind	log	power	nullind	independent	n1	vertex	31.150881330701633	0.20868064183182577	0.22940606573790856	0.25162544020608235	
log-power-nullind	log	power	nullind	independent	n1	vertex	33.44607888294205	0.20979079903822007	0.23074316040547632	0.2534251720019439	
log-power-nullind	log	power	nullind	independent	n1	vertex	35.910386636203285	0.210780967587331	0.23206441415226675	0.25518215397714183	
log-power-nullind	log	power	nullind	independent	n1	vertex	38.55626463343953	0.2116557903479717	0.23338239219941886	0.25702650886687967	
log-power-nullind	log	power	nullind	independent	n1	vertex	41.397090973816184	0.2125007272080581	0.23468768307332014	0.2588979242744843	
log-power-nullind	log	power	nullind	independent	n1	vertex	44.44722945510957	0.21339648444350803	0.23604560498177787	0.261021773552869	
log-power-nullind	log	power	nullind	independent	n1	vertex	47.722102200000165	0.21418811429019965	0.23742607410826178	0.2631482600155352	
log-power-nullind	log	power	nullind	independent	n1	vertex	51.23826763347237	0.21501421508939444	0.23877400681186756	0.26535967627462503	
log-power-nullind	log	power	nullind	independent	n1	vertex	55.01350420559078	0.21572308735309303	0.24015241203798973	0.2675783881543369	
log-power-nullind	log	power	nullind	independent	n1	vertex	59.0669002829722	0.21643245438160535	0.24148980994966018	0.2698724233075351	
log-power-nullind	log	power	nullind	independent	n1	vertex	63.4189506634631	0.2171251209515481	0.24282023995155033	0.27211365812162447	
log-power-nullind	log	power	nullind	independent	n1	vertex	68.0916602020204	0.2178489479846317	0.24421867952493703	0.27454615966187645	
log-power-nullind	log	power	nullind	independent	n1	vertex	73.10865507174931	0.21858283517938537	0.24563938434645358	0.2770202485831677	
log-power-nullind	log	power	nullind	independent	n1	vertex	78.49530222265639	0.21938878391492456	0.2470551888013207	0.2794449527170691	
log-power-nullind	log	power	nullind	independent	n1	vertex	84.27883764212618	0.22002939880274225	0.24850106835336633	0.28213509076251786	
log-power-nullind	log	power	nullind	independent	n1	vertex	90.48850406563211	0.22064808868135777	0.24989997116949247	0.28481212469282463	
log-power-nullind	log	power	nullind	independent	n1	vertex	97.15569883397539	0.22122410091409184	0.2513443160509112	0.2874474552115923	
log-power-nullind	log	power	nullind	independent	n1	vertex	104.31413264464811	0.2217141660581211	0.2527663957367664	0.2901178376372008	
log-power-nullind	log	power	nullind	independent	n1	vertex	111.99999999999996	0.2222946461656288	0.2542101700770074	0.29292025182187814	
log-power-nullind	log	power	nullind	independent	n2	ips	6.999999999999999	0.07646969339145226	0.09958178261964715	0.12376913442963582	
log-power-nullind	log	power	nullind	independent	n2	ips	7.515760138376834	0.07909123008948665	0.1021678308942911	0.1261095347118063	
log-power-nullind	log	power	nullind	independent	n2	ips	8.069521493944878	0.08184881754268045	0.10477031747568824	0.12843236352740098	
log-power-nullind	log	power	nullind	independent	n2	ips	8.664083997137997	0.08465394837342594	0.10747347102257329	0.13081079142900037	
log-power-nullind	log	power	nullind	independent	n2	ips	9.302453877319767	0.08751856357426652	0.1102146415811675	0.13334402167723883	
log-power-nullind	log	power	nullind	independent	n2	ips	9.987858862892702	0.09050887182663273	0.11304655686920431	0.1358815718006138	
log-power-nullind	log	power	nullind	independent	n2	ips	10.723764501351818	0.09354753286277848	0.1159333646398823	0.1385717465615499	
log-power-nullind	log	power	nullind	independent	n2	ips	11.513891681800072	0.0966677362409863	0.11890853407406371	0.14123724820649547	
log-power-nullind	log	power	nullind	independent	n2	ips	12.36223544852308	0.10000047265651422	0.12194456828859655	0.14400974958370022	
log-power-nullind	log	power	nullind	independent	n2	ips	13.273085200748401	0.10336021132727143	0.12505156368907674	0.1467939923484024	
log-power-nullind	log	power	nullind	independent	n2	ips	14.25104638072347	0.10683477734629303	0.12824900458707214	0.14974072467489222	
log-power-nullind	log	power	nullind	independent	n2	ips	15.301063759771553	0.11040517762823907	0.13151910776681364	0.1527225431029736	
log-power-nullind	log	power	nullind	independent	n2	ips	16.428446440064768	0.11406204687055027	0.13490529682333602	0.1557945440932733	
log-power-nullind	log	power	nullind	independent	n2	ips	17.638894698528226	0.11786623211152523	0.13835942569557486	0.15899111750458725	
log-power-nullind	log	power	nullind	independent	n2	ips	18.93852880860355	0.12175801559837299	0.14192486089691392	0.16228918861885885	
log-power-nullind	log	power	nullind	independent	n2	ips	20.33391998560055	0.12579449015242483	0.14554954255794972	0.16560387718239192	
log-power-nullind	log	power	nullind	independent	n2	ips	21.832123612102944	0.12994361550556086	0.14929062644174265	0.16908731200070246	
log-power-nullind	log	power	nullind	independent	n2	ips	23.440714911422706	0.13403400074610958	0.15309159507332373	0.17267981081869005	
log-power-nullind	log	power	nullind	independent	n2	ips	25.16782724947517	0.13829286025372559	0.15697406309128692	0.17646689111364044	
log-power-nullind	log	power	nullind	independent	n2	ips	27.0221932587371	0.14269052049877567	0.1610014339442692	0.1803817694730399	
log-power-nullind	log	power	nullind	independent	n2	ips	29.01318899221878	0.1471868853964634	0.1651530960837025	0.18453486608697267	
log-power-nullind	log	power	nullind	independent	n2	ips	31.150881330701633	0.15160444788835958	0.16937613959932551	0.1886740318739378	
log-power-nullind	log	power	nullind	independent	n2	ips	33.44607888294205	0.15611127533416053	0.1737372344391112	0.19319815097762166	
log-power-nullind	log	power	nullind	independent	n2	ips	35.910386636203285	0.16058752698533607	0.17821914367224087	0.19780342687656333	
log-power-nullind	log	power	nullind	independent	n2	ips	38.55626463343953	0.1651505328942698	0.18278067989589	0.2028163372019394	
log-power-nullind	log	power	nullind	independent	n2	ips	41.397090973816184	0.16969401979460846	0.1874869659777971	0.20797824663851086	
log-power-nullind	log	power	nullind	independent	n2	ips	44.44722945510957	0.17420604963618586	0.1922866294376096	0.2132491750932955	
log-power-nullind	log	power	nullind	independent	n2	ips	47.722102200000165	0.17867756782576477	0.19722433416717786	0.2189852827615584	
log-power-nullind	log	power	nullind	independent	n2	ips	51.23826763347237	0.18316594503697378	0.20235787613776723	0.22485642942806072	
log-power-nullind	log	power	nullind	independent	n2	ips	55.01350420559078	0.18762900874980223	0.2076204462258993	0.23093076517707117	
log-power-nullind	log	power	nullind	independent	n2	ips	59.0669002829722	0.19209960935365683	0.21299254103237542	0.23745714035716253	
log-power-nullind	log	power	nullind	independent	n2	ips	63.4189506634631	0.19660516913860673	0.2185006386030238	0.24430238106875762	
log-power-nullind	log	power	nullind	independent	n2	ips	68.0916602020204	0.20098472046711569	0.22414555462479452	0.2514990031135095	
log-power-nullind	log	power	nullind	independent	n2	ips	73.10865507174931	0.205414837920179	0.2298904696299398	0.25893917064830585	
log-power-nullind	log	power	nullind	independent	n2	ips	78.49530222265639	0.20987289847814575	0.23584329007547666	0.2668624958064405	
log-power-nullind	log	power	nullind	independent	n2	ips	84.27883764212618	0.21430372995545607	0.24194905785731724	0.2751106969656254	
log-power-nullind	log	power	nullind	independent	n2	ips	90.48850406563211	0.21862423777782952	0.24817506339212353	0.2837349735218963	
log-power-nullind	log	power	nullind	independent	n2	ips	97.15569883397539	0.22292833334302797	0.25457646087802377	0.2927359980650823	
log-power-nullind	log	power	nullind	independent	n2	ips	104.31413264464811	0.22733632807565154	0.26117132516553676	0.30211846030293027	
log-power-nullind	log	power	nullind	independent	n2	ips	111.99999999999996	0.23195685918577316	0.2678756153866566	0.31190361021430907	
log-power-nullind	log	power	nullind	independent	n2	vertex	6.999999999999999	0.07646969339145226	0.09958178261964715	0.12376913442963582	
log-power-nullind	log	power	nullind	independent	n2	vertex	7.515760138376834	0.07909123008948665	0.1021678308942911	0.1261095347118063	
log-power-nullind	log	power	nullind	independent	n2	vertex	8.069521493944878	0.08184881754268045	0.10477031747568824	0.12843236352740098	
log-power-nullind	log	power	nullind	independent	n2	vertex	8.664083997137997	0.08465394837342594	0.10747347102257329	0.13081079142900037	
log-power-nullind	log	power	nullind	independent	n2	vertex	9.302453877319767	0.08751856357426652	0.1102146415811675	0.13334402167723883	
log-power-nullind	log	power	nullind	independent	n2	vertex	9.987858862892702	0.09050887182663273	0.11304655686920431	0.1358815718006138	
log-power-nullind	log	power	nullind	independent	n2	vertex	10.723764501351818	0.09354753286277848	0.1159333646398823	0.1385717465615499	
log-power-nullind	log	power	nullind	independent	n2	vertex	11.513891681800072	0.0966677362409863	0.11890853407406371	0.14123724820649547	
log-power-nullind	log	power	nullind	independent	n2	vertex	12.36223544852308	0.10000047265651422	0.12194456828859655	0.14400974958370022	
log-power-nullind	log	power	nullind	independent	n2	vertex	13.273085200748401	0.10336021132727143	0.12505156368907674	0.1467939923484024	
log-power-nullind	log	power	nullind	independent	n2	vertex	14.25104638072347	0.10683477734629303	0.12824900458707214	0.14974072467489222	
log-power-nullind	log	power	nullind	independent	n2	vertex	15.301063759771553	0.11040517762823907	0.13151910776681364	0.1527225431029736	
log-power-nullind	log	power	nullind	independent	n2	vertex	16.428446440064768	0.11406204687055027	0.13490529682333602	0.1557945440932733	
log-power-nullind	log	power	nullind	independent	n2	vertex	17.638894698528226	0.11786623211152523	0.13835942569557486	0.15899111750458725	
log-power-nullind	log	power	nullind	independent	n2	vertex	18.93852880860355	0.12175801559837299	0.14192486089691392	0.16228918861885885	
log-power-nullind	log	power	nullind	independent	n2	vertex	20.33391998560055	0.12579449015242483	0.14554954255794972	0.16560387718239192	
log-power-nullind	log	power	nullind	independent	n2	vertex	21.832123612102944	0.12994361550556086	0.14929062644174265	0.16908731200070246	
log-power-nullind	log	power	nullind	independent	n2	vertex	23.440714911422706	0.13403400074610958	0.15309159507332373	0.17267981081869005	
log-power-nullind	log	power	nullind	independent	n2	vertex	25.16782724947517	0.13829286025372559	0.15697406309128692	0.17646689111364044	
log-power-nullind	log	power	nullind	independent	n2	vertex	27.0221932587371	0.14269052049877567	0.1610014339442692	0.1803817694730399	
log-power-nullind	log	power	nullind	independent	n2	vertex	29.01318899221878	0.1471868853964634	0.1651530960837025	0.18453486608697267	
log-power-nullind	log	power	nullind	independent	n2	vertex	31.150881330701633	0.15160444788835958	0.16937613959932551	0.1886740318739378	
log-power-nullind	log	power	nullind	independent	n2	vertex	33.44607888294205	0.15611127533416053	0.1737372344391112	0.19319815097762166	
log-power-nullind	log	power	nullind	independent	n2	vertex	35.910386636203285	0.16058752698533607	0.17821914367224087	0.19780342687656333	
log-power-nullind	log	power	nullind	independent	n2	vertex	38.55626463343953	0.1651505328942698	0.18278067989589	0.2028163372019394	
log-power-nullind	log	power	nullind	independent	n2	vertex	41.397090973816184	0.16969401979460846	0.1874869659777971	0.20797824663851086	
log-power-nullind	log	power	nullind	independent	n2	vertex	44.44722945510957	0.17420604963618586	0.1922866294376096	0.2132491750932955	
log-power-nullind	log	power	nullind	independent	n2	vertex	47.722102200000165	0.17867756782576477	0.19722433416717786	0.2189852827615584	
log-power-nullind	log	power	nullind	independent	n2	vertex	51.23826763347237	0.18316594503697378	0.20235787613776723	0.22485642942806072	
log-power-nullind	log	power	nullind	independent	n2	vertex	55.01350420559078	0.18762900874980223	0.2076204462258993	0.23093076517707117	
log-power-nullind	log	power	nullind	independent	n2	vertex	59.0669002829722	0.19209960935365683	0.21299254103237542	0.23745714035716253	
log-power-nullind	log	power	nullind	independent	n2	vertex	63.4189506634631	0.19660516913860673	0.2185006386030238	0.24430238106875762	
log-power-nullind	log	power	nullind	independent	n2	vertex	68.0916602020204	0.20098472046711569	0.22414555462479452	0.2514990031135095	
log-power-nullind	log	power	nullind	independent	n2	vertex	73.10865507174931	0.205414837920179	0.2298904696299398	0.25893917064830585	
log-power-nullind	log	power	nullind	independent	n2	vertex	78.49530222265639	0.20987289847814575	0.23584329007547666	0.2668624958064405	
log-power-nullind	log	power	nullind	independent	n2	vertex	84.27883764212618	0.21430372995545607	0.24194905785731724	0.2751106969656254	
log-power-nullind	log	power	nullind	independent	n2	vertex	90.48850406563211	0.21862423777782952	0.24817506339212353	0.2837349735218963	
log-power-nullind	log	power	nullind	independent	n2	vertex	97.15569883397539	0.22292833334302797	0.25457646087802377	0.2927359980650823	
log-power-nullind	log	power	nullind	independent	n2	vertex	104.31413264464811	0.22733632807565154	0.26117132516553676	0.30211846030293027	
log-power-nullind	log	power	nullind	independent	n2	vertex	111.99999999999996	0.23195685918577316	0.2678756153866566	0.31190361021430907	
log-power-nullind	log	power	nullind	independent	n1	delta_pct	6.999999999999999	0.0	0.0	0.0	
log-power-nullind	log	power	nullind	independent	n1	delta_pct	7.515760138376834	0.0	0.0	0.0	
log-power-nullind	log	power	nullind	independent	n1	delta_pct	8.069521493944878	0.0	0.0	0.0	
log-power-nullind	log	power	nullind	independent	n1	delta_pct	8.664083997137997	0.0	0.0	0.0	
log-power-nullind	log	power	nullind	independent	n1	delta_pct	9.302453877319767	0.0	0.0	0.0	
log-power-nullind	log	power	nullind	independent	n1	delta_pct	9.987858862892702	0.0	0.0	0.0	
log-power-nullind	log	power	nullind	independent	n1	delta_pct	10.723764501351818	0.0	0.0	0.0	
log-power-nullind	log	power	nullind	independent	n1	delta_pct	11.513891681800072	0.0	0.0	0.0	
log-power-nullind	log	power	nullind	independent	n1	delta_pct	12.36223544852308	0.0	0.0	0.0	
log-power-nullind	log	power	nullind	independent	n1	delta_pct	13.273085200748401	0.0	0.0	0.0	
log-power-nullind	log	power	nullind	independent	n1	delta_pct	14.25104638072347	0.0	0.0	0.0	
log-power-nullind	log	power	nullind	independent	n1	delta_pct	15.301063759771553	0.0	0.0	0.0	
log-power-nullind	log	power	nullind	independent	n1	delta_pct	16.428446440064768	0.0	0.0	0.0	
log-power-nullind	log	power	nullind	independent	n1	delta_pct	17.638894698528226	0.0	0.0	0.0	
log-power-nullind	log	power	nullind	independent	n1	delta_pct	18.93852880860355	0.0	0.0	0.0	
log-power-nullind	log	power	nullind	independent	n1	delta_pct	20.33391998560055	0.0	0.0	0.0	
log-power-nullind	log	power	nullind	independent	n1	delta_pct	21.832123612102944	0.0	0.0	0.0	
log-power-nullind	log	power	nullind	independent	n1	delta_pct	23.440714911422706	0.0	0.0	0.0	
log-power-nullind	log	power	nullind	independent	n1	delta_pct	25.16782724947517	0.0	0.0	0.0	
log-power-nullind	log	power	nullind	independent	n1	delta_pct	27.0221932587371	0.0	0.0	0.0	
log-power-nullind	log	power	nullind	independent	n1	delta_pct	29.01318899221878	0.0	0.0	0.0	
log-power-nullind	log	power	nullind	independent	n1	delta_pct	31.150881330701633	0.0	0.0	0.0	
log-power-nullind	log	power	nullind	independent	n1	delta_pct	33.44607888294205	0.0	0.0	0.0	
log-power-nullind	log	power	nullind	independent	n1	delta_pct	35.910386636203285	0.0	0.0	0.0	
log-power-nullind	log	power	nullind	independent	n1	delta_pct	38.55626463343953	0.0	0.0	0.0	
log-power-nullind	log	power	nullind	independent	n1	delta_pct	41.397090973816184	0.0	0.0	0.0	
log-power-nullind	log	power	nullind	independent	n1	delta_pct	44.44722945510957	0.0	0.0	0.0	
log-power-nullind	log	power	nullind	independent	n1	delta_pct	47.722102200000165	0.0	0.0	0.0	
log-power-nullind	log	power	nullind	independent	n1	delta_pct	51.23826763347237	0.0	0.0	0.0	
log-power-nullind	log	power	nullind	independent	n1	delta_pct	55.01350420559078	0.0	0.0	0.0	
log-power-nullind	log	power	nullind	independent	n1	delta_pct	59.0669002829722	0.0	0.0	0.0	
log-power-nullind	log	power	nullind	independent	n1	delta_pct	63.4189506634631	0.0	0.0	0.0	
log-power-nullind	log	power	nullind	independent	n1	delta_pct	68.0916602020204	0.0	0.0	0.0	
log-power-nullind	log	power	nullind	independent	n1	delta_pct	73.10865507174931	0.0	0.0	0.0	
log-power-nullind	log	power	nullind	independent	n1	delta_pct	78.49530222265639	0.0	0.0	0.0	
log-power-nullind	log	power	nullind	independent	n1	delta_pct	84.27883764212618	0.0	0.0	0.0	
log-power-nullind	log	power	nullind	independent	n1	delta_pct	90.48850406563211	0.0	0.0	0.0	
log-power-nullind	log	power	nullind	independent	n1	delta_pct	97.15569883397539	0.0	0.0	0.0	
log-power-nullind	log	power	nullind	independent	n1	delta_pct	104.31413264464811	0.0	0.0	0.0	
log-power-nullind	log	power	nullind	independent	n1	delta_pct	111.99999999999996	0.0	0.0	0.0	
log-power-nullind	log	power	nullind	independent	n1	delta	6.999999999999999	0.0	0.0	0.0	0.0
log-power-nullind	log	power	nullind	independent	n1	delta	7.515760138376834	0.0	0.0	0.0	0.0
log-power-nullind	log	power	nullind	independent	n1	delta	8.069521493944878	0.0	0.0	0.0	0.0
log-power-nullind	log	power	nullind	independent	n1	delta	8.664083997137997	0.0	0.0	0.0	0.0
log-power-nullind	log	power	nullind	independent	n1	delta	9.302453877319767	0.0	0.0	0.0	0.0
log-power-nullind	log	power	nullind	independent	n1	delta	9.987858862892702	0.0	0.0	0.0	0.0
log-power-nullind	log	power	nullind	independent	n1	delta	10.723764501351818	0.0	0.0	0.0	0.0
log-power-nullind	log	power	nullind	independent	n1	delta	11.513891681800072	0.0	0.0	0.0	0.0
log-power-nullind	log	power	nullind	independent	n1	delta	12.36223544852308	0.0	0.0	0.0	0.0
log-power-nullind	log	power	nullind	independent	n1	delta	13.273085200748401	0.0	0.0	0.0	0.0
log-power-nullind	log	power	nullind	independent	n1	delta	14.25104638072347	0.0	0.0	0.0	0.0
log-power-nullind	log	power	nullind	independent	n1	delta	15.301063759771553	0.0	0.0	0.0	0.0
log-power-nullind	log	power	nullind	independent	n1	delta	16.428446440064768	0.0	0.0	0.0	0.0
log-power-nullind	log	power	nullind	independent	n1	delta	17.638894698528226	0.0	0.0	0.0	0.0
log-power-nullind	log	power	nullind	independent	n1	delta	18.93852880860355	0.0	0.0	0.0	0.0
log-power-nullind	log	power	nullind	independent	n1	delta	20.33391998560055	0.0	0.0	0.0	0.0
log-power-nullind	log	power	nullind	independent	n1	delta	21.832123612102944	0.0	0.0	0.0	0.0
log-power-nullind	log	power	nullind	independent	n1	delta	23.440714911422706	0.0	0.0	0.0	0.0
log-power-nullind	log	power	nullind	independent	n1	delta	25.16782724947517	0.0	0.0	0.0	0.0
log-power-nullind	log	power	nullind	independent	n1	delta	27.0221932587371	0.0	0.0	0.0	0.0
log-power-nullind	log	power	nullind	independent	n1	delta	29.01318899221878	0.0	0.0	0.0	0.0
log-power-nullind	log	power	nullind	independent	n1	delta	31.150881330701633	0.0	0.0	0.0	0.0
log-power-nullind	log	power	nullind	independent	n1	delta	33.44607888294205	0.0	0.0	0.0	0.0
log-power-nullind	log	power	nullind	independent	n1	delta	35.910386636203285	0.0	0.0	0.0	0.0
log-power-nullind	log	power	nullind	independent	n1	delta	38.55626463343953	0.0	0.0	0.0	0.0
log-power-nullind	log	power	nullind	independent	n1	delta	41.397090973816184	0.0	0.0	0.0	0.0
log-power-nullind	log	power	nullind	independent	n1	delta	44.44722945510957	0.0	0.0	0.0	0.0
log-power-nullind	log	power	nullind	independent	n1	delta	47.722102200000165	0.0	0.0	0.0	0.0
log-power-nullind	log	power	nullind	independent	n1	delta	51.23826763347237	0.0	0.0	0.0	0.0
log-power-nullind	log	power	nullind	independent	n1	delta	55.01350420559078	0.0	0.0	0.0	0.0
log-power-nullind	log	power	nullind	independent	n1	delta	59.0669002829722	0.0	0.0	0.0	0.0
log-power-nullind	log	power	nullind	independent	n1	delta	63.4189506634631	0.0	0.0	0.0	0.0
log-power-nullind	log	power	nullind	independent	n1	delta	68.0916602020204	0.0	0.0	0.0	0.0
log-power-nullind	log	power	nullind	independent	n1	delta	73.10865507174931	0.0	0.0	0.0	0.0
log-power-nullind	log	power	nullind	independent	n1	delta	78.49530222265639	0.0	0.0	0.0	0.0
log-power-nullind	log	power	nullind	independent	n1	delta	84.27883764212618	0.0	0.0	0.0	0.0
log-power-nullind	log	power	nullind	independent	n1	delta	90.48850406563211	0.0	0.0	0.0	0.0
log-power-nullind	log	power	nullind	independent	n1	delta	97.15569883397539	0.0	0.0	0.0	0.0
log-power-nullind	log	power	nullind	independent	n1	delta	104.31413264464811	0.0	0.0	0.0	0.0
log-power-nullind	log	power	nullind	independent	n1	delta	111.99999999999996	0.0	0.0	0.0	0.0
log-power-nullind	log	power	nullind	independent	n2	delta_pct	6.999999999999999	0.0	0.0	0.0	
log-power-nullind	log	power	nullind	independent	n2	delta_pct	7.515760138376834	0.0	0.0	0.0	
log-power-nullind	log	power	nullind	independent	n2	delta_pct	8.069521493944878	0.0	0.0	0.0	
log-power-nullind	log	power	nullind	independent	n2	delta_pct	8.664083997137997	0.0	0.0	0.0	
log-power-nullind	log	power	nullind	independent	n2	delta_pct	9.302453877319767	0.0	0.0	0.0	
log-power-nullind	log	power	nullind	independent	n2	delta_pct	9.987858862892702	0.0	0.0	0.0	
log-power-nullind	log	power	nullind	independent	n2	delta_pct	10.723764501351818	0.0	0.0	0.0	
log-power-nullind	log	power	nullind	independent	n2	delta_pct	11.513891681800072	0.0	0.0	0.0	
log-power-nullind	log	power	nullind	independent	n2	delta_pct	12.36223544852308	0.0	0.0	0.0	
log-power-nullind	log	power	nullind	independent	n2	delta_pct	13.273085200748401	0.0	0.0	0.0	
log-power-nullind	log	power	nullind	independent	n2	delta_pct	14.25104638072347	0.0	0.0	0.0	
log-power-nullind	log	power	nullind	independent	n2	delta_pct	15.301063759771553	0.0	0.0	0.0	
log-power-nullind	log	power	nullind	independent	n2	delta_pct	16.428446440064768	0.0	0.0	0.0	
log-power-nullind	log	power	nullind	independent	n2	delta_pct	17.638894698528226	0.0	0.0	0.0	
log-power-nullind	log	power	nullind	independent	n2	delta_pct	18.93852880860355	0.0	0.0	0.0	
log-power-nullind	log	power	nullind	independent	n2	delta_pct	20.33391998560055	0.0	0.0	0.0	
log-power-nullind	log	power	nullind	independent	n2	delta_pct	21.832123612102944	0.0	0.0	0.0	
log-power-nullind	log	power	nullind	independent	n2	delta_pct	23.440714911422706	0.0	0.0	0.0	
log-power-nullind	log	power	nullind	independent	n2	delta_pct	25.16782724947517	0.0	0.0	0.0	
log-power-nullind	log	power	nullind	independent	n2	delta_pct	27.0221932587371	0.0	0.0	0.0	
log-power-nullind	log	power	nullind	independent	n2	delta_pct	29.01318899221878	0.0	0.0	0.0	
log-power-nullind	log	power	nullind	independent	n2	delta_pct	31.150881330701633	0.0	0.0	0.0	
log-power-nullind	log	power	nullind	independent	n2	delta_pct	33.44607888294205	0.0	0.0	0.0	
log-power-nullind	log	power	nullind	independent	n2	delta_pct	35.910386636203285	0.0	0.0	0.0	
log-power-nullind	log	power	nullind	independent	n2	delta_pct	38.55626463343953	0.0	0.0	0.0	
log-power-nullind	log	power	nullind	independent	n2	delta_pct	41.397090973816184	0.0	0.0	0.0	
log-power-nullind	log	power	nullind	independent	n2	delta_pct	44.44722945510957	0.0	0.0	0.0	
log-power-nullind	log	power	nullind	independent	n2	delta_pct	47.722102200000165	0.0	0.0	0.0	
log-power-nullind	log	power	nullind	independent	n2	delta_pct	51.23826763347237	0.0	0.0	0.0	
log-power-nullind	log	power	nullind	independent	n2	delta_pct	55.01350420559078	0.0	0.0	0.0	
log-power-nullind	log	power	nullind	independent	n2	delta_pct	59.0669002829722	0.0	0.0	0.0	
log-power-nullind	log	power	nullind	independent	n2	delta_pct	63.4189506634631	0.0	0.0	0.0	
log-power-nullind	log	power	nullind	independent	n2	delta_pct	68.0916602020204	0.0	0.0	0.0	
log-power-nullind	log	power	nullind	independent	n2	delta_pct	73.10865507174931	0.0	0.0	0.0	
log-power-nullind	log	power	nullind	independent	n2	delta_pct	78.49530222265639	0.0	0.0	0.0	
log-power-nullind	log	power	nullind	independent	n2	delta_pct	84.27883764212618	0.0	0.0	0.0	
log-power-nullind	log	power	nullind	independent	n2	delta_pct	90.48850406563211	0.0	0.0	0.0	
log-power-nullind	log	power	nullind	independent	n2	delta_pct	97.15569883397539	0.0	0.0	0.0	
log-power-nullind	log	power	nullind	independent	n2	delta_pct	104.31413264464811	0.0	0.0	0.0	
log-power-nullind	log	power	nullind	independent	n2	delta_pct	111.99999999999996	0.0	0.0	0.0	
log-power-nullind	log	power	nullind	independent	n2	delta	6.999999999999999	0.0	0.0	0.0	0.0
log-power-nullind	log	power	nullind	independent	n2	delta	7.515760138376834	0.0	0.0	0.0	0.0
log-power-nullind	log	power	nullind	independent	n2	delta	8.069521493944878	0.0	0.0	0.0	0.0
log-power-nullind	log	power	nullind	independent	n2	delta	8.664083997137997	0.0	0.0	0.0	0.0
log-power-nullind	log	power	nullind	independent	n2	delta	9.302453877319767	0.0	0.0	0.0	0.0
log-power-nullind	log	power	nullind	independent	n2	delta	9.987858862892702	0.0	0.0	0.0	0.0
log-power-nullind	log	power	nullind	independent	n2	delta	10.723764501351818	0.0	0.0	0.0	0.0
log-power-nullind	log	power	nullind	independent	n2	delta	11.513891681800072	0.0	0.0	0.0	0.0
log-power-nullind	log	power	nullind	independent	n2	delta	12.36223544852308	0.0	0.0	0.0	0.0
log-power-nullind	log	power	nullind	independent	n2	delta	13.273085200748401	0.0	0.0	0.0	0.0
log-power-nullind	log	power	nullind	independent	n2	delta	14.25104638072347	0.0	0.0	0.0	0.0
log-power-nullind	log	power	nullind	independent	n2	delta	15.301063759771553	0.0	0.0	0.0	0.0
log-power-nullind	log	power	nullind	independent	n2	delta	16.428446440064768	0.0	0.0	0.0	0.0
log-power-nullind	log	power	nullind	independent	n2	delta	17.638894698528226	0.0	0.0	0.0	0.0
log-power-nullind	log	power	nullind	independent	n2	delta	18.93852880860355	0.0	0.0	0.0	0.0
log-power-nullind	log	power	nullind	independent	n2	delta	20.33391998560055	0.0	0.0	0.0	0.0
log-power-nullind	log	power	nullind	independent	n2	delta	21.832123612102944	0.0	0.0	0.0	0.0
log-power-nullind	log	power	nullind	independent	n2	delta	23.440714911422706	0.0	0.0	0.0	0.0
log-power-nullind	log	power	nullind	independent	n2	delta	25.16782724947517	0.0	0.0	0.0	0.0
log-power-nullind	log	power	nullind	independent	n2	delta	27.0221932587371	0.0	0.0	0.0	0.0
log-power-nullind	log	power	nullind	independent	n2	delta	29.01318899221878	0.0	0.0	0.0	0.0
log-power-nullind	log	power	nullind	independent	n2	delta	31.150881330701633	0.0	0.0	0.0	0.0
log-power-nullind	log	power	nullind	independent	n2	delta	33.44607888294205	0.0	0.0	0.0	0.0
log-power-nullind	log	power	nullind	independent	n2	delta	35.910386636203285	0.0	0.0	0.0	0.0
log-power-nullind	log	power	nullind	independent	n2	delta	38.55626463343953	0.0	0.0	0.0	0.0
log-power-nullind	log	power	nullind	independent	n2	delta	41.397090973816184	0.0	0.0	0.0	0.0
log-power-nullind	log	power	nullind	independent	n2	delta	44.44722945510957	0.0	0.0	0.0	0.0
log-power-nullind	log	power	nullind	independent	n2	delta	47.722102200000165	0.0	0.0	0.0	0.0
log-power-nullind	log	power	nullind	independent	n2	delta	51.23826763347237	0.0	0.0	0.0	0.0
log-power-nullind	log	power	nullind	independent	n2	delta	55.01350420559078	0.0	0.0	0.0	0.0
log-power-nullind	log	power	nullind	independent	n2	delta	59.0669002829722	0.0	0.0	0.0	0.0
log-power-nullind	log	power	nullind	independent	n2	delta	63.4189506634631	0.0	0.0	0.0	0.0
log-power-nullind	log	power	nullind	independent	n2	delta	68.0916602020204	0.0	0.0	0.0	0.0
log-power-nullind	log	power	nullind	independent	n2	delta	73.10865507174931	0.0	0.0	0.0	0.0
log-power-nullind	log	power	nullind	independent	n2	delta	78.49530222265639	0.0	0.0	0.0	0.0
log-power-nullind	log	power	nullind	independent	n2	delta	84.27883764212618	0.0	0.0	0.0	0.0
log-power-nullind	log	power	nullind	independent	n2	delta	90.48850406563211	0.0	0.0	0.0	0.0
log-power-nullind	log	power	nullind	independent	n2	delta	97.15569883397539	0.0	0.0	0.0	0.0
log-power-nullind	log	power	nullind	independent	n2	delta	104.31413264464811	0.0	0.0	0.0	0.0
log-power-nullind	log	power	nullind	independent	n2	delta	111.99999999999996	0.0	0.0	0.0	0.0
log-spl3-nullind	log	spl3	nullind	independent	n1	ips	6.999999999999999	0.17518377876264282	0.20097131087505493	0.23194430968182095	
log-spl3-nullind	log	spl3	nullind	independent	n1	ips	7.515760138376834	0.17735187160434152	0.20179839917600653	0.231009830574388	
log-spl3-nullind	log	spl3	nullind	independent	n1	ips	8.069521493944878	0.17934626482662147	0.20261248741788226	0.2302794509925954	
log-spl3-nullind	log	spl3	nullind	independent	n1	ips	8.664083997137997	0.18121556805925076	0.20344053218315117	0.22965165435108978	
log-spl3-nullind	log	spl3	nullind	independent	n1	ips	9.302453877319767	0.18298701518431576	0.2043098878736369	0.22909242372047167	
log-spl3-nullind	log	spl3	nullind	independent	n1	ips	9.987858862892702	0.1845849103639859	0.2051829451110764	0.22864034036085934	
log-spl3-nullind	log	spl3	nullind	independent	n1	ips	10.723764501351818	0.1859740544505476	0.2060710892723197	0.2285096927505686	
log-spl3-nullind	log	spl3	nullind	independent	n1	ips	11.513891681800072	0.1872761500681609	0.20688654239380888	0.2284778574886891	
log-spl3-nullind	log	spl3	nullind	independent	n1	ips	12.36223544852308	0.1883082161186916	0.2077028866844264	0.22881287329625488	
log-spl3-nullind	log	spl3	nullind	independent	n1	ips	13.273085200748401	0.189268508927217	0.20854033960501972	0.22930873765041263	
log-spl3-nullind	log	spl3	nullind	independent	n1	ips	14.25104638072347	0.1900290532611447	0.20931545627931739	0.23011387746506623	
log-spl3-nullind	log	spl3	nullind	independent	n1	ips	15.301063759771553	0.19052914457427972	0.21013399463278012	0.23096795212656873	
log-spl3-nullind	log	spl3	nullind	independent	n1	ips	16.428446440064768	0.19072058027874222	0.2109156646001967	0.2322531554553704	
log-spl3-nullind	log	spl3	nullind	independent	n1	ips	17.638894698528226	0.19081604230669805	0.21169033514051783	0.2336720393026314	
log-spl3-nullind	log	spl3	nullind	independent	n1	ips	18.93852880860355	0.19078803449573756	0.21247272107153964	0.23544514892445184	
log-spl3-nullind	log	spl3	nullind	independent	n1	ips	20.33391998560055	0.19125522230056358	0.21348090977912576	0.23712979529269332	
log-spl3-nullind	log	spl3	nullind	independent	n1	ips	21.832123612102944	0.1935927246296311	0.21523028154382187	0.23814962788820765	
log-spl3-nullind	log	spl3	nullind	independent	n1	ips	23.440714911422706	0.19582602940115776	0.21698210875085822	0.23954318045319684	
log-spl3-nullind	log	spl3	nullind	independent	n1	ips	25.16782724947517	0.19792080920456168	0.21871406841582053	0.24097955824390116	
log-spl3-nullind	log	spl3	nullind	independent	n1	ips	27.0221932587371	0.19979070827474651	0.22043863251002344	0.24245053327440452	
log-spl3-nullind	log	spl3	nullind	independent	n1	ips	29.01318899221878	0.2015801316675314	0.2221499183567514	0.24426984617996603	
log-spl3-nullind	log	spl3	nullind	independent	n1	ips	31.150881330701633	0.20325040391341934	0.2238641435830981	0.2462353556888503	
log-spl3-nullind	log	spl3	nullind	independent	n1	ips	33.44607888294205	0.2048004929845585	0.22558948696485762	0.24814919109952355	
log-spl3-nullind	log	spl3	nullind	independent	n1	ips	35.910386636203285	0.20614840238973597	0.22730027647803308	0.25046305064626934	
log-spl3-nullind	log	spl3	nullind	independent	n1	ips	38.55626463343953	0.2076014584696088	0.2289213161772173	0.253072509098489	
log-spl3-nullind	log	spl3	nullind	independent	n1	ips	41.397090973816184	0.20873651800365842	0.2305718970095943	0.2558179483972803	
log-spl3-nullind	log	spl3	nullind	independent	n1	ips	44.44722945510957	0.20975922544570327	0.23227188681870609	0.25849752536546566	
log-spl3-nullind	log	spl3	nullind	independent	n1	ips	47.722102200000165	0.21069819641293572	0.2339339761061634	0.2614273071958567	
log-spl3-nullind	log	spl3	nullind	independent	n1	ips	51.23826763347237	0.21172220690946703	0.23566497713828677	0.26448349194311305	
log-spl3-nullind	log	spl3	nullind	independent	n1	ips	55.01350420559078	0.21260264596227332	0.23738798951395573	0.2675289760281955	
log-spl3-nullind	log	spl3	nullind	independent	n1	ips	59.0669002829722	0.2134177936508421	0.23907843532667167	0.27057278829834613	
log-spl3-nullind	log	spl3	nullind	independent	n1	ips	63.4189506634631	0.2141852959093564	0.24077978992255072	0.2737537398153238	
log-spl3-nullind	log	spl3	nullind	independent	n1	ips	68.0916602020204	0.2148691508029159	0.2424721458110732	0.27698505049984035	
log-spl3-nullind	log	spl3	nullind	independent	n1	ips	73.10865507174931	0.21538398113140103	0.24415828494867037	0.2803308906961783	
log-spl3-nullind	log	spl3	nullind	independent	n1	ips	78.49530222265639	0.21580970384722684	0.24587357226413953	0.28370876028763403	
log-spl3-nullind	log	spl3	nullind	independent	n1	ips	84.27883764212618	0.21626323820299612	0.24757569458994394	0.28716237891520147	
log-spl3-nullind	log	spl3	nullind	independent	n1	ips	90.48850406563211	0.21671917174298277	0.24924334203332904	0.29056496177705027	
log-spl3-nullind	log	spl3	nullind	independent	n1	ips	97.15569883397539	0.21712662295849058	0.25096282141771165	0.2941025194758523	
log-spl3-nullind	log	spl3	nullind	independent	n1	ips	104.31413264464811	0.21764487509182456	0.2526511375595093	0.2975185104492789	
log-spl3-nullind	log	spl3	nullind	independent	n1	ips	111.99999999999996	0.21799698653479518	0.25433573914917795	0.3010391628455814	
log-spl3-nullind	log	spl3	nullind	independent	n1	vertex	6.999999999999999	0.17518377876264282	0.20097131087505493	0.23194430968182095	
log-spl3-nullind	log	spl3	nullind	independent	n1	vertex	7.515760138376834	0.17735187160434152	0.20179839917600653	0.231009830574388	
log-spl3-nullind	log	spl3	nullind	independent	n1	vertex	8.069521493944878	0.17934626482662147	0.20261248741788226	0.2302794509925954	
log-spl3-nullind	log	spl3	nullind	independent	n1	vertex	8.664083997137997	0.18121556805925076	0.20344053218315117	0.22965165435108978	
log-spl3-nullind	log	spl3	nullind	independent	n1	vertex	9.302453877319767	0.18298701518431576	0.2043098878736369	0.22909242372047167	
log-spl3-nullind	log	spl3	nullind	independent	n1	vertex	9.987858862892702	0.1845849103639859	0.2051829451110764	0.22864034036085934	
log-spl3-nullind	log	spl3	nullind	independent	n1	vertex	10.723764501351818	0.1859740544505476	0.2060710892723197	0.2285096927505686	
log-spl3-nullind	log	spl3	nullind	independent	n1	vertex	11.513891681800072	0.1872761500681609	0.20688654239380888	0.2284778574886891	
log-spl3-nullind	log	spl3	nullind	independent	n1	vertex	12.36223544852308	0.1883082161186916	0.2077028866844264	0.22881287329625488	
log-spl3-nullind	log	spl3	nullind	independent	n1	vertex	13.273085200748401	0.189268508927217	0.20854033960501972	0.22930873765041263	
log-spl3-nullind	log	spl3	nullind	independent	n1	vertex	14.25104638072347	0.1900290532611447	0.20931545627931739	0.23011387746506623	
log-spl3-nullind	log	spl3	nullind	independent	n1	vertex	15.301063759771553	0.19052914457427972	0.21013399463278012	0.23096795212656873	
log-spl3-nullind	log	spl3	nullind	independent	n1	vertex	16.428446440064768	0.19072058027874222	0.2109156646001967	0.2322531554553704	
log-spl3-nullind	log	spl3	nullind	independent	n1	vertex	17.638894698528226	0.19081604230669805	0.21169033514051783	0.2336720393026314	
log-spl3-nullind	log	spl3	nullind	independent	n1	vertex	18.93852880860355	0.19078803449573756	0.21247272107153964	0.23544514892445184	
log-spl3-nullind	log	spl3	nullind	independent	n1	vertex	20.33391998560055	0.19125522230056358	0.21348090977912576	0.23712979529269332	
log-spl3-nullind	log	spl3	nullind	independent	n1	vertex	21.832123612102944	0.1935927246296311	0.21523028154382187	0.23814962788820765	
log-spl3-nullind	log	spl3	nullind	independent	n1	vertex	23.440714911422706	0.19582602940115776	0.21698210875085822	0.23954318045319684	
log-spl3-nullind	log	spl3	nullind	independent	n1	vertex	25.16782724947517	0.19792080920456168	0.21871406841582053	0.24097955824390116	
log-spl3-nullind	log	spl3	nullind	independent	n1	vertex	27.0221932587371	0.19979070827474651	0.22043863251002344	0.24245053327440452	
log-spl3-nullind	log	spl3	nullind	independent	n1	vertex	29.01318899221878	0.2015801316675314	0.2221499183567514	0.24426984617996603	
log-spl3-nullind	log	spl3	nullind	independent	n1	vertex	31.150881330701633	0.20325040391341934	0.2238641435830981	0.2462353556888503	
log-spl3-nullind	log	spl3	nullind	independent	n1	vertex	33.44607888294205	0.2048004929845585	0.22558948696485762	0.24814919109952355	
log-spl3-nullind	log	spl3	nullind	independent	n1	vertex	35.910386636203285	0.20614840238973597	0.22730027647803308	0.25046305064626934	
log-spl3-nullind	log	spl3	nullind	independent	n1	vertex	38.55626463343953	0.2076014584696088	0.2289213161772173	0.253072509098489	
log-spl3-nullind	log	spl3	nullind	independent	n1	vertex	41.397090973816184	0.20873651800365842	0.2305718970095943	0.2558179483972803	
log-spl3-nullind	log	spl3	nullind	independent	n1	vertex	44.44722945510957	0.20975922544570327	0.23227188681870609	0.25849752536546566	
log-spl3-nullind	log	spl3	nullind	independent	n1	vertex	47.722102200000165	0.21069819641293572	0.2339339761061634	0.2614273071958567	
log-spl3-nullind	log	spl3	nullind	independent	n1	vertex	51.23826763347237	0.21172220690946703	0.23566497713828677	0.26448349194311305	
log-spl3-nullind	log	spl3	nullind	independent	n1	vertex	55.01350420559078	0.21260264596227332	0.23738798951395573	0.2675289760281955	
log-spl3-nullind	log	spl3	nullind	independent	n1	vertex	59.0669002829722	0.2134177936508421	0.23907843532667167	0.27057278829834613	
log-spl3-nullind	log	spl3	nullind	independent	n1	vertex	63.4189506634631	0.2141852959093564	0.24077978992255072	0.2737537398153238	
log-spl3-nullind	log	spl3	nullind	independent	n1	vertex	68.0916602020204	0.2148691508029159	0.2424721458110732	0.27698505049984035	
log-spl3-nullind	log	spl3	nullind	independent	n1	vertex	73.10865507174931	0.21538398113140103	0.24415828494867037	0.2803308906961783	
log-spl3-nullind	log	spl3	nullind	independent	n1	vertex	78.49530222265639	0.21580970384722684	0.24587357226413953	0.28370876028763403	
log-spl3-nullind	log	spl3	nullind	independent	n1	vertex	84.27883764212618	0.21626323820299612	0.24757569458994394	0.28716237891520147	
log-spl3-nullind	log	spl3	nullind	independent	n1	vertex	90.48850406563211	0.21671917174298277	0.24924334203332904	0.29056496177705027	
log-spl3-nullind	log	spl3	nullind	independent	n1	vertex	97.15569883397539	0.21712662295849058	0.25096282141771165	0.2941025194758523	
log-spl3-nullind	log	spl3	nullind	independent	n1	vertex	104.31413264464811	0.21764487509182456	0.2526511375595093	0.2975185104492789	
log-spl3-nullind	log	spl3	nullind	independent	n1	vertex	111.99999999999996	0.21799698653479518	0.25433573914917795	0.3010391628455814	
log-spl3-nullind	log	spl3	nullind	independent	n2	ips	6.999999999999999	0.0922637004448072	0.12215518228598471	0.15008652729773275	
log-spl3-nullind	log	spl3	nullind	independent	n2	ips	7.515760138376834	0.09427085960230876	0.12224766988061284	0.14845137553098012	
log-spl3-nullind	log	spl3	nullind	independent	n2	ips	8.069521493944878	0.09615144327040816	0.12230672842297649	0.14687360457572832	
log-spl3-nullind	log	spl3	nullind	independent	n2	ips	8.664083997137997	0.09783668303719695	0.12238514613072332	0.14550554463114798	
log-spl3-nullind	log	spl3	nullind	independent	n2	ips	9.302453877319767	0.09937255966954185	0.1224326001134061	0.1442591115791943	
log-spl3-nullind	log	spl3	nullind	independent	n2	ips	9.987858862892702	0.10047812161940375	0.12254785000167737	0.14339405488186488	
log-spl3-nullind	log	spl3	nullind	independent	n2	ips	10.723764501351818	0.10137793330364536	0.12255640336378174	0.142981429602148	
log-spl3-nullind	log	spl3	nullind	independent	n2	ips	11.513891681800072	0.10195160603026203	0.12260967314039226	0.14301794914125474	
log-spl3-nullind	log	spl3	nullind	independent	n2	ips	12.36223544852308	0.10214359551081588	0.12266770360400153	0.14335559757643046	
log-spl3-nullind	log	spl3	nullind	independent	n2	ips	13.273085200748401	0.10194516733653919	0.12269565053640824	0.14418718245493434	
log-spl3-nullind	log	spl3	nullind	independent	n2	ips	14.25104638072347	0.10141762413062234	0.12275349412634279	0.14522766248089328	
log-spl3-nullind	log	spl3	nullind	independent	n2	ips	15.301063759771553	0.10039222039464821	0.122830904052571	0.146729066500283	
log-spl3-nullind	log	spl3	nullind	independent	n2	ips	16.428446440064768	0.09927843983356911	0.12285066577276468	0.1483119722665341	
log-spl3-nullind	log	spl3	nullind	independent	n2	ips	17.638894698528226	0.09789118661275016	0.12290553370829525	0.15013949101124507	
log-spl3-nullind	log	spl3	nullind	independent	n2	ips	18.93852880860355	0.09648613739678524	0.12297358503602446	0.15196650307893422	
log-spl3-nullind	log	spl3	nullind	independent	n2	ips	20.33391998560055	0.09668959944526133	0.12428841195311546	0.1544809753886816	
log-spl3-nullind	log	spl3	nullind	independent	n2	ips	21.832123612102944	0.10353991959795367	0.12963521231991	0.15843658965971658	
log-spl3-nullind	log	spl3	nullind	independent	n2	ips	23.440714911422706	0.11033331610558324	0.13502708980587108	0.1625273450430063	
log-spl3-nullind	log	spl3	nullind	independent	n2	ips	25.16782724947517	0.11687670201968697	0.14044442871325402	0.1666074093668014	
log-spl3-nullind	log	spl3	nullind	independent	n2	ips	27.0221932587371	0.12337761234931995	0.14583687593477085	0.1708035763175374	
log-spl3-nullind	log	spl3	nullind	independent	n2	ips	29.01318899221878	0.12992585672394916	0.15120359372324188	0.1752739636181454	
log-spl3-nullind	log	spl3	nullind	independent	n2	ips	31.150881330701633	0.1362514646434283	0.1565842051194657	0.17973916857082006	
log-spl3-nullind	log	spl3	nullind	independent	n2	ips	33.44607888294205	0.14228285069014102	0.16195638393216036	0.18438372085562232	
log-spl3-nullind	log	spl3	nullind	independent	n2	ips	35.910386636203285	0.14812916152386865	0.16733741867918628	0.18925691787472468	
log-spl3-nullind	log	spl3	nullind	independent	n2	ips	38.55626463343953	0.15387260504902198	0.1726953914626306	0.19436219335666988	
log-spl3-nullind	log	spl3	nullind	independent	n2	ips	41.397090973816184	0.15938365015387093	0.17810773343388253	0.19965443519342171	
log-spl3-nullind	log	spl3	nullind	independent	n2	ips	44.44722945510957	0.16475062734160234	0.18350636438438933	0.20505081069597167	
log-spl3-nullind	log	spl3	nullind	independent	n2	ips	47.722102200000165	0.1700914583876873	0.18887659246365573	0.2107818879775817	
log-spl3-nullind	log	spl3	nullind	independent	n2	ips	51.23826763347237	0.17513944753139477	0.19423375716025273	0.2166242566440015	
log-spl3-nullind	log	spl3	nullind	independent	n2	ips	55.01350420559078	0.17997037384884476	0.19961936113824968	0.22267833693370673	
log-spl3-nullind	log	spl3	nullind	independent	n2	ips	59.0669002829722	0.18455621238749537	0.20500779485082643	0.22902926001129129	
log-spl3-nullind	log	spl3	nullind	independent	n2	ips	63.4189506634631	0.18905083557368726	0.21032651532940522	0.23545811893326155	
log-spl3-nullind	log	spl3	nullind	independent	n2	ips	68.0916602020204	0.19342978810371986	0.21565948521390269	0.2421310114713496	
log-spl3-nullind	log	spl3	nullind	independent	n2	ips	73.10865507174931	0.19774184187568686	0.22100669619227642	0.24873495374257443	
log-spl3-nullind	log	spl3	nullind	independent	n2	ips	78.49530222265639	0.20195007152453504	0.22635313318133943	0.25553643949181976	
log-spl3-nullind	log	spl3	nullind	independent	n2	ips	84.27883764212618	0.20612018879345306	0.23169375971059675	0.26244926016180575	
log-spl3-nullind	log	spl3	nullind	independent	n2	ips	90.48850406563211	0.210178302526962	0.23707066249010617	0.26935270257246574	
log-spl3-nullind	log	spl3	nullind	independent	n2	ips	97.15569883397539	0.21409448565052674	0.24239882238135207	0.27627369697696696	
log-spl3-nullind	log	spl3	nullind	independent	n2	ips	104.31413264464811	0.21801800120344625	0.24775026843664488	0.2834516486906342	
log-spl3-nullind	log	spl3	nullind	independent	n2	ips	111.99999999999996	0.2218749985717871	0.2531037475590822	0.2904801411074131	
log-spl3-nullind	log	spl3	nullind	independent	n2	vertex	6.999999999999999	0.0922637004448072	0.12215518228598471	0.15008652729773275	
log-spl3-nullind	log	spl3	nullind	independent	n2	vertex	7.515760138376834	0.09427085960230876	0.12224766988061284	0.14845137553098012	
log-spl3-nullind	log	spl3	nullind	independent	n2	vertex	8.069521493944878	0.09615144327040816	0.12230672842297649	0.14687360457572832	
log-spl3-nullind	log	spl3	nullind	independent	n2	vertex	8.664083997137997	0.09783668303719695	0.12238514613072332	0.14550554463114798	
log-spl3-nullind	log	spl3	nullind	independent	n2	vertex	9.302453877319767	0.09937255966954185	0.1224326001134061	0.1442591115791943	
log-spl3-nullind	log	spl3	nullind	independent	n2	vertex	9.987858862892702	0.10047812161940375	0.12254785000167737	0.14339405488186488	
log-spl3-nullind	log	spl3	nullind	independent	n2	vertex	10.723764501351818	0.10137793330364536	0.12255640336378174	0.142981429602148	
log-spl3-nullind	log	spl3	nullind	independent	n2	vertex	11.513891681800072	0.10195160603026203	0.12260967314039226	0.14301794914125474	
log-spl3-nullind	log	spl3	nullind	independent	n2	vertex	12.36223544852308	0.10214359551081588	0.12266770360400153	0.14335559757643046	
log-spl3-nullind	log	spl3	nullind	independent	n2	vertex	13.273085200748401	0.10194516733653919	0.12269565053640824	0.14418718245493434	
log-spl3-nullind	log	spl3	nullind	independent	n2	vertex	14.25104638072347	0.10141762413062234	0.12275349412634279	0.14522766248089328	
log-spl3-nullind	log	spl3	nullind	independent	n2	vertex	15.301063759771553	0.10039222039464821	0.122830904052571	0.146729066500283	
log-spl3-nullind	log	spl3	nullind	independent	n2	vertex	16.428446440064768	0.09927843983356911	0.12285066577276468	0.1483119722665341	
log-spl3-nullind	log	spl3	nullind	independent	n2	vertex	17.638894698528226	0.09789118661275016	0.12290553370829525	0.15013949101124507	
log-spl3-nullind	log	spl3	nullind	independent	n2	vertex	18.93852880860355	0.09648613739678524	0.12297358503602446	0.15196650307893422	
log-spl3-nullind	log	spl3	nullind	independent	n2	vertex	20.33391998560055	0.09668959944526133	0.12428841195311546	0.1544809753886816	
log-spl3-nullind	log	spl3	nullind	independent	n2	vertex	21.832123612102944	0.10353991959795367	0.12963521231991	0.15843658965971658	
log-spl3-nullind	log	spl3	nullind	independent	n2	vertex	23.440714911422706	0.11033331610558324	0.13502708980587108	0.1625273450430063	
log-spl3-nullind	log	spl3	nullind	independent	n2	vertex	25.16782724947517	0.11687670201968697	0.14044442871325402	0.1666074093668014	
log-spl3-nullind	log	spl3	nullind	independent	n2	vertex	27.0221932587371	0.12337761234931995	0.14583687593477085	0.1708035763175374	
log-spl3-nullind	log	spl3	nullind	independent	n2	vertex	29.01318899221878	0.12992585672394916	0.15120359372324188	0.1752739636181454	
log-spl3-nullind	log	spl3	nullind	independent	n2	vertex	31.150881330701633	0.1362514646434283	0.1565842051194657	0.17973916857082006	
log-spl3-nullind	log	spl3	nullind	independent	n2	vertex	33.44607888294205	0.14228285069014102	0.16195638393216036	0.18438372085562232	
log-spl3-nullind	log	spl3	nullind	independent	n2	vertex	35.910386636203285	0.14812916152386865	0.16733741867918628	0.18925691787472468	
log-spl3-nullind	log	spl3	nullind	independent	n2	vertex	38.55626463343953	0.15387260504902198	0.1726953914626306	0.19436219335666988	
log-spl3-nullind	log	spl3	nullind	independent	n2	vertex	41.397090973816184	0.15938365015387093	0.17810773343388253	0.19965443519342171	
log-spl3-nullind	log	spl3	nullind	independent	n2	vertex	44.44722945510957	0.16475062734160234	0.18350636438438933	0.20505081069597167	
log-spl3-nullind	log	spl3	nullind	independent	n2	vertex	47.722102200000165	0.1700914583876873	0.18887659246365573	0.2107818879775817	
log-spl3-nullind	log	spl3	nullind	independent	n2	vertex	51.23826763347237	0.17513944753139477	0.19423375716025273	0.2166242566440015	
log-spl3-nullind	log	spl3	nullind	independent	n2	vertex	55.01350420559078	0.17997037384884476	0.19961936113824968	0.22267833693370673	
log-spl3-nullind	log	spl3	nullind	independent	n2	vertex	59.0669002829722	0.18455621238749537	0.20500779485082643	0.22902926001129129	
log-spl3-nullind	log	spl3	nullind	independent	n2	vertex	63.4189506634631	0.18905083557368726	0.21032651532940522	0.23545811893326155	
log-spl3-nullind	log	spl3	nullind	independent	n2	vertex	68.0916602020204	0.19342978810371986	0.21565948521390269	0.2421310114713496	
log-spl3-nullind	log	spl3	nullind	independent	n2	vertex	73.10865507174931	0.19774184187568686	0.22100669619227642	0.24873495374257443	
log-spl3-nullind	log	spl3	nullind	independent	n2	vertex	78.49530222265639	0.20195007152453504	0.22635313318133943	0.25553643949181976	
log-spl3-nullind	log	spl3	nullind	independent	n2	vertex	84.27883764212618	0.20612018879345306	0.23169375971059675	0.26244926016180575	
log-spl3-nullind	log	spl3	nullind	independent	n2	vertex	90.48850406563211	0.210178302526962	0.23707066249010617	0.26935270257246574	
log-spl3-nullind	log	spl3	nullind	independent	n2	vertex	97.15569883397539	0.21409448565052674	0.24239882238135207	0.27627369697696696	
log-spl3-nullind	log	spl3	nullind	independent	n2	vertex	104.31413264464811	0.21801800120344625	0.24775026843664488	0.2834516486906342	
log-spl3-nullind	log	spl3	nullind	independent	n2	vertex	111.99999999999996	0.2218749985717871	0.2531037475590822	0.2904801411074131	
log-spl3-nullind	log	spl3	nullind	independent	n1	delta_pct	6.999999999999999	0.0	0.0	0.0	
log-spl3-nullind	log	spl3	nullind	independent	n1	delta_pct	7.515760138376834	0.0	0.0	0.0	
log-spl3-nullind	log	spl3	nullind	independent	n1	delta_pct	8.069521493944878	0.0	0.0	0.0	
log-spl3-nullind	log	spl3	nullind	independent	n1	delta_pct	8.664083997137997	0.0	0.0	0.0	
log-spl3-nullind	log	spl3	nullind	independent	n1	delta_pct	9.302453877319767	0.0	0.0	0.0	
log-spl3-nullind	log	spl3	nullind	independent	n1	delta_pct	9.987858862892702	0.0	0.0	0.0	
log-spl3-nullind	log	spl3	nullind	independent	n1	delta_pct	10.723764501351818	0.0	0.0	0.0	
log-spl3-nullind	log	spl3	nullind	independent	n1	delta_pct	11.513891681800072	0.0	0.0	0.0	
log-spl3-nullind	log	spl3	nullind	independent	n1	delta_pct	12.36223544852308	0.0	0.0	0.0	
log-spl3-nullind	log	spl3	nullind	independent	n1	delta_pct	13.273085200748401	0.0	0.0	0.0	
log-spl3-nullind	log	spl3	nullind	independent	n1	delta_pct	14.25104638072347	0.0	0.0	0.0	
log-spl3-nullind	log	spl3	nullind	independent	n1	delta_pct	15.301063759771553	0.0	0.0	0.0	
log-spl3-nullind	log	spl3	nullind	independent	n1	delta_pct	16.428446440064768	0.0	0.0	0.0	
log-spl3-nullind	log	spl3	nullind	independent	n1	delta_pct	17.638894698528226	0.0	0.0	0.0	
log-spl3-nullind	log	spl3	nullind	independent	n1	delta_pct	18.93852880860355	0.0	0.0	0.0	
log-spl3-nullind	log	spl3	nullind	independent	n1	delta_pct	20.33391998560055	0.0	0.0	0.0	
log-spl3-nullind	log	spl3	nullind	independent	n1	delta_pct	21.832123612102944	0.0	0.0	0.0	
log-spl3-nullind	log	spl3	nullind	independent	n1	delta_pct	23.440714911422706	0.0	0.0	0.0	
log-spl3-nullind	log	spl3	nullind	independent	n1	delta_pct	25.16782724947517	0.0	0.0	0.0	
log-spl3-nullind	log	spl3	nullind	independent	n1	delta_pct	27.0221932587371	0.0	0.0	0.0	
log-spl3-nullind	log	spl3	nullind	independent	n1	delta_pct	29.01318899221878	0.0	0.0	0.0	
log-spl3-nullind	log	spl3	nullind	independent	n1	delta_pct	31.150881330701633	0.0	0.0	0.0	
log-spl3-nullind	log	spl3	nullind	independent	n1	delta_pct	33.44607888294205	0.0	0.0	0.0	
log-spl3-nullind	log	spl3	nullind	independent	n1	delta_pct	35.910386636203285	0.0	0.0	0.0	
log-spl3-nullind	log	spl3	nullind	independent	n1	delta_pct	38.55626463343953	0.0	0.0	0.0	
log-spl3-nullind	log	spl3	nullind	independent	n1	delta_pct	41.397090973816184	0.0	0.0	0.0	
log-spl3-nullind	log	spl3	nullind	independent	n1	delta_pct	44.44722945510957	0.0	0.0	0.0	
log-spl3-nullind	log	spl3	nullind	independent	n1	delta_pct	47.722102200000165	0.0	0.0	0.0	
log-spl3-nullind	log	spl3	nullind	independent	n1	delta_pct	51.23826763347237	0.0	0.0	0.0	
log-spl3-nullind	log	spl3	nullind	independent	n1	delta_pct	55.01350420559078	0.0	0.0	0.0	
log-spl3-nullind	log	spl3	nullind	independent	n1	delta_pct	59.0669002829722	0.0	0.0	0.0	
log-spl3-nullind	log	spl3	nullind	independent	n1	delta_pct	63.4189506634631	0.0	0.0	0.0	
log-spl3-nullind	log	spl3	nullind	independent	n1	delta_pct	68.0916602020204	0.0	0.0	0.0	
log-spl3-nullind	log	spl3	nullind	independent	n1	delta_pct	73.10865507174931	0.0	0.0	0.0	
log-spl3-nullind	log	spl3	nullind	independent	n1	delta_pct	78.49530222265639	0.0	0.0	0.0	
log-spl3-nullind	log	spl3	nullind	independent	n1	delta_pct	84.27883764212618	0.0	0.0	0.0	
log-spl3-nullind	log	spl3	nullind	independent	n1	delta_pct	90.48850406563211	0.0	0.0	0.0	
log-spl3-nullind	log	spl3	nullind	independent	n1	delta_pct	97.15569883397539	0.0	0.0	0.0	
log-spl3-nullind	log	spl3	nullind	independent	n1	delta_pct	104.31413264464811	0.0	0.0	0.0	
log-spl3-nullind	log	spl3	nullind	independent	n1	delta_pct	111.99999999999996	0.0	0.0	0.0	
log-spl3-nullind	log	spl3	nullind	independent	n1	delta	6.999999999999999	0.0	0.0	0.0	0.0
log-spl3-nullind	log	spl3	nullind	independent	n1	delta	7.515760138376834	0.0	0.0	0.0	0.0
log-spl3-nullind	log	spl3	nullind	independent	n1	delta	8.069521493944878	0.0	0.0	0.0	0.0
log-spl3-nullind	log	spl3	nullind	independent	n1	delta	8.664083997137997	0.0	0.0	0.0	0.0
log-spl3-nullind	log	spl3	nullind	independent	n1	delta	9.302453877319767	0.0	0.0	0.0	0.0
log-spl3-nullind	log	spl3	nullind	independent	n1	delta	9.987858862892702	0.0	0.0	0.0	0.0
log-spl3-nullind	log	spl3	nullind	independent	n1	delta	10.723764501351818	0.0	0.0	0.0	0.0
log-spl3-nullind	log	spl3	nullind	independent	n1	delta	11.513891681800072	0.0	0.0	0.0	0.0
log-spl3-nullind	log	spl3	nullind	independent	n1	delta	12.36223544852308	0.0	0.0	0.0	0.0
log-spl3-nullind	log	spl3	nullind	independent	n1	delta	13.273085200748401	0.0	0.0	0.0	0.0
log-spl3-nullind	log	spl3	nullind	independent	n1	delta	14.25104638072347	0.0	0.0	0.0	0.0
log-spl3-nullind	log	spl3	nullind	independent	n1	delta	15.301063759771553	0.0	0.0	0.0	0.0
log-spl3-nullind	log	spl3	nullind	independent	n1	delta	16.428446440064768	0.0	0.0	0.0	0.0
log-spl3-nullind	log	spl3	nullind	independent	n1	delta	17.638894698528226	0.0	0.0	0.0	0.0
log-spl3-nullind	log	spl3	nullind	independent	n1	delta	18.93852880860355	0.0	0.0	0.0	0.0
log-spl3-nullind	log	spl3	nullind	independent	n1	delta	20.33391998560055	0.0	0.0	0.0	0.0
log-spl3-nullind	log	spl3	nullind	independent	n1	delta	21.832123612102944	0.0	0.0	0.0	0.0
log-spl3-nullind	log	spl3	nullind	independent	n1	delta	23.440714911422706	0.0	0.0	0.0	0.0
log-spl3-nullind	log	spl3	nullind	independent	n1	delta	25.16782724947517	0.0	0.0	0.0	0.0
log-spl3-nullind	log	spl3	nullind	independent	n1	delta	27.0221932587371	0.0	0.0	0.0	0.0
log-spl3-nullind	log	spl3	nullind	independent	n1	delta	29.01318899221878	0.0	0.0	0.0	0.0
log-spl3-nullind	log	spl3	nullind	independent	n1	delta	31.150881330701633	0.0	0.0	0.0	0.0
log-spl3-nullind	log	spl3	nullind	independent	n1	delta	33.44607888294205	0.0	0.0	0.0	0.0
log-spl3-nullind	log	spl3	nullind	independent	n1	delta	35.910386636203285	0.0	0.0	0.0	0.0
log-spl3-nullind	log	spl3	nullind	independent	n1	delta	38.55626463343953	0.0	0.0	0.0	0.0
log-spl3-nullind	log	spl3	nullind	independent	n1	delta	41.397090973816184	0.0	0.0	0.0	0.0
log-spl3-nullind	log	spl3	nullind	independent	n1	delta	44.44722945510957	0.0	0.0	0.0	0.0
log-spl3-nullind	log	spl3	nullind	independent	n1	delta	47.722102200000165	0.0	0.0	0.0	0.0
log-spl3-nullind	log	spl3	nullind	independent	n1	delta	51.23826763347237	0.0	0.0	0.0	0.0
log-spl3-nullind	log	spl3	nullind	independent	n1	delta	55.01350420559078	0.0	0.0	0.0	0.0
log-spl3-nullind	log	spl3	nullind	independent	n1	delta	59.0669002829722	0.0	0.0	0.0	0.0
log-spl3-nullind	log	spl3	nullind	independent	n1	delta	63.4189506634631	0.0	0.0	0.0	0.0
log-spl3-nullind	log	spl3	nullind	independent	n1	delta	68.0916602020204	0.0	0.0	0.0	0.0
log-spl3-nullind	log	spl3	nullind	independent	n1	delta	73.10865507174931	0.0	0.0	0.0	0.0
log-spl3-nullind	log	spl3	nullind	independent	n1	delta	78.49530222265639	0.0	0.0	0.0	0.0
log-spl3-nullind	log	spl3	nullind	independent	n1	delta	84.27883764212618	0.0	0.0	0.0	0.0
log-spl3-nullind	log	spl3	nullind	independent	n1	delta	90.48850406563211	0.0	0.0	0.0	0.0
log-spl3-nullind	log	spl3	nullind	independent	n1	delta	97.15569883397539	0.0	0.0	0.0	0.0
log-spl3-nullind	log	spl3	nullind	independent	n1	delta	104.31413264464811	0.0	0.0	0.0	0.0
log-spl3-nullind	log	spl3	nullind	independent	n1	delta	111.99999999999996	0.0	0.0	0.0	0.0
log-spl3-nullind	log	spl3	nullind	independent	n2	delta_pct	6.999999999999999	0.0	0.0	0.0	
log-spl3-nullind	log	spl3	nullind	independent	n2	delta_pct	7.515760138376834	0.0	0.0	0.0	
log-spl3-nullind	log	spl3	nullind	independent	n2	delta_pct	8.069521493944878	0.0	0.0	0.0	
log-spl3-nullind	log	spl3	nullind	independent	n2	delta_pct	8.664083997137997	0.0	0.0	0.0	
log-spl3-nullind	log	spl3	nullind	independent	n2	delta_pct	9.302453877319767	0.0	0.0	0.0	
log-spl3-nullind	log	spl3	nullind	independent	n2	delta_pct	9.987858862892702	0.0	0.0	0.0	
log-spl3-nullind	log	spl3	nullind	independent	n2	delta_pct	10.723764501351818	0.0	0.0	0.0	
log-spl3-nullind	log	spl3	nullind	independent	n2	delta_pct	11.513891681800072	0.0	0.0	0.0	
log-spl3-nullind	log	spl3	nullind	independent	n2	delta_pct	12.36223544852308	0.0	0.0	0.0	
log-spl3-nullind	log	spl3	nullind	independent	n2	delta_pct	13.273085200748401	0.0	0.0	0.0	
log-spl3-nullind	log	spl3	nullind	independent	n2	delta_pct	14.25104638072347	0.0	0.0	0.0	
log-spl3-nullind	log	spl3	nullind	independent	n2	delta_pct	15.301063759771553	0.0	0.0	0.0	
log-spl3-nullind	log	spl3	nullind	independent	n2	delta_pct	16.428446440064768	0.0	0.0	0.0	
log-spl3-nullind	log	spl3	nullind	independent	n2	delta_pct	17.638894698528226	0.0	0.0	0.0	
log-spl3-nullind	log	spl3	nullind	independent	n2	delta_pct	18.93852880860355	0.0	0.0	0.0	
log-spl3-nullind	log	spl3	nullind	independent	n2	delta_pct	20.33391998560055	0.0	0.0	0.0	
log-spl3-nullind	log	spl3	nullind	independent	n2	delta_pct	21.832123612102944	0.0	0.0	0.0	
log-spl3-nullind	log	spl3	nullind	independent	n2	delta_pct	23.440714911422706	0.0	0.0	0.0	
log-spl3-nullind	log	spl3	nullind	independent	n2	delta_pct	25.16782724947517	0.0	0.0	0.0	
log-spl3-nullind	log	spl3	nullind	independent	n2	delta_pct	27.0221932587371	0.0	0.0	0.0	
log-spl3-nullind	log	spl3	nullind	independent	n2	delta_pct	29.01318899221878	0.0	0.0	0.0	
log-spl3-nullind	log	spl3	nullind	independent	n2	delta_pct	31.150881330701633	0.0	0.0	0.0	
log-spl3-nullind	log	spl3	nullind	independent	n2	delta_pct	33.44607888294205	0.0	0.0	0.0	
log-spl3-nullind	log	spl3	nullind	independent	n2	delta_pct	35.910386636203285	0.0	0.0	0.0	
log-spl3-nullind	log	spl3	nullind	independent	n2	delta_pct	38.55626463343953	0.0	0.0	0.0	
log-spl3-nullind	log	spl3	nullind	independent	n2	delta_pct	41.397090973816184	0.0	0.0	0.0	
log-spl3-nullind	log	spl3	nullind	independent	n2	delta_pct	44.44722945510957	0.0	0.0	0.0	
log-spl3-nullind	log	spl3	nullind	independent	n2	delta_pct	47.722102200000165	0.0	0.0	0.0	
log-spl3-nullind	log	spl3	nullind	independent	n2	delta_pct	51.23826763347237	0.0	0.0	0.0	
log-spl3-nullind	log	spl3	nullind	independent	n2	delta_pct	55.01350420559078	0.0	0.0	0.0	
log-spl3-nullind	log	spl3	nullind	independent	n2	delta_pct	59.0669002829722	0.0	0.0	0.0	
log-spl3-nullind	log	spl3	nullind	independent	n2	delta_pct	63.4189506634631	0.0	0.0	0.0	
log-spl3-nullind	log	spl3	nullind	independent	n2	delta_pct	68.0916602020204	0.0	0.0	0.0	
log-spl3-nullind	log	spl3	nullind	independent	n2	delta_pct	73.10865507174931	0.0	0.0	0.0	
log-spl3-nullind	log	spl3	nullind	independent	n2	delta_pct	78.49530222265639	0.0	0.0	0.0	
log-spl3-nullind	log	spl3	nullind	independent	n2	delta_pct	84.27883764212618	0.0	0.0	0.0	
log-spl3-nullind	log	spl3	nullind	independent	n2	delta_pct	90.48850406563211	0.0	0.0	0.0	
log-spl3-nullind	log	spl3	nullind	independent	n2	delta_pct	97.15569883397539	0.0	0.0	0.0	
log-spl3-nullind	log	spl3	nullind	independent	n2	delta_pct	104.31413264464811	0.0	0.0	0.0	
log-spl3-nullind	log	spl3	nullind	independent	n2	delta_pct	111.99999999999996	0.0	0.0	0.0	
log-spl3-nullind	log	spl3	nullind	independent	n2	delta	6.999999999999999	0.0	0.0	0.0	0.0
log-spl3-nullind	log	spl3	nullind	independent	n2	delta	7.515760138376834	0.0	0.0	0.0	0.0
log-spl3-nullind	log	spl3	nullind	independent	n2	delta	8.069521493944878	0.0	0.0	0.0	0.0
log-spl3-nullind	log	spl3	nullind	independent	n2	delta	8.664083997137997	0.0	0.0	0.0	0.0
log-spl3-nullind	log	spl3	nullind	independent	n2	delta	9.302453877319767	0.0	0.0	0.0	0.0
log-spl3-nullind	log	spl3	nullind	independent	n2	delta	9.987858862892702	0.0	0.0	0.0	0.0
log-spl3-nullind	log	spl3	nullind	independent	n2	delta	10.723764501351818	0.0	0.0	0.0	0.0
log-spl3-nullind	log	spl3	nullind	independent	n2	delta	11.513891681800072	0.0	0.0	0.0	0.0
log-spl3-nullind	log	spl3	nullind	independent	n2	delta	12.36223544852308	0.0	0.0	0.0	0.0
log-spl3-nullind	log	spl3	nullind	independent	n2	delta	13.273085200748401	0.0	0.0	0.0	0.0
log-spl3-nullind	log	spl3	nullind	independent	n2	delta	14.25104638072347	0.0	0.0	0.0	0.0
log-spl3-nullind	log	spl3	nullind	independent	n2	delta	15.301063759771553	0.0	0.0	0.0	0.0
log-spl3-nullind	log	spl3	nullind	independent	n2	delta	16.428446440064768	0.0	0.0	0.0	0.0
log-spl3-nullind	log	spl3	nullind	independent	n2	delta	17.638894698528226	0.0	0.0	0.0	0.0
log-spl3-nullind	log	spl3	nullind	independent	n2	delta	18.93852880860355	0.0	0.0	0.0	0.0
log-spl3-nullind	log	spl3	nullind	independent	n2	delta	20.33391998560055	0.0	0.0	0.0	0.0
log-spl3-nullind	log	spl3	nullind	independent	n2	delta	21.832123612102944	0.0	0.0	0.0	0.0
log-spl3-nullind	log	spl3	nullind	independent	n2	delta	23.440714911422706	0.0	0.0	0.0	0.0
log-spl3-nullind	log	spl3	nullind	independent	n2	delta	25.16782724947517	0.0	0.0	0.0	0.0
log-spl3-nullind	log	spl3	nullind	independent	n2	delta	27.0221932587371	0.0	0.0	0.0	0.0
log-spl3-nullind	log	spl3	nullind	independent	n2	delta	29.01318899221878	0.0	0.0	0.0	0.0
log-spl3-nullind	log	spl3	nullind	independent	n2	delta	31.150881330701633	0.0	0.0	0.0	0.0
log-spl3-nullind	log	spl3	nullind	independent	n2	delta	33.44607888294205	0.0	0.0	0.0	0.0
log-spl3-nullind	log	spl3	nullind	independent	n2	delta	35.910386636203285	0.0	0.0	0.0	0.0
log-spl3-nullind	log	spl3	nullind	independent	n2	delta	38.55626463343953	0.0	0.0	0.0	0.0
log-spl3-nullind	log	spl3	nullind	independent	n2	delta	41.397090973816184	0.0	0.0	0.0	0.0
log-spl3-nullind	log	spl3	nullind	independent	n2	delta	44.44722945510957	0.0	0.0	0.0	0.0
log-spl3-nullind	log	spl3	nullind	independent	n2	delta	47.722102200000165	0.0	0.0	0.0	0.0
log-spl3-nullind	log	spl3	nullind	independent	n2	delta	51.23826763347237	0.0	0.0	0.0	0.0
log-spl3-nullind	log	spl3	nullind	independent	n2	delta	55.01350420559078	0.0	0.0	0.0	0.0
log-spl3-nullind	log	spl3	nullind	independent	n2	delta	59.0669002829722	0.0	0.0	0.0	0.0
log-spl3-nullind	log	spl3	nullind	independent	n2	delta	63.4189506634631	0.0	0.0	0.0	0.0
log-spl3-nullind	log	spl3	nullind	independent	n2	delta	68.0916602020204	0.0	0.0	0.0	0.0
log-spl3-nullind	log	spl3	nullind	independent	n2	delta	73.10865507174931	0.0	0.0	0.0	0.0
log-spl3-nullind	log	spl3	nullind	independent	n2	delta	78.49530222265639	0.0	0.0	0.0	0.0
log-spl3-nullind	log	spl3	nullind	independent	n2	delta	84.27883764212618	0.0	0.0	0.0	0.0
log-spl3-nullind	log	spl3	nullind	independent	n2	delta	90.48850406563211	0.0	0.0	0.0	0.0
log-spl3-nullind	log	spl3	nullind	independent	n2	delta	97.15569883397539	0.0	0.0	0.0	0.0
log-spl3-nullind	log	spl3	nullind	independent	n2	delta	104.31413264464811	0.0	0.0	0.0	0.0
log-spl3-nullind	log	spl3	nullind	independent	n2	delta	111.99999999999996	0.0	0.0	0.0	0.0
log-weber-nullind	log	weber	nullind	independent	n1	ips	6.999999999999999	0.1982917687055712	0.21730763130342468	0.23757927510207835	
log-weber-nullind	log	weber	nullind	independent	n1	ips	7.515760138376834	0.1982917687055712	0.21730763130342468	0.23757927510207835	
log-weber-nullind	log	weber	nullind	independent	n1	ips	8.069521493944878	0.1982917687055712	0.21730763130342468	0.23757927510207835	
log-weber-nullind	log	weber	nullind	independent	n1	ips	8.664083997137997	0.1982917687055712	0.21730763130342468	0.23757927510207835	
log-weber-nullind	log	weber	nullind	independent	n1	ips	9.302453877319767	0.1982917687055712	0.21730763130342468	0.23757927510207835	
log-weber-nullind	log	weber	nullind	independent	n1	ips	9.987858862892702	0.1982917687055712	0.21730763130342468	0.23757927510207835	
log-weber-nullind	log	weber	nullind	independent	n1	ips	10.723764501351818	0.1982917687055712	0.21730763130342468	0.23757927510207835	
log-weber-nullind	log	weber	nullind	independent	n1	ips	11.513891681800072	0.1982917687055712	0.21730763130342468	0.23757927510207835	
log-weber-nullind	log	weber	nullind	independent	n1	ips	12.36223544852308	0.1982917687055712	0.21730763130342468	0.23757927510207835	
log-weber-nullind	log	weber	nullind	independent	n1	ips	13.273085200748401	0.1982917687055712	0.21730763130342468	0.23757927510207835	
log-weber-nullind	log	weber	nullind	independent	n1	ips	14.25104638072347	0.1982917687055712	0.21730763130342468	0.23757927510207835	
log-weber-nullind	log	weber	nullind	independent	n1	ips	15.301063759771553	0.1982917687055712	0.21730763130342468	0.23757927510207835	
log-weber-nullind	log	weber	nullind	independent	n1	ips	16.428446440064768	0.1982917687055712	0.21730763130342468	0.23757927510207835	
log-weber-nullind	log	weber	nullind	independent	n1	ips	17.638894698528226	0.1982917687055712	0.21730763130342468	0.23757927510207835	
log-weber-nullind	log	weber	nullind	independent	n1	ips	18.93852880860355	0.1982917687055712	0.21730763130342468	0.23757927510207835	
log-weber-nullind	log	weber	nullind	independent	n1	ips	20.33391998560055	0.1982917687055712	0.21730763130342468	0.23757927510207835	
log-weber-nullind	log	weber	nullind	independent	n1	ips	21.832123612102944	0.1982917687055712	0.21730763130342468	0.23757927510207835	
log-weber-nullind	log	weber	nullind	independent	n1	ips	23.440714911422706	0.1982917687055712	0.21730763130342468	0.23757927510207835	
log-weber-nullind	log	weber	nullind	independent	n1	ips	25.16782724947517	0.1982917687055712	0.21730763130342468	0.23757927510207835	
log-weber-nullind	log	weber	nullind	independent	n1	ips	27.0221932587371	0.1982917687055712	0.21730763130342468	0.23757927510207835	
log-weber-nullind	log	weber	nullind	independent	n1	ips	29.01318899221878	0.1982917687055712	0.21730763130342468	0.23757927510207835	
log-weber-nullind	log	weber	nullind	independent	n1	ips	31.150881330701633	0.1982917687055712	0.21730763130342468	0.23757927510207835	
log-weber-nullind	log	weber	nullind	independent	n1	ips	33.44607888294205	0.1982917687055712	0.21730763130342468	0.23757927510207835	
log-weber-nullind	log	weber	nullind	independent	n1	ips	35.910386636203285	0.1982917687055712	0.21730763130342468	0.23757927510207835	
log-weber-nullind	log	weber	nullind	independent	n1	ips	38.55626463343953	0.1982917687055712	0.21730763130342468	0.23757927510207835	
log-weber-nullind	log	weber	nullind	independent	n1	ips	41.397090973816184	0.1982917687055712	0.21730763130342468	0.23757927510207835	
log-weber-nullind	log	weber	nullind	independent	n1	ips	44.44722945510957	0.1982917687055712	0.21730763130342468	0.23757927510207835	
log-weber-nullind	log	weber	nullind	independent	n1	ips	47.722102200000165	0.1982917687055712	0.21730763130342468	0.23757927510207835	
log-weber-nullind	log	weber	nullind	independent	n1	ips	51.23826763347237	0.1982917687055712	0.21730763130342468	0.23757927510207835	
log-weber-nullind	log	weber	nullind	independent	n1	ips	55.01350420559078	0.1982917687055712	0.21730763130342468	0.23757927510207835	
log-weber-nullind	log	weber	nullind	independent	n1	ips	59.0669002829722	0.1982917687055712	0.21730763130342468	0.23757927510207835	
log-weber-nullind	log	weber	nullind	independent	n1	ips	63.4189506634631	0.1982917687055712	0.21730763130342468	0.23757927510207835	
log-weber-nullind	log	weber	nullind	independent	n1	ips	68.0916602020204	0.1982917687055712	0.21730763130342468	0.23757927510207835	
log-weber-nullind	log	weber	nullind	independent	n1	ips	73.10865507174931	0.1982917687055712	0.21730763130342468	0.23757927510207835	
log-weber-nullind	log	weber	nullind	independent	n1	ips	78.49530222265639	0.1982917687055712	0.21730763130342468	0.23757927510207835	
log-weber-nullind	log	weber	nullind	independent	n1	ips	84.27883764212618	0.1982917687055712	0.21730763130342468	0.23757927510207835	
log-weber-nullind	log	weber	nullind	independent	n1	ips	90.48850406563211	0.1982917687055712	0.21730763130342468	0.23757927510207835	
log-weber-nullind	log	weber	nullind	independent	n1	ips	97.15569883397539	0.1982917687055712	0.21730763130342468	0.23757927510207835	
log-weber-nullind	log	weber	nullind	independent	n1	ips	104.31413264464811	0.1982917687055712	0.21730763130342468	0.23757927510207835	
log-weber-nullind	log	weber	nullind	independent	n1	ips	111.99999999999996	0.1982917687055712	0.21730763130342468	0.23757927510207835	
log-weber-nullind	log	weber	nullind	independent	n1	vertex	6.999999999999999	0.1982917687055712	0.21730763130342468	0.23757927510207835	
log-weber-nullind	log	weber	nullind	independent	n1	vertex	7.515760138376834	0.1982917687055712	0.21730763130342468	0.23757927510207835	
log-weber-nullind	log	weber	nullind	independent	n1	vertex	8.069521493944878	0.1982917687055712	0.21730763130342468	0.23757927510207835	
log-weber-nullind	log	weber	nullind	independent	n1	vertex	8.664083997137997	0.1982917687055712	0.21730763130342468	0.23757927510207835	
log-weber-nullind	log	weber	nullind	independent	n1	vertex	9.302453877319767	0.1982917687055712	0.21730763130342468	0.23757927510207835	
log-weber-nullind	log	weber	nullind	independent	n1	vertex	9.987858862892702	0.1982917687055712	0.21730763130342468	0.23757927510207835	
log-weber-nullind	log	weber	nullind	independent	n1	vertex	10.723764501351818	0.1982917687055712	0.21730763130342468	0.23757927510207835	
log-weber-nullind	log	weber	nullind	independent	n1	vertex	11.513891681800072	0.1982917687055712	0.21730763130342468	0.23757927510207835	
log-weber-nullind	log	weber	nullind	independent	n1	vertex	12.36223544852308	0.1982917687055712	0.21730763130342468	0.23757927510207835	
log-weber-nullind	log	weber	nullind	independent	n1	vertex	13.273085200748401	0.1982917687055712	0.21730763130342468	0.23757927510207835	
log-weber-nullind	log	weber	nullind	independent	n1	vertex	14.25104638072347	0.1982917687055712	0.21730763130342468	0.23757927510207835	
log-weber-nullind	log	weber	nullind	independent	n1	vertex	15.301063759771553	0.1982917687055712	0.21730763130342468	0.23757927510207835	
log-weber-nullind	log	weber	nullind	independent	n1	vertex	16.428446440064768	0.1982917687055712	0.21730763130342468	0.23757927510207835	
log-weber-nullind	log	weber	nullind	independent	n1	vertex	17.638894698528226	0.1982917687055712	0.21730763130342468	0.23757927510207835	
log-weber-nullind	log	weber	nullind	independent	n1	vertex	18.93852880860355	0.1982917687055712	0.21730763130342468	0.23757927510207835	
log-weber-nullind	log	weber	nullind	independent	n1	vertex	20.33391998560055	0.1982917687055712	0.21730763130342468	0.23757927510207835	
log-weber-nullind	log	weber	nullind	independent	n1	vertex	21.832123612102944	0.1982917687055712	0.21730763130342468	0.23757927510207835	
log-weber-nullind	log	weber	nullind	independent	n1	vertex	23.440714911422706	0.1982917687055712	0.21730763130342468	0.23757927510207835	
log-weber-nullind	log	weber	nullind	independent	n1	vertex	25.16782724947517	0.1982917687055712	0.21730763130342468	0.23757927510207835	
log-weber-nullind	log	weber	nullind	independent	n1	vertex	27.0221932587371	0.1982917687055712	0.21730763130342468	0.23757927510207835	
log-weber-nullind	log	weber	nullind	independent	n1	vertex	29.01318899221878	0.1982917687055712	0.21730763130342468	0.23757927510207835	
log-weber-nullind	log	weber	nullind	independent	n1	vertex	31.150881330701633	0.1982917687055712	0.21730763130342468	0.23757927510207835	
log-weber-nullind	log	weber	nullind	independent	n1	vertex	33.44607888294205	0.1982917687055712	0.21730763130342468	0.23757927510207835	
log-weber-nullind	log	weber	nullind	independent	n1	vertex	35.910386636203285	0.1982917687055712	0.21730763130342468	0.23757927510207835	
log-weber-nullind	log	weber	nullind	independent	n1	vertex	38.55626463343953	0.1982917687055712	0.21730763130342468	0.23757927510207835	
log-weber-nullind	log	weber	nullind	independent	n1	vertex	41.397090973816184	0.1982917687055712	0.21730763130342468	0.23757927510207835	
log-weber-nullind	log	weber	nullind	independent	n1	vertex	44.44722945510957	0.1982917687055712	0.21730763130342468	0.23757927510207835	
log-weber-nullind	log	weber	nullind	independent	n1	vertex	47.722102200000165	0.1982917687055712	0.21730763130342468	0.23757927510207835	
log-weber-nullind	log	weber	nullind	independent	n1	vertex	51.23826763347237	0.1982917687055712	0.21730763130342468	0.23757927510207835	
log-weber-nullind	log	weber	nullind	independent	n1	vertex	55.01350420559078	0.1982917687055712	0.21730763130342468	0.23757927510207835	
log-weber-nullind	log	weber	nullind	independent	n1	vertex	59.0669002829722	0.1982917687055712	0.21730763130342468	0.23757927510207835	
log-weber-nullind	log	weber	nullind	independent	n1	vertex	63.4189506634631	0.1982917687055712	0.21730763130342468	0.23757927510207835	
log-weber-nullind	log	weber	nullind	independent	n1	vertex	68.0916602020204	0.1982917687055712	0.21730763130342468	0.23757927510207835	
log-weber-nullind	log	weber	nullind	independent	n1	vertex	73.10865507174931	0.1982917687055712	0.21730763130342468	0.23757927510207835	
log-weber-nullind	log	weber	nullind	independent	n1	vertex	78.49530222265639	0.1982917687055712	0.21730763130342468	0.23757927510207835	
log-weber-nullind	log	weber	nullind	independent	n1	vertex	84.27883764212618	0.1982917687055712	0.21730763130342468	0.23757927510207835	
log-weber-nullind	log	weber	nullind	independent	n1	vertex	90.48850406563211	0.1982917687055712	0.21730763130342468	0.23757927510207835	
log-weber-nullind	log	weber	nullind	independent	n1	vertex	97.15569883397539	0.1982917687055712	0.21730763130342468	0.23757927510207835	
log-weber-nullind	log	weber	nullind	independent	n1	vertex	104.31413264464811	0.1982917687055712	0.21730763130342468	0.23757927510207835	
log-weber-nullind	log	weber	nullind	independent	n1	vertex	111.99999999999996	0.1982917687055712	0.21730763130342468	0.23757927510207835	
log-weber-nullind	log	weber	nullind	independent	n2	ips	6.999999999999999	0.15518713492229932	0.17272566595262415	0.1930966890482411	
log-weber-nullind	log	weber	nullind	independent	n2	ips	7.515760138376834	0.15518713492229932	0.17272566595262415	0.1930966890482411	
log-weber-nullind	log	weber	nullind	independent	n2	ips	8.069521493944878	0.15518713492229932	0.17272566595262415	0.1930966890482411	
log-weber-nullind	log	weber	nullind	independent	n2	ips	8.664083997137997	0.15518713492229932	0.17272566595262415	0.1930966890482411	
log-weber-nullind	log	weber	nullind	independent	n2	ips	9.302453877319767	0.15518713492229932	0.17272566595262415	0.1930966890482411	
log-weber-nullind	log	weber	nullind	independent	n2	ips	9.987858862892702	0.15518713492229932	0.17272566595262415	0.1930966890482411	
log-weber-nullind	log	weber	nullind	independent	n2	ips	10.723764501351818	0.15518713492229932	0.17272566595262415	0.1930966890482411	
log-weber-nullind	log	weber	nullind	independent	n2	ips	11.513891681800072	0.15518713492229932	0.17272566595262415	0.1930966890482411	
log-weber-nullind	log	weber	nullind	independent	n2	ips	12.36223544852308	0.15518713492229932	0.17272566595262415	0.1930966890482411	
log-weber-nullind	log	weber	nullind	independent	n2	ips	13.273085200748401	0.15518713492229932	0.17272566595262415	0.1930966890482411	
log-weber-nullind	log	weber	nullind	independent	n2	ips	14.25104638072347	0.15518713492229932	0.17272566595262415	0.1930966890482411	
log-weber-nullind	log	weber	nullind	independent	n2	ips	15.301063759771553	0.15518713492229932	0.17272566595262415	0.1930966890482411	
log-weber-nullind	log	weber	nullind	independent	n2	ips	16.428446440064768	0.15518713492229932	0.17272566595262415	0.1930966890482411	
log-weber-nullind	log	weber	nullind	independent	n2	ips	17.638894698528226	0.15518713492229932	0.17272566595262415	0.1930966890482411	
log-weber-nullind	log	weber	nullind	independent	n2	ips	18.93852880860355	0.15518713492229932	0.17272566595262415	0.1930966890482411	
log-weber-nullind	log	weber	nullind	independent	n2	ips	20.33391998560055	0.15518713492229932	0.17272566595262415	0.1930966890482411	
log-weber-nullind	log	weber	nullind	independent	n2	ips	21.832123612102944	0.15518713492229932	0.17272566595262415	0.1930966890482411	
log-weber-nullind	log	weber	nullind	independent	n2	ips	23.440714911422706	0.15518713492229932	0.17272566595262415	0.1930966890482411	
log-weber-nullind	log	weber	nullind	independent	n2	ips	25.16782724947517	0.15518713492229932	0.17272566595262415	0.1930966890482411	
log-weber-nullind	log	weber	nullind	independent	n2	ips	27.0221932587371	0.15518713492229932	0.17272566595262415	0.1930966890482411	
log-weber-nullind	log	weber	nullind	independent	n2	ips	29.01318899221878	0.15518713492229932	0.17272566595262415	0.1930966890482411	
log-weber-nullind	log	weber	nullind	independent	n2	ips	31.150881330701633	0.15518713492229932	0.17272566595262415	0.1930966890482411	
log-weber-nullind	log	weber	nullind	independent	n2	ips	33.44607888294205	0.15518713492229932	0.17272566595262415	0.1930966890482411	
log-weber-nullind	log	weber	nullind	independent	n2	ips	35.910386636203285	0.15518713492229932	0.17272566595262415	0.1930966890482411	
log-weber-nullind	log	weber	nullind	independent	n2	ips	38.55626463343953	0.15518713492229932	0.17272566595262415	0.1930966890482411	
log-weber-nullind	log	weber	nullind	independent	n2	ips	41.397090973816184	0.15518713492229932	0.17272566595262415	0.1930966890482411	
log-weber-nullind	log	weber	nullind	independent	n2	ips	44.44722945510957	0.15518713492229932	0.17272566595262415	0.1930966890482411	
log-weber-nullind	log	weber	nullind	independent	n2	ips	47.722102200000165	0.15518713492229932	0.17272566595262415	0.1930966890482411	
log-weber-nullind	log	weber	nullind	independent	n2	ips	51.23826763347237	0.15518713492229932	0.17272566595262415	0.1930966890482411	
log-weber-nullind	log	weber	nullind	independent	n2	ips	55.01350420559078	0.15518713492229932	0.17272566595262415	0.1930966890482411	
log-weber-nullind	log	weber	nullind	independent	n2	ips	59.0669002829722	0.15518713492229932	0.17272566595262415	0.1930966890482411	
log-weber-nullind	log	weber	nullind	independent	n2	ips	63.4189506634631	0.15518713492229932	0.17272566595262415	0.1930966890482411	
log-weber-nullind	log	weber	nullind	independent	n2	ips	68.0916602020204	0.15518713492229932	0.17272566595262415	0.1930966890482411	
log-weber-nullind	log	weber	nullind	independent	n2	ips	73.10865507174931	0.15518713492229932	0.17272566595262415	0.1930966890482411	
log-weber-nullind	log	weber	nullind	independent	n2	ips	78.49530222265639	0.15518713492229932	0.17272566595262415	0.1930966890482411	
log-weber-nullind	log	weber	nullind	independent	n2	ips	84.27883764212618	0.15518713492229932	0.17272566595262415	0.1930966890482411	
log-weber-nullind	log	weber	nullind	independent	n2	ips	90.48850406563211	0.15518713492229932	0.17272566595262415	0.1930966890482411	
log-weber-nullind	log	weber	nullind	independent	n2	ips	97.15569883397539	0.15518713492229932	0.17272566595262415	0.1930966890482411	
log-weber-nullind	log	weber	nullind	independent	n2	ips	104.31413264464811	0.15518713492229932	0.17272566595262415	0.1930966890482411	
log-weber-nullind	log	weber	nullind	independent	n2	ips	111.99999999999996	0.15518713492229932	0.17272566595262415	0.1930966890482411	
log-weber-nullind	log	weber	nullind	independent	n2	vertex	6.999999999999999	0.15518713492229932	0.17272566595262415	0.1930966890482411	
log-weber-nullind	log	weber	nullind	independent	n2	vertex	7.515760138376834	0.15518713492229932	0.17272566595262415	0.1930966890482411	
log-weber-nullind	log	weber	nullind	independent	n2	vertex	8.069521493944878	0.15518713492229932	0.17272566595262415	0.1930966890482411	
log-weber-nullind	log	weber	nullind	independent	n2	vertex	8.664083997137997	0.15518713492229932	0.17272566595262415	0.1930966890482411	
log-weber-nullind	log	weber	nullind	independent	n2	vertex	9.302453877319767	0.15518713492229932	0.17272566595262415	0.1930966890482411	
log-weber-nullind	log	weber	nullind	independent	n2	vertex	9.987858862892702	0.15518713492229932	0.17272566595262415	0.1930966890482411	
log-weber-nullind	log	weber	nullind	independent	n2	vertex	10.723764501351818	0.15518713492229932	0.17272566595262415	0.1930966890482411	
log-weber-nullind	log	weber	nullind	independent	n2	vertex	11.513891681800072	0.15518713492229932	0.17272566595262415	0.1930966890482411	
log-weber-nullind	log	weber	nullind	independent	n2	vertex	12.36223544852308	0.15518713492229932	0.17272566595262415	0.1930966890482411	
log-weber-nullind	log	weber	nullind	independent	n2	vertex	13.273085200748401	0.15518713492229932	0.17272566595262415	0.1930966890482411	
log-weber-nullind	log	weber	nullind	independent	n2	vertex	14.25104638072347	0.15518713492229932	0.17272566595262415	0.1930966890482411	
log-weber-nullind	log	weber	nullind	independent	n2	vertex	15.301063759771553	0.15518713492229932	0.17272566595262415	0.1930966890482411	
log-weber-nullind	log	weber	nullind	independent	n2	vertex	16.428446440064768	0.15518713492229932	0.17272566595262415	0.1930966890482411	
log-weber-nullind	log	weber	nullind	independent	n2	vertex	17.638894698528226	0.15518713492229932	0.17272566595262415	0.1930966890482411	
log-weber-nullind	log	weber	nullind	independent	n2	vertex	18.93852880860355	0.15518713492229932	0.17272566595262415	0.1930966890482411	
log-weber-nullind	log	weber	nullind	independent	n2	vertex	20.33391998560055	0.15518713492229932	0.17272566595262415	0.1930966890482411	
log-weber-nullind	log	weber	nullind	independent	n2	vertex	21.832123612102944	0.15518713492229932	0.17272566595262415	0.1930966890482411	
log-weber-nullind	log	weber	nullind	independent	n2	vertex	23.440714911422706	0.15518713492229932	0.17272566595262415	0.1930966890482411	
log-weber-nullind	log	weber	nullind	independent	n2	vertex	25.16782724947517	0.15518713492229932	0.17272566595262415	0.1930966890482411	
log-weber-nullind	log	weber	nullind	independent	n2	vertex	27.0221932587371	0.15518713492229932	0.17272566595262415	0.1930966890482411	
log-weber-nullind	log	weber	nullind	independent	n2	vertex	29.01318899221878	0.15518713492229932	0.17272566595262415	0.1930966890482411	
log-weber-nullind	log	weber	nullind	independent	n2	vertex	31.150881330701633	0.15518713492229932	0.17272566595262415	0.1930966890482411	
log-weber-nullind	log	weber	nullind	independent	n2	vertex	33.44607888294205	0.15518713492229932	0.17272566595262415	0.1930966890482411	
log-weber-nullind	log	weber	nullind	independent	n2	vertex	35.910386636203285	0.15518713492229932	0.17272566595262415	0.1930966890482411	
log-weber-nullind	log	weber	nullind	independent	n2	vertex	38.55626463343953	0.15518713492229932	0.17272566595262415	0.1930966890482411	
log-weber-nullind	log	weber	nullind	independent	n2	vertex	41.397090973816184	0.15518713492229932	0.17272566595262415	0.1930966890482411	
log-weber-nullind	log	weber	nullind	independent	n2	vertex	44.44722945510957	0.15518713492229932	0.17272566595262415	0.1930966890482411	
log-weber-nullind	log	weber	nullind	independent	n2	vertex	47.722102200000165	0.15518713492229932	0.17272566595262415	0.1930966890482411	
log-weber-nullind	log	weber	nullind	independent	n2	vertex	51.23826763347237	0.15518713492229932	0.17272566595262415	0.1930966890482411	
log-weber-nullind	log	weber	nullind	independent	n2	vertex	55.01350420559078	0.15518713492229932	0.17272566595262415	0.1930966890482411	
log-weber-nullind	log	weber	nullind	independent	n2	vertex	59.0669002829722	0.15518713492229932	0.17272566595262415	0.1930966890482411	
log-weber-nullind	log	weber	nullind	independent	n2	vertex	63.4189506634631	0.15518713492229932	0.17272566595262415	0.1930966890482411	
log-weber-nullind	log	weber	nullind	independent	n2	vertex	68.0916602020204	0.15518713492229932	0.17272566595262415	0.1930966890482411	
log-weber-nullind	log	weber	nullind	independent	n2	vertex	73.10865507174931	0.15518713492229932	0.17272566595262415	0.1930966890482411	
log-weber-nullind	log	weber	nullind	independent	n2	vertex	78.49530222265639	0.15518713492229932	0.17272566595262415	0.1930966890482411	
log-weber-nullind	log	weber	nullind	independent	n2	vertex	84.27883764212618	0.15518713492229932	0.17272566595262415	0.1930966890482411	
log-weber-nullind	log	weber	nullind	independent	n2	vertex	90.48850406563211	0.15518713492229932	0.17272566595262415	0.1930966890482411	
log-weber-nullind	log	weber	nullind	independent	n2	vertex	97.15569883397539	0.15518713492229932	0.17272566595262415	0.1930966890482411	
log-weber-nullind	log	weber	nullind	independent	n2	vertex	104.31413264464811	0.15518713492229932	0.17272566595262415	0.1930966890482411	
log-weber-nullind	log	weber	nullind	independent	n2	vertex	111.99999999999996	0.15518713492229932	0.17272566595262415	0.1930966890482411	
log-weber-nullind	log	weber	nullind	independent	n1	delta_pct	6.999999999999999	0.0	0.0	0.0	
log-weber-nullind	log	weber	nullind	independent	n1	delta_pct	7.515760138376834	0.0	0.0	0.0	
log-weber-nullind	log	weber	nullind	independent	n1	delta_pct	8.069521493944878	0.0	0.0	0.0	
log-weber-nullind	log	weber	nullind	independent	n1	delta_pct	8.664083997137997	0.0	0.0	0.0	
log-weber-nullind	log	weber	nullind	independent	n1	delta_pct	9.302453877319767	0.0	0.0	0.0	
log-weber-nullind	log	weber	nullind	independent	n1	delta_pct	9.987858862892702	0.0	0.0	0.0	
log-weber-nullind	log	weber	nullind	independent	n1	delta_pct	10.723764501351818	0.0	0.0	0.0	
log-weber-nullind	log	weber	nullind	independent	n1	delta_pct	11.513891681800072	0.0	0.0	0.0	
log-weber-nullind	log	weber	nullind	independent	n1	delta_pct	12.36223544852308	0.0	0.0	0.0	
log-weber-nullind	log	weber	nullind	independent	n1	delta_pct	13.273085200748401	0.0	0.0	0.0	
log-weber-nullind	log	weber	nullind	independent	n1	delta_pct	14.25104638072347	0.0	0.0	0.0	
log-weber-nullind	log	weber	nullind	independent	n1	delta_pct	15.301063759771553	0.0	0.0	0.0	
log-weber-nullind	log	weber	nullind	independent	n1	delta_pct	16.428446440064768	0.0	0.0	0.0	
log-weber-nullind	log	weber	nullind	independent	n1	delta_pct	17.638894698528226	0.0	0.0	0.0	
log-weber-nullind	log	weber	nullind	independent	n1	delta_pct	18.93852880860355	0.0	0.0	0.0	
log-weber-nullind	log	weber	nullind	independent	n1	delta_pct	20.33391998560055	0.0	0.0	0.0	
log-weber-nullind	log	weber	nullind	independent	n1	delta_pct	21.832123612102944	0.0	0.0	0.0	
log-weber-nullind	log	weber	nullind	independent	n1	delta_pct	23.440714911422706	0.0	0.0	0.0	
log-weber-nullind	log	weber	nullind	independent	n1	delta_pct	25.16782724947517	0.0	0.0	0.0	
log-weber-nullind	log	weber	nullind	independent	n1	delta_pct	27.0221932587371	0.0	0.0	0.0	
log-weber-nullind	log	weber	nullind	independent	n1	delta_pct	29.01318899221878	0.0	0.0	0.0	
log-weber-nullind	log	weber	nullind	independent	n1	delta_pct	31.150881330701633	0.0	0.0	0.0	
log-weber-nullind	log	weber	nullind	independent	n1	delta_pct	33.44607888294205	0.0	0.0	0.0	
log-weber-nullind	log	weber	nullind	independent	n1	delta_pct	35.910386636203285	0.0	0.0	0.0	
log-weber-nullind	log	weber	nullind	independent	n1	delta_pct	38.55626463343953	0.0	0.0	0.0	
log-weber-nullind	log	weber	nullind	independent	n1	delta_pct	41.397090973816184	0.0	0.0	0.0	
log-weber-nullind	log	weber	nullind	independent	n1	delta_pct	44.44722945510957	0.0	0.0	0.0	
log-weber-nullind	log	weber	nullind	independent	n1	delta_pct	47.722102200000165	0.0	0.0	0.0	
log-weber-nullind	log	weber	nullind	independent	n1	delta_pct	51.23826763347237	0.0	0.0	0.0	
log-weber-nullind	log	weber	nullind	independent	n1	delta_pct	55.01350420559078	0.0	0.0	0.0	
log-weber-nullind	log	weber	nullind	independent	n1	delta_pct	59.0669002829722	0.0	0.0	0.0	
log-weber-nullind	log	weber	nullind	independent	n1	delta_pct	63.4189506634631	0.0	0.0	0.0	
log-weber-nullind	log	weber	nullind	independent	n1	delta_pct	68.0916602020204	0.0	0.0	0.0	
log-weber-nullind	log	weber	nullind	independent	n1	delta_pct	73.10865507174931	0.0	0.0	0.0	
log-weber-nullind	log	weber	nullind	independent	n1	delta_pct	78.49530222265639	0.0	0.0	0.0	
log-weber-nullind	log	weber	nullind	independent	n1	delta_pct	84.27883764212618	0.0	0.0	0.0	
log-weber-nullind	log	weber	nullind	independent	n1	delta_pct	90.48850406563211	0.0	0.0	0.0	
log-weber-nullind	log	weber	nullind	independent	n1	delta_pct	97.15569883397539	0.0	0.0	0.0	
log-weber-nullind	log	weber	nullind	independent	n1	delta_pct	104.31413264464811	0.0	0.0	0.0	
log-weber-nullind	log	weber	nullind	independent	n1	delta_pct	111.99999999999996	0.0	0.0	0.0	
log-weber-nullind	log	weber	nullind	independent	n1	delta	6.999999999999999	0.0	0.0	0.0	0.0
log-weber-nullind	log	weber	nullind	independent	n1	delta	7.515760138376834	0.0	0.0	0.0	0.0
log-weber-nullind	log	weber	nullind	independent	n1	delta	8.069521493944878	0.0	0.0	0.0	0.0
log-weber-nullind	log	weber	nullind	independent	n1	delta	8.664083997137997	0.0	0.0	0.0	0.0
log-weber-nullind	log	weber	nullind	independent	n1	delta	9.302453877319767	0.0	0.0	0.0	0.0
log-weber-nullind	log	weber	nullind	independent	n1	delta	9.987858862892702	0.0	0.0	0.0	0.0
log-weber-nullind	log	weber	nullind	independent	n1	delta	10.723764501351818	0.0	0.0	0.0	0.0
log-weber-nullind	log	weber	nullind	independent	n1	delta	11.513891681800072	0.0	0.0	0.0	0.0
log-weber-nullind	log	weber	nullind	independent	n1	delta	12.36223544852308	0.0	0.0	0.0	0.0
log-weber-nullind	log	weber	nullind	independent	n1	delta	13.273085200748401	0.0	0.0	0.0	0.0
log-weber-nullind	log	weber	nullind	independent	n1	delta	14.25104638072347	0.0	0.0	0.0	0.0
log-weber-nullind	log	weber	nullind	independent	n1	delta	15.301063759771553	0.0	0.0	0.0	0.0
log-weber-nullind	log	weber	nullind	independent	n1	delta	16.428446440064768	0.0	0.0	0.0	0.0
log-weber-nullind	log	weber	nullind	independent	n1	delta	17.638894698528226	0.0	0.0	0.0	0.0
log-weber-nullind	log	weber	nullind	independent	n1	delta	18.93852880860355	0.0	0.0	0.0	0.0
log-weber-nullind	log	weber	nullind	independent	n1	delta	20.33391998560055	0.0	0.0	0.0	0.0
log-weber-nullind	log	weber	nullind	independent	n1	delta	21.832123612102944	0.0	0.0	0.0	0.0
log-weber-nullind	log	weber	nullind	independent	n1	delta	23.440714911422706	0.0	0.0	0.0	0.0
log-weber-nullind	log	weber	nullind	independent	n1	delta	25.16782724947517	0.0	0.0	0.0	0.0
log-weber-nullind	log	weber	nullind	independent	n1	delta	27.0221932587371	0.0	0.0	0.0	0.0
log-weber-nullind	log	weber	nullind	independent	n1	delta	29.01318899221878	0.0	0.0	0.0	0.0
log-weber-nullind	log	weber	nullind	independent	n1	delta	31.150881330701633	0.0	0.0	0.0	0.0
log-weber-nullind	log	weber	nullind	independent	n1	delta	33.44607888294205	0.0	0.0	0.0	0.0
log-weber-nullind	log	weber	nullind	independent	n1	delta	35.910386636203285	0.0	0.0	0.0	0.0
log-weber-nullind	log	weber	nullind	independent	n1	delta	38.55626463343953	0.0	0.0	0.0	0.0
log-weber-nullind	log	weber	nullind	independent	n1	delta	41.397090973816184	0.0	0.0	0.0	0.0
log-weber-nullind	log	weber	nullind	independent	n1	delta	44.44722945510957	0.0	0.0	0.0	0.0
log-weber-nullind	log	weber	nullind	independent	n1	delta	47.722102200000165	0.0	0.0	0.0	0.0
log-weber-nullind	log	weber	nullind	independent	n1	delta	51.23826763347237	0.0	0.0	0.0	0.0
log-weber-nullind	log	weber	nullind	independent	n1	delta	55.01350420559078	0.0	0.0	0.0	0.0
log-weber-nullind	log	weber	nullind	independent	n1	delta	59.0669002829722	0.0	0.0	0.0	0.0
log-weber-nullind	log	weber	nullind	independent	n1	delta	63.4189506634631	0.0	0.0	0.0	0.0
log-weber-nullind	log	weber	nullind	independent	n1	delta	68.0916602020204	0.0	0.0	0.0	0.0
log-weber-nullind	log	weber	nullind	independent	n1	delta	73.10865507174931	0.0	0.0	0.0	0.0
log-weber-nullind	log	weber	nullind	independent	n1	delta	78.49530222265639	0.0	0.0	0.0	0.0
log-weber-nullind	log	weber	nullind	independent	n1	delta	84.27883764212618	0.0	0.0	0.0	0.0
log-weber-nullind	log	weber	nullind	independent	n1	delta	90.48850406563211	0.0	0.0	0.0	0.0
log-weber-nullind	log	weber	nullind	independent	n1	delta	97.15569883397539	0.0	0.0	0.0	0.0
log-weber-nullind	log	weber	nullind	independent	n1	delta	104.31413264464811	0.0	0.0	0.0	0.0
log-weber-nullind	log	weber	nullind	independent	n1	delta	111.99999999999996	0.0	0.0	0.0	0.0
log-weber-nullind	log	weber	nullind	independent	n2	delta_pct	6.999999999999999	0.0	0.0	0.0	
log-weber-nullind	log	weber	nullind	independent	n2	delta_pct	7.515760138376834	0.0	0.0	0.0	
log-weber-nullind	log	weber	nullind	independent	n2	delta_pct	8.069521493944878	0.0	0.0	0.0	
log-weber-nullind	log	weber	nullind	independent	n2	delta_pct	8.664083997137997	0.0	0.0	0.0	
log-weber-nullind	log	weber	nullind	independent	n2	delta_pct	9.302453877319767	0.0	0.0	0.0	
log-weber-nullind	log	weber	nullind	independent	n2	delta_pct	9.987858862892702	0.0	0.0	0.0	
log-weber-nullind	log	weber	nullind	independent	n2	delta_pct	10.723764501351818	0.0	0.0	0.0	
log-weber-nullind	log	weber	nullind	independent	n2	delta_pct	11.513891681800072	0.0	0.0	0.0	
log-weber-nullind	log	weber	nullind	independent	n2	delta_pct	12.36223544852308	0.0	0.0	0.0	
log-weber-nullind	log	weber	nullind	independent	n2	delta_pct	13.273085200748401	0.0	0.0	0.0	
log-weber-nullind	log	weber	nullind	independent	n2	delta_pct	14.25104638072347	0.0	0.0	0.0	
log-weber-nullind	log	weber	nullind	independent	n2	delta_pct	15.301063759771553	0.0	0.0	0.0	
log-weber-nullind	log	weber	nullind	independent	n2	delta_pct	16.428446440064768	0.0	0.0	0.0	
log-weber-nullind	log	weber	nullind	independent	n2	delta_pct	17.638894698528226	0.0	0.0	0.0	
log-weber-nullind	log	weber	nullind	independent	n2	delta_pct	18.93852880860355	0.0	0.0	0.0	
log-weber-nullind	log	weber	nullind	independent	n2	delta_pct	20.33391998560055	0.0	0.0	0.0	
log-weber-nullind	log	weber	nullind	independent	n2	delta_pct	21.832123612102944	0.0	0.0	0.0	
log-weber-nullind	log	weber	nullind	independent	n2	delta_pct	23.440714911422706	0.0	0.0	0.0	
log-weber-nullind	log	weber	nullind	independent	n2	delta_pct	25.16782724947517	0.0	0.0	0.0	
log-weber-nullind	log	weber	nullind	independent	n2	delta_pct	27.0221932587371	0.0	0.0	0.0	
log-weber-nullind	log	weber	nullind	independent	n2	delta_pct	29.01318899221878	0.0	0.0	0.0	
log-weber-nullind	log	weber	nullind	independent	n2	delta_pct	31.150881330701633	0.0	0.0	0.0	
log-weber-nullind	log	weber	nullind	independent	n2	delta_pct	33.44607888294205	0.0	0.0	0.0	
log-weber-nullind	log	weber	nullind	independent	n2	delta_pct	35.910386636203285	0.0	0.0	0.0	
log-weber-nullind	log	weber	nullind	independent	n2	delta_pct	38.55626463343953	0.0	0.0	0.0	
log-weber-nullind	log	weber	nullind	independent	n2	delta_pct	41.397090973816184	0.0	0.0	0.0	
log-weber-nullind	log	weber	nullind	independent	n2	delta_pct	44.44722945510957	0.0	0.0	0.0	
log-weber-nullind	log	weber	nullind	independent	n2	delta_pct	47.722102200000165	0.0	0.0	0.0	
log-weber-nullind	log	weber	nullind	independent	n2	delta_pct	51.23826763347237	0.0	0.0	0.0	
log-weber-nullind	log	weber	nullind	independent	n2	delta_pct	55.01350420559078	0.0	0.0	0.0	
log-weber-nullind	log	weber	nullind	independent	n2	delta_pct	59.0669002829722	0.0	0.0	0.0	
log-weber-nullind	log	weber	nullind	independent	n2	delta_pct	63.4189506634631	0.0	0.0	0.0	
log-weber-nullind	log	weber	nullind	independent	n2	delta_pct	68.0916602020204	0.0	0.0	0.0	
log-weber-nullind	log	weber	nullind	independent	n2	delta_pct	73.10865507174931	0.0	0.0	0.0	
log-weber-nullind	log	weber	nullind	independent	n2	delta_pct	78.49530222265639	0.0	0.0	0.0	
log-weber-nullind	log	weber	nullind	independent	n2	delta_pct	84.27883764212618	0.0	0.0	0.0	
log-weber-nullind	log	weber	nullind	independent	n2	delta_pct	90.48850406563211	0.0	0.0	0.0	
log-weber-nullind	log	weber	nullind	independent	n2	delta_pct	97.15569883397539	0.0	0.0	0.0	
log-weber-nullind	log	weber	nullind	independent	n2	delta_pct	104.31413264464811	0.0	0.0	0.0	
log-weber-nullind	log	weber	nullind	independent	n2	delta_pct	111.99999999999996	0.0	0.0	0.0	
log-weber-nullind	log	weber	nullind	independent	n2	delta	6.999999999999999	0.0	0.0	0.0	0.0
log-weber-nullind	log	weber	nullind	independent	n2	delta	7.515760138376834	0.0	0.0	0.0	0.0
log-weber-nullind	log	weber	nullind	independent	n2	delta	8.069521493944878	0.0	0.0	0.0	0.0
log-weber-nullind	log	weber	nullind	independent	n2	delta	8.664083997137997	0.0	0.0	0.0	0.0
log-weber-nullind	log	weber	nullind	independent	n2	delta	9.302453877319767	0.0	0.0	0.0	0.0
log-weber-nullind	log	weber	nullind	independent	n2	delta	9.987858862892702	0.0	0.0	0.0	0.0
log-weber-nullind	log	weber	nullind	independent	n2	delta	10.723764501351818	0.0	0.0	0.0	0.0
log-weber-nullind	log	weber	nullind	independent	n2	delta	11.513891681800072	0.0	0.0	0.0	0.0
log-weber-nullind	log	weber	nullind	independent	n2	delta	12.36223544852308	0.0	0.0	0.0	0.0
log-weber-nullind	log	weber	nullind	independent	n2	delta	13.273085200748401	0.0	0.0	0.0	0.0
log-weber-nullind	log	weber	nullind	independent	n2	delta	14.25104638072347	0.0	0.0	0.0	0.0
log-weber-nullind	log	weber	nullind	independent	n2	delta	15.301063759771553	0.0	0.0	0.0	0.0
log-weber-nullind	log	weber	nullind	independent	n2	delta	16.428446440064768	0.0	0.0	0.0	0.0
log-weber-nullind	log	weber	nullind	independent	n2	delta	17.638894698528226	0.0	0.0	0.0	0.0
log-weber-nullind	log	weber	nullind	independent	n2	delta	18.93852880860355	0.0	0.0	0.0	0.0
log-weber-nullind	log	weber	nullind	independent	n2	delta	20.33391998560055	0.0	0.0	0.0	0.0
log-weber-nullind	log	weber	nullind	independent	n2	delta	21.832123612102944	0.0	0.0	0.0	0.0
log-weber-nullind	log	weber	nullind	independent	n2	delta	23.440714911422706	0.0	0.0	0.0	0.0
log-weber-nullind	log	weber	nullind	independent	n2	delta	25.16782724947517	0.0	0.0	0.0	0.0
log-weber-nullind	log	weber	nullind	independent	n2	delta	27.0221932587371	0.0	0.0	0.0	0.0
log-weber-nullind	log	weber	nullind	independent	n2	delta	29.01318899221878	0.0	0.0	0.0	0.0
log-weber-nullind	log	weber	nullind	independent	n2	delta	31.150881330701633	0.0	0.0	0.0	0.0
log-weber-nullind	log	weber	nullind	independent	n2	delta	33.44607888294205	0.0	0.0	0.0	0.0
log-weber-nullind	log	weber	nullind	independent	n2	delta	35.910386636203285	0.0	0.0	0.0	0.0
log-weber-nullind	log	weber	nullind	independent	n2	delta	38.55626463343953	0.0	0.0	0.0	0.0
log-weber-nullind	log	weber	nullind	independent	n2	delta	41.397090973816184	0.0	0.0	0.0	0.0
log-weber-nullind	log	weber	nullind	independent	n2	delta	44.44722945510957	0.0	0.0	0.0	0.0
log-weber-nullind	log	weber	nullind	independent	n2	delta	47.722102200000165	0.0	0.0	0.0	0.0
log-weber-nullind	log	weber	nullind	independent	n2	delta	51.23826763347237	0.0	0.0	0.0	0.0
log-weber-nullind	log	weber	nullind	independent	n2	delta	55.01350420559078	0.0	0.0	0.0	0.0
log-weber-nullind	log	weber	nullind	independent	n2	delta	59.0669002829722	0.0	0.0	0.0	0.0
log-weber-nullind	log	weber	nullind	independent	n2	delta	63.4189506634631	0.0	0.0	0.0	0.0
log-weber-nullind	log	weber	nullind	independent	n2	delta	68.0916602020204	0.0	0.0	0.0	0.0
log-weber-nullind	log	weber	nullind	independent	n2	delta	73.10865507174931	0.0	0.0	0.0	0.0
log-weber-nullind	log	weber	nullind	independent	n2	delta	78.49530222265639	0.0	0.0	0.0	0.0
log-weber-nullind	log	weber	nullind	independent	n2	delta	84.27883764212618	0.0	0.0	0.0	0.0
log-weber-nullind	log	weber	nullind	independent	n2	delta	90.48850406563211	0.0	0.0	0.0	0.0
log-weber-nullind	log	weber	nullind	independent	n2	delta	97.15569883397539	0.0	0.0	0.0	0.0
log-weber-nullind	log	weber	nullind	independent	n2	delta	104.31413264464811	0.0	0.0	0.0	0.0
log-weber-nullind	log	weber	nullind	independent	n2	delta	111.99999999999996	0.0	0.0	0.0	0.0
