label	space	form	placement	memory_model	channel	condition	x	lo	mid	hi	p_gt0
log-power-null.mapjitter.klw	log	power	null	shared_perceptual_noise	perc	ips	6.999999999999999	0.131692368456912	0.16041153287905438	0.19204804370656062	
log-power-null.mapjitter.klw	log	power	null	shared_perceptual_noise	perc	ips	7.515760138376834	0.1352113179089374	0.16376567432561878	0.19506904834975347	
log-power-null.mapjitter.klw	log	power	null	shared_perceptual_noise	perc	ips	8.069521493944878	0.1388791611509318	0.16721683742146737	0.1981021217999689	
log-power-null.mapjitter.klw	log	power	null	shared_perceptual_noise	perc	ips	8.664083997137997	0.1426074417084609	0.17071786467037398	0.2012380638869867	
log-power-null.mapjitter.klw	log	power	null	shared_perceptual_noise	perc	ips	9.302453877319767	0.14643271860751406	0.17429892704692357	0.20447430507303294	
log-power-null.mapjitter.klw	log	power	null	shared_perceptual_noise	perc	ips	9.987858862892702	0.15039960560805157	0.17794820084842933	0.20777713090713498	
log-power-null.mapjitter.klw	log	power	null	shared_perceptual_noise	perc	ips	10.723764501351818	0.15441896164707328	0.18168119187204035	0.21114749192051557	
log-power-null.mapjitter.klw	log	power	null	shared_perceptual_noise	perc	ips	11.513891681800072	0.1584877440068983	0.18550792271670877	0.21457865144828336	
log-power-null.mapjitter.klw	log	power	null	shared_perceptual_noise	perc	ips	12.36223544852308	0.16265114386521556	0.18939479831738032	0.21807031746096464	
log-power-null.mapjitter.klw	log	power	null	shared_perceptual_noise	perc	ips	13.273085200748401	0.16695175538951823	0.19335261734551035	0.22169546002840254	
log-power-null.mapjitter.klw	log	power	null	shared_perceptual_noise	perc	ips	14.25104638072347	0.17121916180834745	0.197379398248727	0.22542652146827113	
log-power-null.mapjitter.klw	log	power	null	shared_perceptual_noise	perc	ips	15.301063759771553	0.17564348374854316	0.20152160678887193	0.22921145473855992	
log-power-null.mapjitter.klw	log	power	null	shared_perceptual_noise	perc	ips	16.428446440064768	0.18017566922218778	0.20573041378982102	0.23319356213975892	
log-power-null.mapjitter.klw	log	power	null	shared_perceptual_noise	perc	ips	17.638894698528226	0.18476772487135568	0.2100701968442412	0.2372300845193979	
log-power-null.mapjitter.klw	log	power	null	shared_perceptual_noise	perc	ips	18.93852880860355	0.18944436267899645	0.2144755661075355	0.24147764674994118	
log-power-null.mapjitter.klw	log	power	null	shared_perceptual_noise	perc	ips	20.33391998560055	0.1941447401192566	0.21894685020971655	0.2458051610044177	
log-power-null.mapjitter.klw	log	power	null	shared_perceptual_noise	perc	ips	21.832123612102944	0.19890159712052694	0.22354594038574616	0.2502826854482038	
log-power-null.mapjitter.klw	log	power	null	shared_perceptual_noise	perc	ips	23.440714911422706	0.20370711717293888	0.22821712801599014	0.2549444822922746	
log-power-null.mapjitter.klw	log	power	null	shared_perceptual_noise	perc	ips	25.16782724947517	0.20854999575938	0.23300911708802546	0.25980627180531674	
log-power-null.mapjitter.klw	log	power	null	shared_perceptual_noise	perc	ips	27.0221932587371	0.21354020420172426	0.2379039377549032	0.26484570293210075	
log-power-null.mapjitter.klw	log	power	null	shared_perceptual_noise	perc	ips	29.01318899221878	0.21842650267769376	0.24288888991232577	0.2700741014856854	
log-power-null.mapjitter.klw	log	power	null	shared_perceptual_noise	perc	ips	31.150881330701633	0.2233902257947577	0.24798017482564266	0.27546392297113736	
log-power-null.mapjitter.klw	log	power	null	shared_perceptual_noise	perc	ips	33.44607888294205	0.22836371736798056	0.2532199114993286	0.28113164230610377	
log-power-null.mapjitter.klw	log	power	null	shared_perceptual_noise	perc	ips	35.910386636203285	0.2332597395060516	0.25850506258850964	0.28702759191177796	
log-power-null.mapjitter.klw	log	power	null	shared_perceptual_noise	perc	ips	38.55626463343953	0.2382164813984926	0.2639211133931776	0.29313897098214264	
log-power-null.mapjitter.klw	log	power	null	shared_perceptual_noise	perc	ips	41.397090973816184	0.2430598996431764	0.26947136983582454	0.29950329376031437	
log-power-null.mapjitter.klw	log	power	null	shared_perceptual_noise	perc	ips	44.44722945510957	0.24796806193302304	0.2751243634564424	0.3062738610426861	
log-power-null.mapjitter.klw	log	power	null	shared_perceptual_noise	perc	ips	47.722102200000165	0.2529054377833815	0.2808985274147805	0.3130654393805907	
log-power-null.mapjitter.klw	log	power	null	shared_perceptual_noise	perc	ips	51.23826763347237	0.25789586605116255	0.2868181150770571	0.3201863265743962	
log-power-null.mapjitter.klw	log	power	null	shared_perceptual_noise	perc	ips	55.01350420559078	0.26275792819760124	0.2928374355408023	0.3277460468133481	
log-power-null.mapjitter.klw	log	power	null	shared_perceptual_noise	perc	ips	59.0669002829722	0.2676678331123012	0.2989947926709092	0.3354568843985213	
log-power-null.mapjitter.klw	log	power	null	shared_perceptual_noise	perc	ips	63.4189506634631	0.2726172675619877	0.30526812588605545	0.3434265503812112	
log-power-null.mapjitter.klw	log	power	null	shared_perceptual_noise	perc	ips	68.0916602020204	0.27740490702448833	0.31167824203019256	0.35176124872105974	
log-power-null.mapjitter.klw	log	power	null	shared_perceptual_noise	perc	ips	73.10865507174931	0.28226207537488096	0.31822743625459227	0.3604164879049754	
log-power-null.mapjitter.klw	log	power	null	shared_perceptual_noise	perc	ips	78.49530222265639	0.28730522168741474	0.32492861963493824	0.36945716520952404	
log-power-null.mapjitter.klw	log	power	null	shared_perceptual_noise	perc	ips	84.27883764212618	0.2922290579363678	0.33179336547701616	0.37884569243508565	
log-power-null.mapjitter.klw	log	power	null	shared_perceptual_noise	perc	ips	90.48850406563211	0.29708281637697975	0.3387550339729467	0.3885604148933595	
log-power-null.mapjitter.klw	log	power	null	shared_perceptual_noise	perc	ips	97.15569883397539	0.3019895029463474	0.34585350844799984	0.39843546985520695	
log-power-null.mapjitter.klw	log	power	null	shared_perceptual_noise	perc	ips	104.31413264464811	0.3070144928871329	0.3531407189948613	0.40863322065717844	
log-power-null.mapjitter.klw	log	power	null	shared_perceptual_noise	perc	ips	111.99999999999996	0.31206346753661524	0.36058616636492646	0.4191612580068489	
log-power-null.mapjitter.klw	log	power	null	shared_perceptual_noise	perc	vertex	6.999999999999999	0.131692368456912	0.16041153287905438	0.19204804370656062	
log-power-null.mapjitter.klw	log	power	null	shared_perceptual_noise	perc	vertex	7.515760138376834	0.1352113179089374	0.16376567432561878	0.19506904834975347	
log-power-null.mapjitter.klw	log	power	null	shared_perceptual_noise	perc	vertex	8.069521493944878	0.1388791611509318	0.16721683742146737	0.1981021217999689	
log-power-null.mapjitter.klw	log	power	null	shared_perceptual_noise	perc	vertex	8.664083997137997	0.1426074417084609	0.17071786467037398	0.2012380638869867	
log-power-null.mapjitter.klw	log	power	null	shared_perceptual_noise	perc	vertex	9.302453877319767	0.14643271860751406	0.17429892704692357	0.20447430507303294	
log-power-null.mapjitter.klw	log	power	null	shared_perceptual_noise	perc	vertex	9.987858862892702	0.15039960560805157	0.17794820084842933	0.20777713090713498	
log-power-null.mapjitter.klw	log	power	null	shared_perceptual_noise	perc	vertex	10.723764501351818	0.15441896164707328	0.18168119187204035	0.21114749192051557	
log-power-null.mapjitter.klw	log	power	null	shared_perceptual_noise	perc	vertex	11.513891681800072	0.1584877440068983	0.18550792271670877	0.21457865144828336	
log-power-null.mapjitter.klw	log	power	null	shared_perceptual_noise	perc	vertex	12.36223544852308	0.16265114386521556	0.18939479831738032	0.21807031746096464	
log-power-null.mapjitter.klw	log	power	null	shared_perceptual_noise	perc	vertex	13.273085200748401	0.16695175538951823	0.19335261734551035	0.22169546002840254	
log-power-null.mapjitter.klw	log	power	null	shared_perceptual_noise	perc	vertex	14.25104638072347	0.17121916180834745	0.197379398248727	0.22542652146827113	
log-power-null.mapjitter.klw	log	power	null	shared_perceptual_noise	perc	vertex	15.301063759771553	0.17564348374854316	0.20152160678887193	0.22921145473855992	
log-power-null.mapjitter.klw	log	power	null	shared_perceptual_noise	perc	vertex	16.428446440064768	0.18017566922218778	0.20573041378982102	0.23319356213975892	
log-power-null.mapjitter.klw	log	power	null	shared_perceptual_noise	perc	vertex	17.638894698528226	0.18476772487135568	0.2100701968442412	0.2372300845193979	
log-power-null.mapjitter.klw	log	power	null	shared_perceptual_noise	perc	vertex	18.93852880860355	0.18944436267899645	0.2144755661075355	0.24147764674994118	
log-power-null.mapjitter.klw	log	power	null	shared_perceptual_noise	perc	vertex	20.33391998560055	0.1941447401192566	0.21894685020971655	0.2458051610044177	
log-power-null.mapjitter.klw	log	power	null	shared_perceptual_noise	perc	vertex	21.832123612102944	0.19890159712052694	0.22354594038574616	0.2502826854482038	
log-power-null.mapjitter.klw	log	power	null	shared_perceptual_noise	perc	vertex	23.440714911422706	0.20370711717293888	0.22821712801599014	0.2549444822922746	
log-power-null.mapjitter.klw	log	power	null	shared_perceptual_noise	perc	vertex	25.16782724947517	0.20854999575938	0.23300911708802546	0.25980627180531674	
log-power-null.mapjitter.klw	log	power	null	shared_perceptual_noise	perc	vertex	27.0221932587371	0.21354020420172426	0.2379039377549032	0.26484570293210075	
log-power-null.mapjitter.klw	log	power	null	shared_perceptual_noise	perc	vertex	29.01318899221878	0.21842650267769376	0.24288888991232577	0.2700741014856854	
log-power-null.mapjitter.klw	log	power	null	shared_perceptual_noise	perc	vertex	31.150881330701633	0.2233902257947577	0.24798017482564266	0.27546392297113736	
log-power-null.mapjitter.klw	log	power	null	shared_perceptual_noise	perc	vertex	33.44607888294205	0.22836371736798056	0.2532199114993286	0.28113164230610377	
log-power-null.mapjitter.klw	log	power	null	shared_perceptual_noise	perc	vertex	35.910386636203285	0.2332597395060516	0.25850506258850964	0.28702759191177796	
log-power-null.mapjitter.klw	log	power	null	shared_perceptual_noise	perc	vertex	38.55626463343953	0.2382164813984926	0.2639211133931776	0.29313897098214264	
log-power-null.mapjitter.klw	log	power	null	shared_perceptual_noise	perc	vertex	41.397090973816184	0.2430598996431764	0.26947136983582454	0.29950329376031437	
log-power-null.mapjitter.klw	log	power	null	shared_perceptual_noise	perc	vertex	44.44722945510957	0.24796806193302304	0.2751243634564424	0.3062738610426861	
log-power-null.mapjitter.klw	log	power	null	shared_perceptual_noise	perc	vertex	47.722102200000165	0.2529054377833815	0.2808985274147805	0.3130654393805907	
log-power-null.mapjitter.klw	log	power	null	shared_perceptual_noise	perc	vertex	51.23826763347237	0.25789586605116255	0.2868181150770571	0.3201863265743962	
log-power-null.mapjitter.klw	log	power	null	shared_perceptual_noise	perc	vertex	55.01350420559078	0.26275792819760124	0.2928374355408023	0.3277460468133481	
log-power-null.mapjitter.klw	log	power	null	shared_perceptual_noise	perc	vertex	59.0669002829722	0.2676678331123012	0.2989947926709092	0.3354568843985213	
log-power-null.mapjitter.klw	log	power	null	shared_perceptual_noise	perc	vertex	63.4189506634631	0.2726172675619877	0.30526812588605545	0.3434265503812112	
log-power-null.mapjitter.klw	log	power	null	shared_perceptual_noise	perc	vertex	68.0916602020204	0.27740490702448833	0.31167824203019256	0.35176124872105974	
log-power-null.mapjitter.klw	log	power	null	shared_perceptual_noise	perc	vertex	73.10865507174931	0.28226207537488096	0.31822743625459227	0.3604164879049754	
log-power-null.mapjitter.klw	log	power	null	shared_perceptual_noise	perc	vertex	78.49530222265639	0.28730522168741474	0.32492861963493824	0.36945716520952404	
log-power-null.mapjitter.klw	log	power	null	shared_perceptual_noise	perc	vertex	84.27883764212618	0.2922290579363678	0.33179336547701616	0.37884569243508565	
log-power-null.mapjitter.klw	log	power	null	shared_perceptual_noise	perc	vertex	90.48850406563211	0.29708281637697975	0.3387550339729467	0.3885604148933595	
log-power-null.mapjitter.klw	log	power	null	shared_perceptual_noise	perc	vertex	97.15569883397539	0.3019895029463474	0.34585350844799984	0.39843546985520695	
log-power-null.mapjitter.klw	log	power	null	shared_perceptual_noise	perc	vertex	104.31413264464811	0.3070144928871329	0.3531407189948613	0.40863322065717844	
log-power-null.mapjitter.klw	log	power	null	shared_perceptual_noise	perc	vertex	111.99999999999996	0.31206346753661524	0.36058616636492646	0.4191612580068489	
log-power-null.mapjitter.klw	log	power	null	shared_perceptual_noise	mem	ips	6.999999999999999	0.08068977731055087	0.11684814174278524	0.1600602989339384	
log-power-null.mapjitter.klw	log	power	null	shared_perceptual_noise	mem	ips	7.515760138376834	0.07972018049652922	0.1141837498453384	0.15486154359281898	
log-power-null.mapjitter.klw	log	power	null	shared_perceptual_noise	mem	ips	8.069521493944878	0.0787602925402403	0.11154453127147378	0.15004695283761726	
log-power-null.mapjitter.klw	log	power	null	shared_perceptual_noise	mem	ips	8.664083997137997	0.07783631885990261	0.10900312751753488	0.14540992767744448	
log-power-null.mapjitter.klw	log	power	null	shared_perceptual_noise	mem	ips	9.302453877319767	0.07676399060223428	0.10650345618130769	0.14106926023878757	
log-power-null.mapjitter.klw	log	power	null	shared_perceptual_noise	mem	ips	9.987858862892702	0.07564931951673223	0.10400276886270521	0.1369889434249387	
log-power-null.mapjitter.klw	log	power	null	shared_perceptual_noise	mem	ips	10.723764501351818	0.07449968058058942	0.10159994525142513	0.13317129332913874	
log-power-null.mapjitter.klw	log	power	null	shared_perceptual_noise	mem	ips	11.513891681800072	0.07336209836558645	0.09922283682608264	0.129575101591656	
log-power-null.mapjitter.klw	log	power	null	shared_perceptual_noise	mem	ips	12.36223544852308	0.07199021074972983	0.09690202047129975	0.12617518947706488	
log-power-null.mapjitter.klw	log	power	null	shared_perceptual_noise	mem	ips	13.273085200748401	0.07064483265975972	0.09466646589370277	0.12296155536866488	
log-power-null.mapjitter.klw	log	power	null	shared_perceptual_noise	mem	ips	14.25104638072347	0.06930244379096659	0.09248562408132305	0.11978829441984687	
log-power-null.mapjitter.klw	log	power	null	shared_perceptual_noise	mem	ips	15.301063759771553	0.06795469213575477	0.09033693748153714	0.1168550173187819	
log-power-null.mapjitter.klw	log	power	null	shared_perceptual_noise	mem	ips	16.428446440064768	0.06649718966538894	0.08826416915046958	0.11418565205088145	
log-power-null.mapjitter.klw	log	power	null	shared_perceptual_noise	mem	ips	17.638894698528226	0.06494527459860433	0.08622858527394128	0.1116276441854963	
log-power-null.mapjitter.klw	log	power	null	shared_perceptual_noise	mem	ips	18.93852880860355	0.06342962423393242	0.08426050524945825	0.10926690159525526	
log-power-null.mapjitter.klw	log	power	null	shared_perceptual_noise	mem	ips	20.33391998560055	0.0618150544446704	0.08232270828148111	0.1070628159452493	
log-power-null.mapjitter.klw	log	power	null	shared_perceptual_noise	mem	ips	21.832123612102944	0.0601995441781789	0.08042694893465019	0.10500811223480017	
log-power-null.mapjitter.klw	log	power	null	shared_perceptual_noise	mem	ips	23.440714911422706	0.058537376876073244	0.07857257706854068	0.10314697111894991	
log-power-null.mapjitter.klw	log	power	null	shared_perceptual_noise	mem	ips	25.16782724947517	0.0568681844506988	0.07681947111175846	0.1013501081457531	
log-power-null.mapjitter.klw	log	power	null	shared_perceptual_noise	mem	ips	27.0221932587371	0.05515775926215763	0.07507959791710112	0.09965560705010079	
log-power-null.mapjitter.klw	log	power	null	shared_perceptual_noise	mem	ips	29.01318899221878	0.053486743798897625	0.0733764221373351	0.09806198718641435	
log-power-null.mapjitter.klw	log	power	null	shared_perceptual_noise	mem	ips	31.150881330701633	0.05175725033757818	0.07170498402281829	0.09659078034014872	
log-power-null.mapjitter.klw	log	power	null	shared_perceptual_noise	mem	ips	33.44607888294205	0.05014074892306124	0.07007754075617617	0.09520203117968971	
log-power-null.mapjitter.klw	log	power	null	shared_perceptual_noise	mem	ips	35.910386636203285	0.04854258680819944	0.06850533142556421	0.09392773483514252	
log-power-null.mapjitter.klw	log	power	null	shared_perceptual_noise	mem	ips	38.55626463343953	0.04686963275659541	0.06694456518763695	0.09269348964216326	
log-power-null.mapjitter.klw	log	power	null	shared_perceptual_noise	mem	ips	41.397090973816184	0.04525327613775753	0.06545717617772938	0.09158748125265416	
log-power-null.mapjitter.klw	log	power	null	shared_perceptual_noise	mem	ips	44.44722945510957	0.04368961428156563	0.06394748024423708	0.09042947036182826	
log-power-null.mapjitter.klw	log	power	null	shared_perceptual_noise	mem	ips	47.722102200000165	0.042143380295218504	0.06252175126074319	0.089355087199129	
log-power-null.mapjitter.klw	log	power	null	shared_perceptual_noise	mem	ips	51.23826763347237	0.04065915135176054	0.06110488102998581	0.08835332928280407	
log-power-null.mapjitter.klw	log	power	null	shared_perceptual_noise	mem	ips	55.01350420559078	0.039221050837118555	0.059715036331083896	0.08746804584308424	
log-power-null.mapjitter.klw	log	power	null	shared_perceptual_noise	mem	ips	59.0669002829722	0.037800701734575795	0.05836302955338069	0.08645157846017679	
log-power-null.mapjitter.klw	log	power	null	shared_perceptual_noise	mem	ips	63.4189506634631	0.036363964562727044	0.05704171895075763	0.08555405852804521	
log-power-null.mapjitter.klw	log	power	null	shared_perceptual_noise	mem	ips	68.0916602020204	0.035036367584692356	0.05575436023153081	0.08469237929969385	
log-power-null.mapjitter.klw	log	power	null	shared_perceptual_noise	mem	ips	73.10865507174931	0.03375004580285394	0.05450208916042199	0.08389470576816753	
log-power-null.mapjitter.klw	log	power	null	shared_perceptual_noise	mem	ips	78.49530222265639	0.032487252089315265	0.053276860038418306	0.08309653145288066	
log-power-null.mapjitter.klw	log	power	null	shared_perceptual_noise	mem	ips	84.27883764212618	0.031265667997178545	0.05208936990477576	0.08232794017051001	
log-power-null.mapjitter.klw	log	power	null	shared_perceptual_noise	mem	ips	90.48850406563211	0.0301061540286117	0.050899662687442435	0.08158685943806114	
log-power-null.mapjitter.klw	log	power	null	shared_perceptual_noise	mem	ips	97.15569883397539	0.02896633064559628	0.049754854089721974	0.08091842713955265	
log-power-null.mapjitter.klw	log	power	null	shared_perceptual_noise	mem	ips	104.31413264464811	0.027874244310661947	0.048631015120195464	0.08022621953398133	
log-power-null.mapjitter.klw	log	power	null	shared_perceptual_noise	mem	ips	111.99999999999996	0.026809362289943826	0.047519629870899305	0.0795597631354913	
log-power-null.mapjitter.klw	log	power	null	shared_perceptual_noise	mem	vertex	6.999999999999999	0.08068977731055087	0.11684814174278524	0.1600602989339384	
log-power-null.mapjitter.klw	log	power	null	shared_perceptual_noise	mem	vertex	7.515760138376834	0.07972018049652922	0.1141837498453384	0.15486154359281898	
log-power-null.mapjitter.klw	log	power	null	shared_perceptual_noise	mem	vertex	8.069521493944878	0.0787602925402403	0.11154453127147378	0.15004695283761726	
log-power-null.mapjitter.klw	log	power	null	shared_perceptual_noise	mem	vertex	8.664083997137997	0.07783631885990261	0.10900312751753488	0.14540992767744448	
log-power-null.mapjitter.klw	log	power	null	shared_perceptual_noise	mem	vertex	9.302453877319767	0.07676399060223428	0.10650345618130769	0.14106926023878757	
log-power-null.mapjitter.klw	log	power	null	shared_perceptual_noise	mem	vertex	9.987858862892702	0.07564931951673223	0.10400276886270521	0.1369889434249387	
log-power-null.mapjitter.klw	log	power	null	shared_perceptual_noise	mem	vertex	10.723764501351818	0.07449968058058942	0.10159994525142513	0.13317129332913874	
log-power-null.mapjitter.klw	log	power	null	shared_perceptual_noise	mem	vertex	11.513891681800072	0.07336209836558645	0.09922283682608264	0.129575101591656	
log-power-null.mapjitter.klw	log	power	null	shared_perceptual_noise	mem	vertex	12.36223544852308	0.07199021074972983	0.09690202047129975	0.12617518947706488	
log-power-null.mapjitter.klw	log	power	null	shared_perceptual_noise	mem	vertex	13.273085200748401	0.07064483265975972	0.09466646589370277	0.12296155536866488	
log-power-null.mapjitter.klw	log	power	null	shared_perceptual_noise	mem	vertex	14.25104638072347	0.06930244379096659	0.09248562408132305	0.11978829441984687	
log-power-null.mapjitter.klw	log	power	null	shared_perceptual_noise	mem	vertex	15.301063759771553	0.06795469213575477	0.09033693748153714	0.1168550173187819	
log-power-null.mapjitter.klw	log	power	null	shared_perceptual_noise	mem	vertex	16.428446440064768	0.06649718966538894	0.08826416915046958	0.11418565205088145	
log-power-null.mapjitter.klw	log	power	null	shared_perceptual_noise	mem	vertex	17.638894698528226	0.06494527459860433	0.08622858527394128	0.1116276441854963	
log-power-null.mapjitter.klw	log	power	null	shared_perceptual_noise	mem	vertex	18.93852880860355	0.06342962423393242	0.08426050524945825	0.10926690159525526	
log-power-null.mapjitter.klw	log	power	null	shared_perceptual_noise	mem	vertex	20.33391998560055	0.0618150544446704	0.08232270828148111	0.1070628159452493	
log-power-null.mapjitter.klw	log	power	null	shared_perceptual_noise	mem	vertex	21.832123612102944	0.0601995441781789	0.08042694893465019	0.10500811223480017	
log-power-null.mapjitter.klw	log	power	null	shared_perceptual_noise	mem	vertex	23.440714911422706	0.058537376876073244	0.07857257706854068	0.10314697111894991	
log-power-null.mapjitter.klw	log	power	null	shared_perceptual_noise	mem	vertex	25.16782724947517	0.0568681844506988	0.07681947111175846	0.1013501081457531	
log-power-null.mapjitter.klw	log	power	null	shared_perceptual_noise	mem	vertex	27.0221932587371	0.05515775926215763	0.07507959791710112	0.09965560705010079	
log-power-null.mapjitter.klw	log	power	null	shared_perceptual_noise	mem	vertex	29.01318899221878	0.053486743798897625	0.0733764221373351	0.09806198718641435	
log-power-null.mapjitter.klw	log	power	null	shared_perceptual_noise	mem	vertex	31.150881330701633	0.05175725033757818	0.07170498402281829	0.09659078034014872	
log-power-null.mapjitter.klw	log	power	null	shared_perceptual_noise	mem	vertex	33.44607888294205	0.05014074892306124	0.07007754075617617	0.09520203117968971	
log-power-null.mapjitter.klw	log	power	null	shared_perceptual_noise	mem	vertex	35.910386636203285	0.04854258680819944	0.06850533142556421	0.09392773483514252	
log-power-null.mapjitter.klw	log	power	null	shared_perceptual_noise	mem	vertex	38.55626463343953	0.04686963275659541	0.06694456518763695	0.09269348964216326	
log-power-null.mapjitter.klw	log	power	null	shared_perceptual_noise	mem	vertex	41.397090973816184	0.04525327613775753	0.06545717617772938	0.09158748125265416	
log-power-null.mapjitter.klw	log	power	null	shared_perceptual_noise	mem	vertex	44.44722945510957	0.04368961428156563	0.06394748024423708	0.09042947036182826	
log-power-null.mapjitter.klw	log	power	null	shared_perceptual_noise	mem	vertex	47.722102200000165	0.042143380295218504	0.06252175126074319	0.089355087199129	
log-power-null.mapjitter.klw	log	power	null	shared_perceptual_noise	mem	vertex	51.23826763347237	0.04065915135176054	0.06110488102998581	0.08835332928280407	
log-power-null.mapjitter.klw	log	power	null	shared_perceptual_noise	mem	vertex	55.01350420559078	0.039221050837118555	0.059715036331083896	0.08746804584308424	
log-power-null.mapjitter.klw	log	power	null	shared_perceptual_noise	mem	vertex	59.0669002829722	0.037800701734575795	0.05836302955338069	0.08645157846017679	
log-power-null.mapjitter.klw	log	power	null	shared_perceptual_noise	mem	vertex	63.4189506634631	0.036363964562727044	0.05704171895075763	0.08555405852804521	
log-power-null.mapjitter.klw	log	power	null	shared_perceptual_noise	mem	vertex	68.0916602020204	0.035036367584692356	0.05575436023153081	0.08469237929969385	
log-power-null.mapjitter.klw	log	power	null	shared_perceptual_noise	mem	vertex	73.10865507174931	0.03375004580285394	0.05450208916042199	0.08389470576816753	
log-power-null.mapjitter.klw	log	power	null	shared_perceptual_noise	mem	vertex	78.49530222265639	0.032487252089315265	0.053276860038418306	0.08309653145288066	
log-power-null.mapjitter.klw	log	power	null	shared_perceptual_noise	mem	vertex	84.27883764212618	0.031265667997178545	0.05208936990477576	0.08232794017051001	
log-power-null.mapjitter.klw	log	power	null	shared_perceptual_noise	mem	vertex	90.48850406563211	0.0301061540286117	0.050899662687442435	0.08158685943806114	
log-power-null.mapjitter.klw	log	power	null	shared_perceptual_noise	mem	vertex	97.15569883397539	0.02896633064559628	0.049754854089721974	0.08091842713955265	
log-power-null.mapjitter.klw	log	power	null	shared_perceptual_noise	mem	vertex	104.31413264464811	0.027874244310661947	0.048631015120195464	0.08022621953398133	
log-power-null.mapjitter.klw	log	power	null	shared_perceptual_noise	mem	vertex	111.99999999999996	0.026809362289943826	0.047519629870899305	0.0795597631354913	
log-power-null.mapjitter.klw	log	power	null	shared_perceptual_noise	n1	ips	6.999999999999999	0.23975479002558725	0.2778239802458303	0.32150136205580127	
log-power-null.mapjitter.klw	log	power	null	shared_perceptual_noise	n1	ips	7.515760138376834	0.24174893660090485	0.2784210341161455	0.320228369995003	
log-power-null.mapjitter.klw	log	power	null	shared_perceptual_noise	n1	ips	8.069521493944878	0.24380928906088983	0.27922915386159236	0.3192944133618527	
log-power-null.mapjitter.klw	log	power	null	shared_perceptual_noise	n1	ips	8.664083997137997	0.24579870473104934	0.2801222342631007	0.31869851079792577	
log-power-null.mapjitter.klw	log	power	null	shared_perceptual_noise	n1	ips	9.302453877319767	0.2479244806854753	0.2811484984380102	0.3183621806953357	
log-power-null.mapjitter.klw	log	power	null	shared_perceptual_noise	n1	ips	9.987858862892702	0.2500133263269096	0.2822912156144873	0.3183327963705914	
log-power-null.mapjitter.klw	log	power	null	shared_perceptual_noise	n1	ips	10.723764501351818	0.25220759920130703	0.283587160129926	0.3186604376040197	
log-power-null.mapjitter.klw	log	power	null	shared_perceptual_noise	n1	ips	11.513891681800072	0.2543376390243015	0.28506374386514854	0.31925865390082786	
log-power-null.mapjitter.klw	log	power	null	shared_perceptual_noise	n1	ips	12.36223544852308	0.25661833263216177	0.2866438787236242	0.32015021469891425	
log-power-null.mapjitter.klw	log	power	null	shared_perceptual_noise	n1	ips	13.273085200748401	0.25889373702412166	0.2883734557536326	0.3211730436071741	
log-power-null.mapjitter.klw	log	power	null	shared_perceptual_noise	n1	ips	14.25104638072347	0.2611280327681479	0.2902250308281935	0.3226518902037913	
log-power-null.mapjitter.klw	log	power	null	shared_perceptual_noise	n1	ips	15.301063759771553	0.26336400032348783	0.2922290473509761	0.3243480714638602	
log-power-null.mapjitter.klw	log	power	null	shared_perceptual_noise	n1	ips	16.428446440064768	0.2657789937721876	0.2943578840396376	0.3262471139643776	
log-power-null.mapjitter.klw	log	power	null	shared_perceptual_noise	n1	ips	17.638894698528226	0.2682290804923296	0.2966390394977936	0.32837755635201016	
log-power-null.mapjitter.klw	log	power	null	shared_perceptual_noise	n1	ips	18.93852880860355	0.27075713113844013	0.29907952008734184	0.33074363031286635	
log-power-null.mapjitter.klw	log	power	null	shared_perceptual_noise	n1	ips	20.33391998560055	0.27340550966029803	0.301647173754117	0.33339912416574763	
log-power-null.mapjitter.klw	log	power	null	shared_perceptual_noise	n1	ips	21.832123612102944	0.27601483180428205	0.3043688018199464	0.3364074038084881	
log-power-null.mapjitter.klw	log	power	null	shared_perceptual_noise	n1	ips	23.440714911422706	0.27867374064647715	0.3072227260752478	0.33952071046682236	
log-power-null.mapjitter.klw	log	power	null	shared_perceptual_noise	n1	ips	25.16782724947517	0.2813980848583739	0.3102436651107948	0.34292946272479774	
log-power-null.mapjitter.klw	log	power	null	shared_perceptual_noise	n1	ips	27.0221932587371	0.2842223944741197	0.3134063353125849	0.34661078227469916	
log-power-null.mapjitter.klw	log	power	null	shared_perceptual_noise	n1	ips	29.01318899221878	0.2870667945829525	0.3166846632508231	0.35053391468148076	
log-power-null.mapjitter.klw	log	power	null	shared_perceptual_noise	n1	ips	31.150881330701633	0.2901556269393051	0.320143102823128	0.3546191374295949	
log-power-null.mapjitter.klw	log	power	null	shared_perceptual_noise	n1	ips	33.44607888294205	0.29326809693797945	0.32378461935030345	0.35900921523429313	
log-power-null.mapjitter.klw	log	power	null	shared_perceptual_noise	n1	ips	35.910386636203285	0.2964360447069992	0.3275535238415957	0.3636475483477476	
log-power-null.mapjitter.klw	log	power	null	shared_perceptual_noise	n1	ips	38.55626463343953	0.29969292145102755	0.33145040200221604	0.36846465965987807	
log-power-null.mapjitter.klw	log	power	null	shared_perceptual_noise	n1	ips	41.397090973816184	0.3029474156764498	0.3354887164222178	0.37355844957358947	
log-power-null.mapjitter.klw	log	power	null	shared_perceptual_noise	n1	ips	44.44722945510957	0.30634300286088156	0.3397341684591966	0.37891301215757994	
log-power-null.mapjitter.klw	log	power	null	shared_perceptual_noise	n1	ips	47.722102200000165	0.309743936986487	0.34408905106990306	0.38456693316698215	
log-power-null.mapjitter.klw	log	power	null	shared_perceptual_noise	n1	ips	51.23826763347237	0.3132516861416892	0.3485738367824077	0.3904499130809982	
log-power-null.mapjitter.klw	log	power	null	shared_perceptual_noise	n1	ips	55.01350420559078	0.3168053312620449	0.353271065977142	0.39672588310495066	
log-power-null.mapjitter.klw	log	power	null	shared_perceptual_noise	n1	ips	59.0669002829722	0.3204559160792899	0.3581299860221072	0.40316460042040586	
log-power-null.mapjitter.klw	log	power	null	shared_perceptual_noise	n1	ips	63.4189506634631	0.3241268984806446	0.36313960247758437	0.40990935763467695	
log-power-null.mapjitter.klw	log	power	null	shared_perceptual_noise	n1	ips	68.0916602020204	0.32783804952536	0.36833366618376207	0.4169457373589948	
log-power-null.mapjitter.klw	log	power	null	shared_perceptual_noise	n1	ips	73.10865507174931	0.33171129101879465	0.37371120444366984	0.42436641315521934	
log-power-null.mapjitter.klw	log	power	null	shared_perceptual_noise	n1	ips	78.49530222265639	0.3355881792018844	0.37922735636174226	0.4321627452618133	
log-power-null.mapjitter.klw	log	power	null	shared_perceptual_noise	n1	ips	84.27883764212618	0.3395433239735393	0.3848646108963871	0.44013265589403366	
log-power-null.mapjitter.klw	log	power	null	shared_perceptual_noise	n1	ips	90.48850406563211	0.34350728482066756	0.39075839433219983	0.4483413787692322	
log-power-null.mapjitter.klw	log	power	null	shared_perceptual_noise	n1	ips	97.15569883397539	0.3476153161033366	0.3967466977023927	0.4568425142181407	
log-power-null.mapjitter.klw	log	power	null	shared_perceptual_noise	n1	ips	104.31413264464811	0.3518244948039139	0.40292387319884393	0.4657155237501416	
log-power-null.mapjitter.klw	log	power	null	shared_perceptual_noise	n1	ips	111.99999999999996	0.3560289403674947	0.4092873599644571	0.4749673424974465	
log-power-null.mapjitter.klw	log	power	null	shared_perceptual_noise	n1	vertex	6.999999999999999	0.23975479002558725	0.2778239802458303	0.32150136205580127	
log-power-null.mapjitter.klw	log	power	null	shared_perceptual_noise	n1	vertex	7.515760138376834	0.24174893660090485	0.2784210341161455	0.320228369995003	
log-power-null.mapjitter.klw	log	power	null	shared_perceptual_noise	n1	vertex	8.069521493944878	0.24380928906088983	0.27922915386159236	0.3192944133618527	
log-power-null.mapjitter.klw	log	power	null	shared_perceptual_noise	n1	vertex	8.664083997137997	0.24579870473104934	0.2801222342631007	0.31869851079792577	
log-power-null.mapjitter.klw	log	power	null	shared_perceptual_noise	n1	vertex	9.302453877319767	0.2479244806854753	0.2811484984380102	0.3183621806953357	
log-power-null.mapjitter.klw	log	power	null	shared_perceptual_noise	n1	vertex	9.987858862892702	0.2500133263269096	0.2822912156144873	0.3183327963705914	
log-power-null.mapjitter.klw	log	power	null	shared_perceptual_noise	n1	vertex	10.723764501351818	0.25220759920130703	0.283587160129926	0.3186604376040197	
log-power-null.mapjitter.klw	log	power	null	shared_perceptual_noise	n1	vertex	11.513891681800072	0.2543376390243015	0.28506374386514854	0.31925865390082786	
log-power-null.mapjitter.klw	log	power	null	shared_perceptual_noise	n1	vertex	12.36223544852308	0.25661833263216177	0.2866438787236242	0.32015021469891425	
log-power-null.mapjitter.klw	log	power	null	shared_perceptual_noise	n1	vertex	13.273085200748401	0.25889373702412166	0.2883734557536326	0.3211730436071741	
log-power-null.mapjitter.klw	log	power	null	shared_perceptual_noise	n1	vertex	14.25104638072347	0.2611280327681479	0.2902250308281935	0.3226518902037913	
log-power-null.mapjitter.klw	log	power	null	shared_perceptual_noise	n1	vertex	15.301063759771553	0.26336400032348783	0.2922290473509761	0.3243480714638602	
log-power-null.mapjitter.klw	log	power	null	shared_perceptual_noise	n1	vertex	16.428446440064768	0.2657789937721876	0.2943578840396376	0.3262471139643776	
log-power-null.mapjitter.klw	log	power	null	shared_perceptual_noise	n1	vertex	17.638894698528226	0.2682290804923296	0.2966390394977936	0.32837755635201016	
log-power-null.mapjitter.klw	log	power	null	shared_perceptual_noise	n1	vertex	18.93852880860355	0.27075713113844013	0.29907952008734184	0.33074363031286635	
log-power-null.mapjitter.klw	log	power	null	shared_perceptual_noise	n1	vertex	20.33391998560055	0.27340550966029803	0.301647173754117	0.33339912416574763	
log-power-null.mapjitter.klw	log	power	null	shared_perceptual_noise	n1	vertex	21.832123612102944	0.27601483180428205	0.3043688018199464	0.3364074038084881	
log-power-null.mapjitter.klw	log	power	null	shared_perceptual_noise	n1	vertex	23.440714911422706	0.27867374064647715	0.3072227260752478	0.33952071046682236	
log-power-null.mapjitter.klw	log	power	null	shared_perceptual_noise	n1	vertex	25.16782724947517	0.2813980848583739	0.3102436651107948	0.34292946272479774	
log-power-null.mapjitter.klw	log	power	null	shared_perceptual_noise	n1	vertex	27.0221932587371	0.2842223944741197	0.3134063353125849	0.34661078227469916	
log-power-null.mapjitter.klw	log	power	null	shared_perceptual_noise	n1	vertex	29.01318899221878	0.2870667945829525	0.3166846632508231	0.35053391468148076	
log-power-null.mapjitter.klw	log	power	null	shared_perceptual_noise	n1	vertex	31.150881330701633	0.2901556269393051	0.320143102823128	0.3546191374295949	
log-power-null.mapjitter.klw	log	power	null	shared_perceptual_noise	n1	vertex	33.44607888294205	0.29326809693797945	0.32378461935030345	0.35900921523429313	
log-power-null.mapjitter.klw	log	power	null	shared_perceptual_noise	n1	vertex	35.910386636203285	0.2964360447069992	0.3275535238415957	0.3636475483477476	
log-power-null.mapjitter.klw	log	power	null	shared_perceptual_noise	n1	vertex	38.55626463343953	0.29969292145102755	0.33145040200221604	0.36846465965987807	
log-power-null.mapjitter.klw	log	power	null	shared_perceptual_noise	n1	vertex	41.397090973816184	0.3029474156764498	0.3354887164222178	0.37355844957358947	
log-power-null.mapjitter.klw	log	power	null	shared_perceptual_noise	n1	vertex	44.44722945510957	0.30634300286088156	0.3397341684591966	0.37891301215757994	
log-power-null.mapjitter.klw	log	power	null	shared_perceptual_noise	n1	vertex	47.722102200000165	0.309743936986487	0.34408905106990306	0.38456693316698215	
log-power-null.mapjitter.klw	log	power	null	shared_perceptual_noise	n1	vertex	51.23826763347237	0.3132516861416892	0.3485738367824077	0.3904499130809982	
log-power-null.mapjitter.klw	log	power	null	shared_perceptual_noise	n1	vertex	55.01350420559078	0.3168053312620449	0.353271065977142	0.39672588310495066	
log-power-null.mapjitter.klw	log	power	null	shared_perceptual_noise	n1	vertex	59.0669002829722	0.3204559160792899	0.3581299860221072	0.40316460042040586	
log-power-null.mapjitter.klw	log	power	null	shared_perceptual_noise	n1	vertex	63.4189506634631	0.3241268984806446	0.36313960247758437	0.40990935763467695	
log-power-null.mapjitter.klw	log	power	null	shared_perceptual_noise	n1	vertex	68.0916602020204	0.32783804952536	0.36833366618376207	0.4169457373589948	
log-power-null.mapjitter.klw	log	power	null	shared_perceptual_noise	n1	vertex	73.10865507174931	0.33171129101879465	0.37371120444366984	0.42436641315521934	
log-power-null.mapjitter.klw	log	power	null	shared_perceptual_noise	n1	vertex	78.49530222265639	0.3355881792018844	0.37922735636174226	0.4321627452618133	
log-power-null.mapjitter.klw	log	power	null	shared_perceptual_noise	n1	vertex	84.27883764212618	0.3395433239735393	0.3848646108963871	0.44013265589403366	
log-power-null.mapjitter.klw	log	power	null	shared_perceptual_noise	n1	vertex	90.48850406563211	0.34350728482066756	0.39075839433219983	0.4483413787692322	
log-power-null.mapjitter.klw	log	power	null	shared_perceptual_noise	n1	vertex	97.15569883397539	0.3476153161033366	0.3967466977023927	0.4568425142181407	
log-power-null.mapjitter.klw	log	power	null	shared_perceptual_noise	n1	vertex	104.31413264464811	0.3518244948039139	0.40292387319884393	0.4657155237501416	
log-power-null.mapjitter.klw	log	power	null	shared_perceptual_noise	n1	vertex	111.99999999999996	0.3560289403674947	0.4092873599644571	0.4749673424974465	
log-power-null.mapjitter.klw	log	power	null	shared_perceptual_noise	n2	ips	6.999999999999999	0.131692368456912	0.16041153287905438	0.19204804370656062	
log-power-null.mapjitter.klw	log	power	null	shared_perceptual_noise	n2	ips	7.515760138376834	0.1352113179089374	0.16376567432561878	0.19506904834975347	
log-power-null.mapjitter.klw	log	power	null	shared_perceptual_noise	n2	ips	8.069521493944878	0.1388791611509318	0.16721683742146737	0.1981021217999689	
log-power-null.mapjitter.klw	log	power	null	shared_perceptual_noise	n2	ips	8.664083997137997	0.1426074417084609	0.17071786467037398	0.2012380638869867	
log-power-null.mapjitter.klw	log	power	null	shared_perceptual_noise	n2	ips	9.302453877319767	0.14643271860751406	0.17429892704692357	0.20447430507303294	
log-power-null.mapjitter.klw	log	power	null	shared_perceptual_noise	n2	ips	9.987858862892702	0.15039960560805157	0.17794820084842933	0.20777713090713498	
log-power-null.mapjitter.klw	log	power	null	shared_perceptual_noise	n2	ips	10.723764501351818	0.15441896164707328	0.18168119187204035	0.21114749192051557	
log-power-null.mapjitter.klw	log	power	null	shared_perceptual_noise	n2	ips	11.513891681800072	0.1584877440068983	0.18550792271670877	0.21457865144828336	
log-power-null.mapjitter.klw	log	power	null	shared_perceptual_noise	n2	ips	12.36223544852308	0.16265114386521556	0.18939479831738032	0.21807031746096464	
log-power-null.mapjitter.klw	log	power	null	shared_perceptual_noise	n2	ips	13.273085200748401	0.16695175538951823	0.19335261734551035	0.22169546002840254	
log-power-null.mapjitter.klw	log	power	null	shared_perceptual_noise	n2	ips	14.25104638072347	0.17121916180834745	0.197379398248727	0.22542652146827113	
log-power-null.mapjitter.klw	log	power	null	shared_perceptual_noise	n2	ips	15.301063759771553	0.17564348374854316	0.20152160678887193	0.22921145473855992	
log-power-null.mapjitter.klw	log	power	null	shared_perceptual_noise	n2	ips	16.428446440064768	0.18017566922218778	0.20573041378982102	0.23319356213975892	
log-power-null.mapjitter.klw	log	power	null	shared_perceptual_noise	n2	ips	17.638894698528226	0.18476772487135568	0.2100701968442412	0.2372300845193979	
log-power-null.mapjitter.klw	log	power	null	shared_perceptual_noise	n2	ips	18.93852880860355	0.18944436267899645	0.2144755661075355	0.24147764674994118	
log-power-null.mapjitter.klw	log	power	null	shared_perceptual_noise	n2	ips	20.33391998560055	0.1941447401192566	0.21894685020971655	0.2458051610044177	
log-power-null.mapjitter.klw	log	power	null	shared_perceptual_noise	n2	ips	21.832123612102944	0.19890159712052694	0.22354594038574616	0.2502826854482038	
log-power-null.mapjitter.klw	log	power	null	shared_perceptual_noise	n2	ips	23.440714911422706	0.20370711717293888	0.22821712801599014	0.2549444822922746	
log-power-null.mapjitter.klw	log	power	null	shared_perceptual_noise	n2	ips	25.16782724947517	0.20854999575938	0.23300911708802546	0.25980627180531674	
log-power-null.mapjitter.klw	log	power	null	shared_perceptual_noise	n2	ips	27.0221932587371	0.21354020420172426	0.2379039377549032	0.26484570293210075	
log-power-null.mapjitter.klw	log	power	null	shared_perceptual_noise	n2	ips	29.01318899221878	0.21842650267769376	0.24288888991232577	0.2700741014856854	
log-power-null.mapjitter.klw	log	power	null	shared_perceptual_noise	n2	ips	31.150881330701633	0.2233902257947577	0.24798017482564266	0.27546392297113736	
log-power-null.mapjitter.klw	log	power	null	shared_perceptual_noise	n2	ips	33.44607888294205	0.22836371736798056	0.2532199114993286	0.28113164230610377	
log-power-null.mapjitter.klw	log	power	null	shared_perceptual_noise	n2	ips	35.910386636203285	0.2332597395060516	0.25850506258850964	0.28702759191177796	
log-power-null.mapjitter.klw	log	power	null	shared_perceptual_noise	n2	ips	38.55626463343953	0.2382164813984926	0.2639211133931776	0.29313897098214264	
log-power-null.mapjitter.klw	log	power	null	shared_perceptual_noise	n2	ips	41.397090973816184	0.2430598996431764	0.26947136983582454	0.29950329376031437	
log-power-null.mapjitter.klw	log	power	null	shared_perceptual_noise	n2	ips	44.44722945510957	0.24796806193302304	0.2751243634564424	0.3062738610426861	
log-power-null.mapjitter.klw	log	power	null	shared_perceptual_noise	n2	ips	47.722102200000165	0.2529054377833815	0.2808985274147805	0.3130654393805907	
log-power-null.mapjitter.klw	log	power	null	shared_perceptual_noise	n2	ips	51.23826763347237	0.25789586605116255	0.2868181150770571	0.3201863265743962	
log-power-null.mapjitter.klw	log	power	null	shared_perceptual_noise	n2	ips	55.01350420559078	0.26275792819760124	0.2928374355408023	0.3277460468133481	
log-power-null.mapjitter.klw	log	power	null	shared_perceptual_noise	n2	ips	59.0669002829722	0.2676678331123012	0.2989947926709092	0.3354568843985213	
log-power-null.mapjitter.klw	log	power	null	shared_perceptual_noise	n2	ips	63.4189506634631	0.2726172675619877	0.30526812588605545	0.3434265503812112	
log-power-null.mapjitter.klw	log	power	null	shared_perceptual_noise	n2	ips	68.0916602020204	0.27740490702448833	0.31167824203019256	0.35176124872105974	
log-power-null.mapjitter.klw	log	power	null	shared_perceptual_noise	n2	ips	73.10865507174931	0.28226207537488096	0.31822743625459227	0.3604164879049754	
log-power-null.mapjitter.klw	log	power	null	shared_perceptual_noise	n2	ips	78.49530222265639	0.28730522168741474	0.32492861963493824	0.36945716520952404	
log-power-null.mapjitter.klw	log	power	null	shared_perceptual_noise	n2	ips	84.27883764212618	0.2922290579363678	0.33179336547701616	0.37884569243508565	
log-power-null.mapjitter.klw	log	power	null	shared_perceptual_noise	n2	ips	90.48850406563211	0.29708281637697975	0.3387550339729467	0.3885604148933595	
log-power-null.mapjitter.klw	log	power	null	shared_perceptual_noise	n2	ips	97.15569883397539	0.3019895029463474	0.34585350844799984	0.39843546985520695	
log-power-null.mapjitter.klw	log	power	null	shared_perceptual_noise	n2	ips	104.31413264464811	0.3070144928871329	0.3531407189948613	0.40863322065717844	
log-power-null.mapjitter.klw	log	power	null	shared_perceptual_noise	n2	ips	111.99999999999996	0.31206346753661524	0.36058616636492646	0.4191612580068489	
log-power-null.mapjitter.klw	log	power	null	shared_perceptual_noise	n2	vertex	6.999999999999999	0.131692368456912	0.16041153287905438	0.19204804370656062	
log-power-null.mapjitter.klw	log	power	null	shared_perceptual_noise	n2	vertex	7.515760138376834	0.1352113179089374	0.16376567432561878	0.19506904834975347	
log-power-null.mapjitter.klw	log	power	null	shared_perceptual_noise	n2	vertex	8.069521493944878	0.1388791611509318	0.16721683742146737	0.1981021217999689	
log-power-null.mapjitter.klw	log	power	null	shared_perceptual_noise	n2	vertex	8.664083997137997	0.1426074417084609	0.17071786467037398	0.2012380638869867	
log-power-null.mapjitter.klw	log	power	null	shared_perceptual_noise	n2	vertex	9.302453877319767	0.14643271860751406	0.17429892704692357	0.20447430507303294	
log-power-null.mapjitter.klw	log	power	null	shared_perceptual_noise	n2	vertex	9.987858862892702	0.15039960560805157	0.17794820084842933	0.20777713090713498	
log-power-null.mapjitter.klw	log	power	null	shared_perceptual_noise	n2	vertex	10.723764501351818	0.15441896164707328	0.18168119187204035	0.21114749192051557	
log-power-null.mapjitter.klw	log	power	null	shared_perceptual_noise	n2	vertex	11.513891681800072	0.1584877440068983	0.18550792271670877	0.21457865144828336	
log-power-null.mapjitter.klw	log	power	null	shared_perceptual_noise	n2	vertex	12.36223544852308	0.16265114386521556	0.18939479831738032	0.21807031746096464	
log-power-null.mapjitter.klw	log	power	null	shared_perceptual_noise	n2	vertex	13.273085200748401	0.16695175538951823	0.19335261734551035	0.22169546002840254	
log-power-null.mapjitter.klw	log	power	null	shared_perceptual_noise	n2	vertex	14.25104638072347	0.17121916180834745	0.197379398248727	0.22542652146827113	
log-power-null.mapjitter.klw	log	power	null	shared_perceptual_noise	n2	vertex	15.301063759771553	0.17564348374854316	0.20152160678887193	0.22921145473855992	
log-power-null.mapjitter.klw	log	power	null	shared_perceptual_noise	n2	vertex	16.428446440064768	0.18017566922218778	0.20573041378982102	0.23319356213975892	
log-power-null.mapjitter.klw	log	power	null	shared_perceptual_noise	n2	vertex	17.638894698528226	0.18476772487135568	0.2100701968442412	0.2372300845193979	
log-power-null.mapjitter.klw	log	power	null	shared_perceptual_noise	n2	vertex	18.93852880860355	0.18944436267899645	0.2144755661075355	0.24147764674994118	
log-power-null.mapjitter.klw	log	power	null	shared_perceptual_noise	n2	vertex	20.33391998560055	0.1941447401192566	0.21894685020971655	0.2458051610044177	
log-power-null.mapjitter.klw	log	power	null	shared_perceptual_noise	n2	vertex	21.832123612102944	0.19890159712052694	0.22354594038574616	0.2502826854482038	
log-power-null.mapjitter.klw	log	power	null	shared_perceptual_noise	n2	vertex	23.440714911422706	0.20370711717293888	0.22821712801599014	0.2549444822922746	
log-power-null.mapjitter.klw	log	power	null	shared_perceptual_noise	n2	vertex	25.16782724947517	0.20854999575938	0.23300911708802546	0.25980627180531674	
log-power-null.mapjitter.klw	log	power	null	shared_perceptual_noise	n2	vertex	27.0221932587371	0.21354020420172426	0.2379039377549032	0.26484570293210075	
log-power-null.mapjitter.klw	log	power	null	shared_perceptual_noise	n2	vertex	29.01318899221878	0.21842650267769376	0.24288888991232577	0.2700741014856854	
log-power-null.mapjitter.klw	log	power	null	shared_perceptual_noise	n2	vertex	31.150881330701633	0.2233902257947577	0.24798017482564266	0.27546392297113736	
log-power-null.mapjitter.klw	log	power	null	shared_perceptual_noise	n2	vertex	33.44607888294205	0.22836371736798056	0.2532199114993286	0.28113164230610377	
log-power-null.mapjitter.klw	log	power	null	shared_perceptual_noise	n2	vertex	35.910386636203285	0.2332597395060516	0.25850506258850964	0.28702759191177796	
log-power-null.mapjitter.klw	log	power	null	shared_perceptual_noise	n2	vertex	38.55626463343953	0.2382164813984926	0.2639211133931776	0.29313897098214264	
log-power-null.mapjitter.klw	log	power	null	shared_perceptual_noise	n2	vertex	41.397090973816184	0.2430598996431764	0.26947136983582454	0.29950329376031437	
log-power-null.mapjitter.klw	log	power	null	shared_perceptual_noise	n2	vertex	44.44722945510957	0.24796806193302304	0.2751243634564424	0.3062738610426861	
log-power-null.mapjitter.klw	log	power	null	shared_perceptual_noise	n2	vertex	47.722102200000165	0.2529054377833815	0.2808985274147805	0.3130654393805907	
log-power-null.mapjitter.klw	log	power	null	shared_perceptual_noise	n2	vertex	51.23826763347237	0.25789586605116255	0.2868181150770571	0.3201863265743962	
log-power-null.mapjitter.klw	log	power	null	shared_perceptual_noise	n2	vertex	55.01350420559078	0.26275792819760124	0.2928374355408023	0.3277460468133481	
log-power-null.mapjitter.klw	log	power	null	shared_perceptual_noise	n2	vertex	59.0669002829722	0.2676678331123012	0.2989947926709092	0.3354568843985213	
log-power-null.mapjitter.klw	log	power	null	shared_perceptual_noise	n2	vertex	63.4189506634631	0.2726172675619877	0.30526812588605545	0.3434265503812112	
log-power-null.mapjitter.klw	log	power	null	shared_perceptual_noise	n2	vertex	68.0916602020204	0.27740490702448833	0.31167824203019256	0.35176124872105974	
log-power-null.mapjitter.klw	log	power	null	shared_perceptual_noise	n2	vertex	73.10865507174931	0.28226207537488096	0.31822743625459227	0.3604164879049754	
log-power-null.mapjitter.klw	log	power	null	shared_perceptual_noise	n2	vertex	78.49530222265639	0.28730522168741474	0.32492861963493824	0.36945716520952404	
log-power-null.mapjitter.klw	log	power	null	shared_perceptual_noise	n2	vertex	84.27883764212618	0.2922290579363678	0.33179336547701616	0.37884569243508565	
log-power-null.mapjitter.klw	log	power	null	shared_perceptual_noise	n2	vertex	90.48850406563211	0.29708281637697975	0.3387550339729467	0.3885604148933595	
log-power-null.mapjitter.klw	log	power	null	shared_perceptual_noise	n2	vertex	97.15569883397539	0.3019895029463474	0.34585350844799984	0.39843546985520695	
log-power-null.mapjitter.klw	log	power	null	shared_perceptual_noise	n2	vertex	104.31413264464811	0.3070144928871329	0.3531407189948613	0.40863322065717844	
log-power-null.mapjitter.klw	log	power	null	shared_perceptual_noise	n2	vertex	111.99999999999996	0.31206346753661524	0.36058616636492646	0.4191612580068489	
log-power-null.mapjitter.klw	log	power	null	shared_perceptual_noise	perc	delta_pct	6.999999999999999	0.0	0.0	0.0	
log-power-null.mapjitter.klw	log	power	null	shared_perceptual_noise	perc	delta_pct	7.515760138376834	0.0	0.0	0.0	
log-power-null.mapjitter.klw	log	power	null	shared_perceptual_noise	perc	delta_pct	8.069521493944878	0.0	0.0	0.0	
log-power-null.mapjitter.klw	log	power	null	shared_perceptual_noise	perc	delta_pct	8.664083997137997	0.0	0.0	0.0	
log-power-null.mapjitter.klw	log	power	null	shared_perceptual_noise	perc	delta_pct	9.302453877319767	0.0	0.0	0.0	
log-power-null.mapjitter.klw	log	power	null	shared_perceptual_noise	perc	delta_pct	9.987858862892702	0.0	0.0	0.0	
log-power-null.mapjitter.klw	log	power	null	shared_perceptual_noise	perc	delta_pct	10.723764501351818	0.0	0.0	0.0	
log-power-null.mapjitter.klw	log	power	null	shared_perceptual_noise	perc	delta_pct	11.513891681800072	0.0	0.0	0.0	
log-power-null.mapjitter.klw	log	power	null	shared_perceptual_noise	perc	delta_pct	12.36223544852308	0.0	0.0	0.0	
log-power-null.mapjitter.klw	log	power	null	shared_perceptual_noise	perc	delta_pct	13.273085200748401	0.0	0.0	0.0	
log-power-null.mapjitter.klw	log	power	null	shared_perceptual_noise	perc	delta_pct	14.25104638072347	0.0	0.0	0.0	
log-power-null.mapjitter.klw	log	power	null	shared_perceptual_noise	perc	delta_pct	15.301063759771553	0.0	0.0	0.0	
log-power-null.mapjitter.klw	log	power	null	shared_perceptual_noise	perc	delta_pct	16.428446440064768	0.0	0.0	0.0	
log-power-null.mapjitter.klw	log	power	null	shared_perceptual_noise	perc	delta_pct	17.638894698528226	0.0	0.0	0.0	
log-power-null.mapjitter.klw	log	power	null	shared_perceptual_noise	perc	delta_pct	18.93852880860355	0.0	0.0	0.0	
log-power-null.mapjitter.klw	log	power	null	shared_perceptual_noise	perc	delta_pct	20.33391998560055	0.0	0.0	0.0	
log-power-null.mapjitter.klw	log	power	null	shared_perceptual_noise	perc	delta_pct	21.832123612102944	0.0	0.0	0.0	
log-power-null.mapjitter.klw	log	power	null	shared_perceptual_noise	perc	delta_pct	23.440714911422706	0.0	0.0	0.0	
log-power-null.mapjitter.klw	log	power	null	shared_perceptual_noise	perc	delta_pct	25.16782724947517	0.0	0.0	0.0	
log-power-null.mapjitter.klw	log	power	null	shared_perceptual_noise	perc	delta_pct	27.0221932587371	0.0	0.0	0.0	
log-power-null.mapjitter.klw	log	power	null	shared_perceptual_noise	perc	delta_pct	29.01318899221878	0.0	0.0	0.0	
log-power-null.mapjitter.klw	log	power	null	shared_perceptual_noise	perc	delta_pct	31.150881330701633	0.0	0.0	0.0	
log-power-null.mapjitter.klw	log	power	null	shared_perceptual_noise	perc	delta_pct	33.44607888294205	0.0	0.0	0.0	
log-power-null.mapjitter.klw	log	power	null	shared_perceptual_noise	perc	delta_pct	35.910386636203285	0.0	0.0	0.0	
log-power-null.mapjitter.klw	log	power	null	shared_perceptual_noise	perc	delta_pct	38.55626463343953	0.0	0.0	0.0	
log-power-null.mapjitter.klw	log	power	null	shared_perceptual_noise	perc	delta_pct	41.397090973816184	0.0	0.0	0.0	
log-power-null.mapjitter.klw	log	power	null	shared_perceptual_noise	perc	delta_pct	44.44722945510957	0.0	0.0	0.0	
log-power-null.mapjitter.klw	log	power	null	shared_perceptual_noise	perc	delta_pct	47.722102200000165	0.0	0.0	0.0	
log-power-null.mapjitter.klw	log	power	null	shared_perceptual_noise	perc	delta_pct	51.23826763347237	0.0	0.0	0.0	
log-power-null.mapjitter.klw	log	power	null	shared_perceptual_noise	perc	delta_pct	55.01350420559078	0.0	0.0	0.0	
log-power-null.mapjitter.klw	log	power	null	shared_perceptual_noise	perc	delta_pct	59.0669002829722	0.0	0.0	0.0	
log-power-null.mapjitter.klw	log	power	null	shared_perceptual_noise	perc	delta_pct	63.4189506634631	0.0	0.0	0.0	
log-power-null.mapjitter.klw	log	power	null	shared_perceptual_noise	perc	delta_pct	68.0916602020204	0.0	0.0	0.0	
log-power-null.mapjitter.klw	log	power	null	shared_perceptual_noise	perc	delta_pct	73.10865507174931	0.0	0.0	0.0	
log-power-null.mapjitter.klw	log	power	null	shared_perceptual_noise	perc	delta_pct	78.49530222265639	0.0	0.0	0.0	
log-power-null.mapjitter.klw	log	power	null	shared_perceptual_noise	perc	delta_pct	84.27883764212618	0.0	0.0	0.0	
log-power-null.mapjitter.klw	log	power	null	shared_perceptual_noise	perc	delta_pct	90.48850406563211	0.0	0.0	0.0	
log-power-null.mapjitter.klw	log	power	null	shared_perceptual_noise	perc	delta_pct	97.15569883397539	0.0	0.0	0.0	
log-power-null.mapjitter.klw	log	power	null	shared_perceptual_noise	perc	delta_pct	104.31413264464811	0.0	0.0	0.0	
log-power-null.mapjitter.klw	log	power	null	shared_perceptual_noise	perc	delta_pct	111.99999999999996	0.0	0.0	0.0	
log-power-null.mapjitter.klw	log	power	null	shared_perceptual_noise	perc	delta	6.999999999999999	0.0	0.0	0.0	0.0
log-power-null.mapjitter.klw	log	power	null	shared_perceptual_noise	perc	delta	7.515760138376834	0.0	0.0	0.0	0.0
log-power-null.mapjitter.klw	log	power	null	shared_perceptual_noise	perc	delta	8.069521493944878	0.0	0.0	0.0	0.0
log-power-null.mapjitter.klw	log	power	null	shared_perceptual_noise	perc	delta	8.664083997137997	0.0	0.0	0.0	0.0
log-power-null.mapjitter.klw	log	power	null	shared_perceptual_noise	perc	delta	9.302453877319767	0.0	0.0	0.0	0.0
log-power-null.mapjitter.klw	log	power	null	shared_perceptual_noise	perc	delta	9.987858862892702	0.0	0.0	0.0	0.0
log-power-null.mapjitter.klw	log	power	null	shared_perceptual_noise	perc	delta	10.723764501351818	0.0	0.0	0.0	0.0
log-power-null.mapjitter.klw	log	power	null	shared_perceptual_noise	perc	delta	11.513891681800072	0.0	0.0	0.0	0.0
log-power-null.mapjitter.klw	log	power	null	shared_perceptual_noise	perc	delta	12.36223544852308	0.0	0.0	0.0	0.0
log-power-null.mapjitter.klw	log	power	null	shared_perceptual_noise	perc	delta	13.273085200748401	0.0	0.0	0.0	0.0
log-power-null.mapjitter.klw	log	power	null	shared_perceptual_noise	perc	delta	14.25104638072347	0.0	0.0	0.0	0.0
log-power-null.mapjitter.klw	log	power	null	shared_perceptual_noise	perc	delta	15.301063759771553	0.0	0.0	0.0	0.0
log-power-null.mapjitter.klw	log	power	null	shared_perceptual_noise	perc	delta	16.428446440064768	0.0	0.0	0.0	0.0
log-power-null.mapjitter.klw	log	power	null	shared_perceptual_noise	perc	delta	17.638894698528226	0.0	0.0	0.0	0.0
log-power-null.mapjitter.klw	log	power	null	shared_perceptual_noise	perc	delta	18.93852880860355	0.0	0.0	0.0	0.0
log-power-null.mapjitter.klw	log	power	null	shared_perceptual_noise	perc	delta	20.33391998560055	0.0	0.0	0.0	0.0
log-power-null.mapjitter.klw	log	power	null	shared_perceptual_noise	perc	delta	21.832123612102944	0.0	0.0	0.0	0.0
log-power-null.mapjitter.klw	log	power	null	shared_perceptual_noise	perc	delta	23.440714911422706	0.0	0.0	0.0	0.0
log-power-null.mapjitter.klw	log	power	null	shared_perceptual_noise	perc	delta	25.16782724947517	0.0	0.0	0.0	0.0
log-power-null.mapjitter.klw	log	power	null	shared_perceptual_noise	perc	delta	27.0221932587371	0.0	0.0	0.0	0.0
log-power-null.mapjitter.klw	log	power	null	shared_perceptual_noise	perc	delta	29.01318899221878	0.0	0.0	0.0	0.0
log-power-null.mapjitter.klw	log	power	null	shared_perceptual_noise	perc	delta	31.150881330701633	0.0	0.0	0.0	0.0
log-power-null.mapjitter.klw	log	power	null	shared_perceptual_noise	perc	delta	33.44607888294205	0.0	0.0	0.0	0.0
log-power-null.mapjitter.klw	log	power	null	shared_perceptual_noise	perc	delta	35.910386636203285	0.0	0.0	0.0	0.0
log-power-null.mapjitter.klw	log	power	null	shared_perceptual_noise	perc	delta	38.55626463343953	0.0	0.0	0.0	0.0
log-power-null.mapjitter.klw	log	power	null	shared_perceptual_noise	perc	delta	41.397090973816184	0.0	0.0	0.0	0.0
log-power-null.mapjitter.klw	log	power	null	shared_perceptual_noise	perc	delta	44.44722945510957	0.0	0.0	0.0	0.0
log-power-null.mapjitter.klw	log	power	null	shared_perceptual_noise	perc	delta	47.722102200000165	0.0	0.0	0.0	0.0
log-power-null.mapjitter.klw	log	power	null	shared_perceptual_noise	perc	delta	51.23826763347237	0.0	0.0	0.0	0.0
log-power-null.mapjitter.klw	log	power	null	shared_perceptual_noise	perc	delta	55.01350420559078	0.0	0.0	0.0	0.0
log-power-null.mapjitter.klw	log	power	null	shared_perceptual_noise	perc	delta	59.0669002829722	0.0	0.0	0.0	0.0
log-power-null.mapjitter.klw	log	power	null	shared_perceptual_noise	perc	delta	63.4189506634631	0.0	0.0	0.0	0.0
log-power-null.mapjitter.klw	log	power	null	shared_perceptual_noise	perc	delta	68.0916602020204	0.0	0.0	0.0	0.0
log-power-null.mapjitter.klw	log	power	null	shared_perceptual_noise	perc	delta	73.10865507174931	0.0	0.0	0.0	0.0
log-power-null.mapjitter.klw	log	power	null	shared_perceptual_noise	perc	delta	78.49530222265639	0.0	0.0	0.0	0.0
log-power-null.mapjitter.klw	log	power	null	shared_perceptual_noise	perc	delta	84.27883764212618	0.0	0.0	0.0	0.0
log-power-null.mapjitter.klw	log	power	null	shared_perceptual_noise	perc	delta	90.48850406563211	0.0	0.0	0.0	0.0
log-power-null.mapjitter.klw	log	power	null	shared_perceptual_noise	perc	delta	97.15569883397539	0.0	0.0	0.0	0.0
log-power-null.mapjitter.klw	log	power	null	shared_perceptual_noise	perc	delta	104.31413264464811	0.0	0.0	0.0	0.0
log-power-null.mapjitter.klw	log	power	null	shared_perceptual_noise	perc	delta	111.99999999999996	0.0	0.0	0.0	0.0
log-power-null.mapjitter.klw	log	power	null	shared_perceptual_noise	mem	delta_pct	6.999999999999999	0.0	0.0	0.0	
log-power-null.mapjitter.klw	log	power	null	shared_perceptual_noise	mem	delta_pct	7.515760138376834	0.0	0.0	0.0	
log-power-null.mapjitter.klw	log	power	null	shared_perceptual_noise	mem	delta_pct	8.069521493944878	0.0	0.0	0.0	
log-power-null.mapjitter.klw	log	power	null	shared_perceptual_noise	mem	delta_pct	8.664083997137997	0.0	0.0	0.0	
log-power-null.mapjitter.klw	log	power	null	shared_perceptual_noise	mem	delta_pct	9.302453877319767	0.0	0.0	0.0	
log-power-null.mapjitter.klw	log	power	null	shared_perceptual_noise	mem	delta_pct	9.987858862892702	0.0	0.0	0.0	
log-power-null.mapjitter.klw	log	power	null	shared_perceptual_noise	mem	delta_pct	10.723764501351818	0.0	0.0	0.0	
log-power-null.mapjitter.klw	log	power	null	shared_perceptual_noise	mem	delta_pct	11.513891681800072	0.0	0.0	0.0	
log-power-null.mapjitter.klw	log	power	null	shared_perceptual_noise	mem	delta_pct	12.36223544852308	0.0	0.0	0.0	
log-power-null.mapjitter.klw	log	power	null	shared_perceptual_noise	mem	delta_pct	13.273085200748401	0.0	0.0	0.0	
log-power-null.mapjitter.klw	log	power	null	shared_perceptual_noise	mem	delta_pct	14.25104638072347	0.0	0.0	0.0	
log-power-null.mapjitter.klw	log	power	null	shared_perceptual_noise	mem	delta_pct	15.301063759771553	0.0	0.0	0.0	
log-power-null.mapjitter.klw	log	power	null	shared_perceptual_noise	mem	delta_pct	16.428446440064768	0.0	0.0	0.0	
log-power-null.mapjitter.klw	log	power	null	shared_perceptual_noise	mem	delta_pct	17.638894698528226	0.0	0.0	0.0	
log-power-null.mapjitter.klw	log	power	null	shared_perceptual_noise	mem	delta_pct	18.93852880860355	0.0	0.0	0.0	
log-power-null.mapjitter.klw	log	power	null	shared_perceptual_noise	mem	delta_pct	20.33391998560055	0.0	0.0	0.0	
log-power-null.mapjitter.klw	log	power	null	shared_perceptual_noise	mem	delta_pct	21.832123612102944	0.0	0.0	0.0	
log-power-null.mapjitter.klw	log	power	null	shared_perceptual_noise	mem	delta_pct	23.440714911422706	0.0	0.0	0.0	
log-power-null.mapjitter.klw	log	power	null	shared_perceptual_noise	mem	delta_pct	25.16782724947517	0.0	0.0	0.0	
log-power-null.mapjitter.klw	log	power	null	shared_perceptual_noise	mem	delta_pct	27.0221932587371	0.0	0.0	0.0	
log-power-null.mapjitter.klw	log	power	null	shared_perceptual_noise	mem	delta_pct	29.01318899221878	0.0	0.0	0.0	
log-power-null.mapjitter.klw	log	power	null	shared_perceptual_noise	mem	delta_pct	31.150881330701633	0.0	0.0	0.0	
log-power-null.mapjitter.klw	log	power	null	shared_perceptual_noise	mem	delta_pct	33.44607888294205	0.0	0.0	0.0	
log-power-null.mapjitter.klw	log	power	null	shared_perceptual_noise	mem	delta_pct	35.910386636203285	0.0	0.0	0.0	
log-power-null.mapjitter.klw	log	power	null	shared_perceptual_noise	mem	delta_pct	38.55626463343953	0.0	0.0	0.0	
log-power-null.mapjitter.klw	log	power	null	shared_perceptual_noise	mem	delta_pct	41.397090973816184	0.0	0.0	0.0	
log-power-null.mapjitter.klw	log	power	null	shared_perceptual_noise	mem	delta_pct	44.44722945510957	0.0	0.0	0.0	
log-power-null.mapjitter.klw	log	power	null	shared_perceptual_noise	mem	delta_pct	47.722102200000165	0.0	0.0	0.0	
log-power-null.mapjitter.klw	log	power	null	shared_perceptual_noise	mem	delta_pct	51.23826763347237	0.0	0.0	0.0	
log-power-null.mapjitter.klw	log	power	null	shared_perceptual_noise	mem	delta_pct	55.01350420559078	0.0	0.0	0.0	
log-power-null.mapjitter.klw	log	power	null	shared_perceptual_noise	mem	delta_pct	59.0669002829722	0.0	0.0	0.0	
log-power-null.mapjitter.klw	log	power	null	shared_perceptual_noise	mem	delta_pct	63.4189506634631	0.0	0.0	0.0	
log-power-null.mapjitter.klw	log	power	null	shared_perceptual_noise	mem	delta_pct	68.0916602020204	0.0	0.0	0.0	
log-power-null.mapjitter.klw	log	power	null	shared_perceptual_noise	mem	delta_pct	73.10865507174931	0.0	0.0	0.0	
log-power-null.mapjitter.klw	log	power	null	shared_perceptual_noise	mem	delta_pct	78.49530222265639	0.0	0.0	0.0	
log-power-null.mapjitter.klw	log	power	null	shared_perceptual_noise	mem	delta_pct	84.27883764212618	0.0	0.0	0.0	
log-power-null.mapjitter.klw	log	power	null	shared_perceptual_noise	mem	delta_pct	90.48850406563211	0.0	0.0	0.0	
log-power-null.mapjitter.klw	log	power	null	shared_perceptual_noise	mem	delta_pct	97.15569883397539	0.0	0.0	0.0	
log-power-null.mapjitter.klw	log	power	null	shared_perceptual_noise	mem	delta_pct	104.31413264464811	0.0	0.0	0.0	
log-power-null.mapjitter.klw	log	power	null	shared_perceptual_noise	mem	delta_pct	111.99999999999996	0.0	0.0	0.0	
log-power-null.mapjitter.klw	log	power	null	shared_perceptual_noise	mem	delta	6.999999999999999	0.0	0.0	0.0	0.0
log-power-null.mapjitter.klw	log	power	null	shared_perceptual_noise	mem	delta	7.515760138376834	0.0	0.0	0.0	0.0
log-power-null.mapjitter.klw	log	power	null	shared_perceptual_noise	mem	delta	8.069521493944878	0.0	0.0	0.0	0.0
log-power-null.mapjitter.klw	log	power	null	shared_perceptual_noise	mem	delta	8.664083997137997	0.0	0.0	0.0	0.0
log-power-null.mapjitter.klw	log	power	null	shared_perceptual_noise	mem	delta	9.302453877319767	0.0	0.0	0.0	0.0
log-power-null.mapjitter.klw	log	power	null	shared_perceptual_noise	mem	delta	9.987858862892702	0.0	0.0	0.0	0.0
log-power-null.mapjitter.klw	log	power	null	shared_perceptual_noise	mem	delta	10.723764501351818	0.0	0.0	0.0	0.0
log-power-null.mapjitter.klw	log	power	null	shared_perceptual_noise	mem	delta	11.513891681800072	0.0	0.0	0.0	0.0
log-power-null.mapjitter.klw	log	power	null	shared_perceptual_noise	mem	delta	12.36223544852308	0.0	0.0	0.0	0.0
log-power-null.mapjitter.klw	log	power	null	shared_perceptual_noise	mem	delta	13.273085200748401	0.0	0.0	0.0	0.0
log-power-null.mapjitter.klw	log	power	null	shared_perceptual_noise	mem	delta	14.25104638072347	0.0	0.0	0.0	0.0
log-power-null.mapjitter.klw	log	power	null	shared_perceptual_noise	mem	delta	15.301063759771553	0.0	0.0	0.0	0.0
log-power-null.mapjitter.klw	log	power	null	shared_perceptual_noise	mem	delta	16.428446440064768	0.0	0.0	0.0	0.0
log-power-null.mapjitter.klw	log	power	null	shared_perceptual_noise	mem	delta	17.638894698528226	0.0	0.0	0.0	0.0
log-power-null.mapjitter.klw	log	power	null	shared_perceptual_noise	mem	delta	18.93852880860355	0.0	0.0	0.0	0.0
log-power-null.mapjitter.klw	log	power	null	shared_perceptual_noise	mem	delta	20.33391998560055	0.0	0.0	0.0	0.0
log-power-null.mapjitter.klw	log	power	null	shared_perceptual_noise	mem	delta	21.832123612102944	0.0	0.0	0.0	0.0
log-power-null.mapjitter.klw	log	power	null	shared_perceptual_noise	mem	delta	23.440714911422706	0.0	0.0	0.0	0.0
log-power-null.mapjitter.klw	log	power	null	shared_perceptual_noise	mem	delta	25.16782724947517	0.0	0.0	0.0	0.0
log-power-null.mapjitter.klw	log	power	null	shared_perceptual_noise	mem	delta	27.0221932587371	0.0	0.0	0.0	0.0
log-power-null.mapjitter.klw	log	power	null	shared_perceptual_noise	mem	delta	29.01318899221878	0.0	0.0	0.0	0.0
log-power-null.mapjitter.klw	log	power	null	shared_perceptual_noise	mem	delta	31.150881330701633	0.0	0.0	0.0	0.0
log-power-null.mapjitter.klw	log	power	null	shared_perceptual_noise	mem	delta	33.44607888294205	0.0	0.0	0.0	0.0
log-power-null.mapjitter.klw	log	power	null	shared_perceptual_noise	mem	delta	35.910386636203285	0.0	0.0	0.0	0.0
log-power-null.mapjitter.klw	log	power	null	shared_perceptual_noise	mem	delta	38.55626463343953	0.0	0.0	0.0	0.0
log-power-null.mapjitter.klw	log	power	null	shared_perceptual_noise	mem	delta	41.397090973816184	0.0	0.0	0.0	0.0
log-power-null.mapjitter.klw	log	power	null	shared_perceptual_noise	mem	delta	44.44722945510957	0.0	0.0	0.0	0.0
log-power-null.mapjitter.klw	log	power	null	shared_perceptual_noise	mem	delta	47.722102200000165	0.0	0.0	0.0	0.0
log-power-null.mapjitter.klw	log	power	null	shared_perceptual_noise	mem	delta	51.23826763347237	0.0	0.0	0.0	0.0
log-power-null.mapjitter.klw	log	power	null	shared_perceptual_noise	mem	delta	55.01350420559078	0.0	0.0	0.0	0.0
log-power-null.mapjitter.klw	log	power	null	shared_perceptual_noise	mem	delta	59.0669002829722	0.0	0.0	0.0	0.0
log-power-null.mapjitter.klw	log	power	null	shared_perceptual_noise	mem	delta	63.4189506634631	0.0	0.0	0.0	0.0
log-power-null.mapjitter.klw	log	power	null	shared_perceptual_noise	mem	delta	68.0916602020204	0.0	0.0	0.0	0.0
log-power-null.mapjitter.klw	log	power	null	shared_perceptual_noise	mem	delta	73.10865507174931	0.0	0.0	0.0	0.0
log-power-null.mapjitter.klw	log	power	null	shared_perceptual_noise	mem	delta	78.49530222265639	0.0	0.0	0.0	0.0
log-power-null.mapjitter.klw	log	power	null	shared_perceptual_noise	mem	delta	84.27883764212618	0.0	0.0	0.0	0.0
log-power-null.mapjitter.klw	log	power	null	shared_perceptual_noise	mem	delta	90.48850406563211	0.0	0.0	0.0	0.0
log-power-null.mapjitter.klw	log	power	null	shared_perceptual_noise	mem	delta	97.15569883397539	0.0	0.0	0.0	0.0
log-power-null.mapjitter.klw	log	power	null	shared_perceptual_noise	mem	delta	104.31413264464811	0.0	0.0	0.0	0.0
log-power-null.mapjitter.klw	log	power	null	shared_perceptual_noise	mem	delta	111.99999999999996	0.0	0.0	0.0	0.0
log-power-null.mapjitter.klw	log	power	null	shared_perceptual_noise	n2	delta_pct	6.999999999999999	0.0	0.0	0.0	
log-power-null.mapjitter.klw	log	power	null	shared_perceptual_noise	n2	delta_pct	7.515760138376834	0.0	0.0	0.0	
log-power-null.mapjitter.klw	log	power	null	shared_perceptual_noise	n2	delta_pct	8.069521493944878	0.0	0.0	0.0	
log-power-null.mapjitter.klw	log	power	null	shared_perceptual_noise	n2	delta_pct	8.664083997137997	0.0	0.0	0.0	
log-power-null.mapjitter.klw	log	power	null	shared_perceptual_noise	n2	delta_pct	9.302453877319767	0.0	0.0	0.0	
log-power-null.mapjitter.klw	log	power	null	shared_perceptual_noise	n2	delta_pct	9.987858862892702	0.0	0.0	0.0	
log-power-null.mapjitter.klw	log	power	null	shared_perceptual_noise	n2	delta_pct	10.723764501351818	0.0	0.0	0.0	
log-power-null.mapjitter.klw	log	power	null	shared_perceptual_noise	n2	delta_pct	11.513891681800072	0.0	0.0	0.0	
log-power-null.mapjitter.klw	log	power	null	shared_perceptual_noise	n2	delta_pct	12.36223544852308	0.0	0.0	0.0	
log-power-null.mapjitter.klw	log	power	null	shared_perceptual_noise	n2	delta_pct	13.273085200748401	0.0	0.0	0.0	
log-power-null.mapjitter.klw	log	power	null	shared_perceptual_noise	n2	delta_pct	14.25104638072347	0.0	0.0	0.0	
log-power-null.mapjitter.klw	log	power	null	shared_perceptual_noise	n2	delta_pct	15.301063759771553	0.0	0.0	0.0	
log-power-null.mapjitter.klw	log	power	null	shared_perceptual_noise	n2	delta_pct	16.428446440064768	0.0	0.0	0.0	
log-power-null.mapjitter.klw	log	power	null	shared_perceptual_noise	n2	delta_pct	17.638894698528226	0.0	0.0	0.0	
log-power-null.mapjitter.klw	log	power	null	shared_perceptual_noise	n2	delta_pct	18.93852880860355	0.0	0.0	0.0	
log-power-null.mapjitter.klw	log	power	null	shared_perceptual_noise	n2	delta_pct	20.33391998560055	0.0	0.0	0.0	
log-power-null.mapjitter.klw	log	power	null	shared_perceptual_noise	n2	delta_pct	21.832123612102944	0.0	0.0	0.0	
log-power-null.mapjitter.klw	log	power	null	shared_perceptual_noise	n2	delta_pct	23.440714911422706	0.0	0.0	0.0	
log-power-null.mapjitter.klw	log	power	null	shared_perceptual_noise	n2	delta_pct	25.16782724947517	0.0	0.0	0.0	
log-power-null.mapjitter.klw	log	power	null	shared_perceptual_noise	n2	delta_pct	27.0221932587371	0.0	0.0	0.0	
log-power-null.mapjitter.klw	log	power	null	shared_perceptual_noise	n2	delta_pct	29.01318899221878	0.0	0.0	0.0	
log-power-null.mapjitter.klw	log	power	null	shared_perceptual_noise	n2	delta_pct	31.150881330701633	0.0	0.0	0.0	
log-power-null.mapjitter.klw	log	power	null	shared_perceptual_noise	n2	delta_pct	33.44607888294205	0.0	0.0	0.0	
log-power-null.mapjitter.klw	log	power	null	shared_perceptual_noise	n2	delta_pct	35.910386636203285	0.0	0.0	0.0	
log-power-null.mapjitter.klw	log	power	null	shared_perceptual_noise	n2	delta_pct	38.55626463343953	0.0	0.0	0.0	
log-power-null.mapjitter.klw	log	power	null	shared_perceptual_noise	n2	delta_pct	41.397090973816184	0.0	0.0	0.0	
log-power-null.mapjitter.klw	log	power	null	shared_perceptual_noise	n2	delta_pct	44.44722945510957	0.0	0.0	0.0	
log-power-null.mapjitter.klw	log	power	null	shared_perceptual_noise	n2	delta_pct	47.722102200000165	0.0	0.0	0.0	
log-power-null.mapjitter.klw	log	power	null	shared_perceptual_noise	n2	delta_pct	51.23826763347237	0.0	0.0	0.0	
log-power-null.mapjitter.klw	log	power	null	shared_perceptual_noise	n2	delta_pct	55.01350420559078	0.0	0.0	0.0	
log-power-null.mapjitter.klw	log	power	null	shared_perceptual_noise	n2	delta_pct	59.0669002829722	0.0	0.0	0.0	
log-power-null.mapjitter.klw	log	power	null	shared_perceptual_noise	n2	delta_pct	63.4189506634631	0.0	0.0	0.0	
log-power-null.mapjitter.klw	log	power	null	shared_perceptual_noise	n2	delta_pct	68.0916602020204	0.0	0.0	0.0	
log-power-null.mapjitter.klw	log	power	null	shared_perceptual_noise	n2	delta_pct	73.10865507174931	0.0	0.0	0.0	
log-power-null.mapjitter.klw	log	power	null	shared_perceptual_noise	n2	delta_pct	78.49530222265639	0.0	0.0	0.0	
log-power-null.mapjitter.klw	log	power	null	shared_perceptual_noise	n2	delta_pct	84.27883764212618	0.0	0.0	0.0	
log-power-null.mapjitter.klw	log	power	null	shared_perceptual_noise	n2	delta_pct	90.48850406563211	0.0	0.0	0.0	
log-power-null.mapjitter.klw	log	power	null	shared_perceptual_noise	n2	delta_pct	97.15569883397539	0.0	0.0	0.0	
log-power-null.mapjitter.klw	log	power	null	shared_perceptual_noise	n2	delta_pct	104.31413264464811	0.0	0.0	0.0	
log-power-null.mapjitter.klw	log	power	null	shared_perceptual_noise	n2	delta_pct	111.99999999999996	0.0	0.0	0.0	
log-power-null.mapjitter.klw	log	power	null	shared_perceptual_noise	n2	delta	6.999999999999999	0.0	0.0	0.0	0.0
log-power-null.mapjitter.klw	log	power	null	shared_perceptual_noise	n2	delta	7.515760138376834	0.0	0.0	0.0	0.0
log-power-null.mapjitter.klw	log	power	null	shared_perceptual_noise	n2	delta	8.069521493944878	0.0	0.0	0.0	0.0
log-power-null.mapjitter.klw	log	power	null	shared_perceptual_noise	n2	delta	8.664083997137997	0.0	0.0	0.0	0.0
log-power-null.mapjitter.klw	log	power	null	shared_perceptual_noise	n2	delta	9.302453877319767	0.0	0.0	0.0	0.0
log-power-null.mapjitter.klw	log	power	null	shared_perceptual_noise	n2	delta	9.987858862892702	0.0	0.0	0.0	0.0
log-power-null.mapjitter.klw	log	power	null	shared_perceptual_noise	n2	delta	10.723764501351818	0.0	0.0	0.0	0.0
log-power-null.mapjitter.klw	log	power	null	shared_perceptual_noise	n2	delta	11.513891681800072	0.0	0.0	0.0	0.0
log-power-null.mapjitter.klw	log	power	null	shared_perceptual_noise	n2	delta	12.36223544852308	0.0	0.0	0.0	0.0
log-power-null.mapjitter.klw	log	power	null	shared_perceptual_noise	n2	delta	13.273085200748401	0.0	0.0	0.0	0.0
log-power-null.mapjitter.klw	log	power	null	shared_perceptual_noise	n2	delta	14.25104638072347	0.0	0.0	0.0	0.0
log-power-null.mapjitter.klw	log	power	null	shared_perceptual_noise	n2	delta	15.301063759771553	0.0	0.0	0.0	0.0
log-power-null.mapjitter.klw	log	power	null	shared_perceptual_noise	n2	delta	16.428446440064768	0.0	0.0	0.0	0.0
log-power-null.mapjitter.klw	log	power	null	shared_perceptual_noise	n2	delta	17.638894698528226	0.0	0.0	0.0	0.0
log-power-null.mapjitter.klw	log	power	null	shared_perceptual_noise	n2	delta	18.93852880860355	0.0	0.0	0.0	0.0
log-power-null.mapjitter.klw	log	power	null	shared_perceptual_noise	n2	delta	20.33391998560055	0.0	0.0	0.0	0.0
log-power-null.mapjitter.klw	log	power	null	shared_perceptual_noise	n2	delta	21.832123612102944	0.0	0.0	0.0	0.0
log-power-null.mapjitter.klw	log	power	null	shared_perceptual_noise	n2	delta	23.440714911422706	0.0	0.0	0.0	0.0
log-power-null.mapjitter.klw	log	power	null	shared_perceptual_noise	n2	delta	25.16782724947517	0.0	0.0	0.0	0.0
log-power-null.mapjitter.klw	log	power	null	shared_perceptual_noise	n2	delta	27.0221932587371	0.0	0.0	0.0	0.0
log-power-null.mapjitter.klw	log	power	null	shared_perceptual_noise	n2	delta	29.01318899221878	0.0	0.0	0.0	0.0
log-power-null.mapjitter.klw	log	power	null	shared_perceptual_noise	n2	delta	31.150881330701633	0.0	0.0	0.0	0.0
log-power-null.mapjitter.klw	log	power	null	shared_perceptual_noise	n2	delta	33.44607888294205	0.0	0.0	0.0	0.0
log-power-null.mapjitter.klw	log	power	null	shared_perceptual_noise	n2	delta	35.910386636203285	0.0	0.0	0.0	0.0
log-power-null.mapjitter.klw	log	power	null	shared_perceptual_noise	n2	delta	38.55626463343953	0.0	0.0	0.0	0.0
log-power-null.mapjitter.klw	log	power	null	shared_perceptual_noise	n2	delta	41.397090973816184	0.0	0.0	0.0	0.0
log-power-null.mapjitter.klw	log	power	null	shared_perceptual_noise	n2	delta	44.44722945510957	0.0	0.0	0.0	0.0
log-power-null.mapjitter.klw	log	power	null	shared_perceptual_noise	n2	delta	47.722102200000165	0.0	0.0	0.0	0.0
log-power-null.mapjitter.klw	log	power	null	shared_perceptual_noise	n2	delta	51.23826763347237	0.0	0.0	0.0	0.0
log-power-null.mapjitter.klw	log	power	null	shared_perceptual_noise	n2	delta	55.01350420559078	0.0	0.0	0.0	0.0
log-power-null.mapjitter.klw	log	power	null	shared_perceptual_noise	n2	delta	59.0669002829722	0.0	0.0	0.0	0.0
log-power-null.mapjitter.klw	log	power	null	shared_perceptual_noise	n2	delta	63.4189506634631	0.0	0.0	0.0	0.0
log-power-null.mapjitter.klw	log	power	null	shared_perceptual_noise	n2	delta	68.0916602020204	0.0	0.0	0.0	0.0
log-power-null.mapjitter.klw	log	power	null	shared_perceptual_noise	n2	delta	73.10865507174931	0.0	0.0	0.0	0.0
log-power-null.mapjitter.klw	log	power	null	shared_perceptual_noise	n2	delta	78.49530222265639	0.0	0.0	0.0	0.0
log-power-null.mapjitter.klw	log	power	null	shared_perceptual_noise	n2	delta	84.27883764212618	0.0	0.0	0.0	0.0
log-power-null.mapjitter.klw	log	power	null	shared_perceptual_noise	n2	delta	90.48850406563211	0.0	0.0	0.0	0.0
log-power-null.mapjitter.klw	log	power	null	shared_perceptual_noise	n2	delta	97.15569883397539	0.0	0.0	0.0	0.0
log-power-null.mapjitter.klw	log	power	null	shared_perceptual_noise	n2	delta	104.31413264464811	0.0	0.0	0.0	0.0
log-power-null.mapjitter.klw	log	power	null	shared_perceptual_noise	n2	delta	111.99999999999996	0.0	0.0	0.0	0.0
log-power-null.mapjitter.klw	log	power	null	shared_perceptual_noise	n1	delta_pct	6.999999999999999	0.0	0.0	0.0	
log-power-null.mapjitter.klw	log	power	null	shared_perceptual_noise	n1	delta_pct	7.515760138376834	0.0	0.0	0.0	
log-power-null.mapjitter.klw	log	power	null	shared_perceptual_noise	n1	delta_pct	8.069521493944878	0.0	0.0	0.0	
log-power-null.mapjitter.klw	log	power	null	shared_perceptual_noise	n1	delta_pct	8.664083997137997	0.0	0.0	0.0	
log-power-null.mapjitter.klw	log	power	null	shared_perceptual_noise	n1	delta_pct	9.302453877319767	0.0	0.0	0.0	
log-power-null.mapjitter.klw	log	power	null	shared_perceptual_noise	n1	delta_pct	9.987858862892702	0.0	0.0	0.0	
log-power-null.mapjitter.klw	log	power	null	shared_perceptual_noise	n1	delta_pct	10.723764501351818	0.0	0.0	0.0	
log-power-null.mapjitter.klw	log	power	null	shared_perceptual_noise	n1	delta_pct	11.513891681800072	0.0	0.0	0.0	
log-power-null.mapjitter.klw	log	power	null	shared_perceptual_noise	n1	delta_pct	12.36223544852308	0.0	0.0	0.0	
log-power-null.mapjitter.klw	log	power	null	shared_perceptual_noise	n1	delta_pct	13.273085200748401	0.0	0.0	0.0	
log-power-null.mapjitter.klw	log	power	null	shared_perceptual_noise	n1	delta_pct	14.25104638072347	0.0	0.0	0.0	
log-power-null.mapjitter.klw	log	power	null	shared_perceptual_noise	n1	delta_pct	15.301063759771553	0.0	0.0	0.0	
log-power-null.mapjitter.klw	log	power	null	shared_perceptual_noise	n1	delta_pct	16.428446440064768	0.0	0.0	0.0	
log-power-null.mapjitter.klw	log	power	null	shared_perceptual_noise	n1	delta_pct	17.638894698528226	0.0	0.0	0.0	
log-power-null.mapjitter.klw	log	power	null	shared_perceptual_noise	n1	delta_pct	18.93852880860355	0.0	0.0	0.0	
log-power-null.mapjitter.klw	log	power	null	shared_perceptual_noise	n1	delta_pct	20.33391998560055	0.0	0.0	0.0	
log-power-null.mapjitter.klw	log	power	null	shared_perceptual_noise	n1	delta_pct	21.832123612102944	0.0	0.0	0.0	
log-power-null.mapjitter.klw	log	power	null	shared_perceptual_noise	n1	delta_pct	23.440714911422706	0.0	0.0	0.0	
log-power-null.mapjitter.klw	log	power	null	shared_perceptual_noise	n1	delta_pct	25.16782724947517	0.0	0.0	0.0	
log-power-null.mapjitter.klw	log	power	null	shared_perceptual_noise	n1	delta_pct	27.0221932587371	0.0	0.0	0.0	
log-power-null.mapjitter.klw	log	power	null	shared_perceptual_noise	n1	delta_pct	29.01318899221878	0.0	0.0	0.0	
log-power-null.mapjitter.klw	log	power	null	shared_perceptual_noise	n1	delta_pct	31.150881330701633	0.0	0.0	0.0	
log-power-null.mapjitter.klw	log	power	null	shared_perceptual_noise	n1	delta_pct	33.44607888294205	0.0	0.0	0.0	
log-power-null.mapjitter.klw	log	power	null	shared_perceptual_noise	n1	delta_pct	35.910386636203285	0.0	0.0	0.0	
log-power-null.mapjitter.klw	log	power	null	shared_perceptual_noise	n1	delta_pct	38.55626463343953	0.0	0.0	0.0	
log-power-null.mapjitter.klw	log	power	null	shared_perceptual_noise	n1	delta_pct	41.397090973816184	0.0	0.0	0.0	
log-power-null.mapjitter.klw	log	power	null	shared_perceptual_noise	n1	delta_pct	44.44722945510957	0.0	0.0	0.0	
log-power-null.mapjitter.klw	log	power	null	shared_perceptual_noise	n1	delta_pct	47.722102200000165	0.0	0.0	0.0	
log-power-null.mapjitter.klw	log	power	null	shared_perceptual_noise	n1	delta_pct	51.23826763347237	0.0	0.0	0.0	
log-power-null.mapjitter.klw	log	power	null	shared_perceptual_noise	n1	delta_pct	55.01350420559078	0.0	0.0	0.0	
log-power-null.mapjitter.klw	log	power	null	shared_perceptual_noise	n1	delta_pct	59.0669002829722	0.0	0.0	0.0	
log-power-null.mapjitter.klw	log	power	null	shared_perceptual_noise	n1	delta_pct	63.4189506634631	0.0	0.0	0.0	
log-power-null.mapjitter.klw	log	power	null	shared_perceptual_noise	n1	delta_pct	68.0916602020204	0.0	0.0	0.0	
log-power-null.mapjitter.klw	log	power	null	shared_perceptual_noise	n1	delta_pct	73.10865507174931	0.0	0.0	0.0	
log-power-null.mapjitter.klw	log	power	null	shared_perceptual_noise	n1	delta_pct	78.49530222265639	0.0	0.0	0.0	
log-power-null.mapjitter.klw	log	power	null	shared_perceptual_noise	n1	delta_pct	84.27883764212618	0.0	0.0	0.0	
log-power-null.mapjitter.klw	log	power	null	shared_perceptual_noise	n1	delta_pct	90.48850406563211	0.0	0.0	0.0	
log-power-null.mapjitter.klw	log	power	null	shared_perceptual_noise	n1	delta_pct	97.15569883397539	0.0	0.0	0.0	
log-power-null.mapjitter.klw	log	power	null	shared_perceptual_noise	n1	delta_pct	104.31413264464811	0.0	0.0	0.0	
log-power-null.mapjitter.klw	log	power	null	shared_perceptual_noise	n1	delta_pct	111.99999999999996	0.0	0.0	0.0	
log-power-null.mapjitter.klw	log	power	null	shared_perceptual_noise	n1	delta	6.999999999999999	0.0	0.0	0.0	0.0
log-power-null.mapjitter.klw	log	power	null	shared_perceptual_noise	n1	delta	7.515760138376834	0.0	0.0	0.0	0.0
log-power-null.mapjitter.klw	log	power	null	shared_perceptual_noise	n1	delta	8.069521493944878	0.0	0.0	0.0	0.0
log-power-null.mapjitter.klw	log	power	null	shared_perceptual_noise	n1	delta	8.664083997137997	0.0	0.0	0.0	0.0
log-power-null.mapjitter.klw	log	power	null	shared_perceptual_noise	n1	delta	9.302453877319767	0.0	0.0	0.0	0.0
log-power-null.mapjitter.klw	log	power	null	shared_perceptual_noise	n1	delta	9.987858862892702	0.0	0.0	0.0	0.0
log-power-null.mapjitter.klw	log	power	null	shared_perceptual_noise	n1	delta	10.723764501351818	0.0	0.0	0.0	0.0
log-power-null.mapjitter.klw	log	power	null	shared_perceptual_noise	n1	delta	11.513891681800072	0.0	0.0	0.0	0.0
log-power-null.mapjitter.klw	log	power	null	shared_perceptual_noise	n1	delta	12.36223544852308	0.0	0.0	0.0	0.0
log-power-null.mapjitter.klw	log	power	null	shared_perceptual_noise	n1	delta	13.273085200748401	0.0	0.0	0.0	0.0
log-power-null.mapjitter.klw	log	power	null	shared_perceptual_noise	n1	delta	14.25104638072347	0.0	0.0	0.0	0.0
log-power-null.mapjitter.klw	log	power	null	shared_perceptual_noise	n1	delta	15.301063759771553	0.0	0.0	0.0	0.0
log-power-null.mapjitter.klw	log	power	null	shared_perceptual_noise	n1	delta	16.428446440064768	0.0	0.0	0.0	0.0
log-power-null.mapjitter.klw	log	power	null	shared_perceptual_noise	n1	delta	17.638894698528226	0.0	0.0	0.0	0.0
log-power-null.mapjitter.klw	log	power	null	shared_perceptual_noise	n1	delta	18.93852880860355	0.0	0.0	0.0	0.0
log-power-null.mapjitter.klw	log	power	null	shared_perceptual_noise	n1	delta	20.33391998560055	0.0	0.0	0.0	0.0
log-power-null.mapjitter.klw	log	power	null	shared_perceptual_noise	n1	delta	21.832123612102944	0.0	0.0	0.0	0.0
log-power-null.mapjitter.klw	log	power	null	shared_perceptual_noise	n1	delta	23.440714911422706	0.0	0.0	0.0	0.0
log-power-null.mapjitter.klw	log	power	null	shared_perceptual_noise	n1	delta	25.16782724947517	0.0	0.0	0.0	0.0
log-power-null.mapjitter.klw	log	power	null	shared_perceptual_noise	n1	delta	27.0221932587371	0.0	0.0	0.0	0.0
log-power-null.mapjitter.klw	log	power	null	shared_perceptual_noise	n1	delta	29.01318899221878	0.0	0.0	0.0	0.0
log-power-null.mapjitter.klw	log	power	null	shared_perceptual_noise	n1	delta	31.150881330701633	0.0	0.0	0.0	0.0
log-power-null.mapjitter.klw	log	power	null	shared_perceptual_noise	n1	delta	33.44607888294205	0.0	0.0	0.0	0.0
log-power-null.mapjitter.klw	log	power	null	shared_perceptual_noise	n1	delta	35.910386636203285	0.0	0.0	0.0	0.0
log-power-null.mapjitter.klw	log	power	null	shared_perceptual_noise	n1	delta	38.55626463343953	0.0	0.0	0.0	0.0
log-power-null.mapjitter.klw	log	power	null	shared_perceptual_noise	n1	delta	41.397090973816184	0.0	0.0	0.0	0.0
log-power-null.mapjitter.klw	log	power	null	shared_perceptual_noise	n1	delta	44.44722945510957	0.0	0.0	0.0	0.0
log-power-null.mapjitter.klw	log	power	null	shared_perceptual_noise	n1	delta	47.722102200000165	0.0	0.0	0.0	0.0
log-power-null.mapjitter.klw	log	power	null	shared_perceptual_noise	n1	delta	51.23826763347237	0.0	0.0	0.0	0.0
log-power-null.mapjitter.klw	log	power	null	shared_perceptual_noise	n1	delta	55.01350420559078	0.0	0.0	0.0	0.0
log-power-null.mapjitter.klw	log	power	null	shared_perceptual_noise	n1	delta	59.0669002829722	0.0	0.0	0.0	0.0
log-power-null.mapjitter.klw	log	power	null	shared_perceptual_noise	n1	delta	63.4189506634631	0.0	0.0	0.0	0.0
log-power-null.mapjitter.klw	log	power	null	shared_perceptual_noise	n1	delta	68.0916602020204	0.0	0.0	0.0	0.0
log-power-null.mapjitter.klw	log	power	null	shared_perceptual_noise	n1	delta	73.10865507174931	0.0	0.0	0.0	0.0
log-power-null.mapjitter.klw	log	power	null	shared_perceptual_noise	n1	delta	78.49530222265639	0.0	0.0	0.0	0.0
log-power-null.mapjitter.klw	log	power	null	shared_perceptual_noise	n1	delta	84.27883764212618	0.0	0.0	0.0	0.0
log-power-null.mapjitter.klw	log	power	null	shared_perceptual_noise	n1	delta	90.48850406563211	0.0	0.0	0.0	0.0
log-power-null.mapjitter.klw	log	power	null	shared_perceptual_noise	n1	delta	97.15569883397539	0.0	0.0	0.0	0.0
log-power-null.mapjitter.klw	log	power	null	shared_perceptual_noise	n1	delta	104.31413264464811	0.0	0.0	0.0	0.0
log-power-null.mapjitter.klw	log	power	null	shared_perceptual_noise	n1	delta	111.99999999999996	0.0	0.0	0.0	0.0
log-power-nullind.mapjitter.klw	log	power	nullind	independent	n1	ips	6.999999999999999	0.2368782525253684	0.26875402342259047	0.30519264704939697	
log-power-nullind.mapjitter.klw	log	power	nullind	independent	n1	ips	7.515760138376834	0.24001927575399837	0.27130335688588525	0.3069194686751467	
log-power-nullind.mapjitter.klw	log	power	nullind	independent	n1	ips	8.069521493944878	0.24321638481257976	0.2738626240115011	0.30869236005579276	
log-power-nullind.mapjitter.klw	log	power	nullind	independent	n1	ips	8.664083997137997	0.2463783386872937	0.2764551322574701	0.31053857565472004	
log-power-nullind.mapjitter.klw	log	power	nullind	independent	n1	ips	9.302453877319767	0.24961361145008684	0.2790767371815724	0.3124957868571453	
log-power-nullind.mapjitter.klw	log	power	nullind	independent	n1	ips	9.987858862892702	0.2528043979175355	0.2817136824322403	0.3144038056018261	
log-power-nullind.mapjitter.klw	log	power	nullind	independent	n1	ips	10.723764501351818	0.25598962137053044	0.28437131298669527	0.31649336442870435	
log-power-nullind.mapjitter.klw	log	power	nullind	independent	n1	ips	11.513891681800072	0.2592317562927857	0.28706495556135314	0.3185819922201131	
log-power-nullind.mapjitter.klw	log	power	nullind	independent	n1	ips	12.36223544852308	0.2624209786747498	0.28981021249825956	0.3207599326172574	
log-power-nullind.mapjitter.klw	log	power	nullind	independent	n1	ips	13.273085200748401	0.2656661811104505	0.2925604310864208	0.3229618141891801	
log-power-nullind.mapjitter.klw	log	power	nullind	independent	n1	ips	14.25104638072347	0.26891564549353836	0.295332894644969	0.32520263306584507	
log-power-nullind.mapjitter.klw	log	power	nullind	independent	n1	ips	15.301063759771553	0.2720827149958808	0.298168781783955	0.32766945747243464	
log-power-nullind.mapjitter.klw	log	power	nullind	independent	n1	ips	16.428446440064768	0.2751844833923879	0.3010261119187959	0.33013000096511	
log-power-nullind.mapjitter.klw	log	power	nullind	independent	n1	ips	17.638894698528226	0.2782631191541378	0.3038724399716545	0.33277891287736816	
log-power-nullind.mapjitter.klw	log	power	nullind	independent	n1	ips	18.93852880860355	0.281310389463111	0.3067690980507874	0.33550129774345344	
log-power-nullind.mapjitter.klw	log	power	nullind	independent	n1	ips	20.33391998560055	0.284357858033406	0.3097001984657326	0.3383370307569656	
log-power-nullind.mapjitter.klw	log	power	nullind	independent	n1	ips	21.832123612102944	0.2872804205632449	0.3126258548754676	0.3414101075303087	
log-power-nullind.mapjitter.klw	log	power	nullind	independent	n1	ips	23.440714911422706	0.29015422255478734	0.31557846077339646	0.34449989671951914	
log-power-nullind.mapjitter.klw	log	power	nullind	independent	n1	ips	25.16782724947517	0.29304700070549655	0.3185790167657555	0.34780088743646326	
log-power-nullind.mapjitter.klw	log	power	nullind	independent	n1	ips	27.0221932587371	0.29577985336036666	0.32162749028240223	0.35120994984640863	
log-power-nullind.mapjitter.klw	log	power	nullind	independent	n1	ips	29.01318899221878	0.2984514307050939	0.32466715922160927	0.35480087480510003	
log-power-nullind.mapjitter.klw	log	power	nullind	independent	n1	ips	31.150881330701633	0.30110179589249975	0.3277614147848812	0.3583659824925818	
log-power-nullind.mapjitter.klw	log	power	nullind	independent	n1	ips	33.44607888294205	0.3037589617604671	0.3308782694452086	0.36220498029993453	
log-power-nullind.mapjitter.klw	log	power	nullind	independent	n1	ips	35.910386636203285	0.306283524657622	0.3340048082085483	0.366180159605266	
log-power-nullind.mapjitter.klw	log	power	nullind	independent	n1	ips	38.55626463343953	0.3088025625921568	0.33712781901308775	0.3703287685424062	
log-power-nullind.mapjitter.klw	log	power	nullind	independent	n1	ips	41.397090973816184	0.31121159387976427	0.34030375490016396	0.3745815715684582	
log-power-nullind.mapjitter.klw	log	power	nullind	independent	n1	ips	44.44722945510957	0.3135884513774282	0.34353762455623094	0.37894287037641883	
log-power-nullind.mapjitter.klw	log	power	nullind	independent	n1	ips	47.722102200000165	0.31581897411668186	0.3467557194944456	0.3836097668253704	
log-power-nullind.mapjitter.klw	log	power	nullind	independent	n1	ips	51.23826763347237	0.31806855208062246	0.35002801124695043	0.3881481676764767	
log-power-nullind.mapjitter.klw	log	power	nullind	independent	n1	ips	55.01350420559078	0.3202184910718004	0.3533475582576583	0.3929923190896388	
log-power-nullind.mapjitter.klw	log	power	nullind	independent	n1	ips	59.0669002829722	0.32233219510888395	0.35670173332369515	0.39789931006420587	
log-power-nullind.mapjitter.klw	log	power	nullind	independent	n1	ips	63.4189506634631	0.32441972737983166	0.3600413070138058	0.40299740378854115	
log-power-nullind.mapjitter.klw	log	power	nullind	independent	n1	ips	68.0916602020204	0.32658463018027795	0.36346379275492857	0.40831247756628897	
log-power-nullind.mapjitter.klw	log	power	nullind	independent	n1	ips	73.10865507174931	0.32861920029000086	0.3669485257110386	0.4135865111749819	
log-power-nullind.mapjitter.klw	log	power	nullind	independent	n1	ips	78.49530222265639	0.33067944690718903	0.3704156300627496	0.4190042354675711	
log-power-nullind.mapjitter.klw	log	power	nullind	independent	n1	ips	84.27883764212618	0.33275005025556365	0.3739270590772015	0.4245940553602295	
log-power-nullind.mapjitter.klw	log	power	nullind	independent	n1	ips	90.48850406563211	0.33476014232463536	0.3774254091225389	0.4302575271716715	
log-power-nullind.mapjitter.klw	log	power	nullind	independent	n1	ips	97.15569883397539	0.33672125571233086	0.3810039450021074	0.4359728499624856	
log-power-nullind.mapjitter.klw	log	power	nullind	independent	n1	ips	104.31413264464811	0.3386648228869407	0.38460363691898997	0.4418382678132485	
log-power-nullind.mapjitter.klw	log	power	nullind	independent	n1	ips	111.99999999999996	0.34058662031871567	0.3882423251673928	0.44782557040635695	
log-power-nullind.mapjitter.klw	log	power	nullind	independent	n1	vertex	6.999999999999999	0.2368782525253684	0.26875402342259047	0.30519264704939697	
log-power-nullind.mapjitter.klw	log	power	nullind	independent	n1	vertex	7.515760138376834	0.24001927575399837	0.27130335688588525	0.3069194686751467	
log-power-nullind.mapjitter.klw	log	power	nullind	independent	n1	vertex	8.069521493944878	0.24321638481257976	0.2738626240115011	0.30869236005579276	
log-power-nullind.mapjitter.klw	log	power	nullind	independent	n1	vertex	8.664083997137997	0.2463783386872937	0.2764551322574701	0.31053857565472004	
log-power-nullind.mapjitter.klw	log	power	nullind	independent	n1	vertex	9.302453877319767	0.24961361145008684	0.2790767371815724	0.3124957868571453	
log-power-nullind.mapjitter.klw	log	power	nullind	independent	n1	vertex	9.987858862892702	0.2528043979175355	0.2817136824322403	0.3144038056018261	
log-power-nullind.mapjitter.klw	log	power	nullind	independent	n1	vertex	10.723764501351818	0.25598962137053044	0.28437131298669527	0.31649336442870435	
log-power-nullind.mapjitter.klw	log	power	nullind	independent	n1	vertex	11.513891681800072	0.2592317562927857	0.28706495556135314	0.3185819922201131	
log-power-nullind.mapjitter.klw	log	power	nullind	independent	n1	vertex	12.36223544852308	0.2624209786747498	0.28981021249825956	0.3207599326172574	
log-power-nullind.mapjitter.klw	log	power	nullind	independent	n1	vertex	13.273085200748401	0.2656661811104505	0.2925604310864208	0.3229618141891801	
log-power-nullind.mapjitter.klw	log	power	nullind	independent	n1	vertex	14.25104638072347	0.26891564549353836	0.295332894644969	0.32520263306584507	
log-power-nullind.mapjitter.klw	log	power	nullind	independent	n1	vertex	15.301063759771553	0.2720827149958808	0.298168781783955	0.32766945747243464	
log-power-nullind.mapjitter.klw	log	power	nullind	independent	n1	vertex	16.428446440064768	0.2751844833923879	0.3010261119187959	0.33013000096511	
log-power-nullind.mapjitter.klw	log	power	nullind	independent	n1	vertex	17.638894698528226	0.2782631191541378	0.3038724399716545	0.33277891287736816	
log-power-nullind.mapjitter.klw	log	power	nullind	independent	n1	vertex	18.93852880860355	0.281310389463111	0.3067690980507874	0.33550129774345344	
log-power-nullind.mapjitter.klw	log	power	nullind	independent	n1	vertex	20.33391998560055	0.284357858033406	0.3097001984657326	0.3383370307569656	
log-power-nullind.mapjitter.klw	log	power	nullind	independent	n1	vertex	21.832123612102944	0.2872804205632449	0.3126258548754676	0.3414101075303087	
log-power-nullind.mapjitter.klw	log	power	nullind	independent	n1	vertex	23.440714911422706	0.29015422255478734	0.31557846077339646	0.34449989671951914	
log-power-nullind.mapjitter.klw	log	power	nullind	independent	n1	vertex	25.16782724947517	0.29304700070549655	0.3185790167657555	0.34780088743646326	
log-power-nullind.mapjitter.klw	log	power	nullind	independent	n1	vertex	27.0221932587371	0.29577985336036666	0.32162749028240223	0.35120994984640863	
log-power-nullind.mapjitter.klw	log	power	nullind	independent	n1	vertex	29.01318899221878	0.2984514307050939	0.32466715922160927	0.35480087480510003	
log-power-nullind.mapjitter.klw	log	power	nullind	independent	n1	vertex	31.150881330701633	0.30110179589249975	0.3277614147848812	0.3583659824925818	
log-power-nullind.mapjitter.klw	log	power	nullind	independent	n1	vertex	33.44607888294205	0.3037589617604671	0.3308782694452086	0.36220498029993453	
log-power-nullind.mapjitter.klw	log	power	nullind	independent	n1	vertex	35.910386636203285	0.306283524657622	0.3340048082085483	0.366180159605266	
log-power-nullind.mapjitter.klw	log	power	nullind	independent	n1	vertex	38.55626463343953	0.3088025625921568	0.33712781901308775	0.3703287685424062	
log-power-nullind.mapjitter.klw	log	power	nullind	independent	n1	vertex	41.397090973816184	0.31121159387976427	0.34030375490016396	0.3745815715684582	
log-power-nullind.mapjitter.klw	log	power	nullind	independent	n1	vertex	44.44722945510957	0.3135884513774282	0.34353762455623094	0.37894287037641883	
log-power-nullind.mapjitter.klw	log	power	nullind	independent	n1	vertex	47.722102200000165	0.31581897411668186	0.3467557194944456	0.3836097668253704	
log-power-nullind.mapjitter.klw	log	power	nullind	independent	n1	vertex	51.23826763347237	0.31806855208062246	0.35002801124695043	0.3881481676764767	
log-power-nullind.mapjitter.klw	log	power	nullind	independent	n1	vertex	55.01350420559078	0.3202184910718004	0.3533475582576583	0.3929923190896388	
log-power-nullind.mapjitter.klw	log	power	nullind	independent	n1	vertex	59.0669002829722	0.32233219510888395	0.35670173332369515	0.39789931006420587	
log-power-nullind.mapjitter.klw	log	power	nullind	independent	n1	vertex	63.4189506634631	0.32441972737983166	0.3600413070138058	0.40299740378854115	
log-power-nullind.mapjitter.klw	log	power	nullind	independent	n1	vertex	68.0916602020204	0.32658463018027795	0.36346379275492857	0.40831247756628897	
log-power-nullind.mapjitter.klw	log	power	nullind	independent	n1	vertex	73.10865507174931	0.32861920029000086	0.3669485257110386	0.4135865111749819	
log-power-nullind.mapjitter.klw	log	power	nullind	independent	n1	vertex	78.49530222265639	0.33067944690718903	0.3704156300627496	0.4190042354675711	
log-power-nullind.mapjitter.klw	log	power	nullind	independent	n1	vertex	84.27883764212618	0.33275005025556365	0.3739270590772015	0.4245940553602295	
log-power-nullind.mapjitter.klw	log	power	nullind	independent	n1	vertex	90.48850406563211	0.33476014232463536	0.3774254091225389	0.4302575271716715	
log-power-nullind.mapjitter.klw	log	power	nullind	independent	n1	vertex	97.15569883397539	0.33672125571233086	0.3810039450021074	0.4359728499624856	
log-power-nullind.mapjitter.klw	log	power	nullind	independent	n1	vertex	104.31413264464811	0.3386648228869407	0.38460363691898997	0.4418382678132485	
log-power-nullind.mapjitter.klw	log	power	nullind	independent	n1	vertex	111.99999999999996	0.34058662031871567	0.3882423251673928	0.44782557040635695	
log-power-nullind.mapjitter.klw	log	power	nullind	independent	n2	ips	6.999999999999999	0.10393006448004898	0.13657264489552168	0.17004124802393972	
log-power-nullind.mapjitter.klw	log	power	nullind	independent	n2	ips	7.515760138376834	0.10772060744615655	0.14035495141071885	0.17361994196800143	
log-power-nullind.mapjitter.klw	log	power	nullind	independent	n2	ips	8.069521493944878	0.11165154095411409	0.14423099699139025	0.1772488000054707	
log-power-nullind.mapjitter.klw	log	power	nullind	independent	n2	ips	8.664083997137997	0.1157676915827673	0.14822998464825154	0.18100154650398764	
log-power-nullind.mapjitter.klw	log	power	nullind	independent	n2	ips	9.302453877319767	0.11997073028740281	0.15235815389117824	0.18477954640698507	
log-power-nullind.mapjitter.klw	log	power	nullind	independent	n2	ips	9.987858862892702	0.12432210664259725	0.15658124152499847	0.1886928899275755	
log-power-nullind.mapjitter.klw	log	power	nullind	independent	n2	ips	10.723764501351818	0.12881924876296513	0.1609195643449544	0.19267702980736937	
log-power-nullind.mapjitter.klw	log	power	nullind	independent	n2	ips	11.513891681800072	0.13347950170372613	0.16538471428917428	0.19676531010367077	
log-power-nullind.mapjitter.klw	log	power	nullind	independent	n2	ips	12.36223544852308	0.138286919116091	0.1699510514158372	0.2010106974048833	
log-power-nullind.mapjitter.klw	log	power	nullind	independent	n2	ips	13.273085200748401	0.1432200121543201	0.17466196246175328	0.20534316600043645	
log-power-nullind.mapjitter.klw	log	power	nullind	independent	n2	ips	14.25104638072347	0.14834684279630084	0.17951926698706722	0.2098458568901082	
log-power-nullind.mapjitter.klw	log	power	nullind	independent	n2	ips	15.301063759771553	0.15359208739945251	0.18448992612379395	0.21442249353777634	
log-power-nullind.mapjitter.klw	log	power	nullind	independent	n2	ips	16.428446440064768	0.15905087020576372	0.1895990085616024	0.2191883769551529	
log-power-nullind.mapjitter.klw	log	power	nullind	independent	n2	ips	17.638894698528226	0.16466789166295817	0.1948565926711034	0.22411723775736525	
log-power-nullind.mapjitter.klw	log	power	nullind	independent	n2	ips	18.93852880860355	0.17037091760971385	0.20023133183644765	0.22916852785633085	
log-power-nullind.mapjitter.klw	log	power	nullind	independent	n2	ips	20.33391998560055	0.17631851361738266	0.20574081078924653	0.2344387533395473	
log-power-nullind.mapjitter.klw	log	power	nullind	independent	n2	ips	21.832123612102944	0.182361607852339	0.21140829220610413	0.2398134068630835	
log-power-nullind.mapjitter.klw	log	power	nullind	independent	n2	ips	23.440714911422706	0.18864253523511829	0.21726710474363609	0.24540581859095775	
log-power-nullind.mapjitter.klw	log	power	nullind	independent	n2	ips	25.16782724947517	0.19497626705477958	0.22325742572171123	0.2512925339880011	
log-power-nullind.mapjitter.klw	log	power	nullind	independent	n2	ips	27.0221932587371	0.2014603120274325	0.2294319108551766	0.2573845234209391	
log-power-nullind.mapjitter.klw	log	power	nullind	independent	n2	ips	29.01318899221878	0.20801001568502014	0.2357572336492194	0.26387917638582453	
log-power-nullind.mapjitter.klw	log	power	nullind	independent	n2	ips	31.150881330701633	0.214759501494175	0.24232072578061217	0.270658285920912	
log-power-nullind.mapjitter.klw	log	power	nullind	independent	n2	ips	33.44607888294205	0.22158191002159636	0.24904341095772015	0.27763676348491134	
log-power-nullind.mapjitter.klw	log	power	nullind	independent	n2	ips	35.910386636203285	0.22841538499665284	0.2559499786543301	0.28486542954598776	
log-power-nullind.mapjitter.klw	log	power	nullind	independent	n2	ips	38.55626463343953	0.23530501441139487	0.2630360289589525	0.29253603118324495	
log-power-nullind.mapjitter.klw	log	power	nullind	independent	n2	ips	41.397090973816184	0.2421935410032781	0.27032139505048214	0.300623956936071	
log-power-nullind.mapjitter.klw	log	power	nullind	independent	n2	ips	44.44722945510957	0.249032775188763	0.2778556310953272	0.3091293772429589	
log-power-nullind.mapjitter.klw	log	power	nullind	independent	n2	ips	47.722102200000165	0.2558993226340832	0.2856282385772384	0.3180130544530866	
log-power-nullind.mapjitter.klw	log	power	nullind	independent	n2	ips	51.23826763347237	0.26274009647069224	0.29363557992743883	0.32731049278876634	
log-power-nullind.mapjitter.klw	log	power	nullind	independent	n2	ips	55.01350420559078	0.2696508097951018	0.30180811037434274	0.3369621548054683	
log-power-nullind.mapjitter.klw	log	power	nullind	independent	n2	ips	59.0669002829722	0.276667666533434	0.3101787286809181	0.3472447190804503	
log-power-nullind.mapjitter.klw	log	power	nullind	independent	n2	ips	63.4189506634631	0.28363765714212724	0.3188295011226386	0.35819346452409034	
log-power-nullind.mapjitter.klw	log	power	nullind	independent	n2	ips	68.0916602020204	0.29068310728021113	0.32769445489711263	0.3694167657283507	
log-power-nullind.mapjitter.klw	log	power	nullind	independent	n2	ips	73.10865507174931	0.2976000645828305	0.33684727333458353	0.38129955809536703	
log-power-nullind.mapjitter.klw	log	power	nullind	independent	n2	ips	78.49530222265639	0.30451265901580965	0.346292675881284	0.39375928176633646	
log-power-nullind.mapjitter.klw	log	power	nullind	independent	n2	ips	84.27883764212618	0.311556869563064	0.35595170527505715	0.4068953109995073	
log-power-nullind.mapjitter.klw	log	power	nullind	independent	n2	ips	90.48850406563211	0.31865873212296325	0.36589168458001975	0.42064984059473676	
log-power-nullind.mapjitter.klw	log	power	nullind	independent	n2	ips	97.15569883397539	0.3258157902851287	0.376055886745848	0.43484080870583686	
log-power-nullind.mapjitter.klw	log	power	nullind	independent	n2	ips	104.31413264464811	0.3328862997040384	0.386572561316768	0.449532703690147	
log-power-nullind.mapjitter.klw	log	power	nullind	independent	n2	ips	111.99999999999996	0.3402346627812582	0.39741167947274425	0.4650217972884064	
log-power-nullind.mapjitter.klw	log	power	nullind	independent	n2	vertex	6.999999999999999	0.10393006448004898	0.13657264489552168	0.17004124802393972	
log-power-nullind.mapjitter.klw	log	power	nullind	independent	n2	vertex	7.515760138376834	0.10772060744615655	0.14035495141071885	0.17361994196800143	
log-power-nullind.mapjitter.klw	log	power	nullind	independent	n2	vertex	8.069521493944878	0.11165154095411409	0.14423099699139025	0.1772488000054707	
log-power-nullind.mapjitter.klw	log	power	nullind	independent	n2	vertex	8.664083997137997	0.1157676915827673	0.14822998464825154	0.18100154650398764	
log-power-nullind.mapjitter.klw	log	power	nullind	independent	n2	vertex	9.302453877319767	0.11997073028740281	0.15235815389117824	0.18477954640698507	
log-power-nullind.mapjitter.klw	log	power	nullind	independent	n2	vertex	9.987858862892702	0.12432210664259725	0.15658124152499847	0.1886928899275755	
log-power-nullind.mapjitter.klw	log	power	nullind	independent	n2	vertex	10.723764501351818	0.12881924876296513	0.1609195643449544	0.19267702980736937	
log-power-nullind.mapjitter.klw	log	power	nullind	independent	n2	vertex	11.513891681800072	0.13347950170372613	0.16538471428917428	0.19676531010367077	
log-power-nullind.mapjitter.klw	log	power	nullind	independent	n2	vertex	12.36223544852308	0.138286919116091	0.1699510514158372	0.2010106974048833	
log-power-nullind.mapjitter.klw	log	power	nullind	independent	n2	vertex	13.273085200748401	0.1432200121543201	0.17466196246175328	0.20534316600043645	
log-power-nullind.mapjitter.klw	log	power	nullind	independent	n2	vertex	14.25104638072347	0.14834684279630084	0.17951926698706722	0.2098458568901082	
log-power-nullind.mapjitter.klw	log	power	nullind	independent	n2	vertex	15.301063759771553	0.15359208739945251	0.18448992612379395	0.21442249353777634	
log-power-nullind.mapjitter.klw	log	power	nullind	independent	n2	vertex	16.428446440064768	0.15905087020576372	0.1895990085616024	0.2191883769551529	
log-power-nullind.mapjitter.klw	log	power	nullind	independent	n2	vertex	17.638894698528226	0.16466789166295817	0.1948565926711034	0.22411723775736525	
log-power-nullind.mapjitter.klw	log	power	nullind	independent	n2	vertex	18.93852880860355	0.17037091760971385	0.20023133183644765	0.22916852785633085	
log-power-nullind.mapjitter.klw	log	power	nullind	independent	n2	vertex	20.33391998560055	0.17631851361738266	0.20574081078924653	0.2344387533395473	
log-power-nullind.mapjitter.klw	log	power	nullind	independent	n2	vertex	21.832123612102944	0.182361607852339	0.21140829220610413	0.2398134068630835	
log-power-nullind.mapjitter.klw	log	power	nullind	independent	n2	vertex	23.440714911422706	0.18864253523511829	0.21726710474363609	0.24540581859095775	
log-power-nullind.mapjitter.klw	log	power	nullind	independent	n2	vertex	25.16782724947517	0.19497626705477958	0.22325742572171123	0.2512925339880011	
log-power-nullind.mapjitter.klw	log	power	nullind	independent	n2	vertex	27.0221932587371	0.2014603120274325	0.2294319108551766	0.2573845234209391	
log-power-nullind.mapjitter.klw	log	power	nullind	independent	n2	vertex	29.01318899221878	0.20801001568502014	0.2357572336492194	0.26387917638582453	
log-power-nullind.mapjitter.klw	log	power	nullind	independent	n2	vertex	31.150881330701633	0.214759501494175	0.24232072578061217	0.270658285920912	
log-power-nullind.mapjitter.klw	log	power	nullind	independent	n2	vertex	33.44607888294205	0.22158191002159636	0.24904341095772015	0.27763676348491134	
log-power-nullind.mapjitter.klw	log	power	nullind	independent	n2	vertex	35.910386636203285	0.22841538499665284	0.2559499786543301	0.28486542954598776	
log-power-nullind.mapjitter.klw	log	power	nullind	independent	n2	vertex	38.55626463343953	0.23530501441139487	0.2630360289589525	0.29253603118324495	
log-power-nullind.mapjitter.klw	log	power	nullind	independent	n2	vertex	41.397090973816184	0.2421935410032781	0.27032139505048214	0.300623956936071	
log-power-nullind.mapjitter.klw	log	power	nullind	independent	n2	vertex	44.44722945510957	0.249032775188763	0.2778556310953272	0.3091293772429589	
log-power-nullind.mapjitter.klw	log	power	nullind	independent	n2	vertex	47.722102200000165	0.2558993226340832	0.2856282385772384	0.3180130544530866	
log-power-nullind.mapjitter.klw	log	power	nullind	independent	n2	vertex	51.23826763347237	0.26274009647069224	0.29363557992743883	0.32731049278876634	
log-power-nullind.mapjitter.klw	log	power	nullind	independent	n2	vertex	55.01350420559078	0.2696508097951018	0.30180811037434274	0.3369621548054683	
log-power-nullind.mapjitter.klw	log	power	nullind	independent	n2	vertex	59.0669002829722	0.276667666533434	0.3101787286809181	0.3472447190804503	
log-power-nullind.mapjitter.klw	log	power	nullind	independent	n2	vertex	63.4189506634631	0.28363765714212724	0.3188295011226386	0.35819346452409034	
log-power-nullind.mapjitter.klw	log	power	nullind	independent	n2	vertex	68.0916602020204	0.29068310728021113	0.32769445489711263	0.3694167657283507	
log-power-nullind.mapjitter.klw	log	power	nullind	independent	n2	vertex	73.10865507174931	0.2976000645828305	0.33684727333458353	0.38129955809536703	
log-power-nullind.mapjitter.klw	log	power	nullind	independent	n2	vertex	78.49530222265639	0.30451265901580965	0.346292675881284	0.39375928176633646	
log-power-nullind.mapjitter.klw	log	power	nullind	independent	n2	vertex	84.27883764212618	0.311556869563064	0.35595170527505715	0.4068953109995073	
log-power-nullind.mapjitter.klw	log	power	nullind	independent	n2	vertex	90.48850406563211	0.31865873212296325	0.36589168458001975	0.42064984059473676	
log-power-nullind.mapjitter.klw	log	power	nullind	independent	n2	vertex	97.15569883397539	0.3258157902851287	0.376055886745848	0.43484080870583686	
log-power-nullind.mapjitter.klw	log	power	nullind	independent	n2	vertex	104.31413264464811	0.3328862997040384	0.386572561316768	0.449532703690147	
log-power-nullind.mapjitter.klw	log	power	nullind	independent	n2	vertex	111.99999999999996	0.3402346627812582	0.39741167947274425	0.4650217972884064	
log-power-nullind.mapjitter.klw	log	power	nullind	independent	n2	delta_pct	6.999999999999999	0.0	0.0	0.0	
log-power-nullind.mapjitter.klw	log	power	nullind	independent	n2	delta_pct	7.515760138376834	0.0	0.0	0.0	
log-power-nullind.mapjitter.klw	log	power	nullind	independent	n2	delta_pct	8.069521493944878	0.0	0.0	0.0	
log-power-nullind.mapjitter.klw	log	power	nullind	independent	n2	delta_pct	8.664083997137997	0.0	0.0	0.0	
log-power-nullind.mapjitter.klw	log	power	nullind	independent	n2	delta_pct	9.302453877319767	0.0	0.0	0.0	
log-power-nullind.mapjitter.klw	log	power	nullind	independent	n2	delta_pct	9.987858862892702	0.0	0.0	0.0	
log-power-nullind.mapjitter.klw	log	power	nullind	independent	n2	delta_pct	10.723764501351818	0.0	0.0	0.0	
log-power-nullind.mapjitter.klw	log	power	nullind	independent	n2	delta_pct	11.513891681800072	0.0	0.0	0.0	
log-power-nullind.mapjitter.klw	log	power	nullind	independent	n2	delta_pct	12.36223544852308	0.0	0.0	0.0	
log-power-nullind.mapjitter.klw	log	power	nullind	independent	n2	delta_pct	13.273085200748401	0.0	0.0	0.0	
log-power-nullind.mapjitter.klw	log	power	nullind	independent	n2	delta_pct	14.25104638072347	0.0	0.0	0.0	
log-power-nullind.mapjitter.klw	log	power	nullind	independent	n2	delta_pct	15.301063759771553	0.0	0.0	0.0	
log-power-nullind.mapjitter.klw	log	power	nullind	independent	n2	delta_pct	16.428446440064768	0.0	0.0	0.0	
log-power-nullind.mapjitter.klw	log	power	nullind	independent	n2	delta_pct	17.638894698528226	0.0	0.0	0.0	
log-power-nullind.mapjitter.klw	log	power	nullind	independent	n2	delta_pct	18.93852880860355	0.0	0.0	0.0	
log-power-nullind.mapjitter.klw	log	power	nullind	independent	n2	delta_pct	20.33391998560055	0.0	0.0	0.0	
log-power-nullind.mapjitter.klw	log	power	nullind	independent	n2	delta_pct	21.832123612102944	0.0	0.0	0.0	
log-power-nullind.mapjitter.klw	log	power	nullind	independent	n2	delta_pct	23.440714911422706	0.0	0.0	0.0	
log-power-nullind.mapjitter.klw	log	power	nullind	independent	n2	delta_pct	25.16782724947517	0.0	0.0	0.0	
log-power-nullind.mapjitter.klw	log	power	nullind	independent	n2	delta_pct	27.0221932587371	0.0	0.0	0.0	
log-power-nullind.mapjitter.klw	log	power	nullind	independent	n2	delta_pct	29.01318899221878	0.0	0.0	0.0	
log-power-nullind.mapjitter.klw	log	power	nullind	independent	n2	delta_pct	31.150881330701633	0.0	0.0	0.0	
log-power-nullind.mapjitter.klw	log	power	nullind	independent	n2	delta_pct	33.44607888294205	0.0	0.0	0.0	
log-power-nullind.mapjitter.klw	log	power	nullind	independent	n2	delta_pct	35.910386636203285	0.0	0.0	0.0	
log-power-nullind.mapjitter.klw	log	power	nullind	independent	n2	delta_pct	38.55626463343953	0.0	0.0	0.0	
log-power-nullind.mapjitter.klw	log	power	nullind	independent	n2	delta_pct	41.397090973816184	0.0	0.0	0.0	
log-power-nullind.mapjitter.klw	log	power	nullind	independent	n2	delta_pct	44.44722945510957	0.0	0.0	0.0	
log-power-nullind.mapjitter.klw	log	power	nullind	independent	n2	delta_pct	47.722102200000165	0.0	0.0	0.0	
log-power-nullind.mapjitter.klw	log	power	nullind	independent	n2	delta_pct	51.23826763347237	0.0	0.0	0.0	
log-power-nullind.mapjitter.klw	log	power	nullind	independent	n2	delta_pct	55.01350420559078	0.0	0.0	0.0	
log-power-nullind.mapjitter.klw	log	power	nullind	independent	n2	delta_pct	59.0669002829722	0.0	0.0	0.0	
log-power-nullind.mapjitter.klw	log	power	nullind	independent	n2	delta_pct	63.4189506634631	0.0	0.0	0.0	
log-power-nullind.mapjitter.klw	log	power	nullind	independent	n2	delta_pct	68.0916602020204	0.0	0.0	0.0	
log-power-nullind.mapjitter.klw	log	power	nullind	independent	n2	delta_pct	73.10865507174931	0.0	0.0	0.0	
log-power-nullind.mapjitter.klw	log	power	nullind	independent	n2	delta_pct	78.49530222265639	0.0	0.0	0.0	
log-power-nullind.mapjitter.klw	log	power	nullind	independent	n2	delta_pct	84.27883764212618	0.0	0.0	0.0	
log-power-nullind.mapjitter.klw	log	power	nullind	independent	n2	delta_pct	90.48850406563211	0.0	0.0	0.0	
log-power-nullind.mapjitter.klw	log	power	nullind	independent	n2	delta_pct	97.15569883397539	0.0	0.0	0.0	
log-power-nullind.mapjitter.klw	log	power	nullind	independent	n2	delta_pct	104.31413264464811	0.0	0.0	0.0	
log-power-nullind.mapjitter.klw	log	power	nullind	independent	n2	delta_pct	111.99999999999996	0.0	0.0	0.0	
log-power-nullind.mapjitter.klw	log	power	nullind	independent	n2	delta	6.999999999999999	0.0	0.0	0.0	0.0
log-power-nullind.mapjitter.klw	log	power	nullind	independent	n2	delta	7.515760138376834	0.0	0.0	0.0	0.0
log-power-nullind.mapjitter.klw	log	power	nullind	independent	n2	delta	8.069521493944878	0.0	0.0	0.0	0.0
log-power-nullind.mapjitter.klw	log	power	nullind	independent	n2	delta	8.664083997137997	0.0	0.0	0.0	0.0
log-power-nullind.mapjitter.klw	log	power	nullind	independent	n2	delta	9.302453877319767	0.0	0.0	0.0	0.0
log-power-nullind.mapjitter.klw	log	power	nullind	independent	n2	delta	9.987858862892702	0.0	0.0	0.0	0.0
log-power-nullind.mapjitter.klw	log	power	nullind	independent	n2	delta	10.723764501351818	0.0	0.0	0.0	0.0
log-power-nullind.mapjitter.klw	log	power	nullind	independent	n2	delta	11.513891681800072	0.0	0.0	0.0	0.0
log-power-nullind.mapjitter.klw	log	power	nullind	independent	n2	delta	12.36223544852308	0.0	0.0	0.0	0.0
log-power-nullind.mapjitter.klw	log	power	nullind	independent	n2	delta	13.273085200748401	0.0	0.0	0.0	0.0
log-power-nullind.mapjitter.klw	log	power	nullind	independent	n2	delta	14.25104638072347	0.0	0.0	0.0	0.0
log-power-nullind.mapjitter.klw	log	power	nullind	independent	n2	delta	15.301063759771553	0.0	0.0	0.0	0.0
log-power-nullind.mapjitter.klw	log	power	nullind	independent	n2	delta	16.428446440064768	0.0	0.0	0.0	0.0
log-power-nullind.mapjitter.klw	log	power	nullind	independent	n2	delta	17.638894698528226	0.0	0.0	0.0	0.0
log-power-nullind.mapjitter.klw	log	power	nullind	independent	n2	delta	18.93852880860355	0.0	0.0	0.0	0.0
log-power-nullind.mapjitter.klw	log	power	nullind	independent	n2	delta	20.33391998560055	0.0	0.0	0.0	0.0
log-power-nullind.mapjitter.klw	log	power	nullind	independent	n2	delta	21.832123612102944	0.0	0.0	0.0	0.0
log-power-nullind.mapjitter.klw	log	power	nullind	independent	n2	delta	23.440714911422706	0.0	0.0	0.0	0.0
log-power-nullind.mapjitter.klw	log	power	nullind	independent	n2	delta	25.16782724947517	0.0	0.0	0.0	0.0
log-power-nullind.mapjitter.klw	log	power	nullind	independent	n2	delta	27.0221932587371	0.0	0.0	0.0	0.0
log-power-nullind.mapjitter.klw	log	power	nullind	independent	n2	delta	29.01318899221878	0.0	0.0	0.0	0.0
log-power-nullind.mapjitter.klw	log	power	nullind	independent	n2	delta	31.150881330701633	0.0	0.0	0.0	0.0
log-power-nullind.mapjitter.klw	log	power	nullind	independent	n2	delta	33.44607888294205	0.0	0.0	0.0	0.0
log-power-nullind.mapjitter.klw	log	power	nullind	independent	n2	delta	35.910386636203285	0.0	0.0	0.0	0.0
log-power-nullind.mapjitter.klw	log	power	nullind	independent	n2	delta	38.55626463343953	0.0	0.0	0.0	0.0
log-power-nullind.mapjitter.klw	log	power	nullind	independent	n2	delta	41.397090973816184	0.0	0.0	0.0	0.0
log-power-nullind.mapjitter.klw	log	power	nullind	independent	n2	delta	44.44722945510957	0.0	0.0	0.0	0.0
log-power-nullind.mapjitter.klw	log	power	nullind	independent	n2	delta	47.722102200000165	0.0	0.0	0.0	0.0
log-power-nullind.mapjitter.klw	log	power	nullind	independent	n2	delta	51.23826763347237	0.0	0.0	0.0	0.0
log-power-nullind.mapjitter.klw	log	power	nullind	independent	n2	delta	55.01350420559078	0.0	0.0	0.0	0.0
log-power-nullind.mapjitter.klw	log	power	nullind	independent	n2	delta	59.0669002829722	0.0	0.0	0.0	0.0
log-power-nullind.mapjitter.klw	log	power	nullind	independent	n2	delta	63.4189506634631	0.0	0.0	0.0	0.0
log-power-nullind.mapjitter.klw	log	power	nullind	independent	n2	delta	68.0916602020204	0.0	0.0	0.0	0.0
log-power-nullind.mapjitter.klw	log	power	nullind	independent	n2	delta	73.10865507174931	0.0	0.0	0.0	0.0
log-power-nullind.mapjitter.klw	log	power	nullind	independent	n2	delta	78.49530222265639	0.0	0.0	0.0	0.0
log-power-nullind.mapjitter.klw	log	power	nullind	independent	n2	delta	84.27883764212618	0.0	0.0	0.0	0.0
log-power-nullind.mapjitter.klw	log	power	nullind	independent	n2	delta	90.48850406563211	0.0	0.0	0.0	0.0
log-power-nullind.mapjitter.klw	log	power	nullind	independent	n2	delta	97.15569883397539	0.0	0.0	0.0	0.0
log-power-nullind.mapjitter.klw	log	power	nullind	independent	n2	delta	104.31413264464811	0.0	0.0	0.0	0.0
log-power-nullind.mapjitter.klw	log	power	nullind	independent	n2	delta	111.99999999999996	0.0	0.0	0.0	0.0
log-power-nullind.mapjitter.klw	log	power	nullind	independent	n1	delta_pct	6.999999999999999	0.0	0.0	0.0	
log-power-nullind.mapjitter.klw	log	power	nullind	independent	n1	delta_pct	7.515760138376834	0.0	0.0	0.0	
log-power-nullind.mapjitter.klw	log	power	nullind	independent	n1	delta_pct	8.069521493944878	0.0	0.0	0.0	
log-power-nullind.mapjitter.klw	log	power	nullind	independent	n1	delta_pct	8.664083997137997	0.0	0.0	0.0	
log-power-nullind.mapjitter.klw	log	power	nullind	independent	n1	delta_pct	9.302453877319767	0.0	0.0	0.0	
log-power-nullind.mapjitter.klw	log	power	nullind	independent	n1	delta_pct	9.987858862892702	0.0	0.0	0.0	
log-power-nullind.mapjitter.klw	log	power	nullind	independent	n1	delta_pct	10.723764501351818	0.0	0.0	0.0	
log-power-nullind.mapjitter.klw	log	power	nullind	independent	n1	delta_pct	11.513891681800072	0.0	0.0	0.0	
log-power-nullind.mapjitter.klw	log	power	nullind	independent	n1	delta_pct	12.36223544852308	0.0	0.0	0.0	
log-power-nullind.mapjitter.klw	log	power	nullind	independent	n1	delta_pct	13.273085200748401	0.0	0.0	0.0	
log-power-nullind.mapjitter.klw	log	power	nullind	independent	n1	delta_pct	14.25104638072347	0.0	0.0	0.0	
log-power-nullind.mapjitter.klw	log	power	nullind	independent	n1	delta_pct	15.301063759771553	0.0	0.0	0.0	
log-power-nullind.mapjitter.klw	log	power	nullind	independent	n1	delta_pct	16.428446440064768	0.0	0.0	0.0	
log-power-nullind.mapjitter.klw	log	power	nullind	independent	n1	delta_pct	17.638894698528226	0.0	0.0	0.0	
log-power-nullind.mapjitter.klw	log	power	nullind	independent	n1	delta_pct	18.93852880860355	0.0	0.0	0.0	
log-power-nullind.mapjitter.klw	log	power	nullind	independent	n1	delta_pct	20.33391998560055	0.0	0.0	0.0	
log-power-nullind.mapjitter.klw	log	power	nullind	independent	n1	delta_pct	21.832123612102944	0.0	0.0	0.0	
log-power-nullind.mapjitter.klw	log	power	nullind	independent	n1	delta_pct	23.440714911422706	0.0	0.0	0.0	
log-power-nullind.mapjitter.klw	log	power	nullind	independent	n1	delta_pct	25.16782724947517	0.0	0.0	0.0	
log-power-nullind.mapjitter.klw	log	power	nullind	independent	n1	delta_pct	27.0221932587371	0.0	0.0	0.0	
log-power-nullind.mapjitter.klw	log	power	nullind	independent	n1	delta_pct	29.01318899221878	0.0	0.0	0.0	
log-power-nullind.mapjitter.klw	log	power	nullind	independent	n1	delta_pct	31.150881330701633	0.0	0.0	0.0	
log-power-nullind.mapjitter.klw	log	power	nullind	independent	n1	delta_pct	33.44607888294205	0.0	0.0	0.0	
log-power-nullind.mapjitter.klw	log	power	nullind	independent	n1	delta_pct	35.910386636203285	0.0	0.0	0.0	
log-power-nullind.mapjitter.klw	log	power	nullind	independent	n1	delta_pct	38.55626463343953	0.0	0.0	0.0	
log-power-nullind.mapjitter.klw	log	power	nullind	independent	n1	delta_pct	41.397090973816184	0.0	0.0	0.0	
log-power-nullind.mapjitter.klw	log	power	nullind	independent	n1	delta_pct	44.44722945510957	0.0	0.0	0.0	
log-power-nullind.mapjitter.klw	log	power	nullind	independent	n1	delta_pct	47.722102200000165	0.0	0.0	0.0	
log-power-nullind.mapjitter.klw	log	power	nullind	independent	n1	delta_pct	51.23826763347237	0.0	0.0	0.0	
log-power-nullind.mapjitter.klw	log	power	nullind	independent	n1	delta_pct	55.01350420559078	0.0	0.0	0.0	
log-power-nullind.mapjitter.klw	log	power	nullind	independent	n1	delta_pct	59.0669002829722	0.0	0.0	0.0	
log-power-nullind.mapjitter.klw	log	power	nullind	independent	n1	delta_pct	63.4189506634631	0.0	0.0	0.0	
log-power-nullind.mapjitter.klw	log	power	nullind	independent	n1	delta_pct	68.0916602020204	0.0	0.0	0.0	
log-power-nullind.mapjitter.klw	log	power	nullind	independent	n1	delta_pct	73.10865507174931	0.0	0.0	0.0	
log-power-nullind.mapjitter.klw	log	power	nullind	independent	n1	delta_pct	78.49530222265639	0.0	0.0	0.0	
log-power-nullind.mapjitter.klw	log	power	nullind	independent	n1	delta_pct	84.27883764212618	0.0	0.0	0.0	
log-power-nullind.mapjitter.klw	log	power	nullind	independent	n1	delta_pct	90.48850406563211	0.0	0.0	0.0	
log-power-nullind.mapjitter.klw	log	power	nullind	independent	n1	delta_pct	97.15569883397539	0.0	0.0	0.0	
log-power-nullind.mapjitter.klw	log	power	nullind	independent	n1	delta_pct	104.31413264464811	0.0	0.0	0.0	
log-power-nullind.mapjitter.klw	log	power	nullind	independent	n1	delta_pct	111.99999999999996	0.0	0.0	0.0	
log-power-nullind.mapjitter.klw	log	power	nullind	independent	n1	delta	6.999999999999999	0.0	0.0	0.0	0.0
log-power-nullind.mapjitter.klw	log	power	nullind	independent	n1	delta	7.515760138376834	0.0	0.0	0.0	0.0
log-power-nullind.mapjitter.klw	log	power	nullind	independent	n1	delta	8.069521493944878	0.0	0.0	0.0	0.0
log-power-nullind.mapjitter.klw	log	power	nullind	independent	n1	delta	8.664083997137997	0.0	0.0	0.0	0.0
log-power-nullind.mapjitter.klw	log	power	nullind	independent	n1	delta	9.302453877319767	0.0	0.0	0.0	0.0
log-power-nullind.mapjitter.klw	log	power	nullind	independent	n1	delta	9.987858862892702	0.0	0.0	0.0	0.0
log-power-nullind.mapjitter.klw	log	power	nullind	independent	n1	delta	10.723764501351818	0.0	0.0	0.0	0.0
log-power-nullind.mapjitter.klw	log	power	nullind	independent	n1	delta	11.513891681800072	0.0	0.0	0.0	0.0
log-power-nullind.mapjitter.klw	log	power	nullind	independent	n1	delta	12.36223544852308	0.0	0.0	0.0	0.0
log-power-nullind.mapjitter.klw	log	power	nullind	independent	n1	delta	13.273085200748401	0.0	0.0	0.0	0.0
log-power-nullind.mapjitter.klw	log	power	nullind	independent	n1	delta	14.25104638072347	0.0	0.0	0.0	0.0
log-power-nullind.mapjitter.klw	log	power	nullind	independent	n1	delta	15.301063759771553	0.0	0.0	0.0	0.0
log-power-nullind.mapjitter.klw	log	power	nullind	independent	n1	delta	16.428446440064768	0.0	0.0	0.0	0.0
log-power-nullind.mapjitter.klw	log	power	nullind	independent	n1	delta	17.638894698528226	0.0	0.0	0.0	0.0
log-power-nullind.mapjitter.klw	log	power	nullind	independent	n1	delta	18.93852880860355	0.0	0.0	0.0	0.0
log-power-nullind.mapjitter.klw	log	power	nullind	independent	n1	delta	20.33391998560055	0.0	0.0	0.0	0.0
log-power-nullind.mapjitter.klw	log	power	nullind	independent	n1	delta	21.832123612102944	0.0	0.0	0.0	0.0
log-power-nullind.mapjitter.klw	log	power	nullind	independent	n1	delta	23.440714911422706	0.0	0.0	0.0	0.0
log-power-nullind.mapjitter.klw	log	power	nullind	independent	n1	delta	25.16782724947517	0.0	0.0	0.0	0.0
log-power-nullind.mapjitter.klw	log	power	nullind	independent	n1	delta	27.0221932587371	0.0	0.0	0.0	0.0
log-power-nullind.mapjitter.klw	log	power	nullind	independent	n1	delta	29.01318899221878	0.0	0.0	0.0	0.0
log-power-nullind.mapjitter.klw	log	power	nullind	independent	n1	delta	31.150881330701633	0.0	0.0	0.0	0.0
log-power-nullind.mapjitter.klw	log	power	nullind	independent	n1	delta	33.44607888294205	0.0	0.0	0.0	0.0
log-power-nullind.mapjitter.klw	log	power	nullind	independent	n1	delta	35.910386636203285	0.0	0.0	0.0	0.0
log-power-nullind.mapjitter.klw	log	power	nullind	independent	n1	delta	38.55626463343953	0.0	0.0	0.0	0.0
log-power-nullind.mapjitter.klw	log	power	nullind	independent	n1	delta	41.397090973816184	0.0	0.0	0.0	0.0
log-power-nullind.mapjitter.klw	log	power	nullind	independent	n1	delta	44.44722945510957	0.0	0.0	0.0	0.0
log-power-nullind.mapjitter.klw	log	power	nullind	independent	n1	delta	47.722102200000165	0.0	0.0	0.0	0.0
log-power-nullind.mapjitter.klw	log	power	nullind	independent	n1	delta	51.23826763347237	0.0	0.0	0.0	0.0
log-power-nullind.mapjitter.klw	log	power	nullind	independent	n1	delta	55.01350420559078	0.0	0.0	0.0	0.0
log-power-nullind.mapjitter.klw	log	power	nullind	independent	n1	delta	59.0669002829722	0.0	0.0	0.0	0.0
log-power-nullind.mapjitter.klw	log	power	nullind	independent	n1	delta	63.4189506634631	0.0	0.0	0.0	0.0
log-power-nullind.mapjitter.klw	log	power	nullind	independent	n1	delta	68.0916602020204	0.0	0.0	0.0	0.0
log-power-nullind.mapjitter.klw	log	power	nullind	independent	n1	delta	73.10865507174931	0.0	0.0	0.0	0.0
log-power-nullind.mapjitter.klw	log	power	nullind	independent	n1	delta	78.49530222265639	0.0	0.0	0.0	0.0
log-power-nullind.mapjitter.klw	log	power	nullind	independent	n1	delta	84.27883764212618	0.0	0.0	0.0	0.0
log-power-nullind.mapjitter.klw	log	power	nullind	independent	n1	delta	90.48850406563211	0.0	0.0	0.0	0.0
log-power-nullind.mapjitter.klw	log	power	nullind	independent	n1	delta	97.15569883397539	0.0	0.0	0.0	0.0
log-power-nullind.mapjitter.klw	log	power	nullind	independent	n1	delta	104.31413264464811	0.0	0.0	0.0	0.0
log-power-nullind.mapjitter.klw	log	power	nullind	independent	n1	delta	111.99999999999996	0.0	0.0	0.0	0.0
log-spl5-null.mapjitter.klw	log	spl5	null	shared_perceptual_noise	perc	ips	6.999999999999999	0.11972260716565204	0.16307060294368464	0.20461015872541707	
log-spl5-null.mapjitter.klw	log	spl5	null	shared_perceptual_noise	perc	ips	7.515760138376834	0.13035512934163135	0.16897093800014942	0.2058541898950527	
log-spl5-null.mapjitter.klw	log	spl5	null	shared_perceptual_noise	perc	ips	8.069521493944878	0.13994001627423353	0.1748236362446989	0.20799471338722642	
log-spl5-null.mapjitter.klw	log	spl5	null	shared_perceptual_noise	perc	ips	8.664083997137997	0.14850571079023078	0.18075144395781384	0.21142672335620477	
log-spl5-null.mapjitter.klw	log	spl5	null	shared_perceptual_noise	perc	ips	9.302453877319767	0.15532985585119546	0.18668529587566215	0.21637417266556577	
log-spl5-null.mapjitter.klw	log	spl5	null	shared_perceptual_noise	perc	ips	9.987858862892702	0.16053107480265197	0.19255221461592836	0.22295673993426085	
log-spl5-null.mapjitter.klw	log	spl5	null	shared_perceptual_noise	perc	ips	10.723764501351818	0.16451334358463518	0.19846152258849165	0.2310645891797647	
log-spl5-null.mapjitter.klw	log	spl5	null	shared_perceptual_noise	perc	ips	11.513891681800072	0.1671871424555782	0.20437598216268715	0.24048591936721248	
log-spl5-null.mapjitter.klw	log	spl5	null	shared_perceptual_noise	perc	ips	12.36223544852308	0.1688203978098773	0.21027051020799273	0.25098364285431785	
log-spl5-null.mapjitter.klw	log	spl5	null	shared_perceptual_noise	perc	ips	13.273085200748401	0.1705431398479956	0.21349023770732004	0.2558407740113436	
log-spl5-null.mapjitter.klw	log	spl5	null	shared_perceptual_noise	perc	ips	14.25104638072347	0.17373979830954062	0.2101921015193692	0.24599845735094647	
log-spl5-null.mapjitter.klw	log	spl5	null	shared_perceptual_noise	perc	ips	15.301063759771553	0.17501176229267532	0.2068066558199937	0.2379194135447069	
log-spl5-null.mapjitter.klw	log	spl5	null	shared_perceptual_noise	perc	ips	16.428446440064768	0.1734001775298494	0.20349962862449694	0.2324378362093113	
log-spl5-null.mapjitter.klw	log	spl5	null	shared_perceptual_noise	perc	ips	17.638894698528226	0.16845814833618414	0.2002828084803976	0.23026005961419516	
log-spl5-null.mapjitter.klw	log	spl5	null	shared_perceptual_noise	perc	ips	18.93852880860355	0.16064504275763805	0.1969995997674897	0.23123045817912896	
log-spl5-null.mapjitter.klw	log	spl5	null	shared_perceptual_noise	perc	ips	20.33391998560055	0.15516712600888474	0.1946089364220801	0.2318958761710616	
log-spl5-null.mapjitter.klw	log	spl5	null	shared_perceptual_noise	perc	ips	21.832123612102944	0.1617606928138016	0.19536335700294521	0.2270358138089186	
log-spl5-null.mapjitter.klw	log	spl5	null	shared_perceptual_noise	perc	ips	23.440714911422706	0.16635424030118215	0.19603884572634178	0.2242347668187305	
log-spl5-null.mapjitter.klw	log	spl5	null	shared_perceptual_noise	perc	ips	25.16782724947517	0.16804768653660238	0.19679009487815288	0.22442577531115887	
log-spl5-null.mapjitter.klw	log	spl5	null	shared_perceptual_noise	perc	ips	27.0221932587371	0.16647446073235006	0.19748502475195223	0.2277909929747923	
log-spl5-null.mapjitter.klw	log	spl5	null	shared_perceptual_noise	perc	ips	29.01318899221878	0.16213959028232303	0.19826491163023513	0.2333948176351149	
log-spl5-null.mapjitter.klw	log	spl5	null	shared_perceptual_noise	perc	ips	31.150881330701633	0.16537085557525727	0.20332579969654177	0.2403774926251089	
log-spl5-null.mapjitter.klw	log	spl5	null	shared_perceptual_noise	perc	ips	33.44607888294205	0.17616800700524887	0.21215255380906306	0.24778932272904453	
log-spl5-null.mapjitter.klw	log	spl5	null	shared_perceptual_noise	perc	ips	35.910386636203285	0.18679381294766362	0.22096967348342603	0.25532650815177443	
log-spl5-null.mapjitter.klw	log	spl5	null	shared_perceptual_noise	perc	ips	38.55626463343953	0.19703291058708647	0.22979742293060426	0.2632249417517731	
log-spl5-null.mapjitter.klw	log	spl5	null	shared_perceptual_noise	perc	ips	41.397090973816184	0.20705777131438818	0.23863560187804123	0.2715065594589834	
log-spl5-null.mapjitter.klw	log	spl5	null	shared_perceptual_noise	perc	ips	44.44722945510957	0.21654948946787522	0.24745662312768013	0.2801356407253161	
log-spl5-null.mapjitter.klw	log	spl5	null	shared_perceptual_noise	perc	ips	47.722102200000165	0.22566274453381535	0.25626670875540547	0.28922769106777024	
log-spl5-null.mapjitter.klw	log	spl5	null	shared_perceptual_noise	perc	ips	51.23826763347237	0.2344273492738098	0.26511181497759706	0.29872370178850616	
log-spl5-null.mapjitter.klw	log	spl5	null	shared_perceptual_noise	perc	ips	55.01350420559078	0.2427830384318	0.2739352682594133	0.3083939172528325	
log-spl5-null.mapjitter.klw	log	spl5	null	shared_perceptual_noise	perc	ips	59.0669002829722	0.2508525331633177	0.2828438358216512	0.3185245020757817	
log-spl5-null.mapjitter.klw	log	spl5	null	shared_perceptual_noise	perc	ips	63.4189506634631	0.2585072248554148	0.29166406482770335	0.32911843800453355	
log-spl5-null.mapjitter.klw	log	spl5	null	shared_perceptual_noise	perc	ips	68.0916602020204	0.26594833711382565	0.30051753896928957	0.3400065438849957	
log-spl5-null.mapjitter.klw	log	spl5	null	shared_perceptual_noise	perc	ips	73.10865507174931	0.27309755804392716	0.30929882529820907	0.3510589058236922	
log-spl5-null.mapjitter.klw	log	spl5	null	shared_perceptual_noise	perc	ips	78.49530222265639	0.2799733970633672	0.3180945258429405	0.36246185588757834	
log-spl5-null.mapjitter.klw	log	spl5	null	shared_perceptual_noise	perc	ips	84.27883764212618	0.28665693909882517	0.3269275170219783	0.37389125473117557	
log-spl5-null.mapjitter.klw	log	spl5	null	shared_perceptual_noise	perc	ips	90.48850406563211	0.29314377694854615	0.3357235812131817	0.3857518955499941	
log-spl5-null.mapjitter.klw	log	spl5	null	shared_perceptual_noise	perc	ips	97.15569883397539	0.2996490165190549	0.3445126409008201	0.3974604282980182	
log-spl5-null.mapjitter.klw	log	spl5	null	shared_perceptual_noise	perc	ips	104.31413264464811	0.3060454003071661	0.3533372142073344	0.4093328266327191	
log-spl5-null.mapjitter.klw	log	spl5	null	shared_perceptual_noise	perc	ips	111.99999999999996	0.3123265639758584	0.36215431390949393	0.42136450288808863	
log-spl5-null.mapjitter.klw	log	spl5	null	shared_perceptual_noise	perc	vertex	6.999999999999999	0.11972260716565204	0.16307060294368464	0.20461015872541707	
log-spl5-null.mapjitter.klw	log	spl5	null	shared_perceptual_noise	perc	vertex	7.515760138376834	0.13035512934163135	0.16897093800014942	0.2058541898950527	
log-spl5-null.mapjitter.klw	log	spl5	null	shared_perceptual_noise	perc	vertex	8.069521493944878	0.13994001627423353	0.1748236362446989	0.20799471338722642	
log-spl5-null.mapjitter.klw	log	spl5	null	shared_perceptual_noise	perc	vertex	8.664083997137997	0.14850571079023078	0.18075144395781384	0.21142672335620477	
log-spl5-null.mapjitter.klw	log	spl5	null	shared_perceptual_noise	perc	vertex	9.302453877319767	0.15532985585119546	0.18668529587566215	0.21637417266556577	
log-spl5-null.mapjitter.klw	log	spl5	null	shared_perceptual_noise	perc	vertex	9.987858862892702	0.16053107480265197	0.19255221461592836	0.22295673993426085	
log-spl5-null.mapjitter.klw	log	spl5	null	shared_perceptual_noise	perc	vertex	10.723764501351818	0.16451334358463518	0.19846152258849165	0.2310645891797647	
log-spl5-null.mapjitter.klw	log	spl5	null	shared_perceptual_noise	perc	vertex	11.513891681800072	0.1671871424555782	0.20437598216268715	0.24048591936721248	
log-spl5-null.mapjitter.klw	log	spl5	null	shared_perceptual_noise	perc	vertex	12.36223544852308	0.1688203978098773	0.21027051020799273	0.25098364285431785	
log-spl5-null.mapjitter.klw	log	spl5	null	shared_perceptual_noise	perc	vertex	13.273085200748401	0.1705431398479956	0.21349023770732004	0.2558407740113436	
log-spl5-null.mapjitter.klw	log	spl5	null	shared_perceptual_noise	perc	vertex	14.25104638072347	0.17373979830954062	0.2101921015193692	0.24599845735094647	
log-spl5-null.mapjitter.klw	log	spl5	null	shared_perceptual_noise	perc	vertex	15.301063759771553	0.17501176229267532	0.2068066558199937	0.2379194135447069	
log-spl5-null.mapjitter.klw	log	spl5	null	shared_perceptual_noise	perc	vertex	16.428446440064768	0.1734001775298494	0.20349962862449694	0.2324378362093113	
log-spl5-null.mapjitter.klw	log	spl5	null	shared_perceptual_noise	perc	vertex	17.638894698528226	0.16845814833618414	0.2002828084803976	0.23026005961419516	
log-spl5-null.mapjitter.klw	log	spl5	null	shared_perceptual_noise	perc	vertex	18.93852880860355	0.16064504275763805	0.1969995997674897	0.23123045817912896	
log-spl5-null.mapjitter.klw	log	spl5	null	shared_perceptual_noise	perc	vertex	20.33391998560055	0.15516712600888474	0.1946089364220801	0.2318958761710616	
log-spl5-null.mapjitter.klw	log	spl5	null	shared_perceptual_noise	perc	vertex	21.832123612102944	0.1617606928138016	0.19536335700294521	0.2270358138089186	
log-spl5-null.mapjitter.klw	log	spl5	null	shared_perceptual_noise	perc	vertex	23.440714911422706	0.16635424030118215	0.19603884572634178	0.2242347668187305	
log-spl5-null.mapjitter.klw	log	spl5	null	shared_perceptual_noise	perc	vertex	25.16782724947517	0.16804768653660238	0.19679009487815288	0.22442577531115887	
log-spl5-null.mapjitter.klw	log	spl5	null	shared_perceptual_noise	perc	vertex	27.0221932587371	0.16647446073235006	0.19748502475195223	0.2277909929747923	
log-spl5-null.mapjitter.klw	log	spl5	null	shared_perceptual_noise	perc	vertex	29.01318899221878	0.16213959028232303	0.19826491163023513	0.2333948176351149	
log-spl5-null.mapjitter.klw	log	spl5	null	shared_perceptual_noise	perc	vertex	31.150881330701633	0.16537085557525727	0.20332579969654177	0.2403774926251089	
log-spl5-null.mapjitter.klw	log	spl5	null	shared_perceptual_noise	perc	vertex	33.44607888294205	0.17616800700524887	0.21215255380906306	0.24778932272904453	
log-spl5-null.mapjitter.klw	log	spl5	null	shared_perceptual_noise	perc	vertex	35.910386636203285	0.18679381294766362	0.22096967348342603	0.25532650815177443	
log-spl5-null.mapjitter.klw	log	spl5	null	shared_perceptual_noise	perc	vertex	38.55626463343953	0.19703291058708647	0.22979742293060426	0.2632249417517731	
log-spl5-null.mapjitter.klw	log	spl5	null	shared_perceptual_noise	perc	vertex	41.397090973816184	0.20705777131438818	0.23863560187804123	0.2715065594589834	
log-spl5-null.mapjitter.klw	log	spl5	null	shared_perceptual_noise	perc	vertex	44.44722945510957	0.21654948946787522	0.24745662312768013	0.2801356407253161	
log-spl5-null.mapjitter.klw	log	spl5	null	shared_perceptual_noise	perc	vertex	47.722102200000165	0.22566274453381535	0.25626670875540547	0.28922769106777024	
log-spl5-null.mapjitter.klw	log	spl5	null	shared_perceptual_noise	perc	vertex	51.23826763347237	0.2344273492738098	0.26511181497759706	0.29872370178850616	
log-spl5-null.mapjitter.klw	log	spl5	null	shared_perceptual_noise	perc	vertex	55.01350420559078	0.2427830384318	0.2739352682594133	0.3083939172528325	
log-spl5-null.mapjitter.klw	log	spl5	null	shared_perceptual_noise	perc	vertex	59.0669002829722	0.2508525331633177	0.2828438358216512	0.3185245020757817	
log-spl5-null.mapjitter.klw	log	spl5	null	shared_perceptual_noise	perc	vertex	63.4189506634631	0.2585072248554148	0.29166406482770335	0.32911843800453355	
log-spl5-null.mapjitter.klw	log	spl5	null	shared_perceptual_noise	perc	vertex	68.0916602020204	0.26594833711382565	0.30051753896928957	0.3400065438849957	
log-spl5-null.mapjitter.klw	log	spl5	null	shared_perceptual_noise	perc	vertex	73.10865507174931	0.27309755804392716	0.30929882529820907	0.3510589058236922	
log-spl5-null.mapjitter.klw	log	spl5	null	shared_perceptual_noise	perc	vertex	78.49530222265639	0.2799733970633672	0.3180945258429405	0.36246185588757834	
log-spl5-null.mapjitter.klw	log	spl5	null	shared_perceptual_noise	perc	vertex	84.27883764212618	0.28665693909882517	0.3269275170219783	0.37389125473117557	
log-spl5-null.mapjitter.klw	log	spl5	null	shared_perceptual_noise	perc	vertex	90.48850406563211	0.29314377694854615	0.3357235812131817	0.3857518955499941	
log-spl5-null.mapjitter.klw	log	spl5	null	shared_perceptual_noise	perc	vertex	97.15569883397539	0.2996490165190549	0.3445126409008201	0.3974604282980182	
log-spl5-null.mapjitter.klw	log	spl5	null	shared_perceptual_noise	perc	vertex	104.31413264464811	0.3060454003071661	0.3533372142073344	0.4093328266327191	
log-spl5-null.mapjitter.klw	log	spl5	null	shared_perceptual_noise	perc	vertex	111.99999999999996	0.3123265639758584	0.36215431390949393	0.42136450288808863	
log-spl5-null.mapjitter.klw	log	spl5	null	shared_perceptual_noise	mem	ips	6.999999999999999	0.07004313926074843	0.10954830668488329	0.15901759334665144	
log-spl5-null.mapjitter.klw	log	spl5	null	shared_perceptual_noise	mem	ips	7.515760138376834	0.07371690001987118	0.1095813544335483	0.15419774229900227	
log-spl5-null.mapjitter.klw	log	spl5	null	shared_perceptual_noise	mem	ips	8.069521493944878	0.0764219989628505	0.1096461904596298	0.1503567012790776	
log-spl5-null.mapjitter.klw	log	spl5	null	shared_perceptual_noise	mem	ips	8.664083997137997	0.0780257395100208	0.1096080858128519	0.14752933911274996	
log-spl5-null.mapjitter.klw	log	spl5	null	shared_perceptual_noise	mem	ips	9.302453877319767	0.07835245121638383	0.10954816316084731	0.14649734281791668	
log-spl5-null.mapjitter.klw	log	spl5	null	shared_perceptual_noise	mem	ips	9.987858862892702	0.07742902624882579	0.1093441947226817	0.14754710153410872	
log-spl5-null.mapjitter.klw	log	spl5	null	shared_perceptual_noise	mem	ips	10.723764501351818	0.07526930276900597	0.10912095388962956	0.15028647436235315	
log-spl5-null.mapjitter.klw	log	spl5	null	shared_perceptual_noise	mem	ips	11.513891681800072	0.07203512387535434	0.1088228214964187	0.15408573046949542	
log-spl5-null.mapjitter.klw	log	spl5	null	shared_perceptual_noise	mem	ips	12.36223544852308	0.06784945053385898	0.10855023118946784	0.1586319852283474	
log-spl5-null.mapjitter.klw	log	spl5	null	shared_perceptual_noise	mem	ips	13.273085200748401	0.06737154354896122	0.1091537981694456	0.16041828005296624	
log-spl5-null.mapjitter.klw	log	spl5	null	shared_perceptual_noise	mem	ips	14.25104638072347	0.07611456692287571	0.11197204441316758	0.15581394496293546	
log-spl5-null.mapjitter.klw	log	spl5	null	shared_perceptual_noise	mem	ips	15.301063759771553	0.08211737134643421	0.11468155818185448	0.15399437436458666	
log-spl5-null.mapjitter.klw	log	spl5	null	shared_perceptual_noise	mem	ips	16.428446440064768	0.08507912413931228	0.11730811254283974	0.15632010076428351	
log-spl5-null.mapjitter.klw	log	spl5	null	shared_perceptual_noise	mem	ips	17.638894698528226	0.08481823877548202	0.11979177148622697	0.16252383429310976	
log-spl5-null.mapjitter.klw	log	spl5	null	shared_perceptual_noise	mem	ips	18.93852880860355	0.08164280437839667	0.12208232661338558	0.1718609301554599	
log-spl5-null.mapjitter.klw	log	spl5	null	shared_perceptual_noise	mem	ips	20.33391998560055	0.0782488735601862	0.12249504736171236	0.17666729173474968	
log-spl5-null.mapjitter.klw	log	spl5	null	shared_perceptual_noise	mem	ips	21.832123612102944	0.07883908123771743	0.11650897870451705	0.1626312134084742	
log-spl5-null.mapjitter.klw	log	spl5	null	shared_perceptual_noise	mem	ips	23.440714911422706	0.07773747691678659	0.11044533617907717	0.15049572860193602	
log-spl5-null.mapjitter.klw	log	spl5	null	shared_perceptual_noise	mem	ips	25.16782724947517	0.07420609346329941	0.1042440351120702	0.14167884198268463	
log-spl5-null.mapjitter.klw	log	spl5	null	shared_perceptual_noise	mem	ips	27.0221932587371	0.06785825432775934	0.09784649706431132	0.1367536204768772	
log-spl5-null.mapjitter.klw	log	spl5	null	shared_perceptual_noise	mem	ips	29.01318899221878	0.05843964474609212	0.09135430713110222	0.13518669925350843	
log-spl5-null.mapjitter.klw	log	spl5	null	shared_perceptual_noise	mem	ips	31.150881330701633	0.05240446665577262	0.08682282406386874	0.13270052544530345	
log-spl5-null.mapjitter.klw	log	spl5	null	shared_perceptual_noise	mem	ips	33.44607888294205	0.05132915549715032	0.0838972566828193	0.12743348065533106	
log-spl5-null.mapjitter.klw	log	spl5	null	shared_perceptual_noise	mem	ips	35.910386636203285	0.05018269698010993	0.0809927813642061	0.12231005164477934	
log-spl5-null.mapjitter.klw	log	spl5	null	shared_perceptual_noise	mem	ips	38.55626463343953	0.048953645199483205	0.078053205472263	0.1171228402284501	
log-spl5-null.mapjitter.klw	log	spl5	null	shared_perceptual_noise	mem	ips	41.397090973816184	0.047644251927431644	0.07513250141839506	0.11210627624323331	
log-spl5-null.mapjitter.klw	log	spl5	null	shared_perceptual_noise	mem	ips	44.44722945510957	0.04624733031522401	0.07221296228934948	0.10720080994514647	
log-spl5-null.mapjitter.klw	log	spl5	null	shared_perceptual_noise	mem	ips	47.722102200000165	0.04471533466522399	0.06930278358034682	0.10235203316520616	
log-spl5-null.mapjitter.klw	log	spl5	null	shared_perceptual_noise	mem	ips	51.23826763347237	0.043095618463758985	0.06633874634758408	0.097708702005524	
log-spl5-null.mapjitter.klw	log	spl5	null	shared_perceptual_noise	mem	ips	55.01350420559078	0.04139130102353716	0.06336592497730309	0.09329151619356627	
log-spl5-null.mapjitter.klw	log	spl5	null	shared_perceptual_noise	mem	ips	59.0669002829722	0.0394996971817304	0.060375554999779216	0.08916046911932286	
log-spl5-null.mapjitter.klw	log	spl5	null	shared_perceptual_noise	mem	ips	63.4189506634631	0.03749188117035384	0.05736341901629325	0.08530933845824604	
log-spl5-null.mapjitter.klw	log	spl5	null	shared_perceptual_noise	mem	ips	68.0916602020204	0.03531286688005986	0.0543207832942757	0.08176994094815083	
log-spl5-null.mapjitter.klw	log	spl5	null	shared_perceptual_noise	mem	ips	73.10865507174931	0.03291951918135036	0.051287548681364634	0.07848213657233445	
log-spl5-null.mapjitter.klw	log	spl5	null	shared_perceptual_noise	mem	ips	78.49530222265639	0.030373490214158697	0.048191896866959474	0.07551328265946035	
log-spl5-null.mapjitter.klw	log	spl5	null	shared_perceptual_noise	mem	ips	84.27883764212618	0.027625606927153924	0.04509749040378348	0.07283477941791877	
log-spl5-null.mapjitter.klw	log	spl5	null	shared_perceptual_noise	mem	ips	90.48850406563211	0.02452399668393455	0.04199920256243756	0.07045036810516804	
log-spl5-null.mapjitter.klw	log	spl5	null	shared_perceptual_noise	mem	ips	97.15569883397539	0.021244227702459175	0.03894072063422149	0.06856286608434932	
log-spl5-null.mapjitter.klw	log	spl5	null	shared_perceptual_noise	mem	ips	104.31413264464811	0.01769270565778234	0.035887614671619494	0.06661640707643826	
log-spl5-null.mapjitter.klw	log	spl5	null	shared_perceptual_noise	mem	ips	111.99999999999996	0.013754710869833188	0.0328331772901652	0.06489998862118151	
log-spl5-null.mapjitter.klw	log	spl5	null	shared_perceptual_noise	mem	vertex	6.999999999999999	0.07004313926074843	0.10954830668488329	0.15901759334665144	
log-spl5-null.mapjitter.klw	log	spl5	null	shared_perceptual_noise	mem	vertex	7.515760138376834	0.07371690001987118	0.1095813544335483	0.15419774229900227	
log-spl5-null.mapjitter.klw	log	spl5	null	shared_perceptual_noise	mem	vertex	8.069521493944878	0.0764219989628505	0.1096461904596298	0.1503567012790776	
log-spl5-null.mapjitter.klw	log	spl5	null	shared_perceptual_noise	mem	vertex	8.664083997137997	0.0780257395100208	0.1096080858128519	0.14752933911274996	
log-spl5-null.mapjitter.klw	log	spl5	null	shared_perceptual_noise	mem	vertex	9.302453877319767	0.07835245121638383	0.10954816316084731	0.14649734281791668	
log-spl5-null.mapjitter.klw	log	spl5	null	shared_perceptual_noise	mem	vertex	9.987858862892702	0.07742902624882579	0.1093441947226817	0.14754710153410872	
log-spl5-null.mapjitter.klw	log	spl5	null	shared_perceptual_noise	mem	vertex	10.723764501351818	0.07526930276900597	0.10912095388962956	0.15028647436235315	
log-spl5-null.mapjitter.klw	log	spl5	null	shared_perceptual_noise	mem	vertex	11.513891681800072	0.07203512387535434	0.1088228214964187	0.15408573046949542	
log-spl5-null.mapjitter.klw	log	spl5	null	shared_perceptual_noise	mem	vertex	12.36223544852308	0.06784945053385898	0.10855023118946784	0.1586319852283474	
log-spl5-null.mapjitter.klw	log	spl5	null	shared_perceptual_noise	mem	vertex	13.273085200748401	0.06737154354896122	0.1091537981694456	0.16041828005296624	
log-spl5-null.mapjitter.klw	log	spl5	null	shared_perceptual_noise	mem	vertex	14.25104638072347	0.07611456692287571	0.11197204441316758	0.15581394496293546	
log-spl5-null.mapjitter.klw	log	spl5	null	shared_perceptual_noise	mem	vertex	15.301063759771553	0.08211737134643421	0.11468155818185448	0.15399437436458666	
log-spl5-null.mapjitter.klw	log	spl5	null	shared_perceptual_noise	mem	vertex	16.428446440064768	0.08507912413931228	0.11730811254283974	0.15632010076428351	
log-spl5-null.mapjitter.klw	log	spl5	null	shared_perceptual_noise	mem	vertex	17.638894698528226	0.08481823877548202	0.11979177148622697	0.16252383429310976	
log-spl5-null.mapjitter.klw	log	spl5	null	shared_perceptual_noise	mem	vertex	18.93852880860355	0.08164280437839667	0.12208232661338558	0.1718609301554599	
log-spl5-null.mapjitter.klw	log	spl5	null	shared_perceptual_noise	mem	vertex	20.33391998560055	0.0782488735601862	0.12249504736171236	0.17666729173474968	
log-spl5-null.mapjitter.klw	log	spl5	null	shared_perceptual_noise	mem	vertex	21.832123612102944	0.07883908123771743	0.11650897870451705	0.1626312134084742	
log-spl5-null.mapjitter.klw	log	spl5	null	shared_perceptual_noise	mem	vertex	23.440714911422706	0.07773747691678659	0.11044533617907717	0.15049572860193602	
log-spl5-null.mapjitter.klw	log	spl5	null	shared_perceptual_noise	mem	vertex	25.16782724947517	0.07420609346329941	0.1042440351120702	0.14167884198268463	
log-spl5-null.mapjitter.klw	log	spl5	null	shared_perceptual_noise	mem	vertex	27.0221932587371	0.06785825432775934	0.09784649706431132	0.1367536204768772	
log-spl5-null.mapjitter.klw	log	spl5	null	shared_perceptual_noise	mem	vertex	29.01318899221878	0.05843964474609212	0.09135430713110222	0.13518669925350843	
log-spl5-null.mapjitter.klw	log	spl5	null	shared_perceptual_noise	mem	vertex	31.150881330701633	0.05240446665577262	0.08682282406386874	0.13270052544530345	
log-spl5-null.mapjitter.klw	log	spl5	null	shared_perceptual_noise	mem	vertex	33.44607888294205	0.05132915549715032	0.0838972566828193	0.12743348065533106	
log-spl5-null.mapjitter.klw	log	spl5	null	shared_perceptual_noise	mem	vertex	35.910386636203285	0.05018269698010993	0.0809927813642061	0.12231005164477934	
log-spl5-null.mapjitter.klw	log	spl5	null	shared_perceptual_noise	mem	vertex	38.55626463343953	0.048953645199483205	0.078053205472263	0.1171228402284501	
log-spl5-null.mapjitter.klw	log	spl5	null	shared_perceptual_noise	mem	vertex	41.397090973816184	0.047644251927431644	0.07513250141839506	0.11210627624323331	
log-spl5-null.mapjitter.klw	log	spl5	null	shared_perceptual_noise	mem	vertex	44.44722945510957	0.04624733031522401	0.07221296228934948	0.10720080994514647	
log-spl5-null.mapjitter.klw	log	spl5	null	shared_perceptual_noise	mem	vertex	47.722102200000165	0.04471533466522399	0.06930278358034682	0.10235203316520616	
log-spl5-null.mapjitter.klw	log	spl5	null	shared_perceptual_noise	mem	vertex	51.23826763347237	0.043095618463758985	0.06633874634758408	0.097708702005524	
log-spl5-null.mapjitter.klw	log	spl5	null	shared_perceptual_noise	mem	vertex	55.01350420559078	0.04139130102353716	0.06336592497730309	0.09329151619356627	
log-spl5-null.mapjitter.klw	log	spl5	null	shared_perceptual_noise	mem	vertex	59.0669002829722	0.0394996971817304	0.060375554999779216	0.08916046911932286	
log-spl5-null.mapjitter.klw	log	spl5	null	shared_perceptual_noise	mem	vertex	63.4189506634631	0.03749188117035384	0.05736341901629325	0.08530933845824604	
log-spl5-null.mapjitter.klw	log	spl5	null	shared_perceptual_noise	mem	vertex	68.0916602020204	0.03531286688005986	0.0543207832942757	0.08176994094815083	
log-spl5-null.mapjitter.klw	log	spl5	null	shared_perceptual_noise	mem	vertex	73.10865507174931	0.03291951918135036	0.051287548681364634	0.07848213657233445	
log-spl5-null.mapjitter.klw	log	spl5	null	shared_perceptual_noise	mem	vertex	78.49530222265639	0.030373490214158697	0.048191896866959474	0.07551328265946035	
log-spl5-null.mapjitter.klw	log	spl5	null	shared_perceptual_noise	mem	vertex	84.27883764212618	0.027625606927153924	0.04509749040378348	0.07283477941791877	
log-spl5-null.mapjitter.klw	log	spl5	null	shared_perceptual_noise	mem	vertex	90.48850406563211	0.02452399668393455	0.04199920256243756	0.07045036810516804	
log-spl5-null.mapjitter.klw	log	spl5	null	shared_perceptual_noise	mem	vertex	97.15569883397539	0.021244227702459175	0.03894072063422149	0.06856286608434932	
log-spl5-null.mapjitter.klw	log	spl5	null	shared_perceptual_noise	mem	vertex	104.31413264464811	0.01769270565778234	0.035887614671619494	0.06661640707643826	
log-spl5-null.mapjitter.klw	log	spl5	null	shared_perceptual_noise	mem	vertex	111.99999999999996	0.013754710869833188	0.0328331772901652	0.06489998862118151	
log-spl5-null.mapjitter.klw	log	spl5	null	shared_perceptual_noise	n1	ips	6.999999999999999	0.2329767259255101	0.27326654588261984	0.3170166811966016	
log-spl5-null.mapjitter.klw	log	spl5	null	shared_perceptual_noise	n1	ips	7.515760138376834	0.24228520836460402	0.2790938291025548	0.3192251204708675	
log-spl5-null.mapjitter.klw	log	spl5	null	shared_perceptual_noise	n1	ips	8.069521493944878	0.2507030458590665	0.2848643688948659	0.3223203193790341	
log-spl5-null.mapjitter.klw	log	spl5	null	shared_perceptual_noise	n1	ips	8.664083997137997	0.2579649020708583	0.29054301925210924	0.3268244465791552	
log-spl5-null.mapjitter.klw	log	spl5	null	shared_perceptual_noise	n1	ips	9.302453877319767	0.2638458765459913	0.29627324124218724	0.33292438485229137	
log-spl5-null.mapjitter.klw	log	spl5	null	shared_perceptual_noise	n1	ips	9.987858862892702	0.26849425250260217	0.3020072512762618	0.3403758912547954	
log-spl5-null.mapjitter.klw	log	spl5	null	shared_perceptual_noise	n1	ips	10.723764501351818	0.2718375242666267	0.3076098237054635	0.3490777616979047	
log-spl5-null.mapjitter.klw	log	spl5	null	shared_perceptual_noise	n1	ips	11.513891681800072	0.27392909541091826	0.3132657344909271	0.35872407870945716	
log-spl5-null.mapjitter.klw	log	spl5	null	shared_perceptual_noise	n1	ips	12.36223544852308	0.2753997611421961	0.318999955069623	0.3693116845117534	
log-spl5-null.mapjitter.klw	log	spl5	null	shared_perceptual_noise	n1	ips	13.273085200748401	0.2780738290490598	0.32282318543101446	0.3742277684023041	
log-spl5-null.mapjitter.klw	log	spl5	null	shared_perceptual_noise	n1	ips	14.25104638072347	0.2838962105319989	0.3223069077972839	0.3659932617675756	
log-spl5-null.mapjitter.klw	log	spl5	null	shared_perceptual_noise	n1	ips	15.301063759771553	0.2875603156284703	0.32167523760747174	0.36019811201476476	
log-spl5-null.mapjitter.klw	log	spl5	null	shared_perceptual_noise	n1	ips	16.428446440064768	0.2880990334598764	0.3210065104996327	0.35812621012680657	
log-spl5-null.mapjitter.klw	log	spl5	null	shared_perceptual_noise	n1	ips	17.638894698528226	0.2852522818641207	0.32018462411406257	0.3599317473593869	
log-spl5-null.mapjitter.klw	log	spl5	null	shared_perceptual_noise	n1	ips	18.93852880860355	0.2797323939909414	0.31932969871304817	0.36482973587017126	
log-spl5-null.mapjitter.klw	log	spl5	null	shared_perceptual_noise	n1	ips	20.33391998560055	0.27419809019285035	0.31744401193622435	0.3669052426806346	
log-spl5-null.mapjitter.klw	log	spl5	null	shared_perceptual_noise	n1	ips	21.832123612102944	0.2748582482890636	0.31206332291149186	0.3548898737792587	
log-spl5-null.mapjitter.klw	log	spl5	null	shared_perceptual_noise	n1	ips	23.440714911422706	0.273831728599413	0.306720202493597	0.3443981171726085	
log-spl5-null.mapjitter.klw	log	spl5	null	shared_perceptual_noise	n1	ips	25.16782724947517	0.270510418157434	0.3012102185271812	0.3365196286635106	
log-spl5-null.mapjitter.klw	log	spl5	null	shared_perceptual_noise	n1	ips	27.0221932587371	0.2643127663237049	0.2955772524846734	0.3322404911744491	
log-spl5-null.mapjitter.klw	log	spl5	null	shared_perceptual_noise	n1	ips	29.01318899221878	0.25573849458564035	0.2899465135341416	0.3309242784539713	
log-spl5-null.mapjitter.klw	log	spl5	null	shared_perceptual_noise	n1	ips	31.150881330701633	0.2545997417856256	0.2904778938367701	0.33337183784084606	
log-spl5-null.mapjitter.klw	log	spl5	null	shared_perceptual_noise	n1	ips	33.44607888294205	0.26165330855644353	0.29637348057225416	0.33790083346121175	
log-spl5-null.mapjitter.klw	log	spl5	null	shared_perceptual_noise	n1	ips	35.910386636203285	0.2683319165246338	0.30234666404856314	0.3430060847894574	
log-spl5-null.mapjitter.klw	log	spl5	null	shared_perceptual_noise	n1	ips	38.55626463343953	0.274721413811801	0.30828075540017896	0.34831742753555744	
log-spl5-null.mapjitter.klw	log	spl5	null	shared_perceptual_noise	n1	ips	41.397090973816184	0.2809571052731195	0.3142024066972916	0.35376848667761396	
log-spl5-null.mapjitter.klw	log	spl5	null	shared_perceptual_noise	n1	ips	44.44722945510957	0.2868563033753497	0.32014533508231424	0.359813213220367	
log-spl5-null.mapjitter.klw	log	spl5	null	shared_perceptual_noise	n1	ips	47.722102200000165	0.2923891569768502	0.32604010133282235	0.36611764184891665	
log-spl5-null.mapjitter.klw	log	spl5	null	shared_perceptual_noise	n1	ips	51.23826763347237	0.29791938313328226	0.3319506481976057	0.3729127422174287	
log-spl5-null.mapjitter.klw	log	spl5	null	shared_perceptual_noise	n1	ips	55.01350420559078	0.30300433816784866	0.3378316909594782	0.37999931872386045	
log-spl5-null.mapjitter.klw	log	spl5	null	shared_perceptual_noise	n1	ips	59.0669002829722	0.3078475121542581	0.3436625126044077	0.3872440283523204	
log-spl5-null.mapjitter.klw	log	spl5	null	shared_perceptual_noise	n1	ips	63.4189506634631	0.31245983561281127	0.34954794844435333	0.39475448723114803	
log-spl5-null.mapjitter.klw	log	spl5	null	shared_perceptual_noise	n1	ips	68.0916602020204	0.31694431483039415	0.35541757707868066	0.40255286043426664	
log-spl5-null.mapjitter.klw	log	spl5	null	shared_perceptual_noise	n1	ips	73.10865507174931	0.321196682768151	0.36125442852286616	0.41044290525640964	
log-spl5-null.mapjitter.klw	log	spl5	null	shared_perceptual_noise	n1	ips	78.49530222265639	0.3252530136749307	0.36709933198722766	0.4184965073823267	
log-spl5-null.mapjitter.klw	log	spl5	null	shared_perceptual_noise	n1	ips	84.27883764212618	0.32933117110125465	0.372958329769305	0.42669473785245904	
log-spl5-null.mapjitter.klw	log	spl5	null	shared_perceptual_noise	n1	ips	90.48850406563211	0.33317200782803863	0.3787703918168731	0.43503077596624545	
log-spl5-null.mapjitter.klw	log	spl5	null	shared_perceptual_noise	n1	ips	97.15569883397539	0.3369306612263976	0.38457567505183454	0.4434369216576854	
log-spl5-null.mapjitter.klw	log	spl5	null	shared_perceptual_noise	n1	ips	104.31413264464811	0.34045392793452267	0.3904092143862684	0.4520053980491248	
log-spl5-null.mapjitter.klw	log	spl5	null	shared_perceptual_noise	n1	ips	111.99999999999996	0.3439018479706135	0.3962540155072785	0.4608649149426172	
log-spl5-null.mapjitter.klw	log	spl5	null	shared_perceptual_noise	n1	vertex	6.999999999999999	0.2329767259255101	0.27326654588261984	0.3170166811966016	
log-spl5-null.mapjitter.klw	log	spl5	null	shared_perceptual_noise	n1	vertex	7.515760138376834	0.24228520836460402	0.2790938291025548	0.3192251204708675	
log-spl5-null.mapjitter.klw	log	spl5	null	shared_perceptual_noise	n1	vertex	8.069521493944878	0.2507030458590665	0.2848643688948659	0.3223203193790341	
log-spl5-null.mapjitter.klw	log	spl5	null	shared_perceptual_noise	n1	vertex	8.664083997137997	0.2579649020708583	0.29054301925210924	0.3268244465791552	
log-spl5-null.mapjitter.klw	log	spl5	null	shared_perceptual_noise	n1	vertex	9.302453877319767	0.2638458765459913	0.29627324124218724	0.33292438485229137	
log-spl5-null.mapjitter.klw	log	spl5	null	shared_perceptual_noise	n1	vertex	9.987858862892702	0.26849425250260217	0.3020072512762618	0.3403758912547954	
log-spl5-null.mapjitter.klw	log	spl5	null	shared_perceptual_noise	n1	vertex	10.723764501351818	0.2718375242666267	0.3076098237054635	0.3490777616979047	
log-spl5-null.mapjitter.klw	log	spl5	null	shared_perceptual_noise	n1	vertex	11.513891681800072	0.27392909541091826	0.3132657344909271	0.35872407870945716	
log-spl5-null.mapjitter.klw	log	spl5	null	shared_perceptual_noise	n1	vertex	12.36223544852308	0.2753997611421961	0.318999955069623	0.3693116845117534	
log-spl5-null.mapjitter.klw	log	spl5	null	shared_perceptual_noise	n1	vertex	13.273085200748401	0.2780738290490598	0.32282318543101446	0.3742277684023041	
log-spl5-null.mapjitter.klw	log	spl5	null	shared_perceptual_noise	n1	vertex	14.25104638072347	0.2838962105319989	0.3223069077972839	0.3659932617675756	
log-spl5-null.mapjitter.klw	log	spl5	null	shared_perceptual_noise	n1	vertex	15.301063759771553	0.2875603156284703	0.32167523760747174	0.36019811201476476	
log-spl5-null.mapjitter.klw	log	spl5	null	shared_perceptual_noise	n1	vertex	16.428446440064768	0.2880990334598764	0.3210065104996327	0.35812621012680657	
log-spl5-null.mapjitter.klw	log	spl5	null	shared_perceptual_noise	n1	vertex	17.638894698528226	0.2852522818641207	0.32018462411406257	0.3599317473593869	
log-spl5-null.mapjitter.klw	log	spl5	null	shared_perceptual_noise	n1	vertex	18.93852880860355	0.2797323939909414	0.31932969871304817	0.36482973587017126	
log-spl5-null.mapjitter.klw	log	spl5	null	shared_perceptual_noise	n1	vertex	20.33391998560055	0.27419809019285035	0.31744401193622435	0.3669052426806346	
log-spl5-null.mapjitter.klw	log	spl5	null	shared_perceptual_noise	n1	vertex	21.832123612102944	0.2748582482890636	0.31206332291149186	0.3548898737792587	
log-spl5-null.mapjitter.klw	log	spl5	null	shared_perceptual_noise	n1	vertex	23.440714911422706	0.273831728599413	0.306720202493597	0.3443981171726085	
log-spl5-null.mapjitter.klw	log	spl5	null	shared_perceptual_noise	n1	vertex	25.16782724947517	0.270510418157434	0.3012102185271812	0.3365196286635106	
log-spl5-null.mapjitter.klw	log	spl5	null	shared_perceptual_noise	n1	vertex	27.0221932587371	0.2643127663237049	0.2955772524846734	0.3322404911744491	
log-spl5-null.mapjitter.klw	log	spl5	null	shared_perceptual_noise	n1	vertex	29.01318899221878	0.25573849458564035	0.2899465135341416	0.3309242784539713	
log-spl5-null.mapjitter.klw	log	spl5	null	shared_perceptual_noise	n1	vertex	31.150881330701633	0.2545997417856256	0.2904778938367701	0.33337183784084606	
log-spl5-null.mapjitter.klw	log	spl5	null	shared_perceptual_noise	n1	vertex	33.44607888294205	0.26165330855644353	0.29637348057225416	0.33790083346121175	
log-spl5-null.mapjitter.klw	log	spl5	null	shared_perceptual_noise	n1	vertex	35.910386636203285	0.2683319165246338	0.30234666404856314	0.3430060847894574	
log-spl5-null.mapjitter.klw	log	spl5	null	shared_perceptual_noise	n1	vertex	38.55626463343953	0.274721413811801	0.30828075540017896	0.34831742753555744	
log-spl5-null.mapjitter.klw	log	spl5	null	shared_perceptual_noise	n1	vertex	41.397090973816184	0.2809571052731195	0.3142024066972916	0.35376848667761396	
log-spl5-null.mapjitter.klw	log	spl5	null	shared_perceptual_noise	n1	vertex	44.44722945510957	0.2868563033753497	0.32014533508231424	0.359813213220367	
log-spl5-null.mapjitter.klw	log	spl5	null	shared_perceptual_noise	n1	vertex	47.722102200000165	0.2923891569768502	0.32604010133282235	0.36611764184891665	
log-spl5-null.mapjitter.klw	log	spl5	null	shared_perceptual_noise	n1	vertex	51.23826763347237	0.29791938313328226	0.3319506481976057	0.3729127422174287	
log-spl5-null.mapjitter.klw	log	spl5	null	shared_perceptual_noise	n1	vertex	55.01350420559078	0.30300433816784866	0.3378316909594782	0.37999931872386045	
log-spl5-null.mapjitter.klw	log	spl5	null	shared_perceptual_noise	n1	vertex	59.0669002829722	0.3078475121542581	0.3436625126044077	0.3872440283523204	
log-spl5-null.mapjitter.klw	log	spl5	null	shared_perceptual_noise	n1	vertex	63.4189506634631	0.31245983561281127	0.34954794844435333	0.39475448723114803	
log-spl5-null.mapjitter.klw	log	spl5	null	shared_perceptual_noise	n1	vertex	68.0916602020204	0.31694431483039415	0.35541757707868066	0.40255286043426664	
log-spl5-null.mapjitter.klw	log	spl5	null	shared_perceptual_noise	n1	vertex	73.10865507174931	0.321196682768151	0.36125442852286616	0.41044290525640964	
log-spl5-null.mapjitter.klw	log	spl5	null	shared_perceptual_noise	n1	vertex	78.49530222265639	0.3252530136749307	0.36709933198722766	0.4184965073823267	
log-spl5-null.mapjitter.klw	log	spl5	null	shared_perceptual_noise	n1	vertex	84.27883764212618	0.32933117110125465	0.372958329769305	0.42669473785245904	
log-spl5-null.mapjitter.klw	log	spl5	null	shared_perceptual_noise	n1	vertex	90.48850406563211	0.33317200782803863	0.3787703918168731	0.43503077596624545	
log-spl5-null.mapjitter.klw	log	spl5	null	shared_perceptual_noise	n1	vertex	97.15569883397539	0.3369306612263976	0.38457567505183454	0.4434369216576854	
log-spl5-null.mapjitter.klw	log	spl5	null	shared_perceptual_noise	n1	vertex	104.31413264464811	0.34045392793452267	0.3904092143862684	0.4520053980491248	
log-spl5-null.mapjitter.klw	log	spl5	null	shared_perceptual_noise	n1	vertex	111.99999999999996	0.3439018479706135	0.3962540155072785	0.4608649149426172	
log-spl5-null.mapjitter.klw	log	spl5	null	shared_perceptual_noise	n2	ips	6.999999999999999	0.11972260716565204	0.16307060294368464	0.20461015872541707	
log-spl5-null.mapjitter.klw	log	spl5	null	shared_perceptual_noise	n2	ips	7.515760138376834	0.13035512934163135	0.16897093800014942	0.2058541898950527	
log-spl5-null.mapjitter.klw	log	spl5	null	shared_perceptual_noise	n2	ips	8.069521493944878	0.13994001627423353	0.1748236362446989	0.20799471338722642	
log-spl5-null.mapjitter.klw	log	spl5	null	shared_perceptual_noise	n2	ips	8.664083997137997	0.14850571079023078	0.18075144395781384	0.21142672335620477	
log-spl5-null.mapjitter.klw	log	spl5	null	shared_perceptual_noise	n2	ips	9.302453877319767	0.15532985585119546	0.18668529587566215	0.21637417266556577	
log-spl5-null.mapjitter.klw	log	spl5	null	shared_perceptual_noise	n2	ips	9.987858862892702	0.16053107480265197	0.19255221461592836	0.22295673993426085	
log-spl5-null.mapjitter.klw	log	spl5	null	shared_perceptual_noise	n2	ips	10.723764501351818	0.16451334358463518	0.19846152258849165	0.2310645891797647	
log-spl5-null.mapjitter.klw	log	spl5	null	shared_perceptual_noise	n2	ips	11.513891681800072	0.1671871424555782	0.20437598216268715	0.24048591936721248	
log-spl5-null.mapjitter.klw	log	spl5	null	shared_perceptual_noise	n2	ips	12.36223544852308	0.1688203978098773	0.21027051020799273	0.25098364285431785	
log-spl5-null.mapjitter.klw	log	spl5	null	shared_perceptual_noise	n2	ips	13.273085200748401	0.1705431398479956	0.21349023770732004	0.2558407740113436	
log-spl5-null.mapjitter.klw	log	spl5	null	shared_perceptual_noise	n2	ips	14.25104638072347	0.17373979830954062	0.2101921015193692	0.24599845735094647	
log-spl5-null.mapjitter.klw	log	spl5	null	shared_perceptual_noise	n2	ips	15.301063759771553	0.17501176229267532	0.2068066558199937	0.2379194135447069	
log-spl5-null.mapjitter.klw	log	spl5	null	shared_perceptual_noise	n2	ips	16.428446440064768	0.1734001775298494	0.20349962862449694	0.2324378362093113	
log-spl5-null.mapjitter.klw	log	spl5	null	shared_perceptual_noise	n2	ips	17.638894698528226	0.16845814833618414	0.2002828084803976	0.23026005961419516	
log-spl5-null.mapjitter.klw	log	spl5	null	shared_perceptual_noise	n2	ips	18.93852880860355	0.16064504275763805	0.1969995997674897	0.23123045817912896	
log-spl5-null.mapjitter.klw	log	spl5	null	shared_perceptual_noise	n2	ips	20.33391998560055	0.15516712600888474	0.1946089364220801	0.2318958761710616	
log-spl5-null.mapjitter.klw	log	spl5	null	shared_perceptual_noise	n2	ips	21.832123612102944	0.1617606928138016	0.19536335700294521	0.2270358138089186	
log-spl5-null.mapjitter.klw	log	spl5	null	shared_perceptual_noise	n2	ips	23.440714911422706	0.16635424030118215	0.19603884572634178	0.2242347668187305	
log-spl5-null.mapjitter.klw	log	spl5	null	shared_perceptual_noise	n2	ips	25.16782724947517	0.16804768653660238	0.19679009487815288	0.22442577531115887	
log-spl5-null.mapjitter.klw	log	spl5	null	shared_perceptual_noise	n2	ips	27.0221932587371	0.16647446073235006	0.19748502475195223	0.2277909929747923	
log-spl5-null.mapjitter.klw	log	spl5	null	shared_perceptual_noise	n2	ips	29.01318899221878	0.16213959028232303	0.19826491163023513	0.2333948176351149	
log-spl5-null.mapjitter.klw	log	spl5	null	shared_perceptual_noise	n2	ips	31.150881330701633	0.16537085557525727	0.20332579969654177	0.2403774926251089	
log-spl5-null.mapjitter.klw	log	spl5	null	shared_perceptual_noise	n2	ips	33.44607888294205	0.17616800700524887	0.21215255380906306	0.24778932272904453	
log-spl5-null.mapjitter.klw	log	spl5	null	shared_perceptual_noise	n2	ips	35.910386636203285	0.18679381294766362	0.22096967348342603	0.25532650815177443	
log-spl5-null.mapjitter.klw	log	spl5	null	shared_perceptual_noise	n2	ips	38.55626463343953	0.19703291058708647	0.22979742293060426	0.2632249417517731	
log-spl5-null.mapjitter.klw	log	spl5	null	shared_perceptual_noise	n2	ips	41.397090973816184	0.20705777131438818	0.23863560187804123	0.2715065594589834	
log-spl5-null.mapjitter.klw	log	spl5	null	shared_perceptual_noise	n2	ips	44.44722945510957	0.21654948946787522	0.24745662312768013	0.2801356407253161	
log-spl5-null.mapjitter.klw	log	spl5	null	shared_perceptual_noise	n2	ips	47.722102200000165	0.22566274453381535	0.25626670875540547	0.28922769106777024	
log-spl5-null.mapjitter.klw	log	spl5	null	shared_perceptual_noise	n2	ips	51.23826763347237	0.2344273492738098	0.26511181497759706	0.29872370178850616	
log-spl5-null.mapjitter.klw	log	spl5	null	shared_perceptual_noise	n2	ips	55.01350420559078	0.2427830384318	0.2739352682594133	0.3083939172528325	
log-spl5-null.mapjitter.klw	log	spl5	null	shared_perceptual_noise	n2	ips	59.0669002829722	0.2508525331633177	0.2828438358216512	0.3185245020757817	
log-spl5-null.mapjitter.klw	log	spl5	null	shared_perceptual_noise	n2	ips	63.4189506634631	0.2585072248554148	0.29166406482770335	0.32911843800453355	
log-spl5-null.mapjitter.klw	log	spl5	null	shared_perceptual_noise	n2	ips	68.0916602020204	0.26594833711382565	0.30051753896928957	0.3400065438849957	
log-spl5-null.mapjitter.klw	log	spl5	null	shared_perceptual_noise	n2	ips	73.10865507174931	0.27309755804392716	0.30929882529820907	0.3510589058236922	
log-spl5-null.mapjitter.klw	log	spl5	null	shared_perceptual_noise	n2	ips	78.49530222265639	0.2799733970633672	0.3180945258429405	0.36246185588757834	
log-spl5-null.mapjitter.klw	log	spl5	null	shared_perceptual_noise	n2	ips	84.27883764212618	0.28665693909882517	0.3269275170219783	0.37389125473117557	
log-spl5-null.mapjitter.klw	log	spl5	null	shared_perceptual_noise	n2	ips	90.48850406563211	0.29314377694854615	0.3357235812131817	0.3857518955499941	
log-spl5-null.mapjitter.klw	log	spl5	null	shared_perceptual_noise	n2	ips	97.15569883397539	0.2996490165190549	0.3445126409008201	0.3974604282980182	
log-spl5-null.mapjitter.klw	log	spl5	null	shared_perceptual_noise	n2	ips	104.31413264464811	0.3060454003071661	0.3533372142073344	0.4093328266327191	
log-spl5-null.mapjitter.klw	log	spl5	null	shared_perceptual_noise	n2	ips	111.99999999999996	0.3123265639758584	0.36215431390949393	0.42136450288808863	
log-spl5-null.mapjitter.klw	log	spl5	null	shared_perceptual_noise	n2	vertex	6.999999999999999	0.11972260716565204	0.16307060294368464	0.20461015872541707	
log-spl5-null.mapjitter.klw	log	spl5	null	shared_perceptual_noise	n2	vertex	7.515760138376834	0.13035512934163135	0.16897093800014942	0.2058541898950527	
log-spl5-null.mapjitter.klw	log	spl5	null	shared_perceptual_noise	n2	vertex	8.069521493944878	0.13994001627423353	0.1748236362446989	0.20799471338722642	
log-spl5-null.mapjitter.klw	log	spl5	null	shared_perceptual_noise	n2	vertex	8.664083997137997	0.14850571079023078	0.18075144395781384	0.21142672335620477	
log-spl5-null.mapjitter.klw	log	spl5	null	shared_perceptual_noise	n2	vertex	9.302453877319767	0.15532985585119546	0.18668529587566215	0.21637417266556577	
log-spl5-null.mapjitter.klw	log	spl5	null	shared_perceptual_noise	n2	vertex	9.987858862892702	0.16053107480265197	0.19255221461592836	0.22295673993426085	
log-spl5-null.mapjitter.klw	log	spl5	null	shared_perceptual_noise	n2	vertex	10.723764501351818	0.16451334358463518	0.19846152258849165	0.2310645891797647	
log-spl5-null.mapjitter.klw	log	spl5	null	shared_perceptual_noise	n2	vertex	11.513891681800072	0.1671871424555782	0.20437598216268715	0.24048591936721248	
log-spl5-null.mapjitter.klw	log	spl5	null	shared_perceptual_noise	n2	vertex	12.36223544852308	0.1688203978098773	0.21027051020799273	0.25098364285431785	
log-spl5-null.mapjitter.klw	log	spl5	null	shared_perceptual_noise	n2	vertex	13.273085200748401	0.1705431398479956	0.21349023770732004	0.2558407740113436	
log-spl5-null.mapjitter.klw	log	spl5	null	shared_perceptual_noise	n2	vertex	14.25104638072347	0.17373979830954062	0.2101921015193692	0.24599845735094647	
log-spl5-null.mapjitter.klw	log	spl5	null	shared_perceptual_noise	n2	vertex	15.301063759771553	0.17501176229267532	0.2068066558199937	0.2379194135447069	
log-spl5-null.mapjitter.klw	log	spl5	null	shared_perceptual_noise	n2	vertex	16.428446440064768	0.1734001775298494	0.20349962862449694	0.2324378362093113	
log-spl5-null.mapjitter.klw	log	spl5	null	shared_perceptual_noise	n2	vertex	17.638894698528226	0.16845814833618414	0.2002828084803976	0.23026005961419516	
log-spl5-null.mapjitter.klw	log	spl5	null	shared_perceptual_noise	n2	vertex	18.93852880860355	0.16064504275763805	0.1969995997674897	0.23123045817912896	
log-spl5-null.mapjitter.klw	log	spl5	null	shared_perceptual_noise	n2	vertex	20.33391998560055	0.15516712600888474	0.1946089364220801	0.2318958761710616	
log-spl5-null.mapjitter.klw	log	spl5	null	shared_perceptual_noise	n2	vertex	21.832123612102944	0.1617606928138016	0.19536335700294521	0.2270358138089186	
log-spl5-null.mapjitter.klw	log	spl5	null	shared_perceptual_noise	n2	vertex	23.440714911422706	0.16635424030118215	0.19603884572634178	0.2242347668187305	
log-spl5-null.mapjitter.klw	log	spl5	null	shared_perceptual_noise	n2	vertex	25.16782724947517	0.16804768653660238	0.19679009487815288	0.22442577531115887	
log-spl5-null.mapjitter.klw	log	spl5	null	shared_perceptual_noise	n2	vertex	27.0221932587371	0.16647446073235006	0.19748502475195223	0.2277909929747923	
log-spl5-null.mapjitter.klw	log	spl5	null	shared_perceptual_noise	n2	vertex	29.01318899221878	0.16213959028232303	0.19826491163023513	0.2333948176351149	
log-spl5-null.mapjitter.klw	log	spl5	null	shared_perceptual_noise	n2	vertex	31.150881330701633	0.16537085557525727	0.20332579969654177	0.2403774926251089	
log-spl5-null.mapjitter.klw	log	spl5	null	shared_perceptual_noise	n2	vertex	33.44607888294205	0.17616800700524887	0.21215255380906306	0.24778932272904453	
log-spl5-null.mapjitter.klw	log	spl5	null	shared_perceptual_noise	n2	vertex	35.910386636203285	0.18679381294766362	0.22096967348342603	0.25532650815177443	
log-spl5-null.mapjitter.klw	log	spl5	null	shared_perceptual_noise	n2	vertex	38.55626463343953	0.19703291058708647	0.22979742293060426	0.2632249417517731	
log-spl5-null.mapjitter.klw	log	spl5	null	shared_perceptual_noise	n2	vertex	41.397090973816184	0.20705777131438818	0.23863560187804123	0.2715065594589834	
log-spl5-null.mapjitter.klw	log	spl5	null	shared_perceptual_noise	n2	vertex	44.44722945510957	0.21654948946787522	0.24745662312768013	0.2801356407253161	
log-spl5-null.mapjitter.klw	log	spl5	null	shared_perceptual_noise	n2	vertex	47.722102200000165	0.22566274453381535	0.25626670875540547	0.28922769106777024	
log-spl5-null.mapjitter.klw	log	spl5	null	shared_perceptual_noise	n2	vertex	51.23826763347237	0.2344273492738098	0.26511181497759706	0.29872370178850616	
log-spl5-null.mapjitter.klw	log	spl5	null	shared_perceptual_noise	n2	vertex	55.01350420559078	0.2427830384318	0.2739352682594133	0.3083939172528325	
log-spl5-null.mapjitter.klw	log	spl5	null	shared_perceptual_noise	n2	vertex	59.0669002829722	0.2508525331633177	0.2828438358216512	0.3185245020757817	
log-spl5-null.mapjitter.klw	log	spl5	null	shared_perceptual_noise	n2	vertex	63.4189506634631	0.2585072248554148	0.29166406482770335	0.32911843800453355	
log-spl5-null.mapjitter.klw	log	spl5	null	shared_perceptual_noise	n2	vertex	68.0916602020204	0.26594833711382565	0.30051753896928957	0.3400065438849957	
log-spl5-null.mapjitter.klw	log	spl5	null	shared_perceptual_noise	n2	vertex	73.10865507174931	0.27309755804392716	0.30929882529820907	0.3510589058236922	
log-spl5-null.mapjitter.klw	log	spl5	null	shared_perceptual_noise	n2	vertex	78.49530222265639	0.2799733970633672	0.3180945258429405	0.36246185588757834	
log-spl5-null.mapjitter.klw	log	spl5	null	shared_perceptual_noise	n2	vertex	84.27883764212618	0.28665693909882517	0.3269275170219783	0.37389125473117557	
log-spl5-null.mapjitter.klw	log	spl5	null	shared_perceptual_noise	n2	vertex	90.48850406563211	0.29314377694854615	0.3357235812131817	0.3857518955499941	
log-spl5-null.mapjitter.klw	log	spl5	null	shared_perceptual_noise	n2	vertex	97.15569883397539	0.2996490165190549	0.3445126409008201	0.3974604282980182	
log-spl5-null.mapjitter.klw	log	spl5	null	shared_perceptual_noise	n2	vertex	104.31413264464811	0.3060454003071661	0.3533372142073344	0.4093328266327191	
log-spl5-null.mapjitter.klw	log	spl5	null	shared_perceptual_noise	n2	vertex	111.99999999999996	0.3123265639758584	0.36215431390949393	0.42136450288808863	
log-spl5-null.mapjitter.klw	log	spl5	null	shared_perceptual_noise	perc	delta_pct	6.999999999999999	0.0	0.0	0.0	
log-spl5-null.mapjitter.klw	log	spl5	null	shared_perceptual_noise	perc	delta_pct	7.515760138376834	0.0	0.0	0.0	
log-spl5-null.mapjitter.klw	log	spl5	null	shared_perceptual_noise	perc	delta_pct	8.069521493944878	0.0	0.0	0.0	
log-spl5-null.mapjitter.klw	log	spl5	null	shared_perceptual_noise	perc	delta_pct	8.664083997137997	0.0	0.0	0.0	
log-spl5-null.mapjitter.klw	log	spl5	null	shared_perceptual_noise	perc	delta_pct	9.302453877319767	0.0	0.0	0.0	
log-spl5-null.mapjitter.klw	log	spl5	null	shared_perceptual_noise	perc	delta_pct	9.987858862892702	0.0	0.0	0.0	
log-spl5-null.mapjitter.klw	log	spl5	null	shared_perceptual_noise	perc	delta_pct	10.723764501351818	0.0	0.0	0.0	
log-spl5-null.mapjitter.klw	log	spl5	null	shared_perceptual_noise	perc	delta_pct	11.513891681800072	0.0	0.0	0.0	
log-spl5-null.mapjitter.klw	log	spl5	null	shared_perceptual_noise	perc	delta_pct	12.36223544852308	0.0	0.0	0.0	
log-spl5-null.mapjitter.klw	log	spl5	null	shared_perceptual_noise	perc	delta_pct	13.273085200748401	0.0	0.0	0.0	
log-spl5-null.mapjitter.klw	log	spl5	null	shared_perceptual_noise	perc	delta_pct	14.25104638072347	0.0	0.0	0.0	
log-spl5-null.mapjitter.klw	log	spl5	null	shared_perceptual_noise	perc	delta_pct	15.301063759771553	0.0	0.0	0.0	
log-spl5-null.mapjitter.klw	log	spl5	null	shared_perceptual_noise	perc	delta_pct	16.428446440064768	0.0	0.0	0.0	
log-spl5-null.mapjitter.klw	log	spl5	null	shared_perceptual_noise	perc	delta_pct	17.638894698528226	0.0	0.0	0.0	
log-spl5-null.mapjitter.klw	log	spl5	null	shared_perceptual_noise	perc	delta_pct	18.93852880860355	0.0	0.0	0.0	
log-spl5-null.mapjitter.klw	log	spl5	null	shared_perceptual_noise	perc	delta_pct	20.33391998560055	0.0	0.0	0.0	
log-spl5-null.mapjitter.klw	log	spl5	null	shared_perceptual_noise	perc	delta_pct	21.832123612102944	0.0	0.0	0.0	
log-spl5-null.mapjitter.klw	log	spl5	null	shared_perceptual_noise	perc	delta_pct	23.440714911422706	0.0	0.0	0.0	
log-spl5-null.mapjitter.klw	log	spl5	null	shared_perceptual_noise	perc	delta_pct	25.16782724947517	0.0	0.0	0.0	
log-spl5-null.mapjitter.klw	log	spl5	null	shared_perceptual_noise	perc	delta_pct	27.0221932587371	0.0	0.0	0.0	
log-spl5-null.mapjitter.klw	log	spl5	null	shared_perceptual_noise	perc	delta_pct	29.01318899221878	0.0	0.0	0.0	
log-spl5-null.mapjitter.klw	log	spl5	null	shared_perceptual_noise	perc	delta_pct	31.150881330701633	0.0	0.0	0.0	
log-spl5-null.mapjitter.klw	log	spl5	null	shared_perceptual_noise	perc	delta_pct	33.44607888294205	0.0	0.0	0.0	
log-spl5-null.mapjitter.klw	log	spl5	null	shared_perceptual_noise	perc	delta_pct	35.910386636203285	0.0	0.0	0.0	
log-spl5-null.mapjitter.klw	log	spl5	null	shared_perceptual_noise	perc	delta_pct	38.55626463343953	0.0	0.0	0.0	
log-spl5-null.mapjitter.klw	log	spl5	null	shared_perceptual_noise	perc	delta_pct	41.397090973816184	0.0	0.0	0.0	
log-spl5-null.mapjitter.klw	log	spl5	null	shared_perceptual_noise	perc	delta_pct	44.44722945510957	0.0	0.0	0.0	
log-spl5-null.mapjitter.klw	log	spl5	null	shared_perceptual_noise	perc	delta_pct	47.722102200000165	0.0	0.0	0.0	
log-spl5-null.mapjitter.klw	log	spl5	null	shared_perceptual_noise	perc	delta_pct	51.23826763347237	0.0	0.0	0.0	
log-spl5-null.mapjitter.klw	log	spl5	null	shared_perceptual_noise	perc	delta_pct	55.01350420559078	0.0	0.0	0.0	
log-spl5-null.mapjitter.klw	log	spl5	null	shared_perceptual_noise	perc	delta_pct	59.0669002829722	0.0	0.0	0.0	
log-spl5-null.mapjitter.klw	log	spl5	null	shared_perceptual_noise	perc	delta_pct	63.4189506634631	0.0	0.0	0.0	
log-spl5-null.mapjitter.klw	log	spl5	null	shared_perceptual_noise	perc	delta_pct	68.0916602020204	0.0	0.0	0.0	
log-spl5-null.mapjitter.klw	log	spl5	null	shared_perceptual_noise	perc	delta_pct	73.10865507174931	0.0	0.0	0.0	
log-spl5-null.mapjitter.klw	log	spl5	null	shared_perceptual_noise	perc	delta_pct	78.49530222265639	0.0	0.0	0.0	
log-spl5-null.mapjitter.klw	log	spl5	null	shared_perceptual_noise	perc	delta_pct	84.27883764212618	0.0	0.0	0.0	
log-spl5-null.mapjitter.klw	log	spl5	null	shared_perceptual_noise	perc	delta_pct	90.48850406563211	0.0	0.0	0.0	
log-spl5-null.mapjitter.klw	log	spl5	null	shared_perceptual_noise	perc	delta_pct	97.15569883397539	0.0	0.0	0.0	
log-spl5-null.mapjitter.klw	log	spl5	null	shared_perceptual_noise	perc	delta_pct	104.31413264464811	0.0	0.0	0.0	
log-spl5-null.mapjitter.klw	log	spl5	null	shared_perceptual_noise	perc	delta_pct	111.99999999999996	0.0	0.0	0.0	
log-spl5-null.mapjitter.klw	log	spl5	null	shared_perceptual_noise	perc	delta	6.999999999999999	0.0	0.0	0.0	0.0
log-spl5-null.mapjitter.klw	log	spl5	null	shared_perceptual_noise	perc	delta	7.515760138376834	0.0	0.0	0.0	0.0
log-spl5-null.mapjitter.klw	log	spl5	null	shared_perceptual_noise	perc	delta	8.069521493944878	0.0	0.0	0.0	0.0
log-spl5-null.mapjitter.klw	log	spl5	null	shared_perceptual_noise	perc	delta	8.664083997137997	0.0	0.0	0.0	0.0
log-spl5-null.mapjitter.klw	log	spl5	null	shared_perceptual_noise	perc	delta	9.302453877319767	0.0	0.0	0.0	0.0
log-spl5-null.mapjitter.klw	log	spl5	null	shared_perceptual_noise	perc	delta	9.987858862892702	0.0	0.0	0.0	0.0
log-spl5-null.mapjitter.klw	log	spl5	null	shared_perceptual_noise	perc	delta	10.723764501351818	0.0	0.0	0.0	0.0
log-spl5-null.mapjitter.klw	log	spl5	null	shared_perceptual_noise	perc	delta	11.513891681800072	0.0	0.0	0.0	0.0
log-spl5-null.mapjitter.klw	log	spl5	null	shared_perceptual_noise	perc	delta	12.36223544852308	0.0	0.0	0.0	0.0
log-spl5-null.mapjitter.klw	log	spl5	null	shared_perceptual_noise	perc	delta	13.273085200748401	0.0	0.0	0.0	0.0
log-spl5-null.mapjitter.klw	log	spl5	null	shared_perceptual_noise	perc	delta	14.25104638072347	0.0	0.0	0.0	0.0
log-spl5-null.mapjitter.klw	log	spl5	null	shared_perceptual_noise	perc	delta	15.301063759771553	0.0	0.0	0.0	0.0
log-spl5-null.mapjitter.klw	log	spl5	null	shared_perceptual_noise	perc	delta	16.428446440064768	0.0	0.0	0.0	0.0
log-spl5-null.mapjitter.klw	log	spl5	null	shared_perceptual_noise	perc	delta	17.638894698528226	0.0	0.0	0.0	0.0
log-spl5-null.mapjitter.klw	log	spl5	null	shared_perceptual_noise	perc	delta	18.93852880860355	0.0	0.0	0.0	0.0
log-spl5-null.mapjitter.klw	log	spl5	null	shared_perceptual_noise	perc	delta	20.33391998560055	0.0	0.0	0.0	0.0
log-spl5-null.mapjitter.klw	log	spl5	null	shared_perceptual_noise	perc	delta	21.832123612102944	0.0	0.0	0.0	0.0
log-spl5-null.mapjitter.klw	log	spl5	null	shared_perceptual_noise	perc	delta	23.440714911422706	0.0	0.0	0.0	0.0
log-spl5-null.mapjitter.klw	log	spl5	null	shared_perceptual_noise	perc	delta	25.16782724947517	0.0	0.0	0.0	0.0
log-spl5-null.mapjitter.klw	log	spl5	null	shared_perceptual_noise	perc	delta	27.0221932587371	0.0	0.0	0.0	0.0
log-spl5-null.mapjitter.klw	log	spl5	null	shared_perceptual_noise	perc	delta	29.01318899221878	0.0	0.0	0.0	0.0
log-spl5-null.mapjitter.klw	log	spl5	null	shared_perceptual_noise	perc	delta	31.150881330701633	0.0	0.0	0.0	0.0
log-spl5-null.mapjitter.klw	log	spl5	null	shared_perceptual_noise	perc	delta	33.44607888294205	0.0	0.0	0.0	0.0
log-spl5-null.mapjitter.klw	log	spl5	null	shared_perceptual_noise	perc	delta	35.910386636203285	0.0	0.0	0.0	0.0
log-spl5-null.mapjitter.klw	log	spl5	null	shared_perceptual_noise	perc	delta	38.55626463343953	0.0	0.0	0.0	0.0
log-spl5-null.mapjitter.klw	log	spl5	null	shared_perceptual_noise	perc	delta	41.397090973816184	0.0	0.0	0.0	0.0
log-spl5-null.mapjitter.klw	log	spl5	null	shared_perceptual_noise	perc	delta	44.44722945510957	0.0	0.0	0.0	0.0
log-spl5-null.mapjitter.klw	log	spl5	null	shared_perceptual_noise	perc	delta	47.722102200000165	0.0	0.0	0.0	0.0
log-spl5-null.mapjitter.klw	log	spl5	null	shared_perceptual_noise	perc	delta	51.23826763347237	0.0	0.0	0.0	0.0
log-spl5-null.mapjitter.klw	log	spl5	null	shared_perceptual_noise	perc	delta	55.01350420559078	0.0	0.0	0.0	0.0
log-spl5-null.mapjitter.klw	log	spl5	null	shared_perceptual_noise	perc	delta	59.0669002829722	0.0	0.0	0.0	0.0
log-spl5-null.mapjitter.klw	log	spl5	null	shared_perceptual_noise	perc	delta	63.4189506634631	0.0	0.0	0.0	0.0
log-spl5-null.mapjitter.klw	log	spl5	null	shared_perceptual_noise	perc	delta	68.0916602020204	0.0	0.0	0.0	0.0
log-spl5-null.mapjitter.klw	log	spl5	null	shared_perceptual_noise	perc	delta	73.10865507174931	0.0	0.0	0.0	0.0
log-spl5-null.mapjitter.klw	log	spl5	null	shared_perceptual_noise	perc	delta	78.49530222265639	0.0	0.0	0.0	0.0
log-spl5-null.mapjitter.klw	log	spl5	null	shared_perceptual_noise	perc	delta	84.27883764212618	0.0	0.0	0.0	0.0
log-spl5-null.mapjitter.klw	log	spl5	null	shared_perceptual_noise	perc	delta	90.48850406563211	0.0	0.0	0.0	0.0
log-spl5-null.mapjitter.klw	log	spl5	null	shared_perceptual_noise	perc	delta	97.15569883397539	0.0	0.0	0.0	0.0
log-spl5-null.mapjitter.klw	log	spl5	null	shared_perceptual_noise	perc	delta	104.31413264464811	0.0	0.0	0.0	0.0
log-spl5-null.mapjitter.klw	log	spl5	null	shared_perceptual_noise	perc	delta	111.99999999999996	0.0	0.0	0.0	0.0
log-spl5-null.mapjitter.klw	log	spl5	null	shared_perceptual_noise	mem	delta_pct	6.999999999999999	0.0	0.0	0.0	
log-spl5-null.mapjitter.klw	log	spl5	null	shared_perceptual_noise	mem	delta_pct	7.515760138376834	0.0	0.0	0.0	
log-spl5-null.mapjitter.klw	log	spl5	null	shared_perceptual_noise	mem	delta_pct	8.069521493944878	0.0	0.0	0.0	
log-spl5-null.mapjitter.klw	log	spl5	null	shared_perceptual_noise	mem	delta_pct	8.664083997137997	0.0	0.0	0.0	
log-spl5-null.mapjitter.klw	log	spl5	null	shared_perceptual_noise	mem	delta_pct	9.302453877319767	0.0	0.0	0.0	
log-spl5-null.mapjitter.klw	log	spl5	null	shared_perceptual_noise	mem	delta_pct	9.987858862892702	0.0	0.0	0.0	
log-spl5-null.mapjitter.klw	log	spl5	null	shared_perceptual_noise	mem	delta_pct	10.723764501351818	0.0	0.0	0.0	
log-spl5-null.mapjitter.klw	log	spl5	null	shared_perceptual_noise	mem	delta_pct	11.513891681800072	0.0	0.0	0.0	
log-spl5-null.mapjitter.klw	log	spl5	null	shared_perceptual_noise	mem	delta_pct	12.36223544852308	0.0	0.0	0.0	
log-spl5-null.mapjitter.klw	log	spl5	null	shared_perceptual_noise	mem	delta_pct	13.273085200748401	0.0	0.0	0.0	
log-spl5-null.mapjitter.klw	log	spl5	null	shared_perceptual_noise	mem	delta_pct	14.25104638072347	0.0	0.0	0.0	
log-spl5-null.mapjitter.klw	log	spl5	null	shared_perceptual_noise	mem	delta_pct	15.301063759771553	0.0	0.0	0.0	
log-spl5-null.mapjitter.klw	log	spl5	null	shared_perceptual_noise	mem	delta_pct	16.428446440064768	0.0	0.0	0.0	
log-spl5-null.mapjitter.klw	log	spl5	null	shared_perceptual_noise	mem	delta_pct	17.638894698528226	0.0	0.0	0.0	
log-spl5-null.mapjitter.klw	log	spl5	null	shared_perceptual_noise	mem	delta_pct	18.93852880860355	0.0	0.0	0.0	
log-spl5-null.mapjitter.klw	log	spl5	null	shared_perceptual_noise	mem	delta_pct	20.33391998560055	0.0	0.0	0.0	
log-spl5-null.mapjitter.klw	log	spl5	null	shared_perceptual_noise	mem	delta_pct	21.832123612102944	0.0	0.0	0.0	
log-spl5-null.mapjitter.klw	log	spl5	null	shared_perceptual_noise	mem	delta_pct	23.440714911422706	0.0	0.0	0.0	
log-spl5-null.mapjitter.klw	log	spl5	null	shared_perceptual_noise	mem	delta_pct	25.16782724947517	0.0	0.0	0.0	
log-spl5-null.mapjitter.klw	log	spl5	null	shared_perceptual_noise	mem	delta_pct	27.0221932587371	0.0	0.0	0.0	
log-spl5-null.mapjitter.klw	log	spl5	null	shared_perceptual_noise	mem	delta_pct	29.01318899221878	0.0	0.0	0.0	
log-spl5-null.mapjitter.klw	log	spl5	null	shared_perceptual_noise	mem	delta_pct	31.150881330701633	0.0	0.0	0.0	
log-spl5-null.mapjitter.klw	log	spl5	null	shared_perceptual_noise	mem	delta_pct	33.44607888294205	0.0	0.0	0.0	
log-spl5-null.mapjitter.klw	log	spl5	null	shared_perceptual_noise	mem	delta_pct	35.910386636203285	0.0	0.0	0.0	
log-spl5-null.mapjitter.klw	log	spl5	null	shared_perceptual_noise	mem	delta_pct	38.55626463343953	0.0	0.0	0.0	
log-spl5-null.mapjitter.klw	log	spl5	null	shared_perceptual_noise	mem	delta_pct	41.397090973816184	0.0	0.0	0.0	
log-spl5-null.mapjitter.klw	log	spl5	null	shared_perceptual_noise	mem	delta_pct	44.44722945510957	0.0	0.0	0.0	
log-spl5-null.mapjitter.klw	log	spl5	null	shared_perceptual_noise	mem	delta_pct	47.722102200000165	0.0	0.0	0.0	
log-spl5-null.mapjitter.klw	log	spl5	null	shared_perceptual_noise	mem	delta_pct	51.23826763347237	0.0	0.0	0.0	
log-spl5-null.mapjitter.klw	log	spl5	null	shared_perceptual_noise	mem	delta_pct	55.01350420559078	0.0	0.0	0.0	
log-spl5-null.mapjitter.klw	log	spl5	null	shared_perceptual_noise	mem	delta_pct	59.0669002829722	0.0	0.0	0.0	
log-spl5-null.mapjitter.klw	log	spl5	null	shared_perceptual_noise	mem	delta_pct	63.4189506634631	0.0	0.0	0.0	
log-spl5-null.mapjitter.klw	log	spl5	null	shared_perceptual_noise	mem	delta_pct	68.0916602020204	0.0	0.0	0.0	
log-spl5-null.mapjitter.klw	log	spl5	null	shared_perceptual_noise	mem	delta_pct	73.10865507174931	0.0	0.0	0.0	
log-spl5-null.mapjitter.klw	log	spl5	null	shared_perceptual_noise	mem	delta_pct	78.49530222265639	0.0	0.0	0.0	
log-spl5-null.mapjitter.klw	log	spl5	null	shared_perceptual_noise	mem	delta_pct	84.27883764212618	0.0	0.0	0.0	
log-spl5-null.mapjitter.klw	log	spl5	null	shared_perceptual_noise	mem	delta_pct	90.48850406563211	0.0	0.0	0.0	
log-spl5-null.mapjitter.klw	log	spl5	null	shared_perceptual_noise	mem	delta_pct	97.15569883397539	0.0	0.0	0.0	
log-spl5-null.mapjitter.klw	log	spl5	null	shared_perceptual_noise	mem	delta_pct	104.31413264464811	0.0	0.0	0.0	
log-spl5-null.mapjitter.klw	log	spl5	null	shared_perceptual_noise	mem	delta_pct	111.99999999999996	0.0	0.0	0.0	
log-spl5-null.mapjitter.klw	log	spl5	null	shared_perceptual_noise	mem	delta	6.999999999999999	0.0	0.0	0.0	0.0
log-spl5-null.mapjitter.klw	log	spl5	null	shared_perceptual_noise	mem	delta	7.515760138376834	0.0	0.0	0.0	0.0
log-spl5-null.mapjitter.klw	log	spl5	null	shared_perceptual_noise	mem	delta	8.069521493944878	0.0	0.0	0.0	0.0
log-spl5-null.mapjitter.klw	log	spl5	null	shared_perceptual_noise	mem	delta	8.664083997137997	0.0	0.0	0.0	0.0
log-spl5-null.mapjitter.klw	log	spl5	null	shared_perceptual_noise	mem	delta	9.302453877319767	0.0	0.0	0.0	0.0
log-spl5-null.mapjitter.klw	log	spl5	null	shared_perceptual_noise	mem	delta	9.987858862892702	0.0	0.0	0.0	0.0
log-spl5-null.mapjitter.klw	log	spl5	null	shared_perceptual_noise	mem	delta	10.723764501351818	0.0	0.0	0.0	0.0
log-spl5-null.mapjitter.klw	log	spl5	null	shared_perceptual_noise	mem	delta	11.513891681800072	0.0	0.0	0.0	0.0
log-spl5-null.mapjitter.klw	log	spl5	null	shared_perceptual_noise	mem	delta	12.36223544852308	0.0	0.0	0.0	0.0
log-spl5-null.mapjitter.klw	log	spl5	null	shared_perceptual_noise	mem	delta	13.273085200748401	0.0	0.0	0.0	0.0
log-spl5-null.mapjitter.klw	log	spl5	null	shared_perceptual_noise	mem	delta	14.25104638072347	0.0	0.0	0.0	0.0
log-spl5-null.mapjitter.klw	log	spl5	null	shared_perceptual_noise	mem	delta	15.301063759771553	0.0	0.0	0.0	0.0
log-spl5-null.mapjitter.klw	log	spl5	null	shared_perceptual_noise	mem	delta	16.428446440064768	0.0	0.0	0.0	0.0
log-spl5-null.mapjitter.klw	log	spl5	null	shared_perceptual_noise	mem	delta	17.638894698528226	0.0	0.0	0.0	0.0
log-spl5-null.mapjitter.klw	log	spl5	null	shared_perceptual_noise	mem	delta	18.93852880860355	0.0	0.0	0.0	0.0
log-spl5-null.mapjitter.klw	log	spl5	null	shared_perceptual_noise	mem	delta	20.33391998560055	0.0	0.0	0.0	0.0
log-spl5-null.mapjitter.klw	log	spl5	null	shared_perceptual_noise	mem	delta	21.832123612102944	0.0	0.0	0.0	0.0
log-spl5-null.mapjitter.klw	log	spl5	null	shared_perceptual_noise	mem	delta	23.440714911422706	0.0	0.0	0.0	0.0
log-spl5-null.mapjitter.klw	log	spl5	null	shared_perceptual_noise	mem	delta	25.16782724947517	0.0	0.0	0.0	0.0
log-spl5-null.mapjitter.klw	log	spl5	null	shared_perceptual_noise	mem	delta	27.0221932587371	0.0	0.0	0.0	0.0
log-spl5-null.mapjitter.klw	log	spl5	null	shared_perceptual_noise	mem	delta	29.01318899221878	0.0	0.0	0.0	0.0
log-spl5-null.mapjitter.klw	log	spl5	null	shared_perceptual_noise	mem	delta	31.150881330701633	0.0	0.0	0.0	0.0
log-spl5-null.mapjitter.klw	log	spl5	null	shared_perceptual_noise	mem	delta	33.44607888294205	0.0	0.0	0.0	0.0
log-spl5-null.mapjitter.klw	log	spl5	null	shared_perceptual_noise	mem	delta	35.910386636203285	0.0	0.0	0.0	0.0
log-spl5-null.mapjitter.klw	log	spl5	null	shared_perceptual_noise	mem	delta	38.55626463343953	0.0	0.0	0.0	0.0
log-spl5-null.mapjitter.klw	log	spl5	null	shared_perceptual_noise	mem	delta	41.397090973816184	0.0	0.0	0.0	0.0
log-spl5-null.mapjitter.klw	log	spl5	null	shared_perceptual_noise	mem	delta	44.44722945510957	0.0	0.0	0.0	0.0
log-spl5-null.mapjitter.klw	log	spl5	null	shared_perceptual_noise	mem	delta	47.722102200000165	0.0	0.0	0.0	0.0
log-spl5-null.mapjitter.klw	log	spl5	null	shared_perceptual_noise	mem	delta	51.23826763347237	0.0	0.0	0.0	0.0
log-spl5-null.mapjitter.klw	log	spl5	null	shared_perceptual_noise	mem	delta	55.01350420559078	0.0	0.0	0.0	0.0
log-spl5-null.mapjitter.klw	log	spl5	null	shared_perceptual_noise	mem	delta	59.0669002829722	0.0	0.0	0.0	0.0
log-spl5-null.mapjitter.klw	log	spl5	null	shared_perceptual_noise	mem	delta	63.4189506634631	0.0	0.0	0.0	0.0
log-spl5-null.mapjitter.klw	log	spl5	null	shared_perceptual_noise	mem	delta	68.0916602020204	0.0	0.0	0.0	0.0
log-spl5-null.mapjitter.klw	log	spl5	null	shared_perceptual_noise	mem	delta	73.10865507174931	0.0	0.0	0.0	0.0
log-spl5-null.mapjitter.klw	log	spl5	null	shared_perceptual_noise	mem	delta	78.49530222265639	0.0	0.0	0.0	0.0
log-spl5-null.mapjitter.klw	log	spl5	null	shared_perceptual_noise	mem	delta	84.27883764212618	0.0	0.0	0.0	0.0
log-spl5-null.mapjitter.klw	log	spl5	null	shared_perceptual_noise	mem	delta	90.48850406563211	0.0	0.0	0.0	0.0
log-spl5-null.mapjitter.klw	log	spl5	null	shared_perceptual_noise	mem	delta	97.15569883397539	0.0	0.0	0.0	0.0
log-spl5-null.mapjitter.klw	log	spl5	null	shared_perceptual_noise	mem	delta	104.31413264464811	0.0	0.0	0.0	0.0
log-spl5-null.mapjitter.klw	log	spl5	null	shared_perceptual_noise	mem	delta	111.99999999999996	0.0	0.0	0.0	0.0
log-spl5-null.mapjitter.klw	log	spl5	null	shared_perceptual_noise	n2	delta_pct	6.999999999999999	0.0	0.0	0.0	
log-spl5-null.mapjitter.klw	log	spl5	null	shared_perceptual_noise	n2	delta_pct	7.515760138376834	0.0	0.0	0.0	
log-spl5-null.mapjitter.klw	log	spl5	null	shared_perceptual_noise	n2	delta_pct	8.069521493944878	0.0	0.0	0.0	
log-spl5-null.mapjitter.klw	log	spl5	null	shared_perceptual_noise	n2	delta_pct	8.664083997137997	0.0	0.0	0.0	
log-spl5-null.mapjitter.klw	log	spl5	null	shared_perceptual_noise	n2	delta_pct	9.302453877319767	0.0	0.0	0.0	
log-spl5-null.mapjitter.klw	log	spl5	null	shared_perceptual_noise	n2	delta_pct	9.987858862892702	0.0	0.0	0.0	
log-spl5-null.mapjitter.klw	log	spl5	null	shared_perceptual_noise	n2	delta_pct	10.723764501351818	0.0	0.0	0.0	
log-spl5-null.mapjitter.klw	log	spl5	null	shared_perceptual_noise	n2	delta_pct	11.513891681800072	0.0	0.0	0.0	
log-spl5-null.mapjitter.klw	log	spl5	null	shared_perceptual_noise	n2	delta_pct	12.36223544852308	0.0	0.0	0.0	
log-spl5-null.mapjitter.klw	log	spl5	null	shared_perceptual_noise	n2	delta_pct	13.273085200748401	0.0	0.0	0.0	
log-spl5-null.mapjitter.klw	log	spl5	null	shared_perceptual_noise	n2	delta_pct	14.25104638072347	0.0	0.0	0.0	
log-spl5-null.mapjitter.klw	log	spl5	null	shared_perceptual_noise	n2	delta_pct	15.301063759771553	0.0	0.0	0.0	
log-spl5-null.mapjitter.klw	log	spl5	null	shared_perceptual_noise	n2	delta_pct	16.428446440064768	0.0	0.0	0.0	
log-spl5-null.mapjitter.klw	log	spl5	null	shared_perceptual_noise	n2	delta_pct	17.638894698528226	0.0	0.0	0.0	
log-spl5-null.mapjitter.klw	log	spl5	null	shared_perceptual_noise	n2	delta_pct	18.93852880860355	0.0	0.0	0.0	
log-spl5-null.mapjitter.klw	log	spl5	null	shared_perceptual_noise	n2	delta_pct	20.33391998560055	0.0	0.0	0.0	
log-spl5-null.mapjitter.klw	log	spl5	null	shared_perceptual_noise	n2	delta_pct	21.832123612102944	0.0	0.0	0.0	
log-spl5-null.mapjitter.klw	log	spl5	null	shared_perceptual_noise	n2	delta_pct	23.440714911422706	0.0	0.0	0.0	
log-spl5-null.mapjitter.klw	log	spl5	null	shared_perceptual_noise	n2	delta_pct	25.16782724947517	0.0	0.0	0.0	
log-spl5-null.mapjitter.klw	log	spl5	null	shared_perceptual_noise	n2	delta_pct	27.0221932587371	0.0	0.0	0.0	
log-spl5-null.mapjitter.klw	log	spl5	null	shared_perceptual_noise	n2	delta_pct	29.01318899221878	0.0	0.0	0.0	
log-spl5-null.mapjitter.klw	log	spl5	null	shared_perceptual_noise	n2	delta_pct	31.150881330701633	0.0	0.0	0.0	
log-spl5-null.mapjitter.klw	log	spl5	null	shared_perceptual_noise	n2	delta_pct	33.44607888294205	0.0	0.0	0.0	
log-spl5-null.mapjitter.klw	log	spl5	null	shared_perceptual_noise	n2	delta_pct	35.910386636203285	0.0	0.0	0.0	
log-spl5-null.mapjitter.klw	log	spl5	null	shared_perceptual_noise	n2	delta_pct	38.55626463343953	0.0	0.0	0.0	
log-spl5-null.mapjitter.klw	log	spl5	null	shared_perceptual_noise	n2	delta_pct	41.397090973816184	0.0	0.0	0.0	
log-spl5-null.mapjitter.klw	log	spl5	null	shared_perceptual_noise	n2	delta_pct	44.44722945510957	0.0	0.0	0.0	
log-spl5-null.mapjitter.klw	log	spl5	null	shared_perceptual_noise	n2	delta_pct	47.722102200000165	0.0	0.0	0.0	
log-spl5-null.mapjitter.klw	log	spl5	null	shared_perceptual_noise	n2	delta_pct	51.23826763347237	0.0	0.0	0.0	
log-spl5-null.mapjitter.klw	log	spl5	null	shared_perceptual_noise	n2	delta_pct	55.01350420559078	0.0	0.0	0.0	
log-spl5-null.mapjitter.klw	log	spl5	null	shared_perceptual_noise	n2	delta_pct	59.0669002829722	0.0	0.0	0.0	
log-spl5-null.mapjitter.klw	log	spl5	null	shared_perceptual_noise	n2	delta_pct	63.4189506634631	0.0	0.0	0.0	
log-spl5-null.mapjitter.klw	log	spl5	null	shared_perceptual_noise	n2	delta_pct	68.0916602020204	0.0	0.0	0.0	
log-spl5-null.mapjitter.klw	log	spl5	null	shared_perceptual_noise	n2	delta_pct	73.10865507174931	0.0	0.0	0.0	
log-spl5-null.mapjitter.klw	log	spl5	null	shared_perceptual_noise	n2	delta_pct	78.49530222265639	0.0	0.0	0.0	
log-spl5-null.mapjitter.klw	log	spl5	null	shared_perceptual_noise	n2	delta_pct	84.27883764212618	0.0	0.0	0.0	
log-spl5-null.mapjitter.klw	log	spl5	null	shared_perceptual_noise	n2	delta_pct	90.48850406563211	0.0	0.0	0.0	
log-spl5-null.mapjitter.klw	log	spl5	null	shared_perceptual_noise	n2	delta_pct	97.15569883397539	0.0	0.0	0.0	
log-spl5-null.mapjitter.klw	log	spl5	null	shared_perceptual_noise	n2	delta_pct	104.31413264464811	0.0	0.0	0.0	
log-spl5-null.mapjitter.klw	log	spl5	null	shared_perceptual_noise	n2	delta_pct	111.99999999999996	0.0	0.0	0.0	
log-spl5-null.mapjitter.klw	log	spl5	null	shared_perceptual_noise	n2	delta	6.999999999999999	0.0	0.0	0.0	0.0
log-spl5-null.mapjitter.klw	log	spl5	null	shared_perceptual_noise	n2	delta	7.515760138376834	0.0	0.0	0.0	0.0
log-spl5-null.mapjitter.klw	log	spl5	null	shared_perceptual_noise	n2	delta	8.069521493944878	0.0	0.0	0.0	0.0
log-spl5-null.mapjitter.klw	log	spl5	null	shared_perceptual_noise	n2	delta	8.664083997137997	0.0	0.0	0.0	0.0
log-spl5-null.mapjitter.klw	log	spl5	null	shared_perceptual_noise	n2	delta	9.302453877319767	0.0	0.0	0.0	0.0
log-spl5-null.mapjitter.klw	log	spl5	null	shared_perceptual_noise	n2	delta	9.987858862892702	0.0	0.0	0.0	0.0
log-spl5-null.mapjitter.klw	log	spl5	null	shared_perceptual_noise	n2	delta	10.723764501351818	0.0	0.0	0.0	0.0
log-spl5-null.mapjitter.klw	log	spl5	null	shared_perceptual_noise	n2	delta	11.513891681800072	0.0	0.0	0.0	0.0
log-spl5-null.mapjitter.klw	log	spl5	null	shared_perceptual_noise	n2	delta	12.36223544852308	0.0	0.0	0.0	0.0
log-spl5-null.mapjitter.klw	log	spl5	null	shared_perceptual_noise	n2	delta	13.273085200748401	0.0	0.0	0.0	0.0
log-spl5-null.mapjitter.klw	log	spl5	null	shared_perceptual_noise	n2	delta	14.25104638072347	0.0	0.0	0.0	0.0
log-spl5-null.mapjitter.klw	log	spl5	null	shared_perceptual_noise	n2	delta	15.301063759771553	0.0	0.0	0.0	0.0
log-spl5-null.mapjitter.klw	log	spl5	null	shared_perceptual_noise	n2	delta	16.428446440064768	0.0	0.0	0.0	0.0
log-spl5-null.mapjitter.klw	log	spl5	null	shared_perceptual_noise	n2	delta	17.638894698528226	0.0	0.0	0.0	0.0
log-spl5-null.mapjitter.klw	log	spl5	null	shared_perceptual_noise	n2	delta	18.93852880860355	0.0	0.0	0.0	0.0
log-spl5-null.mapjitter.klw	log	spl5	null	shared_perceptual_noise	n2	delta	20.33391998560055	0.0	0.0	0.0	0.0
log-spl5-null.mapjitter.klw	log	spl5	null	shared_perceptual_noise	n2	delta	21.832123612102944	0.0	0.0	0.0	0.0
log-spl5-null.mapjitter.klw	log	spl5	null	shared_perceptual_noise	n2	delta	23.440714911422706	0.0	0.0	0.0	0.0
log-spl5-null.mapjitter.klw	log	spl5	null	shared_perceptual_noise	n2	delta	25.16782724947517	0.0	0.0	0.0	0.0
log-spl5-null.mapjitter.klw	log	spl5	null	shared_perceptual_noise	n2	delta	27.0221932587371	0.0	0.0	0.0	0.0
log-spl5-null.mapjitter.klw	log	spl5	null	shared_perceptual_noise	n2	delta	29.01318899221878	0.0	0.0	0.0	0.0
log-spl5-null.mapjitter.klw	log	spl5	null	shared_perceptual_noise	n2	delta	31.150881330701633	0.0	0.0	0.0	0.0
log-spl5-null.mapjitter.klw	log	spl5	null	shared_perceptual_noise	n2	delta	33.44607888294205	0.0	0.0	0.0	0.0
log-spl5-null.mapjitter.klw	log	spl5	null	shared_perceptual_noise	n2	delta	35.910386636203285	0.0	0.0	0.0	0.0
log-spl5-null.mapjitter.klw	log	spl5	null	shared_perceptual_noise	n2	delta	38.55626463343953	0.0	0.0	0.0	0.0
log-spl5-null.mapjitter.klw	log	spl5	null	shared_perceptual_noise	n2	delta	41.397090973816184	0.0	0.0	0.0	0.0
log-spl5-null.mapjitter.klw	log	spl5	null	shared_perceptual_noise	n2	delta	44.44722945510957	0.0	0.0	0.0	0.0
log-spl5-null.mapjitter.klw	log	spl5	null	shared_perceptual_noise	n2	delta	47.722102200000165	0.0	0.0	0.0	0.0
log-spl5-null.mapjitter.klw	log	spl5	null	shared_perceptual_noise	n2	delta	51.23826763347237	0.0	0.0	0.0	0.0
log-spl5-null.mapjitter.klw	log	spl5	null	shared_perceptual_noise	n2	delta	55.01350420559078	0.0	0.0	0.0	0.0
log-spl5-null.mapjitter.klw	log	spl5	null	shared_perceptual_noise	n2	delta	59.0669002829722	0.0	0.0	0.0	0.0
log-spl5-null.mapjitter.klw	log	spl5	null	shared_perceptual_noise	n2	delta	63.4189506634631	0.0	0.0	0.0	0.0
log-spl5-null.mapjitter.klw	log	spl5	null	shared_perceptual_noise	n2	delta	68.0916602020204	0.0	0.0	0.0	0.0
log-spl5-null.mapjitter.klw	log	spl5	null	shared_perceptual_noise	n2	delta	73.10865507174931	0.0	0.0	0.0	0.0
log-spl5-null.mapjitter.klw	log	spl5	null	shared_perceptual_noise	n2	delta	78.49530222265639	0.0	0.0	0.0	0.0
log-spl5-null.mapjitter.klw	log	spl5	null	shared_perceptual_noise	n2	delta	84.27883764212618	0.0	0.0	0.0	0.0
log-spl5-null.mapjitter.klw	log	spl5	null	shared_perceptual_noise	n2	delta	90.48850406563211	0.0	0.0	0.0	0.0
log-spl5-null.mapjitter.klw	log	spl5	null	shared_perceptual_noise	n2	delta	97.15569883397539	0.0	0.0	0.0	0.0
log-spl5-null.mapjitter.klw	log	spl5	null	shared_perceptual_noise	n2	delta	104.31413264464811	0.0	0.0	0.0	0.0
log-spl5-null.mapjitter.klw	log	spl5	null	shared_perceptual_noise	n2	delta	111.99999999999996	0.0	0.0	0.0	0.0
log-spl5-null.mapjitter.klw	log	spl5	null	shared_perceptual_noise	n1	delta_pct	6.999999999999999	0.0	0.0	0.0	
log-spl5-null.mapjitter.klw	log	spl5	null	shared_perceptual_noise	n1	delta_pct	7.515760138376834	0.0	0.0	0.0	
log-spl5-null.mapjitter.klw	log	spl5	null	shared_perceptual_noise	n1	delta_pct	8.069521493944878	0.0	0.0	0.0	
log-spl5-null.mapjitter.klw	log	spl5	null	shared_perceptual_noise	n1	delta_pct	8.664083997137997	0.0	0.0	0.0	
log-spl5-null.mapjitter.klw	log	spl5	null	shared_perceptual_noise	n1	delta_pct	9.302453877319767	0.0	0.0	0.0	
log-spl5-null.mapjitter.klw	log	spl5	null	shared_perceptual_noise	n1	delta_pct	9.987858862892702	0.0	0.0	0.0	
log-spl5-null.mapjitter.klw	log	spl5	null	shared_perceptual_noise	n1	delta_pct	10.723764501351818	0.0	0.0	0.0	
log-spl5-null.mapjitter.klw	log	spl5	null	shared_perceptual_noise	n1	delta_pct	11.513891681800072	0.0	0.0	0.0	
log-spl5-null.mapjitter.klw	log	spl5	null	shared_perceptual_noise	n1	delta_pct	12.36223544852308	0.0	0.0	0.0	
log-spl5-null.mapjitter.klw	log	spl5	null	shared_perceptual_noise	n1	delta_pct	13.273085200748401	0.0	0.0	0.0	
log-spl5-null.mapjitter.klw	log	spl5	null	shared_perceptual_noise	n1	delta_pct	14.25104638072347	0.0	0.0	0.0	
log-spl5-null.mapjitter.klw	log	spl5	null	shared_perceptual_noise	n1	delta_pct	15.301063759771553	0.0	0.0	0.0	
log-spl5-null.mapjitter.klw	log	spl5	null	shared_perceptual_noise	n1	delta_pct	16.428446440064768	0.0	0.0	0.0	
log-spl5-null.mapjitter.klw	log	spl5	null	shared_perceptual_noise	n1	delta_pct	17.638894698528226	0.0	0.0	0.0	
log-spl5-null.mapjitter.klw	log	spl5	null	shared_perceptual_noise	n1	delta_pct	18.93852880860355	0.0	0.0	0.0	
log-spl5-null.mapjitter.klw	log	spl5	null	shared_perceptual_noise	n1	delta_pct	20.33391998560055	0.0	0.0	0.0	
log-spl5-null.mapjitter.klw	log	spl5	null	shared_perceptual_noise	n1	delta_pct	21.832123612102944	0.0	0.0	0.0	
log-spl5-null.mapjitter.klw	log	spl5	null	shared_perceptual_noise	n1	delta_pct	23.440714911422706	0.0	0.0	0.0	
log-spl5-null.mapjitter.klw	log	spl5	null	shared_perceptual_noise	n1	delta_pct	25.16782724947517	0.0	0.0	0.0	
log-spl5-null.mapjitter.klw	log	spl5	null	shared_perceptual_noise	n1	delta_pct	27.0221932587371	0.0	0.0	0.0	
log-spl5-null.mapjitter.klw	log	spl5	null	shared_perceptual_noise	n1	delta_pct	29.01318899221878	0.0	0.0	0.0	
log-spl5-null.mapjitter.klw	log	spl5	null	shared_perceptual_noise	n1	delta_pct	31.150881330701633	0.0	0.0	0.0	
log-spl5-null.mapjitter.klw	log	spl5	null	shared_perceptual_noise	n1	delta_pct	33.44607888294205	0.0	0.0	0.0	
log-spl5-null.mapjitter.klw	log	spl5	null	shared_perceptual_noise	n1	delta_pct	35.910386636203285	0.0	0.0	0.0	
log-spl5-null.mapjitter.klw	log	spl5	null	shared_perceptual_noise	n1	delta_pct	38.55626463343953	0.0	0.0	0.0	
log-spl5-null.mapjitter.klw	log	spl5	null	shared_perceptual_noise	n1	delta_pct	41.397090973816184	0.0	0.0	0.0	
log-spl5-null.mapjitter.klw	log	spl5	null	shared_perceptual_noise	n1	delta_pct	44.44722945510957	0.0	0.0	0.0	
log-spl5-null.mapjitter.klw	log	spl5	null	shared_perceptual_noise	n1	delta_pct	47.722102200000165	0.0	0.0	0.0	
log-spl5-null.mapjitter.klw	log	spl5	null	shared_perceptual_noise	n1	delta_pct	51.23826763347237	0.0	0.0	0.0	
log-spl5-null.mapjitter.klw	log	spl5	null	shared_perceptual_noise	n1	delta_pct	55.01350420559078	0.0	0.0	0.0	
log-spl5-null.mapjitter.klw	log	spl5	null	shared_perceptual_noise	n1	delta_pct	59.0669002829722	0.0	0.0	0.0	
log-spl5-null.mapjitter.klw	log	spl5	null	shared_perceptual_noise	n1	delta_pct	63.4189506634631	0.0	0.0	0.0	
log-spl5-null.mapjitter.klw	log	spl5	null	shared_perceptual_noise	n1	delta_pct	68.0916602020204	0.0	0.0	0.0	
log-spl5-null.mapjitter.klw	log	spl5	null	shared_perceptual_noise	n1	delta_pct	73.10865507174931	0.0	0.0	0.0	
log-spl5-null.mapjitter.klw	log	spl5	null	shared_perceptual_noise	n1	delta_pct	78.49530222265639	0.0	0.0	0.0	
log-spl5-null.mapjitter.klw	log	spl5	null	shared_perceptual_noise	n1	delta_pct	84.27883764212618	0.0	0.0	0.0	
log-spl5-null.mapjitter.klw	log	spl5	null	shared_perceptual_noise	n1	delta_pct	90.48850406563211	0.0	0.0	0.0	
log-spl5-null.mapjitter.klw	log	spl5	null	shared_perceptual_noise	n1	delta_pct	97.15569883397539	0.0	0.0	0.0	
log-spl5-null.mapjitter.klw	log	spl5	null	shared_perceptual_noise	n1	delta_pct	104.31413264464811	0.0	0.0	0.0	
log-spl5-null.mapjitter.klw	log	spl5	null	shared_perceptual_noise	n1	delta_pct	111.99999999999996	0.0	0.0	0.0	
log-spl5-null.mapjitter.klw	log	spl5	null	shared_perceptual_noise	n1	delta	6.999999999999999	0.0	0.0	0.0	0.0
log-spl5-null.mapjitter.klw	log	spl5	null	shared_perceptual_noise	n1	delta	7.515760138376834	0.0	0.0	0.0	0.0
log-spl5-null.mapjitter.klw	log	spl5	null	shared_perceptual_noise	n1	delta	8.069521493944878	0.0	0.0	0.0	0.0
log-spl5-null.mapjitter.klw	log	spl5	null	shared_perceptual_noise	n1	delta	8.664083997137997	0.0	0.0	0.0	0.0
log-spl5-null.mapjitter.klw	log	spl5	null	shared_perceptual_noise	n1	delta	9.302453877319767	0.0	0.0	0.0	0.0
log-spl5-null.mapjitter.klw	log	spl5	null	shared_perceptual_noise	n1	delta	9.987858862892702	0.0	0.0	0.0	0.0
log-spl5-null.mapjitter.klw	log	spl5	null	shared_perceptual_noise	n1	delta	10.723764501351818	0.0	0.0	0.0	0.0
log-spl5-null.mapjitter.klw	log	spl5	null	shared_perceptual_noise	n1	delta	11.513891681800072	0.0	0.0	0.0	0.0
log-spl5-null.mapjitter.klw	log	spl5	null	shared_perceptual_noise	n1	delta	12.36223544852308	0.0	0.0	0.0	0.0
log-spl5-null.mapjitter.klw	log	spl5	null	shared_perceptual_noise	n1	delta	13.273085200748401	0.0	0.0	0.0	0.0
log-spl5-null.mapjitter.klw	log	spl5	null	shared_perceptual_noise	n1	delta	14.25104638072347	0.0	0.0	0.0	0.0
log-spl5-null.mapjitter.klw	log	spl5	null	shared_perceptual_noise	n1	delta	15.301063759771553	0.0	0.0	0.0	0.0
log-spl5-null.mapjitter.klw	log	spl5	null	shared_perceptual_noise	n1	delta	16.428446440064768	0.0	0.0	0.0	0.0
log-spl5-null.mapjitter.klw	log	spl5	null	shared_perceptual_noise	n1	delta	17.638894698528226	0.0	0.0	0.0	0.0
log-spl5-null.mapjitter.klw	log	spl5	null	shared_perceptual_noise	n1	delta	18.93852880860355	0.0	0.0	0.0	0.0
log-spl5-null.mapjitter.klw	log	spl5	null	shared_perceptual_noise	n1	delta	20.33391998560055	0.0	0.0	0.0	0.0
log-spl5-null.mapjitter.klw	log	spl5	null	shared_perceptual_noise	n1	delta	21.832123612102944	0.0	0.0	0.0	0.0
log-spl5-null.mapjitter.klw	log	spl5	null	shared_perceptual_noise	n1	delta	23.440714911422706	0.0	0.0	0.0	0.0
log-spl5-null.mapjitter.klw	log	spl5	null	shared_perceptual_noise	n1	delta	25.16782724947517	0.0	0.0	0.0	0.0
log-spl5-null.mapjitter.klw	log	spl5	null	shared_perceptual_noise	n1	delta	27.0221932587371	0.0	0.0	0.0	0.0
log-spl5-null.mapjitter.klw	log	spl5	null	shared_perceptual_noise	n1	delta	29.01318899221878	0.0	0.0	0.0	0.0
log-spl5-null.mapjitter.klw	log	spl5	null	shared_perceptual_noise	n1	delta	31.150881330701633	0.0	0.0	0.0	0.0
log-spl5-null.mapjitter.klw	log	spl5	null	shared_perceptual_noise	n1	delta	33.44607888294205	0.0	0.0	0.0	0.0
log-spl5-null.mapjitter.klw	log	spl5	null	shared_perceptual_noise	n1	delta	35.910386636203285	0.0	0.0	0.0	0.0
log-spl5-null.mapjitter.klw	log	spl5	null	shared_perceptual_noise	n1	delta	38.55626463343953	0.0	0.0	0.0	0.0
log-spl5-null.mapjitter.klw	log	spl5	null	shared_perceptual_noise	n1	delta	41.397090973816184	0.0	0.0	0.0	0.0
log-spl5-null.mapjitter.klw	log	spl5	null	shared_perceptual_noise	n1	delta	44.44722945510957	0.0	0.0	0.0	0.0
log-spl5-null.mapjitter.klw	log	spl5	null	shared_perceptual_noise	n1	delta	47.722102200000165	0.0	0.0	0.0	0.0
log-spl5-null.mapjitter.klw	log	spl5	null	shared_perceptual_noise	n1	delta	51.23826763347237	0.0	0.0	0.0	0.0
log-spl5-null.mapjitter.klw	log	spl5	null	shared_perceptual_noise	n1	delta	55.01350420559078	0.0	0.0	0.0	0.0
log-spl5-null.mapjitter.klw	log	spl5	null	shared_perceptual_noise	n1	delta	59.0669002829722	0.0	0.0	0.0	0.0
log-spl5-null.mapjitter.klw	log	spl5	null	shared_perceptual_noise	n1	delta	63.4189506634631	0.0	0.0	0.0	0.0
log-spl5-null.mapjitter.klw	log	spl5	null	shared_perceptual_noise	n1	delta	68.0916602020204	0.0	0.0	0.0	0.0
log-spl5-null.mapjitter.klw	log	spl5	null	shared_perceptual_noise	n1	delta	73.10865507174931	0.0	0.0	0.0	0.0
log-spl5-null.mapjitter.klw	log	spl5	null	shared_perceptual_noise	n1	delta	78.49530222265639	0.0	0.0	0.0	0.0
log-spl5-null.mapjitter.klw	log	spl5	null	shared_perceptual_noise	n1	delta	84.27883764212618	0.0	0.0	0.0	0.0
log-spl5-null.mapjitter.klw	log	spl5	null	shared_perceptual_noise	n1	delta	90.48850406563211	0.0	0.0	0.0	0.0
log-spl5-null.mapjitter.klw	log	spl5	null	shared_perceptual_noise	n1	delta	97.15569883397539	0.0	0.0	0.0	0.0
log-spl5-null.mapjitter.klw	log	spl5	null	shared_perceptual_noise	n1	delta	104.31413264464811	0.0	0.0	0.0	0.0
log-spl5-null.mapjitter.klw	log	spl5	null	shared_perceptual_noise	n1	delta	111.99999999999996	0.0	0.0	0.0	0.0
log-weber-null.mapjitter.klw	log	weber	null	shared_perceptual_noise	perc	ips	6.999999999999999	0.2113045636934055	0.23419291887352392	0.2602368351972401	
log-weber-null.mapjitter.klw	log	weber	null	shared_perceptual_noise	perc	ips	7.515760138376834	0.2113045636934055	0.23419291887352392	0.2602368351972401	
log-weber-null.mapjitter.klw	log	weber	null	shared_perceptual_noise	perc	ips	8.069521493944878	0.2113045636934055	0.23419291887352392	0.2602368351972401	
log-weber-null.mapjitter.klw	log	weber	null	shared_perceptual_noise	perc	ips	8.664083997137997	0.2113045636934055	0.23419291887352392	0.2602368351972401	
log-weber-null.mapjitter.klw	log	weber	null	shared_perceptual_noise	perc	ips	9.302453877319767	0.2113045636934055	0.23419291887352392	0.2602368351972401	
log-weber-null.mapjitter.klw	log	weber	null	shared_perceptual_noise	perc	ips	9.987858862892702	0.2113045636934055	0.23419291887352392	0.2602368351972401	
log-weber-null.mapjitter.klw	log	weber	null	shared_perceptual_noise	perc	ips	10.723764501351818	0.2113045636934055	0.23419291887352392	0.2602368351972401	
log-weber-null.mapjitter.klw	log	weber	null	shared_perceptual_noise	perc	ips	11.513891681800072	0.2113045636934055	0.23419291887352392	0.2602368351972401	
log-weber-null.mapjitter.klw	log	weber	null	shared_perceptual_noise	perc	ips	12.36223544852308	0.2113045636934055	0.23419291887352392	0.2602368351972401	
log-weber-null.mapjitter.klw	log	weber	null	shared_perceptual_noise	perc	ips	13.273085200748401	0.2113045636934055	0.23419291887352392	0.2602368351972401	
log-weber-null.mapjitter.klw	log	weber	null	shared_perceptual_noise	perc	ips	14.25104638072347	0.2113045636934055	0.23419291887352392	0.2602368351972401	
log-weber-null.mapjitter.klw	log	weber	null	shared_perceptual_noise	perc	ips	15.301063759771553	0.2113045636934055	0.23419291887352392	0.2602368351972401	
log-weber-null.mapjitter.klw	log	weber	null	shared_perceptual_noise	perc	ips	16.428446440064768	0.2113045636934055	0.23419291887352392	0.2602368351972401	
log-weber-null.mapjitter.klw	log	weber	null	shared_perceptual_noise	perc	ips	17.638894698528226	0.2113045636934055	0.23419291887352392	0.2602368351972401	
log-weber-null.mapjitter.klw	log	weber	null	shared_perceptual_noise	perc	ips	18.93852880860355	0.2113045636934055	0.23419291887352392	0.2602368351972401	
log-weber-null.mapjitter.klw	log	weber	null	shared_perceptual_noise	perc	ips	20.33391998560055	0.2113045636934055	0.23419291887352392	0.2602368351972401	
log-weber-null.mapjitter.klw	log	weber	null	shared_perceptual_noise	perc	ips	21.832123612102944	0.2113045636934055	0.23419291887352392	0.2602368351972401	
log-weber-null.mapjitter.klw	log	weber	null	shared_perceptual_noise	perc	ips	23.440714911422706	0.2113045636934055	0.23419291887352392	0.2602368351972401	
log-weber-null.mapjitter.klw	log	weber	null	shared_perceptual_noise	perc	ips	25.16782724947517	0.2113045636934055	0.23419291887352392	0.2602368351972401	
log-weber-null.mapjitter.klw	log	weber	null	shared_perceptual_noise	perc	ips	27.0221932587371	0.2113045636934055	0.23419291887352392	0.2602368351972401	
log-weber-null.mapjitter.klw	log	weber	null	shared_perceptual_noise	perc	ips	29.01318899221878	0.2113045636934055	0.23419291887352392	0.2602368351972401	
log-weber-null.mapjitter.klw	log	weber	null	shared_perceptual_noise	perc	ips	31.150881330701633	0.2113045636934055	0.23419291887352392	0.2602368351972401	
log-weber-null.mapjitter.klw	log	weber	null	shared_perceptual_noise	perc	ips	33.44607888294205	0.2113045636934055	0.23419291887352392	0.2602368351972401	
log-weber-null.mapjitter.klw	log	weber	null	shared_perceptual_noise	perc	ips	35.910386636203285	0.2113045636934055	0.23419291887352392	0.2602368351972401	
log-weber-null.mapjitter.klw	log	weber	null	shared_perceptual_noise	perc	ips	38.55626463343953	0.2113045636934055	0.23419291887352392	0.2602368351972401	
log-weber-null.mapjitter.klw	log	weber	null	shared_perceptual_noise	perc	ips	41.397090973816184	0.2113045636934055	0.23419291887352392	0.2602368351972401	
log-weber-null.mapjitter.klw	log	weber	null	shared_perceptual_noise	perc	ips	44.44722945510957	0.2113045636934055	0.23419291887352392	0.2602368351972401	
log-weber-null.mapjitter.klw	log	weber	null	shared_perceptual_noise	perc	ips	47.722102200000165	0.2113045636934055	0.23419291887352392	0.2602368351972401	
log-weber-null.mapjitter.klw	log	weber	null	shared_perceptual_noise	perc	ips	51.23826763347237	0.2113045636934055	0.23419291887352392	0.2602368351972401	
log-weber-null.mapjitter.klw	log	weber	null	shared_perceptual_noise	perc	ips	55.01350420559078	0.2113045636934055	0.23419291887352392	0.2602368351972401	
log-weber-null.mapjitter.klw	log	weber	null	shared_perceptual_noise	perc	ips	59.0669002829722	0.2113045636934055	0.23419291887352392	0.2602368351972401	
log-weber-null.mapjitter.klw	log	weber	null	shared_perceptual_noise	perc	ips	63.4189506634631	0.2113045636934055	0.23419291887352392	0.2602368351972401	
log-weber-null.mapjitter.klw	log	weber	null	shared_perceptual_noise	perc	ips	68.0916602020204	0.2113045636934055	0.23419291887352392	0.2602368351972401	
log-weber-null.mapjitter.klw	log	weber	null	shared_perceptual_noise	perc	ips	73.10865507174931	0.2113045636934055	0.23419291887352392	0.2602368351972401	
log-weber-null.mapjitter.klw	log	weber	null	shared_perceptual_noise	perc	ips	78.49530222265639	0.2113045636934055	0.23419291887352392	0.2602368351972401	
log-weber-null.mapjitter.klw	log	weber	null	shared_perceptual_noise	perc	ips	84.27883764212618	0.2113045636934055	0.23419291887352392	0.2602368351972401	
log-weber-null.mapjitter.klw	log	weber	null	shared_perceptual_noise	perc	ips	90.48850406563211	0.2113045636934055	0.23419291887352392	0.2602368351972401	
log-weber-null.mapjitter.klw	log	weber	null	shared_perceptual_noise	perc	ips	97.15569883397539	0.2113045636934055	0.23419291887352392	0.2602368351972401	
log-weber-null.mapjitter.klw	log	weber	null	shared_perceptual_noise	perc	ips	104.31413264464811	0.2113045636934055	0.23419291887352392	0.2602368351972401	
log-weber-null.mapjitter.klw	log	weber	null	shared_perceptual_noise	perc	ips	111.99999999999996	0.2113045636934055	0.23419291887352392	0.2602368351972401	
log-weber-null.mapjitter.klw	log	weber	null	shared_perceptual_noise	perc	vertex	6.999999999999999	0.2113045636934055	0.23419291887352392	0.2602368351972401	
log-weber-null.mapjitter.klw	log	weber	null	shared_perceptual_noise	perc	vertex	7.515760138376834	0.2113045636934055	0.23419291887352392	0.2602368351972401	
log-weber-null.mapjitter.klw	log	weber	null	shared_perceptual_noise	perc	vertex	8.069521493944878	0.2113045636934055	0.23419291887352392	0.2602368351972401	
log-weber-null.mapjitter.klw	log	weber	null	shared_perceptual_noise	perc	vertex	8.664083997137997	0.2113045636934055	0.23419291887352392	0.2602368351972401	
log-weber-null.mapjitter.klw	log	weber	null	shared_perceptual_noise	perc	vertex	9.302453877319767	0.2113045636934055	0.23419291887352392	0.2602368351972401	
log-weber-null.mapjitter.klw	log	weber	null	shared_perceptual_noise	perc	vertex	9.987858862892702	0.2113045636934055	0.23419291887352392	0.2602368351972401	
log-weber-null.mapjitter.klw	log	weber	null	shared_perceptual_noise	perc	vertex	10.723764501351818	0.2113045636934055	0.23419291887352392	0.2602368351972401	
log-weber-null.mapjitter.klw	log	weber	null	shared_perceptual_noise	perc	vertex	11.513891681800072	0.2113045636934055	0.23419291887352392	0.2602368351972401	
log-weber-null.mapjitter.klw	log	weber	null	shared_perceptual_noise	perc	vertex	12.36223544852308	0.2113045636934055	0.23419291887352392	0.2602368351972401	
log-weber-null.mapjitter.klw	log	weber	null	shared_perceptual_noise	perc	vertex	13.273085200748401	0.2113045636934055	0.23419291887352392	0.2602368351972401	
log-weber-null.mapjitter.klw	log	weber	null	shared_perceptual_noise	perc	vertex	14.25104638072347	0.2113045636934055	0.23419291887352392	0.2602368351972401	
log-weber-null.mapjitter.klw	log	weber	null	shared_perceptual_noise	perc	vertex	15.301063759771553	0.2113045636934055	0.23419291887352392	0.2602368351972401	
log-weber-null.mapjitter.klw	log	weber	null	shared_perceptual_noise	perc	vertex	16.428446440064768	0.2113045636934055	0.23419291887352392	0.2602368351972401	
log-weber-null.mapjitter.klw	log	weber	null	shared_perceptual_noise	perc	vertex	17.638894698528226	0.2113045636934055	0.23419291887352392	0.2602368351972401	
log-weber-null.mapjitter.klw	log	weber	null	shared_perceptual_noise	perc	vertex	18.93852880860355	0.2113045636934055	0.23419291887352392	0.2602368351972401	
log-weber-null.mapjitter.klw	log	weber	null	shared_perceptual_noise	perc	vertex	20.33391998560055	0.2113045636934055	0.23419291887352392	0.2602368351972401	
log-weber-null.mapjitter.klw	log	weber	null	shared_perceptual_noise	perc	vertex	21.832123612102944	0.2113045636934055	0.23419291887352392	0.2602368351972401	
log-weber-null.mapjitter.klw	log	weber	null	shared_perceptual_noise	perc	vertex	23.440714911422706	0.2113045636934055	0.23419291887352392	0.2602368351972401	
log-weber-null.mapjitter.klw	log	weber	null	shared_perceptual_noise	perc	vertex	25.16782724947517	0.2113045636934055	0.23419291887352392	0.2602368351972401	
log-weber-null.mapjitter.klw	log	weber	null	shared_perceptual_noise	perc	vertex	27.0221932587371	0.2113045636934055	0.23419291887352392	0.2602368351972401	
log-weber-null.mapjitter.klw	log	weber	null	shared_perceptual_noise	perc	vertex	29.01318899221878	0.2113045636934055	0.23419291887352392	0.2602368351972401	
log-weber-null.mapjitter.klw	log	weber	null	shared_perceptual_noise	perc	vertex	31.150881330701633	0.2113045636934055	0.23419291887352392	0.2602368351972401	
log-weber-null.mapjitter.klw	log	weber	null	shared_perceptual_noise	perc	vertex	33.44607888294205	0.2113045636934055	0.23419291887352392	0.2602368351972401	
log-weber-null.mapjitter.klw	log	weber	null	shared_perceptual_noise	perc	vertex	35.910386636203285	0.2113045636934055	0.23419291887352392	0.2602368351972401	
log-weber-null.mapjitter.klw	log	weber	null	shared_perceptual_noise	perc	vertex	38.55626463343953	0.2113045636934055	0.23419291887352392	0.2602368351972401	
log-weber-null.mapjitter.klw	log	weber	null	shared_perceptual_noise	perc	vertex	41.397090973816184	0.2113045636934055	0.23419291887352392	0.2602368351972401	
log-weber-null.mapjitter.klw	log	weber	null	shared_perceptual_noise	perc	vertex	44.44722945510957	0.2113045636934055	0.23419291887352392	0.2602368351972401	
log-weber-null.mapjitter.klw	log	weber	null	shared_perceptual_noise	perc	vertex	47.722102200000165	0.2113045636934055	0.23419291887352392	0.2602368351972401	
log-weber-null.mapjitter.klw	log	weber	null	shared_perceptual_noise	perc	vertex	51.23826763347237	0.2113045636934055	0.23419291887352392	0.2602368351972401	
log-weber-null.mapjitter.klw	log	weber	null	shared_perceptual_noise	perc	vertex	55.01350420559078	0.2113045636934055	0.23419291887352392	0.2602368351972401	
log-weber-null.mapjitter.klw	log	weber	null	shared_perceptual_noise	perc	vertex	59.0669002829722	0.2113045636934055	0.23419291887352392	0.2602368351972401	
log-weber-null.mapjitter.klw	log	weber	null	shared_perceptual_noise	perc	vertex	63.4189506634631	0.2113045636934055	0.23419291887352392	0.2602368351972401	
log-weber-null.mapjitter.klw	log	weber	null	shared_perceptual_noise	perc	vertex	68.0916602020204	0.2113045636934055	0.23419291887352392	0.2602368351972401	
log-weber-null.mapjitter.klw	log	weber	null	shared_perceptual_noise	perc	vertex	73.10865507174931	0.2113045636934055	0.23419291887352392	0.2602368351972401	
log-weber-null.mapjitter.klw	log	weber	null	shared_perceptual_noise	perc	vertex	78.49530222265639	0.2113045636934055	0.23419291887352392	0.2602368351972401	
log-weber-null.mapjitter.klw	log	weber	null	shared_perceptual_noise	perc	vertex	84.27883764212618	0.2113045636934055	0.23419291887352392	0.2602368351972401	
log-weber-null.mapjitter.klw	log	weber	null	shared_perceptual_noise	perc	vertex	90.48850406563211	0.2113045636934055	0.23419291887352392	0.2602368351972401	
log-weber-null.mapjitter.klw	log	weber	null	shared_perceptual_noise	perc	vertex	97.15569883397539	0.2113045636934055	0.23419291887352392	0.2602368351972401	
log-weber-null.mapjitter.klw	log	weber	null	shared_perceptual_noise	perc	vertex	104.31413264464811	0.2113045636934055	0.23419291887352392	0.2602368351972401	
log-weber-null.mapjitter.klw	log	weber	null	shared_perceptual_noise	perc	vertex	111.99999999999996	0.2113045636934055	0.23419291887352392	0.2602368351972401	
log-weber-null.mapjitter.klw	log	weber	null	shared_perceptual_noise	mem	ips	6.999999999999999	0.04344402532754997	0.061257747732411084	0.08113438148706015	
log-weber-null.mapjitter.klw	log	weber	null	shared_perceptual_noise	mem	ips	7.515760138376834	0.04344402532754997	0.061257747732411084	0.08113438148706015	
log-weber-null.mapjitter.klw	log	weber	null	shared_perceptual_noise	mem	ips	8.069521493944878	0.04344402532754997	0.061257747732411084	0.08113438148706015	
log-weber-null.mapjitter.klw	log	weber	null	shared_perceptual_noise	mem	ips	8.664083997137997	0.04344402532754997	0.061257747732411084	0.08113438148706015	
log-weber-null.mapjitter.klw	log	weber	null	shared_perceptual_noise	mem	ips	9.302453877319767	0.04344402532754997	0.061257747732411084	0.08113438148706015	
log-weber-null.mapjitter.klw	log	weber	null	shared_perceptual_noise	mem	ips	9.987858862892702	0.04344402532754997	0.061257747732411084	0.08113438148706015	
log-weber-null.mapjitter.klw	log	weber	null	shared_perceptual_noise	mem	ips	10.723764501351818	0.04344402532754997	0.061257747732411084	0.08113438148706015	
log-weber-null.mapjitter.klw	log	weber	null	shared_perceptual_noise	mem	ips	11.513891681800072	0.04344402532754997	0.061257747732411084	0.08113438148706015	
log-weber-null.mapjitter.klw	log	weber	null	shared_perceptual_noise	mem	ips	12.36223544852308	0.04344402532754997	0.061257747732411084	0.08113438148706015	
log-weber-null.mapjitter.klw	log	weber	null	shared_perceptual_noise	mem	ips	13.273085200748401	0.04344402532754997	0.061257747732411084	0.08113438148706015	
log-weber-null.mapjitter.klw	log	weber	null	shared_perceptual_noise	mem	ips	14.25104638072347	0.04344402532754997	0.061257747732411084	0.08113438148706015	
log-weber-null.mapjitter.klw	log	weber	null	shared_perceptual_noise	mem	ips	15.301063759771553	0.04344402532754997	0.061257747732411084	0.08113438148706015	
log-weber-null.mapjitter.klw	log	weber	null	shared_perceptual_noise	mem	ips	16.428446440064768	0.04344402532754997	0.061257747732411084	0.08113438148706015	
log-weber-null.mapjitter.klw	log	weber	null	shared_perceptual_noise	mem	ips	17.638894698528226	0.04344402532754997	0.061257747732411084	0.08113438148706015	
log-weber-null.mapjitter.klw	log	weber	null	shared_perceptual_noise	mem	ips	18.93852880860355	0.04344402532754997	0.061257747732411084	0.08113438148706015	
log-weber-null.mapjitter.klw	log	weber	null	shared_perceptual_noise	mem	ips	20.33391998560055	0.04344402532754997	0.061257747732411084	0.08113438148706015	
log-weber-null.mapjitter.klw	log	weber	null	shared_perceptual_noise	mem	ips	21.832123612102944	0.04344402532754997	0.061257747732411084	0.08113438148706015	
log-weber-null.mapjitter.klw	log	weber	null	shared_perceptual_noise	mem	ips	23.440714911422706	0.04344402532754997	0.061257747732411084	0.08113438148706015	
log-weber-null.mapjitter.klw	log	weber	null	shared_perceptual_noise	mem	ips	25.16782724947517	0.04344402532754997	0.061257747732411084	0.08113438148706015	
log-weber-null.mapjitter.klw	log	weber	null	shared_perceptual_noise	mem	ips	27.0221932587371	0.04344402532754997	0.061257747732411084	0.08113438148706015	
log-weber-null.mapjitter.klw	log	weber	null	shared_perceptual_noise	mem	ips	29.01318899221878	0.04344402532754997	0.061257747732411084	0.08113438148706015	
log-weber-null.mapjitter.klw	log	weber	null	shared_perceptual_noise	mem	ips	31.150881330701633	0.04344402532754997	0.061257747732411084	0.08113438148706015	
log-weber-null.mapjitter.klw	log	weber	null	shared_perceptual_noise	mem	ips	33.44607888294205	0.04344402532754997	0.061257747732411084	0.08113438148706015	
log-weber-null.mapjitter.klw	log	weber	null	shared_perceptual_noise	mem	ips	35.910386636203285	0.04344402532754997	0.061257747732411084	0.08113438148706015	
log-weber-null.mapjitter.klw	log	weber	null	shared_perceptual_noise	mem	ips	38.55626463343953	0.04344402532754997	0.061257747732411084	0.08113438148706015	
log-weber-null.mapjitter.klw	log	weber	null	shared_perceptual_noise	mem	ips	41.397090973816184	0.04344402532754997	0.061257747732411084	0.08113438148706015	
log-weber-null.mapjitter.klw	log	weber	null	shared_perceptual_noise	mem	ips	44.44722945510957	0.04344402532754997	0.061257747732411084	0.08113438148706015	
log-weber-null.mapjitter.klw	log	weber	null	shared_perceptual_noise	mem	ips	47.722102200000165	0.04344402532754997	0.061257747732411084	0.08113438148706015	
log-weber-null.mapjitter.klw	log	weber	null	shared_perceptual_noise	mem	ips	51.23826763347237	0.04344402532754997	0.061257747732411084	0.08113438148706015	
log-weber-null.mapjitter.klw	log	weber	null	shared_perceptual_noise	mem	ips	55.01350420559078	0.04344402532754997	0.061257747732411084	0.08113438148706015	
log-weber-null.mapjitter.klw	log	weber	null	shared_perceptual_noise	mem	ips	59.0669002829722	0.04344402532754997	0.061257747732411084	0.08113438148706015	
log-weber-null.mapjitter.klw	log	weber	null	shared_perceptual_noise	mem	ips	63.4189506634631	0.04344402532754997	0.061257747732411084	0.08113438148706015	
log-weber-null.mapjitter.klw	log	weber	null	shared_perceptual_noise	mem	ips	68.0916602020204	0.04344402532754997	0.061257747732411084	0.08113438148706015	
log-weber-null.mapjitter.klw	log	weber	null	shared_perceptual_noise	mem	ips	73.10865507174931	0.04344402532754997	0.061257747732411084	0.08113438148706015	
log-weber-null.mapjitter.klw	log	weber	null	shared_perceptual_noise	mem	ips	78.49530222265639	0.04344402532754997	0.061257747732411084	0.08113438148706015	
log-weber-null.mapjitter.klw	log	weber	null	shared_perceptual_noise	mem	ips	84.27883764212618	0.04344402532754997	0.061257747732411084	0.08113438148706015	
log-weber-null.mapjitter.klw	log	weber	null	shared_perceptual_noise	mem	ips	90.48850406563211	0.04344402532754997	0.061257747732411084	0.08113438148706015	
log-weber-null.mapjitter.klw	log	weber	null	shared_perceptual_noise	mem	ips	97.15569883397539	0.04344402532754997	0.061257747732411084	0.08113438148706015	
log-weber-null.mapjitter.klw	log	weber	null	shared_perceptual_noise	mem	ips	104.31413264464811	0.04344402532754997	0.061257747732411084	0.08113438148706015	
log-weber-null.mapjitter.klw	log	weber	null	shared_perceptual_noise	mem	ips	111.99999999999996	0.04344402532754997	0.061257747732411084	0.08113438148706015	
log-weber-null.mapjitter.klw	log	weber	null	shared_perceptual_noise	mem	vertex	6.999999999999999	0.04344402532754997	0.061257747732411084	0.08113438148706015	
log-weber-null.mapjitter.klw	log	weber	null	shared_perceptual_noise	mem	vertex	7.515760138376834	0.04344402532754997	0.061257747732411084	0.08113438148706015	
log-weber-null.mapjitter.klw	log	weber	null	shared_perceptual_noise	mem	vertex	8.069521493944878	0.04344402532754997	0.061257747732411084	0.08113438148706015	
log-weber-null.mapjitter.klw	log	weber	null	shared_perceptual_noise	mem	vertex	8.664083997137997	0.04344402532754997	0.061257747732411084	0.08113438148706015	
log-weber-null.mapjitter.klw	log	weber	null	shared_perceptual_noise	mem	vertex	9.302453877319767	0.04344402532754997	0.061257747732411084	0.08113438148706015	
log-weber-null.mapjitter.klw	log	weber	null	shared_perceptual_noise	mem	vertex	9.987858862892702	0.04344402532754997	0.061257747732411084	0.08113438148706015	
log-weber-null.mapjitter.klw	log	weber	null	shared_perceptual_noise	mem	vertex	10.723764501351818	0.04344402532754997	0.061257747732411084	0.08113438148706015	
log-weber-null.mapjitter.klw	log	weber	null	shared_perceptual_noise	mem	vertex	11.513891681800072	0.04344402532754997	0.061257747732411084	0.08113438148706015	
log-weber-null.mapjitter.klw	log	weber	null	shared_perceptual_noise	mem	vertex	12.36223544852308	0.04344402532754997	0.061257747732411084	0.08113438148706015	
log-weber-null.mapjitter.klw	log	weber	null	shared_perceptual_noise	mem	vertex	13.273085200748401	0.04344402532754997	0.061257747732411084	0.08113438148706015	
log-weber-null.mapjitter.klw	log	weber	null	shared_perceptual_noise	mem	vertex	14.25104638072347	0.04344402532754997	0.061257747732411084	0.08113438148706015	
log-weber-null.mapjitter.klw	log	weber	null	shared_perceptual_noise	mem	vertex	15.301063759771553	0.04344402532754997	0.061257747732411084	0.08113438148706015	
log-weber-null.mapjitter.klw	log	weber	null	shared_perceptual_noise	mem	vertex	16.428446440064768	0.04344402532754997	0.061257747732411084	0.08113438148706015	
log-weber-null.mapjitter.klw	log	weber	null	shared_perceptual_noise	mem	vertex	17.638894698528226	0.04344402532754997	0.061257747732411084	0.08113438148706015	
log-weber-null.mapjitter.klw	log	weber	null	shared_perceptual_noise	mem	vertex	18.93852880860355	0.04344402532754997	0.061257747732411084	0.08113438148706015	
log-weber-null.mapjitter.klw	log	weber	null	shared_perceptual_noise	mem	vertex	20.33391998560055	0.04344402532754997	0.061257747732411084	0.08113438148706015	
log-weber-null.mapjitter.klw	log	weber	null	shared_perceptual_noise	mem	vertex	21.832123612102944	0.04344402532754997	0.061257747732411084	0.08113438148706015	
log-weber-null.mapjitter.klw	log	weber	null	shared_perceptual_noise	mem	vertex	23.440714911422706	0.04344402532754997	0.061257747732411084	0.08113438148706015	
log-weber-null.mapjitter.klw	log	weber	null	shared_perceptual_noise	mem	vertex	25.16782724947517	0.04344402532754997	0.061257747732411084	0.08113438148706015	
log-weber-null.mapjitter.klw	log	weber	null	shared_perceptual_noise	mem	vertex	27.0221932587371	0.04344402532754997	0.061257747732411084	0.08113438148706015	
log-weber-null.mapjitter.klw	log	weber	null	shared_perceptual_noise	mem	vertex	29.01318899221878	0.04344402532754997	0.061257747732411084	0.08113438148706015	
log-weber-null.mapjitter.klw	log	weber	null	shared_perceptual_noise	mem	vertex	31.150881330701633	0.04344402532754997	0.061257747732411084	0.08113438148706015	
log-weber-null.mapjitter.klw	log	weber	null	shared_perceptual_noise	mem	vertex	33.44607888294205	0.04344402532754997	0.061257747732411084	0.08113438148706015	
log-weber-null.mapjitter.klw	log	weber	null	shared_perceptual_noise	mem	vertex	35.910386636203285	0.04344402532754997	0.061257747732411084	0.08113438148706015	
log-weber-null.mapjitter.klw	log	weber	null	shared_perceptual_noise	mem	vertex	38.55626463343953	0.04344402532754997	0.061257747732411084	0.08113438148706015	
log-weber-null.mapjitter.klw	log	weber	null	shared_perceptual_noise	mem	vertex	41.397090973816184	0.04344402532754997	0.061257747732411084	0.08113438148706015	
log-weber-null.mapjitter.klw	log	weber	null	shared_perceptual_noise	mem	vertex	44.44722945510957	0.04344402532754997	0.061257747732411084	0.08113438148706015	
log-weber-null.mapjitter.klw	log	weber	null	shared_perceptual_noise	mem	vertex	47.722102200000165	0.04344402532754997	0.061257747732411084	0.08113438148706015	
log-weber-null.mapjitter.klw	log	weber	null	shared_perceptual_noise	mem	vertex	51.23826763347237	0.04344402532754997	0.061257747732411084	0.08113438148706015	
log-weber-null.mapjitter.klw	log	weber	null	shared_perceptual_noise	mem	vertex	55.01350420559078	0.04344402532754997	0.061257747732411084	0.08113438148706015	
log-weber-null.mapjitter.klw	log	weber	null	shared_perceptual_noise	mem	vertex	59.0669002829722	0.04344402532754997	0.061257747732411084	0.08113438148706015	
log-weber-null.mapjitter.klw	log	weber	null	shared_perceptual_noise	mem	vertex	63.4189506634631	0.04344402532754997	0.061257747732411084	0.08113438148706015	
log-weber-null.mapjitter.klw	log	weber	null	shared_perceptual_noise	mem	vertex	68.0916602020204	0.04344402532754997	0.061257747732411084	0.08113438148706015	
log-weber-null.mapjitter.klw	log	weber	null	shared_perceptual_noise	mem	vertex	73.10865507174931	0.04344402532754997	0.061257747732411084	0.08113438148706015	
log-weber-null.mapjitter.klw	log	weber	null	shared_perceptual_noise	mem	vertex	78.49530222265639	0.04344402532754997	0.061257747732411084	0.08113438148706015	
log-weber-null.mapjitter.klw	log	weber	null	shared_perceptual_noise	mem	vertex	84.27883764212618	0.04344402532754997	0.061257747732411084	0.08113438148706015	
log-weber-null.mapjitter.klw	log	weber	null	shared_perceptual_noise	mem	vertex	90.48850406563211	0.04344402532754997	0.061257747732411084	0.08113438148706015	
log-weber-null.mapjitter.klw	log	weber	null	shared_perceptual_noise	mem	vertex	97.15569883397539	0.04344402532754997	0.061257747732411084	0.08113438148706015	
log-weber-null.mapjitter.klw	log	weber	null	shared_perceptual_noise	mem	vertex	104.31413264464811	0.04344402532754997	0.061257747732411084	0.08113438148706015	
log-weber-null.mapjitter.klw	log	weber	null	shared_perceptual_noise	mem	vertex	111.99999999999996	0.04344402532754997	0.061257747732411084	0.08113438148706015	
log-weber-null.mapjitter.klw	log	weber	null	shared_perceptual_noise	n1	ips	6.999999999999999	0.26859633370400765	0.29568146249294935	0.32603911403331176	
log-weber-null.mapjitter.klw	log	weber	null	shared_perceptual_noise	n1	ips	7.515760138376834	0.26859633370400765	0.29568146249294935	0.32603911403331176	
log-weber-null.mapjitter.klw	log	weber	null	shared_perceptual_noise	n1	ips	8.069521493944878	0.26859633370400765	0.29568146249294935	0.32603911403331176	
log-weber-null.mapjitter.klw	log	weber	null	shared_perceptual_noise	n1	ips	8.664083997137997	0.26859633370400765	0.29568146249294935	0.32603911403331176	
log-weber-null.mapjitter.klw	log	weber	null	shared_perceptual_noise	n1	ips	9.302453877319767	0.26859633370400765	0.29568146249294935	0.32603911403331176	
log-weber-null.mapjitter.klw	log	weber	null	shared_perceptual_noise	n1	ips	9.987858862892702	0.26859633370400765	0.29568146249294935	0.32603911403331176	
log-weber-null.mapjitter.klw	log	weber	null	shared_perceptual_noise	n1	ips	10.723764501351818	0.26859633370400765	0.29568146249294935	0.32603911403331176	
log-weber-null.mapjitter.klw	log	weber	null	shared_perceptual_noise	n1	ips	11.513891681800072	0.26859633370400765	0.29568146249294935	0.32603911403331176	
log-weber-null.mapjitter.klw	log	weber	null	shared_perceptual_noise	n1	ips	12.36223544852308	0.26859633370400765	0.29568146249294935	0.32603911403331176	
log-weber-null.mapjitter.klw	log	weber	null	shared_perceptual_noise	n1	ips	13.273085200748401	0.26859633370400765	0.29568146249294935	0.32603911403331176	
log-weber-null.mapjitter.klw	log	weber	null	shared_perceptual_noise	n1	ips	14.25104638072347	0.26859633370400765	0.29568146249294935	0.32603911403331176	
log-weber-null.mapjitter.klw	log	weber	null	shared_perceptual_noise	n1	ips	15.301063759771553	0.26859633370400765	0.29568146249294935	0.32603911403331176	
log-weber-null.mapjitter.klw	log	weber	null	shared_perceptual_noise	n1	ips	16.428446440064768	0.26859633370400765	0.29568146249294935	0.32603911403331176	
log-weber-null.mapjitter.klw	log	weber	null	shared_perceptual_noise	n1	ips	17.638894698528226	0.26859633370400765	0.29568146249294935	0.32603911403331176	
log-weber-null.mapjitter.klw	log	weber	null	shared_perceptual_noise	n1	ips	18.93852880860355	0.26859633370400765	0.29568146249294935	0.32603911403331176	
log-weber-null.mapjitter.klw	log	weber	null	shared_perceptual_noise	n1	ips	20.33391998560055	0.26859633370400765	0.29568146249294935	0.32603911403331176	
log-weber-null.mapjitter.klw	log	weber	null	shared_perceptual_noise	n1	ips	21.832123612102944	0.26859633370400765	0.29568146249294935	0.32603911403331176	
log-weber-null.mapjitter.klw	log	weber	null	shared_perceptual_noise	n1	ips	23.440714911422706	0.26859633370400765	0.29568146249294935	0.32603911403331176	
log-weber-null.mapjitter.klw	log	weber	null	shared_perceptual_noise	n1	ips	25.16782724947517	0.26859633370400765	0.29568146249294935	0.32603911403331176	
log-weber-null.mapjitter.klw	log	weber	null	shared_perceptual_noise	n1	ips	27.0221932587371	0.26859633370400765	0.29568146249294935	0.32603911403331176	
log-weber-null.mapjitter.klw	log	weber	null	shared_perceptual_noise	n1	ips	29.01318899221878	0.26859633370400765	0.29568146249294935	0.32603911403331176	
log-weber-null.mapjitter.klw	log	weber	null	shared_perceptual_noise	n1	ips	31.150881330701633	0.26859633370400765	0.29568146249294935	0.32603911403331176	
log-weber-null.mapjitter.klw	log	weber	null	shared_perceptual_noise	n1	ips	33.44607888294205	0.26859633370400765	0.29568146249294935	0.32603911403331176	
log-weber-null.mapjitter.klw	log	weber	null	shared_perceptual_noise	n1	ips	35.910386636203285	0.26859633370400765	0.29568146249294935	0.32603911403331176	
log-weber-null.mapjitter.klw	log	weber	null	shared_perceptual_noise	n1	ips	38.55626463343953	0.26859633370400765	0.29568146249294935	0.32603911403331176	
log-weber-null.mapjitter.klw	log	weber	null	shared_perceptual_noise	n1	ips	41.397090973816184	0.26859633370400765	0.29568146249294935	0.32603911403331176	
log-weber-null.mapjitter.klw	log	weber	null	shared_perceptual_noise	n1	ips	44.44722945510957	0.26859633370400765	0.29568146249294935	0.32603911403331176	
log-weber-null.mapjitter.klw	log	weber	null	shared_perceptual_noise	n1	ips	47.722102200000165	0.26859633370400765	0.29568146249294935	0.32603911403331176	
log-weber-null.mapjitter.klw	log	weber	null	shared_perceptual_noise	n1	ips	51.23826763347237	0.26859633370400765	0.29568146249294935	0.32603911403331176	
log-weber-null.mapjitter.klw	log	weber	null	shared_perceptual_noise	n1	ips	55.01350420559078	0.26859633370400765	0.29568146249294935	0.32603911403331176	
log-weber-null.mapjitter.klw	log	weber	null	shared_perceptual_noise	n1	ips	59.0669002829722	0.26859633370400765	0.29568146249294935	0.32603911403331176	
log-weber-null.mapjitter.klw	log	weber	null	shared_perceptual_noise	n1	ips	63.4189506634631	0.26859633370400765	0.29568146249294935	0.32603911403331176	
log-weber-null.mapjitter.klw	log	weber	null	shared_perceptual_noise	n1	ips	68.0916602020204	0.26859633370400765	0.29568146249294935	0.32603911403331176	
log-weber-null.mapjitter.klw	log	weber	null	shared_perceptual_noise	n1	ips	73.10865507174931	0.26859633370400765	0.29568146249294935	0.32603911403331176	
log-weber-null.mapjitter.klw	log	weber	null	shared_perceptual_noise	n1	ips	78.49530222265639	0.26859633370400765	0.29568146249294935	0.32603911403331176	
log-weber-null.mapjitter.klw	log	weber	null	shared_perceptual_noise	n1	ips	84.27883764212618	0.26859633370400765	0.29568146249294935	0.32603911403331176	
log-weber-null.mapjitter.klw	log	weber	null	shared_perceptual_noise	n1	ips	90.48850406563211	0.26859633370400765	0.29568146249294935	0.32603911403331176	
log-weber-null.mapjitter.klw	log	weber	null	shared_perceptual_noise	n1	ips	97.15569883397539	0.26859633370400765	0.29568146249294935	0.32603911403331176	
log-weber-null.mapjitter.klw	log	weber	null	shared_perceptual_noise	n1	ips	104.31413264464811	0.26859633370400765	0.29568146249294935	0.32603911403331176	
log-weber-null.mapjitter.klw	log	weber	null	shared_perceptual_noise	n1	ips	111.99999999999996	0.26859633370400765	0.29568146249294935	0.32603911403331176	
log-weber-null.mapjitter.klw	log	weber	null	shared_perceptual_noise	n1	vertex	6.999999999999999	0.26859633370400765	0.29568146249294935	0.32603911403331176	
log-weber-null.mapjitter.klw	log	weber	null	shared_perceptual_noise	n1	vertex	7.515760138376834	0.26859633370400765	0.29568146249294935	0.32603911403331176	
log-weber-null.mapjitter.klw	log	weber	null	shared_perceptual_noise	n1	vertex	8.069521493944878	0.26859633370400765	0.29568146249294935	0.32603911403331176	
log-weber-null.mapjitter.klw	log	weber	null	shared_perceptual_noise	n1	vertex	8.664083997137997	0.26859633370400765	0.29568146249294935	0.32603911403331176	
log-weber-null.mapjitter.klw	log	weber	null	shared_perceptual_noise	n1	vertex	9.302453877319767	0.26859633370400765	0.29568146249294935	0.32603911403331176	
log-weber-null.mapjitter.klw	log	weber	null	shared_perceptual_noise	n1	vertex	9.987858862892702	0.26859633370400765	0.29568146249294935	0.32603911403331176	
log-weber-null.mapjitter.klw	log	weber	null	shared_perceptual_noise	n1	vertex	10.723764501351818	0.26859633370400765	0.29568146249294935	0.32603911403331176	
log-weber-null.mapjitter.klw	log	weber	null	shared_perceptual_noise	n1	vertex	11.513891681800072	0.26859633370400765	0.29568146249294935	0.32603911403331176	
log-weber-null.mapjitter.klw	log	weber	null	shared_perceptual_noise	n1	vertex	12.36223544852308	0.26859633370400765	0.29568146249294935	0.32603911403331176	
log-weber-null.mapjitter.klw	log	weber	null	shared_perceptual_noise	n1	vertex	13.273085200748401	0.26859633370400765	0.29568146249294935	0.32603911403331176	
log-weber-null.mapjitter.klw	log	weber	null	shared_perceptual_noise	n1	vertex	14.25104638072347	0.26859633370400765	0.29568146249294935	0.32603911403331176	
log-weber-null.mapjitter.klw	log	weber	null	shared_perceptual_noise	n1	vertex	15.301063759771553	0.26859633370400765	0.29568146249294935	0.32603911403331176	
log-weber-null.mapjitter.klw	log	weber	null	shared_perceptual_noise	n1	vertex	16.428446440064768	0.26859633370400765	0.29568146249294935	0.32603911403331176	
log-weber-null.mapjitter.klw	log	weber	null	shared_perceptual_noise	n1	vertex	17.638894698528226	0.26859633370400765	0.29568146249294935	0.32603911403331176	
log-weber-null.mapjitter.klw	log	weber	null	shared_perceptual_noise	n1	vertex	18.93852880860355	0.26859633370400765	0.29568146249294935	0.32603911403331176	
log-weber-null.mapjitter.klw	log	weber	null	shared_perceptual_noise	n1	vertex	20.33391998560055	0.26859633370400765	0.29568146249294935	0.32603911403331176	
log-weber-null.mapjitter.klw	log	weber	null	shared_perceptual_noise	n1	vertex	21.832123612102944	0.26859633370400765	0.29568146249294935	0.32603911403331176	
log-weber-null.mapjitter.klw	log	weber	null	shared_perceptual_noise	n1	vertex	23.440714911422706	0.26859633370400765	0.29568146249294935	0.32603911403331176	
log-weber-null.mapjitter.klw	log	weber	null	shared_perceptual_noise	n1	vertex	25.16782724947517	0.26859633370400765	0.29568146249294935	0.32603911403331176	
log-weber-null.mapjitter.klw	log	weber	null	shared_perceptual_noise	n1	vertex	27.0221932587371	0.26859633370400765	0.29568146249294935	0.32603911403331176	
log-weber-null.mapjitter.klw	log	weber	null	shared_perceptual_noise	n1	vertex	29.01318899221878	0.26859633370400765	0.29568146249294935	0.32603911403331176	
log-weber-null.mapjitter.klw	log	weber	null	shared_perceptual_noise	n1	vertex	31.150881330701633	0.26859633370400765	0.29568146249294935	0.32603911403331176	
log-weber-null.mapjitter.klw	log	weber	null	shared_perceptual_noise	n1	vertex	33.44607888294205	0.26859633370400765	0.29568146249294935	0.32603911403331176	
log-weber-null.mapjitter.klw	log	weber	null	shared_perceptual_noise	n1	vertex	35.910386636203285	0.26859633370400765	0.29568146249294935	0.32603911403331176	
log-weber-null.mapjitter.klw	log	weber	null	shared_perceptual_noise	n1	vertex	38.55626463343953	0.26859633370400765	0.29568146249294935	0.32603911403331176	
log-weber-null.mapjitter.klw	log	weber	null	shared_perceptual_noise	n1	vertex	41.397090973816184	0.26859633370400765	0.29568146249294935	0.32603911403331176	
log-weber-null.mapjitter.klw	log	weber	null	shared_perceptual_noise	n1	vertex	44.44722945510957	0.26859633370400765	0.29568146249294935	0.32603911403331176	
log-weber-null.mapjitter.klw	log	weber	null	shared_perceptual_noise	n1	vertex	47.722102200000165	0.26859633370400765	0.29568146249294935	0.32603911403331176	
log-weber-null.mapjitter.klw	log	weber	null	shared_perceptual_noise	n1	vertex	51.23826763347237	0.26859633370400765	0.29568146249294935	0.32603911403331176	
log-weber-null.mapjitter.klw	log	weber	null	shared_perceptual_noise	n1	vertex	55.01350420559078	0.26859633370400765	0.29568146249294935	0.32603911403331176	
log-weber-null.mapjitter.klw	log	weber	null	shared_perceptual_noise	n1	vertex	59.0669002829722	0.26859633370400765	0.29568146249294935	0.32603911403331176	
log-weber-null.mapjitter.klw	log	weber	null	shared_perceptual_noise	n1	vertex	63.4189506634631	0.26859633370400765	0.29568146249294935	0.32603911403331176	
log-weber-null.mapjitter.klw	log	weber	null	shared_perceptual_noise	n1	vertex	68.0916602020204	0.26859633370400765	0.29568146249294935	0.32603911403331176	
log-weber-null.mapjitter.klw	log	weber	null	shared_perceptual_noise	n1	vertex	73.10865507174931	0.26859633370400765	0.29568146249294935	0.32603911403331176	
log-weber-null.mapjitter.klw	log	weber	null	shared_perceptual_noise	n1	vertex	78.49530222265639	0.26859633370400765	0.29568146249294935	0.32603911403331176	
log-weber-null.mapjitter.klw	log	weber	null	shared_perceptual_noise	n1	vertex	84.27883764212618	0.26859633370400765	0.29568146249294935	0.32603911403331176	
log-weber-null.mapjitter.klw	log	weber	null	shared_perceptual_noise	n1	vertex	90.48850406563211	0.26859633370400765	0.29568146249294935	0.32603911403331176	
log-weber-null.mapjitter.klw	log	weber	null	shared_perceptual_noise	n1	vertex	97.15569883397539	0.26859633370400765	0.29568146249294935	0.32603911403331176	
log-weber-null.mapjitter.klw	log	weber	null	shared_perceptual_noise	n1	vertex	104.31413264464811	0.26859633370400765	0.29568146249294935	0.32603911403331176	
log-weber-null.mapjitter.klw	log	weber	null	shared_perceptual_noise	n1	vertex	111.99999999999996	0.26859633370400765	0.29568146249294935	0.32603911403331176	
log-weber-null.mapjitter.klw	log	weber	null	shared_perceptual_noise	n2	ips	6.999999999999999	0.2113045636934055	0.23419291887352392	0.2602368351972401	
log-weber-null.mapjitter.klw	log	weber	null	shared_perceptual_noise	n2	ips	7.515760138376834	0.2113045636934055	0.23419291887352392	0.2602368351972401	
log-weber-null.mapjitter.klw	log	weber	null	shared_perceptual_noise	n2	ips	8.069521493944878	0.2113045636934055	0.23419291887352392	0.2602368351972401	
log-weber-null.mapjitter.klw	log	weber	null	shared_perceptual_noise	n2	ips	8.664083997137997	0.2113045636934055	0.23419291887352392	0.2602368351972401	
log-weber-null.mapjitter.klw	log	weber	null	shared_perceptual_noise	n2	ips	9.302453877319767	0.2113045636934055	0.23419291887352392	0.2602368351972401	
log-weber-null.mapjitter.klw	log	weber	null	shared_perceptual_noise	n2	ips	9.987858862892702	0.2113045636934055	0.23419291887352392	0.2602368351972401	
log-weber-null.mapjitter.klw	log	weber	null	shared_perceptual_noise	n2	ips	10.723764501351818	0.2113045636934055	0.23419291887352392	0.2602368351972401	
log-weber-null.mapjitter.klw	log	weber	null	shared_perceptual_noise	n2	ips	11.513891681800072	0.2113045636934055	0.23419291887352392	0.2602368351972401	
log-weber-null.mapjitter.klw	log	weber	null	shared_perceptual_noise	n2	ips	12.36223544852308	0.2113045636934055	0.23419291887352392	0.2602368351972401	
log-weber-null.mapjitter.klw	log	weber	null	shared_perceptual_noise	n2	ips	13.273085200748401	0.2113045636934055	0.23419291887352392	0.2602368351972401	
log-weber-null.mapjitter.klw	log	weber	null	shared_perceptual_noise	n2	ips	14.25104638072347	0.2113045636934055	0.23419291887352392	0.2602368351972401	
log-weber-null.mapjitter.klw	log	weber	null	shared_perceptual_noise	n2	ips	15.301063759771553	0.2113045636934055	0.23419291887352392	0.2602368351972401	
log-weber-null.mapjitter.klw	log	weber	null	shared_perceptual_noise	n2	ips	16.428446440064768	0.2113045636934055	0.23419291887352392	0.2602368351972401	
log-weber-null.mapjitter.klw	log	weber	null	shared_perceptual_noise	n2	ips	17.638894698528226	0.2113045636934055	0.23419291887352392	0.2602368351972401	
log-weber-null.mapjitter.klw	log	weber	null	shared_perceptual_noise	n2	ips	18.93852880860355	0.2113045636934055	0.23419291887352392	0.2602368351972401	
log-weber-null.mapjitter.klw	log	weber	null	shared_perceptual_noise	n2	ips	20.33391998560055	0.2113045636934055	0.23419291887352392	0.2602368351972401	
log-weber-null.mapjitter.klw	log	weber	null	shared_perceptual_noise	n2	ips	21.832123612102944	0.2113045636934055	0.23419291887352392	0.2602368351972401	
log-weber-null.mapjitter.klw	log	weber	null	shared_perceptual_noise	n2	ips	23.440714911422706	0.2113045636934055	0.23419291887352392	0.2602368351972401	
log-weber-null.mapjitter.klw	log	weber	null	shared_perceptual_noise	n2	ips	25.16782724947517	0.2113045636934055	0.23419291887352392	0.2602368351972401	
log-weber-null.mapjitter.klw	log	weber	null	shared_perceptual_noise	n2	ips	27.0221932587371	0.2113045636934055	0.23419291887352392	0.2602368351972401	
log-weber-null.mapjitter.klw	log	weber	null	shared_perceptual_noise	n2	ips	29.01318899221878	0.2113045636934055	0.23419291887352392	0.2602368351972401	
log-weber-null.mapjitter.klw	log	weber	null	shared_perceptual_noise	n2	ips	31.150881330701633	0.2113045636934055	0.23419291887352392	0.2602368351972401	
log-weber-null.mapjitter.klw	log	weber	null	shared_perceptual_noise	n2	ips	33.44607888294205	0.2113045636934055	0.23419291887352392	0.2602368351972401	
log-weber-null.mapjitter.klw	log	weber	null	shared_perceptual_noise	n2	ips	35.910386636203285	0.2113045636934055	0.23419291887352392	0.2602368351972401	
log-weber-null.mapjitter.klw	log	weber	null	shared_perceptual_noise	n2	ips	38.55626463343953	0.2113045636934055	0.23419291887352392	0.2602368351972401	
log-weber-null.mapjitter.klw	log	weber	null	shared_perceptual_noise	n2	ips	41.397090973816184	0.2113045636934055	0.23419291887352392	0.2602368351972401	
log-weber-null.mapjitter.klw	log	weber	null	shared_perceptual_noise	n2	ips	44.44722945510957	0.2113045636934055	0.23419291887352392	0.2602368351972401	
log-weber-null.mapjitter.klw	log	weber	null	shared_perceptual_noise	n2	ips	47.722102200000165	0.2113045636934055	0.23419291887352392	0.2602368351972401	
log-weber-null.mapjitter.klw	log	weber	null	shared_perceptual_noise	n2	ips	51.23826763347237	0.2113045636934055	0.23419291887352392	0.2602368351972401	
log-weber-null.mapjitter.klw	log	weber	null	shared_perceptual_noise	n2	ips	55.01350420559078	0.2113045636934055	0.23419291887352392	0.2602368351972401	
log-weber-null.mapjitter.klw	log	weber	null	shared_perceptual_noise	n2	ips	59.0669002829722	0.2113045636934055	0.23419291887352392	0.2602368351972401	
log-weber-null.mapjitter.klw	log	weber	null	shared_perceptual_noise	n2	ips	63.4189506634631	0.2113045636934055	0.23419291887352392	0.2602368351972401	
log-weber-null.mapjitter.klw	log	weber	null	shared_perceptual_noise	n2	ips	68.0916602020204	0.2113045636934055	0.23419291887352392	0.2602368351972401	
log-weber-null.mapjitter.klw	log	weber	null	shared_perceptual_noise	n2	ips	73.10865507174931	0.2113045636934055	0.23419291887352392	0.2602368351972401	
log-weber-null.mapjitter.klw	log	weber	null	shared_perceptual_noise	n2	ips	78.49530222265639	0.2113045636934055	0.23419291887352392	0.2602368351972401	
log-weber-null.mapjitter.klw	log	weber	null	shared_perceptual_noise	n2	ips	84.27883764212618	0.2113045636934055	0.23419291887352392	0.2602368351972401	
log-weber-null.mapjitter.klw	log	weber	null	shared_perceptual_noise	n2	ips	90.48850406563211	0.2113045636934055	0.23419291887352392	0.2602368351972401	
log-weber-null.mapjitter.klw	log	weber	null	shared_perceptual_noise	n2	ips	97.15569883397539	0.2113045636934055	0.23419291887352392	0.2602368351972401	
log-weber-null.mapjitter.klw	log	weber	null	shared_perceptual_noise	n2	ips	104.31413264464811	0.2113045636934055	0.23419291887352392	0.2602368351972401	
log-weber-null.mapjitter.klw	log	weber	null	shared_perceptual_noise	n2	ips	111.99999999999996	0.2113045636934055	0.23419291887352392	0.2602368351972401	
log-weber-null.mapjitter.klw	log	weber	null	shared_perceptual_noise	n2	vertex	6.999999999999999	0.2113045636934055	0.23419291887352392	0.2602368351972401	
log-weber-null.mapjitter.klw	log	weber	null	shared_perceptual_noise	n2	vertex	7.515760138376834	0.2113045636934055	0.23419291887352392	0.2602368351972401	
log-weber-null.mapjitter.klw	log	weber	null	shared_perceptual_noise	n2	vertex	8.069521493944878	0.2113045636934055	0.23419291887352392	0.2602368351972401	
log-weber-null.mapjitter.klw	log	weber	null	shared_perceptual_noise	n2	vertex	8.664083997137997	0.2113045636934055	0.23419291887352392	0.2602368351972401	
log-weber-null.mapjitter.klw	log	weber	null	shared_perceptual_noise	n2	vertex	9.302453877319767	0.2113045636934055	0.23419291887352392	0.2602368351972401	
log-weber-null.mapjitter.klw	log	weber	null	shared_perceptual_noise	n2	vertex	9.987858862892702	0.2113045636934055	0.23419291887352392	0.2602368351972401	
log-weber-null.mapjitter.klw	log	weber	null	shared_perceptual_noise	n2	vertex	10.723764501351818	0.2113045636934055	0.23419291887352392	0.2602368351972401	
log-weber-null.mapjitter.klw	log	weber	null	shared_perceptual_noise	n2	vertex	11.513891681800072	0.2113045636934055	0.23419291887352392	0.2602368351972401	
log-weber-null.mapjitter.klw	log	weber	null	shared_perceptual_noise	n2	vertex	12.36223544852308	0.2113045636934055	0.23419291887352392	0.2602368351972401	
log-weber-null.mapjitter.klw	log	weber	null	shared_perceptual_noise	n2	vertex	13.273085200748401	0.2113045636934055	0.23419291887352392	0.2602368351972401	
log-weber-null.mapjitter.klw	log	weber	null	shared_perceptual_noise	n2	vertex	14.25104638072347	0.2113045636934055	0.23419291887352392	0.2602368351972401	
log-weber-null.mapjitter.klw	log	weber	null	shared_perceptual_noise	n2	vertex	15.301063759771553	0.2113045636934055	0.23419291887352392	0.2602368351972401	
log-weber-null.mapjitter.klw	log	weber	null	shared_perceptual_noise	n2	vertex	16.428446440064768	0.2113045636934055	0.23419291887352392	0.2602368351972401	
log-weber-null.mapjitter.klw	log	weber	null	shared_perceptual_noise	n2	vertex	17.638894698528226	0.2113045636934055	0.23419291887352392	0.2602368351972401	
log-weber-null.mapjitter.klw	log	weber	null	shared_perceptual_noise	n2	vertex	18.93852880860355	0.2113045636934055	0.23419291887352392	0.2602368351972401	
log-weber-null.mapjitter.klw	log	weber	null	shared_perceptual_noise	n2	vertex	20.33391998560055	0.2113045636934055	0.23419291887352392	0.2602368351972401	
log-weber-null.mapjitter.klw	log	weber	null	shared_perceptual_noise	n2	vertex	21.832123612102944	0.2113045636934055	0.23419291887352392	0.2602368351972401	
log-weber-null.mapjitter.klw	log	weber	null	shared_perceptual_noise	n2	vertex	23.440714911422706	0.2113045636934055	0.23419291887352392	0.2602368351972401	
log-weber-null.mapjitter.klw	log	weber	null	shared_perceptual_noise	n2	vertex	25.16782724947517	0.2113045636934055	0.23419291887352392	0.2602368351972401	
log-weber-null.mapjitter.klw	log	weber	null	shared_perceptual_noise	n2	vertex	27.0221932587371	0.2113045636934055	0.23419291887352392	0.2602368351972401	
log-weber-null.mapjitter.klw	log	weber	null	shared_perceptual_noise	n2	vertex	29.01318899221878	0.2113045636934055	0.23419291887352392	0.2602368351972401	
log-weber-null.mapjitter.klw	log	weber	null	shared_perceptual_noise	n2	vertex	31.150881330701633	0.2113045636934055	0.23419291887352392	0.2602368351972401	
log-weber-null.mapjitter.klw	log	weber	null	shared_perceptual_noise	n2	vertex	33.44607888294205	0.2113045636934055	0.23419291887352392	0.2602368351972401	
log-weber-null.mapjitter.klw	log	weber	null	shared_perceptual_noise	n2	vertex	35.910386636203285	0.2113045636934055	0.23419291887352392	0.2602368351972401	
log-weber-null.mapjitter.klw	log	weber	null	shared_perceptual_noise	n2	vertex	38.55626463343953	0.2113045636934055	0.23419291887352392	0.2602368351972401	
log-weber-null.mapjitter.klw	log	weber	null	shared_perceptual_noise	n2	vertex	41.397090973816184	0.2113045636934055	0.23419291887352392	0.2602368351972401	
log-weber-null.mapjitter.klw	log	weber	null	shared_perceptual_noise	n2	vertex	44.44722945510957	0.2113045636934055	0.23419291887352392	0.2602368351972401	
log-weber-null.mapjitter.klw	log	weber	null	shared_perceptual_noise	n2	vertex	47.722102200000165	0.2113045636934055	0.23419291887352392	0.2602368351972401	
log-weber-null.mapjitter.klw	log	weber	null	shared_perceptual_noise	n2	vertex	51.23826763347237	0.2113045636934055	0.23419291887352392	0.2602368351972401	
log-weber-null.mapjitter.klw	log	weber	null	shared_perceptual_noise	n2	vertex	55.01350420559078	0.2113045636934055	0.23419291887352392	0.2602368351972401	
log-weber-null.mapjitter.klw	log	weber	null	shared_perceptual_noise	n2	vertex	59.0669002829722	0.2113045636934055	0.23419291887352392	0.2602368351972401	
log-weber-null.mapjitter.klw	log	weber	null	shared_perceptual_noise	n2	vertex	63.4189506634631	0.2113045636934055	0.23419291887352392	0.2602368351972401	
log-weber-null.mapjitter.klw	log	weber	null	shared_perceptual_noise	n2	vertex	68.0916602020204	0.2113045636934055	0.23419291887352392	0.2602368351972401	
log-weber-null.mapjitter.klw	log	weber	null	shared_perceptual_noise	n2	vertex	73.10865507174931	0.2113045636934055	0.23419291887352392	0.2602368351972401	
log-weber-null.mapjitter.klw	log	weber	null	shared_perceptual_noise	n2	vertex	78.49530222265639	0.2113045636934055	0.23419291887352392	0.2602368351972401	
log-weber-null.mapjitter.klw	log	weber	null	shared_perceptual_noise	n2	vertex	84.27883764212618	0.2113045636934055	0.23419291887352392	0.2602368351972401	
log-weber-null.mapjitter.klw	log	weber	null	shared_perceptual_noise	n2	vertex	90.48850406563211	0.2113045636934055	0.23419291887352392	0.2602368351972401	
log-weber-null.mapjitter.klw	log	weber	null	shared_perceptual_noise	n2	vertex	97.15569883397539	0.2113045636934055	0.23419291887352392	0.2602368351972401	
log-weber-null.mapjitter.klw	log	weber	null	shared_perceptual_noise	n2	vertex	104.31413264464811	0.2113045636934055	0.23419291887352392	0.2602368351972401	
log-weber-null.mapjitter.klw	log	weber	null	shared_perceptual_noise	n2	vertex	111.99999999999996	0.2113045636934055	0.23419291887352392	0.2602368351972401	
log-weber-null.mapjitter.klw	log	weber	null	shared_perceptual_noise	perc	delta_pct	6.999999999999999	0.0	0.0	0.0	
log-weber-null.mapjitter.klw	log	weber	null	shared_perceptual_noise	perc	delta_pct	7.515760138376834	0.0	0.0	0.0	
log-weber-null.mapjitter.klw	log	weber	null	shared_perceptual_noise	perc	delta_pct	8.069521493944878	0.0	0.0	0.0	
log-weber-null.mapjitter.klw	log	weber	null	shared_perceptual_noise	perc	delta_pct	8.664083997137997	0.0	0.0	0.0	
log-weber-null.mapjitter.klw	log	weber	null	shared_perceptual_noise	perc	delta_pct	9.302453877319767	0.0	0.0	0.0	
log-weber-null.mapjitter.klw	log	weber	null	shared_perceptual_noise	perc	delta_pct	9.987858862892702	0.0	0.0	0.0	
log-weber-null.mapjitter.klw	log	weber	null	shared_perceptual_noise	perc	delta_pct	10.723764501351818	0.0	0.0	0.0	
log-weber-null.mapjitter.klw	log	weber	null	shared_perceptual_noise	perc	delta_pct	11.513891681800072	0.0	0.0	0.0	
log-weber-null.mapjitter.klw	log	weber	null	shared_perceptual_noise	perc	delta_pct	12.36223544852308	0.0	0.0	0.0	
log-weber-null.mapjitter.klw	log	weber	null	shared_perceptual_noise	perc	delta_pct	13.273085200748401	0.0	0.0	0.0	
log-weber-null.mapjitter.klw	log	weber	null	shared_perceptual_noise	perc	delta_pct	14.25104638072347	0.0	0.0	0.0	
log-weber-null.mapjitter.klw	log	weber	null	shared_perceptual_noise	perc	delta_pct	15.301063759771553	0.0	0.0	0.0	
log-weber-null.mapjitter.klw	log	weber	null	shared_perceptual_noise	perc	delta_pct	16.428446440064768	0.0	0.0	0.0	
log-weber-null.mapjitter.klw	log	weber	null	shared_perceptual_noise	perc	delta_pct	17.638894698528226	0.0	0.0	0.0	
log-weber-null.mapjitter.klw	log	weber	null	shared_perceptual_noise	perc	delta_pct	18.93852880860355	0.0	0.0	0.0	
log-weber-null.mapjitter.klw	log	weber	null	shared_perceptual_noise	perc	delta_pct	20.33391998560055	0.0	0.0	0.0	
log-weber-null.mapjitter.klw	log	weber	null	shared_perceptual_noise	perc	delta_pct	21.832123612102944	0.0	0.0	0.0	
log-weber-null.mapjitter.klw	log	weber	null	shared_perceptual_noise	perc	delta_pct	23.440714911422706	0.0	0.0	0.0	
log-weber-null.mapjitter.klw	log	weber	null	shared_perceptual_noise	perc	delta_pct	25.16782724947517	0.0	0.0	0.0	
log-weber-null.mapjitter.klw	log	weber	null	shared_perceptual_noise	perc	delta_pct	27.0221932587371	0.0	0.0	0.0	
log-weber-null.mapjitter.klw	log	weber	null	shared_perceptual_noise	perc	delta_pct	29.01318899221878	0.0	0.0	0.0	
log-weber-null.mapjitter.klw	log	weber	null	shared_perceptual_noise	perc	delta_pct	31.150881330701633	0.0	0.0	0.0	
log-weber-null.mapjitter.klw	log	weber	null	shared_perceptual_noise	perc	delta_pct	33.44607888294205	0.0	0.0	0.0	
log-weber-null.mapjitter.klw	log	weber	null	shared_perceptual_noise	perc	delta_pct	35.910386636203285	0.0	0.0	0.0	
log-weber-null.mapjitter.klw	log	weber	null	shared_perceptual_noise	perc	delta_pct	38.55626463343953	0.0	0.0	0.0	
log-weber-null.mapjitter.klw	log	weber	null	shared_perceptual_noise	perc	delta_pct	41.397090973816184	0.0	0.0	0.0	
log-weber-null.mapjitter.klw	log	weber	null	shared_perceptual_noise	perc	delta_pct	44.44722945510957	0.0	0.0	0.0	
log-weber-null.mapjitter.klw	log	weber	null	shared_perceptual_noise	perc	delta_pct	47.722102200000165	0.0	0.0	0.0	
log-weber-null.mapjitter.klw	log	weber	null	shared_perceptual_noise	perc	delta_pct	51.23826763347237	0.0	0.0	0.0	
log-weber-null.mapjitter.klw	log	weber	null	shared_perceptual_noise	perc	delta_pct	55.01350420559078	0.0	0.0	0.0	
log-weber-null.mapjitter.klw	log	weber	null	shared_perceptual_noise	perc	delta_pct	59.0669002829722	0.0	0.0	0.0	
log-weber-null.mapjitter.klw	log	weber	null	shared_perceptual_noise	perc	delta_pct	63.4189506634631	0.0	0.0	0.0	
log-weber-null.mapjitter.klw	log	weber	null	shared_perceptual_noise	perc	delta_pct	68.0916602020204	0.0	0.0	0.0	
log-weber-null.mapjitter.klw	log	weber	null	shared_perceptual_noise	perc	delta_pct	73.10865507174931	0.0	0.0	0.0	
log-weber-null.mapjitter.klw	log	weber	null	shared_perceptual_noise	perc	delta_pct	78.49530222265639	0.0	0.0	0.0	
log-weber-null.mapjitter.klw	log	weber	null	shared_perceptual_noise	perc	delta_pct	84.27883764212618	0.0	0.0	0.0	
log-weber-null.mapjitter.klw	log	weber	null	shared_perceptual_noise	perc	delta_pct	90.48850406563211	0.0	0.0	0.0	
log-weber-null.mapjitter.klw	log	weber	null	shared_perceptual_noise	perc	delta_pct	97.15569883397539	0.0	0.0	0.0	
log-weber-null.mapjitter.klw	log	weber	null	shared_perceptual_noise	perc	delta_pct	104.31413264464811	0.0	0.0	0.0	
log-weber-null.mapjitter.klw	log	weber	null	shared_perceptual_noise	perc	delta_pct	111.99999999999996	0.0	0.0	0.0	
log-weber-null.mapjitter.klw	log	weber	null	shared_perceptual_noise	perc	delta	6.999999999999999	0.0	0.0	0.0	0.0
log-weber-null.mapjitter.klw	log	weber	null	shared_perceptual_noise	perc	delta	7.515760138376834	0.0	0.0	0.0	0.0
log-weber-null.mapjitter.klw	log	weber	null	shared_perceptual_noise	perc	delta	8.069521493944878	0.0	0.0	0.0	0.0
log-weber-null.mapjitter.klw	log	weber	null	shared_perceptual_noise	perc	delta	8.664083997137997	0.0	0.0	0.0	0.0
log-weber-null.mapjitter.klw	log	weber	null	shared_perceptual_noise	perc	delta	9.302453877319767	0.0	0.0	0.0	0.0
log-weber-null.mapjitter.klw	log	weber	null	shared_perceptual_noise	perc	delta	9.987858862892702	0.0	0.0	0.0	0.0
log-weber-null.mapjitter.klw	log	weber	null	shared_perceptual_noise	perc	delta	10.723764501351818	0.0	0.0	0.0	0.0
log-weber-null.mapjitter.klw	log	weber	null	shared_perceptual_noise	perc	delta	11.513891681800072	0.0	0.0	0.0	0.0
log-weber-null.mapjitter.klw	log	weber	null	shared_perceptual_noise	perc	delta	12.36223544852308	0.0	0.0	0.0	0.0
log-weber-null.mapjitter.klw	log	weber	null	shared_perceptual_noise	perc	delta	13.273085200748401	0.0	0.0	0.0	0.0
log-weber-null.mapjitter.klw	log	weber	null	shared_perceptual_noise	perc	delta	14.25104638072347	0.0	0.0	0.0	0.0
log-weber-null.mapjitter.klw	log	weber	null	shared_perceptual_noise	perc	delta	15.301063759771553	0.0	0.0	0.0	0.0
log-weber-null.mapjitter.klw	log	weber	null	shared_perceptual_noise	perc	delta	16.428446440064768	0.0	0.0	0.0	0.0
log-weber-null.mapjitter.klw	log	weber	null	shared_perceptual_noise	perc	delta	17.638894698528226	0.0	0.0	0.0	0.0
log-weber-null.mapjitter.klw	log	weber	null	shared_perceptual_noise	perc	delta	18.93852880860355	0.0	0.0	0.0	0.0
log-weber-null.mapjitter.klw	log	weber	null	shared_perceptual_noise	perc	delta	20.33391998560055	0.0	0.0	0.0	0.0
log-weber-null.mapjitter.klw	log	weber	null	shared_perceptual_noise	perc	delta	21.832123612102944	0.0	0.0	0.0	0.0
log-weber-null.mapjitter.klw	log	weber	null	shared_perceptual_noise	perc	delta	23.440714911422706	0.0	0.0	0.0	0.0
log-weber-null.mapjitter.klw	log	weber	null	shared_perceptual_noise	perc	delta	25.16782724947517	0.0	0.0	0.0	0.0
log-weber-null.mapjitter.klw	log	weber	null	shared_perceptual_noise	perc	delta	27.0221932587371	0.0	0.0	0.0	0.0
log-weber-null.mapjitter.klw	log	weber	null	shared_perceptual_noise	perc	delta	29.01318899221878	0.0	0.0	0.0	0.0
log-weber-null.mapjitter.klw	log	weber	null	shared_perceptual_noise	perc	delta	31.150881330701633	0.0	0.0	0.0	0.0
log-weber-null.mapjitter.klw	log	weber	null	shared_perceptual_noise	perc	delta	33.44607888294205	0.0	0.0	0.0	0.0
log-weber-null.mapjitter.klw	log	weber	null	shared_perceptual_noise	perc	delta	35.910386636203285	0.0	0.0	0.0	0.0
log-weber-null.mapjitter.klw	log	weber	null	shared_perceptual_noise	perc	delta	38.55626463343953	0.0	0.0	0.0	0.0
log-weber-null.mapjitter.klw	log	weber	null	shared_perceptual_noise	perc	delta	41.397090973816184	0.0	0.0	0.0	0.0
log-weber-null.mapjitter.klw	log	weber	null	shared_perceptual_noise	perc	delta	44.44722945510957	0.0	0.0	0.0	0.0
log-weber-null.mapjitter.klw	log	weber	null	shared_perceptual_noise	perc	delta	47.722102200000165	0.0	0.0	0.0	0.0
log-weber-null.mapjitter.klw	log	weber	null	shared_perceptual_noise	perc	delta	51.23826763347237	0.0	0.0	0.0	0.0
log-weber-null.mapjitter.klw	log	weber	null	shared_perceptual_noise	perc	delta	55.01350420559078	0.0	0.0	0.0	0.0
log-weber-null.mapjitter.klw	log	weber	null	shared_perceptual_noise	perc	delta	59.0669002829722	0.0	0.0	0.0	0.0
log-weber-null.mapjitter.klw	log	weber	null	shared_perceptual_noise	perc	delta	63.4189506634631	0.0	0.0	0.0	0.0
log-weber-null.mapjitter.klw	log	weber	null	shared_perceptual_noise	perc	delta	68.0916602020204	0.0	0.0	0.0	0.0
log-weber-null.mapjitter.klw	log	weber	null	shared_perceptual_noise	perc	delta	73.10865507174931	0.0	0.0	0.0	0.0
log-weber-null.mapjitter.klw	log	weber	null	shared_perceptual_noise	perc	delta	78.49530222265639	0.0	0.0	0.0	0.0
log-weber-null.mapjitter.klw	log	weber	null	shared_perceptual_noise	perc	delta	84.27883764212618	0.0	0.0	0.0	0.0
log-weber-null.mapjitter.klw	log	weber	null	shared_perceptual_noise	perc	delta	90.48850406563211	0.0	0.0	0.0	0.0
log-weber-null.mapjitter.klw	log	weber	null	shared_perceptual_noise	perc	delta	97.15569883397539	0.0	0.0	0.0	0.0
log-weber-null.mapjitter.klw	log	weber	null	shared_perceptual_noise	perc	delta	104.31413264464811	0.0	0.0	0.0	0.0
log-weber-null.mapjitter.klw	log	weber	null	shared_perceptual_noise	perc	delta	111.99999999999996	0.0	0.0	0.0	0.0
log-weber-null.mapjitter.klw	log	weber	null	shared_perceptual_noise	mem	delta_pct	6.999999999999999	0.0	0.0	0.0	
log-weber-null.mapjitter.klw	log	weber	null	shared_perceptual_noise	mem	delta_pct	7.515760138376834	0.0	0.0	0.0	
log-weber-null.mapjitter.klw	log	weber	null	shared_perceptual_noise	mem	delta_pct	8.069521493944878	0.0	0.0	0.0	
log-weber-null.mapjitter.klw	log	weber	null	shared_perceptual_noise	mem	delta_pct	8.664083997137997	0.0	0.0	0.0	
log-weber-null.mapjitter.klw	log	weber	null	shared_perceptual_noise	mem	delta_pct	9.302453877319767	0.0	0.0	0.0	
log-weber-null.mapjitter.klw	log	weber	null	shared_perceptual_noise	mem	delta_pct	9.987858862892702	0.0	0.0	0.0	
log-weber-null.mapjitter.klw	log	weber	null	shared_perceptual_noise	mem	delta_pct	10.723764501351818	0.0	0.0	0.0	
log-weber-null.mapjitter.klw	log	weber	null	shared_perceptual_noise	mem	delta_pct	11.513891681800072	0.0	0.0	0.0	
log-weber-null.mapjitter.klw	log	weber	null	shared_perceptual_noise	mem	delta_pct	12.36223544852308	0.0	0.0	0.0	
log-weber-null.mapjitter.klw	log	weber	null	shared_perceptual_noise	mem	delta_pct	13.273085200748401	0.0	0.0	0.0	
log-weber-null.mapjitter.klw	log	weber	null	shared_perceptual_noise	mem	delta_pct	14.25104638072347	0.0	0.0	0.0	
log-weber-null.mapjitter.klw	log	weber	null	shared_perceptual_noise	mem	delta_pct	15.301063759771553	0.0	0.0	0.0	
log-weber-null.mapjitter.klw	log	weber	null	shared_perceptual_noise	mem	delta_pct	16.428446440064768	0.0	0.0	0.0	
log-weber-null.mapjitter.klw	log	weber	null	shared_perceptual_noise	mem	delta_pct	17.638894698528226	0.0	0.0	0.0	
log-weber-null.mapjitter.klw	log	weber	null	shared_perceptual_noise	mem	delta_pct	18.93852880860355	0.0	0.0	0.0	
log-weber-null.mapjitter.klw	log	weber	null	shared_perceptual_noise	mem	delta_pct	20.33391998560055	0.0	0.0	0.0	
log-weber-null.mapjitter.klw	log	weber	null	shared_perceptual_noise	mem	delta_pct	21.832123612102944	0.0	0.0	0.0	
log-weber-null.mapjitter.klw	log	weber	null	shared_perceptual_noise	mem	delta_pct	23.440714911422706	0.0	0.0	0.0	
log-weber-null.mapjitter.klw	log	weber	null	shared_perceptual_noise	mem	delta_pct	25.16782724947517	0.0	0.0	0.0	
log-weber-null.mapjitter.klw	log	weber	null	shared_perceptual_noise	mem	delta_pct	27.0221932587371	0.0	0.0	0.0	
log-weber-null.mapjitter.klw	log	weber	null	shared_perceptual_noise	mem	delta_pct	29.01318899221878	0.0	0.0	0.0	
log-weber-null.mapjitter.klw	log	weber	null	shared_perceptual_noise	mem	delta_pct	31.150881330701633	0.0	0.0	0.0	
log-weber-null.mapjitter.klw	log	weber	null	shared_perceptual_noise	mem	delta_pct	33.44607888294205	0.0	0.0	0.0	
log-weber-null.mapjitter.klw	log	weber	null	shared_perceptual_noise	mem	delta_pct	35.910386636203285	0.0	0.0	0.0	
log-weber-null.mapjitter.klw	log	weber	null	shared_perceptual_noise	mem	delta_pct	38.55626463343953	0.0	0.0	0.0	
log-weber-null.mapjitter.klw	log	weber	null	shared_perceptual_noise	mem	delta_pct	41.397090973816184	0.0	0.0	0.0	
log-weber-null.mapjitter.klw	log	weber	null	shared_perceptual_noise	mem	delta_pct	44.44722945510957	0.0	0.0	0.0	
log-weber-null.mapjitter.klw	log	weber	null	shared_perceptual_noise	mem	delta_pct	47.722102200000165	0.0	0.0	0.0	
log-weber-null.mapjitter.klw	log	weber	null	shared_perceptual_noise	mem	delta_pct	51.23826763347237	0.0	0.0	0.0	
log-weber-null.mapjitter.klw	log	weber	null	shared_perceptual_noise	mem	delta_pct	55.01350420559078	0.0	0.0	0.0	
log-weber-null.mapjitter.klw	log	weber	null	shared_perceptual_noise	mem	delta_pct	59.0669002829722	0.0	0.0	0.0	
log-weber-null.mapjitter.klw	log	weber	null	shared_perceptual_noise	mem	delta_pct	63.4189506634631	0.0	0.0	0.0	
log-weber-null.mapjitter.klw	log	weber	null	shared_perceptual_noise	mem	delta_pct	68.0916602020204	0.0	0.0	0.0	
log-weber-null.mapjitter.klw	log	weber	null	shared_perceptual_noise	mem	delta_pct	73.10865507174931	0.0	0.0	0.0	
log-weber-null.mapjitter.klw	log	weber	null	shared_perceptual_noise	mem	delta_pct	78.49530222265639	0.0	0.0	0.0	
log-weber-null.mapjitter.klw	log	weber	null	shared_perceptual_noise	mem	delta_pct	84.27883764212618	0.0	0.0	0.0	
log-weber-null.mapjitter.klw	log	weber	null	shared_perceptual_noise	mem	delta_pct	90.48850406563211	0.0	0.0	0.0	
log-weber-null.mapjitter.klw	log	weber	null	shared_perceptual_noise	mem	delta_pct	97.15569883397539	0.0	0.0	0.0	
log-weber-null.mapjitter.klw	log	weber	null	shared_perceptual_noise	mem	delta_pct	104.31413264464811	0.0	0.0	0.0	
log-weber-null.mapjitter.klw	log	weber	null	shared_perceptual_noise	mem	delta_pct	111.99999999999996	0.0	0.0	0.0	
log-weber-null.mapjitter.klw	log	weber	null	shared_perceptual_noise	mem	delta	6.999999999999999	0.0	0.0	0.0	0.0
log-weber-null.mapjitter.klw	log	weber	null	shared_perceptual_noise	mem	delta	7.515760138376834	0.0	0.0	0.0	0.0
log-weber-null.mapjitter.klw	log	weber	null	shared_perceptual_noise	mem	delta	8.069521493944878	0.0	0.0	0.0	0.0
log-weber-null.mapjitter.klw	log	weber	null	shared_perceptual_noise	mem	delta	8.664083997137997	0.0	0.0	0.0	0.0
log-weber-null.mapjitter.klw	log	weber	null	shared_perceptual_noise	mem	delta	9.302453877319767	0.0	0.0	0.0	0.0
log-weber-null.mapjitter.klw	log	weber	null	shared_perceptual_noise	mem	delta	9.987858862892702	0.0	0.0	0.0	0.0
log-weber-null.mapjitter.klw	log	weber	null	shared_perceptual_noise	mem	delta	10.723764501351818	0.0	0.0	0.0	0.0
log-weber-null.mapjitter.klw	log	weber	null	shared_perceptual_noise	mem	delta	11.513891681800072	0.0	0.0	0.0	0.0
log-weber-null.mapjitter.klw	log	weber	null	shared_perceptual_noise	mem	delta	12.36223544852308	0.0	0.0	0.0	0.0
log-weber-null.mapjitter.klw	log	weber	null	shared_perceptual_noise	mem	delta	13.273085200748401	0.0	0.0	0.0	0.0
log-weber-null.mapjitter.klw	log	weber	null	shared_perceptual_noise	mem	delta	14.25104638072347	0.0	0.0	0.0	0.0
log-weber-null.mapjitter.klw	log	weber	null	shared_perceptual_noise	mem	delta	15.301063759771553	0.0	0.0	0.0	0.0
log-weber-null.mapjitter.klw	log	weber	null	shared_perceptual_noise	mem	delta	16.428446440064768	0.0	0.0	0.0	0.0
log-weber-null.mapjitter.klw	log	weber	null	shared_perceptual_noise	mem	delta	17.638894698528226	0.0	0.0	0.0	0.0
log-weber-null.mapjitter.klw	log	weber	null	shared_perceptual_noise	mem	delta	18.93852880860355	0.0	0.0	0.0	0.0
log-weber-null.mapjitter.klw	log	weber	null	shared_perceptual_noise	mem	delta	20.33391998560055	0.0	0.0	0.0	0.0
log-weber-null.mapjitter.klw	log	weber	null	shared_perceptual_noise	mem	delta	21.832123612102944	0.0	0.0	0.0	0.0
log-weber-null.mapjitter.klw	log	weber	null	shared_perceptual_noise	mem	delta	23.440714911422706	0.0	0.0	0.0	0.0
log-weber-null.mapjitter.klw	log	weber	null	shared_perceptual_noise	mem	delta	25.16782724947517	0.0	0.0	0.0	0.0
log-weber-null.mapjitter.klw	log	weber	null	shared_perceptual_noise	mem	delta	27.0221932587371	0.0	0.0	0.0	0.0
log-weber-null.mapjitter.klw	log	weber	null	shared_perceptual_noise	mem	delta	29.01318899221878	0.0	0.0	0.0	0.0
log-weber-null.mapjitter.klw	log	weber	null	shared_perceptual_noise	mem	delta	31.150881330701633	0.0	0.0	0.0	0.0
log-weber-null.mapjitter.klw	log	weber	null	shared_perceptual_noise	mem	delta	33.44607888294205	0.0	0.0	0.0	0.0
log-weber-null.mapjitter.klw	log	weber	null	shared_perceptual_noise	mem	delta	35.910386636203285	0.0	0.0	0.0	0.0
log-weber-null.mapjitter.klw	log	weber	null	shared_perceptual_noise	mem	delta	38.55626463343953	0.0	0.0	0.0	0.0
log-weber-null.mapjitter.klw	log	weber	null	shared_perceptual_noise	mem	delta	41.397090973816184	0.0	0.0	0.0	0.0
log-weber-null.mapjitter.klw	log	weber	null	shared_perceptual_noise	mem	delta	44.44722945510957	0.0	0.0	0.0	0.0
log-weber-null.mapjitter.klw	log	weber	null	shared_perceptual_noise	mem	delta	47.722102200000165	0.0	0.0	0.0	0.0
log-weber-null.mapjitter.klw	log	weber	null	shared_perceptual_noise	mem	delta	51.23826763347237	0.0	0.0	0.0	0.0
log-weber-null.mapjitter.klw	log	weber	null	shared_perceptual_noise	mem	delta	55.01350420559078	0.0	0.0	0.0	0.0
log-weber-null.mapjitter.klw	log	weber	null	shared_perceptual_noise	mem	delta	59.0669002829722	0.0	0.0	0.0	0.0
log-weber-null.mapjitter.klw	log	weber	null	shared_perceptual_noise	mem	delta	63.4189506634631	0.0	0.0	0.0	0.0
log-weber-null.mapjitter.klw	log	weber	null	shared_perceptual_noise	mem	delta	68.0916602020204	0.0	0.0	0.0	0.0
log-weber-null.mapjitter.klw	log	weber	null	shared_perceptual_noise	mem	delta	73.10865507174931	0.0	0.0	0.0	0.0
log-weber-null.mapjitter.klw	log	weber	null	shared_perceptual_noise	mem	delta	78.49530222265639	0.0	0.0	0.0	0.0
log-weber-null.mapjitter.klw	log	weber	null	shared_perceptual_noise	mem	delta	84.27883764212618	0.0	0.0	0.0	0.0
log-weber-null.mapjitter.klw	log	weber	null	shared_perceptual_noise	mem	delta	90.48850406563211	0.0	0.0	0.0	0.0
log-weber-null.mapjitter.klw	log	weber	null	shared_perceptual_noise	mem	delta	97.15569883397539	0.0	0.0	0.0	0.0
log-weber-null.mapjitter.klw	log	weber	null	shared_perceptual_noise	mem	delta	104.31413264464811	0.0	0.0	0.0	0.0
log-weber-null.mapjitter.klw	log	weber	null	shared_perceptual_noise	mem	delta	111.99999999999996	0.0	0.0	0.0	0.0
log-weber-null.mapjitter.klw	log	weber	null	shared_perceptual_noise	n2	delta_pct	6.999999999999999	0.0	0.0	0.0	
log-weber-null.mapjitter.klw	log	weber	null	shared_perceptual_noise	n2	delta_pct	7.515760138376834	0.0	0.0	0.0	
log-weber-null.mapjitter.klw	log	weber	null	shared_perceptual_noise	n2	delta_pct	8.069521493944878	0.0	0.0	0.0	
log-weber-null.mapjitter.klw	log	weber	null	shared_perceptual_noise	n2	delta_pct	8.664083997137997	0.0	0.0	0.0	
log-weber-null.mapjitter.klw	log	weber	null	shared_perceptual_noise	n2	delta_pct	9.302453877319767	0.0	0.0	0.0	
log-weber-null.mapjitter.klw	log	weber	null	shared_perceptual_noise	n2	delta_pct	9.987858862892702	0.0	0.0	0.0	
log-weber-null.mapjitter.klw	log	weber	null	shared_perceptual_noise	n2	delta_pct	10.723764501351818	0.0	0.0	0.0	
log-weber-null.mapjitter.klw	log	weber	null	shared_perceptual_noise	n2	delta_pct	11.513891681800072	0.0	0.0	0.0	
log-weber-null.mapjitter.klw	log	weber	null	shared_perceptual_noise	n2	delta_pct	12.36223544852308	0.0	0.0	0.0	
log-weber-null.mapjitter.klw	log	weber	null	shared_perceptual_noise	n2	delta_pct	13.273085200748401	0.0	0.0	0.0	
log-weber-null.mapjitter.klw	log	weber	null	shared_perceptual_noise	n2	delta_pct	14.25104638072347	0.0	0.0	0.0	
log-weber-null.mapjitter.klw	log	weber	null	shared_perceptual_noise	n2	delta_pct	15.301063759771553	0.0	0.0	0.0	
log-weber-null.mapjitter.klw	log	weber	null	shared_perceptual_noise	n2	delta_pct	16.428446440064768	0.0	0.0	0.0	
log-weber-null.mapjitter.klw	log	weber	null	shared_perceptual_noise	n2	delta_pct	17.638894698528226	0.0	0.0	0.0	
log-weber-null.mapjitter.klw	log	weber	null	shared_perceptual_noise	n2	delta_pct	18.93852880860355	0.0	0.0	0.0	
log-weber-null.mapjitter.klw	log	weber	null	shared_perceptual_noise	n2	delta_pct	20.33391998560055	0.0	0.0	0.0	
log-weber-null.mapjitter.klw	log	weber	null	shared_perceptual_noise	n2	delta_pct	21.832123612102944	0.0	0.0	0.0	
log-weber-null.mapjitter.klw	log	weber	null	shared_perceptual_noise	n2	delta_pct	23.440714911422706	0.0	0.0	0.0	
log-weber-null.mapjitter.klw	log	weber	null	shared_perceptual_noise	n2	delta_pct	25.16782724947517	0.0	0.0	0.0	
log-weber-null.mapjitter.klw	log	weber	null	shared_perceptual_noise	n2	delta_pct	27.0221932587371	0.0	0.0	0.0	
log-weber-null.mapjitter.klw	log	weber	null	shared_perceptual_noise	n2	delta_pct	29.01318899221878	0.0	0.0	0.0	
log-weber-null.mapjitter.klw	log	weber	null	shared_perceptual_noise	n2	delta_pct	31.150881330701633	0.0	0.0	0.0	
log-weber-null.mapjitter.klw	log	weber	null	shared_perceptual_noise	n2	delta_pct	33.44607888294205	0.0	0.0	0.0	
log-weber-null.mapjitter.klw	log	weber	null	shared_perceptual_noise	n2	delta_pct	35.910386636203285	0.0	0.0	0.0	
log-weber-null.mapjitter.klw	log	weber	null	shared_perceptual_noise	n2	delta_pct	38.55626463343953	0.0	0.0	0.0	
log-weber-null.mapjitter.klw	log	weber	null	shared_perceptual_noise	n2	delta_pct	41.397090973816184	0.0	0.0	0.0	
log-weber-null.mapjitter.klw	log	weber	null	shared_perceptual_noise	n2	delta_pct	44.44722945510957	0.0	0.0	0.0	
log-weber-null.mapjitter.klw	log	weber	null	shared_perceptual_noise	n2	delta_pct	47.722102200000165	0.0	0.0	0.0	
log-weber-null.mapjitter.klw	log	weber	null	shared_perceptual_noise	n2	delta_pct	51.23826763347237	0.0	0.0	0.0	
log-weber-null.mapjitter.klw	log	weber	null	shared_perceptual_noise	n2	delta_pct	55.01350420559078	0.0	0.0	0.0	
log-weber-null.mapjitter.klw	log	weber	null	shared_perceptual_noise	n2	delta_pct	59.0669002829722	0.0	0.0	0.0	
log-weber-null.mapjitter.klw	log	weber	null	shared_perceptual_noise	n2	delta_pct	63.4189506634631	0.0	0.0	0.0	
log-weber-null.mapjitter.klw	log	weber	null	shared_perceptual_noise	n2	delta_pct	68.0916602020204	0.0	0.0	0.0	
log-weber-null.mapjitter.klw	log	weber	null	shared_perceptual_noise	n2	delta_pct	73.10865507174931	0.0	0.0	0.0	
log-weber-null.mapjitter.klw	log	weber	null	shared_perceptual_noise	n2	delta_pct	78.49530222265639	0.0	0.0	0.0	
log-weber-null.mapjitter.klw	log	weber	null	shared_perceptual_noise	n2	delta_pct	84.27883764212618	0.0	0.0	0.0	
log-weber-null.mapjitter.klw	log	weber	null	shared_perceptual_noise	n2	delta_pct	90.48850406563211	0.0	0.0	0.0	
log-weber-null.mapjitter.klw	log	weber	null	shared_perceptual_noise	n2	delta_pct	97.15569883397539	0.0	0.0	0.0	
log-weber-null.mapjitter.klw	log	weber	null	shared_perceptual_noise	n2	delta_pct	104.31413264464811	0.0	0.0	0.0	
log-weber-null.mapjitter.klw	log	weber	null	shared_perceptual_noise	n2	delta_pct	111.99999999999996	0.0	0.0	0.0	
log-weber-null.mapjitter.klw	log	weber	null	shared_perceptual_noise	n2	delta	6.999999999999999	0.0	0.0	0.0	0.0
log-weber-null.mapjitter.klw	log	weber	null	shared_perceptual_noise	n2	delta	7.515760138376834	0.0	0.0	0.0	0.0
log-weber-null.mapjitter.klw	log	weber	null	shared_perceptual_noise	n2	delta	8.069521493944878	0.0	0.0	0.0	0.0
log-weber-null.mapjitter.klw	log	weber	null	shared_perceptual_noise	n2	delta	8.664083997137997	0.0	0.0	0.0	0.0
log-weber-null.mapjitter.klw	log	weber	null	shared_perceptual_noise	n2	delta	9.302453877319767	0.0	0.0	0.0	0.0
log-weber-null.mapjitter.klw	log	weber	null	shared_perceptual_noise	n2	delta	9.987858862892702	0.0	0.0	0.0	0.0
log-weber-null.mapjitter.klw	log	weber	null	shared_perceptual_noise	n2	delta	10.723764501351818	0.0	0.0	0.0	0.0
log-weber-null.mapjitter.klw	log	weber	null	shared_perceptual_noise	n2	delta	11.513891681800072	0.0	0.0	0.0	0.0
log-weber-null.mapjitter.klw	log	weber	null	shared_perceptual_noise	n2	delta	12.36223544852308	0.0	0.0	0.0	0.0
log-weber-null.mapjitter.klw	log	weber	null	shared_perceptual_noise	n2	delta	13.273085200748401	0.0	0.0	0.0	0.0
log-weber-null.mapjitter.klw	log	weber	null	shared_perceptual_noise	n2	delta	14.25104638072347	0.0	0.0	0.0	0.0
log-weber-null.mapjitter.klw	log	weber	null	shared_perceptual_noise	n2	delta	15.301063759771553	0.0	0.0	0.0	0.0
log-weber-null.mapjitter.klw	log	weber	null	shared_perceptual_noise	n2	delta	16.428446440064768	0.0	0.0	0.0	0.0
log-weber-null.mapjitter.klw	log	weber	null	shared_perceptual_noise	n2	delta	17.638894698528226	0.0	0.0	0.0	0.0
log-weber-null.mapjitter.klw	log	weber	null	shared_perceptual_noise	n2	delta	18.93852880860355	0.0	0.0	0.0	0.0
log-weber-null.mapjitter.klw	log	weber	null	shared_perceptual_noise	n2	delta	20.33391998560055	0.0	0.0	0.0	0.0
log-weber-null.mapjitter.klw	log	weber	null	shared_perceptual_noise	n2	delta	21.832123612102944	0.0	0.0	0.0	0.0
log-weber-null.mapjitter.klw	log	weber	null	shared_perceptual_noise	n2	delta	23.440714911422706	0.0	0.0	0.0	0.0
log-weber-null.mapjitter.klw	log	weber	null	shared_perceptual_noise	n2	delta	25.16782724947517	0.0	0.0	0.0	0.0
log-weber-null.mapjitter.klw	log	weber	null	shared_perceptual_noise	n2	delta	27.0221932587371	0.0	0.0	0.0	0.0
log-weber-null.mapjitter.klw	log	weber	null	shared_perceptual_noise	n2	delta	29.01318899221878	0.0	0.0	0.0	0.0
log-weber-null.mapjitter.klw	log	weber	null	shared_perceptual_noise	n2	delta	31.150881330701633	0.0	0.0	0.0	0.0
log-weber-null.mapjitter.klw	log	weber	null	shared_perceptual_noise	n2	delta	33.44607888294205	0.0	0.0	0.0	0.0
log-weber-null.mapjitter.klw	log	weber	null	shared_perceptual_noise	n2	delta	35.910386636203285	0.0	0.0	0.0	0.0
log-weber-null.mapjitter.klw	log	weber	null	shared_perceptual_noise	n2	delta	38.55626463343953	0.0	0.0	0.0	0.0
log-weber-null.mapjitter.klw	log	weber	null	shared_perceptual_noise	n2	delta	41.397090973816184	0.0	0.0	0.0	0.0
log-weber-null.mapjitter.klw	log	weber	null	shared_perceptual_noise	n2	delta	44.44722945510957	0.0	0.0	0.0	0.0
log-weber-null.mapjitter.klw	log	weber	null	shared_perceptual_noise	n2	delta	47.722102200000165	0.0	0.0	0.0	0.0
log-weber-null.mapjitter.klw	log	weber	null	shared_perceptual_noise	n2	delta	51.23826763347237	0.0	0.0	0.0	0.0
log-weber-null.mapjitter.klw	log	weber	null	shared_perceptual_noise	n2	delta	55.01350420559078	0.0	0.0	0.0	0.0
log-weber-null.mapjitter.klw	log	weber	null	shared_perceptual_noise	n2	delta	59.0669002829722	0.0	0.0	0.0	0.0
log-weber-null.mapjitter.klw	log	weber	null	shared_perceptual_noise	n2	delta	63.4189506634631	0.0	0.0	0.0	0.0
log-weber-null.mapjitter.klw	log	weber	null	shared_perceptual_noise	n2	delta	68.0916602020204	0.0	0.0	0.0	0.0
log-weber-null.mapjitter.klw	log	weber	null	shared_perceptual_noise	n2	delta	73.10865507174931	0.0	0.0	0.0	0.0
log-weber-null.mapjitter.klw	log	weber	null	shared_perceptual_noise	n2	delta	78.49530222265639	0.0	0.0	0.0	0.0
log-weber-null.mapjitter.klw	log	weber	null	shared_perceptual_noise	n2	delta	84.27883764212618	0.0	0.0	0.0	0.0
log-weber-null.mapjitter.klw	log	weber	null	shared_perceptual_noise	n2	delta	90.48850406563211	0.0	0.0	0.0	0.0
log-weber-null.mapjitter.klw	log	weber	null	shared_perceptual_noise	n2	delta	97.15569883397539	0.0	0.0	0.0	0.0
log-weber-null.mapjitter.klw	log	weber	null	shared_perceptual_noise	n2	delta	104.31413264464811	0.0	0.0	0.0	0.0
log-weber-null.mapjitter.klw	log	weber	null	shared_perceptual_noise	n2	delta	111.99999999999996	0.0	0.0	0.0	0.0
log-weber-null.mapjitter.klw	log	weber	null	shared_perceptual_noise	n1	delta_pct	6.999999999999999	0.0	0.0	0.0	
log-weber-null.mapjitter.klw	log	weber	null	shared_perceptual_noise	n1	delta_pct	7.515760138376834	0.0	0.0	0.0	
log-weber-null.mapjitter.klw	log	weber	null	shared_perceptual_noise	n1	delta_pct	8.069521493944878	0.0	0.0	0.0	
log-weber-null.mapjitter.klw	log	weber	null	shared_perceptual_noise	n1	delta_pct	8.664083997137997	0.0	0.0	0.0	
log-weber-null.mapjitter.klw	log	weber	null	shared_perceptual_noise	n1	delta_pct	9.302453877319767	0.0	0.0	0.0	
log-weber-null.mapjitter.klw	log	weber	null	shared_perceptual_noise	n1	delta_pct	9.987858862892702	0.0	0.0	0.0	
log-weber-null.mapjitter.klw	log	weber	null	shared_perceptual_noise	n1	delta_pct	10.723764501351818	0.0	0.0	0.0	
log-weber-null.mapjitter.klw	log	weber	null	shared_perceptual_noise	n1	delta_pct	11.513891681800072	0.0	0.0	0.0	
log-weber-null.mapjitter.klw	log	weber	null	shared_perceptual_noise	n1	delta_pct	12.36223544852308	0.0	0.0	0.0	
log-weber-null.mapjitter.klw	log	weber	null	shared_perceptual_noise	n1	delta_pct	13.273085200748401	0.0	0.0	0.0	
log-weber-null.mapjitter.klw	log	weber	null	shared_perceptual_noise	n1	delta_pct	14.25104638072347	0.0	0.0	0.0	
log-weber-null.mapjitter.klw	log	weber	null	shared_perceptual_noise	n1	delta_pct	15.301063759771553	0.0	0.0	0.0	
log-weber-null.mapjitter.klw	log	weber	null	shared_perceptual_noise	n1	delta_pct	16.428446440064768	0.0	0.0	0.0	
log-weber-null.mapjitter.klw	log	weber	null	shared_perceptual_noise	n1	delta_pct	17.638894698528226	0.0	0.0	0.0	
log-weber-null.mapjitter.klw	log	weber	null	shared_perceptual_noise	n1	delta_pct	18.93852880860355	0.0	0.0	0.0	
log-weber-null.mapjitter.klw	log	weber	null	shared_perceptual_noise	n1	delta_pct	20.33391998560055	0.0	0.0	0.0	
log-weber-null.mapjitter.klw	log	weber	null	shared_perceptual_noise	n1	delta_pct	21.832123612102944	0.0	0.0	0.0	
log-weber-null.mapjitter.klw	log	weber	null	shared_perceptual_noise	n1	delta_pct	23.440714911422706	0.0	0.0	0.0	
log-weber-null.mapjitter.klw	log	weber	null	shared_perceptual_noise	n1	delta_pct	25.16782724947517	0.0	0.0	0.0	
log-weber-null.mapjitter.klw	log	weber	null	shared_perceptual_noise	n1	delta_pct	27.0221932587371	0.0	0.0	0.0	
log-weber-null.mapjitter.klw	log	weber	null	shared_perceptual_noise	n1	delta_pct	29.01318899221878	0.0	0.0	0.0	
log-weber-null.mapjitter.klw	log	weber	null	shared_perceptual_noise	n1	delta_pct	31.150881330701633	0.0	0.0	0.0	
log-weber-null.mapjitter.klw	log	weber	null	shared_perceptual_noise	n1	delta_pct	33.44607888294205	0.0	0.0	0.0	
log-weber-null.mapjitter.klw	log	weber	null	shared_perceptual_noise	n1	delta_pct	35.910386636203285	0.0	0.0	0.0	
log-weber-null.mapjitter.klw	log	weber	null	shared_perceptual_noise	n1	delta_pct	38.55626463343953	0.0	0.0	0.0	
log-weber-null.mapjitter.klw	log	weber	null	shared_perceptual_noise	n1	delta_pct	41.397090973816184	0.0	0.0	0.0	
log-weber-null.mapjitter.klw	log	weber	null	shared_perceptual_noise	n1	delta_pct	44.44722945510957	0.0	0.0	0.0	
log-weber-null.mapjitter.klw	log	weber	null	shared_perceptual_noise	n1	delta_pct	47.722102200000165	0.0	0.0	0.0	
log-weber-null.mapjitter.klw	log	weber	null	shared_perceptual_noise	n1	delta_pct	51.23826763347237	0.0	0.0	0.0	
log-weber-null.mapjitter.klw	log	weber	null	shared_perceptual_noise	n1	delta_pct	55.01350420559078	0.0	0.0	0.0	
log-weber-null.mapjitter.klw	log	weber	null	shared_perceptual_noise	n1	delta_pct	59.0669002829722	0.0	0.0	0.0	
log-weber-null.mapjitter.klw	log	weber	null	shared_perceptual_noise	n1	delta_pct	63.4189506634631	0.0	0.0	0.0	
log-weber-null.mapjitter.klw	log	weber	null	shared_perceptual_noise	n1	delta_pct	68.0916602020204	0.0	0.0	0.0	
log-weber-null.mapjitter.klw	log	weber	null	shared_perceptual_noise	n1	delta_pct	73.10865507174931	0.0	0.0	0.0	
log-weber-null.mapjitter.klw	log	weber	null	shared_perceptual_noise	n1	delta_pct	78.49530222265639	0.0	0.0	0.0	
log-weber-null.mapjitter.klw	log	weber	null	shared_perceptual_noise	n1	delta_pct	84.27883764212618	0.0	0.0	0.0	
log-weber-null.mapjitter.klw	log	weber	null	shared_perceptual_noise	n1	delta_pct	90.48850406563211	0.0	0.0	0.0	
log-weber-null.mapjitter.klw	log	weber	null	shared_perceptual_noise	n1	delta_pct	97.15569883397539	0.0	0.0	0.0	
log-weber-null.mapjitter.klw	log	weber	null	shared_perceptual_noise	n1	delta_pct	104.31413264464811	0.0	0.0	0.0	
log-weber-null.mapjitter.klw	log	weber	null	shared_perceptual_noise	n1	delta_pct	111.99999999999996	0.0	0.0	0.0	
log-weber-null.mapjitter.klw	log	weber	null	shared_perceptual_noise	n1	delta	6.999999999999999	0.0	0.0	0.0	0.0
log-weber-null.mapjitter.klw	log	weber	null	shared_perceptual_noise	n1	delta	7.515760138376834	0.0	0.0	0.0	0.0
log-weber-null.mapjitter.klw	log	weber	null	shared_perceptual_noise	n1	delta	8.069521493944878	0.0	0.0	0.0	0.0
log-weber-null.mapjitter.klw	log	weber	null	shared_perceptual_noise	n1	delta	8.664083997137997	0.0	0.0	0.0	0.0
log-weber-null.mapjitter.klw	log	weber	null	shared_perceptual_noise	n1	delta	9.302453877319767	0.0	0.0	0.0	0.0
log-weber-null.mapjitter.klw	log	weber	null	shared_perceptual_noise	n1	delta	9.987858862892702	0.0	0.0	0.0	0.0
log-weber-null.mapjitter.klw	log	weber	null	shared_perceptual_noise	n1	delta	10.723764501351818	0.0	0.0	0.0	0.0
log-weber-null.mapjitter.klw	log	weber	null	shared_perceptual_noise	n1	delta	11.513891681800072	0.0	0.0	0.0	0.0
log-weber-null.mapjitter.klw	log	weber	null	shared_perceptual_noise	n1	delta	12.36223544852308	0.0	0.0	0.0	0.0
log-weber-null.mapjitter.klw	log	weber	null	shared_perceptual_noise	n1	delta	13.273085200748401	0.0	0.0	0.0	0.0
log-weber-null.mapjitter.klw	log	weber	null	shared_perceptual_noise	n1	delta	14.25104638072347	0.0	0.0	0.0	0.0
log-weber-null.mapjitter.klw	log	weber	null	shared_perceptual_noise	n1	delta	15.301063759771553	0.0	0.0	0.0	0.0
log-weber-null.mapjitter.klw	log	weber	null	shared_perceptual_noise	n1	delta	16.428446440064768	0.0	0.0	0.0	0.0
log-weber-null.mapjitter.klw	log	weber	null	shared_perceptual_noise	n1	delta	17.638894698528226	0.0	0.0	0.0	0.0
log-weber-null.mapjitter.klw	log	weber	null	shared_perceptual_noise	n1	delta	18.93852880860355	0.0	0.0	0.0	0.0
log-weber-null.mapjitter.klw	log	weber	null	shared_perceptual_noise	n1	delta	20.33391998560055	0.0	0.0	0.0	0.0
log-weber-null.mapjitter.klw	log	weber	null	shared_perceptual_noise	n1	delta	21.832123612102944	0.0	0.0	0.0	0.0
log-weber-null.mapjitter.klw	log	weber	null	shared_perceptual_noise	n1	delta	23.440714911422706	0.0	0.0	0.0	0.0
log-weber-null.mapjitter.klw	log	weber	null	shared_perceptual_noise	n1	delta	25.16782724947517	0.0	0.0	0.0	0.0
log-weber-null.mapjitter.klw	log	weber	null	shared_perceptual_noise	n1	delta	27.0221932587371	0.0	0.0	0.0	0.0
log-weber-null.mapjitter.klw	log	weber	null	shared_perceptual_noise	n1	delta	29.01318899221878	0.0	0.0	0.0	0.0
log-weber-null.mapjitter.klw	log	weber	null	shared_perceptual_noise	n1	delta	31.150881330701633	0.0	0.0	0.0	0.0
log-weber-null.mapjitter.klw	log	weber	null	shared_perceptual_noise	n1	delta	33.44607888294205	0.0	0.0	0.0	0.0
log-weber-null.mapjitter.klw	log	weber	null	shared_perceptual_noise	n1	delta	35.910386636203285	0.0	0.0	0.0	0.0
log-weber-null.mapjitter.klw	log	weber	null	shared_perceptual_noise	n1	delta	38.55626463343953	0.0	0.0	0.0	0.0
log-weber-null.mapjitter.klw	log	weber	null	shared_perceptual_noise	n1	delta	41.397090973816184	0.0	0.0	0.0	0.0
log-weber-null.mapjitter.klw	log	weber	null	shared_perceptual_noise	n1	delta	44.44722945510957	0.0	0.0	0.0	0.0
log-weber-null.mapjitter.klw	log	weber	null	shared_perceptual_noise	n1	delta	47.722102200000165	0.0	0.0	0.0	0.0
log-weber-null.mapjitter.klw	log	weber	null	shared_perceptual_noise	n1	delta	51.23826763347237	0.0	0.0	0.0	0.0
log-weber-null.mapjitter.klw	log	weber	null	shared_perceptual_noise	n1	delta	55.01350420559078	0.0	0.0	0.0	0.0
log-weber-null.mapjitter.klw	log	weber	null	shared_perceptual_noise	n1	delta	59.0669002829722	0.0	0.0	0.0	0.0
log-weber-null.mapjitter.klw	log	weber	null	shared_perceptual_noise	n1	delta	63.4189506634631	0.0	0.0	0.0	0.0
log-weber-null.mapjitter.klw	log	weber	null	shared_perceptual_noise	n1	delta	68.0916602020204	0.0	0.0	0.0	0.0
log-weber-null.mapjitter.klw	log	weber	null	shared_perceptual_noise	n1	delta	73.10865507174931	0.0	0.0	0.0	0.0
log-weber-null.mapjitter.klw	log	weber	null	shared_perceptual_noise	n1	delta	78.49530222265639	0.0	0.0	0.0	0.0
log-weber-null.mapjitter.klw	log	weber	null	shared_perceptual_noise	n1	delta	84.27883764212618	0.0	0.0	0.0	0.0
log-weber-null.mapjitter.klw	log	weber	null	shared_perceptual_noise	n1	delta	90.48850406563211	0.0	0.0	0.0	0.0
log-weber-null.mapjitter.klw	log	weber	null	shared_perceptual_noise	n1	delta	97.15569883397539	0.0	0.0	0.0	0.0
log-weber-null.mapjitter.klw	log	weber	null	shared_perceptual_noise	n1	delta	104.31413264464811	0.0	0.0	0.0	0.0
log-weber-null.mapjitter.klw	log	weber	null	shared_perceptual_noise	n1	delta	111.99999999999996	0.0	0.0	0.0	0.0
log-weber-nullind.mapjitter.klw	log	weber	nullind	independent	n1	ips	6.999999999999999	0.2722309045023241	0.2953634711537288	0.3209129509764456	
log-weber-nullind.mapjitter.klw	log	weber	nullind	independent	n1	ips	7.515760138376834	0.2722309045023241	0.2953634711537288	0.3209129509764456	
log-weber-nullind.mapjitter.klw	log	weber	nullind	independent	n1	ips	8.069521493944878	0.2722309045023241	0.2953634711537288	0.3209129509764456	
log-weber-nullind.mapjitter.klw	log	weber	nullind	independent	n1	ips	8.664083997137997	0.2722309045023241	0.2953634711537288	0.3209129509764456	
log-weber-nullind.mapjitter.klw	log	weber	nullind	independent	n1	ips	9.302453877319767	0.2722309045023241	0.2953634711537288	0.3209129509764456	
log-weber-nullind.mapjitter.klw	log	weber	nullind	independent	n1	ips	9.987858862892702	0.2722309045023241	0.2953634711537288	0.3209129509764456	
log-weber-nullind.mapjitter.klw	log	weber	nullind	independent	n1	ips	10.723764501351818	0.2722309045023241	0.2953634711537288	0.3209129509764456	
log-weber-nullind.mapjitter.klw	log	weber	nullind	independent	n1	ips	11.513891681800072	0.2722309045023241	0.2953634711537288	0.3209129509764456	
log-weber-nullind.mapjitter.klw	log	weber	nullind	independent	n1	ips	12.36223544852308	0.2722309045023241	0.2953634711537288	0.3209129509764456	
log-weber-nullind.mapjitter.klw	log	weber	nullind	independent	n1	ips	13.273085200748401	0.2722309045023241	0.2953634711537288	0.3209129509764456	
log-weber-nullind.mapjitter.klw	log	weber	nullind	independent	n1	ips	14.25104638072347	0.2722309045023241	0.2953634711537288	0.3209129509764456	
log-weber-nullind.mapjitter.klw	log	weber	nullind	independent	n1	ips	15.301063759771553	0.2722309045023241	0.2953634711537288	0.3209129509764456	
log-weber-nullind.mapjitter.klw	log	weber	nullind	independent	n1	ips	16.428446440064768	0.2722309045023241	0.2953634711537288	0.3209129509764456	
log-weber-nullind.mapjitter.klw	log	weber	nullind	independent	n1	ips	17.638894698528226	0.2722309045023241	0.2953634711537288	0.3209129509764456	
log-weber-nullind.mapjitter.klw	log	weber	nullind	independent	n1	ips	18.93852880860355	0.2722309045023241	0.2953634711537288	0.3209129509764456	
log-weber-nullind.mapjitter.klw	log	weber	nullind	independent	n1	ips	20.33391998560055	0.2722309045023241	0.2953634711537288	0.3209129509764456	
log-weber-nullind.mapjitter.klw	log	weber	nullind	independent	n1	ips	21.832123612102944	0.2722309045023241	0.2953634711537288	0.3209129509764456	
log-weber-nullind.mapjitter.klw	log	weber	nullind	independent	n1	ips	23.440714911422706	0.2722309045023241	0.2953634711537288	0.3209129509764456	
log-weber-nullind.mapjitter.klw	log	weber	nullind	independent	n1	ips	25.16782724947517	0.2722309045023241	0.2953634711537288	0.3209129509764456	
log-weber-nullind.mapjitter.klw	log	weber	nullind	independent	n1	ips	27.0221932587371	0.2722309045023241	0.2953634711537288	0.3209129509764456	
log-weber-nullind.mapjitter.klw	log	weber	nullind	independent	n1	ips	29.01318899221878	0.2722309045023241	0.2953634711537288	0.3209129509764456	
log-weber-nullind.mapjitter.klw	log	weber	nullind	independent	n1	ips	31.150881330701633	0.2722309045023241	0.2953634711537288	0.3209129509764456	
log-weber-nullind.mapjitter.klw	log	weber	nullind	independent	n1	ips	33.44607888294205	0.2722309045023241	0.2953634711537288	0.3209129509764456	
log-weber-nullind.mapjitter.klw	log	weber	nullind	independent	n1	ips	35.910386636203285	0.2722309045023241	0.2953634711537288	0.3209129509764456	
log-weber-nullind.mapjitter.klw	log	weber	nullind	independent	n1	ips	38.55626463343953	0.2722309045023241	0.2953634711537288	0.3209129509764456	
log-weber-nullind.mapjitter.klw	log	weber	nullind	independent	n1	ips	41.397090973816184	0.2722309045023241	0.2953634711537288	0.3209129509764456	
log-weber-nullind.mapjitter.klw	log	weber	nullind	independent	n1	ips	44.44722945510957	0.2722309045023241	0.2953634711537288	0.3209129509764456	
log-weber-nullind.mapjitter.klw	log	weber	nullind	independent	n1	ips	47.722102200000165	0.2722309045023241	0.2953634711537288	0.3209129509764456	
log-weber-nullind.mapjitter.klw	log	weber	nullind	independent	n1	ips	51.23826763347237	0.2722309045023241	0.2953634711537288	0.3209129509764456	
log-weber-nullind.mapjitter.klw	log	weber	nullind	independent	n1	ips	55.01350420559078	0.2722309045023241	0.2953634711537288	0.3209129509764456	
log-weber-nullind.mapjitter.klw	log	weber	nullind	independent	n1	ips	59.0669002829722	0.2722309045023241	0.2953634711537288	0.3209129509764456	
log-weber-nullind.mapjitter.klw	log	weber	nullind	independent	n1	ips	63.4189506634631	0.2722309045023241	0.2953634711537288	0.3209129509764456	
log-weber-nullind.mapjitter.klw	log	weber	nullind	independent	n1	ips	68.0916602020204	0.2722309045023241	0.2953634711537288	0.3209129509764456	
log-weber-nullind.mapjitter.klw	log	weber	nullind	independent	n1	ips	73.10865507174931	0.2722309045023241	0.2953634711537288	0.3209129509764456	
log-weber-nullind.mapjitter.klw	log	weber	nullind	independent	n1	ips	78.49530222265639	0.2722309045023241	0.2953634711537288	0.3209129509764456	
log-weber-nullind.mapjitter.klw	log	weber	nullind	independent	n1	ips	84.27883764212618	0.2722309045023241	0.2953634711537288	0.3209129509764456	
log-weber-nullind.mapjitter.klw	log	weber	nullind	independent	n1	ips	90.48850406563211	0.2722309045023241	0.2953634711537288	0.3209129509764456	
log-weber-nullind.mapjitter.klw	log	weber	nullind	independent	n1	ips	97.15569883397539	0.2722309045023241	0.2953634711537288	0.3209129509764456	
log-weber-nullind.mapjitter.klw	log	weber	nullind	independent	n1	ips	104.31413264464811	0.2722309045023241	0.2953634711537288	0.3209129509764456	
log-weber-nullind.mapjitter.klw	log	weber	nullind	independent	n1	ips	111.99999999999996	0.2722309045023241	0.2953634711537288	0.3209129509764456	
log-weber-nullind.mapjitter.klw	log	weber	nullind	independent	n1	vertex	6.999999999999999	0.2722309045023241	0.2953634711537288	0.3209129509764456	
log-weber-nullind.mapjitter.klw	log	weber	nullind	independent	n1	vertex	7.515760138376834	0.2722309045023241	0.2953634711537288	0.3209129509764456	
log-weber-nullind.mapjitter.klw	log	weber	nullind	independent	n1	vertex	8.069521493944878	0.2722309045023241	0.2953634711537288	0.3209129509764456	
log-weber-nullind.mapjitter.klw	log	weber	nullind	independent	n1	vertex	8.664083997137997	0.2722309045023241	0.2953634711537288	0.3209129509764456	
log-weber-nullind.mapjitter.klw	log	weber	nullind	independent	n1	vertex	9.302453877319767	0.2722309045023241	0.2953634711537288	0.3209129509764456	
log-weber-nullind.mapjitter.klw	log	weber	nullind	independent	n1	vertex	9.987858862892702	0.2722309045023241	0.2953634711537288	0.3209129509764456	
log-weber-nullind.mapjitter.klw	log	weber	nullind	independent	n1	vertex	10.723764501351818	0.2722309045023241	0.2953634711537288	0.3209129509764456	
log-weber-nullind.mapjitter.klw	log	weber	nullind	independent	n1	vertex	11.513891681800072	0.2722309045023241	0.2953634711537288	0.3209129509764456	
log-weber-nullind.mapjitter.klw	log	weber	nullind	independent	n1	vertex	12.36223544852308	0.2722309045023241	0.2953634711537288	0.3209129509764456	
log-weber-nullind.mapjitter.klw	log	weber	nullind	independent	n1	vertex	13.273085200748401	0.2722309045023241	0.2953634711537288	0.3209129509764456	
log-weber-nullind.mapjitter.klw	log	weber	nullind	independent	n1	vertex	14.25104638072347	0.2722309045023241	0.2953634711537288	0.3209129509764456	
log-weber-nullind.mapjitter.klw	log	weber	nullind	independent	n1	vertex	15.301063759771553	0.2722309045023241	0.2953634711537288	0.3209129509764456	
log-weber-nullind.mapjitter.klw	log	weber	nullind	independent	n1	vertex	16.428446440064768	0.2722309045023241	0.2953634711537288	0.3209129509764456	
log-weber-nullind.mapjitter.klw	log	weber	nullind	independent	n1	vertex	17.638894698528226	0.2722309045023241	0.2953634711537288	0.3209129509764456	
log-weber-nullind.mapjitter.klw	log	weber	nullind	independent	n1	vertex	18.93852880860355	0.2722309045023241	0.2953634711537288	0.3209129509764456	
log-weber-nullind.mapjitter.klw	log	weber	nullind	independent	n1	vertex	20.33391998560055	0.2722309045023241	0.2953634711537288	0.3209129509764456	
log-weber-nullind.mapjitter.klw	log	weber	nullind	independent	n1	vertex	21.832123612102944	0.2722309045023241	0.2953634711537288	0.3209129509764456	
log-weber-nullind.mapjitter.klw	log	weber	nullind	independent	n1	vertex	23.440714911422706	0.2722309045023241	0.2953634711537288	0.3209129509764456	
log-weber-nullind.mapjitter.klw	log	weber	nullind	independent	n1	vertex	25.16782724947517	0.2722309045023241	0.2953634711537288	0.3209129509764456	
log-weber-nullind.mapjitter.klw	log	weber	nullind	independent	n1	vertex	27.0221932587371	0.2722309045023241	0.2953634711537288	0.3209129509764456	
log-weber-nullind.mapjitter.klw	log	weber	nullind	independent	n1	vertex	29.01318899221878	0.2722309045023241	0.2953634711537288	0.3209129509764456	
log-weber-nullind.mapjitter.klw	log	weber	nullind	independent	n1	vertex	31.150881330701633	0.2722309045023241	0.2953634711537288	0.3209129509764456	
log-weber-nullind.mapjitter.klw	log	weber	nullind	independent	n1	vertex	33.44607888294205	0.2722309045023241	0.2953634711537288	0.3209129509764456	
log-weber-nullind.mapjitter.klw	log	weber	nullind	independent	n1	vertex	35.910386636203285	0.2722309045023241	0.2953634711537288	0.3209129509764456	
log-weber-nullind.mapjitter.klw	log	weber	nullind	independent	n1	vertex	38.55626463343953	0.2722309045023241	0.2953634711537288	0.3209129509764456	
log-weber-nullind.mapjitter.klw	log	weber	nullind	independent	n1	vertex	41.397090973816184	0.2722309045023241	0.2953634711537288	0.3209129509764456	
log-weber-nullind.mapjitter.klw	log	weber	nullind	independent	n1	vertex	44.44722945510957	0.2722309045023241	0.2953634711537288	0.3209129509764456	
log-weber-nullind.mapjitter.klw	log	weber	nullind	independent	n1	vertex	47.722102200000165	0.2722309045023241	0.2953634711537288	0.3209129509764456	
log-weber-nullind.mapjitter.klw	log	weber	nullind	independent	n1	vertex	51.23826763347237	0.2722309045023241	0.2953634711537288	0.3209129509764456	
log-weber-nullind.mapjitter.klw	log	weber	nullind	independent	n1	vertex	55.01350420559078	0.2722309045023241	0.2953634711537288	0.3209129509764456	
log-weber-nullind.mapjitter.klw	log	weber	nullind	independent	n1	vertex	59.0669002829722	0.2722309045023241	0.2953634711537288	0.3209129509764456	
log-weber-nullind.mapjitter.klw	log	weber	nullind	independent	n1	vertex	63.4189506634631	0.2722309045023241	0.2953634711537288	0.3209129509764456	
log-weber-nullind.mapjitter.klw	log	weber	nullind	independent	n1	vertex	68.0916602020204	0.2722309045023241	0.2953634711537288	0.3209129509764456	
log-weber-nullind.mapjitter.klw	log	weber	nullind	independent	n1	vertex	73.10865507174931	0.2722309045023241	0.2953634711537288	0.3209129509764456	
log-weber-nullind.mapjitter.klw	log	weber	nullind	independent	n1	vertex	78.49530222265639	0.2722309045023241	0.2953634711537288	0.3209129509764456	
log-weber-nullind.mapjitter.klw	log	weber	nullind	independent	n1	vertex	84.27883764212618	0.2722309045023241	0.2953634711537288	0.3209129509764456	
log-weber-nullind.mapjitter.klw	log	weber	nullind	independent	n1	vertex	90.48850406563211	0.2722309045023241	0.2953634711537288	0.3209129509764456	
log-weber-nullind.mapjitter.klw	log	weber	nullind	independent	n1	vertex	97.15569883397539	0.2722309045023241	0.2953634711537288	0.3209129509764456	
log-weber-nullind.mapjitter.klw	log	weber	nullind	independent	n1	vertex	104.31413264464811	0.2722309045023241	0.2953634711537288	0.3209129509764456	
log-weber-nullind.mapjitter.klw	log	weber	nullind	independent	n1	vertex	111.99999999999996	0.2722309045023241	0.2953634711537288	0.3209129509764456	
log-weber-nullind.mapjitter.klw	log	weber	nullind	independent	n2	ips	6.999999999999999	0.20607135181459718	0.23130079225322375	0.25791140185655215	
log-weber-nullind.mapjitter.klw	log	weber	nullind	independent	n2	ips	7.515760138376834	0.20607135181459718	0.23130079225322375	0.25791140185655215	
log-weber-nullind.mapjitter.klw	log	weber	nullind	independent	n2	ips	8.069521493944878	0.20607135181459718	0.23130079225322375	0.25791140185655215	
log-weber-nullind.mapjitter.klw	log	weber	nullind	independent	n2	ips	8.664083997137997	0.20607135181459718	0.23130079225322375	0.25791140185655215	
log-weber-nullind.mapjitter.klw	log	weber	nullind	independent	n2	ips	9.302453877319767	0.20607135181459718	0.23130079225322375	0.25791140185655215	
log-weber-nullind.mapjitter.klw	log	weber	nullind	independent	n2	ips	9.987858862892702	0.20607135181459718	0.23130079225322375	0.25791140185655215	
log-weber-nullind.mapjitter.klw	log	weber	nullind	independent	n2	ips	10.723764501351818	0.20607135181459718	0.23130079225322375	0.25791140185655215	
log-weber-nullind.mapjitter.klw	log	weber	nullind	independent	n2	ips	11.513891681800072	0.20607135181459718	0.23130079225322375	0.25791140185655215	
log-weber-nullind.mapjitter.klw	log	weber	nullind	independent	n2	ips	12.36223544852308	0.20607135181459718	0.23130079225322375	0.25791140185655215	
log-weber-nullind.mapjitter.klw	log	weber	nullind	independent	n2	ips	13.273085200748401	0.20607135181459718	0.23130079225322375	0.25791140185655215	
log-weber-nullind.mapjitter.klw	log	weber	nullind	independent	n2	ips	14.25104638072347	0.20607135181459718	0.23130079225322375	0.25791140185655215	
log-weber-nullind.mapjitter.klw	log	weber	nullind	independent	n2	ips	15.301063759771553	0.20607135181459718	0.23130079225322375	0.25791140185655215	
log-weber-nullind.mapjitter.klw	log	weber	nullind	independent	n2	ips	16.428446440064768	0.20607135181459718	0.23130079225322375	0.25791140185655215	
log-weber-nullind.mapjitter.klw	log	weber	nullind	independent	n2	ips	17.638894698528226	0.20607135181459718	0.23130079225322375	0.25791140185655215	
log-weber-nullind.mapjitter.klw	log	weber	nullind	independent	n2	ips	18.93852880860355	0.20607135181459718	0.23130079225322375	0.25791140185655215	
log-weber-nullind.mapjitter.klw	log	weber	nullind	independent	n2	ips	20.33391998560055	0.20607135181459718	0.23130079225322375	0.25791140185655215	
log-weber-nullind.mapjitter.klw	log	weber	nullind	independent	n2	ips	21.832123612102944	0.20607135181459718	0.23130079225322375	0.25791140185655215	
log-weber-nullind.mapjitter.klw	log	weber	nullind	independent	n2	ips	23.440714911422706	0.20607135181459718	0.23130079225322375	0.25791140185655215	
log-weber-nullind.mapjitter.klw	log	weber	nullind	independent	n2	ips	25.16782724947517	0.20607135181459718	0.23130079225322375	0.25791140185655215	
log-weber-nullind.mapjitter.klw	log	weber	nullind	independent	n2	ips	27.0221932587371	0.20607135181459718	0.23130079225322375	0.25791140185655215	
log-weber-nullind.mapjitter.klw	log	weber	nullind	independent	n2	ips	29.01318899221878	0.20607135181459718	0.23130079225322375	0.25791140185655215	
log-weber-nullind.mapjitter.klw	log	weber	nullind	independent	n2	ips	31.150881330701633	0.20607135181459718	0.23130079225322375	0.25791140185655215	
log-weber-nullind.mapjitter.klw	log	weber	nullind	independent	n2	ips	33.44607888294205	0.20607135181459718	0.23130079225322375	0.25791140185655215	
log-weber-nullind.mapjitter.klw	log	weber	nullind	independent	n2	ips	35.910386636203285	0.20607135181459718	0.23130079225322375	0.25791140185655215	
log-weber-nullind.mapjitter.klw	log	weber	nullind	independent	n2	ips	38.55626463343953	0.20607135181459718	0.23130079225322375	0.25791140185655215	
log-weber-nullind.mapjitter.klw	log	weber	nullind	independent	n2	ips	41.397090973816184	0.20607135181459718	0.23130079225322375	0.25791140185655215	
log-weber-nullind.mapjitter.klw	log	weber	nullind	independent	n2	ips	44.44722945510957	0.20607135181459718	0.23130079225322375	0.25791140185655215	
log-weber-nullind.mapjitter.klw	log	weber	nullind	independent	n2	ips	47.722102200000165	0.20607135181459718	0.23130079225322375	0.25791140185655215	
log-weber-nullind.mapjitter.klw	log	weber	nullind	independent	n2	ips	51.23826763347237	0.20607135181459718	0.23130079225322375	0.25791140185655215	
log-weber-nullind.mapjitter.klw	log	weber	nullind	independent	n2	ips	55.01350420559078	0.20607135181459718	0.23130079225322375	0.25791140185655215	
log-weber-nullind.mapjitter.klw	log	weber	nullind	independent	n2	ips	59.0669002829722	0.20607135181459718	0.23130079225322375	0.25791140185655215	
log-weber-nullind.mapjitter.klw	log	weber	nullind	independent	n2	ips	63.4189506634631	0.20607135181459718	0.23130079225322375	0.25791140185655215	
log-weber-nullind.mapjitter.klw	log	weber	nullind	independent	n2	ips	68.0916602020204	0.20607135181459718	0.23130079225322375	0.25791140185655215	
log-weber-nullind.mapjitter.klw	log	weber	nullind	independent	n2	ips	73.10865507174931	0.20607135181459718	0.23130079225322375	0.25791140185655215	
log-weber-nullind.mapjitter.klw	log	weber	nullind	independent	n2	ips	78.49530222265639	0.20607135181459718	0.23130079225322375	0.25791140185655215	
log-weber-nullind.mapjitter.klw	log	weber	nullind	independent	n2	ips	84.27883764212618	0.20607135181459718	0.23130079225322375	0.25791140185655215	
log-weber-nullind.mapjitter.klw	log	weber	nullind	independent	n2	ips	90.48850406563211	0.20607135181459718	0.23130079225322375	0.25791140185655215	
log-weber-nullind.mapjitter.klw	log	weber	nullind	independent	n2	ips	97.15569883397539	0.20607135181459718	0.23130079225322375	0.25791140185655215	
log-weber-nullind.mapjitter.klw	log	weber	nullind	independent	n2	ips	104.31413264464811	0.20607135181459718	0.23130079225322375	0.25791140185655215	
log-weber-nullind.mapjitter.klw	log	weber	nullind	independent	n2	ips	111.99999999999996	0.20607135181459718	0.23130079225322375	0.25791140185655215	
log-weber-nullind.mapjitter.klw	log	weber	nullind	independent	n2	vertex	6.999999999999999	0.20607135181459718	0.23130079225322375	0.25791140185655215	
log-weber-nullind.mapjitter.klw	log	weber	nullind	independent	n2	vertex	7.515760138376834	0.20607135181459718	0.23130079225322375	0.25791140185655215	
log-weber-nullind.mapjitter.klw	log	weber	nullind	independent	n2	vertex	8.069521493944878	0.20607135181459718	0.23130079225322375	0.25791140185655215	
log-weber-nullind.mapjitter.klw	log	weber	nullind	independent	n2	vertex	8.664083997137997	0.20607135181459718	0.23130079225322375	0.25791140185655215	
log-weber-nullind.mapjitter.klw	log	weber	nullind	independent	n2	vertex	9.302453877319767	0.20607135181459718	0.23130079225322375	0.25791140185655215	
log-weber-nullind.mapjitter.klw	log	weber	nullind	independent	n2	vertex	9.987858862892702	0.20607135181459718	0.23130079225322375	0.25791140185655215	
log-weber-nullind.mapjitter.klw	log	weber	nullind	independent	n2	vertex	10.723764501351818	0.20607135181459718	0.23130079225322375	0.25791140185655215	
log-weber-nullind.mapjitter.klw	log	weber	nullind	independent	n2	vertex	11.513891681800072	0.20607135181459718	0.23130079225322375	0.25791140185655215	
log-weber-nullind.mapjitter.klw	log	weber	nullind	independent	n2	vertex	12.36223544852308	0.20607135181459718	0.23130079225322375	0.25791140185655215	
log-weber-nullind.mapjitter.klw	log	weber	nullind	independent	n2	vertex	13.273085200748401	0.20607135181459718	0.23130079225322375	0.25791140185655215	
log-weber-nullind.mapjitter.klw	log	weber	nullind	independent	n2	vertex	14.25104638072347	0.20607135181459718	0.23130079225322375	0.25791140185655215	
log-weber-nullind.mapjitter.klw	log	weber	nullind	independent	n2	vertex	15.301063759771553	0.20607135181459718	0.23130079225322375	0.25791140185655215	
log-weber-nullind.mapjitter.klw	log	weber	nullind	independent	n2	vertex	16.428446440064768	0.20607135181459718	0.23130079225322375	0.25791140185655215	
log-weber-nullind.mapjitter.klw	log	weber	nullind	independent	n2	vertex	17.638894698528226	0.20607135181459718	0.23130079225322375	0.25791140185655215	
log-weber-nullind.mapjitter.klw	log	weber	nullind	independent	n2	vertex	18.93852880860355	0.20607135181459718	0.23130079225322375	0.25791140185655215	
log-weber-nullind.mapjitter.klw	log	weber	nullind	independent	n2	vertex	20.33391998560055	0.20607135181459718	0.23130079225322375	0.25791140185655215	
log-weber-nullind.mapjitter.klw	log	weber	nullind	independent	n2	vertex	21.832123612102944	0.20607135181459718	0.23130079225322375	0.25791140185655215	
log-weber-nullind.mapjitter.klw	log	weber	nullind	independent	n2	vertex	23.440714911422706	0.20607135181459718	0.23130079225322375	0.25791140185655215	
log-weber-nullind.mapjitter.klw	log	weber	nullind	independent	n2	vertex	25.16782724947517	0.20607135181459718	0.23130079225322375	0.25791140185655215	
log-weber-nullind.mapjitter.klw	log	weber	nullind	independent	n2	vertex	27.0221932587371	0.20607135181459718	0.23130079225322375	0.25791140185655215	
log-weber-nullind.mapjitter.klw	log	weber	nullind	independent	n2	vertex	29.01318899221878	0.20607135181459718	0.23130079225322375	0.25791140185655215	
log-weber-nullind.mapjitter.klw	log	weber	nullind	independent	n2	vertex	31.150881330701633	0.20607135181459718	0.23130079225322375	0.25791140185655215	
log-weber-nullind.mapjitter.klw	log	weber	nullind	independent	n2	vertex	33.44607888294205	0.20607135181459718	0.23130079225322375	0.25791140185655215	
log-weber-nullind.mapjitter.klw	log	weber	nullind	independent	n2	vertex	35.910386636203285	0.20607135181459718	0.23130079225322375	0.25791140185655215	
log-weber-nullind.mapjitter.klw	log	weber	nullind	independent	n2	vertex	38.55626463343953	0.20607135181459718	0.23130079225322375	0.25791140185655215	
log-weber-nullind.mapjitter.klw	log	weber	nullind	independent	n2	vertex	41.397090973816184	0.20607135181459718	0.23130079225322375	0.25791140185655215	
log-weber-nullind.mapjitter.klw	log	weber	nullind	independent	n2	vertex	44.44722945510957	0.20607135181459718	0.23130079225322375	0.25791140185655215	
log-weber-nullind.mapjitter.klw	log	weber	nullind	independent	n2	vertex	47.722102200000165	0.20607135181459718	0.23130079225322375	0.25791140185655215	
log-weber-nullind.mapjitter.klw	log	weber	nullind	independent	n2	vertex	51.23826763347237	0.20607135181459718	0.23130079225322375	0.25791140185655215	
log-weber-nullind.mapjitter.klw	log	weber	nullind	independent	n2	vertex	55.01350420559078	0.20607135181459718	0.23130079225322375	0.25791140185655215	
log-weber-nullind.mapjitter.klw	log	weber	nullind	independent	n2	vertex	59.0669002829722	0.20607135181459718	0.23130079225322375	0.25791140185655215	
log-weber-nullind.mapjitter.klw	log	weber	nullind	independent	n2	vertex	63.4189506634631	0.20607135181459718	0.23130079225322375	0.25791140185655215	
log-weber-nullind.mapjitter.klw	log	weber	nullind	independent	n2	vertex	68.0916602020204	0.20607135181459718	0.23130079225322375	0.25791140185655215	
log-weber-nullind.mapjitter.klw	log	weber	nullind	independent	n2	vertex	73.10865507174931	0.20607135181459718	0.23130079225322375	0.25791140185655215	
log-weber-nullind.mapjitter.klw	log	weber	nullind	independent	n2	vertex	78.49530222265639	0.20607135181459718	0.23130079225322375	0.25791140185655215	
log-weber-nullind.mapjitter.klw	log	weber	nullind	independent	n2	vertex	84.27883764212618	0.20607135181459718	0.23130079225322375	0.25791140185655215	
log-weber-nullind.mapjitter.klw	log	weber	nullind	independent	n2	vertex	90.48850406563211	0.20607135181459718	0.23130079225322375	0.25791140185655215	
log-weber-nullind.mapjitter.klw	log	weber	nullind	independent	n2	vertex	97.15569883397539	0.20607135181459718	0.23130079225322375	0.25791140185655215	
log-weber-nullind.mapjitter.klw	log	weber	nullind	independent	n2	vertex	104.31413264464811	0.20607135181459718	0.23130079225322375	0.25791140185655215	
log-weber-nullind.mapjitter.klw	log	weber	nullind	independent	n2	vertex	111.99999999999996	0.20607135181459718	0.23130079225322375	0.25791140185655215	
log-weber-nullind.mapjitter.klw	log	weber	nullind	independent	n2	delta_pct	6.999999999999999	0.0	0.0	0.0	
log-weber-nullind.mapjitter.klw	log	weber	nullind	independent	n2	delta_pct	7.515760138376834	0.0	0.0	0.0	
log-weber-nullind.mapjitter.klw	log	weber	nullind	independent	n2	delta_pct	8.069521493944878	0.0	0.0	0.0	
log-weber-nullind.mapjitter.klw	log	weber	nullind	independent	n2	delta_pct	8.664083997137997	0.0	0.0	0.0	
log-weber-nullind.mapjitter.klw	log	weber	nullind	independent	n2	delta_pct	9.302453877319767	0.0	0.0	0.0	
log-weber-nullind.mapjitter.klw	log	weber	nullind	independent	n2	delta_pct	9.987858862892702	0.0	0.0	0.0	
log-weber-nullind.mapjitter.klw	log	weber	nullind	independent	n2	delta_pct	10.723764501351818	0.0	0.0	0.0	
log-weber-nullind.mapjitter.klw	log	weber	nullind	independent	n2	delta_pct	11.513891681800072	0.0	0.0	0.0	
log-weber-nullind.mapjitter.klw	log	weber	nullind	independent	n2	delta_pct	12.36223544852308	0.0	0.0	0.0	
log-weber-nullind.mapjitter.klw	log	weber	nullind	independent	n2	delta_pct	13.273085200748401	0.0	0.0	0.0	
log-weber-nullind.mapjitter.klw	log	weber	nullind	independent	n2	delta_pct	14.25104638072347	0.0	0.0	0.0	
log-weber-nullind.mapjitter.klw	log	weber	nullind	independent	n2	delta_pct	15.301063759771553	0.0	0.0	0.0	
log-weber-nullind.mapjitter.klw	log	weber	nullind	independent	n2	delta_pct	16.428446440064768	0.0	0.0	0.0	
log-weber-nullind.mapjitter.klw	log	weber	nullind	independent	n2	delta_pct	17.638894698528226	0.0	0.0	0.0	
log-weber-nullind.mapjitter.klw	log	weber	nullind	independent	n2	delta_pct	18.93852880860355	0.0	0.0	0.0	
log-weber-nullind.mapjitter.klw	log	weber	nullind	independent	n2	delta_pct	20.33391998560055	0.0	0.0	0.0	
log-weber-nullind.mapjitter.klw	log	weber	nullind	independent	n2	delta_pct	21.832123612102944	0.0	0.0	0.0	
log-weber-nullind.mapjitter.klw	log	weber	nullind	independent	n2	delta_pct	23.440714911422706	0.0	0.0	0.0	
log-weber-nullind.mapjitter.klw	log	weber	nullind	independent	n2	delta_pct	25.16782724947517	0.0	0.0	0.0	
log-weber-nullind.mapjitter.klw	log	weber	nullind	independent	n2	delta_pct	27.0221932587371	0.0	0.0	0.0	
log-weber-nullind.mapjitter.klw	log	weber	nullind	independent	n2	delta_pct	29.01318899221878	0.0	0.0	0.0	
log-weber-nullind.mapjitter.klw	log	weber	nullind	independent	n2	delta_pct	31.150881330701633	0.0	0.0	0.0	
log-weber-nullind.mapjitter.klw	log	weber	nullind	independent	n2	delta_pct	33.44607888294205	0.0	0.0	0.0	
log-weber-nullind.mapjitter.klw	log	weber	nullind	independent	n2	delta_pct	35.910386636203285	0.0	0.0	0.0	
log-weber-nullind.mapjitter.klw	log	weber	nullind	independent	n2	delta_pct	38.55626463343953	0.0	0.0	0.0	
log-weber-nullind.mapjitter.klw	log	weber	nullind	independent	n2	delta_pct	41.397090973816184	0.0	0.0	0.0	
log-weber-nullind.mapjitter.klw	log	weber	nullind	independent	n2	delta_pct	44.44722945510957	0.0	0.0	0.0	
log-weber-nullind.mapjitter.klw	log	weber	nullind	independent	n2	delta_pct	47.722102200000165	0.0	0.0	0.0	
log-weber-nullind.mapjitter.klw	log	weber	nullind	independent	n2	delta_pct	51.23826763347237	0.0	0.0	0.0	
log-weber-nullind.mapjitter.klw	log	weber	nullind	independent	n2	delta_pct	55.01350420559078	0.0	0.0	0.0	
log-weber-nullind.mapjitter.klw	log	weber	nullind	independent	n2	delta_pct	59.0669002829722	0.0	0.0	0.0	
log-weber-nullind.mapjitter.klw	log	weber	nullind	independent	n2	delta_pct	63.4189506634631	0.0	0.0	0.0	
log-weber-nullind.mapjitter.klw	log	weber	nullind	independent	n2	delta_pct	68.0916602020204	0.0	0.0	0.0	
log-weber-nullind.mapjitter.klw	log	weber	nullind	independent	n2	delta_pct	73.10865507174931	0.0	0.0	0.0	
log-weber-nullind.mapjitter.klw	log	weber	nullind	independent	n2	delta_pct	78.49530222265639	0.0	0.0	0.0	
log-weber-nullind.mapjitter.klw	log	weber	nullind	independent	n2	delta_pct	84.27883764212618	0.0	0.0	0.0	
log-weber-nullind.mapjitter.klw	log	weber	nullind	independent	n2	delta_pct	90.48850406563211	0.0	0.0	0.0	
log-weber-nullind.mapjitter.klw	log	weber	nullind	independent	n2	delta_pct	97.15569883397539	0.0	0.0	0.0	
log-weber-nullind.mapjitter.klw	log	weber	nullind	independent	n2	delta_pct	104.31413264464811	0.0	0.0	0.0	
log-weber-nullind.mapjitter.klw	log	weber	nullind	independent	n2	delta_pct	111.99999999999996	0.0	0.0	0.0	
log-weber-nullind.mapjitter.klw	log	weber	nullind	independent	n2	delta	6.999999999999999	0.0	0.0	0.0	0.0
log-weber-nullind.mapjitter.klw	log	weber	nullind	independent	n2	delta	7.515760138376834	0.0	0.0	0.0	0.0
log-weber-nullind.mapjitter.klw	log	weber	nullind	independent	n2	delta	8.069521493944878	0.0	0.0	0.0	0.0
log-weber-nullind.mapjitter.klw	log	weber	nullind	independent	n2	delta	8.664083997137997	0.0	0.0	0.0	0.0
log-weber-nullind.mapjitter.klw	log	weber	nullind	independent	n2	delta	9.302453877319767	0.0	0.0	0.0	0.0
log-weber-nullind.mapjitter.klw	log	weber	nullind	independent	n2	delta	9.987858862892702	0.0	0.0	0.0	0.0
log-weber-nullind.mapjitter.klw	log	weber	nullind	independent	n2	delta	10.723764501351818	0.0	0.0	0.0	0.0
log-weber-nullind.mapjitter.klw	log	weber	nullind	independent	n2	delta	11.513891681800072	0.0	0.0	0.0	0.0
log-weber-nullind.mapjitter.klw	log	weber	nullind	independent	n2	delta	12.36223544852308	0.0	0.0	0.0	0.0
log-weber-nullind.mapjitter.klw	log	weber	nullind	independent	n2	delta	13.273085200748401	0.0	0.0	0.0	0.0
log-weber-nullind.mapjitter.klw	log	weber	nullind	independent	n2	delta	14.25104638072347	0.0	0.0	0.0	0.0
log-weber-nullind.mapjitter.klw	log	weber	nullind	independent	n2	delta	15.301063759771553	0.0	0.0	0.0	0.0
log-weber-nullind.mapjitter.klw	log	weber	nullind	independent	n2	delta	16.428446440064768	0.0	0.0	0.0	0.0
log-weber-nullind.mapjitter.klw	log	weber	nullind	independent	n2	delta	17.638894698528226	0.0	0.0	0.0	0.0
log-weber-nullind.mapjitter.klw	log	weber	nullind	independent	n2	delta	18.93852880860355	0.0	0.0	0.0	0.0
log-weber-nullind.mapjitter.klw	log	weber	nullind	independent	n2	delta	20.33391998560055	0.0	0.0	0.0	0.0
log-weber-nullind.mapjitter.klw	log	weber	nullind	independent	n2	delta	21.832123612102944	0.0	0.0	0.0	0.0
log-weber-nullind.mapjitter.klw	log	weber	nullind	independent	n2	delta	23.440714911422706	0.0	0.0	0.0	0.0
log-weber-nullind.mapjitter.klw	log	weber	nullind	independent	n2	delta	25.16782724947517	0.0	0.0	0.0	0.0
log-weber-nullind.mapjitter.klw	log	weber	nullind	independent	n2	delta	27.0221932587371	0.0	0.0	0.0	0.0
log-weber-nullind.mapjitter.klw	log	weber	nullind	independent	n2	delta	29.01318899221878	0.0	0.0	0.0	0.0
log-weber-nullind.mapjitter.klw	log	weber	nullind	independent	n2	delta	31.150881330701633	0.0	0.0	0.0	0.0
log-weber-nullind.mapjitter.klw	log	weber	nullind	independent	n2	delta	33.44607888294205	0.0	0.0	0.0	0.0
log-weber-nullind.mapjitter.klw	log	weber	nullind	independent	n2	delta	35.910386636203285	0.0	0.0	0.0	0.0
log-weber-nullind.mapjitter.klw	log	weber	nullind	independent	n2	delta	38.55626463343953	0.0	0.0	0.0	0.0
log-weber-nullind.mapjitter.klw	log	weber	nullind	independent	n2	delta	41.397090973816184	0.0	0.0	0.0	0.0
log-weber-nullind.mapjitter.klw	log	weber	nullind	independent	n2	delta	44.44722945510957	0.0	0.0	0.0	0.0
log-weber-nullind.mapjitter.klw	log	weber	nullind	independent	n2	delta	47.722102200000165	0.0	0.0	0.0	0.0
log-weber-nullind.mapjitter.klw	log	weber	nullind	independent	n2	delta	51.23826763347237	0.0	0.0	0.0	0.0
log-weber-nullind.mapjitter.klw	log	weber	nullind	independent	n2	delta	55.01350420559078	0.0	0.0	0.0	0.0
log-weber-nullind.mapjitter.klw	log	weber	nullind	independent	n2	delta	59.0669002829722	0.0	0.0	0.0	0.0
log-weber-nullind.mapjitter.klw	log	weber	nullind	independent	n2	delta	63.4189506634631	0.0	0.0	0.0	0.0
log-weber-nullind.mapjitter.klw	log	weber	nullind	independent	n2	delta	68.0916602020204	0.0	0.0	0.0	0.0
log-weber-nullind.mapjitter.klw	log	weber	nullind	independent	n2	delta	73.10865507174931	0.0	0.0	0.0	0.0
log-weber-nullind.mapjitter.klw	log	weber	nullind	independent	n2	delta	78.49530222265639	0.0	0.0	0.0	0.0
log-weber-nullind.mapjitter.klw	log	weber	nullind	independent	n2	delta	84.27883764212618	0.0	0.0	0.0	0.0
log-weber-nullind.mapjitter.klw	log	weber	nullind	independent	n2	delta	90.48850406563211	0.0	0.0	0.0	0.0
log-weber-nullind.mapjitter.klw	log	weber	nullind	independent	n2	delta	97.15569883397539	0.0	0.0	0.0	0.0
log-weber-nullind.mapjitter.klw	log	weber	nullind	independent	n2	delta	104.31413264464811	0.0	0.0	0.0	0.0
log-weber-nullind.mapjitter.klw	log	weber	nullind	independent	n2	delta	111.99999999999996	0.0	0.0	0.0	0.0
log-weber-nullind.mapjitter.klw	log	weber	nullind	independent	n1	delta_pct	6.999999999999999	0.0	0.0	0.0	
log-weber-nullind.mapjitter.klw	log	weber	nullind	independent	n1	delta_pct	7.515760138376834	0.0	0.0	0.0	
log-weber-nullind.mapjitter.klw	log	weber	nullind	independent	n1	delta_pct	8.069521493944878	0.0	0.0	0.0	
log-weber-nullind.mapjitter.klw	log	weber	nullind	independent	n1	delta_pct	8.664083997137997	0.0	0.0	0.0	
log-weber-nullind.mapjitter.klw	log	weber	nullind	independent	n1	delta_pct	9.302453877319767	0.0	0.0	0.0	
log-weber-nullind.mapjitter.klw	log	weber	nullind	independent	n1	delta_pct	9.987858862892702	0.0	0.0	0.0	
log-weber-nullind.mapjitter.klw	log	weber	nullind	independent	n1	delta_pct	10.723764501351818	0.0	0.0	0.0	
log-weber-nullind.mapjitter.klw	log	weber	nullind	independent	n1	delta_pct	11.513891681800072	0.0	0.0	0.0	
log-weber-nullind.mapjitter.klw	log	weber	nullind	independent	n1	delta_pct	12.36223544852308	0.0	0.0	0.0	
log-weber-nullind.mapjitter.klw	log	weber	nullind	independent	n1	delta_pct	13.273085200748401	0.0	0.0	0.0	
log-weber-nullind.mapjitter.klw	log	weber	nullind	independent	n1	delta_pct	14.25104638072347	0.0	0.0	0.0	
log-weber-nullind.mapjitter.klw	log	weber	nullind	independent	n1	delta_pct	15.301063759771553	0.0	0.0	0.0	
log-weber-nullind.mapjitter.klw	log	weber	nullind	independent	n1	delta_pct	16.428446440064768	0.0	0.0	0.0	
log-weber-nullind.mapjitter.klw	log	weber	nullind	independent	n1	delta_pct	17.638894698528226	0.0	0.0	0.0	
log-weber-nullind.mapjitter.klw	log	weber	nullind	independent	n1	delta_pct	18.93852880860355	0.0	0.0	0.0	
log-weber-nullind.mapjitter.klw	log	weber	nullind	independent	n1	delta_pct	20.33391998560055	0.0	0.0	0.0	
log-weber-nullind.mapjitter.klw	log	weber	nullind	independent	n1	delta_pct	21.832123612102944	0.0	0.0	0.0	
log-weber-nullind.mapjitter.klw	log	weber	nullind	independent	n1	delta_pct	23.440714911422706	0.0	0.0	0.0	
log-weber-nullind.mapjitter.klw	log	weber	nullind	independent	n1	delta_pct	25.16782724947517	0.0	0.0	0.0	
log-weber-nullind.mapjitter.klw	log	weber	nullind	independent	n1	delta_pct	27.0221932587371	0.0	0.0	0.0	
log-weber-nullind.mapjitter.klw	log	weber	nullind	independent	n1	delta_pct	29.01318899221878	0.0	0.0	0.0	
log-weber-nullind.mapjitter.klw	log	weber	nullind	independent	n1	delta_pct	31.150881330701633	0.0	0.0	0.0	
log-weber-nullind.mapjitter.klw	log	weber	nullind	independent	n1	delta_pct	33.44607888294205	0.0	0.0	0.0	
log-weber-nullind.mapjitter.klw	log	weber	nullind	independent	n1	delta_pct	35.910386636203285	0.0	0.0	0.0	
log-weber-nullind.mapjitter.klw	log	weber	nullind	independent	n1	delta_pct	38.55626463343953	0.0	0.0	0.0	
log-weber-nullind.mapjitter.klw	log	weber	nullind	independent	n1	delta_pct	41.397090973816184	0.0	0.0	0.0	
log-weber-nullind.mapjitter.klw	log	weber	nullind	independent	n1	delta_pct	44.44722945510957	0.0	0.0	0.0	
log-weber-nullind.mapjitter.klw	log	weber	nullind	independent	n1	delta_pct	47.722102200000165	0.0	0.0	0.0	
log-weber-nullind.mapjitter.klw	log	weber	nullind	independent	n1	delta_pct	51.23826763347237	0.0	0.0	0.0	
log-weber-nullind.mapjitter.klw	log	weber	nullind	independent	n1	delta_pct	55.01350420559078	0.0	0.0	0.0	
log-weber-nullind.mapjitter.klw	log	weber	nullind	independent	n1	delta_pct	59.0669002829722	0.0	0.0	0.0	
log-weber-nullind.mapjitter.klw	log	weber	nullind	independent	n1	delta_pct	63.4189506634631	0.0	0.0	0.0	
log-weber-nullind.mapjitter.klw	log	weber	nullind	independent	n1	delta_pct	68.0916602020204	0.0	0.0	0.0	
log-weber-nullind.mapjitter.klw	log	weber	nullind	independent	n1	delta_pct	73.10865507174931	0.0	0.0	0.0	
log-weber-nullind.mapjitter.klw	log	weber	nullind	independent	n1	delta_pct	78.49530222265639	0.0	0.0	0.0	
log-weber-nullind.mapjitter.klw	log	weber	nullind	independent	n1	delta_pct	84.27883764212618	0.0	0.0	0.0	
log-weber-nullind.mapjitter.klw	log	weber	nullind	independent	n1	delta_pct	90.48850406563211	0.0	0.0	0.0	
log-weber-nullind.mapjitter.klw	log	weber	nullind	independent	n1	delta_pct	97.15569883397539	0.0	0.0	0.0	
log-weber-nullind.mapjitter.klw	log	weber	nullind	independent	n1	delta_pct	104.31413264464811	0.0	0.0	0.0	
log-weber-nullind.mapjitter.klw	log	weber	nullind	independent	n1	delta_pct	111.99999999999996	0.0	0.0	0.0	
log-weber-nullind.mapjitter.klw	log	weber	nullind	independent	n1	delta	6.999999999999999	0.0	0.0	0.0	0.0
log-weber-nullind.mapjitter.klw	log	weber	nullind	independent	n1	delta	7.515760138376834	0.0	0.0	0.0	0.0
log-weber-nullind.mapjitter.klw	log	weber	nullind	independent	n1	delta	8.069521493944878	0.0	0.0	0.0	0.0
log-weber-nullind.mapjitter.klw	log	weber	nullind	independent	n1	delta	8.664083997137997	0.0	0.0	0.0	0.0
log-weber-nullind.mapjitter.klw	log	weber	nullind	independent	n1	delta	9.302453877319767	0.0	0.0	0.0	0.0
log-weber-nullind.mapjitter.klw	log	weber	nullind	independent	n1	delta	9.987858862892702	0.0	0.0	0.0	0.0
log-weber-nullind.mapjitter.klw	log	weber	nullind	independent	n1	delta	10.723764501351818	0.0	0.0	0.0	0.0
log-weber-nullind.mapjitter.klw	log	weber	nullind	independent	n1	delta	11.513891681800072	0.0	0.0	0.0	0.0
log-weber-nullind.mapjitter.klw	log	weber	nullind	independent	n1	delta	12.36223544852308	0.0	0.0	0.0	0.0
log-weber-nullind.mapjitter.klw	log	weber	nullind	independent	n1	delta	13.273085200748401	0.0	0.0	0.0	0.0
log-weber-nullind.mapjitter.klw	log	weber	nullind	independent	n1	delta	14.25104638072347	0.0	0.0	0.0	0.0
log-weber-nullind.mapjitter.klw	log	weber	nullind	independent	n1	delta	15.301063759771553	0.0	0.0	0.0	0.0
log-weber-nullind.mapjitter.klw	log	weber	nullind	independent	n1	delta	16.428446440064768	0.0	0.0	0.0	0.0
log-weber-nullind.mapjitter.klw	log	weber	nullind	independent	n1	delta	17.638894698528226	0.0	0.0	0.0	0.0
log-weber-nullind.mapjitter.klw	log	weber	nullind	independent	n1	delta	18.93852880860355	0.0	0.0	0.0	0.0
log-weber-nullind.mapjitter.klw	log	weber	nullind	independent	n1	delta	20.33391998560055	0.0	0.0	0.0	0.0
log-weber-nullind.mapjitter.klw	log	weber	nullind	independent	n1	delta	21.832123612102944	0.0	0.0	0.0	0.0
log-weber-nullind.mapjitter.klw	log	weber	nullind	independent	n1	delta	23.440714911422706	0.0	0.0	0.0	0.0
log-weber-nullind.mapjitter.klw	log	weber	nullind	independent	n1	delta	25.16782724947517	0.0	0.0	0.0	0.0
log-weber-nullind.mapjitter.klw	log	weber	nullind	independent	n1	delta	27.0221932587371	0.0	0.0	0.0	0.0
log-weber-nullind.mapjitter.klw	log	weber	nullind	independent	n1	delta	29.01318899221878	0.0	0.0	0.0	0.0
log-weber-nullind.mapjitter.klw	log	weber	nullind	independent	n1	delta	31.150881330701633	0.0	0.0	0.0	0.0
log-weber-nullind.mapjitter.klw	log	weber	nullind	independent	n1	delta	33.44607888294205	0.0	0.0	0.0	0.0
log-weber-nullind.mapjitter.klw	log	weber	nullind	independent	n1	delta	35.910386636203285	0.0	0.0	0.0	0.0
log-weber-nullind.mapjitter.klw	log	weber	nullind	independent	n1	delta	38.55626463343953	0.0	0.0	0.0	0.0
log-weber-nullind.mapjitter.klw	log	weber	nullind	independent	n1	delta	41.397090973816184	0.0	0.0	0.0	0.0
log-weber-nullind.mapjitter.klw	log	weber	nullind	independent	n1	delta	44.44722945510957	0.0	0.0	0.0	0.0
log-weber-nullind.mapjitter.klw	log	weber	nullind	independent	n1	delta	47.722102200000165	0.0	0.0	0.0	0.0
log-weber-nullind.mapjitter.klw	log	weber	nullind	independent	n1	delta	51.23826763347237	0.0	0.0	0.0	0.0
log-weber-nullind.mapjitter.klw	log	weber	nullind	independent	n1	delta	55.01350420559078	0.0	0.0	0.0	0.0
log-weber-nullind.mapjitter.klw	log	weber	nullind	independent	n1	delta	59.0669002829722	0.0	0.0	0.0	0.0
log-weber-nullind.mapjitter.klw	log	weber	nullind	independent	n1	delta	63.4189506634631	0.0	0.0	0.0	0.0
log-weber-nullind.mapjitter.klw	log	weber	nullind	independent	n1	delta	68.0916602020204	0.0	0.0	0.0	0.0
log-weber-nullind.mapjitter.klw	log	weber	nullind	independent	n1	delta	73.10865507174931	0.0	0.0	0.0	0.0
log-weber-nullind.mapjitter.klw	log	weber	nullind	independent	n1	delta	78.49530222265639	0.0	0.0	0.0	0.0
log-weber-nullind.mapjitter.klw	log	weber	nullind	independent	n1	delta	84.27883764212618	0.0	0.0	0.0	0.0
log-weber-nullind.mapjitter.klw	log	weber	nullind	independent	n1	delta	90.48850406563211	0.0	0.0	0.0	0.0
log-weber-nullind.mapjitter.klw	log	weber	nullind	independent	n1	delta	97.15569883397539	0.0	0.0	0.0	0.0
log-weber-nullind.mapjitter.klw	log	weber	nullind	independent	n1	delta	104.31413264464811	0.0	0.0	0.0	0.0
log-weber-nullind.mapjitter.klw	log	weber	nullind	independent	n1	delta	111.99999999999996	0.0	0.0	0.0	0.0
