order	n_safe	ratio	p_vertex	cause	leverage	effect	noise_vertex	noise_ips	ratio_vertex	ratio_ips	ev_risky_vertex	ev_risky_ips	ev_safe_vertex	ev_safe_ips
Risky first	7.0	1.0	0.045573513694746916	1.0590174481528611	0.10876281242796974	0.043185098361520104	0.7502263932589633	0.7671358636673654	0.7499681037237779	0.7942293074015956	4.437030902304464	4.592532746887994	5.952456306220633	5.8196041420994185
Risky first	8.4	1.0	0.05681750461761742	1.0451141991452664	0.12988198059134265	0.03655739406306896	0.7669240760459153	0.7698189063119925	0.7786762058627227	0.813805559283694	4.994235743158889	5.070003393414079	6.457593509416033	6.267577993001302
Risky first	9.8	1.0	0.06455625317732341	1.0345512558822685	0.14254492454883835	0.02776221871751637	0.7712651942409563	0.7645514582793594	0.7969013338289325	0.8244352757269771	5.438410231707881	5.446411041480847	6.873166035141589	6.643454608952619
Risky first	11.2	1.0	0.06657367556163335	1.0271973362537274	0.1462994399631989	0.01987716500522431	0.7673438405932128	0.7546115705338674	0.8074891026631336	0.8294506553094834	5.789549565701422	5.745115756861402	7.221951252839143	6.963488923483707
Risky first	12.6	1.0	0.06480942065837092	1.0222205615971685	0.14473803093238174	0.013730165181757306	0.7587861500481908	0.7423554387754379	0.8132959068740926	0.8313677986695134	6.071559503892502	5.987362075256667	7.521083274562155	7.239796786642785
Risky first	14.0	1.0	0.061625164278315624	1.0188409507788103	0.14081146867020564	0.009131442854610546	0.7480280171624728	0.7292183760529917	0.8164402480496333	0.8318227585769762	6.304753271108883	6.18952831134344	7.7822473494828746	7.480985374078622
Risky first	15.399999999999999	1.0	0.05838693605249428	1.0165146473480082	0.1363148836925611	0.005771662865609144	0.7364784293992562	0.71599048692658	0.8182749307986684	0.8317884527145243	6.504069297844215	6.363326615344334	8.013303857644122	7.693216593801234
Risky first	16.799999999999997	1.0	0.05557910331293629	1.0148947827822772	0.13215803820290734	0.0034244533857764464	0.7248776710745859	0.7030710225076053	0.8195947363720681	0.8318024219398279	6.679799752972026	6.516840057632785	8.219709871523499	7.881073398149392
Risky first	18.2	1.0	0.05324932441595598	1.0137619634456818	0.1287020950611962	0.00192068909199921	0.7135770164765854	0.6906374956384065	0.820834914257403	0.8321312143423527	6.838774566804515	6.6555139255901405	8.405442410079225	8.048125491795906
Risky first	19.6	1.0	0.05132751984983518	1.0129746020083454	0.12603971355036628	0.0011052541766943674	0.7027116501531564	0.6787451884239533	0.8222067019806419	0.832874506707435	6.985327206579669	6.782894276641387	8.57351681483083	8.19725430711597
Risky first	21.0	1.0	0.049765099512478435	1.0124403301515825	0.12416465984322834	0.0008192844769249405	0.6922981858052516	0.6673824189498518	0.8237794341233204	0.8340275222558984	7.1219557251692684	6.901133038352139	8.726241069129758	8.330820596185545
Risky first	22.4	1.0	0.048557550414391776	1.0121010367934413	0.12303158467688756	0.0009026066349888742	0.6822871966710166	0.6565002467105631	0.8255279239368485	0.8355176677184215	7.249749405275222	7.011325341013171	8.86532185294704	8.450744124833621
Risky first	23.799999999999997	1.0	0.047713250516284444	1.0119251849076738	0.12254021567362026	0.0012069130012432455	0.672590854032423	0.6460282428903505	0.8273597770110129	0.837226195337041	7.368668013226386	7.11373959192956	8.991906873117172	8.558545673055193
Risky first	25.2	1.0	0.04721304249941173	1.0119002033214841	0.12252706436131978	0.0016226409843062561	0.6631241947094036	0.6359006364664913	0.829157976706551	0.8390251252149894	7.478204600336573	7.2082970190092865	9.1068737242502	8.655501173944558
Risky first	26.599999999999998	1.0	0.04701394599669698	1.012014710271333	0.12290116095202898	0.0021118765366257286	0.6538934311079455	0.6261132947389164	0.8308825684971919	0.8408653818271866	7.57910550914245	7.2957423901625456	9.211696892251847	8.743055067710715
Risky first	28.0	1.0	0.0470760664613528	1.0122567260764352	0.12361177964658758	0.0026582372005661756	0.6449212961816065	0.616672982772132	0.8325211779444737	0.8427251619753703	7.672386152335193	7.376966865573399	9.307838939343167	8.822541747509593
Risky first	7.0	1.2	0.14245514315993493	1.0386415146916164	0.26045254018367364	0.062380608484716105	0.760271497603293	0.7704513357631976	0.844085529793804	0.876702273194312	4.994235743158889	5.070003393414079	5.952456306220633	5.8196041420994185
Risky first	8.4	1.2	0.157448316320991	1.0288830437817964	0.27046446305365796	0.04689789322423071	0.7714934766370135	0.7686666004774222	0.8596928876970752	0.8845234350113288	5.515303234887084	5.511627112063327	6.457593509416033	6.267577993001302
Risky first	9.8	1.2	0.15696850172574608	1.0224461829878289	0.26749072968900073	0.03408219862171469	0.7707240846734231	0.7599826671087647	0.865550681539928	0.8849789905230131	5.909392670476377	5.847757727978199	6.873166035141589	6.643454608952619
Risky first	11.2	1.2	0.1480700152119276	1.0181371702597515	0.2591998305083058	0.024340570771990533	0.7632424202268809	0.7478998670899838	0.8665599818991466	0.8822769278311385	6.216260817375666	6.112628628614645	7.221951252839143	6.963488923483707
Risky first	12.6	1.2	0.13722257173708374	1.0150663478540956	0.2492342593146778	0.01672574539932778	0.752615687590182	0.7344928221394006	0.8657062173739939	0.8787492483844038	6.466365237275263	6.330404835264713	7.521083274562155	7.239796786642785
Risky first	14.0	1.2	0.1277463257500393	1.0127385043667148	0.23959340329633086	0.010642122450468389	0.7408290716350784	0.720850672325378	0.8645301723736172	0.8755429937495552	6.679799752972026	6.516840057632785	7.7822473494828746	7.480985374078622
Risky first	15.399999999999999	1.2	0.12062645028346705	1.0109029608939144	0.2314143546178316	0.005832382471770314	0.7288717224391571	0.707490424914478	0.8637171462028518	0.8731342204713047	6.8689757734914325	6.681807082761201	8.013303857644122	7.693216593801234
Risky first	16.799999999999997	1.2	0.11564295555175233	1.0094432669274511	0.22513598247359332	0.002182376889272239	0.7171799416902127	0.6946185354871792	0.8634715673646794	0.8716255598595687	7.041080459548174	6.831204626789835	8.219709871523499	7.881073398149392
Risky first	18.2	1.2	0.11212470917219805	1.0083225653711982	0.22062619017548074	-0.0003852178484963914	0.7058951896372501	0.6822772984951292	0.8637166314522701	0.8709049695797226	7.199671966874009	6.968180460278544	8.405442410079225	8.048125491795906
Risky first	19.6	1.2	0.1093013573597516	1.0075601746257856	0.21732255647870322	-0.0019357015051717497	0.6950027799057842	0.6704230466808103	0.8641958043702592	0.8707292755621696	7.345628792044795	7.09388937845656	8.57351681483083	8.19725430711597
Risky first	21.0	1.2	0.10649277700290581	1.0072018954952537	0.21444639079530597	-0.0025338207281818265	0.6844201925064358	0.658979257368163	0.8645813998945512	0.8708080247837319	7.478204600336573	7.2082970190092865	8.726241069129758	8.330820596185545
Risky first	22.4	1.2	0.10367451369173453	1.0071966217957071	0.21183687883670504	-0.0023856424859392544	0.674123711548392	0.6479253226518988	0.8648335079428028	0.8710573876157218	7.5983410500201805	7.312458586397422	8.86532185294704	8.450744124833621
Risky first	23.799999999999997	1.2	0.10115320154515946	1.0074425070284418	0.20967232058745047	-0.0017641732726395437	0.6641067430733436	0.6372578399345276	0.8650611868510824	0.8714994108142539	7.707768210159809	7.40789197222401	8.991906873117172	8.558545673055193
Risky first	25.2	1.2	0.09919941935406719	1.007849148345705	0.20812229480175112	-0.0008968157482654032	0.6543565422169619	0.6269677375066667	0.8653618079216854	0.8721541611247702	7.807968623796632	7.4958833936773885	9.1068737242502	8.655501173944558
Risky first	26.599999999999998	1.2	0.09781950217013635	1.008386955098015	0.20719934764904746	0.0001311773868957894	0.6448902525278175	0.6170582727128622	0.86573707675686	0.8729979747463065	7.900210246166044	7.577522231997086	9.211696892251847	8.743055067710715
Risky first	28.0	1.2	0.09696188040980425	1.0090429837461212	0.20687804632765544	0.001278118598589048	0.6357259153640016	0.6075314969758551	0.8661674188081029	0.8740001566978043	7.985578024022861	7.653732238122424	9.307838939343167	8.822541747509593
Risky first	7.0	1.4	0.2860372384057895	1.0246337522936708	0.39183203414312673	0.05871261700488023	0.7646106094338259	0.7697806286113449	0.9190908344437081	0.9417314903947775	5.438410231707881	5.446411041480846	5.952456306220633	5.8196041420994185
Risky first	8.4	1.4	0.2823823878591728	1.0189377010531695	0.37542065194809626	0.044432984427903666	0.7706923109217749	0.7646062840281175	0.9209122968221463	0.9383522585955518	5.909392670476377	5.847757727978199	6.457593509416033	6.267577993001302
Risky first	9.8	1.4	0.26391607050623106	1.0153125000324073	0.36001759941291506	0.03359377126882107	0.7666869090961841	0.7540310898366949	0.9167858491262316	0.9308241324706876	6.261228278316384	6.151680022884065	6.873166035141589	6.643454608952619
Risky first	11.2	1.4	0.24252716830404078	1.0125640742441053	0.3463435006447982	0.024322510653612822	0.757611593224538	0.7411116928791774	0.9114706459674422	0.9229224308346998	6.540840889471838	6.395445323207591	7.221951252839143	6.963488923483707
Risky first	12.6	1.4	0.22407776829180912	1.010210700271708	0.33415203852054004	0.015989690517583366	0.7463746912557799	0.7274634832827406	0.9069308935708266	0.9161912930922307	6.776871054514643	6.601562455527952	7.521083274562155	7.239796786642785
Risky first	14.0	1.4	0.21029814942229286	1.0081161966423193	0.32365722316010925	0.008675800518206517	0.7344595136509378	0.7138583105074153	0.9037320398685169	0.9110669068160541	6.985327206579669	6.782894276641387	7.7822473494828746	7.480985374078622
Risky first	15.399999999999999	1.4	0.20067951477419088	1.0062995483270136	0.3150031712821588	0.002610763143188699	0.7225334316526948	0.7006083939056578	0.9017538412975895	0.9074344831999139	7.17411273336691	6.946143999889547	8.013303857644122	7.693216593801234
Risky first	16.799999999999997	1.4	0.19362478515233827	1.0048705690729705	0.3078809055755113	-0.001981928155567053	0.7108217603503362	0.687782062554179	0.9004980706307185	0.904884008683802	7.345628792044793	7.09388937845656	8.219709871523499	7.881073398149392
Risky first	18.2	1.4	0.18724971513348446	1.0039784646963295	0.30153023325695466	-0.004909298672136325	0.6993400077338714	0.6753404590828838	0.8993212524219093	0.9028991702753287	7.499041226332324	7.226324733216913	8.405442410079225	8.048125491795906
Risky first	19.6	1.4	0.18095967381109523	1.0036144657588126	0.2958662103010766	-0.006311809670632135	0.6881416919970788	0.6633029693679428	0.898052308665866	0.9012982879851614	7.635928685392696	7.345171565361903	8.57351681483083	8.19725430711597
Risky first	21.0	1.4	0.17486044969801565	1.0036898316440221	0.2910668201007375	-0.006497400078719601	0.6772760600448925	0.6516979388237243	0.8967541666271305	0.90006303852806	7.758937876651324	7.4527456215687655	8.726241069129758	8.330820596185545
Risky first	22.4	1.4	0.16920377456126567	1.0041074200090692	0.28721014208450363	-0.005787624721751955	0.6667537859881993	0.6405301897137191	0.8955126740491653	0.89919092072493	7.870276926742575	7.550955005020194	8.86532185294704	8.450744124833621
Risky first	23.799999999999997	1.4	0.16431911957118076	1.0047646974479303	0.2843349373772171	-0.00449540519305805	0.6565611277825221	0.6297894567991875	0.8944301198751649	0.8986918087846861	7.971786226246973	7.6413727276383465	8.991906873117172	8.558545673055193
Risky first	25.2	1.4	0.16048464494155276	1.0055709860595838	0.2824523379562978	-0.00287927788417211	0.6466784970508908	0.6194604138941306	0.8935941796089519	0.8985723803264786	8.065000990066693	7.725297615540967	9.1068737242502	8.655501173944558
Risky first	26.599999999999998	1.4	0.1576887130528667	1.0064963155269937	0.281445862918042	-0.001050199463782625	0.6371171457409158	0.6095409472779368	0.8929930553205326	0.8987942199713089	8.151203271936708	7.8038036256885315	9.211696892251847	8.743055067710715
Risky first	28.0	1.4	0.15585120691172039	1.007527476263004	0.28111830308216423	0.0009362191619626259	0.6278898921578904	0.6000284136355236	0.8925931189176411	0.8993120924328143	8.231464872423382	7.877779693530085	9.307838939343167	8.822541747509593
Risky first	7.0	1.6	0.4332926761878032	1.0153111807596102	0.45014030753753304	0.04210987640025615	0.7648134880653479	0.7668120731094337	0.9783691480899888	0.9933491349660205	5.789549565701423	5.745115756861402	5.952456306220633	5.8196041420994185
Risky first	8.4	1.6	0.4035750926734772	1.0126123523665875	0.4263152618006775	0.03601559023338696	0.7673533795940314	0.7595628370166999	0.9685576688552191	0.9807734594621816	6.216260817375666	6.112628628614646	6.457593509416033	6.267577993001302
Risky first	9.8	1.6	0.36923313700496146	1.010545939859166	0.41081575381452035	0.029190597298402288	0.7617793057056994	0.7481808500701683	0.9574954440608122	0.967593133429303	6.540840889471839	6.395445323207592	6.873166035141589	6.643454608952619
Risky first	11.2	1.6	0.3395211338888782	1.0084237631219635	0.3990212573473668	0.021008889205216985	0.7522207972231714	0.7351046202770427	0.9484597059516647	0.9564493058453286	6.808082247376292	6.628773418837707	7.221951252839143	6.963488923483707
Risky first	12.6	1.6	0.31705697106261316	1.0062154145164017	0.3890509520391894	0.01229928033307015	0.7409509573389335	0.721551472820934	0.9420359239776601	0.9478910677345228	7.041080459548174	6.831204626789836	7.521083274562155	7.239796786642785
Risky first	14.0	1.6	0.3008382244893853	1.0041195044402487	0.38025414082259906	0.004229507004659683	0.7290795274774895	0.7080550711147701	0.9376925256197994	0.9415553541426781	7.249749405275221	7.011325341013171	7.7822473494828746	7.480985374078622
Risky first	15.399999999999999	1.6	0.2879433590531685	1.0024441332543608	0.37205409296395275	-0.0021700439581008313	0.717042288923548	0.694775756583404	0.9343646785752384	0.9366483903578443	7.435487651398877	7.171381691190339	8.013303857644122	7.693216593801234
Risky first	16.799999999999997	1.6	0.276042105411517	1.0013968214907647	0.3642242517875195	-0.0064159610667999245	0.7050443512019308	0.6817833854458677	0.9312438041575408	0.9325445855163295	7.5983410500201805	7.312458586397422	8.219709871523499	7.881073398149392
Risky first	18.2	1.6	0.2648809204953404	1.0009407519628777	0.35733407634979686	-0.008729323461662275	0.6932894688656598	0.6691904247045232	0.9282486991428573	0.9291219509286147	7.742126834909508	7.437991807618273	8.405442410079225	8.048125491795906
Risky first	19.6	1.6	0.2545054965063136	1.000999105059544	0.351782350431694	-0.009453131794863345	0.681882785351739	0.6570545842891286	0.9253984354528078	0.9263230057117626	7.870276926742573	7.550955005020194	8.57351681483083	8.19725430711597
Risky first	21.0	1.6	0.24506651449002892	1.001482325861618	0.3476602458738415	-0.00893548538409672	0.6708644252740915	0.6453953425359373	0.9227414428698919	0.9241092463742445	7.985578024022861	7.653732238122424	8.726241069129758	8.330820596185545
Risky first	22.4	1.6	0.2367936782665374	1.0022931678924618	0.3448198933654403	-0.007503935707868253	0.660236352636902	0.6342095741639745	0.9203468492498317	0.9224573590944597	8.090295289610237	7.748238810885259	8.86532185294704	8.450744124833621
Risky first	23.799999999999997	1.6	0.22996175877386404	1.0033292393609743	0.3429773890520636	-0.0054563859847122365	0.6499768881421862	0.6234800792130228	0.9182998467548847	0.9213570867498778	8.186272580109843	7.836016235215221	8.991906873117172	8.558545673055193
Risky first	25.2	1.6	0.22477721236352255	1.0045000020421664	0.34177213531143036	-0.003023235509241995	0.6400594558770147	0.6131855825649946	0.9166708191783254	0.9207958397366223	8.275012844340132	7.918306656515444	9.1068737242502	8.655501173944558
Risky first	26.599999999999998	1.6	0.22113258011053585	1.0057754183233902	0.34071412083670516	-0.0002719923943571012	0.6304895558170566	0.6033190361607007	0.9154290533711195	0.9207160390997229	8.35774227213397	7.996111148846445	9.211696892251847	8.743055067710715
Risky first	28.0	1.6	0.21882772307202072	1.0071421811656627	0.3392941595152852	0.002807938749446126	0.6212751101311962	0.5938736098769991	0.9145226778949336	0.9210543645405662	8.43546137264391	8.070235417318434	9.307838939343167	8.822541747509593
Risky first	7.0	1.8	0.5593830383476158	1.0090181527782673	0.4475524116880177	0.024209163047003157	0.7626676137080581	0.7628169646817885	1.0259673071592685	1.0352196370807383	6.071559503892502	5.987362075256667	5.952456306220633	5.8196041420994185
Risky first	8.4	1.8	0.5100235551391646	1.0082088376349638	0.4348836948092282	0.02615567579729583	0.7632060018140647	0.7545100219978348	1.007384448531594	1.0156539039055774	6.466365237275263	6.330404835264714	6.457593509416033	6.267577993001302
Risky first	9.8	1.8	0.466289734015964	1.0068661760037472	0.427031474859684	0.022922499457976475	0.7570673997620024	0.7429320450230575	0.9918698765889948	0.9986802297344698	6.776871054514643	6.601562455527952	6.873166035141589	6.643454608952619
Risky first	11.2	1.8	0.4329080596359165	1.0048926511544574	0.420585289075925	0.01582890368566836	0.7474927602844443	0.7299662757925526	0.9807315707536333	0.9855299482054938	7.041080459548174	6.831204626789836	7.221951252839143	6.963488923483707
Risky first	12.6	1.8	0.40852535713486254	1.0026878489390194	0.41442946456492485	0.007243777089423142	0.7362704709636702	0.7165231557780612	0.9730446169446101	0.9756600138858833	7.27426186948607	7.032434361696949	7.521083274562155	7.239796786642785
Risky first	14.0	1.8	0.38863194138313184	1.0008072244948245	0.40824988287031494	-0.0004213019649089711	0.7242409236795375	0.7029615248491892	0.9670549586493209	0.9678355890997842	7.478204600336573	7.2082970190092865	7.7822473494828746	7.480985374078622
Risky first	15.399999999999999	1.8	0.3703286216542041	0.9995605840380042	0.4021498699172947	-0.005934301152484667	0.7119158335329202	0.6895188593940277	0.961679740184476	0.9612571627563109	7.654295200506985	7.361180895677304	8.013303857644122	7.693216593801234
Risky first	16.799999999999997	1.8	0.3534772037551532	0.998943465358168	0.3967494211250061	-0.009296388478973294	0.6996923867876287	0.6764155963511894	0.956761098192423	0.9557502469482255	7.807968623796634	7.4958833936773885	8.219709871523499	7.881073398149392
Risky first	18.2	1.8	0.3381879775342462	0.9989006586404382	0.39254168835008724	-0.01080941800604579	0.6877775182711926	0.6637639710505981	0.9522474777663882	0.9512006327295411	7.943691935650591	7.616253829944077	8.405442410079225	8.048125491795906
Risky first	19.6	1.8	0.3245818390448366	0.9993549774496074	0.3896321353705708	-0.010820637199253746	0.6762653180029116	0.6516112965135421	0.9481318640511028	0.9475202976180441	8.065000990066693	7.725297615540967	8.57351681483083	8.19725430711597
Risky first	21.0	1.8	0.3127669680325209	1.0002170315584036	0.38770796136483954	-0.009633408426208023	0.6651858973436879	0.6399681321948206	0.9444363257002183	0.944641298187798	8.174699121443735	7.825367073143676	8.726241069129758	8.330820596185545
Risky first	22.4	1.8	0.3028511444345915	1.001389915652283	0.3861663369242419	-0.0074905615910306755	0.6545324116356054	0.6288238085600232	0.9412047058454162	0.942512900998073	8.275012844340132	7.918306656515444	8.86532185294704	8.450744124833621
Risky first	23.799999999999997	1.8	0.2949426300936391	1.0027715491862605	0.38432208480480146	-0.004579272679651802	0.6442755635572526	0.6181547867454771	0.9384986543647789	0.9410997495465903	8.367712806269754	8.005563287559935	8.991906873117172	8.558545673055193
Risky first	25.2	1.8	0.2890602891787512	1.0042715230715025	0.3815956385224393	-0.0010080477315403402	0.6343823332130645	0.6079345096814052	0.9363664343630062	0.9403661451907682	8.454207423450427	8.088270253331897	9.1068737242502	8.655501173944558
Risky first	26.599999999999998	1.8	0.28489991222526917	1.0058596484025464	0.37759514217510526	0.0032711284876399405	0.6248530656676717	0.5981516346655685	0.934754953150336	0.9402322885183356	8.535615371390106	8.167311151851273	9.211696892251847	8.743055067710715
Risky first	28.0	1.8	0.28209203912069963	1.0075223126582518	0.37230123194548376	0.008340050747030592	0.6156913961178752	0.5887957350200415	0.9335912896938039	0.9406140552699013	8.612821848442188	8.243368809534473	9.307838939343167	8.822541747509593
Risky first	7.0	2.0	0.6591096904717011	1.0045483884389088	0.4109349453464907	0.009827381973045779	0.7594626282522596	0.75855522504952	1.065322612329976	1.0701681133836058	6.304753271108883	6.18952831134344	5.952456306220633	5.8196041420994185
Risky first	8.4	2.0	0.5998115762462988	1.004796189237826	0.4165509129708903	0.01689124593619107	0.7590659391894167	0.7498436665478518	1.0405236999866312	1.04551424855821	6.679799752972026	6.516840057632785	6.457593509416033	6.267577993001302
Risky first	9.8	2.0	0.5526994412533931	1.0036978381549948	0.4187990927426309	0.01611884132817909	0.7528526441418861	0.7383524963650877	1.0222448923118288	1.026024988478368	6.985327206579669	6.782894276641387	6.873166035141589	6.643454608952619
Risky first	11.2	2.0	0.5183464203587693	1.00172801887531	0.4186911499078881	0.010123902439141519	0.7433482771947023	0.7255194267343388	1.0096544195716353	1.011399121466195	7.249749405275222	7.011325341013171	7.221951252839143	6.963488923483707
Risky first	12.6	2.0	0.49107171956064166	0.999739822444389	0.4174690324750913	0.0026409819544601643	0.7319807326918657	0.7120224882576682	1.0001815990067267	0.99992137420313	7.478204600336573	7.2082970190092865	7.521083274562155	7.239796786642785
Risky first	14.0	2.0	0.4663198813300298	0.9982954545713825	0.4159799138377814	-0.003699117946634689	0.719678710945741	0.6983114760924707	0.992024326119279	0.990333375589115	7.672386152335193	7.376966865573399	7.7822473494828746	7.480985374078622
Risky first	15.399999999999999	2.0	0.4436496751337001	0.9974759311129009	0.41470266670213213	-0.00814916902359114	0.7071553117059942	0.6847807697873082	0.9848163994160292	0.9823306549827582	7.839543076620113	7.523753427628139	8.013303857644122	7.693216593801234
Risky first	16.799999999999997	2.0	0.4232148514078988	0.9972664361320008	0.4139166105677347	-0.010678881874121249	0.6948011195130821	0.6716425158377772	0.9783909933812627	0.9757164991129799	7.985578024022861	7.653732238122424	8.219709871523499	7.881073398149392
Risky first	18.2	2.0	0.4052059215992418	0.9976115106759755	0.41350601323686903	-0.011516864202463617	0.6828100936653847	0.6589968877279037	0.9726580631162881	0.9703348797166086	8.115044994931031	7.770760885955547	8.405442410079225	8.048125491795906
Risky first	19.6	2.0	0.38968399034037254	0.9984342830893755	0.4129608195197383	-0.01088962306445257	0.6712649178050362	0.646881143283752	0.9675736806207199	0.9660587341466969	8.231464872423382	7.877779693530087	8.57351681483083	8.19725430711597
Risky first	21.0	2.0	0.3765826755847797	0.999645817518894	0.41154229799523984	-0.008935219517019866	0.6601859453097527	0.6352975634955562	0.9631257778020155	0.9627846555244164	8.337565273460115	7.9770335482454175	8.726241069129758	8.330820596185545
Risky first	22.4	2.0	0.365772409379945	1.0011495695646528	0.40858400180811777	-0.00571790802007055	0.6495581096014794	0.6242286943121071	0.9593272299290626	0.9604300433151317	8.435461372643909	8.070235417318433	8.86532185294704	8.450744124833621
Risky first	23.799999999999997	2.0	0.3571251919718014	1.0028435851293314	0.403810526535514	-0.0012819883931229348	0.639345233575677	0.6136454263838456	0.9562118552079582	0.9589309250199178	8.526791935059464	8.158687109594911	8.991906873117172	8.558545673055193
Risky first	25.2	2.0	0.3504878196379385	1.0046372406918398	0.3974992336645681	0.004315659396072424	0.6295086199531205	0.6035166279054257	0.9538024624989512	0.9582254740900282	8.612821848442188	8.243368809534473	9.1068737242502	8.655501173944558
Risky first	26.599999999999998	2.0	0.34548698185037086	1.0064997502357258	0.3903146464342329	0.011042609977359785	0.6200441496184508	0.5938272558621475	0.9520209789382978	0.958208877520568	8.694519786239871	8.325005825985285	9.211696892251847	8.743055067710715
Risky first	28.0	2.0	0.34179184864722484	1.0084165878906788	0.3830512164522176	0.0187713961077155	0.6109517882791123	0.5845637764559413	0.9507711028152359	0.9587733513659978	8.772617484300627	8.404118720760424	9.307838939343167	8.822541747509593
Risky first	7.0	2.2	0.7354956664406533	1.001141057124763	0.36037953512310134	-0.00026559406816484277	0.7559453400857032	0.7544169489914611	1.0989613424204447	1.1002153200900526	6.504069297844215	6.363326615344335	5.952456306220633	5.8196041420994185
Risky first	8.4	2.2	0.6742249871964536	1.0018957319922	0.3834016181016818	0.008970199328805606	0.7552410653498867	0.7456700269502702	1.0699060724254503	1.0719343275955961	6.8689757734914325	6.6818070827612015	6.457593509416033	6.267577993001302
Risky first	9.8	2.2	0.6275992015109602	1.0008278896716631	0.39540020907010476	0.009650434248324236	0.7491158436745298	0.734340467907928	1.0497693963676547	1.0506384896085355	7.174112733366911	6.946143999889547	6.873166035141589	6.643454608952619
Risky first	11.2	2.2	0.5922833106921362	0.9990038382486583	0.4024330024367122	0.005102168533349327	0.7395382369811845	0.7215117424806109	1.0354126410117441	1.0343812025419126	7.435487651398877	7.171381691190339	7.221951252839143	6.963488923483707
Risky first	12.6	2.2	0.5613154603239286	0.9974457214145573	0.40794545285672223	-0.0006522631889749331	0.7279085035131384	0.7078736723983319	1.0236223031504925	1.0210076866219737	7.654295200506986	7.361180895677304	7.521083274562155	7.239796786642785
Risky first	14.0	2.2	0.5331691895697359	0.9964288171451532	0.41280532963914246	-0.00571646099589318	0.7154185966323636	0.6940834367920653	1.0135278042558675	1.0099083111383984	7.839543076620115	7.523753427628141	7.7822473494828746	7.480985374078622
Risky first	15.399999999999999	2.2	0.5077742415171285	0.9960150903920496	0.4171754460828145	-0.009282241629466947	0.7027790598151593	0.6805296302534267	1.004765770544124	1.000761869771343	7.9992049860605645	7.665962995172182	8.013303857644122	7.693216593801234
Risky first	16.799999999999997	2.2	0.48533153536423956	0.9961893890434512	0.42054004701648545	-0.011142125306978723	0.6903652036596855	0.6674101974589787	0.997116054943204	0.9933164335792867	8.139275330219897	7.792884768515361	8.219709871523499	7.881073398149392
Risky first	18.2	2.2	0.46592915513514505	0.996896622089951	0.4220364386634856	-0.011299836174557598	0.6783579000674358	0.6548137830311782	0.9904392773863381	0.9873655700116524	8.264271819713864	7.9082841644674495	8.405442410079225	8.048125491795906
Risky first	19.6	2.2	0.44941729205943226	0.9980604293940977	0.42094733925195726	-0.009741517011434275	0.6668289054281691	0.6427683908123843	0.9846471249986207	0.9827373323777872	8.377607023450109	8.0149595092729	8.57351681483083	8.19725430711597
Risky first	21.0	2.2	0.4354858230509537	0.9995922413732232	0.4170872100985159	-0.006412231020297088	0.6557895733727664	0.6312688928675971	0.979688081967684	0.9792886057007113	8.481860541420343	8.11498711231528	8.726241069129758	8.330820596185545
Risky first	22.4	2.2	0.42382207320524484	1.0013955634209792	0.4109612745473263	-0.0013097847904953164	0.6452174647833071	0.6202918756814992	0.9755400737833276	0.976901501825999	8.578978093769935	8.209897048774478	8.86532185294704	8.450744124833621
Risky first	23.799999999999997	2.2	0.4142454586923348	1.0033680520213213	0.40360444879597485	0.005409972696305609	0.6350703584543536	0.609803383432611	0.9722058859999549	0.9754803259994376	8.670417665454599	8.30079991768142	8.991906873117172	8.558545673055193
Risky first	25.2	2.2	0.4066797693113425	1.0054181557534008	0.3961633781773776	0.013423300738140242	0.6253046394856575	0.5997683059067778	0.9696801457072111	0.9749340237676332	8.757257578403744	8.388478943917702	9.1068737242502	8.655501173944558
Risky first	26.599999999999998	2.2	0.40087998846426853	1.0075136019555615	0.38946695776822976	0.02237344351540488	0.6159123568474821	0.590168353503069	0.9678574237630139	0.9751295191949044	8.840277300281327	8.47345759886224	9.211696892251847	8.743055067710715
Risky first	28.0	2.2	0.39661267362122304	1.009637820310213	0.3839052103957979	0.03186214436728968	0.6068903444465514	0.5809872263721648	0.9666157824611901	0.975931851681567	8.920018809215053	8.556049976877157	9.307838939343167	8.822541747509593
Risky first	7.0	2.4000000000000004	0.7934330270664647	0.9983461210100161	0.3075387012171435	-0.006753383782936995	0.752490476171166	0.7505718133452762	1.128622886334959	1.1267562806556346	6.679799752972026	6.516840057632786	5.952456306220633	5.8196041420994185
Risky first	8.4	2.4000000000000004	0.7352811604548002	0.9992804412867999	0.343803169538345	0.0025602420037452722	0.7517931483923856	0.7419626905203778	1.0966473475023104	1.0958582453481074	7.041080459548174	6.831204626789836	6.457593509416033	6.267577993001302
Risky first	9.8	2.4000000000000004	0.690614428255685	0.9982530142942698	0.3647120354184841	0.004134170437195772	0.7457107540224671	0.7307346609622858	1.07478782027635	1.0729101813176343	7.345628792044795	7.093889378456562	6.873166035141589	6.643454608952619
Risky first	11.2	2.4000000000000004	0.6535548574146455	0.9968136117119839	0.38005555054256374	0.0013485382679179203	0.7358991469025837	0.7177854458433965	1.0580052092182624	1.0546339938109492	7.5983410500201805	7.312458586397422	7.221951252839143	6.963488923483707
Risky first	12.6	2.4000000000000004	0.6203637596562903	0.9956867196337637	0.39294518857144123	-0.002907237662702511	0.724076600022055	0.7040641851757143	1.0440864580698617	1.0395830204496157	7.807968623796634	7.49588339367739	7.521083274562155	7.239796786642785
Risky first	14.0	2.4000000000000004	0.5904586361570499	0.9950776630881321	0.40394859493724933	-0.006956962472891681	0.7114728003783678	0.690252955349443	1.0323209817254202	1.0272395500521774	7.985578024022861	7.653732238122424	7.7822473494828746	7.480985374078622
Risky first	15.399999999999999	2.4000000000000004	0.5638365801198417	0.9950476738462982	0.4124425026845128	-0.009795762547760045	0.698780012934798	0.6767232096576934	1.0222732150684397	1.0172105846892274	8.139275330219899	7.792884768515361	8.013303857644122	7.693216593801234
Risky first	16.799999999999997	2.4000000000000004	0.5405508963155906	0.9955819112514024	0.41717545851436133	-0.010891379877470242	0.6863582622683004	0.6636593375503494	1.0136581060087277	1.0091796745356458	8.275012844340132	7.918306656515444	8.219709871523499	7.881073398149392
Risky first	18.2	2.4000000000000004	0.5204432641993156	0.9966258126525906	0.41740050837027226	-0.009932965324350507	0.674375953521569	0.6511393780156052	1.0062793186581427	1.0028839437131667	8.397173223898337	8.033589547733586	8.405442410079225	8.048125491795906
Risky first	19.6	2.4000000000000004	0.5031595457173446	0.9981033701645167	0.41358980332911416	-0.006739531802103016	0.662894797300911	0.6391830425433245	0.999998914310529	0.9981022865341967	8.508985655276632	8.141325699552304	8.57351681483083	8.19725430711597
Risky first	21.0	2.4000000000000004	0.48833200888046113	0.9999259675573632	0.40723756770031244	-0.0013259461555240604	0.6519180812002183	0.6277786706211663	0.994722042309578	0.9946484006070411	8.612821848442188	8.243368809534473	8.726241069129758	8.330820596185545
Risky first	22.4	2.4000000000000004	0.4757479998538291	1.0019965044513774	0.40007915885015044	0.006021550428627398	0.6414168738407825	0.6168976265672175	0.9903885141944931	0.9923658292716756	8.710407546782061	8.341016818498511	8.86532185294704	8.450744124833621
Risky first	23.799999999999997	2.4000000000000004	0.4653936425853927	1.00421133208339	0.39340463522233127	0.01477304405383173	0.6313436931977567	0.6065016936677585	0.9869672857350367	0.991123732730709	8.802975131456524	8.435141274326506	8.991906873117172	8.558545673055193
Risky first	25.2	2.4000000000000004	0.45731697623253686	1.0064767747769343	0.3878652880707848	0.024297700827797475	0.6216506770838413	0.5965522239852411	0.9844222341322302	0.9907981152281112	8.891375354441449	8.526280146019511	9.1068737242502	8.655501173944558
Risky first	26.599999999999998	2.4000000000000004	0.45130102452029663	1.0087575951090484	0.3835547868803638	0.03408348236704545	0.612326587661708	0.5870279906393593	0.9826182694294786	0.9912236423798959	8.976160871703861	8.61470576685023	9.211696892251847	8.743055067710715
Risky first	28.0	2.4000000000000004	0.4470486746487657	1.01103335199439	0.3802210624292893	0.04373793196820053	0.6033656007118389	0.5779101526151723	0.9814057903068168	0.9922339858406044	9.057650506472738	8.700476066221102	9.307838939343167	8.822541747509593
Risky first	7.0	2.6	0.8374197566421437	0.995906723061667	0.25830367493643386	-0.010615174069711797	0.7492568815139744	0.7470694636118617	1.1554606541307213	1.150731033682017	6.838774566804515	6.6555139255901405	5.952456306220633	5.8196041420994185
Risky first	8.4	2.6	0.7848873117153902	0.996871620543556	0.30341412847396304	-0.002390410637227447	0.7486709269361371	0.7386384404448688	1.1212978998039742	1.1177900544896737	7.199671966874009	6.968180460278545	6.457593509416033	6.267577993001302
Risky first	9.8	2.6	0.7418842675517853	0.9960791139939387	0.3329801363031055	-5.388483584167769e-05	0.7424679426592269	0.7273773064951327	1.0971724463075352	1.0928705582165719	7.4990412263323245	7.226324733216914	6.873166035141589	6.643454608952619
Risky first	11.2	2.6	0.7040512360074972	0.9950774547961109	0.35642194655246606	-0.0013882743595713398	0.7324423822816125	0.7143271677201202	1.0779587049696315	1.0726524045164927	7.742126834909508	7.437991807618273	7.221951252839143	6.963488923483707
Risky first	12.6	2.6	0.6701389469210811	0.9943642104726218	0.3757469740333915	-0.004500362448400352	0.7204961325715896	0.7005773733219384	1.0621660083848077	1.0561798643184155	7.943691935650591	7.616253829944077	7.521083274562155	7.239796786642785
Risky first	14.0	2.6	0.6398025875765518	0.9941428261333198	0.39085938284417654	-0.007714286360521294	0.7078365031057823	0.6867887127855421	1.0489870420685599	1.0428429425792698	8.115044994931031	7.770760885955547	7.7822473494828746	7.480985374078622
Risky first	15.399999999999999	2.6	0.6129215673305884	0.9944746054523219	0.4004249875070041	-0.009702559302816827	0.6951374179403623	0.6733161795716788	1.0379007541970569	1.0321659430287855	8.264271819713864	7.9082841644674495	8.013303857644122	7.693216593801234
Risky first	16.799999999999997	2.6	0.5892794368258749	0.995345209336096	0.4035743912701113	-0.009555979060148712	0.6827443144096448	0.6603316314921256	1.02854890254025	1.023761222711337	8.397173223898335	8.033589547733586	8.219709871523499	7.881073398149392
Risky first	18.2	2.6	0.568549171669474	0.9967004146747193	0.4012579518027066	-0.00681210148455591	0.6708141129053254	0.6479035588004535	1.0206727476271666	1.017304950807182	8.517915734626584	8.150025575892547	8.405442410079225	8.048125491795906
Risky first	19.6	2.6	0.5504463487034983	0.9984640827063158	0.3958634078555684	-0.001485560520597673	0.6593994927566269	0.6360443215016789	1.014080778264107	1.0125232340595784	8.629481490830912	8.259920452727563	8.57351681483083	8.19725430711597
Risky first	21.0	2.6	0.5348362828021596	1.0005467817432365	0.3897542525353053	0.005985797393937675	0.6484966063665093	0.624736494056455	1.0086315919483904	1.0091830932885193	8.733980861429332	8.364852144948363	8.726241069129758	8.330820596185545
Risky first	22.4	2.6	0.5217170160620173	1.0028497237328473	0.3843207262294359	0.01491100996762662	0.6380708376233682	0.6139468067230669	1.0042240062588303	1.007085767242561	8.832872171761528	8.465834265189367	8.86532185294704	8.450744124833621
Risky first	23.799999999999997	2.6	0.5111506505959418	1.0052665165106736	0.38000367620171055	0.02453950767450863	0.6280701305724703	0.6036332120841109	1.0007904720457872	1.006061151590541	8.927118944701691	8.563446178318985	8.991906873117172	8.558545673055193
Risky first	25.2	2.6	0.5031352839360707	1.007699527848782	0.37669869231641095	0.034222629697743034	0.6184429605643731	0.593753830004083	0.9982617202018947	1.0059478641169621	9.01730541211976	8.65792642978107	9.1068737242502	8.655501173944558
Risky first	26.599999999999998	2.6	0.49732558355870193	1.0101083168169487	0.3740781368166641	0.04357888239435492	0.6091753037789931	0.5842847143698678	0.9964711336858181	1.0065437796040584	9.103724518855696	8.749242480220484	9.211696892251847	8.743055067710715
Risky first	28.0	2.6	0.4932621127645766	1.0124658679046417	0.3717971256604078	0.052411321206320916	0.6002591643860955	0.5752046758064425	0.995240397639007	1.0076469329693378	9.186448204697294	8.837145676455297	9.307838939343167	8.822541747509593
Risky first	7.0	2.8	0.8710072697608658	0.9936842936409004	0.21526619518543363	-0.01271167780901128	0.7462867492132761	0.7438974863298067	1.1802057446453222	1.1727519117188199	6.985327206579669	6.782894276641387	5.952456306220633	5.8196041420994185
Risky first	8.4	2.8	0.8246704179561061	0.9946888482037833	0.26601685343686327	-0.00600716176547933	0.7457726473560333	0.7355922795941289	1.1439909618692998	1.137915052217312	7.345628792044795	7.09388937845656	6.457593509416033	6.267577993001302
Risky first	9.8	2.8	0.7832488710057247	0.9942976260833851	0.30349963176382655	-0.003094250011956401	0.7393530719229133	0.7242251065989541	1.1171506516754304	1.1107802409383871	7.635928685392696	7.345171565361903	6.873166035141589	6.643454608952619
Risky first	11.2	2.8	0.7459280417853876	0.9937187461529964	0.33345224599757967	-0.0034172805019807573	0.7291801185399671	0.7111274293502892	1.0957471641593841	1.0888644980691646	7.870276926742575	7.550955005020194	7.221951252839143	6.963488923483707
Risky first	12.6	2.8	0.7124261605806695	0.9934009725765759	0.3569414690617721	-0.005622558771041342	0.7171659869831335	0.6973914103833987	1.0783296860712979	1.071213758901421	8.065000990066693	7.725297615540967	7.521083274562155	7.239796786642785
Risky first	14.0	2.8	0.682460228947622	0.9935471819353098	0.3731498347176048	-0.007921888008996847	0.7044951578951035	0.6836570555907188	1.063977093695003	1.0571114430843913	8.231464872423382	7.877779693530085	7.7822473494828746	7.480985374078622
Risky first	15.399999999999999	2.8	0.6556704489983805	0.9942190644803907	0.38112310047487014	-0.008625353856534068	0.6918239168833237	0.6702639975186739	1.052073158985234	1.0459911918912286	8.377607023450109	8.0149595092729	8.013303857644122	7.693216593801234
Risky first	16.799999999999997	2.8	0.6316830163643449	0.9954026181301848	0.38198520450045215	-0.006656286793835564	0.6794841838942685	0.6573727282199487	1.042180462032092	1.03738916047087	8.508985655276632	8.1413256995523	8.219709871523499	7.881073398149392
Risky first	18.2	2.8	0.6103217501649325	0.9970434478150771	0.3787809269862027	-0.001814476052006464	0.667622499935132	0.6450432201612158	1.0339737116663066	1.0309167144299267	8.62948149083091	8.259920452727563	8.405442410079225	8.048125491795906
Risky first	19.6	2.8	0.5916330412963574	0.9990644412088182	0.3744445701457264	0.005377622195504639	0.6562835112909978	0.6332813062589538	1.0272044956256405	1.0262434854294165	8.741772013043835	8.37275045216382	8.57351681483083	8.19725430711597
Risky first	21.0	2.8	0.5757222537806592	1.0013741422508813	0.37054328310576673	0.014078776207658739	0.6454570844840031	0.6220644104819215	1.0216818703674646	1.023085806592496	8.847655464977374	8.481061327331645	8.726241069129758	8.330820596185545
Risky first	22.4	2.8	0.56262778496252	1.003870445177895	0.36746247463561543	0.02346411767882084	0.6351036297831842	0.611355065260672	1.0172608890510357	1.0211981415537246	8.948276781710236	8.585524523084223	8.86532185294704	8.450744124833621
Risky first	23.799999999999997	2.8	0.5523072007593512	1.0064421041256437	0.3650222534118597	0.032873574999861765	0.6251671279422713	0.6011076996019159	1.0138350795732098	1.0203663107220506	9.044290054672228	8.68636843663977	8.991906873117172	8.558545673055193
Risky first	25.2	2.8	0.5445923146045338	1.0089848955964895	0.3629233273808993	0.0418603053833736	0.6155929477484838	0.5912774352782618	1.0113003002755117	1.0203867278901857	9.135980563200677	8.783474852846513	9.1068737242502	8.655501173944558
Risky first	26.599999999999998	2.8	0.5389650989552717	1.0114500079734043	0.3609530976558	0.05025491437980478	0.6063648236466088	0.5818378268960462	1.0094579002982225	1.0210162013054531	9.223361768026075	8.876454739032178	9.211696892251847	8.743055067710715
Risky first	28.0	2.8	0.534810291781548	1.0138001165599695	0.35900430222172575	0.05801832712115851	0.5974732032172593	0.5727656193406675	1.0081021410107989	1.0220140680611027	9.306257481676631	8.964712802331837	9.307838939343167	8.822541747509593
Risky first	7.0	3.0	0.8968430557760065	0.9916160196552872	0.17927342063778803	-0.013688481476319625	0.7435612576247476	0.7410127894318168	1.2032789061240987	1.1931906394259468	7.1219557251692684	6.901133038352139	5.952456306220633	5.8196041420994185
Risky first	8.4	3.0	0.8561106083371564	0.9928054577559844	0.2337660847200432	-0.00846734024892215	0.742989267179486	0.7327242766389939	1.1646072421796365	1.1562284261780886	7.478204600336573	7.2082970190092865	6.457593509416033	6.267577993001302
Risky first	9.8	3.0	0.8169079396280657	0.9928482329165087	0.2771712838156538	-0.005316590752394101	0.7363800094467671	0.7212747150958819	1.1351071368067713	1.1269891149495206	7.758937876651324	7.4527456215687655	6.873166035141589	6.643454608952619
Risky first	11.2	3.0	0.7809921769082717	0.992676180216082	0.3112153278930963	-0.004914062431077393	0.7261152764870834	0.7081724566197856	1.111755635952991	1.103613338031516	7.985578024022861	7.653732238122424	7.221951252839143	6.963488923483707
Risky first	12.6	3.0	0.7485538254850895	0.9927357118934265	0.33597104904347336	-0.006221014271933556	0.7140775734462415	0.6944822945175738	1.092949293926202	1.085009795369246	8.174699121443734	7.825367073143674	7.521083274562155	7.239796786642785
Risky first	14.0	3.0	0.719226808836041	0.9932297374217037	0.3507580786442408	-0.00727212654033782	0.7014291229177543	0.6808245636380172	1.077640801774484	1.070344890581385	8.337565273460115	7.9770335482454175	7.7822473494828746	7.480985374078622
Risky first	15.399999999999999	3.0	0.692496219730407	0.9942202702640722	0.35656270688995706	-0.006204758358453466	0.6888097094947926	0.667524823192768	1.0651117024656034	1.0589556446867783	8.48186054142034	8.114987112315278	8.013303857644122	7.693216593801234
Risky first	16.799999999999997	3.0	0.668159439390319	0.9956931590967647	0.35683426446010785	-0.002204556916674205	0.6765389496407227	0.6547333549991574	1.0548408607882318	1.050297829022585	8.612821848442188	8.243368809534473	8.219709871523499	7.881073398149392
Risky first	18.2	3.0	0.6464389185507233	0.997592971664514	0.35509889485016183	0.0043724012874354345	0.664754096213854	0.6425025305521452	1.0464329408454032	1.0439141471056024	8.733980861429334	8.364852144948363	8.405442410079225	8.048125491795906
Risky first	19.6	3.0	0.6276568369502675	0.9998403403564328	0.353191705990825	0.012596650121853181	0.6534926766168111	0.6308323262819799	1.0395795160768437	1.0394135371818471	8.847655464977374	8.481061327331645	8.57351681483083	8.19725430711597
Risky first	21.0	3.0	0.6119481370955101	1.002340019825821	0.35155503512459724	0.0215526850074359	0.6427390243951999	0.6196954800592293	1.034037215212592	1.0364568827968264	8.955282457578496	8.59284730521018	8.726241069129758	8.330820596185545
Risky first	22.4	3.0	0.5992257820318716	1.0049842664562973	0.3500665861612332	0.03057246235114408	0.6324492174743163	0.6090506472888483	1.0296148643387857	1.0347467391700147	9.057650506472738	8.7004760662211	8.86532185294704	8.450744124833621
Risky first	23.799999999999997	3.0	0.5892684693603849	1.0076540421814597	0.34853908263587	0.03922793572411987	0.6225638687818181	0.5988489842543562	1.0261654834898064	1.0340197973855954	9.1550715152783	8.803764056943127	8.991906873117172	8.558545673055193
Risky first	25.2	3.0	0.5817310613801449	1.010234941346743	0.34689882209555145	0.04727452303422652	0.6130258586890761	0.5890428730452739	1.0235500075258948	1.0340259818183808	9.247515165944103	8.902183347353967	9.1068737242502	8.655501173944558
Risky first	26.599999999999998	3.0	0.5759459292970193	1.0126655548562853	0.34522187229302376	0.054671098353781256	0.6038173843371685	0.5796037137682233	1.0215400671557315	1.034478438914186	9.334722557646327	8.994951209328066	9.211696892251847	8.743055067710715
Risky first	28.0	3.0	0.5711727738110657	1.014893390623602	0.3436429416179714	0.06143355851667209	0.594928217099254	0.570506704594924	1.0199080072112685	1.0350978955628054	9.416308748141107	9.081113232700252	9.307838939343167	8.822541747509593
Risky first	7.0	3.2	0.916866864697335	0.9896917023751481	0.15023228007038683	-0.013995640042840485	0.7410302320976692	0.7383580812554513	1.224862788465104	1.2122365382919997	7.249749405275221	7.011325341013171	5.952456306220633	5.8196041420994185
Risky first	8.4	3.2	0.8810498394435431	0.9912178311090268	0.20684609590689862	-0.01009593107686535	0.7402976155981372	0.73000597855972	1.183291613813059	1.1728997470132805	7.5983410500201805	7.312458586397422	6.457593509416033	6.267577993001302
Risky first	9.8	3.2	0.8446160591897571	0.9916815602523666	0.253627860408919	-0.006942630265937444	0.7335555033929806	0.7185191202702822	1.1513629443412121	1.141785401061052	7.870276926742573	7.550955005020194	6.873166035141589	6.643454608952619
Risky first	11.2	3.2	0.8105791360720226	0.9919001857866028	0.28901052573491726	-0.0058942824210646005	0.7232446871743246	0.7054462521477489	1.1262972389560004	1.1171744405713946	8.090295289610237	7.748238810885259	7.221951252839143	6.963488923483707
Risky first	12.6	3.2	0.779404816368638	0.992319111681965	0.31254546765812713	-0.006092453102974238	0.7112179935800577	0.6918256647214407	1.106320287112902	1.0978227645436114	8.275012844340132	7.918306656515444	7.521083274562155	7.239796786642785
Risky first	14.0	3.2	0.7506526099471071	0.9931414455687622	0.32510328772409	-0.005501404241400887	0.6986165293185672	0.6782594195413946	1.0902494761523167	1.0827719407764975	8.43546137264391	8.070235417318434	7.7822473494828746	7.480985374078622
Risky first	15.399999999999999	3.2	0.723938980117693	0.9944291329227886	0.33016442233103227	-0.0024823544057654967	0.6860649175401038	0.6650603211355917	1.0772588515746062	1.0712575857047346	8.578978093769935	8.209897048774478	8.013303857644122	7.693216593801234
Risky first	16.799999999999997	3.2	0.6994947142087778	0.9961670466137695	0.33194051697935334	0.0031981240859837445	0.6738716899697678	0.6523694959396265	1.066739823512539	1.0626510594937797	8.710407546782063	8.341016818498511	8.219709871523499	7.881073398149392
Risky first	18.2	3.2	0.6778758474412374	0.9982974288546332	0.3327295240602974	0.01074027427963098	0.6621658211449754	0.6402324791392892	1.0582237666233936	1.0564220653729992	8.832872171761526	8.465834265189367	8.405442410079225	8.048125491795906
Risky first	19.6	3.2	0.6594480389862587	1.0007368296003418	0.3330695995797521	0.019163997170149605	0.6509785355836593	0.6286439097689892	1.051339216375476	1.0521138742301017	8.948276781710236	8.585524523084224	8.57351681483083	8.19725430711597
Risky first	21.0	3.2	0.6442180830845204	1.003383761213273	0.3329042289519804	0.027750848963219332	0.6402893169030168	0.6175721891238041	1.0457877932986204	1.0493264894708987	9.057650506472738	8.700476066221102	8.726241069129758	8.330820596185545
Risky first	22.4	3.2	0.6319254004062945	1.0061216870235892	0.33219858284160225	0.03607399314637916	0.6300505420300855	0.6069723658112066	1.0413305328722182	1.0477052324825693	9.16139115339725	8.810484297148705	8.86532185294704	8.450744124833621
Risky first	23.799999999999997	3.2	0.6221793205791837	1.008819869579205	0.33107371774904587	0.043886564388624816	0.6202001252830227	0.596792611073244	1.0377802239245113	1.0469333101514036	9.259452905352967	8.9148983608203	8.991906873117172	8.558545673055193
Risky first	25.2	3.2	0.6144819412683658	1.0113490593414505	0.3297621517113389	0.05104764380572113	0.6106792525806664	0.5869829695371779	1.034965982617914	1.0467118729710274	9.351502924610493	9.012744724988748	9.1068737242502	8.655501173944558
Risky first	26.599999999999998	3.2	0.6080378663929876	1.0136298915175235	0.3285857301500074	0.0575526564147516	0.6014695787659025	0.5775132968176658	1.03263674118336	1.046711467942698	9.437062102053385	9.102841694385635	9.211696892251847	8.743055067710715
Risky first	28.0	3.2	0.6019887507156376	1.0155886898332096	0.3278479781812888	0.06339846011242889	0.592561479172008	0.5683581494280152	1.0305547885139092	1.0466197874681815	9.515637896573896	9.18391206922823	9.307838939343167	8.822541747509593
Risky first	7.0	3.4000000000000004	0.932491924236221	0.9879408763902513	0.12747323508000716	-0.013928472318901153	0.7386277112738696	0.7358704324495511	1.2449492455224496	1.229936248682831	7.368668013226386	7.113739591929561	5.952456306220633	5.8196041420994185
Risky first	8.4	3.4000000000000004	0.9011283514964431	0.9898860767370418	0.18437829386961077	-0.011175334554316074	0.737707601270518	0.7274358868246902	1.2003123590660036	1.1881724919748298	7.7077682101598075	7.407891972224008	6.457593509416033	6.267577993001302
Risky first	9.8	3.4000000000000004	0.8676653884116611	0.9907569688061283	0.23197811848835304	-0.008071828503659284	0.7308811824467699	0.7159490184078111	1.1661857399485278	1.1554066487763353	7.971786226246975	7.6413727276383465	6.873166035141589	6.643454608952619
Risky first	11.2	3.4000000000000004	0.8356080575716932	0.9913502471881278	0.2662682834527294	-0.006267426455479286	0.720561320455946	0.7029319416054246	1.1396269727124049	1.1297694811007004	8.186272580109843	7.836016235215221	7.221951252839143	6.963488923483707
Risky first	12.6	3.4000000000000004	0.805595943464601	0.9921109517320513	0.2873817352163475	-0.005056506036791419	0.708572112863578	0.6893978563843645	1.118677757831223	1.109852455003412	8.367712806269754	8.005563287559935	7.521083274562155	7.239796786642785
Risky first	14.0	3.4000000000000004	0.7773075006422713	0.9932421957379799	0.29861862086084345	-0.002629837983722072	0.6960350101123838	0.6759320606987061	1.1020134423681969	1.0945662512305576	8.526791935059466	8.158687109594913	7.7822473494828746	7.480985374078622
Risky first	15.399999999999999	3.4000000000000004	0.7507678686890156	0.9948051394455908	0.3047931346747467	0.002074119122829954	0.6835608622762286	0.66283585298559	1.0886963996079368	1.0830407736258862	8.670417665454599	8.30079991768142	8.013303857644122	7.693216593801234
Risky first	16.799999999999997	3.4000000000000004	0.726618598572645	0.9967824586897679	0.30903983158046117	0.00875819540182532	0.6714482643550335	0.650242113399456	1.0780271970887103	1.0745586000485237	8.802975131456526	8.435141274326506	8.219709871523499	7.881073398149392
Risky first	18.2	3.4000000000000004	0.7055078916885288	0.999112264731286	0.3121233243092801	0.016539410135848476	0.6598188214019899	0.6381901502392356	1.0694607561132379	1.0685113580815306	8.927118944701691	8.563446178318983	8.405442410079225	8.048125491795906
Risky first	19.6	3.4000000000000004	0.6876782507901291	1.0017045315840332	0.3139593736506147	0.02466089546091399	0.6486981946433669	0.6266696628847152	1.0625598002294359	1.0643709669688508	9.044290054672228	8.68636843663977	8.57351681483083	8.19725430711597
Risky first	21.0	3.4000000000000004	0.6729688437690815	1.0044482537320556	0.31458018530859444	0.032658145449685594	0.6380616857924508	0.6156450100693581	1.0569692167977263	1.0616708840610147	9.155071515278301	8.803764056943127	8.726241069129758	8.330820596185545
Risky first	22.4	3.4000000000000004	0.6609636974581903	1.0072139811388887	0.3142919677977707	0.040267395788209925	0.6278586753914718	0.6050679402854863	1.052402577954541	1.0599945903024228	9.259452905352967	8.9148983608203	8.86532185294704	8.450744124833621
Risky first	23.799999999999997	3.4000000000000004	0.6511270037304302	1.0098542974215314	0.3135560162642297	0.04731885057221996	0.6180252290970911	0.5948840769204352	1.0486360238790202	1.0589695951452562	9.357045847337295	9.01861582456846	8.991906873117172	8.558545673055193
Risky first	25.2	3.4000000000000004	0.6428193769979258	1.0122193159172295	0.312856751117621	0.053697348697766434	0.6085019306176187	0.5850418052882391	1.0454749416636036	1.0582499302593382	9.447275347173651	9.113495598097584	9.1068737242502	8.655501173944558
Risky first	26.599999999999998	3.4000000000000004	0.6351092935556841	1.0142051962237562	0.3126997004391739	0.05937763861297651	0.5992713002749629	0.5755104488847509	1.042659338293729	1.0574705187887232	9.52955951763159	9.19800410109434	9.211696892251847	8.743055067710715
Risky first	28.0	3.4000000000000004	0.6269586329416449	1.015709820816124	0.3136000458098834	0.06429247181067721	0.5903260957173184	0.5662653310377304	1.0399616875721316	1.0562992993395237	9.603481945776437	9.270647204254596	9.307838939343167	8.822541747509593
Risky first	7.0	3.6	0.9447762561922919	0.9864062860246051	0.10990679728263855	-0.013668219606270848	0.7362945567511487	0.7334965740756465	1.263451548780522	1.24627654980463	7.478204600336573	7.2082970190092865	5.952456306220633	5.8196041420994185
Risky first	8.4	3.6	0.9175340177574913	0.988776636893149	0.16520251979481965	-0.01186637763126941	0.7352249512494377	0.7250103111675172	1.2158994280518431	1.2022529472694048	7.807968623796634	7.49588339367739	6.457593509416033	6.267577993001302
Risky first	9.8	3.6	0.8869599989748874	0.9900407355417435	0.21137976538410116	-0.008711955238409508	0.728355133083011	0.7135538318198559	1.1797988879602888	1.1680489588275353	8.065000990066693	7.725297615540967	6.873166035141589	6.643454608952619
Risky first	11.2	3.6	0.8567194764396059	0.9909928923218894	0.24305547711092876	-0.005932366528743294	0.7180558296714983	0.7006126258480396	1.1519527932723503	1.141577030423246	8.275012844340132	7.918306656515444	7.221951252839143	6.963488923483707
Risky first	12.6	3.6	0.8276748714350527	0.9920779834923656	0.26200218243131224	-0.0031043034642896927	0.7061238902821673	0.6871764742960912	1.130208810808265	1.1212552779519682	8.454207423450427	8.088270253331897	7.521083274562155	7.239796786642785
Risky first	14.0	3.6	0.7998789745206212	0.9934986094675394	0.2734666094240886	0.0010158860074607201	0.6936627055053871	0.6738154122774507	1.113095139266604	1.1058584730664482	8.612821848442188	8.243368809534473	7.7822473494828746	7.480985374078622
Risky first	15.399999999999999	3.6	0.7738252023245733	0.9953140684379028	0.2817733534530369	0.0068461377618902475	0.6812706965694845	0.660820352207452	1.0995588823091536	1.0944064246381568	8.757257578403742	8.3884789439177	8.013303857644122	7.693216593801234
Risky first	16.799999999999997	3.6	0.7503417963242313	0.9975031449884251	0.2883379363177409	0.013882239692962206	0.669237568163752	0.6483166785883334	1.0888064864709992	1.0860878945386188	8.891375354441449	8.526280146019511	8.219709871523499	7.881073398149392
Risky first	18.2	3.6	0.7299746908269156	0.9999973885810177	0.29301841289919955	0.021459580040116277	0.6576783767319638	0.6363379489104547	1.0802134138850363	1.0802105929952224	9.01730541211976	8.65792642978107	8.405442410079225	8.048125491795906
Risky first	19.6	3.6	0.7127948648302527	1.0026969129202696	0.29572877093412014	0.029105868583561012	0.6466139301387298	0.6248692504378486	1.0732745113848043	1.0761690392815542	9.135980563200677	8.783474852846513	8.57351681483083	8.19725430711597
Risky first	21.0	3.6	0.6984937513031456	1.005476973903495	0.2968298969427006	0.036520475551154674	0.6360160762444621	0.6138712163004173	1.0675779653531603	1.0734250620093457	9.247515165944103	8.902183347353967	8.726241069129758	8.330820596185545
Risky first	22.4	3.6	0.686523697487995	1.0081900247123308	0.29698139251550554	0.04349535615327105	0.6258320756970828	0.6032927417539392	1.0627934626374271	1.0714977673605313	9.351502924610493	9.012744724988748	8.86532185294704	8.450744124833621
Risky first	23.799999999999997	3.6	0.6762098088499078	1.0106658617976787	0.29692744850731945	0.04986850002691712	0.6159972898115137	0.5930776116804997	1.0586691283981857	1.0699607470111496	9.447275347173653	9.113495598097584	8.991906873117172	8.558545673055193
Risky first	25.2	3.6	0.6667513269512162	1.0127270070970222	0.2973556475253201	0.055507802220491786	0.6064532028170085	0.5831736323826072	1.0550016424832018	1.0684286558744556	9.534142083826842	9.202619615100108	9.1068737242502	8.655501173944558
Risky first	26.599999999999998	3.6	0.6570029011512678	1.0142373632673807	0.2990314985092084	0.06033474274024064	0.5971851054668934	0.5735511120899002	1.0515445096539744	1.0665157308297377	9.61162057097258	9.27834990458252	9.211696892251847	8.743055067710715
Risky first	28.0	3.6	0.6455907694490879	1.0150574518330209	0.30249481160101016	0.06414430574601382	0.5881904396747166	0.5641880927984525	1.0481106784533663	1.0638925545098525	9.679654731649228	9.339165008844496	9.307838939343167	8.822541747509593
Risky first	7.0	3.8000000000000003	0.9546258504677094	0.9850769322947951	0.09613991673059287	-0.013334655324107048	0.7340252984850189	0.7312263306726348	1.2804954055022582	1.2613864858697441	7.57910550914245	7.2957423901625456	5.952456306220633	5.8196041420994185
Risky first	8.4	3.8000000000000003	0.9310934192182775	0.9878612200908407	0.14823265210520015	-0.012237373731258439	0.7328521787327631	0.7227240399256005	1.2302495359047285	1.2153158075550357	7.900210246166044	7.577522231997086	6.457593509416033	6.267577993001302
Risky first	9.8	3.8000000000000003	0.9031258671544635	0.9895046445485738	0.19138344347839656	-0.008831949394848881	0.7259730593442444	0.7113224064113618	1.1923889941263588	1.179874447796634	8.15120327193671	7.803803625688533	6.873166035141589	6.643454608952619
Risky first	11.2	3.8000000000000003	0.8744209740568053	0.9908001707251295	0.2200737387532811	-0.004867036572288597	0.7157176066091412	0.698471900427079	1.1634444501368488	1.1527409598247942	8.35774227213397	7.996111148846445	7.221951252839143	6.963488923483707
Risky first	12.6	3.8000000000000003	0.8462224967488235	0.9921923410077307	0.23796712136359938	-0.0004342865025318554	0.7038572109931068	0.6851406647043946	1.1410621467827362	1.13215312265167	8.535615371390106	8.16731115185127	7.521083274562155	7.239796786642785
Risky first	14.0	3.8000000000000003	0.8190974542428732	0.993882393576901	0.2507681796013913	0.004968686807950373	0.6914788150486749	0.6718848840769116	1.1236190446443188	1.1167451855596864	8.694519786239871	8.325005825985285	7.7822473494828746	7.480985374078622
Risky first	15.399999999999999	3.8000000000000003	0.7938506207498831	0.9959262698035223	0.26124087150843867	0.011338659300354381	0.6791696625164586	0.6589860495477639	1.1099436160557552	1.1054220052306412	8.840277300281327	8.473457598862238	8.013303857644122	7.693216593801234
Risky first	16.799999999999997	3.8000000000000003	0.7712701044401183	0.9982966021982559	0.2694952537323092	0.018298715659124	0.6672115130311149	0.6465626528652427	1.0991449827017232	1.097272701554391	8.976160871703863	8.61470576685023	8.219709871523499	7.881073398149392
Risky first	18.2	3.8000000000000003	0.7517199885422675	1.0009152080601307	0.275163265616084	0.02550558982097939	0.6557136434063771	0.6346428841900428	1.0905166317765715	1.09151468138768	9.103724518855696	8.749242480220484	8.405442410079225	8.048125491795906
Risky first	19.6	3.8000000000000003	0.7351147628167931	1.0036681487180723	0.27843557231223104	0.032683631428848336	0.6446927533420995	0.623207543933586	1.0834849444252883	1.0874593283352325	9.223361768026077	8.87645473903218	8.57351681483083	8.19725430711597
Risky first	21.0	3.8000000000000003	0.721022576864321	1.006411679069276	0.280014753539114	0.03958245175420616	0.6341181138956048	0.6122139727847629	1.0775844274111601	1.0844935529297701	9.334722557646327	8.994951209328068	8.726241069129758	8.330820596185545
Risky first	22.4	3.8000000000000003	0.7087684890660538	1.0089738520556224	0.2808582203550771	0.0459834239174326	0.623936019049486	0.6016089126353953	1.0724493459044175	1.0820733476717128	9.437062102053385	9.102841694385635	8.86532185294704	8.450744124833621
Risky first	23.799999999999997	3.8000000000000003	0.6975140233029996	1.0111544106210482	0.2819484864343517	0.05170052929095159	0.614082668820506	0.591335408579847	1.0678153438787301	1.0797261946918093	9.52955951763159	9.19800410109434	8.991906873117172	8.558545673055193
Risky first	25.2	3.8000000000000003	0.6862132575161001	1.0127400695310436	0.2842656427439195	0.056563804523640626	0.6045024380565575	0.5813422635482597	1.063494142432587	1.0770431317530358	9.61162057097258	9.278349904582521	9.1068737242502	8.655501173944558
Risky first	26.599999999999998	3.8000000000000003	0.673332149688087	1.013552985555351	0.2887253062512876	0.06037564859207423	0.5951858061758896	0.5716028205832647	1.0592853816340644	1.0736418611103453	9.68316550224457	9.342081763181053	9.211696892251847	8.743055067710715
Risky first	28.0	3.8000000000000003	0.6572574543546231	1.0134043642493697	0.2943047033982227	0.06243268231867405	0.5861376556279657	0.5621002590424011	1.0550844275040068	1.0692271634841082	9.744900672018225	9.387926762937205	9.307838939343167	8.822541747509593
Risky first	7.0	4.0	0.9626869436506711	0.9839291693653917	0.08493178777197435	-0.012975105657677344	0.7318260754119151	0.7290590198438632	1.296252181049192	1.2754203317878088	7.672386152335193	7.376966865573399	5.952456306220633	5.8196041420994185
Risky first	8.4	4.0	0.9423698494396443	0.9871158326543963	0.13266752165881548	-0.012301247319777553	0.7305894294435271	0.7205708987583738	1.243531051075506	1.2275091889139946	7.985578024022861	7.653732238122424	6.457593509416033	6.267577993001302
Risky first	9.8	4.0	0.9166208055652494	0.989124891787744	0.17201662136670354	-0.008415783113109643	0.7237291254199957	0.7092434803149856	1.204112126989525	1.1910172773088241	8.231464872423382	7.877779693530087	6.873166035141589	6.643454608952619
Risky first	11.2	4.0	0.8891854944373961	0.990748491389359	0.1982814628114459	-0.0031695442658392636	0.7135354906277984	0.696494153852559	1.1742405239118383	1.1633770275939044	8.435461372643909	8.070235417318433	7.221951252839143	6.963488923483707
Risky first	12.6	4.0	0.8618423091909393	0.9924303340749846	0.21625518947706404	0.002627149110593363	0.7017563903337689	0.6832712039133876	1.1513555037747303	1.1426401272502278	8.612821848442188	8.243368809534473	7.521083274562155	7.239796786642785
Risky first	14.0	4.0	0.8356221616191486	0.9943690837376526	0.23070620508505718	0.008811361204080437	0.6894638706035766	0.6701182423066344	1.1336792554225537	1.127295602466909	8.772617484300627	8.404118720760424	7.7822473494828746	7.480985374078622
Risky first	15.399999999999999	4.0	0.8114141601846663	0.9966153367529655	0.24284426852918856	0.015285587999083527	0.6772351393025731	0.657308144104534	1.119918326204376	1.1161277798059916	8.920018809215053	8.556049976877157	8.013303857644122	7.693216593801234
Risky first	16.799999999999997	4.0	0.7898350911395593	0.999132644196657	0.2521680724426371	0.02197911173270073	0.6653448778963638	0.6449529918506103	1.109081561552387	1.1081195932235939	9.057650506472738	8.7004760662211	8.219709871523499	7.881073398149392
Risky first	18.2	4.0	0.7710635385255777	1.0018290700850057	0.25846171843161553	0.028809135641827854	0.6538973536747767	0.6330759550677285	1.100379043351677	1.1023917137420387	9.186448204697294	8.837145676455297	8.405442410079225	8.048125491795906
Risky first	19.6	4.0	0.75488307798333	1.0045714257655851	0.26222912978583934	0.035573717397793136	0.6429060166892494	0.6216539516850991	1.0931706373297134	1.0981679857473836	9.306257481676631	8.964712802331835	8.57351681483083	8.19725430711597
Risky first	21.0	4.0	0.7407454214853746	1.0071905992468246	0.26446076782297895	0.042000518813560817	0.632338683142398	0.6106416817054583	1.0869446760119847	1.0947604595806566	9.416308748141107	9.081113232700252	8.726241069129758	8.330820596185545
Risky first	22.4	4.0	0.7278243222068786	1.0094827902685506	0.2663698246047197	0.04783508994521324	0.622142208858148	0.5999847963568367	1.0813151030873958	1.0915689874241896	9.515637896573896	9.183912069228228	8.86532185294704	8.450744124833621
Risky first	23.799999999999997	4.0	0.7150380268203774	1.011209179217935	0.26924976836824227	0.05285797805795123	0.6122556488132684	0.5896271786375882	1.0760292387530146	1.0880906433339352	9.603481945776437	9.270647204254596	8.991906873117172	8.558545673055193
Risky first	25.2	4.0	0.7009059020487218	1.0121107882313911	0.2744211476982847	0.056823056480787115	0.602628762241153	0.5795207273192596	1.0709478142949809	1.0839178364807784	9.679654731649228	9.339165008844496	9.1068737242502	8.655501173944558
Risky first	26.599999999999998	4.0	0.6835213548824848	1.0119554969193076	0.28139294244916097	0.059080343775805066	0.5932600803794507	0.5696443274555693	1.0659609951052857	1.078705088498369	9.744900672018224	9.387926762937205	9.211696892251847	8.743055067710715
Risky first	28.0	4.0	0.6614059743493355	1.0104867538328406	0.2863488010343251	0.058609580730650035	0.5841649847737581	0.5599889789228161	1.061103120486273	1.0722306477020715	9.801238298259078	9.416259831164506	9.307838939343167	8.822541747509593
Risky second	7.0	1.0	0.04063055569921566	1.057672377748651	0.10032408052190646	0.04441042128942956	0.7520836537350006	0.7763472409800242	0.7522714572329671	0.7956567408840349	4.624274826710227	4.72331939237245	6.171898521442346	5.9663151303480175
Risky second	8.4	1.0	0.03484429873684172	1.0571832949531546	0.08809325699099717	0.04119372394020453	0.7749673151332761	0.7786467608580383	0.7576219993654251	0.8009453216181369	5.0659699693066225	5.112455639272521	6.722172455805185	6.418303737189015
Risky second	9.8	1.0	0.03587168915585483	1.0546281452913617	0.09037657227870625	0.04102911680114957	0.7803843233665505	0.7704435368163826	0.7699563539916443	0.812017641565507	5.444373781619851	5.448521412267605	7.1122297887270935	6.747082530703481
Risky second	11.2	1.0	0.0395664328018532	1.0513421135032595	0.09887707363668116	0.04244953517273634	0.7747117092568806	0.7567940821724322	0.7846175276122797	0.8249014497715962	5.769298964554819	5.74001852127578	7.3970484744467315	6.9960187728176635
Risky second	12.6	1.0	0.0446672427442895	1.0481214854225223	0.1106551569690651	0.04452581057005374	0.7633932455078792	0.7410380676277835	0.799083968814592	0.8375370763712746	6.051018298449129	5.994798147518527	7.618652366994859	7.1953829083884395
Risky second	14.0	1.0	0.050474826863585565	1.0453264269236429	0.12389534954728013	0.04674953741594666	0.749887915580279	0.7250290198431577	0.8120898049640181	0.848898934164155	6.298118075574194	6.219266463460119	7.804030735052567	7.364461499590855
Risky second	15.399999999999999	1.0	0.05628559546997275	1.0430681078060222	0.13693422926176152	0.048875621644038164	0.7360503753121872	0.7096651826262621	0.8230855304697182	0.858534266829565	6.517173610424502	6.418421888547788	7.969162953961035	7.51505232125064
Risky second	16.799999999999997	1.0	0.0613783007768266	1.0413357586132124	0.14830686891916753	0.05081800745851199	0.7227492849013005	0.695306782864654	0.8319312149982584	0.8663197228842229	6.713113035117602	6.596153748490937	8.123091857525752	7.654175494704019
Risky second	18.2	1.0	0.06518109969618216	1.0400616716689393	0.1570251479816402	0.052563904995883814	0.710312137689423	0.6820305333197134	0.8387293943748986	0.8723302959914341	6.88966555509085	6.755540752079316	8.270602736687788	7.785799060848121
Risky second	19.6	1.0	0.0674321826157355	1.0391500097578694	0.16273921412418998	0.05410585594325329	0.6987840590317378	0.6697698328650283	0.8437332737274597	0.8767654396269288	7.049706482040485	6.89907285980902	8.413752178615859	7.911862862820835
Risky second	21.0	1.0	0.06824183976123908	1.0384886270140112	0.16572228046079057	0.055407318798020105	0.6880663836096662	0.6583883212925953	0.8472933341181128	0.8799044912264428	7.1954790943627165	7.028794833440687	8.55269283903954	8.032874814361678
Risky second	22.4	1.0	0.06804407523088796	1.0379542144112688	0.16675510042336336	0.05640682269087442	0.6779880350977577	0.6477173587453916	0.8498233237639722	0.8820777004058071	7.328722517782168	7.146392288458351	8.68611482628801	8.148264445396379
Risky second	23.799999999999997	1.0	0.06747982815889908	1.037415555303219	0.16698246164275457	0.05704788425847504	0.6683416327419751	0.6375748215332355	0.8517765190185506	0.8836462104718724	7.450743173218188	7.253243839512984	8.811503124518252	8.256608947664162
Risky second	25.2	1.0	0.06714534268063048	1.0367619056476292	0.16752407815773288	0.057306791541977195	0.6589460223467847	0.6278072425249773	0.8535483391243162	0.8849264026328949	7.562573889209295	7.3505100147638895	8.926298685769323	8.356450724165036
Risky second	26.599999999999998	1.0	0.06713123050652653	1.0359812763985716	0.16858356157188512	0.05718189126383108	0.6497863233181367	0.6183894100972505	0.8552230552824629	0.885995072417012	7.6653983997582955	7.439339230332766	9.03114163166815	8.448472137431398
Risky second	28.0	1.0	0.06740250402215649	1.0350860198184482	0.17012176871267654	0.05667927367234152	0.6408830872094808	0.6093238118528264	0.8568058407320464	0.886867747440533	7.760334977331158	7.520774083581992	9.127374468933306	8.53378912991759
Risky second	7.0	1.2	0.10246376078688224	1.0450582598268259	0.20826617104173642	0.06976521668598706	0.7561412073124661	0.7774812522128876	0.824240217280036	0.8613790471499594	5.0659699693066225	5.112455639272521	6.171898521442346	5.9663151303480175
Risky second	8.4	1.2	0.09371652439110101	1.0471375810204173	0.18952858748160145	0.0683620583940715	0.776326963092574	0.7777782451154369	0.8243743068278124	0.8632333175070588	5.513293941316643	5.51011699829428	6.722172455805185	6.418303737189015
Risky second	9.8	1.2	0.0942931470413494	1.0468070298450023	0.19028251388697803	0.06973849232309103	0.7793612476172409	0.767801510321698	0.8321533185917426	0.8711039438106839	5.886643803983588	5.845943524667414	7.1122297887270935	6.747082530703481
Risky second	11.2	1.2	0.09964347351628013	1.045062773066921	0.20088675832599737	0.07224141110405162	0.7718536404566549	0.7527043513858074	0.8431162626677049	0.8811094194813303	6.202969705320738	6.132768211613398	7.3970484744467315	6.9960187728176635
Risky second	12.6	1.2	0.10826445516881811	1.0427609570104888	0.21685750032813433	0.07450543692545508	0.759189152245625	0.7357929430887876	0.8545747639301912	0.8911171986728587	6.475349601157897	6.380415777449374	7.618652366994859	7.1953829083884395
Risky second	14.0	1.2	0.11864187557953862	1.040431214180894	0.23458325692292797	0.07591095782654989	0.7446916194267538	0.7188539447268191	0.86503526555134	0.9000096916468728	6.713113035117602	6.596153748490938	7.804030735052567	7.364461499590855
Risky second	15.399999999999999	1.2	0.12895641986530734	1.038338701233349	0.2509831490697941	0.07644371536774786	0.730096183995221	0.7027254848922853	0.873774495061817	0.9072738743733123	6.922914818697549	6.7854444041457285	7.969162953961035	7.51505232125064
Risky second	16.799999999999997	1.2	0.13753866777858603	1.0365879879962923	0.2640523617663516	0.07639357654114654	0.7161858083865151	0.6877237392099443	0.8805427059605622	0.9127599919164698	7.109619989097031	6.9525170945239765	8.123091857525752	7.654175494704019
Risky second	18.2	1.2	0.14330890310788114	1.0351981224846303	0.2730055038232981	0.07607192426851855	0.7032307616292574	0.6738953031403502	0.8853721958058307	0.9165356347982904	7.276835949114999	7.100713609313716	8.270602736687788	7.785799060848121
Risky second	19.6	1.2	0.1459187216739598	1.0341466159855526	0.27795842192193954	0.07566869109201316	0.6912375354847937	0.6611523631372401	0.8884579412014534	0.9187957733389741	7.427187435945145	7.232676355101799	8.413752178615859	7.911862862820835
Risky second	21.0	1.2	0.1456710423397649	1.0333843595287444	0.2795686439714329	0.0752335850810831	0.6800824673002274	0.6493435066329579	0.890099046186634	0.9198144327607212	7.562573889209295	7.3505100147638895	8.55269283903954	8.032874814361678
Risky second	22.4	1.2	0.14349739607785456	1.032795141143627	0.2789414280533181	0.07465739303393462	0.6695985965401638	0.6382984026137292	0.8907406927537255	0.9199526594949559	7.684983610707608	7.456186835292962	8.68611482628801	8.148264445396379
Risky second	23.799999999999997	1.2	0.1406892037208404	1.0322217036379333	0.2775236081867281	0.07375020693927023	0.6595935843537971	0.6278380234059013	0.8909123624908613	0.9196190766024127	7.796323736901791	7.551485486576918	8.811503124518252	8.256608947664162
Risky second	25.2	1.2	0.13841581927665797	1.0315236673484962	0.27671261754250587	0.07234995821451018	0.6498974689286788	0.6178101684481156	0.8910786013832018	0.9191686667945691	7.898212236776648	7.637917001286122	8.926298685769323	8.356450724165036
Risky second	26.599999999999998	1.2	0.13687295818826511	1.0306847264624182	0.27677543045321157	0.07044926161686141	0.6404927030165711	0.608185169064598	0.8913299233973435	0.9186801382845591	7.992020583749883	7.716765109858927	9.03114163166815	8.448472137431398
Risky second	28.0	1.2	0.1360070071551679	1.029720020742962	0.27765593721659304	0.06808084413498419	0.6313939064851037	0.5989598656619076	0.8916602780127726	0.9181604399709875	8.078911456047026	7.789121155852968	9.127374468933306	8.53378912991759
Risky second	7.0	1.4	0.2014620759715195	1.0364156357519299	0.32746917355701743	0.08398370083964063	0.7575509666834813	0.7769023391776878	0.8858284652229318	0.9180864719511811	5.44437378161985	5.448521412267605	6.171898521442346	5.9663151303480175
Risky second	8.4	1.4	0.18202386463357512	1.0406522538267653	0.29638804726740947	0.0877801890951952	0.7753180849744365	0.7754531440408643	0.8800022495078202	0.9157763243229367	5.886643803983588	5.845943524667414	6.722172455805185	6.418303737189015
Risky second	9.8	1.4	0.17865956872257147	1.0417288043465158	0.29303480126650727	0.09166068191145602	0.776643198856125	0.7641344341262338	0.8833375739579205	0.9201981947535365	6.251125341503125	6.176539727449876	7.1122297887270935	6.747082530703481
Risky second	11.2	1.4	0.18462877286958929	1.0407276539355756	0.3031556911260973	0.09448836456370446	0.7679771095274235	0.7480183583797955	0.8909719241322218	0.9272591203245929	6.558076758841493	6.455573614368301	7.3970484744467315	6.9960187728176635
Risky second	12.6	1.4	0.1963043909521584	1.0387223115477633	0.3189483306221842	0.09524199644326897	0.7544976392772302	0.7303104828338042	0.8997837611444544	0.9346254682691081	6.821170935472744	6.693816783254133	7.618652366994859	7.1953829083884395
Risky second	14.0	1.4	0.21018038790663016	1.03642284015257	0.3350976142308842	0.09397115868582287	0.739383006385146	0.7127248509685417	0.9079904111037008	0.9410620007073971	7.049706482040485	6.89907285980902	7.804030735052567	7.364461499590855
Risky second	15.399999999999999	1.4	0.22304153656174847	1.034224430210356	0.3485023256570156	0.09141648653524892	0.7242803878747438	0.6960548060996482	0.9146944601835572	0.9459993568999086	7.2501976757498285	7.077205115030955	7.969162953961035	7.51505232125064
Risky second	16.799999999999997	1.4	0.23257487544552669	1.0323356412490947	0.3580860700696767	0.0884182378119881	0.7099202190859704	0.680588870800595	0.9195206080214425	0.9492538965235734	7.427187435945145	7.232676355101799	8.123091857525752	7.654175494704019
Risky second	18.2	1.4	0.2375907975272546	1.0308611371223506	0.36397699578922327	0.08558691284564218	0.6965433325917131	0.6663564641966577	0.9224006045510127	0.9508669360898006	7.5838212812871335	7.36891539378068	8.270602736687788	7.785799060848121
Risky second	19.6	1.4	0.23816463403057614	1.0297727876371647	0.36683251917770926	0.0831246874745526	0.6841714530735603	0.6532729647023571	0.923575866811464	0.951073294960852	7.7232415171751265	7.489026465440372	8.413752178615859	7.911862862820835
Risky second	21.0	1.4	0.23522805741919878	1.0289696600198976	0.3674325475848162	0.08094554531797205	0.6727075104145346	0.6411948761494245	0.9234603270178466	0.9502126587334171	7.848358415462622	7.595724511675686	8.55269283903954	8.032874814361678
Risky second	22.4	1.4	0.2301953348165274	1.0283211586696235	0.3666275456419245	0.07881108712646437	0.6619848663249296	0.6299470309544067	0.9225428374122513	0.9486703194901284	7.961573238970724	7.69125402889701	8.68611482628801	8.148264445396379
Risky second	23.799999999999997	1.4	0.2247631448453756	1.0276745724274132	0.3654718289971913	0.07640076534903498	0.6518006097070591	0.6193404341203894	0.9213586911237328	0.9468568989528633	8.06486619300612	7.777471415413918	8.811503124518252	8.256608947664162
Risky second	25.2	1.4	0.22043627394717286	1.026893623976615	0.3650377916961093	0.07342980281921119	0.6419746857659582	0.609213558844932	0.920371070855389	0.9451231843539284	8.159870960193906	7.855913781934336	8.926298685769323	8.356450724165036
Risky second	26.599999999999998	1.4	0.21744095057323745	1.0259654287916493	0.36545913634816013	0.06988615132063644	0.6324818971613414	0.5995296656011941	0.9196544091619187	0.9435336302359388	8.247936322525385	7.927855646168197	9.03114163166815	8.448472137431398
Risky second	28.0	1.4	0.21567185428566207	1.024908151630829	0.3665756881471912	0.0658276215490777	0.6233304348221091	0.5902796438295229	0.9191838511000514	0.9420790218398608	8.33017662474364	7.994355370767656	9.127374468933306	8.53378912991759
Risky second	7.0	1.6	0.32142936562853264	1.030440544295105	0.4167773171341939	0.0837830547916259	0.7571130190152378	0.7752082514681692	0.9386561272221858	0.9672293306407644	5.76929896455482	5.74001852127578	6.171898521442346	5.9663151303480175
Risky second	8.4	1.6	0.28686335842194755	1.0361674998645931	0.3796446638007605	0.0957205625585737	0.773065722157023	0.7723899025269135	0.9270802752029815	0.9606104509308523	6.202969705320738	6.132768211613398	6.722172455805185	6.418303737189015
Risky second	9.8	1.6	0.27795620579917363	1.037986234419794	0.3732062009337079	0.1022309937295221	0.7732661870846673	0.7600933314404255	0.9264104485436339	0.9616012930109589	6.558076758841494	6.455573614368302	7.1122297887270935	6.747082530703481
Risky second	11.2	1.6	0.28313483149247703	1.0372384671685289	0.3803547100415014	0.1045215349850771	0.7638595151243698	0.7432437541493191	0.931081562876468	0.965753613086866	6.855757810281077	6.725004304474281	7.3970484744467315	6.9960187728176635
Risky second	12.6	1.6	0.2955722105247822	1.035216796636788	0.39167651740222503	0.10302686272851092	0.7498320872189655	0.7249523519227618	0.9375075504875993	0.9705235632385742	7.109619989097031	6.9525170945239765	7.618652366994859	7.1953829083884395
Risky second	14.0	1.6	0.3098599637059885	1.0327887152967175	0.4021884051311965	0.09894041415195776	0.7342613640732817	0.7068823823255849	0.943627688120649	0.9745680277325367	7.328722517782168	7.146392288458351	7.804030735052567	7.364461499590855
Risky second	15.399999999999999	1.6	0.3219073832320565	1.0304813587767367	0.41014539231518066	0.09376109446579034	0.7187401352518836	0.6897984658216799	0.9483361822061772	0.9772427576169646	7.518990236875449	7.312679245279026	7.969162953961035	7.51505232125064
Risky second	16.799999999999997	1.6	0.3294049136886293	1.028554143559862	0.4156705570729219	0.08860362966217039	0.703995599501748	0.6739836291645928	0.9511937093455797	0.9783542310754709	7.684983610707608	7.456186835292962	8.123091857525752	7.654175494704019
Risky second	18.2	1.6	0.3318501016725725	1.0270405861165381	0.41945454653161457	0.08393385033305467	0.6903101151375548	0.6594818380861115	0.9522762362407641	0.9780263438135652	7.831264338280891	7.581213516752809	8.270602736687788	7.785799060848121
Risky second	19.6	1.6	0.3297666974999641	1.025890978469679	0.4219899665803884	0.07984247655342225	0.677709690720496	0.6462048111479609	0.9518760686701938	0.9765210714699366	7.961573238970722	7.69125402889701	8.413752178615859	7.911862862820835
Risky second	21.0	1.6	0.32431779874563943	1.025010535768605	0.42350196160299064	0.07618932698687364	0.6660855333176681	0.6339977915803017	0.9504035553442851	0.9741736574598326	8.078911456047026	7.789121155852968	8.55269283903954	8.032874814361678
Risky second	22.4	1.6	0.3170810438692786	1.0242740289837693	0.42417152024732624	0.07268908077866304	0.6552592083858737	0.6226745788039726	0.9483404656496202	0.9713605095992802	8.185687853928778	7.877081936445157	8.68611482628801	8.148264445396379
Risky second	23.799999999999997	1.6	0.3099062851825143	1.0235334606472914	0.42437787022348955	0.06896283310073859	0.6450165506530561	0.612035819049377	0.946213227334141	0.9684808990835557	8.283837711872073	7.95696688471101	8.811503124518252	8.256608947664162
Risky second	25.2	1.6	0.30443032724028085	1.0226567382096445	0.42462186587931106	0.06466933838446504	0.635167530957857	0.6019108936161123	0.9444729480388748	0.9658716243686828	8.3749171300791	8.030256903770912	8.926298685769323	8.356450724165036
Risky second	26.599999999999998	1.6	0.30083403043682877	1.0216345477425666	0.4248300641277	0.059825711950360794	0.6256796940765286	0.5922564282958652	0.9431719796773497	0.9635770789011303	8.46017761852989	8.098152171163274	9.03114163166815	8.448472137431398
Risky second	28.0	1.6	0.2989122533839771	1.0204883138314214	0.42475646265001704	0.05454453398188602	0.6165553815193111	0.5830579582434671	0.9422625975613408	0.9615679693717878	8.540624856347465	8.161626649944564	9.127374468933306	8.53378912991759
Risky second	7.0	1.8	0.4443655612045473	1.0261379392912955	0.4597101592614977	0.07319612530252195	0.7555603378159478	0.7728637574743276	0.984417260047489	1.0101478986279138	6.051018298449129	5.994798147518527	6.171898521442346	5.9663151303480175
Risky second	8.4	1.8	0.3952738651505313	1.0327668609210012	0.4271622013987567	0.09341195133818564	0.7702522510019465	0.7690102548008969	0.9675887191408153	0.9992935641296321	6.475349601157898	6.380415777449374	6.722172455805185	6.418303737189015
Risky second	9.8	1.8	0.3801837185965342	1.034892560062157	0.4198289842681466	0.10213211419621937	0.7697081133659631	0.7559889688431346	0.9633207893555427	0.9969335178572554	6.821170935472744	6.693816783254133	7.1122297887270935	6.747082530703481
Risky second	11.2	1.8	0.3827036699648582	1.034134621934944	0.4235275447222802	0.10372797468827838	0.7597845137924638	0.7385847126528211	0.9652979167907138	0.998247996234954	7.109619989097031	6.9525170945239765	7.3970484744467315	6.9960187728176635
Risky second	12.6	1.8	0.3932298494140777	1.0319840898334685	0.429791836613733	0.10048275636954207	0.7453319014650992	0.7198408916907975	0.9694897009236377	1.0004979466106019	7.353989714649315	7.168583115327696	7.618652366994859	7.1953829083884395
Risky second	14.0	1.8	0.40500212079490866	1.029471093950659	0.43515224894464555	0.09467250182629972	0.7293649709845299	0.7013877037603758	0.9735212170265578	1.0022119522765074	7.562573889209295	7.3505100147638895	7.804030735052567	7.364461499590855
Risky second	15.399999999999999	1.8	0.413954611620522	1.0271355204611516	0.4392581104895107	0.08805965034871893	0.7134962040291253	0.6839943041593172	0.9762613700568092	1.0027527304394177	7.741929991797572	7.505033217542248	7.969162953961035	7.51505232125064
Risky second	16.799999999999997	1.8	0.4184808357475894	1.0251569783716277	0.4428034375535063	0.08156243483482445	0.6984929491775468	0.6679565588408374	0.9774143539253521	1.0020031456871707	7.898212236776648	7.637917001286122	8.123091857525752	7.654175494704019
Risky second	18.2	1.8	0.4183702990020326	1.0235705977772704	0.44617956138972936	0.07558724352066226	0.6846286477883001	0.6533076623673921	0.9770516366049654	1.0000813277390048	8.036265276570042	7.7536931021347915	8.270602736687788	7.785799060848121
Risky second	19.6	1.8	0.4142531976834123	1.0223340888742662	0.4492318650366299	0.07022272745633074	0.6719161560106861	0.63994673163865	0.9754467135286458	0.9972324271207054	8.159870960193905	7.855913781934336	8.413752178615859	7.911862862820835
Risky second	21.0	1.8	0.40728167931339143	1.021358854102289	0.45152556245330605	0.06536392871801011	0.6602339381986019	0.6277070678340894	0.9729904441666573	0.9937724051065343	8.271984357950533	7.9473693474454015	8.55269283903954	8.032874814361678
Risky second	22.4	1.8	0.39897456880833887	1.0205249856778758	0.4526640684525255	0.060770597001603366	0.6493917745313595	0.6163915874879341	0.9701454311568048	0.9900576522367548	8.3749171300791	8.030256903770912	8.68611482628801	8.148264445396379
Risky second	23.799999999999997	1.8	0.391129645924686	1.0196892758178995	0.4524962009402225	0.05609831556962758	0.6391649016970472	0.6057912664019661	0.9674201340570491	0.9864679359082875	8.470478463905224	8.106310418907022	8.811503124518252	8.256608947664162
Risky second	25.2	1.8	0.38534109351560836	1.018724078525035	0.45110977793350243	0.05103636297534553	0.6293542967857919	0.5957273579580287	0.9652471582028771	0.9833205217891348	8.56008289148206	8.176900706193193	8.926298685769323	8.356450724165036
Risky second	26.599999999999998	1.8	0.3816803337802485	1.0176241079095052	0.44853421100772634	0.0456682218733776	0.619921168421331	0.5861507666735104	0.9636533083975979	0.9806368382921489	8.644832708771244	8.243112280856302	9.03114163166815	8.448472137431398
Risky second	28.0	1.8	0.3798226045255193	1.0164146854076395	0.4448810314476522	0.040165736963027276	0.6108628808742582	0.5770425566845595	0.96256550617395	0.9783657161420407	8.72558110551713	8.305802544502535	9.127374468933306	8.53378912991759
Risky second	7.0	2.0	0.5575514700186013	1.0228490571756497	0.458880141645379	0.057682230277046	0.7534029804730149	0.7701769697711662	1.0245265601299909	1.0479360260803727	6.298118075574194	6.219266463460119	6.171898521442346	5.9663151303480175
Risky second	8.4	2.0	0.4973191637460173	1.0299522030614472	0.4400453942394689	0.08422545902286843	0.7672329570764758	0.7655391452073897	1.0029362761742735	1.032976427175937	6.713113035117602	6.596153748490938	6.722172455805185	6.418303737189015
Risky second	9.8	2.0	0.4760971286118106	1.0321256946522073	0.43506131091147826	0.09467881829965114	0.7661662250584269	0.7519609422147229	0.9953873195977494	1.0273648286878256	7.049706482040485	6.89907285980902	7.1122297887270935	6.747082530703481
Risky second	11.2	2.0	0.474693178525922	1.0312482380717782	0.4373190101337192	0.09593039526214947	0.7558381269580546	0.7341182371514001	0.9948453919407787	1.0259325575927556	7.328722517782168	7.146392288458351	7.3970484744467315	6.9960187728176635
Risky second	12.6	2.0	0.48147006084322175	1.0290153537803397	0.44074737943454423	0.09195669704142806	0.7410099321095321	0.7150084474043111	0.9968060469385518	1.0257287270408557	7.562573889209295	7.3505100147638895	7.618652366994859	7.1953829083884395
Risky second	14.0	2.0	0.4893743052725592	1.0264747768261064	0.44351296023300635	0.08551357023653905	0.7247191365100606	0.6962670739387501	0.9988177629681301	1.0252612403326622	7.760334977331158	7.520774083581992	7.804030735052567	7.364461499590855
Risky second	15.399999999999999	2.0	0.4949721580709131	1.0240824162373263	0.44604154368176085	0.07818554763335817	0.7086193686879027	0.6786756155495989	0.9998771463364751	1.0239566039607402	7.93031809994396	7.664984758827222	7.969162953961035	7.51505232125064
Risky second	16.799999999999997	2.0	0.49688134744702217	1.0220251925752017	0.44878939181825594	0.07086448169687942	0.6934656997329097	0.6625167009413876	0.9996544485203206	1.0216720302576379	8.078911456047027	7.789121155852968	8.123091857525752	7.654175494704019
Risky second	18.2	2.0	0.4949311245894354	1.020347169262216	0.4515191839405278	0.06399738252631598	0.6795171508031158	0.647809604095733	0.9981850135012388	1.0184952529259557	8.21096742773302	7.89774704703323	8.270602736687788	7.785799060848121
Risky second	19.6	2.0	0.4896463051235297	1.0190132901833924	0.4535765829103867	0.05776906859348563	0.6667729256569986	0.6344405492539522	0.9957093846342239	1.0146410961026013	8.330176624743642	7.994355370767656	8.413752178615859	7.911862862820835
Risky second	21.0	2.0	0.48200592563635397	1.0179410707455303	0.4543088243994282	0.05218615982547653	0.6550991357190475	0.6222313566366262	0.9925883896659152	1.0103964881861034	8.439349295170448	8.081627423314977	8.55269283903954	8.032874814361678
Risky second	22.4	2.0	0.47334755016733	1.0170160947613907	0.45330359739781867	0.047107391143159094	0.6442946808833627	0.6109749692999765	0.9892576442148671	1.0060909460322573	8.540624856347463	8.161626649944562	8.68611482628801	8.148264445396379
Risky second	23.799999999999997	2.0	0.4653130242262442	1.016100396227762	0.4504638071194891	0.04226164589101877	0.6341253617631866	0.6004538348297175	0.9862017942435787	1.00208003389143	8.635627380684971	8.235943299679482	8.811503124518252	8.256608947664162
Risky second	25.2	2.0	0.4593813928041861	1.015071490565813	0.44601444990183453	0.03737883064029979	0.6243843613993659	0.5904822634913119	0.9838307092547636	0.9986585045076538	8.72558110551713	8.305802544502535	8.926298685769323	8.356450724165036
Risky second	26.599999999999998	2.0	0.455553540410824	1.013929050428428	0.4404886541591675	0.03253809139670011	0.615027521415087	0.5810064284786602	0.9821431077185053	0.9958234285938494	8.811396618500618	8.372145559553863	9.03114163166815	8.448472137431398
Risky second	28.0	2.0	0.45347236421583653	1.012703387567999	0.43444239502780113	0.02785608645156651	0.6060480419662939	0.5720037834755499	0.9810383671023847	0.9935008776987632	8.89373562329538	8.435690619140653	9.127374468933306	8.53378912991759
Risky second	7.0	2.2	0.6541147408175193	1.02016902045948	0.42658224385030014	0.04165763854270088	0.7509503712891161	0.7673354970808458	1.0600663424606094	1.0814468422101036	6.517173610424503	6.418421888547788	6.171898521442346	5.9663151303480175
Risky second	8.4	2.2	0.5872097125269918	1.027460341420938	0.4269450608637238	0.0716958335183353	0.7641781115274277	0.7620908666760166	1.034124435479808	1.0625218455498184	6.92291481869755	6.785444404145729	6.722172455805185	6.418303737189015
Risky second	9.8	2.2	0.5607690220598538	1.02954686370147	0.4276862889029404	0.0833598748128318	0.7627122009164233	0.7480692516044479	1.0235284876463528	1.0537705443654113	7.250197675749829	7.077205115030955	7.1122297887270935	6.747082530703481
Risky second	11.2	2.2	0.5550305611484235	1.0285689118237176	0.43128575415742326	0.08475274374294217	0.7520299833728483	0.7298673251770461	1.0205170165123012	1.0496720771716446	7.518990236875449	7.312679245279026	7.3970484744467315	6.9960187728176635
Risky second	12.6	2.2	0.5575467590319713	1.026310189124027	0.434480023182755	0.08083628715102997	0.736886981550219	0.7104738839783895	1.0203065301724232	1.0471509879457395	7.741929991797572	7.505033217542248	7.618652366994859	7.1953829083884395
Risky second	14.0	2.2	0.5618343940691574	1.0237130958558747	0.43665995234007676	0.07426917032681668	0.7203762709703434	0.6915426785862454	1.02057546155563	1.0447764653036522	7.930318099943961	7.664984758827224	7.804030735052567	7.364461499590855
Risky second	15.399999999999999	2.2	0.5646540898258549	1.0212401367953727	0.4383232506852272	0.06664574777650689	0.7041392450445078	0.6738410235571074	1.020260159575907	1.0419306249321683	8.092792293542658	7.800616665356184	7.969162953961035	7.51505232125064
Risky second	16.799999999999997	2.2	0.5646437485022708	1.019089212033139	0.43946172856035837	0.05892643955981547	0.6889152353442022	0.6576361507457638	1.018972172542661	1.0384235484001962	8.235735917576601	7.9179340248172565	8.123091857525752	7.654175494704019
Risky second	18.2	2.2	0.5614928409551692	1.0173130307254117	0.43959938115824004	0.051691276294996036	0.6749486086309991	0.6429333151919938	1.0166975338574573	1.0342996494995818	8.363873515096696	8.021412917187797	8.270602736687788	7.785799060848121
Risky second	19.6	2.2	0.5555190577500725	1.015883693265174	0.4383424668241425	0.045261692005148735	0.6622255182988456	0.6296064849256341	1.013634186609665	1.029734441112867	8.480706081917909	8.114401507942636	8.413752178615859	7.911862862820835
Risky second	21.0	2.2	0.5475020472059362	1.0147251019980619	0.43563833984539274	0.03973847715240242	0.6506007594077646	0.6174670326382975	1.0101058136815102	1.0249797248168058	8.588825493466267	8.199411229878251	8.55269283903954	8.032874814361678
Risky second	22.4	2.2	0.5386187180144836	1.0137289727429923	0.43169649369486074	0.03501913161070058	0.6398635636197216	0.6062991326251341	1.0065156626129184	1.020334088710326	8.69014100660033	8.278327929099449	8.68611482628801	8.148264445396379
Risky second	23.799999999999997	2.2	0.5303907605545676	1.012763538817423	0.42677816570015953	0.030822829936220986	0.6297715254743824	0.5958779375964245	1.003320301768248	1.0161262193861755	8.786042858340476	8.352565345193424	8.811503124518252	8.256608947664162
Risky second	25.2	2.2	0.5242210578953016	1.0117126681647175	0.4211385591961416	0.026826979330770828	0.6201111503875352	0.5860119541961385	1.0009034248266306	1.0126266745065542	8.877521224773101	8.423177212211826	8.926298685769323	8.356450724165036
Risky second	26.599999999999998	2.2	0.5201074439979849	1.0105823250521622	0.4152648807822716	0.023006278083345877	0.6108337404026882	0.5766435071238143	0.9992331167250973	1.0098073263691674	8.965253632491406	8.490939681517998	9.03114163166815	8.448472137431398
Risky second	28.0	2.2	0.5176895082453855	1.0094091905111824	0.4094783072451527	0.01937661130676127	0.6019289819630033	0.5677471579670247	0.9981787160472623	1.0075707697507583	9.04967015475992	8.55641243246267	9.127374468933306	8.53378912991759
Risky second	7.0	2.4000000000000004	0.7320785799286339	1.0178566419210262	0.37754243430246975	0.02770704848630523	0.7483769879341606	0.7644483603770882	1.0918466321896798	1.1113433465333693	6.713113035117603	6.596153748490938	6.171898521442346	5.9663151303480175
Risky second	8.4	2.4000000000000004	0.6629813522011025	1.025156536698912	0.3983183359877281	0.058431371286063016	0.7611634213786903	0.7587217751974198	1.0618823336067251	1.0885956155020289	7.109619989097031	6.9525170945239765	6.722172455805185	6.418303737189015
Risky second	9.8	2.4000000000000004	0.6327486102500947	1.0271214789798921	0.40705489351333435	0.07077341278395055	0.7593630649350174	0.7443366200956912	1.0483800748863492	1.0768136930503172	7.427187435945145	7.2326763551018	7.1122297887270935	6.747082530703481
Risky second	11.2	2.4000000000000004	0.6229645095321097	1.026110875446427	0.4140342574170163	0.07266029677795349	0.7483680913629064	0.7258432611284982	1.0429213741956405	1.0701529642976793	7.684983610707608	7.456186835292962	7.3970484744467315	6.9960187728176635
Risky second	12.6	2.4000000000000004	0.6218922322957886	1.02380192713485	0.4184691060776795	0.0690428762393055	0.73300285775121	0.7062542563609814	1.0407943565635123	1.0655672680008001	7.898212236776648	7.637917001286122	7.618652366994859	7.1953829083884395
Risky second	14.0	2.4000000000000004	0.6233211878142925	1.021125760800561	0.42040425831454753	0.06261709970182916	0.7163565064706806	0.6872120048272089	1.039607705041588	1.0615702087447167	8.078911456047027	7.789121155852968	7.804030735052567	7.364461499590855
Risky second	15.399999999999999	2.4000000000000004	0.6240585253048149	1.0185586956858699	0.42020489637869723	0.05506314431481907	0.7000530558322743	0.669466599062396	1.0382060761180358	1.0574738267439314	8.235735917576601	7.9179340248172565	7.969162953961035	7.51505232125064
Risky second	16.799999999999997	2.4000000000000004	0.6226197473708263	1.016309238180096	0.4179440245961006	0.047486473916279026	0.6848159720311023	0.6532698213375412	1.0361295700381004	1.0530280539812922	8.3749171300791	8.030256903770912	8.123091857525752	7.654175494704019
Risky second	18.2	2.4000000000000004	0.6185062852599573	1.014438633144137	0.41389943506660143	0.04059846016123736	0.6708756840166867	0.6386136295302328	1.0333057365895986	1.0482252590459482	8.500948303669267	8.130388726902595	8.270602736687788	7.785799060848121
Risky second	19.6	2.4000000000000004	0.611887325474325	1.0129264744161515	0.408812013438476	0.0347640479870317	0.6582064068274217	0.6253608410249961	1.0298831636662948	1.0431959220330524	8.617064965241063	8.221471231626689	8.413752178615859	7.911862862820835
Risky second	21.0	2.4000000000000004	0.6034588876745257	1.0117038391137756	0.40355024271737006	0.03003445545573724	0.6466528553131549	0.6133136225748159	1.0261431885211258	1.038153003307274	8.725581105517131	8.305802544502535	8.55269283903954	8.032874814361678
Risky second	22.4	2.4000000000000004	0.594341795867887	1.0106697352125675	0.3986275977345062	0.0262122008695177	0.6359958008141106	0.6022486108353948	1.0224524270255224	1.0333617236893318	8.828125149028839	8.38505878310326	8.68611482628801	8.148264445396379
Risky second	23.799999999999997	2.4000000000000004	0.5859775568001611	1.009700007494492	0.3939943031601864	0.02293346839494892	0.62598573448378	0.5919348046910363	1.019235617679545	1.0291222108096898	8.925807077439204	8.460451624491009	8.811503124518252	8.256608947664162
Risky second	25.2	2.4000000000000004	0.5796615444450092	1.0086863965625414	0.389315288193142	0.01982541511062641	0.6164034158178636	0.5821758891676404	1.0168468790106324	1.0256796142451015	9.01933845968979	8.532841299154754	8.926298685769323	8.356450724165036
Risky second	26.599999999999998	2.4000000000000004	0.5753298570041884	1.0076426453155933	0.38464883642593645	0.01682123913304634	0.6071962630925837	0.5729110577482271	1.0152207933548276	1.0229797657954538	9.109120427470874	8.602818503760995	9.03114163166815	8.448472137431398
Risky second	28.0	2.4000000000000004	0.5725457002826879	1.0066131006120862	0.38006902761676786	0.013945198014678306	0.5983509607537818	0.5641125376867789	1.0141939151804948	1.020900881581749	9.195310023932567	8.67076460646883	9.127374468933306	8.53378912991759
Risky second	7.0	2.6	0.7927742828226864	1.0157701613335266	0.3239285486077389	0.016733237946024215	0.7457764609901839	0.7615772032854164	1.1204790822648347	1.138149218162993	6.88966555509085	6.755540752079316	6.171898521442346	5.9663151303480175
Risky second	8.4	2.6	0.7251748175331045	1.0229803083598783	0.3628137280356703	0.04594752699966731	0.7582182418306199	0.7554584656713459	1.0867478924959606	1.1117216941749657	7.276835949115	7.100713609313717	6.722172455805185	6.418303737189015
Risky second	9.8	2.6	0.6925315259510945	1.024872381049985	0.38025188184147285	0.05856339464994953	0.7561158798917197	0.7407691026032879	1.0703786382889022	1.0970015036481877	7.583821281287134	7.368915393780682	7.1122297887270935	6.747082530703481
Risky second	11.2	2.6	0.6797168152852332	1.0238255943951864	0.3912887243811808	0.06089854276754225	0.7448838296575231	0.722061060469723	1.0626722401438033	1.0879910379124937	7.831264338280891	7.581213516752809	7.3970484744467315	6.9960187728176635
Risky second	12.6	2.6	0.6759899770503484	1.0214433220758645	0.3969272504826917	0.05764748474347714	0.7293749356344346	0.7023496647860381	1.0589018599002318	1.0816082335288044	8.036265276570042	7.7536931021347915	7.618652366994859	7.1953829083884395
Risky second	14.0	2.6	0.6752994594954621	1.018674292250164	0.39757065071375175	0.051602289814038804	0.7126583338337801	0.6832575721021872	1.0565323340537447	1.0762623276316121	8.21096742773302	7.89774704703323	7.804030735052567	7.364461499590855
Risky second	15.399999999999999	2.6	0.6744055193064963	1.0160082203546377	0.3939787736046555	0.04458001698232561	0.6963405236013973	0.6655175013908703	1.0543038959303181	1.0711814250171237	8.363873515096696	8.021412917187797	7.969162953961035	7.51505232125064
Risky second	16.799999999999997	2.6	0.6716911238085033	1.0136640192970459	0.38740938750261444	0.03779865529612192	0.6811298777926691	0.64936652119313	1.0516762466184593	1.0660463711464987	8.500948303669265	8.130388726902595	8.123091857525752	7.654175494704019
Risky second	18.2	2.6	0.6665886100480652	1.0117117967007745	0.37972710445824626	0.03194971076984665	0.6672440530080737	0.6347844408917336	1.0485118743427615	1.060791832253412	8.626371821050716	8.228729976590344	8.270602736687788	7.785799060848121
Risky second	19.6	2.6	0.6592890164025	1.0101395104672863	0.37272233032374685	0.027247462547515533	0.6546465859123575	0.621624200793315	1.0449048510284196	1.0554996747027405	8.74305085762098	8.319326582571845	8.413752178615859	7.911862862820835
Risky second	21.0	2.6	0.6505165096079706	1.008886722370435	0.3673139538227099	0.02356405179693777	0.6431733100140596	0.6096799996665495	1.0410897976710514	1.0503416736656463	8.852967619526575	8.404230299567162	8.55269283903954	8.032874814361678
Risky second	22.4	2.6	0.6413355879014373	1.0078613232197855	0.36339960360821605	0.020597215522680346	0.6325976054504777	0.5987220591339343	1.037392735452731	1.0455480150519825	8.957419892273162	8.484881140342251	8.68611482628801	8.148264445396379
Risky second	23.799999999999997	2.6	0.6330241724866619	1.0069484482357778	0.360240728694813	0.01798601142062095	0.6226637811720368	0.5885142001560287	1.0342028123264335	1.0413889170331796	9.057189338894338	8.562265562690143	8.811503124518252	8.256608947664162
Risky second	25.2	2.6	0.6266695772662779	1.0060492610811582	0.357062551133661	0.015431169413884338	0.6131476060417329	0.5788560854816461	1.031841043468192	1.0380829193343857	9.152662496549095	8.637028471257953	8.926298685769323	8.356450724165036
Risky second	26.599999999999998	2.6	0.622078399511379	1.0051864960940669	0.3538016237373622	0.012946843737347224	0.6039931534596389	0.5696843369633072	1.0302056031220845	1.035548760458763	9.243921014316518	8.709553909393394	9.03114163166815	8.448472137431398
Risky second	28.0	2.6	0.6187058814528227	1.004412799699935	0.3505787299316039	0.010661895998823723	0.5951845707846686	0.5609692771854916	1.0290979828223406	1.0336391860921428	9.330812339557427	8.780024542894267	9.127374468933306	8.53378912991759
Risky second	7.0	2.8	0.8391106388790865	1.0138279395300527	0.2733700226296198	0.008595977325397519	0.7431965673848213	0.7587562114315404	1.1464339158977486	1.162286734761984	7.049706482040485	6.89907285980902	6.171898521442346	5.9663151303480175
Risky second	8.4	2.8	0.7754684881072241	1.020919971514004	0.3261607926154889	0.03496773566708966	0.755348927519322	0.752311626287979	1.1091099826158384	1.1323125318580591	7.427187435945145	7.232676355101799	6.722172455805185	6.418303737189015
Risky second	9.8	2.8	0.7417270259003884	1.022781801954746	0.3515937854193352	0.04747213299836872	0.7529882895225113	0.7373773493378616	1.0899634266194493	1.11479475754261	7.7232415171751265	7.489026465440372	7.1122297887270935	6.747082530703481
Risky second	11.2	2.8	0.7270093941778358	1.0216739255710239	0.36610026407403645	0.05008069215022637	0.7415948767042009	0.7185246747296664	1.0802731691340022	1.1036869293981866	7.961573238970724	7.69125402889701	7.3970484744467315	6.9960187728176635
Risky second	12.6	2.8	0.7214431928003848	1.01920279589087	0.3718070962818627	0.047268888002357956	0.7260051334155353	0.6987494521306675	1.075122622903714	1.0957679831889908	8.159870960193906	7.855913781934336	7.618652366994859	7.1953829083884395
Risky second	14.0	2.8	0.7191180729708821	1.0163345261122885	0.3697493333093347	0.041927548880167476	0.709267864711005	0.6796541492599494	1.0718193199224249	1.089326980591353	8.33017662474364	7.994355370767656	7.804030735052567	7.364461499590855
Risky second	15.399999999999999	2.8	0.7167575016117104	1.013571893996878	0.36215107577327366	0.035966292576444125	0.6929728404070391	0.661954785512963	1.068990178033559	1.083498399413534	8.480706081917909	8.114401507942636	7.969162953961035	7.51505232125064
Risky second	16.799999999999997	2.8	0.7127615303507605	1.0111444413756194	0.352290466775063	0.030534110126020586	0.6778145589222156	0.6458748863156649	1.066008054289711	1.0778881185566809	8.617064965241061	8.221471231626685	8.123091857525752	7.654175494704019
Risky second	18.2	2.8	0.7066949018448501	1.0091320065208655	0.3432712354879216	0.026078430478130965	0.663999204232865	0.6313834236115221	1.0626652356963049	1.0723695015581807	8.74305085762098	8.319326582571845	8.270602736687788	7.785799060848121
Risky second	19.6	2.8	0.6988697214854643	1.0075323079930252	0.3367127484825247	0.022553326259538542	0.6514808466227701	0.6183247229626488	1.0589967800445015	1.0669734699554185	8.861183646684177	8.410570181639097	8.413752178615859	7.911862862820835
Risky second	21.0	2.8	0.6899900326903589	1.0062951197771215	0.3326452230734655	0.019706726544144626	0.6400874977996807	0.6064861416292153	1.0551863918208777	1.0618289165445787	8.9730601028456	8.496979414999501	8.55269283903954	8.032874814361678
Risky second	22.4	2.8	0.6809507213687546	1.0053390320462279	0.3302667618833351	0.01727209646622907	0.6295860469461734	0.5956324483514891	1.0515154810806095	1.0571295559312037	9.07959560885805	8.579733519955454	8.68611482628801	8.148264445396379
Risky second	23.799999999999997	2.8	0.6727777226386995	1.0045600943308968	0.3285731335362118	0.015025854708102915	0.6197153859828248	0.5855230873380718	1.0483338260886903	1.0531143272259247	9.181193988786644	8.659570322136446	8.811503124518252	8.256608947664162
Risky second	25.2	2.8	0.6663103129453644	1.0038700117702979	0.32677910225596135	0.012838348001199762	0.6102469413114097	0.575954337294775	1.0459260781416606	1.0499738243749304	9.277872196634867	8.736896690253786	8.926298685769323	8.356450724165036
Risky second	26.599999999999998	2.8	0.6612168643899917	1.0033008253226825	0.32493239696896653	0.01086280980757115	0.6011219659839976	0.5668606924393255	1.044151960494221	1.047598523726149	9.369357461965597	8.81186858874551	9.03114163166815	8.448472137431398
Risky second	28.0	2.8	0.656847260282638	1.0029126541404296	0.3232767966721685	0.009347892154246362	0.5923226191299881	0.5582109304536275	1.0427774803662193	1.0458147305119547	9.455168437489318	8.884451298433168	9.127374468933306	8.53378912991759
Risky second	7.0	3.0	0.8742712055566595	1.0119862236117894	0.22938552469745552	0.0027441622485006034	0.7406597688748586	0.7560038407755139	1.170076643052654	1.1841014433392147	7.1954790943627165	7.028794833440687	6.171898521442346	5.9663151303480175
Risky second	8.4	3.0	0.8158138415884391	1.0189925638262765	0.2914799845655457	0.025747699897527565	0.7525526948981943	0.7492841164768321	1.1292480642470069	1.1506953801829172	7.562573889209295	7.3505100147638895	6.722172455805185	6.418303737189015
Risky second	9.8	3.0	0.7821994557598971	1.0208158812139243	0.32321393073381993	0.03773683085260793	0.7499994728209627	0.7341692152479956	1.1075427245988767	1.130597202393473	7.848358415462622	7.595724511675686	7.1122297887270935	6.747082530703481
Risky second	11.2	3.0	0.7664810056068304	1.0196284676420921	0.33979321323261386	0.04050277094154664	0.7385072536213793	0.7152298143304955	1.0961280848429107	1.1176433994878383	8.078911456047027	7.789121155852968	7.3970484744467315	6.9960187728176635
Risky second	12.6	3.0	0.7596278064995245	1.017059450488531	0.3441145040743715	0.03828679228541998	0.7228859067497663	0.695436878979088	1.0898423380929292	1.1084344494999305	8.271984357950531	7.9473693474454015	7.618652366994859	7.1953829083884395
Risky second	14.0	3.0	0.7558896879190757	1.0140919194293654	0.3386552393757633	0.03403303261642221	0.7061646791231521	0.6763731896826736	1.0858265877189281	1.101127968507326	8.439349295170448	8.081627423314977	7.804030735052567	7.364461499590855
Risky second	15.399999999999999	3.0	0.7521006497905783	1.0112417350551368	0.3280162162974527	0.029564277243803172	0.6899179033301356	0.6587392323496885	1.082588182560725	1.094758352082895	8.588825493466265	8.199411229878251	7.969162953961035	7.51505232125064
Risky second	16.799999999999997	3.0	0.7469018264652372	1.0087498247663866	0.3171483875731194	0.025712427900781987	0.6748275745609812	0.6427463474944531	1.0794081226188907	1.0888527545432205	8.72558110551713	8.305802544502535	8.123091857525752	7.654175494704019
Risky second	18.2	3.0	0.7400920549534289	1.0067071616531944	0.30897817974118846	0.022572198998856097	0.661089660560776	0.6283539793620646	1.0760039434381434	1.0832208758262578	8.852967619526577	8.404230299567162	8.270602736687788	7.785799060848121
Risky second	19.6	3.0	0.7320244499031847	1.0051230454483013	0.3039966110037081	0.019934432975824423	0.6486498419358214	0.6153989950704503	1.0723472771701938	1.077840961007499	8.9730601028456	8.496979414999501	8.413752178615859	7.911862862820835
Risky second	21.0	3.0	0.7232493584683702	1.0039594045856073	0.30145887776974306	0.017597916612320574	0.6373292089700545	0.6036628832633548	1.0685666159616727	1.0727975035209383	9.08701421172878	8.585526405140826	8.55269283903954	8.032874814361678
Risky second	22.4	3.0	0.7144167730039671	1.0031472478802312	0.30039823506265	0.015463364760274212	0.6268889226425834	0.5929057583303227	1.0648947770461699	1.0682462648758977	9.195310023932565	8.67076460646883	8.68611482628801	8.148264445396379
Risky second	23.799999999999997	3.0	0.7062865340667689	1.0025946387845517	0.2999349779649277	0.013510876278616357	0.6170631391421392	0.5828833396826777	1.0616388668130616	1.0643934361920824	9.297927079332554	8.753158938921537	8.811503124518252	8.256608947664162
Risky second	25.2	3.0	0.6994571336956996	1.0022238732849085	0.29945194392620605	0.0118017978962498	0.6076195890388914	0.5733890455639155	1.0590451468728332	1.0614003290824756	9.394478938635213	8.832855760088476	8.926298685769323	8.356450724165036
Risky second	26.599999999999998	3.0	0.693453816996825	1.0020749050283502	0.2991148323072762	0.01062453677700037	0.5984973458793925	0.5643556310351076	1.0569352118758788	1.0591282520616405	9.484325252290859	8.909764339859455	9.03114163166815	8.448472137431398
Risky second	28.0	3.0	0.6874866780343319	1.0022120689025986	0.2991865112542378	0.010342468868352106	0.5896773629872767	0.5557506899891619	1.0550430045807835	1.0573768324021209	9.566672389513583	8.98362070696975	9.127374468933306	8.53378912991759
Risky second	7.0	3.2	0.9010315920743471	1.0102272677335682	0.1927628324146074	-0.0014011100739845794	0.7381745210481856	0.7533293368050311	1.1916893498963583	1.2038770759329902	7.328722517782168	7.146392288458351	6.171898521442346	5.9663151303480175
Risky second	8.4	3.2	0.8481840004008109	1.0171869534119355	0.2599941896287512	0.01819650411653395	0.7498410075509286	0.7463827752957274	1.147456912616683	1.1671782011160292	7.684983610707608	7.456186835292962	6.722172455805185	6.418303737189015
Risky second	9.8	3.2	0.8156042622888359	1.0189497665804255	0.29589905450707804	0.029392368623904708	0.7471595369497532	0.731146005200194	1.1234533270275833	1.1447425053387583	7.961573238970722	7.69125402889701	7.1122297887270935	6.747082530703481
Risky second	11.2	3.2	0.7994965143567753	1.0176701260382115	0.312907077610686	0.0323038366212558	0.7356193054313481	0.7121670691155875	1.110561176763594	1.1301849327301512	8.185687853928778	7.877081936445157	7.3970484744467315	6.9960187728176635
Risky second	12.6	3.2	0.7916502354869773	1.0149997915550022	0.3148293571268988	0.03091395925576368	0.7200042353083724	0.6923921574659513	1.1033627500943237	1.1199129613552925	8.3749171300791	8.030256903770912	7.618652366994859	7.1953829083884395
Risky second	14.0	3.2	0.7865803997237538	1.0119386116335614	0.30649656212955295	0.028078903961509805	0.7033254232989653	0.673385474042118	1.0988266687221706	1.1119451335726447	8.540624856347465	8.161626649944564	7.804030735052567	7.364461499590855
Risky second	15.399999999999999	3.2	0.7814614997684612	1.0090160481201373	0.29482878313267147	0.025275609063489024	0.6871432633025005	0.6558333848115545	1.0953360584083314	1.1052116610186624	8.69014100660033	8.278327929099449	7.969162953961035	7.51505232125064
Risky second	16.799999999999997	3.2	0.7753106584071895	1.0064857196539663	0.2849956545139225	0.02287472452904682	0.6721285945973852	0.6399364301731716	1.0920756622228374	1.0991585588089343	8.82812514902884	8.38505878310326	8.123091857525752	7.654175494704019
Risky second	18.2	3.2	0.7680763133381934	1.004451588726842	0.27863121507516303	0.02072310700537916	0.6584682966806349	0.6256457433000032	1.0886837546226615	1.0935301269518356	8.957419892273162	8.484881140342251	8.270602736687788	7.785799060848121
Risky second	19.6	3.2	0.7599991673655394	1.0029365945898117	0.2752597430859031	0.018650345666764823	0.6461005830921893	0.6127917433807467	1.0850639769121455	1.0882503699163453	9.07959560885805	8.579733519955456	8.413752178615859	7.911862862820835
Risky second	21.0	3.2	0.75140086389657	1.0019166713918781	0.27395976576640024	0.01664046486300863	0.6348403942889028	0.6011508675967254	1.0812853342128406	1.0833578028793838	9.195310023932565	8.67076460646883	8.55269283903954	8.032874814361678
Risky second	22.4	3.2	0.7426827397374338	1.0013364155911446	0.2739508903321761	0.014809216719062879	0.6244438573307048	0.5904792358417572	1.0775286365582428	1.0789686626280441	9.304558521640384	8.758555875068838	8.68611482628801	8.148264445396379
Risky second	23.799999999999997	3.2	0.7343505100061779	1.0011158564885936	0.2745952200829939	0.013338191903806695	0.6146410911800054	0.5805293904787999	1.0740564964481703	1.0752549893588481	9.406862061566828	8.843275581116197	8.811503124518252	8.256608947664162
Risky second	25.2	3.2	0.7267537733452437	1.0011860637145455	0.275442825846369	0.01246270133114602	0.6051969025251287	0.5710923581102877	1.071077503086816	1.0723478692486934	9.50142162346129	8.924790661721993	8.926298685769323	8.356450724165036
Risky second	26.599999999999998	3.2	0.7192189580472441	1.0015908559463553	0.276715893135996	0.01261352865279275	0.5960490845725834	0.5620995567978154	1.0683798071218893	1.0700794454910152	9.587256361356578	9.00275332134842	9.03114163166815	8.448472137431398
Risky second	28.0	3.2	0.7107149422098344	1.0023920639885795	0.2787040791493681	0.014323146245149188	0.5871785453367651	0.5535178351542069	1.065674871704494	1.0682240341886322	9.663334509137968	9.07667283426383	9.127374468933306	8.53378912991759
Risky second	7.0	3.4000000000000004	0.9215466403461018	1.0085531343815666	0.16286451749360326	-0.004294292200417216	0.7357411465240261	0.7507362118403611	1.2114827084731363	1.2218446828796512	7.45074317321819	7.253243839512985	6.171898521442346	5.9663151303480175
Risky second	8.4	3.4000000000000004	0.8742918015175961	1.0154800410075164	0.23183210931151596	0.012097037022173907	0.7472276087699259	0.7436135528589877	1.1640202884899367	1.182039370289342	7.796323736901791	7.551485486576918	6.722172455805185	6.418303737189015
Risky second	9.8	3.4000000000000004	0.8432901134628495	1.0171652767537898	0.2697910016755828	0.0223894988731983	0.7444721420501844	0.7283045618247028	1.1379729263326144	1.1575065465514338	8.06486619300612	7.777471415413918	7.1122297887270935	6.747082530703481
Risky second	11.2	3.4000000000000004	0.827138629015866	1.0157857427679715	0.28583826058722195	0.025530770536144165	0.7329245017408101	0.7093240531360226	1.1238328986679431	1.141573435720499	8.283837711872073	7.95696688471101	7.3970484744467315	6.9960187728176635
Risky second	12.6	3.4000000000000004	0.8184231792402171	1.0130155808002748	0.28522658784552	0.025202226599121746	0.717344218584984	0.6895943746731721	1.115920042185165	1.130444389660872	8.470478463905224	8.106310418907022	7.618652366994859	7.1953829083884395
Risky second	14.0	3.4000000000000004	0.8121087460410606	1.0098715727518186	0.27551563460012063	0.023946048584896906	0.700725962211656	0.6706626190033713	1.111026470935556	1.1219940495725926	8.635627380684973	8.235943299679482	7.804030735052567	7.364461499590855
Risky second	15.399999999999999	3.4000000000000004	0.805896164545657	1.0068978487653264	0.26474821439718366	0.022688704468529663	0.6846177025760272	0.653202524033253	1.1074072020874688	1.1150459294891013	8.786042858340476	8.352565345193424	7.969162953961035	7.51505232125064
Risky second	16.799999999999997	3.4000000000000004	0.7991307727304131	1.0043625154288667	0.25690362693047125	0.02140281472971084	0.6696803534066332	0.6374051444282636	1.104146369619564	1.1089632251927564	8.925807077439206	8.460451624491009	8.123091857525752	7.654175494704019
Risky second	18.2	3.4000000000000004	0.7917381606670502	1.0023846723688374	0.25232899664011693	0.01990928679595161	0.6560926808493378	0.6232143826491919	1.100798254196697	1.1034232973771443	9.057189338894336	8.562265562690142	8.270602736687788	7.785799060848121
Risky second	19.6	3.4000000000000004	0.7837549282888808	1.0010029214207827	0.25023447305259994	0.01822908288536873	0.6437862244036109	0.6104550696453466	1.097193875527949	1.0982942747684674	9.181193988786644	8.659570322136446	8.413752178615859	7.911862862820835
Risky second	21.0	3.4000000000000004	0.7752698294473692	1.0002085449044005	0.24988846641081094	0.016574523419740528	0.6325704798317904	0.5988992743286294	1.0933390023576173	1.0935670126353412	9.297927079332554	8.753158938921537	8.55269283903954	8.032874814361678
Risky second	22.4	3.4000000000000004	0.7664470615449596	0.9999597579279587	0.25079059866413655	0.015261414504859183	0.6221972593581133	0.5882996845053172	1.0893605699429882	1.0893167318164536	9.406862061566828	8.843275581116197	8.68611482628801	8.148264445396379
Risky second	23.799999999999997	3.4000000000000004	0.7575251877622063	1.000186598389379	0.25254618086336666	0.014647091894905317	0.6123934786331147	0.5784061649772791	1.0854778324485572	1.0856803808637987	9.507052621090397	8.929771914078788	8.811503124518252	8.256608947664162
Risky second	25.2	3.4000000000000004	0.7485476435348463	1.0008243229042928	0.254876724408105	0.01514836780431339	0.6029220514530772	0.5690078313896234	1.08186709697556	1.0827589048029977	9.597320535230976	9.01222554676873	8.926298685769323	8.356450724165036
Risky second	26.599999999999998	3.4000000000000004	0.7385387381896723	1.0019129390663495	0.2581707021556457	0.01739544863722231	0.593720779733767	0.5600352523779557	1.0782943510113467	1.0803570624004204	9.676432834442315	9.090037020983354	9.03114163166815	8.448472137431398
Risky second	28.0	3.4000000000000004	0.7261473694584504	1.0035006244809763	0.2629748883171202	0.022131058307332085	0.5847721709752053	0.5514551198311946	1.0744665776934608	1.0782278816993254	9.743273129522825	9.162515044924652	9.127374468933306	8.53378912991759
Risky second	7.0	3.6	0.9374033117344069	1.0069742334367051	0.1385175223904746	-0.006256443533501743	0.7333582559583929	0.7482256923767051	1.2296226202896656	1.2381982954826187	7.562573889209295	7.3505100147638895	6.171898521442346	5.9663151303480175
Risky second	8.4	3.6	0.8954831322890242	1.013854086741344	0.20664579430073415	0.0072347399664641765	0.7447208376158923	0.7409785321435083	1.1791788726416375	1.1955153190267749	7.898212236776648	7.637917001286122	6.722172455805185	6.418303737189015
Risky second	9.8	3.6	0.8663146618886771	1.0154491589922043	0.24485135893592827	0.01664550552834121	0.7419364832144767	0.7256387973864221	1.1513305964299232	1.1691176858667585	8.159870960193905	7.855913781934336	7.1122297887270935	6.747082530703481
Risky second	11.2	3.6	0.8502697917906221	1.0139664671554578	0.25912758768130106	0.020154800802621553	0.7304133716343748	0.7066868536380131	1.136152680973235	1.152020720075633	8.3749171300791	8.030256903770912	7.3970484744467315	6.9960187728176635
Risky second	12.6	3.6	0.8407502700759261	1.0111024239201345	0.25670904932908106	0.021044665334216117	0.7148887307068504	0.6870226764677332	1.1276988952321543	1.140219086421289	8.56008289148206	8.176900706193193	7.618652366994859	7.1953829083884395
Risky second	14.0	3.6	0.8333683677502505	1.0078914188506607	0.24733209778244034	0.021308140484949	0.6983426201931248	0.6681778801329797	1.1225819647229185	1.1314407292007447	8.72558110551713	8.305802544502535	7.804030735052567	7.364461499590855
Risky second	15.399999999999999	3.6	0.8263869771597209	1.0048938476060276	0.23855629664974584	0.021286183458096852	0.6823120056707318	0.650815034602711	1.1189250639020587	1.1244009126473602	8.8775212247731	8.423177212211826	7.969162953961035	7.51505232125064
Risky second	16.799999999999997	3.6	0.8193076338258279	1.0023944730523513	0.23273941060608097	0.020768011477850123	0.6674489520204858	0.6351169009692162	1.1157070893214824	1.11837861988118	9.01933845968979	8.532841299154754	8.123091857525752	7.654175494704019
Risky second	18.2	3.6	0.8119057598377651	1.0005297433584528	0.2295922747088963	0.01973765508395131	0.6539249485497343	0.6210210838401862	1.1123933871752134	1.1129826701840564	9.152662496549095	8.637028471257953	8.270602736687788	7.785799060848121
Risky second	19.6	3.6	0.8039982960034318	0.9993555429870272	0.22845899151957536	0.01846267096945664	0.6416655770034092	0.6083475513543557	1.1087380809252616	1.1080235468934594	9.277872196634869	8.736896690253786	8.413752178615859	7.911862862820835
Risky second	21.0	3.6	0.7954533163745768	0.9988788017256104	0.22890760843240848	0.01736320554938031	0.6304756106515542	0.5968645895834508	1.1046813746619142	1.1034428078108929	9.394478938635213	8.832855760088476	8.55269283903954	8.032874814361678
Risky second	22.4	3.6	0.7861851220860272	0.9990695378957063	0.23073257829418517	0.01692083655850729	0.6201033987995752	0.5863219699501926	1.1002974056389923	1.0992736205995925	9.50142162346129	8.924790661721993	8.68611482628801	8.148264445396379
Risky second	23.799999999999997	3.6	0.7761100617622794	0.9998630809629488	0.23382761214829648	0.017668465899523866	0.6102737463246883	0.5764673924631939	1.0957680038222692	1.0956179723223545	9.597320535230978	9.012225546768732	8.811503124518252	8.256608947664162
Risky second	25.2	3.6	0.7648770916175197	1.0011906011069545	0.23824509351877893	0.02024916368021845	0.6007490857512682	0.5670886222939295	1.0912493695739005	1.0925486122812786	9.680714132228754	9.094455041831978	8.926298685769323	8.356450724165036
Risky second	26.599999999999998	3.6	0.7511480323236864	1.0030760903423839	0.24472681872084742	0.025510836973512863	0.591468998531496	0.5581160188780092	1.086505303373342	1.0898474918439978	9.750287230926304	9.170658190054278	9.03114163166815	8.448472137431398
Risky second	28.0	3.6	0.73332511777136	1.0055376088198984	0.2538341220910613	0.034277074744256786	0.5824197491100104	0.5495169155179901	1.0812665043857597	1.087254135317107	9.805089418329372	9.240003026830358	9.127374468933306	8.53378912991759
Risky second	7.0	3.8000000000000003	0.9497971658548607	1.0054803581138447	0.1184784022199575	-0.007539482499254513	0.7310344488243437	0.7458023895278445	1.2463009818330513	1.2531311575311328	7.665398399758294	7.439339230332766	6.171898521442346	5.9663151303480175
Risky second	8.4	3.8000000000000003	0.912785479939204	1.0122955123071065	0.18397590107336487	0.0034226565563281186	0.7423249619974243	0.7384769854758432	1.1931366391705243	1.207806865401505	7.992020583749885	7.716765109858929	6.722172455805185	6.418303737189015
Risky second	9.8	3.8000000000000003	0.8855018760048694	1.013791830088705	0.22109730001121675	0.012059742052994538	0.7395487467502931	0.7231407962612948	1.1637154505629126	1.1797652163286771	8.247936322525387	7.927855646168198	7.1122297887270935	6.747082530703481
Risky second	11.2	3.8000000000000003	0.869602949330675	1.0122066362096178	0.23346480934754907	0.01607448638063036	0.7280748188423004	0.7042409910896641	1.1476889681477418	1.161698389863713	8.46017761852989	8.098152171163274	7.3970484744467315	6.9960187728176635
Risky second	12.6	3.8000000000000003	0.8593708669695727	1.009258834652321	0.2304439361674807	0.01820622588456222	0.7126204489929524	0.684656965403148	1.1388432320550292	1.1493875932355415	8.644832708771244	8.2431122808563	7.618652366994859	7.1953829083884395
Risky second	14.0	3.8000000000000003	0.8511853697299215	1.0060016330655313	0.2226527887276511	0.019753115316341163	0.6961528551833481	0.665906523547432	1.1336091407516982	1.140412646854222	8.811396618500618	8.372145559553863	7.804030735052567	7.364461499590855
Risky second	15.399999999999999	3.8000000000000003	0.8437535623446026	1.003013746118302	0.21609972402296254	0.020613315619171235	0.6801992672972442	0.6486424296712414	1.1299740313515132	1.1333794862022808	8.965253632491406	8.490939681517998	7.969162953961035	7.51505232125064
Risky second	16.799999999999997	3.8000000000000003	0.8365604007562079	1.0005989542137874	0.21195450937228852	0.020623913921757664	0.6654038255505773	0.6330402003811791	1.126806568777309	1.1274814743198016	9.109120427470874	8.602818503760995	8.123091857525752	7.654175494704019
Risky second	18.2	3.8000000000000003	0.829185456302198	0.9989130219464003	0.20987403594931198	0.020023462459042074	0.6519314815641343	0.6190319371935891	1.1234783133366257	1.1222571170663336	9.243921014316518	8.709553909393394	8.270602736687788	7.785799060848121
Risky second	19.6	3.8000000000000003	0.8212381255430244	0.998029866288686	0.2095061735886742	0.019309515030980884	0.6397025710545869	0.6064333666638636	1.1196633349025333	1.1174574484211195	9.369357461965599	8.811868588745511	8.413752178615859	7.911862862820835
Risky second	21.0	3.8000000000000003	0.8123605057962924	0.9979706791606318	0.21074908533756356	0.019066075830665996	0.6285179812115766	0.5950095246567129	1.1152366340354574	1.1129734610931823	9.484325252290859	8.909764339859455	8.55269283903954	8.032874814361678
Risky second	22.4	3.8000000000000003	0.8021717702833749	0.9987128303484376	0.213755984564531	0.0199257135353772	0.6181236962159803	0.5845077911011143	1.1102252969811623	1.1087962486724914	9.587256361356578	9.00275332134842	8.68611482628801	8.148264445396379
Risky second	23.799999999999997	3.8000000000000003	0.7901882608607528	1.0001886007582075	0.21887473426763046	0.0226273843607131	0.6082438737574771	0.5746742899349812	1.1047864607043807	1.1049948242685268	9.676432834442315	9.090037020983354	8.811503124518252	8.256608947664162
Risky second	25.2	3.8000000000000003	0.77561292262039	1.0023122681383623	0.22662548038863922	0.02804946121124885	0.5986423420530097	0.5652961394774432	1.0990771504993586	1.1016185115760602	9.750287230926306	9.17065819005428	8.926298685769323	8.356450724165036
Risky second	26.599999999999998	3.8000000000000003	0.7567913944907732	1.005074238695791	0.23776415998096836	0.03714710039432423	0.5892627335488361	0.5563043372884849	1.0928892978859142	1.0984348790514626	9.807689965179105	9.243638778231464	9.03114163166815	8.448472137431398
Risky second	28.0	3.8000000000000003	0.7320114320020883	1.0084395092435279	0.252033286796561	0.050595881760587935	0.5800976517824844	0.5476679018536831	1.0860170521996075	1.095182503150275	9.84821767748597	9.308109151658643	9.127374468933306	8.53378912991759
Risky second	7.0	4.0	0.9595887863383057	1.0040576732933741	0.1017029761424235	-0.008319601180903469	0.7287783349143443	0.743470000792613	1.2616994497970464	1.2668190139587527	7.760334977331158	7.520774083581992	6.171898521442346	5.9663151303480175
Risky second	8.4	4.0	0.926977208134055	1.0107939419728975	0.16343237721603635	0.0005025834324819956	0.7400412463474997	0.7361061940129391	1.2060664822367506	1.2190846938614708	8.078911456047026	7.789121155852968	6.722172455805185	6.418303737189015
Risky second	9.8	4.0	0.9015039508915355	1.0121864692209797	0.1986666595955138	0.008515569448097171	0.7373031655050221	0.7208015980514415	1.1752837256557918	1.1896062846044144	8.330176624743642	7.994355370767656	7.1122297887270935	6.747082530703481
Risky second	11.2	4.0	0.8857534571451053	1.0105030028927042	0.209537872022463	0.013124628919848225	0.7258970006343997	0.7019720396009758	1.1585771226768433	1.1707456615477392	8.540624856347463	8.161626649944562	7.3970484744467315	6.9960187728176635
Risky second	12.6	4.0	0.8749611917694639	1.0074856049025371	0.20709926013827534	0.01638276614334977	0.7105224712130148	0.6824782836523293	1.1494644464206907	1.1580688831161094	8.72558110551713	8.305802544502535	7.618652366994859	7.1953829083884395
Risky second	14.0	4.0	0.8662655365564453	1.00420802899836	0.2014424385501361	0.01889554937900939	0.6941355873538265	0.663825940395888	1.1441922461092815	1.1490070402606078	8.89373562329538	8.435690619140653	7.804030735052567	7.364461499590855
Risky second	15.399999999999999	4.0	0.858629208039832	1.0012696950042637	0.19685222098025956	0.02035162448530592	0.6782549440155442	0.6466591975265695	1.1406075510929088	1.142055774802357	9.04967015475992	8.556412432462668	7.969162953961035	7.51505232125064
Risky second	16.799999999999997	4.0	0.8514172674076002	0.9989957142009809	0.1939755344073583	0.02079188417777411	0.6635175552908652	0.6311472331587547	1.1374635792999277	1.1363212407803354	9.195310023932565	8.67076460646883	8.123091857525752	7.654175494704019
Risky second	18.2	4.0	0.8440150682827118	0.9975625020053797	0.1927120183662472	0.020715394111946228	0.6500825362112497	0.6172173251207691	1.1340339292586379	1.1312697238302385	9.330812339557427	8.780024542894267	8.270602736687788	7.785799060848121
Risky second	19.6	4.0	0.8358297569444731	0.9970613252894729	0.19306601708353244	0.020799039029809285	0.6378657689296082	0.6046815139902598	1.1299116701193697	1.1265912272692604	9.455168437489318	8.884451298433168	8.413752178615859	7.911862862820835
Risky second	21.0	4.0	0.8262487733566797	0.9975238477957573	0.19532710769960848	0.021756321739310525	0.6266653083736524	0.5933021153253653	1.124911226743327	1.1221257753296492	9.566672389513583	8.98362070696975	8.55269283903954	8.032874814361678
Risky second	22.4	4.0	0.814532992064509	0.9989268927673641	0.20016081235068098	0.024382737732136284	0.616226222821042	0.5828247090310594	1.1190249407928337	1.117824107035369	9.663334509137968	9.07667283426383	8.68611482628801	8.148264445396379
Risky second	23.799999999999997	4.0	0.7997392059673362	1.0011869262482511	0.20848552331242573	0.029637626258539718	0.6062739387862812	0.5729945665961808	1.1124066676555437	1.1137270123281136	9.743273129522825	9.162515044924652	8.811503124518252	8.256608947664162
Risky second	25.2	4.0	0.7806309590236284	1.0041832072583357	0.2209637901283036	0.038563725241875124	0.5965760426630573	0.5635990580967212	1.1052455079690104	1.1098689790001892	9.805089418329372	9.240003026830358	8.926298685769323	8.356450724165036
Risky second	26.599999999999998	4.0	0.7552935496710872	1.0078485041493928	0.23762202412331374	0.05206566139674629	0.5870829040731195	0.5545709066658265	1.097403447503399	1.1060164230146872	9.848217677485968	9.308109151658643	9.03114163166815	8.448472137431398
Risky second	28.0	4.0	0.722084320985515	1.0120627649181446	0.256412785382445	0.07039604557875079	0.5777962219221207	0.5458821098074041	1.0887912782770917	1.1019251115118744	9.87325037470381	9.36608005026591	9.127374468933306	8.53378912991759
