label	space	form	placement	memory_model	channel	condition	x	lo	mid	hi	p_gt0
log-cspl3-percpmu.mapjitter.klw	log	cspl3	percpmu	independent	perc	ips	6.999999999999999	0.12983988284801568	0.1726868567381755	0.22334881808283125	
log-cspl3-percpmu.mapjitter.klw	log	cspl3	percpmu	independent	perc	ips	7.515760138376834	0.13698117603077628	0.17672164046124134	0.22348771764779027	
log-cspl3-percpmu.mapjitter.klw	log	cspl3	percpmu	independent	perc	ips	8.069521493944878	0.143676713652493	0.18076998158750646	0.2239253906927363	
log-cspl3-percpmu.mapjitter.klw	log	cspl3	percpmu	independent	perc	ips	8.664083997137997	0.15011067930877187	0.18476414496346905	0.2246636499285684	
log-cspl3-percpmu.mapjitter.klw	log	cspl3	percpmu	independent	perc	ips	9.302453877319767	0.15606235017753745	0.18874801539013913	0.2259180528742647	
log-cspl3-percpmu.mapjitter.klw	log	cspl3	percpmu	independent	perc	ips	9.987858862892702	0.1615055479050157	0.19273317750608587	0.22752145320312947	
log-cspl3-percpmu.mapjitter.klw	log	cspl3	percpmu	independent	perc	ips	10.723764501351818	0.16636910135597235	0.19662413135594142	0.22982958212196453	
log-cspl3-percpmu.mapjitter.klw	log	cspl3	percpmu	independent	perc	ips	11.513891681800072	0.1708467616576405	0.20050851349951693	0.23272202838474285	
log-cspl3-percpmu.mapjitter.klw	log	cspl3	percpmu	independent	perc	ips	12.36223544852308	0.17488028280679987	0.20427215040790786	0.23629680855771337	
log-cspl3-percpmu.mapjitter.klw	log	cspl3	percpmu	independent	perc	ips	13.273085200748401	0.17842622204801284	0.2079440753054332	0.2402810478259687	
log-cspl3-percpmu.mapjitter.klw	log	cspl3	percpmu	independent	perc	ips	14.25104638072347	0.1816925040739079	0.21155089628929452	0.24434912174936352	
log-cspl3-percpmu.mapjitter.klw	log	cspl3	percpmu	independent	perc	ips	15.301063759771553	0.18453861768775948	0.21507782788102034	0.24883485878127776	
log-cspl3-percpmu.mapjitter.klw	log	cspl3	percpmu	independent	perc	ips	16.428446440064768	0.1872814566829789	0.21849958837363803	0.2533438229996926	
log-cspl3-percpmu.mapjitter.klw	log	cspl3	percpmu	independent	perc	ips	17.638894698528226	0.18985989596278943	0.22189421912558346	0.2578647663408045	
log-cspl3-percpmu.mapjitter.klw	log	cspl3	percpmu	independent	perc	ips	18.93852880860355	0.1924629411603627	0.22518906150164664	0.2622482615989868	
log-cspl3-percpmu.mapjitter.klw	log	cspl3	percpmu	independent	perc	ips	20.33391998560055	0.19501639212457964	0.22840376494306242	0.26646905351108585	
log-cspl3-percpmu.mapjitter.klw	log	cspl3	percpmu	independent	perc	ips	21.832123612102944	0.197689011853463	0.23154340795336598	0.2702168708270153	
log-cspl3-percpmu.mapjitter.klw	log	cspl3	percpmu	independent	perc	ips	23.440714911422706	0.20032687609467817	0.23458963577303907	0.27373251133721405	
log-cspl3-percpmu.mapjitter.klw	log	cspl3	percpmu	independent	perc	ips	25.16782724947517	0.2030543786496904	0.23755911608007196	0.2769944028786732	
log-cspl3-percpmu.mapjitter.klw	log	cspl3	percpmu	independent	perc	ips	27.0221932587371	0.20570362531906644	0.2404602415121873	0.279996030753687	
log-cspl3-percpmu.mapjitter.klw	log	cspl3	percpmu	independent	perc	ips	29.01318899221878	0.2085453741541746	0.24330717130379695	0.282921076240825	
log-cspl3-percpmu.mapjitter.klw	log	cspl3	percpmu	independent	perc	ips	31.150881330701633	0.21143418559830066	0.2460592511898529	0.2854190117618936	
log-cspl3-percpmu.mapjitter.klw	log	cspl3	percpmu	independent	perc	ips	33.44607888294205	0.2142453402426816	0.24874643833777055	0.28776441173203615	
log-cspl3-percpmu.mapjitter.klw	log	cspl3	percpmu	independent	perc	ips	35.910386636203285	0.21694272318620186	0.2513959640450316	0.2901918552392726	
log-cspl3-percpmu.mapjitter.klw	log	cspl3	percpmu	independent	perc	ips	38.55626463343953	0.2194350526776663	0.25392186261007776	0.2924274139806798	
log-cspl3-percpmu.mapjitter.klw	log	cspl3	percpmu	independent	perc	ips	41.397090973816184	0.2218295489826671	0.2564337253101344	0.294839817391162	
log-cspl3-percpmu.mapjitter.klw	log	cspl3	percpmu	independent	perc	ips	44.44722945510957	0.2241013418531755	0.25890743051953424	0.29722436661824775	
log-cspl3-percpmu.mapjitter.klw	log	cspl3	percpmu	independent	perc	ips	47.722102200000165	0.2260076625072144	0.2613077306712193	0.29977800246805025	
log-cspl3-percpmu.mapjitter.klw	log	cspl3	percpmu	independent	perc	ips	51.23826763347237	0.2277780845547646	0.2637063619769595	0.30254932801566786	
log-cspl3-percpmu.mapjitter.klw	log	cspl3	percpmu	independent	perc	ips	55.01350420559078	0.22905645384540213	0.26609930396828396	0.30565798520522425	
log-cspl3-percpmu.mapjitter.klw	log	cspl3	percpmu	independent	perc	ips	59.0669002829722	0.2301091462128041	0.2683609229863104	0.30902352638234815	
log-cspl3-percpmu.mapjitter.klw	log	cspl3	percpmu	independent	perc	ips	63.4189506634631	0.2305327088783344	0.27073803021196463	0.3127328644495002	
log-cspl3-percpmu.mapjitter.klw	log	cspl3	percpmu	independent	perc	ips	68.0916602020204	0.23064981144668797	0.2730035890220885	0.3165985306297036	
log-cspl3-percpmu.mapjitter.klw	log	cspl3	percpmu	independent	perc	ips	73.10865507174931	0.23027947327952641	0.2752872650522247	0.32082851868282797	
log-cspl3-percpmu.mapjitter.klw	log	cspl3	percpmu	independent	perc	ips	78.49530222265639	0.2296240628336963	0.2774597633628373	0.32503157424819945	
log-cspl3-percpmu.mapjitter.klw	log	cspl3	percpmu	independent	perc	ips	84.27883764212618	0.2286418932091211	0.27966987265348053	0.3297077455029052	
log-cspl3-percpmu.mapjitter.klw	log	cspl3	percpmu	independent	perc	ips	90.48850406563211	0.2272484886471018	0.2818496792095745	0.33476280493591926	
log-cspl3-percpmu.mapjitter.klw	log	cspl3	percpmu	independent	perc	ips	97.15569883397539	0.2258369392545664	0.28398900113200565	0.33997501738535607	
log-cspl3-percpmu.mapjitter.klw	log	cspl3	percpmu	independent	perc	ips	104.31413264464811	0.22416355804484164	0.28613837722185703	0.3452680037708707	
log-cspl3-percpmu.mapjitter.klw	log	cspl3	percpmu	independent	perc	ips	111.99999999999996	0.22251956252749233	0.2883239575574423	0.35079562340716397	
log-cspl3-percpmu.mapjitter.klw	log	cspl3	percpmu	independent	perc	vertex	6.999999999999999	0.10769718811559707	0.15078464577187478	0.20362915646822718	
log-cspl3-percpmu.mapjitter.klw	log	cspl3	percpmu	independent	perc	vertex	7.515760138376834	0.11444064937784297	0.15428321300508313	0.20309610283257903	
log-cspl3-percpmu.mapjitter.klw	log	cspl3	percpmu	independent	perc	vertex	8.069521493944878	0.12085069141632217	0.15777093432591582	0.20278378870335212	
log-cspl3-percpmu.mapjitter.klw	log	cspl3	percpmu	independent	perc	vertex	8.664083997137997	0.12667288848582914	0.16133855259242505	0.20267289842536482	
log-cspl3-percpmu.mapjitter.klw	log	cspl3	percpmu	independent	perc	vertex	9.302453877319767	0.13222437987377378	0.1648744034837525	0.2030924094930199	
log-cspl3-percpmu.mapjitter.klw	log	cspl3	percpmu	independent	perc	vertex	9.987858862892702	0.13733467345557432	0.16836214273186284	0.20409473265066727	
log-cspl3-percpmu.mapjitter.klw	log	cspl3	percpmu	independent	perc	vertex	10.723764501351818	0.14184712900205368	0.17181127165410615	0.20564542453513662	
log-cspl3-percpmu.mapjitter.klw	log	cspl3	percpmu	independent	perc	vertex	11.513891681800072	0.14584854312482579	0.17526999178750435	0.20792194309776454	
log-cspl3-percpmu.mapjitter.klw	log	cspl3	percpmu	independent	perc	vertex	12.36223544852308	0.14940672140878003	0.17866897845855179	0.21071688483533269	
log-cspl3-percpmu.mapjitter.klw	log	cspl3	percpmu	independent	perc	vertex	13.273085200748401	0.15253796045493653	0.18204284444580293	0.21425828270148248	
log-cspl3-percpmu.mapjitter.klw	log	cspl3	percpmu	independent	perc	vertex	14.25104638072347	0.15550635442683614	0.18532660276509227	0.21844003120061517	
log-cspl3-percpmu.mapjitter.klw	log	cspl3	percpmu	independent	perc	vertex	15.301063759771553	0.1582212150127729	0.18858705186636887	0.2226815170306748	
log-cspl3-percpmu.mapjitter.klw	log	cspl3	percpmu	independent	perc	vertex	16.428446440064768	0.16067767043550898	0.19189356675291272	0.22719001562799312	
log-cspl3-percpmu.mapjitter.klw	log	cspl3	percpmu	independent	perc	vertex	17.638894698528226	0.1631639140058414	0.19522133890516824	0.23169074629911215	
log-cspl3-percpmu.mapjitter.klw	log	cspl3	percpmu	independent	perc	vertex	18.93852880860355	0.16570457047135884	0.1985057740107105	0.236029614506456	
log-cspl3-percpmu.mapjitter.klw	log	cspl3	percpmu	independent	perc	vertex	20.33391998560055	0.16842846520385799	0.2018055627255269	0.24026399992273162	
log-cspl3-percpmu.mapjitter.klw	log	cspl3	percpmu	independent	perc	vertex	21.832123612102944	0.17118716195042408	0.2051058849397906	0.24425270016451908	
log-cspl3-percpmu.mapjitter.klw	log	cspl3	percpmu	independent	perc	vertex	23.440714911422706	0.1741406951088651	0.2084296784258433	0.2479948821497468	
log-cspl3-percpmu.mapjitter.klw	log	cspl3	percpmu	independent	perc	vertex	25.16782724947517	0.1772139996380769	0.21173615249062047	0.2516140543755123	
log-cspl3-percpmu.mapjitter.klw	log	cspl3	percpmu	independent	perc	vertex	27.0221932587371	0.18031473679788937	0.21504895506172794	0.25498692926661287	
log-cspl3-percpmu.mapjitter.klw	log	cspl3	percpmu	independent	perc	vertex	29.01318899221878	0.18346030564847557	0.21839910656435968	0.2583379601358125	
log-cspl3-percpmu.mapjitter.klw	log	cspl3	percpmu	independent	perc	vertex	31.150881330701633	0.1866676261045174	0.2217575639588839	0.26156817469154864	
log-cspl3-percpmu.mapjitter.klw	log	cspl3	percpmu	independent	perc	vertex	33.44607888294205	0.18987250960030214	0.22504837365900654	0.2648728869255067	
log-cspl3-percpmu.mapjitter.klw	log	cspl3	percpmu	independent	perc	vertex	35.910386636203285	0.19304010753551565	0.2283457172154989	0.26830029898254815	
log-cspl3-percpmu.mapjitter.klw	log	cspl3	percpmu	independent	perc	vertex	38.55626463343953	0.19590609547936672	0.23170493757817878	0.271919543898878	
log-cspl3-percpmu.mapjitter.klw	log	cspl3	percpmu	independent	perc	vertex	41.397090973816184	0.19873378932569136	0.2349630316961217	0.27571793383406085	
log-cspl3-percpmu.mapjitter.klw	log	cspl3	percpmu	independent	perc	vertex	44.44722945510957	0.20134023365195783	0.23821329423205267	0.2799265522840219	
log-cspl3-percpmu.mapjitter.klw	log	cspl3	percpmu	independent	perc	vertex	47.722102200000165	0.20357958073848598	0.2413886009029389	0.28445547211355865	
log-cspl3-percpmu.mapjitter.klw	log	cspl3	percpmu	independent	perc	vertex	51.23826763347237	0.20552991375301483	0.2446368125864435	0.28910616197748207	
log-cspl3-percpmu.mapjitter.klw	log	cspl3	percpmu	independent	perc	vertex	55.01350420559078	0.2070416433104454	0.24777402257447156	0.2941066952359772	
log-cspl3-percpmu.mapjitter.klw	log	cspl3	percpmu	independent	perc	vertex	59.0669002829722	0.20823344496273571	0.2509766136544965	0.29972485385415176	
log-cspl3-percpmu.mapjitter.klw	log	cspl3	percpmu	independent	perc	vertex	63.4189506634631	0.2091226389460832	0.2541291294543577	0.3058584182452379	
log-cspl3-percpmu.mapjitter.klw	log	cspl3	percpmu	independent	perc	vertex	68.0916602020204	0.2096607703958452	0.2573214032502813	0.31216379517734066	
log-cspl3-percpmu.mapjitter.klw	log	cspl3	percpmu	independent	perc	vertex	73.10865507174931	0.20994260705437226	0.26051712837979263	0.318880245037922	
log-cspl3-percpmu.mapjitter.klw	log	cspl3	percpmu	independent	perc	vertex	78.49530222265639	0.20973416513311524	0.26375585591689	0.3260245802164052	
log-cspl3-percpmu.mapjitter.klw	log	cspl3	percpmu	independent	perc	vertex	84.27883764212618	0.2091409523156654	0.2669314279476348	0.3330441789236207	
log-cspl3-percpmu.mapjitter.klw	log	cspl3	percpmu	independent	perc	vertex	90.48850406563211	0.20833933535489357	0.27017039779796514	0.3405129525755088	
log-cspl3-percpmu.mapjitter.klw	log	cspl3	percpmu	independent	perc	vertex	97.15569883397539	0.2073897715436666	0.2734642124130945	0.34805456979770405	
log-cspl3-percpmu.mapjitter.klw	log	cspl3	percpmu	independent	perc	vertex	104.31413264464811	0.20617419978526133	0.2766242281811057	0.3557914649939957	
log-cspl3-percpmu.mapjitter.klw	log	cspl3	percpmu	independent	perc	vertex	111.99999999999996	0.20499847274912816	0.2798412836989519	0.36398011167274474	
log-cspl3-percpmu.mapjitter.klw	log	cspl3	percpmu	independent	mem	ips	6.999999999999999	0.06219427761586068	0.09692813483834758	0.1413691290727752	
log-cspl3-percpmu.mapjitter.klw	log	cspl3	percpmu	independent	mem	ips	7.515760138376834	0.064227090223516	0.09691383631888814	0.13841521632144954	
log-cspl3-percpmu.mapjitter.klw	log	cspl3	percpmu	independent	mem	ips	8.069521493944878	0.06613052488877572	0.09690133990897659	0.13582925976258986	
log-cspl3-percpmu.mapjitter.klw	log	cspl3	percpmu	independent	mem	ips	8.664083997137997	0.06759537451172289	0.0968714933498695	0.13335700974953818	
log-cspl3-percpmu.mapjitter.klw	log	cspl3	percpmu	independent	mem	ips	9.302453877319767	0.06874131271449184	0.09677348753524086	0.13142846074891054	
log-cspl3-percpmu.mapjitter.klw	log	cspl3	percpmu	independent	mem	ips	9.987858862892702	0.0695736295276571	0.0966199544413402	0.1298679983649854	
log-cspl3-percpmu.mapjitter.klw	log	cspl3	percpmu	independent	mem	ips	10.723764501351818	0.07004952138029848	0.09644354277954353	0.12883629836068317	
log-cspl3-percpmu.mapjitter.klw	log	cspl3	percpmu	independent	mem	ips	11.513891681800072	0.07014805083569943	0.09612629107599044	0.1283851206087859	
log-cspl3-percpmu.mapjitter.klw	log	cspl3	percpmu	independent	mem	ips	12.36223544852308	0.0698956576786801	0.09573767929460777	0.1279745769769779	
log-cspl3-percpmu.mapjitter.klw	log	cspl3	percpmu	independent	mem	ips	13.273085200748401	0.0692943774994561	0.0953043470682737	0.12790355549069712	
log-cspl3-percpmu.mapjitter.klw	log	cspl3	percpmu	independent	mem	ips	14.25104638072347	0.06842256129907318	0.09480457098807611	0.12806555077767567	
log-cspl3-percpmu.mapjitter.klw	log	cspl3	percpmu	independent	mem	ips	15.301063759771553	0.06748038485235065	0.09422589834710854	0.12830374229777333	
log-cspl3-percpmu.mapjitter.klw	log	cspl3	percpmu	independent	mem	ips	16.428446440064768	0.06621540016025237	0.09353710828276221	0.1286057925877456	
log-cspl3-percpmu.mapjitter.klw	log	cspl3	percpmu	independent	mem	ips	17.638894698528226	0.06507256399576283	0.09278155895723494	0.1286813999632599	
log-cspl3-percpmu.mapjitter.klw	log	cspl3	percpmu	independent	mem	ips	18.93852880860355	0.06365270529755826	0.09189966104003461	0.1286898450527402	
log-cspl3-percpmu.mapjitter.klw	log	cspl3	percpmu	independent	mem	ips	20.33391998560055	0.062205316273928085	0.09093486148375922	0.12851912394932763	
log-cspl3-percpmu.mapjitter.klw	log	cspl3	percpmu	independent	mem	ips	21.832123612102944	0.06081312371837881	0.08987663452914708	0.12789867370164584	
log-cspl3-percpmu.mapjitter.klw	log	cspl3	percpmu	independent	mem	ips	23.440714911422706	0.05954865157307275	0.08873764193317829	0.12700970837971093	
log-cspl3-percpmu.mapjitter.klw	log	cspl3	percpmu	independent	mem	ips	25.16782724947517	0.05830040416233338	0.08748445218946449	0.12582629126642403	
log-cspl3-percpmu.mapjitter.klw	log	cspl3	percpmu	independent	mem	ips	27.0221932587371	0.057139381514252234	0.0861551903657543	0.12427046932291348	
log-cspl3-percpmu.mapjitter.klw	log	cspl3	percpmu	independent	mem	ips	29.01318899221878	0.05591949472512393	0.0847227893280787	0.12245688090058135	
log-cspl3-percpmu.mapjitter.klw	log	cspl3	percpmu	independent	mem	ips	31.150881330701633	0.05483780197865953	0.08320938882788448	0.12032808466488483	
log-cspl3-percpmu.mapjitter.klw	log	cspl3	percpmu	independent	mem	ips	33.44607888294205	0.05379117273655498	0.08164576286935951	0.11803526525146175	
log-cspl3-percpmu.mapjitter.klw	log	cspl3	percpmu	independent	mem	ips	35.910386636203285	0.05279521645630049	0.0800117340967309	0.115491855905105	
log-cspl3-percpmu.mapjitter.klw	log	cspl3	percpmu	independent	mem	ips	38.55626463343953	0.0517259072874334	0.07829789779810677	0.11277828315013325	
log-cspl3-percpmu.mapjitter.klw	log	cspl3	percpmu	independent	mem	ips	41.397090973816184	0.050678531675885485	0.07645881026224667	0.10977113370875925	
log-cspl3-percpmu.mapjitter.klw	log	cspl3	percpmu	independent	mem	ips	44.44722945510957	0.049597136202955784	0.0746080113868146	0.10677524376055142	
log-cspl3-percpmu.mapjitter.klw	log	cspl3	percpmu	independent	mem	ips	47.722102200000165	0.048482751072559206	0.07268116014913842	0.10385450980889589	
log-cspl3-percpmu.mapjitter.klw	log	cspl3	percpmu	independent	mem	ips	51.23826763347237	0.04724434141876341	0.07066188160791312	0.10097299754286772	
log-cspl3-percpmu.mapjitter.klw	log	cspl3	percpmu	independent	mem	ips	55.01350420559078	0.04593470159689781	0.06857841155009661	0.09810494052635356	
log-cspl3-percpmu.mapjitter.klw	log	cspl3	percpmu	independent	mem	ips	59.0669002829722	0.04445868687370534	0.06645056371489956	0.09555876866871944	
log-cspl3-percpmu.mapjitter.klw	log	cspl3	percpmu	independent	mem	ips	63.4189506634631	0.042862888295436205	0.06418767875377003	0.0933546136173163	
log-cspl3-percpmu.mapjitter.klw	log	cspl3	percpmu	independent	mem	ips	68.0916602020204	0.04104973040877615	0.06187953361431223	0.09148667950233201	
log-cspl3-percpmu.mapjitter.klw	log	cspl3	percpmu	independent	mem	ips	73.10865507174931	0.0390327752410415	0.059510763150041925	0.08984858351043702	
log-cspl3-percpmu.mapjitter.klw	log	cspl3	percpmu	independent	mem	ips	78.49530222265639	0.03675528477900718	0.05708531228022892	0.08870908470810268	
log-cspl3-percpmu.mapjitter.klw	log	cspl3	percpmu	independent	mem	ips	84.27883764212618	0.0342118623852957	0.054588244253434795	0.08788222117261547	
log-cspl3-percpmu.mapjitter.klw	log	cspl3	percpmu	independent	mem	ips	90.48850406563211	0.03133944516824626	0.05204760859056064	0.08745165478214821	
log-cspl3-percpmu.mapjitter.klw	log	cspl3	percpmu	independent	mem	ips	97.15569883397539	0.028118127446898723	0.049545049427053775	0.08721914896963649	
log-cspl3-percpmu.mapjitter.klw	log	cspl3	percpmu	independent	mem	ips	104.31413264464811	0.024518088475743754	0.047085316785330775	0.08706656766689409	
log-cspl3-percpmu.mapjitter.klw	log	cspl3	percpmu	independent	mem	ips	111.99999999999996	0.02051341867890105	0.04462995455215503	0.0871543761237642	
log-cspl3-percpmu.mapjitter.klw	log	cspl3	percpmu	independent	mem	vertex	6.999999999999999	0.06219427761586068	0.09692813483834758	0.1413691290727752	
log-cspl3-percpmu.mapjitter.klw	log	cspl3	percpmu	independent	mem	vertex	7.515760138376834	0.064227090223516	0.09691383631888814	0.13841521632144954	
log-cspl3-percpmu.mapjitter.klw	log	cspl3	percpmu	independent	mem	vertex	8.069521493944878	0.06613052488877572	0.09690133990897659	0.13582925976258986	
log-cspl3-percpmu.mapjitter.klw	log	cspl3	percpmu	independent	mem	vertex	8.664083997137997	0.06759537451172289	0.0968714933498695	0.13335700974953818	
log-cspl3-percpmu.mapjitter.klw	log	cspl3	percpmu	independent	mem	vertex	9.302453877319767	0.06874131271449184	0.09677348753524086	0.13142846074891054	
log-cspl3-percpmu.mapjitter.klw	log	cspl3	percpmu	independent	mem	vertex	9.987858862892702	0.0695736295276571	0.0966199544413402	0.1298679983649854	
log-cspl3-percpmu.mapjitter.klw	log	cspl3	percpmu	independent	mem	vertex	10.723764501351818	0.07004952138029848	0.09644354277954353	0.12883629836068317	
log-cspl3-percpmu.mapjitter.klw	log	cspl3	percpmu	independent	mem	vertex	11.513891681800072	0.07014805083569943	0.09612629107599044	0.1283851206087859	
log-cspl3-percpmu.mapjitter.klw	log	cspl3	percpmu	independent	mem	vertex	12.36223544852308	0.0698956576786801	0.09573767929460777	0.1279745769769779	
log-cspl3-percpmu.mapjitter.klw	log	cspl3	percpmu	independent	mem	vertex	13.273085200748401	0.0692943774994561	0.0953043470682737	0.12790355549069712	
log-cspl3-percpmu.mapjitter.klw	log	cspl3	percpmu	independent	mem	vertex	14.25104638072347	0.06842256129907318	0.09480457098807611	0.12806555077767567	
log-cspl3-percpmu.mapjitter.klw	log	cspl3	percpmu	independent	mem	vertex	15.301063759771553	0.06748038485235065	0.09422589834710854	0.12830374229777333	
log-cspl3-percpmu.mapjitter.klw	log	cspl3	percpmu	independent	mem	vertex	16.428446440064768	0.06621540016025237	0.09353710828276221	0.1286057925877456	
log-cspl3-percpmu.mapjitter.klw	log	cspl3	percpmu	independent	mem	vertex	17.638894698528226	0.06507256399576283	0.09278155895723494	0.1286813999632599	
log-cspl3-percpmu.mapjitter.klw	log	cspl3	percpmu	independent	mem	vertex	18.93852880860355	0.06365270529755826	0.09189966104003461	0.1286898450527402	
log-cspl3-percpmu.mapjitter.klw	log	cspl3	percpmu	independent	mem	vertex	20.33391998560055	0.062205316273928085	0.09093486148375922	0.12851912394932763	
log-cspl3-percpmu.mapjitter.klw	log	cspl3	percpmu	independent	mem	vertex	21.832123612102944	0.06081312371837881	0.08987663452914708	0.12789867370164584	
log-cspl3-percpmu.mapjitter.klw	log	cspl3	percpmu	independent	mem	vertex	23.440714911422706	0.05954865157307275	0.08873764193317829	0.12700970837971093	
log-cspl3-percpmu.mapjitter.klw	log	cspl3	percpmu	independent	mem	vertex	25.16782724947517	0.05830040416233338	0.08748445218946449	0.12582629126642403	
log-cspl3-percpmu.mapjitter.klw	log	cspl3	percpmu	independent	mem	vertex	27.0221932587371	0.057139381514252234	0.0861551903657543	0.12427046932291348	
log-cspl3-percpmu.mapjitter.klw	log	cspl3	percpmu	independent	mem	vertex	29.01318899221878	0.05591949472512393	0.0847227893280787	0.12245688090058135	
log-cspl3-percpmu.mapjitter.klw	log	cspl3	percpmu	independent	mem	vertex	31.150881330701633	0.05483780197865953	0.08320938882788448	0.12032808466488483	
log-cspl3-percpmu.mapjitter.klw	log	cspl3	percpmu	independent	mem	vertex	33.44607888294205	0.05379117273655498	0.08164576286935951	0.11803526525146175	
log-cspl3-percpmu.mapjitter.klw	log	cspl3	percpmu	independent	mem	vertex	35.910386636203285	0.05279521645630049	0.0800117340967309	0.115491855905105	
log-cspl3-percpmu.mapjitter.klw	log	cspl3	percpmu	independent	mem	vertex	38.55626463343953	0.0517259072874334	0.07829789779810677	0.11277828315013325	
log-cspl3-percpmu.mapjitter.klw	log	cspl3	percpmu	independent	mem	vertex	41.397090973816184	0.050678531675885485	0.07645881026224667	0.10977113370875925	
log-cspl3-percpmu.mapjitter.klw	log	cspl3	percpmu	independent	mem	vertex	44.44722945510957	0.049597136202955784	0.0746080113868146	0.10677524376055142	
log-cspl3-percpmu.mapjitter.klw	log	cspl3	percpmu	independent	mem	vertex	47.722102200000165	0.048482751072559206	0.07268116014913842	0.10385450980889589	
log-cspl3-percpmu.mapjitter.klw	log	cspl3	percpmu	independent	mem	vertex	51.23826763347237	0.04724434141876341	0.07066188160791312	0.10097299754286772	
log-cspl3-percpmu.mapjitter.klw	log	cspl3	percpmu	independent	mem	vertex	55.01350420559078	0.04593470159689781	0.06857841155009661	0.09810494052635356	
log-cspl3-percpmu.mapjitter.klw	log	cspl3	percpmu	independent	mem	vertex	59.0669002829722	0.04445868687370534	0.06645056371489956	0.09555876866871944	
log-cspl3-percpmu.mapjitter.klw	log	cspl3	percpmu	independent	mem	vertex	63.4189506634631	0.042862888295436205	0.06418767875377003	0.0933546136173163	
log-cspl3-percpmu.mapjitter.klw	log	cspl3	percpmu	independent	mem	vertex	68.0916602020204	0.04104973040877615	0.06187953361431223	0.09148667950233201	
log-cspl3-percpmu.mapjitter.klw	log	cspl3	percpmu	independent	mem	vertex	73.10865507174931	0.0390327752410415	0.059510763150041925	0.08984858351043702	
log-cspl3-percpmu.mapjitter.klw	log	cspl3	percpmu	independent	mem	vertex	78.49530222265639	0.03675528477900718	0.05708531228022892	0.08870908470810268	
log-cspl3-percpmu.mapjitter.klw	log	cspl3	percpmu	independent	mem	vertex	84.27883764212618	0.0342118623852957	0.054588244253434795	0.08788222117261547	
log-cspl3-percpmu.mapjitter.klw	log	cspl3	percpmu	independent	mem	vertex	90.48850406563211	0.03133944516824626	0.05204760859056064	0.08745165478214821	
log-cspl3-percpmu.mapjitter.klw	log	cspl3	percpmu	independent	mem	vertex	97.15569883397539	0.028118127446898723	0.049545049427053775	0.08721914896963649	
log-cspl3-percpmu.mapjitter.klw	log	cspl3	percpmu	independent	mem	vertex	104.31413264464811	0.024518088475743754	0.047085316785330775	0.08706656766689409	
log-cspl3-percpmu.mapjitter.klw	log	cspl3	percpmu	independent	mem	vertex	111.99999999999996	0.02051341867890105	0.04462995455215503	0.0871543761237642	
log-cspl3-percpmu.mapjitter.klw	log	cspl3	percpmu	independent	perc	delta_pct	6.999999999999999	-10.230872469705263	14.522074429666631	47.25586387957232	
log-cspl3-percpmu.mapjitter.klw	log	cspl3	percpmu	independent	perc	delta_pct	7.515760138376834	-8.146307276359998	14.53287039980079	43.47087173129236	
log-cspl3-percpmu.mapjitter.klw	log	cspl3	percpmu	independent	perc	delta_pct	8.069521493944878	-6.182646358898246	14.523608428008028	40.2351280163318	
log-cspl3-percpmu.mapjitter.klw	log	cspl3	percpmu	independent	perc	delta_pct	8.664083997137997	-4.389296675660471	14.499255173051317	37.516457816415866	
log-cspl3-percpmu.mapjitter.klw	log	cspl3	percpmu	independent	perc	delta_pct	9.302453877319767	-2.8915648326385504	14.488368433387954	35.31141021065365	
log-cspl3-percpmu.mapjitter.klw	log	cspl3	percpmu	independent	perc	delta_pct	9.987858862892702	-1.655787961315225	14.468525594793157	33.617297835403065	
log-cspl3-percpmu.mapjitter.klw	log	cspl3	percpmu	independent	perc	delta_pct	10.723764501351818	-0.7072578872192558	14.423157610284253	32.306471072576656	
log-cspl3-percpmu.mapjitter.klw	log	cspl3	percpmu	independent	perc	delta_pct	11.513891681800072	-0.0564147257615304	14.377382253841953	31.36395903927152	
log-cspl3-percpmu.mapjitter.klw	log	cspl3	percpmu	independent	perc	delta_pct	12.36223544852308	0.3676748911917417	14.287125881320195	30.768910383877824	
log-cspl3-percpmu.mapjitter.klw	log	cspl3	percpmu	independent	perc	delta_pct	13.273085200748401	0.46340418429116725	14.176733094586481	30.424377688946283	
log-cspl3-percpmu.mapjitter.klw	log	cspl3	percpmu	independent	perc	delta_pct	14.25104638072347	0.39331973450828733	14.086197815302125	30.29336986333397	
log-cspl3-percpmu.mapjitter.klw	log	cspl3	percpmu	independent	perc	delta_pct	15.301063759771553	0.240491127082639	13.957807553462542	30.247468474438485	
log-cspl3-percpmu.mapjitter.klw	log	cspl3	percpmu	independent	perc	delta_pct	16.428446440064768	-0.029467144369004297	13.81923716608272	30.277458667675813	
log-cspl3-percpmu.mapjitter.klw	log	cspl3	percpmu	independent	perc	delta_pct	17.638894698528226	-0.3556727837324996	13.632983244445496	30.287598312771614	
log-cspl3-percpmu.mapjitter.klw	log	cspl3	percpmu	independent	perc	delta_pct	18.93852880860355	-0.6874633697910185	13.424838117236703	30.21105304000388	
log-cspl3-percpmu.mapjitter.klw	log	cspl3	percpmu	independent	perc	delta_pct	20.33391998560055	-1.0365656392651281	13.156966883773835	30.006743551686842	
log-cspl3-percpmu.mapjitter.klw	log	cspl3	percpmu	independent	perc	delta_pct	21.832123612102944	-1.3676985628084326	12.860493795792705	29.684371759122893	
log-cspl3-percpmu.mapjitter.klw	log	cspl3	percpmu	independent	perc	delta_pct	23.440714911422706	-1.6155650675626754	12.520274127237318	29.24544480926676	
log-cspl3-percpmu.mapjitter.klw	log	cspl3	percpmu	independent	perc	delta_pct	25.16782724947517	-1.8565625863261999	12.157880760484296	28.735801761134912	
log-cspl3-percpmu.mapjitter.klw	log	cspl3	percpmu	independent	perc	delta_pct	27.0221932587371	-2.079978295382097	11.782791276710446	28.142920331610544	
log-cspl3-percpmu.mapjitter.klw	log	cspl3	percpmu	independent	perc	delta_pct	29.01318899221878	-2.293035178471638	11.391588626709858	27.475494778074964	
log-cspl3-percpmu.mapjitter.klw	log	cspl3	percpmu	independent	perc	delta_pct	31.150881330701633	-2.5708550029120274	10.965708951102515	26.837157753022595	
log-cspl3-percpmu.mapjitter.klw	log	cspl3	percpmu	independent	perc	delta_pct	33.44607888294205	-2.8389622061158604	10.54629092567817	26.2332774006151	
log-cspl3-percpmu.mapjitter.klw	log	cspl3	percpmu	independent	perc	delta_pct	35.910386636203285	-3.1785911398665228	10.105998835694496	25.633206270027184	
log-cspl3-percpmu.mapjitter.klw	log	cspl3	percpmu	independent	perc	delta_pct	38.55626463343953	-3.602988523004707	9.66539352362472	25.03221768426874	
log-cspl3-percpmu.mapjitter.klw	log	cspl3	percpmu	independent	perc	delta_pct	41.397090973816184	-4.135352667102728	9.222927651233025	24.500244781782204	
log-cspl3-percpmu.mapjitter.klw	log	cspl3	percpmu	independent	perc	delta_pct	44.44722945510957	-4.764591492034146	8.758384692219522	24.15578004739179	
log-cspl3-percpmu.mapjitter.klw	log	cspl3	percpmu	independent	perc	delta_pct	47.722102200000165	-5.494669233435582	8.30339674702194	23.928088606343817	
log-cspl3-percpmu.mapjitter.klw	log	cspl3	percpmu	independent	perc	delta_pct	51.23826763347237	-6.296462054924321	7.8330085909567915	23.8599137597919	
log-cspl3-percpmu.mapjitter.klw	log	cspl3	percpmu	independent	perc	delta_pct	55.01350420559078	-7.163563044285997	7.36280487185118	23.913749687893024	
log-cspl3-percpmu.mapjitter.klw	log	cspl3	percpmu	independent	perc	delta_pct	59.0669002829722	-8.11579683884687	6.882093350136764	24.090810077802118	
log-cspl3-percpmu.mapjitter.klw	log	cspl3	percpmu	independent	perc	delta_pct	63.4189506634631	-9.164824708191999	6.404004850006439	24.39800550166719	
log-cspl3-percpmu.mapjitter.klw	log	cspl3	percpmu	independent	perc	delta_pct	68.0916602020204	-10.261724918115991	5.943279865146467	24.82931288215747	
log-cspl3-percpmu.mapjitter.klw	log	cspl3	percpmu	independent	perc	delta_pct	73.10865507174931	-11.42936715137517	5.458173463089855	25.38005370125131	
log-cspl3-percpmu.mapjitter.klw	log	cspl3	percpmu	independent	perc	delta_pct	78.49530222265639	-12.600826130089107	4.991342916868802	26.056879447287642	
log-cspl3-percpmu.mapjitter.klw	log	cspl3	percpmu	independent	perc	delta_pct	84.27883764212618	-13.77445034851025	4.531435387258831	26.832165601469374	
log-cspl3-percpmu.mapjitter.klw	log	cspl3	percpmu	independent	perc	delta_pct	90.48850406563211	-14.995128656199002	4.057100161681038	27.699812593601393	
log-cspl3-percpmu.mapjitter.klw	log	cspl3	percpmu	independent	perc	delta_pct	97.15569883397539	-16.169988566323024	3.5962979847256715	28.580973479771362	
log-cspl3-percpmu.mapjitter.klw	log	cspl3	percpmu	independent	perc	delta_pct	104.31413264464811	-17.39841676725446	3.150807963256186	29.55495559185675	
log-cspl3-percpmu.mapjitter.klw	log	cspl3	percpmu	independent	perc	delta_pct	111.99999999999996	-18.561431574830614	2.6952107846575313	30.599283975059222	
log-cspl3-percpmu.mapjitter.klw	log	cspl3	percpmu	independent	perc	delta	6.999999999999999	-0.01820468861786081	0.021706873132042226	0.060928358150284495	0.8643472222222223
log-cspl3-percpmu.mapjitter.klw	log	cspl3	percpmu	independent	perc	delta	7.515760138376834	-0.01463226979718765	0.022274823229402746	0.05854900550453319	0.8879583333333333
log-cspl3-percpmu.mapjitter.klw	log	cspl3	percpmu	independent	perc	delta	8.069521493944878	-0.011131279406109931	0.022744508496472846	0.05635101416234459	0.9095555555555556
log-cspl3-percpmu.mapjitter.klw	log	cspl3	percpmu	independent	perc	delta	8.664083997137997	-0.008131643170260676	0.02327646362731149	0.05447775410424274	0.9294166666666667
log-cspl3-percpmu.mapjitter.klw	log	cspl3	percpmu	independent	perc	delta	9.302453877319767	-0.005363341453887103	0.023769134724715008	0.05303590971192708	0.9465416666666666
log-cspl3-percpmu.mapjitter.klw	log	cspl3	percpmu	independent	perc	delta	9.987858862892702	-0.003114357850093801	0.024263580761054754	0.05181903449018117	0.9596666666666667
log-cspl3-percpmu.mapjitter.klw	log	cspl3	percpmu	independent	perc	delta	10.723764501351818	-0.0013553336423727338	0.0247047762093833	0.05108695843891243	0.9689166666666666
log-cspl3-percpmu.mapjitter.klw	log	cspl3	percpmu	independent	perc	delta	11.513891681800072	-0.00010429197836235113	0.02509995597451485	0.05075663837526233	0.9745277777777778
log-cspl3-percpmu.mapjitter.klw	log	cspl3	percpmu	independent	perc	delta	12.36223544852308	0.0007082955421591303	0.02545688729420048	0.05076456488340786	0.9778194444444445
log-cspl3-percpmu.mapjitter.klw	log	cspl3	percpmu	independent	perc	delta	13.273085200748401	0.0009240660489561578	0.02576057599755048	0.05127537114004424	0.9790972222222222
log-cspl3-percpmu.mapjitter.klw	log	cspl3	percpmu	independent	perc	delta	14.25104638072347	0.000816812248060968	0.026076234219305813	0.05198730569201498	0.9784722222222222
log-cspl3-percpmu.mapjitter.klw	log	cspl3	percpmu	independent	perc	delta	15.301063759771553	0.0004901303589328836	0.026296800551843344	0.05284664546816909	0.9769027777777778
log-cspl3-percpmu.mapjitter.klw	log	cspl3	percpmu	independent	perc	delta	16.428446440064768	-6.0219175625670434e-05	0.026434346494454933	0.0536941207265041	0.97475
log-cspl3-percpmu.mapjitter.klw	log	cspl3	percpmu	independent	perc	delta	17.638894698528226	-0.0007677220489112661	0.026507015381997193	0.05451370003650132	0.9717361111111111
log-cspl3-percpmu.mapjitter.klw	log	cspl3	percpmu	independent	perc	delta	18.93852880860355	-0.0015039811858026711	0.026521883391930345	0.055230782244586975	0.9685694444444445
log-cspl3-percpmu.mapjitter.klw	log	cspl3	percpmu	independent	perc	delta	20.33391998560055	-0.0023065866210915157	0.026472132161296624	0.055721066848492276	0.9648333333333333
log-cspl3-percpmu.mapjitter.klw	log	cspl3	percpmu	independent	perc	delta	21.832123612102944	-0.003040941790214847	0.026269347218710035	0.056084498283191946	0.9617361111111111
log-cspl3-percpmu.mapjitter.klw	log	cspl3	percpmu	independent	perc	delta	23.440714911422706	-0.0036587406624327833	0.026034096462063866	0.05617458475876432	0.9580694444444444
log-cspl3-percpmu.mapjitter.klw	log	cspl3	percpmu	independent	perc	delta	25.16782724947517	-0.0042989115965384	0.025677871428996024	0.05614437033240561	0.9539861111111111
log-cspl3-percpmu.mapjitter.klw	log	cspl3	percpmu	independent	perc	delta	27.0221932587371	-0.004893498262388846	0.025283772915668717	0.05589864742340019	0.9506805555555555
log-cspl3-percpmu.mapjitter.klw	log	cspl3	percpmu	independent	perc	delta	29.01318899221878	-0.005530484754278078	0.02479529034775746	0.055387699453481654	0.9467083333333334
log-cspl3-percpmu.mapjitter.klw	log	cspl3	percpmu	independent	perc	delta	31.150881330701633	-0.006214996298050411	0.024239536409691204	0.055009376434074754	0.9423472222222222
log-cspl3-percpmu.mapjitter.klw	log	cspl3	percpmu	independent	perc	delta	33.44607888294205	-0.006988720746572804	0.0236425159017552	0.054530327949396225	0.9367916666666667
log-cspl3-percpmu.mapjitter.klw	log	cspl3	percpmu	independent	perc	delta	35.910386636203285	-0.007903328517400839	0.022993988328369547	0.05402662477697894	0.9291805555555556
log-cspl3-percpmu.mapjitter.klw	log	cspl3	percpmu	independent	perc	delta	38.55626463343953	-0.009091310286084568	0.02227856779002982	0.05357794516322092	0.9194583333333334
log-cspl3-percpmu.mapjitter.klw	log	cspl3	percpmu	independent	perc	delta	41.397090973816184	-0.010593900309467151	0.021559118136556296	0.05315030960593396	0.9075833333333333
log-cspl3-percpmu.mapjitter.klw	log	cspl3	percpmu	independent	perc	delta	44.44722945510957	-0.01245770634490814	0.02078476581307792	0.0529915095738751	0.8935138888888889
log-cspl3-percpmu.mapjitter.klw	log	cspl3	percpmu	independent	perc	delta	47.722102200000165	-0.014600423968190722	0.019967498895643962	0.05311372339072354	0.8773055555555556
log-cspl3-percpmu.mapjitter.klw	log	cspl3	percpmu	independent	perc	delta	51.23826763347237	-0.01707841816898016	0.019085734226640852	0.053333969127527324	0.8577638888888889
log-cspl3-percpmu.mapjitter.klw	log	cspl3	percpmu	independent	perc	delta	55.01350420559078	-0.01973572224086824	0.01816703364124876	0.05379328248427873	0.8346944444444444
log-cspl3-percpmu.mapjitter.klw	log	cspl3	percpmu	independent	perc	delta	59.0669002829722	-0.022897965315515093	0.017220975420547166	0.05468696131662397	0.8104583333333333
log-cspl3-percpmu.mapjitter.klw	log	cspl3	percpmu	independent	perc	delta	63.4189506634631	-0.026379287875750848	0.016216251333404513	0.05559262286911266	0.7837638888888889
log-cspl3-percpmu.mapjitter.klw	log	cspl3	percpmu	independent	perc	delta	68.0916602020204	-0.030283713086219195	0.01522005099519233	0.05687591502824902	0.7576388888888889
log-cspl3-percpmu.mapjitter.klw	log	cspl3	percpmu	independent	perc	delta	73.10865507174931	-0.03435235136724103	0.01416991163574885	0.058551534860393925	0.7307361111111111
log-cspl3-percpmu.mapjitter.klw	log	cspl3	percpmu	independent	perc	delta	78.49530222265639	-0.03863797920527598	0.013080808275638817	0.060271648568389936	0.7038055555555556
log-cspl3-percpmu.mapjitter.klw	log	cspl3	percpmu	independent	perc	delta	84.27883764212618	-0.04311934238353325	0.012018786241969795	0.06223519509393556	0.6784583333333334
log-cspl3-percpmu.mapjitter.klw	log	cspl3	percpmu	independent	perc	delta	90.48850406563211	-0.04778929566814783	0.010898627764941826	0.06429793888480782	0.6537638888888889
log-cspl3-percpmu.mapjitter.klw	log	cspl3	percpmu	independent	perc	delta	97.15569883397539	-0.05259408047571547	0.009762475726530023	0.06643185259678792	0.6310555555555556
log-cspl3-percpmu.mapjitter.klw	log	cspl3	percpmu	independent	perc	delta	104.31413264464811	-0.05755724026000412	0.008629979922745834	0.0688410403259226	0.6095
log-cspl3-percpmu.mapjitter.klw	log	cspl3	percpmu	independent	perc	delta	111.99999999999996	-0.06267516300841429	0.007468648391638563	0.07130932935735523	0.5910555555555556
log-cspl3-percpmu.mapjitter.klw	log	cspl3	percpmu	independent	mem	delta_pct	6.999999999999999	0.0	0.0	0.0	
log-cspl3-percpmu.mapjitter.klw	log	cspl3	percpmu	independent	mem	delta_pct	7.515760138376834	0.0	0.0	0.0	
log-cspl3-percpmu.mapjitter.klw	log	cspl3	percpmu	independent	mem	delta_pct	8.069521493944878	0.0	0.0	0.0	
log-cspl3-percpmu.mapjitter.klw	log	cspl3	percpmu	independent	mem	delta_pct	8.664083997137997	0.0	0.0	0.0	
log-cspl3-percpmu.mapjitter.klw	log	cspl3	percpmu	independent	mem	delta_pct	9.302453877319767	0.0	0.0	0.0	
log-cspl3-percpmu.mapjitter.klw	log	cspl3	percpmu	independent	mem	delta_pct	9.987858862892702	0.0	0.0	0.0	
log-cspl3-percpmu.mapjitter.klw	log	cspl3	percpmu	independent	mem	delta_pct	10.723764501351818	0.0	0.0	0.0	
log-cspl3-percpmu.mapjitter.klw	log	cspl3	percpmu	independent	mem	delta_pct	11.513891681800072	0.0	0.0	0.0	
log-cspl3-percpmu.mapjitter.klw	log	cspl3	percpmu	independent	mem	delta_pct	12.36223544852308	0.0	0.0	0.0	
log-cspl3-percpmu.mapjitter.klw	log	cspl3	percpmu	independent	mem	delta_pct	13.273085200748401	0.0	0.0	0.0	
log-cspl3-percpmu.mapjitter.klw	log	cspl3	percpmu	independent	mem	delta_pct	14.25104638072347	0.0	0.0	0.0	
log-cspl3-percpmu.mapjitter.klw	log	cspl3	percpmu	independent	mem	delta_pct	15.301063759771553	0.0	0.0	0.0	
log-cspl3-percpmu.mapjitter.klw	log	cspl3	percpmu	independent	mem	delta_pct	16.428446440064768	0.0	0.0	0.0	
log-cspl3-percpmu.mapjitter.klw	log	cspl3	percpmu	independent	mem	delta_pct	17.638894698528226	0.0	0.0	0.0	
log-cspl3-percpmu.mapjitter.klw	log	cspl3	percpmu	independent	mem	delta_pct	18.93852880860355	0.0	0.0	0.0	
log-cspl3-percpmu.mapjitter.klw	log	cspl3	percpmu	independent	mem	delta_pct	20.33391998560055	0.0	0.0	0.0	
log-cspl3-percpmu.mapjitter.klw	log	cspl3	percpmu	independent	mem	delta_pct	21.832123612102944	0.0	0.0	0.0	
log-cspl3-percpmu.mapjitter.klw	log	cspl3	percpmu	independent	mem	delta_pct	23.440714911422706	0.0	0.0	0.0	
log-cspl3-percpmu.mapjitter.klw	log	cspl3	percpmu	independent	mem	delta_pct	25.16782724947517	0.0	0.0	0.0	
log-cspl3-percpmu.mapjitter.klw	log	cspl3	percpmu	independent	mem	delta_pct	27.0221932587371	0.0	0.0	0.0	
log-cspl3-percpmu.mapjitter.klw	log	cspl3	percpmu	independent	mem	delta_pct	29.01318899221878	0.0	0.0	0.0	
log-cspl3-percpmu.mapjitter.klw	log	cspl3	percpmu	independent	mem	delta_pct	31.150881330701633	0.0	0.0	0.0	
log-cspl3-percpmu.mapjitter.klw	log	cspl3	percpmu	independent	mem	delta_pct	33.44607888294205	0.0	0.0	0.0	
log-cspl3-percpmu.mapjitter.klw	log	cspl3	percpmu	independent	mem	delta_pct	35.910386636203285	0.0	0.0	0.0	
log-cspl3-percpmu.mapjitter.klw	log	cspl3	percpmu	independent	mem	delta_pct	38.55626463343953	0.0	0.0	0.0	
log-cspl3-percpmu.mapjitter.klw	log	cspl3	percpmu	independent	mem	delta_pct	41.397090973816184	0.0	0.0	0.0	
log-cspl3-percpmu.mapjitter.klw	log	cspl3	percpmu	independent	mem	delta_pct	44.44722945510957	0.0	0.0	0.0	
log-cspl3-percpmu.mapjitter.klw	log	cspl3	percpmu	independent	mem	delta_pct	47.722102200000165	0.0	0.0	0.0	
log-cspl3-percpmu.mapjitter.klw	log	cspl3	percpmu	independent	mem	delta_pct	51.23826763347237	0.0	0.0	0.0	
log-cspl3-percpmu.mapjitter.klw	log	cspl3	percpmu	independent	mem	delta_pct	55.01350420559078	0.0	0.0	0.0	
log-cspl3-percpmu.mapjitter.klw	log	cspl3	percpmu	independent	mem	delta_pct	59.0669002829722	0.0	0.0	0.0	
log-cspl3-percpmu.mapjitter.klw	log	cspl3	percpmu	independent	mem	delta_pct	63.4189506634631	0.0	0.0	0.0	
log-cspl3-percpmu.mapjitter.klw	log	cspl3	percpmu	independent	mem	delta_pct	68.0916602020204	0.0	0.0	0.0	
log-cspl3-percpmu.mapjitter.klw	log	cspl3	percpmu	independent	mem	delta_pct	73.10865507174931	0.0	0.0	0.0	
log-cspl3-percpmu.mapjitter.klw	log	cspl3	percpmu	independent	mem	delta_pct	78.49530222265639	0.0	0.0	0.0	
log-cspl3-percpmu.mapjitter.klw	log	cspl3	percpmu	independent	mem	delta_pct	84.27883764212618	0.0	0.0	0.0	
log-cspl3-percpmu.mapjitter.klw	log	cspl3	percpmu	independent	mem	delta_pct	90.48850406563211	0.0	0.0	0.0	
log-cspl3-percpmu.mapjitter.klw	log	cspl3	percpmu	independent	mem	delta_pct	97.15569883397539	0.0	0.0	0.0	
log-cspl3-percpmu.mapjitter.klw	log	cspl3	percpmu	independent	mem	delta_pct	104.31413264464811	0.0	0.0	0.0	
log-cspl3-percpmu.mapjitter.klw	log	cspl3	percpmu	independent	mem	delta_pct	111.99999999999996	0.0	0.0	0.0	
log-cspl3-percpmu.mapjitter.klw	log	cspl3	percpmu	independent	mem	delta	6.999999999999999	0.0	0.0	0.0	0.0
log-cspl3-percpmu.mapjitter.klw	log	cspl3	percpmu	independent	mem	delta	7.515760138376834	0.0	0.0	0.0	0.0
log-cspl3-percpmu.mapjitter.klw	log	cspl3	percpmu	independent	mem	delta	8.069521493944878	0.0	0.0	0.0	0.0
log-cspl3-percpmu.mapjitter.klw	log	cspl3	percpmu	independent	mem	delta	8.664083997137997	0.0	0.0	0.0	0.0
log-cspl3-percpmu.mapjitter.klw	log	cspl3	percpmu	independent	mem	delta	9.302453877319767	0.0	0.0	0.0	0.0
log-cspl3-percpmu.mapjitter.klw	log	cspl3	percpmu	independent	mem	delta	9.987858862892702	0.0	0.0	0.0	0.0
log-cspl3-percpmu.mapjitter.klw	log	cspl3	percpmu	independent	mem	delta	10.723764501351818	0.0	0.0	0.0	0.0
log-cspl3-percpmu.mapjitter.klw	log	cspl3	percpmu	independent	mem	delta	11.513891681800072	0.0	0.0	0.0	0.0
log-cspl3-percpmu.mapjitter.klw	log	cspl3	percpmu	independent	mem	delta	12.36223544852308	0.0	0.0	0.0	0.0
log-cspl3-percpmu.mapjitter.klw	log	cspl3	percpmu	independent	mem	delta	13.273085200748401	0.0	0.0	0.0	0.0
log-cspl3-percpmu.mapjitter.klw	log	cspl3	percpmu	independent	mem	delta	14.25104638072347	0.0	0.0	0.0	0.0
log-cspl3-percpmu.mapjitter.klw	log	cspl3	percpmu	independent	mem	delta	15.301063759771553	0.0	0.0	0.0	0.0
log-cspl3-percpmu.mapjitter.klw	log	cspl3	percpmu	independent	mem	delta	16.428446440064768	0.0	0.0	0.0	0.0
log-cspl3-percpmu.mapjitter.klw	log	cspl3	percpmu	independent	mem	delta	17.638894698528226	0.0	0.0	0.0	0.0
log-cspl3-percpmu.mapjitter.klw	log	cspl3	percpmu	independent	mem	delta	18.93852880860355	0.0	0.0	0.0	0.0
log-cspl3-percpmu.mapjitter.klw	log	cspl3	percpmu	independent	mem	delta	20.33391998560055	0.0	0.0	0.0	0.0
log-cspl3-percpmu.mapjitter.klw	log	cspl3	percpmu	independent	mem	delta	21.832123612102944	0.0	0.0	0.0	0.0
log-cspl3-percpmu.mapjitter.klw	log	cspl3	percpmu	independent	mem	delta	23.440714911422706	0.0	0.0	0.0	0.0
log-cspl3-percpmu.mapjitter.klw	log	cspl3	percpmu	independent	mem	delta	25.16782724947517	0.0	0.0	0.0	0.0
log-cspl3-percpmu.mapjitter.klw	log	cspl3	percpmu	independent	mem	delta	27.0221932587371	0.0	0.0	0.0	0.0
log-cspl3-percpmu.mapjitter.klw	log	cspl3	percpmu	independent	mem	delta	29.01318899221878	0.0	0.0	0.0	0.0
log-cspl3-percpmu.mapjitter.klw	log	cspl3	percpmu	independent	mem	delta	31.150881330701633	0.0	0.0	0.0	0.0
log-cspl3-percpmu.mapjitter.klw	log	cspl3	percpmu	independent	mem	delta	33.44607888294205	0.0	0.0	0.0	0.0
log-cspl3-percpmu.mapjitter.klw	log	cspl3	percpmu	independent	mem	delta	35.910386636203285	0.0	0.0	0.0	0.0
log-cspl3-percpmu.mapjitter.klw	log	cspl3	percpmu	independent	mem	delta	38.55626463343953	0.0	0.0	0.0	0.0
log-cspl3-percpmu.mapjitter.klw	log	cspl3	percpmu	independent	mem	delta	41.397090973816184	0.0	0.0	0.0	0.0
log-cspl3-percpmu.mapjitter.klw	log	cspl3	percpmu	independent	mem	delta	44.44722945510957	0.0	0.0	0.0	0.0
log-cspl3-percpmu.mapjitter.klw	log	cspl3	percpmu	independent	mem	delta	47.722102200000165	0.0	0.0	0.0	0.0
log-cspl3-percpmu.mapjitter.klw	log	cspl3	percpmu	independent	mem	delta	51.23826763347237	0.0	0.0	0.0	0.0
log-cspl3-percpmu.mapjitter.klw	log	cspl3	percpmu	independent	mem	delta	55.01350420559078	0.0	0.0	0.0	0.0
log-cspl3-percpmu.mapjitter.klw	log	cspl3	percpmu	independent	mem	delta	59.0669002829722	0.0	0.0	0.0	0.0
log-cspl3-percpmu.mapjitter.klw	log	cspl3	percpmu	independent	mem	delta	63.4189506634631	0.0	0.0	0.0	0.0
log-cspl3-percpmu.mapjitter.klw	log	cspl3	percpmu	independent	mem	delta	68.0916602020204	0.0	0.0	0.0	0.0
log-cspl3-percpmu.mapjitter.klw	log	cspl3	percpmu	independent	mem	delta	73.10865507174931	0.0	0.0	0.0	0.0
log-cspl3-percpmu.mapjitter.klw	log	cspl3	percpmu	independent	mem	delta	78.49530222265639	0.0	0.0	0.0	0.0
log-cspl3-percpmu.mapjitter.klw	log	cspl3	percpmu	independent	mem	delta	84.27883764212618	0.0	0.0	0.0	0.0
log-cspl3-percpmu.mapjitter.klw	log	cspl3	percpmu	independent	mem	delta	90.48850406563211	0.0	0.0	0.0	0.0
log-cspl3-percpmu.mapjitter.klw	log	cspl3	percpmu	independent	mem	delta	97.15569883397539	0.0	0.0	0.0	0.0
log-cspl3-percpmu.mapjitter.klw	log	cspl3	percpmu	independent	mem	delta	104.31413264464811	0.0	0.0	0.0	0.0
log-cspl3-percpmu.mapjitter.klw	log	cspl3	percpmu	independent	mem	delta	111.99999999999996	0.0	0.0	0.0	0.0
log-cspl5-percpmu.mapjitter.klw	log	cspl5	percpmu	independent	perc	ips	6.999999999999999	0.14246221285424665	0.19841586021330718	0.25873363466625804	
log-cspl5-percpmu.mapjitter.klw	log	cspl5	percpmu	independent	perc	ips	7.515760138376834	0.15025625579294571	0.19917417409828514	0.25177358916088455	
log-cspl5-percpmu.mapjitter.klw	log	cspl5	percpmu	independent	perc	ips	8.069521493944878	0.15593326345378997	0.19999012577592662	0.24688559979493754	
log-cspl5-percpmu.mapjitter.klw	log	cspl5	percpmu	independent	perc	ips	8.664083997137997	0.1593963968650637	0.20072028402610104	0.2443221469929282	
log-cspl5-percpmu.mapjitter.klw	log	cspl5	percpmu	independent	perc	ips	9.302453877319767	0.16021918156105644	0.20138846108683559	0.24438593298910818	
log-cspl5-percpmu.mapjitter.klw	log	cspl5	percpmu	independent	perc	ips	9.987858862892702	0.15999436376371337	0.20184766715197677	0.24614318806253097	
log-cspl5-percpmu.mapjitter.klw	log	cspl5	percpmu	independent	perc	ips	10.723764501351818	0.1595508289179941	0.20237209090332092	0.2479350118271998	
log-cspl5-percpmu.mapjitter.klw	log	cspl5	percpmu	independent	perc	ips	11.513891681800072	0.1595238324182764	0.20294292680405931	0.24902669369446045	
log-cspl5-percpmu.mapjitter.klw	log	cspl5	percpmu	independent	perc	ips	12.36223544852308	0.16058677149658146	0.20338648508571106	0.24875817796303265	
log-cspl5-percpmu.mapjitter.klw	log	cspl5	percpmu	independent	perc	ips	13.273085200748401	0.16320728605161944	0.2038764825170749	0.24674254453303948	
log-cspl5-percpmu.mapjitter.klw	log	cspl5	percpmu	independent	perc	ips	14.25104638072347	0.16684702308012186	0.2042703020457709	0.2440548571656383	
log-cspl5-percpmu.mapjitter.klw	log	cspl5	percpmu	independent	perc	ips	15.301063759771553	0.170132163987082	0.20484934520965675	0.24176505170260795	
log-cspl5-percpmu.mapjitter.klw	log	cspl5	percpmu	independent	perc	ips	16.428446440064768	0.17193597135007047	0.2055493362481165	0.2422666515968851	
log-cspl5-percpmu.mapjitter.klw	log	cspl5	percpmu	independent	perc	ips	17.638894698528226	0.17233532898659465	0.2066830557725075	0.245362785082756	
log-cspl5-percpmu.mapjitter.klw	log	cspl5	percpmu	independent	perc	ips	18.93852880860355	0.17243121661967198	0.20848717869633626	0.24991740986230015	
log-cspl5-percpmu.mapjitter.klw	log	cspl5	percpmu	independent	perc	ips	20.33391998560055	0.1739320953014791	0.2112796449824351	0.2539150897444734	
log-cspl5-percpmu.mapjitter.klw	log	cspl5	percpmu	independent	perc	ips	21.832123612102944	0.1779336775897607	0.2149970169705628	0.2565607164100246	
log-cspl5-percpmu.mapjitter.klw	log	cspl5	percpmu	independent	perc	ips	23.440714911422706	0.18364317463104535	0.21946419317837246	0.25844206566510114	
log-cspl5-percpmu.mapjitter.klw	log	cspl5	percpmu	independent	perc	ips	25.16782724947517	0.18985514869619752	0.22430158626247873	0.2607519099162527	
log-cspl5-percpmu.mapjitter.klw	log	cspl5	percpmu	independent	perc	ips	27.0221932587371	0.19560242212057602	0.22941415813908173	0.2646889124909967	
log-cspl5-percpmu.mapjitter.klw	log	cspl5	percpmu	independent	perc	ips	29.01318899221878	0.19973129957121727	0.23450777385801488	0.27068257419153424	
log-cspl5-percpmu.mapjitter.klw	log	cspl5	percpmu	independent	perc	ips	31.150881330701633	0.20239578225838886	0.2394424481139706	0.27802892117533856	
log-cspl5-percpmu.mapjitter.klw	log	cspl5	percpmu	independent	perc	ips	33.44607888294205	0.20427144034529146	0.24418145577876435	0.2854172767833126	
log-cspl5-percpmu.mapjitter.klw	log	cspl5	percpmu	independent	perc	ips	35.910386636203285	0.20621623711203413	0.2488608485996715	0.2925628502288229	
log-cspl5-percpmu.mapjitter.klw	log	cspl5	percpmu	independent	perc	ips	38.55626463343953	0.20846835553853507	0.25333373964897693	0.29895825836016376	
log-cspl5-percpmu.mapjitter.klw	log	cspl5	percpmu	independent	perc	ips	41.397090973816184	0.21118302233633687	0.25761733484923927	0.30470230500871964	
log-cspl5-percpmu.mapjitter.klw	log	cspl5	percpmu	independent	perc	ips	44.44722945510957	0.21456842660177167	0.26175273402905885	0.3097191006997185	
log-cspl5-percpmu.mapjitter.klw	log	cspl5	percpmu	independent	perc	ips	47.722102200000165	0.21826877067720674	0.2656720353747713	0.3139817411045104	
log-cspl5-percpmu.mapjitter.klw	log	cspl5	percpmu	independent	perc	ips	51.23826763347237	0.22250603265014396	0.26943142853915647	0.31748633546703475	
log-cspl5-percpmu.mapjitter.klw	log	cspl5	percpmu	independent	perc	ips	55.01350420559078	0.22695725651496998	0.27308568578253023	0.3204208267501346	
log-cspl5-percpmu.mapjitter.klw	log	cspl5	percpmu	independent	perc	ips	59.0669002829722	0.23154619211407793	0.2765078520670601	0.3230735716177132	
log-cspl5-percpmu.mapjitter.klw	log	cspl5	percpmu	independent	perc	ips	63.4189506634631	0.2361631592809404	0.2798121392121256	0.32569723459574157	
log-cspl5-percpmu.mapjitter.klw	log	cspl5	percpmu	independent	perc	ips	68.0916602020204	0.24064979401716108	0.2830833472288932	0.3284539946217181	
log-cspl5-percpmu.mapjitter.klw	log	cspl5	percpmu	independent	perc	ips	73.10865507174931	0.24440326798463288	0.2862863466659254	0.331430086466599	
log-cspl5-percpmu.mapjitter.klw	log	cspl5	percpmu	independent	perc	ips	78.49530222265639	0.24771549554548364	0.28940200903557955	0.3351467973130394	
log-cspl5-percpmu.mapjitter.klw	log	cspl5	percpmu	independent	perc	ips	84.27883764212618	0.25000938001381784	0.2924375501340978	0.3396940755566036	
log-cspl5-percpmu.mapjitter.klw	log	cspl5	percpmu	independent	perc	ips	90.48850406563211	0.2512756770151053	0.2955323384998313	0.3449128648403948	
log-cspl5-percpmu.mapjitter.klw	log	cspl5	percpmu	independent	perc	ips	97.15569883397539	0.2513893317060374	0.2986075330534044	0.3509746738136357	
log-cspl5-percpmu.mapjitter.klw	log	cspl5	percpmu	independent	perc	ips	104.31413264464811	0.25055219702661075	0.30172193424852	0.35753397523362	
log-cspl5-percpmu.mapjitter.klw	log	cspl5	percpmu	independent	perc	ips	111.99999999999996	0.24908061332334594	0.3047147482142718	0.3648549659230097	
log-cspl5-percpmu.mapjitter.klw	log	cspl5	percpmu	independent	perc	vertex	6.999999999999999	0.11351053239467838	0.16711728186294794	0.2303345456609379	
log-cspl5-percpmu.mapjitter.klw	log	cspl5	percpmu	independent	perc	vertex	7.515760138376834	0.12149233557741446	0.16807850545521302	0.2230285856675705	
log-cspl5-percpmu.mapjitter.klw	log	cspl5	percpmu	independent	perc	vertex	8.069521493944878	0.12745561336304673	0.16926227484060763	0.21688956645729252	
log-cspl5-percpmu.mapjitter.klw	log	cspl5	percpmu	independent	perc	vertex	8.664083997137997	0.131075654623707	0.17061281184696309	0.21394464275780872	
log-cspl5-percpmu.mapjitter.klw	log	cspl5	percpmu	independent	perc	vertex	9.302453877319767	0.1324660141602938	0.17182814179134004	0.21355966154547257	
log-cspl5-percpmu.mapjitter.klw	log	cspl5	percpmu	independent	perc	vertex	9.987858862892702	0.13264412917362717	0.17308754206328353	0.21519474647938297	
log-cspl5-percpmu.mapjitter.klw	log	cspl5	percpmu	independent	perc	vertex	10.723764501351818	0.13321612955288314	0.17457004683501998	0.21801961134137918	
log-cspl5-percpmu.mapjitter.klw	log	cspl5	percpmu	independent	perc	vertex	11.513891681800072	0.1347223243811634	0.17630144336744144	0.22060196648124958	
log-cspl5-percpmu.mapjitter.klw	log	cspl5	percpmu	independent	perc	vertex	12.36223544852308	0.13742304992743623	0.17840131309284257	0.22210249529310097	
log-cspl5-percpmu.mapjitter.klw	log	cspl5	percpmu	independent	perc	vertex	13.273085200748401	0.14217977026420114	0.18085658458486287	0.22216965594289484	
log-cspl5-percpmu.mapjitter.klw	log	cspl5	percpmu	independent	perc	vertex	14.25104638072347	0.14805684998614851	0.18368510417392098	0.22188274532406416	
log-cspl5-percpmu.mapjitter.klw	log	cspl5	percpmu	independent	perc	vertex	15.301063759771553	0.15337118463754915	0.1867174183205836	0.22262936891172797	
log-cspl5-percpmu.mapjitter.klw	log	cspl5	percpmu	independent	perc	vertex	16.428446440064768	0.15702940006668345	0.18992233076083265	0.22589231709414373	
log-cspl5-percpmu.mapjitter.klw	log	cspl5	percpmu	independent	perc	vertex	17.638894698528226	0.15893324945686552	0.19314449045094584	0.23144851371727268	
log-cspl5-percpmu.mapjitter.klw	log	cspl5	percpmu	independent	perc	vertex	18.93852880860355	0.1605448474919559	0.1965086804146528	0.23768815519468478	
log-cspl5-percpmu.mapjitter.klw	log	cspl5	percpmu	independent	perc	vertex	20.33391998560055	0.1627816826091917	0.19987341688068816	0.24206608978536884	
log-cspl5-percpmu.mapjitter.klw	log	cspl5	percpmu	independent	perc	vertex	21.832123612102944	0.16696957551904867	0.2032361916964261	0.24398200290327188	
log-cspl5-percpmu.mapjitter.klw	log	cspl5	percpmu	independent	perc	vertex	23.440714911422706	0.1722105043439867	0.20659894074526308	0.24440421008513447	
log-cspl5-percpmu.mapjitter.klw	log	cspl5	percpmu	independent	perc	vertex	25.16782724947517	0.17745108955558941	0.20997960035831778	0.2450307106999893	
log-cspl5-percpmu.mapjitter.klw	log	cspl5	percpmu	independent	perc	vertex	27.0221932587371	0.18195238688576593	0.21329791217925773	0.24745940272713754	
log-cspl5-percpmu.mapjitter.klw	log	cspl5	percpmu	independent	perc	vertex	29.01318899221878	0.1844803737254971	0.21668818620518024	0.25212253541348245	
log-cspl5-percpmu.mapjitter.klw	log	cspl5	percpmu	independent	perc	vertex	31.150881330701633	0.1858140012549304	0.22034695010585095	0.25850258004512944	
log-cspl5-percpmu.mapjitter.klw	log	cspl5	percpmu	independent	perc	vertex	33.44607888294205	0.18657653929448775	0.22424751617149946	0.26558527325110226	
log-cspl5-percpmu.mapjitter.klw	log	cspl5	percpmu	independent	perc	vertex	35.910386636203285	0.18747505729421549	0.22841293793989997	0.2724713696533329	
log-cspl5-percpmu.mapjitter.klw	log	cspl5	percpmu	independent	perc	vertex	38.55626463343953	0.18932894688727359	0.2328597183588957	0.2792363478780451	
log-cspl5-percpmu.mapjitter.klw	log	cspl5	percpmu	independent	perc	vertex	41.397090973816184	0.1917538013591211	0.23734293204818546	0.28539895944920307	
log-cspl5-percpmu.mapjitter.klw	log	cspl5	percpmu	independent	perc	vertex	44.44722945510957	0.19491236281805502	0.24196209917754197	0.2913731824192684	
log-cspl5-percpmu.mapjitter.klw	log	cspl5	percpmu	independent	perc	vertex	47.722102200000165	0.19912936436241804	0.24684278702576662	0.2967672457562829	
log-cspl5-percpmu.mapjitter.klw	log	cspl5	percpmu	independent	perc	vertex	51.23826763347237	0.20386262887901482	0.2517975878121783	0.3021842063500096	
log-cspl5-percpmu.mapjitter.klw	log	cspl5	percpmu	independent	perc	vertex	55.01350420559078	0.20894506595753812	0.25687396931493267	0.3079253961078081	
log-cspl5-percpmu.mapjitter.klw	log	cspl5	percpmu	independent	perc	vertex	59.0669002829722	0.21416137464120152	0.26204867727925507	0.31374926298960537	
log-cspl5-percpmu.mapjitter.klw	log	cspl5	percpmu	independent	perc	vertex	63.4189506634631	0.21950170334364807	0.2673229406752016	0.32009070693908814	
log-cspl5-percpmu.mapjitter.klw	log	cspl5	percpmu	independent	perc	vertex	68.0916602020204	0.22427930217845	0.27266334475359055	0.32700029388104634	
log-cspl5-percpmu.mapjitter.klw	log	cspl5	percpmu	independent	perc	vertex	73.10865507174931	0.2285724981728932	0.27806087605372704	0.3349779003365396	
log-cspl5-percpmu.mapjitter.klw	log	cspl5	percpmu	independent	perc	vertex	78.49530222265639	0.23205169155498714	0.28346285419622896	0.3440171391159689	
log-cspl5-percpmu.mapjitter.klw	log	cspl5	percpmu	independent	perc	vertex	84.27883764212618	0.23485315243868846	0.28900821914640884	0.3540962871109977	
log-cspl5-percpmu.mapjitter.klw	log	cspl5	percpmu	independent	perc	vertex	90.48850406563211	0.23678542396771426	0.29456126548478734	0.36478059031476123	
log-cspl5-percpmu.mapjitter.klw	log	cspl5	percpmu	independent	perc	vertex	97.15569883397539	0.23777416219756875	0.3002146858860696	0.37613910399392725	
log-cspl5-percpmu.mapjitter.klw	log	cspl5	percpmu	independent	perc	vertex	104.31413264464811	0.23824158333222342	0.30582707105461693	0.3881766916571908	
log-cspl5-percpmu.mapjitter.klw	log	cspl5	percpmu	independent	perc	vertex	111.99999999999996	0.23807138370078637	0.3115357402881152	0.4005187042824425	
log-cspl5-percpmu.mapjitter.klw	log	cspl5	percpmu	independent	mem	ips	6.999999999999999	0.03988949094448952	0.07798992198333748	0.13114190663258066	
log-cspl5-percpmu.mapjitter.klw	log	cspl5	percpmu	independent	mem	ips	7.515760138376834	0.05415188680928563	0.08719769051274505	0.13270588920404097	
log-cspl5-percpmu.mapjitter.klw	log	cspl5	percpmu	independent	mem	ips	8.069521493944878	0.06401287958405678	0.0964208985088996	0.13765208079328267	
log-cspl5-percpmu.mapjitter.klw	log	cspl5	percpmu	independent	mem	ips	8.664083997137997	0.07035735854624751	0.10512440525021582	0.14638779909111396	
log-cspl5-percpmu.mapjitter.klw	log	cspl5	percpmu	independent	mem	ips	9.302453877319767	0.07477523298848235	0.11300463426869378	0.15818788178448973	
log-cspl5-percpmu.mapjitter.klw	log	cspl5	percpmu	independent	mem	ips	9.987858862892702	0.07819769255980066	0.12009406030548647	0.1702222252558379	
log-cspl5-percpmu.mapjitter.klw	log	cspl5	percpmu	independent	mem	ips	10.723764501351818	0.08144032596113139	0.12643946640935297	0.1807851395504725	
log-cspl5-percpmu.mapjitter.klw	log	cspl5	percpmu	independent	mem	ips	11.513891681800072	0.0852593629728663	0.13175406608614176	0.1888076087925087	
log-cspl5-percpmu.mapjitter.klw	log	cspl5	percpmu	independent	mem	ips	12.36223544852308	0.09013513294483827	0.13617646687332147	0.1933373610422148	
log-cspl5-percpmu.mapjitter.klw	log	cspl5	percpmu	independent	mem	ips	13.273085200748401	0.09572917753156701	0.13934956798911585	0.1935096365063145	
log-cspl5-percpmu.mapjitter.klw	log	cspl5	percpmu	independent	mem	ips	14.25104638072347	0.10112768768501748	0.14121648777822388	0.1908749195465407	
log-cspl5-percpmu.mapjitter.klw	log	cspl5	percpmu	independent	mem	ips	15.301063759771553	0.10426704633034546	0.14165741101799667	0.1867569669111207	
log-cspl5-percpmu.mapjitter.klw	log	cspl5	percpmu	independent	mem	ips	16.428446440064768	0.10373246441471827	0.14025185497924678	0.18315344693277605	
log-cspl5-percpmu.mapjitter.klw	log	cspl5	percpmu	independent	mem	ips	17.638894698528226	0.09948024664196713	0.1367063294777442	0.18085981218069808	
log-cspl5-percpmu.mapjitter.klw	log	cspl5	percpmu	independent	mem	ips	18.93852880860355	0.09247732360635964	0.13104711858820012	0.1776214581022557	
log-cspl5-percpmu.mapjitter.klw	log	cspl5	percpmu	independent	mem	ips	20.33391998560055	0.08438032791086783	0.12334751665280987	0.17040994607372612	
log-cspl5-percpmu.mapjitter.klw	log	cspl5	percpmu	independent	mem	ips	21.832123612102944	0.0765037819673035	0.11368618156302857	0.15862738025667228	
log-cspl5-percpmu.mapjitter.klw	log	cspl5	percpmu	independent	mem	ips	23.440714911422706	0.06912221946719507	0.10255735170450916	0.14304405369190662	
log-cspl5-percpmu.mapjitter.klw	log	cspl5	percpmu	independent	mem	ips	25.16782724947517	0.06170351827818536	0.09057776579510093	0.1258856108552065	
log-cspl5-percpmu.mapjitter.klw	log	cspl5	percpmu	independent	mem	ips	27.0221932587371	0.05349699901077733	0.0784231497471927	0.11036933326651427	
log-cspl5-percpmu.mapjitter.klw	log	cspl5	percpmu	independent	mem	ips	29.01318899221878	0.0434620327286798	0.06681254783130675	0.09830844712169867	
log-cspl5-percpmu.mapjitter.klw	log	cspl5	percpmu	independent	mem	ips	31.150881330701633	0.03170192276964105	0.05661383621861618	0.08984648508767043	
log-cspl5-percpmu.mapjitter.klw	log	cspl5	percpmu	independent	mem	ips	33.44607888294205	0.0197521021532826	0.04805926936788626	0.08422764888424547	
log-cspl5-percpmu.mapjitter.klw	log	cspl5	percpmu	independent	mem	ips	35.910386636203285	0.009038005462027042	0.04096811930393617	0.0799423920467223	
log-cspl5-percpmu.mapjitter.klw	log	cspl5	percpmu	independent	mem	ips	38.55626463343953	0.0001468003059961041	0.03527938194139091	0.07661750382261868	
log-cspl5-percpmu.mapjitter.klw	log	cspl5	percpmu	independent	mem	ips	41.397090973816184	-0.006730612524953164	0.030997499586237785	0.07396917814565397	
log-cspl5-percpmu.mapjitter.klw	log	cspl5	percpmu	independent	mem	ips	44.44722945510957	-0.011477391559065213	0.02789653051875072	0.07155269513816719	
log-cspl5-percpmu.mapjitter.klw	log	cspl5	percpmu	independent	mem	ips	47.722102200000165	-0.01434502936310736	0.025911266277281204	0.06965226014952228	
log-cspl5-percpmu.mapjitter.klw	log	cspl5	percpmu	independent	mem	ips	51.23826763347237	-0.015305600162316144	0.024996514357679973	0.06821125354758333	
log-cspl5-percpmu.mapjitter.klw	log	cspl5	percpmu	independent	mem	ips	55.01350420559078	-0.014714188658853818	0.025036008297022485	0.06703525426539338	
log-cspl5-percpmu.mapjitter.klw	log	cspl5	percpmu	independent	mem	ips	59.0669002829722	-0.012593902263380677	0.025940733915554647	0.06645262615639423	
log-cspl5-percpmu.mapjitter.klw	log	cspl5	percpmu	independent	mem	ips	63.4189506634631	-0.009341638384931137	0.02756566795671107	0.06647926006716162	
log-cspl5-percpmu.mapjitter.klw	log	cspl5	percpmu	independent	mem	ips	68.0916602020204	-0.0050360367190642975	0.029835431553519285	0.06709263586562776	
log-cspl5-percpmu.mapjitter.klw	log	cspl5	percpmu	independent	mem	ips	73.10865507174931	-0.00017909602319999619	0.03259836983709532	0.06881893606975484	
log-cspl5-percpmu.mapjitter.klw	log	cspl5	percpmu	independent	mem	ips	78.49530222265639	0.00520292738005149	0.03579819928265064	0.07159391784899649	
log-cspl5-percpmu.mapjitter.klw	log	cspl5	percpmu	independent	mem	ips	84.27883764212618	0.01064224142742712	0.03923700927246872	0.07595144237921611	
log-cspl5-percpmu.mapjitter.klw	log	cspl5	percpmu	independent	mem	ips	90.48850406563211	0.015785540212573817	0.04298800957245115	0.08179400184885006	
log-cspl5-percpmu.mapjitter.klw	log	cspl5	percpmu	independent	mem	ips	97.15569883397539	0.020221909138223408	0.04699903362514925	0.08904659058090272	
log-cspl5-percpmu.mapjitter.klw	log	cspl5	percpmu	independent	mem	ips	104.31413264464811	0.023511954096947132	0.05132259739027782	0.09737936844880472	
log-cspl5-percpmu.mapjitter.klw	log	cspl5	percpmu	independent	mem	ips	111.99999999999996	0.02554284506099989	0.05585467879276089	0.10630838424532113	
log-cspl5-percpmu.mapjitter.klw	log	cspl5	percpmu	independent	mem	vertex	6.999999999999999	0.03988949094448952	0.07798992198333748	0.13114190663258066	
log-cspl5-percpmu.mapjitter.klw	log	cspl5	percpmu	independent	mem	vertex	7.515760138376834	0.05415188680928563	0.08719769051274505	0.13270588920404097	
log-cspl5-percpmu.mapjitter.klw	log	cspl5	percpmu	independent	mem	vertex	8.069521493944878	0.06401287958405678	0.0964208985088996	0.13765208079328267	
log-cspl5-percpmu.mapjitter.klw	log	cspl5	percpmu	independent	mem	vertex	8.664083997137997	0.07035735854624751	0.10512440525021582	0.14638779909111396	
log-cspl5-percpmu.mapjitter.klw	log	cspl5	percpmu	independent	mem	vertex	9.302453877319767	0.07477523298848235	0.11300463426869378	0.15818788178448973	
log-cspl5-percpmu.mapjitter.klw	log	cspl5	percpmu	independent	mem	vertex	9.987858862892702	0.07819769255980066	0.12009406030548647	0.1702222252558379	
log-cspl5-percpmu.mapjitter.klw	log	cspl5	percpmu	independent	mem	vertex	10.723764501351818	0.08144032596113139	0.12643946640935297	0.1807851395504725	
log-cspl5-percpmu.mapjitter.klw	log	cspl5	percpmu	independent	mem	vertex	11.513891681800072	0.0852593629728663	0.13175406608614176	0.1888076087925087	
log-cspl5-percpmu.mapjitter.klw	log	cspl5	percpmu	independent	mem	vertex	12.36223544852308	0.09013513294483827	0.13617646687332147	0.1933373610422148	
log-cspl5-percpmu.mapjitter.klw	log	cspl5	percpmu	independent	mem	vertex	13.273085200748401	0.09572917753156701	0.13934956798911585	0.1935096365063145	
log-cspl5-percpmu.mapjitter.klw	log	cspl5	percpmu	independent	mem	vertex	14.25104638072347	0.10112768768501748	0.14121648777822388	0.1908749195465407	
log-cspl5-percpmu.mapjitter.klw	log	cspl5	percpmu	independent	mem	vertex	15.301063759771553	0.10426704633034546	0.14165741101799667	0.1867569669111207	
log-cspl5-percpmu.mapjitter.klw	log	cspl5	percpmu	independent	mem	vertex	16.428446440064768	0.10373246441471827	0.14025185497924678	0.18315344693277605	
log-cspl5-percpmu.mapjitter.klw	log	cspl5	percpmu	independent	mem	vertex	17.638894698528226	0.09948024664196713	0.1367063294777442	0.18085981218069808	
log-cspl5-percpmu.mapjitter.klw	log	cspl5	percpmu	independent	mem	vertex	18.93852880860355	0.09247732360635964	0.13104711858820012	0.1776214581022557	
log-cspl5-percpmu.mapjitter.klw	log	cspl5	percpmu	independent	mem	vertex	20.33391998560055	0.08438032791086783	0.12334751665280987	0.17040994607372612	
log-cspl5-percpmu.mapjitter.klw	log	cspl5	percpmu	independent	mem	vertex	21.832123612102944	0.0765037819673035	0.11368618156302857	0.15862738025667228	
log-cspl5-percpmu.mapjitter.klw	log	cspl5	percpmu	independent	mem	vertex	23.440714911422706	0.06912221946719507	0.10255735170450916	0.14304405369190662	
log-cspl5-percpmu.mapjitter.klw	log	cspl5	percpmu	independent	mem	vertex	25.16782724947517	0.06170351827818536	0.09057776579510093	0.1258856108552065	
log-cspl5-percpmu.mapjitter.klw	log	cspl5	percpmu	independent	mem	vertex	27.0221932587371	0.05349699901077733	0.0784231497471927	0.11036933326651427	
log-cspl5-percpmu.mapjitter.klw	log	cspl5	percpmu	independent	mem	vertex	29.01318899221878	0.0434620327286798	0.06681254783130675	0.09830844712169867	
log-cspl5-percpmu.mapjitter.klw	log	cspl5	percpmu	independent	mem	vertex	31.150881330701633	0.03170192276964105	0.05661383621861618	0.08984648508767043	
log-cspl5-percpmu.mapjitter.klw	log	cspl5	percpmu	independent	mem	vertex	33.44607888294205	0.0197521021532826	0.04805926936788626	0.08422764888424547	
log-cspl5-percpmu.mapjitter.klw	log	cspl5	percpmu	independent	mem	vertex	35.910386636203285	0.009038005462027042	0.04096811930393617	0.0799423920467223	
log-cspl5-percpmu.mapjitter.klw	log	cspl5	percpmu	independent	mem	vertex	38.55626463343953	0.0001468003059961041	0.03527938194139091	0.07661750382261868	
log-cspl5-percpmu.mapjitter.klw	log	cspl5	percpmu	independent	mem	vertex	41.397090973816184	-0.006730612524953164	0.030997499586237785	0.07396917814565397	
log-cspl5-percpmu.mapjitter.klw	log	cspl5	percpmu	independent	mem	vertex	44.44722945510957	-0.011477391559065213	0.02789653051875072	0.07155269513816719	
log-cspl5-percpmu.mapjitter.klw	log	cspl5	percpmu	independent	mem	vertex	47.722102200000165	-0.01434502936310736	0.025911266277281204	0.06965226014952228	
log-cspl5-percpmu.mapjitter.klw	log	cspl5	percpmu	independent	mem	vertex	51.23826763347237	-0.015305600162316144	0.024996514357679973	0.06821125354758333	
log-cspl5-percpmu.mapjitter.klw	log	cspl5	percpmu	independent	mem	vertex	55.01350420559078	-0.014714188658853818	0.025036008297022485	0.06703525426539338	
log-cspl5-percpmu.mapjitter.klw	log	cspl5	percpmu	independent	mem	vertex	59.0669002829722	-0.012593902263380677	0.025940733915554647	0.06645262615639423	
log-cspl5-percpmu.mapjitter.klw	log	cspl5	percpmu	independent	mem	vertex	63.4189506634631	-0.009341638384931137	0.02756566795671107	0.06647926006716162	
log-cspl5-percpmu.mapjitter.klw	log	cspl5	percpmu	independent	mem	vertex	68.0916602020204	-0.0050360367190642975	0.029835431553519285	0.06709263586562776	
log-cspl5-percpmu.mapjitter.klw	log	cspl5	percpmu	independent	mem	vertex	73.10865507174931	-0.00017909602319999619	0.03259836983709532	0.06881893606975484	
log-cspl5-percpmu.mapjitter.klw	log	cspl5	percpmu	independent	mem	vertex	78.49530222265639	0.00520292738005149	0.03579819928265064	0.07159391784899649	
log-cspl5-percpmu.mapjitter.klw	log	cspl5	percpmu	independent	mem	vertex	84.27883764212618	0.01064224142742712	0.03923700927246872	0.07595144237921611	
log-cspl5-percpmu.mapjitter.klw	log	cspl5	percpmu	independent	mem	vertex	90.48850406563211	0.015785540212573817	0.04298800957245115	0.08179400184885006	
log-cspl5-percpmu.mapjitter.klw	log	cspl5	percpmu	independent	mem	vertex	97.15569883397539	0.020221909138223408	0.04699903362514925	0.08904659058090272	
log-cspl5-percpmu.mapjitter.klw	log	cspl5	percpmu	independent	mem	vertex	104.31413264464811	0.023511954096947132	0.05132259739027782	0.09737936844880472	
log-cspl5-percpmu.mapjitter.klw	log	cspl5	percpmu	independent	mem	vertex	111.99999999999996	0.02554284506099989	0.05585467879276089	0.10630838424532113	
log-cspl5-percpmu.mapjitter.klw	log	cspl5	percpmu	independent	perc	delta_pct	6.999999999999999	-9.630037530678159	18.583257694192735	57.414202308741785	
log-cspl5-percpmu.mapjitter.klw	log	cspl5	percpmu	independent	perc	delta_pct	7.515760138376834	-6.152772557800707	18.349990339398047	50.352068985568984	
log-cspl5-percpmu.mapjitter.klw	log	cspl5	percpmu	independent	perc	delta_pct	8.069521493944878	-3.9847315788896407	18.02941703054397	45.76155572431607	
log-cspl5-percpmu.mapjitter.klw	log	cspl5	percpmu	independent	perc	delta_pct	8.664083997137997	-3.0420106287054134	17.651508799089044	43.874589978407016	
log-cspl5-percpmu.mapjitter.klw	log	cspl5	percpmu	independent	perc	delta_pct	9.302453877319767	-3.4872298995126467	17.16402280043232	43.82733773879798	
log-cspl5-percpmu.mapjitter.klw	log	cspl5	percpmu	independent	perc	delta_pct	9.987858862892702	-4.839072742197308	16.652123908205585	44.42478185676892	
log-cspl5-percpmu.mapjitter.klw	log	cspl5	percpmu	independent	perc	delta_pct	10.723764501351818	-6.358494943230543	15.940797001358831	44.96596417432746	
log-cspl5-percpmu.mapjitter.klw	log	cspl5	percpmu	independent	perc	delta_pct	11.513891681800072	-7.606863867292865	15.099336210819892	44.81549429947424	
log-cspl5-percpmu.mapjitter.klw	log	cspl5	percpmu	independent	perc	delta_pct	12.36223544852308	-8.399158556709757	14.006700171370014	43.125347975412275	
log-cspl5-percpmu.mapjitter.klw	log	cspl5	percpmu	independent	perc	delta_pct	13.273085200748401	-8.599469663127406	12.708455592587754	39.81266432559638	
log-cspl5-percpmu.mapjitter.klw	log	cspl5	percpmu	independent	perc	delta_pct	14.25104638072347	-8.39306500960835	11.213875099246795	35.565694471687884	
log-cspl5-percpmu.mapjitter.klw	log	cspl5	percpmu	independent	perc	delta_pct	15.301063759771553	-8.230600676021266	9.625681482195525	31.533277636908444	
log-cspl5-percpmu.mapjitter.klw	log	cspl5	percpmu	independent	perc	delta_pct	16.428446440064768	-8.569237654338764	8.179441603616521	28.677921525150317	
log-cspl5-percpmu.mapjitter.klw	log	cspl5	percpmu	independent	perc	delta_pct	17.638894698528226	-9.365599116918318	7.034299681135636	27.169604179906067	
log-cspl5-percpmu.mapjitter.klw	log	cspl5	percpmu	independent	perc	delta_pct	18.93852880860355	-10.462173385514916	6.1736219599458515	26.407101484476417	
log-cspl5-percpmu.mapjitter.klw	log	cspl5	percpmu	independent	perc	delta_pct	20.33391998560055	-10.943711509258586	5.716466771977724	25.84361483175921	
log-cspl5-percpmu.mapjitter.klw	log	cspl5	percpmu	independent	perc	delta_pct	21.832123612102944	-10.44881570383857	5.803306277309028	25.101834647029783	
log-cspl5-percpmu.mapjitter.klw	log	cspl5	percpmu	independent	perc	delta_pct	23.440714911422706	-9.348260313422848	6.202363293665525	24.309554105113023	
log-cspl5-percpmu.mapjitter.klw	log	cspl5	percpmu	independent	perc	delta_pct	25.16782724947517	-8.037080843455037	6.812224813180167	23.847632189957512	
log-cspl5-percpmu.mapjitter.klw	log	cspl5	percpmu	independent	perc	delta_pct	27.0221932587371	-7.0047916914661155	7.506552765476238	23.999715862892725	
log-cspl5-percpmu.mapjitter.klw	log	cspl5	percpmu	independent	perc	delta_pct	29.01318899221878	-6.65537281438453	8.15972193360529	24.7744458833276	
log-cspl5-percpmu.mapjitter.klw	log	cspl5	percpmu	independent	perc	delta_pct	31.150881330701633	-6.782556808065335	8.65148625615012	25.92476684464446	
log-cspl5-percpmu.mapjitter.klw	log	cspl5	percpmu	independent	perc	delta_pct	33.44607888294205	-7.196437127245219	8.912557216481275	27.02865217787462	
log-cspl5-percpmu.mapjitter.klw	log	cspl5	percpmu	independent	perc	delta_pct	35.910386636203285	-7.613158261264365	8.970827519261348	27.818568730303586	
log-cspl5-percpmu.mapjitter.klw	log	cspl5	percpmu	independent	perc	delta_pct	38.55626463343953	-8.028169834806516	8.838385870682252	28.230351763404407	
log-cspl5-percpmu.mapjitter.klw	log	cspl5	percpmu	independent	perc	delta_pct	41.397090973816184	-8.39490084899123	8.50869428888046	28.269474281118516	
log-cspl5-percpmu.mapjitter.klw	log	cspl5	percpmu	independent	perc	delta_pct	44.44722945510957	-8.71929610145619	8.079994787264411	27.855250409240064	
log-cspl5-percpmu.mapjitter.klw	log	cspl5	percpmu	independent	perc	delta_pct	47.722102200000165	-8.975975802991668	7.546023735540763	27.02251316110079	
log-cspl5-percpmu.mapjitter.klw	log	cspl5	percpmu	independent	perc	delta_pct	51.23826763347237	-9.265043913243824	6.9362486565372805	26.066594722005213	
log-cspl5-percpmu.mapjitter.klw	log	cspl5	percpmu	independent	perc	delta_pct	55.01350420559078	-9.614333436972679	6.233899505158968	24.950570491203464	
log-cspl5-percpmu.mapjitter.klw	log	cspl5	percpmu	independent	perc	delta_pct	59.0669002829722	-10.074579679817658	5.474894331447033	23.80501045649152	
log-cspl5-percpmu.mapjitter.klw	log	cspl5	percpmu	independent	perc	delta_pct	63.4189506634631	-10.759953408120607	4.65652032513143	22.808939098558334	
log-cspl5-percpmu.mapjitter.klw	log	cspl5	percpmu	independent	perc	delta_pct	68.0916602020204	-11.626810122892062	3.8263523553511147	21.898890666542027	
log-cspl5-percpmu.mapjitter.klw	log	cspl5	percpmu	independent	perc	delta_pct	73.10865507174931	-12.609980874637284	2.9571822181289287	21.29949493635642	
log-cspl5-percpmu.mapjitter.klw	log	cspl5	percpmu	independent	perc	delta_pct	78.49530222265639	-13.8826586048758	2.0898208372883476	21.032526866872697	
log-cspl5-percpmu.mapjitter.klw	log	cspl5	percpmu	independent	perc	delta_pct	84.27883764212618	-15.299437404843404	1.195236371690911	20.828710122792607	
log-cspl5-percpmu.mapjitter.klw	log	cspl5	percpmu	independent	perc	delta_pct	90.48850406563211	-16.802864873647103	0.30963776182906244	21.07410841934149	
log-cspl5-percpmu.mapjitter.klw	log	cspl5	percpmu	independent	perc	delta_pct	97.15569883397539	-18.492925949980492	-0.5729342942945803	21.474870906748322	
log-cspl5-percpmu.mapjitter.klw	log	cspl5	percpmu	independent	perc	delta_pct	104.31413264464811	-20.226670265645485	-1.4695546742838073	22.167919000082573	
log-cspl5-percpmu.mapjitter.klw	log	cspl5	percpmu	independent	perc	delta_pct	111.99999999999996	-21.970715563658104	-2.3195149012133487	23.14742903557803	
log-cspl5-percpmu.mapjitter.klw	log	cspl5	percpmu	independent	perc	delta	6.999999999999999	-0.019214469200004716	0.03067640986385116	0.07995534954084266	0.8901944444444444
log-cspl5-percpmu.mapjitter.klw	log	cspl5	percpmu	independent	perc	delta	7.515760138376834	-0.012220979550316487	0.03051700695759345	0.07302038317726385	0.9218472222222223
log-cspl5-percpmu.mapjitter.klw	log	cspl5	percpmu	independent	perc	delta	8.069521493944878	-0.007691260332732212	0.030239777181576194	0.06821401496799076	0.9427777777777778
log-cspl5-percpmu.mapjitter.klw	log	cspl5	percpmu	independent	perc	delta	8.664083997137997	-0.005870225435990365	0.029943939807949016	0.06613173176262958	0.9507083333333334
log-cspl5-percpmu.mapjitter.klw	log	cspl5	percpmu	independent	perc	delta	9.302453877319767	-0.006660338014954395	0.02944344815591847	0.06650206071563902	0.9451388888888889
log-cspl5-percpmu.mapjitter.klw	log	cspl5	percpmu	independent	perc	delta	9.987858862892702	-0.009257179826210151	0.028804350881583812	0.06754786241406036	0.9321388888888889
log-cspl5-percpmu.mapjitter.klw	log	cspl5	percpmu	independent	perc	delta	10.723764501351818	-0.012258522366390292	0.02784035447355157	0.06874034104135651	0.9142361111111111
log-cspl5-percpmu.mapjitter.klw	log	cspl5	percpmu	independent	perc	delta	11.513891681800072	-0.014968436365696796	0.026528044517592428	0.06902701382473818	0.8967361111111111
log-cspl5-percpmu.mapjitter.klw	log	cspl5	percpmu	independent	perc	delta	12.36223544852308	-0.016728288778754548	0.0249394068582523	0.06737576429362227	0.8815416666666667
log-cspl5-percpmu.mapjitter.klw	log	cspl5	percpmu	independent	perc	delta	13.273085200748401	-0.01732798893024063	0.022912348030053778	0.0637448499755498	0.8700277777777777
log-cspl5-percpmu.mapjitter.klw	log	cspl5	percpmu	independent	perc	delta	14.25104638072347	-0.017155063874849472	0.020529928431862438	0.05853486996864532	0.8605694444444445
log-cspl5-percpmu.mapjitter.klw	log	cspl5	percpmu	independent	perc	delta	15.301063759771553	-0.016868684316841766	0.017923346919997377	0.053337310447860296	0.8477083333333333
log-cspl5-percpmu.mapjitter.klw	log	cspl5	percpmu	independent	perc	delta	16.428446440064768	-0.017847391917192874	0.015528764430802977	0.04983243425141276	0.8196111111111111
log-cspl5-percpmu.mapjitter.klw	log	cspl5	percpmu	independent	perc	delta	17.638894698528226	-0.019939099884761394	0.01354064858849724	0.047921236407637416	0.7843055555555556
log-cspl5-percpmu.mapjitter.klw	log	cspl5	percpmu	independent	perc	delta	18.93852880860355	-0.02266685947587232	0.012060743115621705	0.04743005037723372	0.7538472222222222
log-cspl5-percpmu.mapjitter.klw	log	cspl5	percpmu	independent	perc	delta	20.33391998560055	-0.024064837928323254	0.011425753416426973	0.04728210025528188	0.7393194444444444
log-cspl5-percpmu.mapjitter.klw	log	cspl5	percpmu	independent	perc	delta	21.832123612102944	-0.023180958865871844	0.011751869510753188	0.04678485518131212	0.7479305555555555
log-cspl5-percpmu.mapjitter.klw	log	cspl5	percpmu	independent	perc	delta	23.440714911422706	-0.020823585888764352	0.012800650443948874	0.04642100484589371	0.7738194444444444
log-cspl5-percpmu.mapjitter.klw	log	cspl5	percpmu	independent	perc	delta	25.16782724947517	-0.018168930398990868	0.01427516997390918	0.04648545903253918	0.8073333333333333
log-cspl5-percpmu.mapjitter.klw	log	cspl5	percpmu	independent	perc	delta	27.0221932587371	-0.01604735226992123	0.01594664906849745	0.0477358496794636	0.8363333333333334
log-cspl5-percpmu.mapjitter.klw	log	cspl5	percpmu	independent	perc	delta	29.01318899221878	-0.015539364766466054	0.01757766273959714	0.05022708831496584	0.8535416666666666
log-cspl5-percpmu.mapjitter.klw	log	cspl5	percpmu	independent	perc	delta	31.150881330701633	-0.016258884557811937	0.018975995871824775	0.053349994190138895	0.8584722222222222
log-cspl5-percpmu.mapjitter.klw	log	cspl5	percpmu	independent	perc	delta	33.44607888294205	-0.017580462918647084	0.019875258704983398	0.056279949271729135	0.8563333333333333
log-cspl5-percpmu.mapjitter.klw	log	cspl5	percpmu	independent	perc	delta	35.910386636203285	-0.019112810506763625	0.020378967581680132	0.058479026746842216	0.8502777777777778
log-cspl5-percpmu.mapjitter.klw	log	cspl5	percpmu	independent	perc	delta	38.55626463343953	-0.02051206984539743	0.020449469324599068	0.06021308862416452	0.8422638888888889
log-cspl5-percpmu.mapjitter.klw	log	cspl5	percpmu	independent	perc	delta	41.397090973816184	-0.02184936938769623	0.020147924500070316	0.060883863910236265	0.8325
log-cspl5-percpmu.mapjitter.klw	log	cspl5	percpmu	independent	perc	delta	44.44722945510957	-0.023080772757678617	0.019504956142432417	0.06102316498199563	0.8218055555555556
log-cspl5-percpmu.mapjitter.klw	log	cspl5	percpmu	independent	perc	delta	47.722102200000165	-0.02431614542920627	0.018573603473083553	0.06049536283245517	0.8082083333333333
log-cspl5-percpmu.mapjitter.klw	log	cspl5	percpmu	independent	perc	delta	51.23826763347237	-0.02569178772193583	0.017376695543349446	0.05942478532498395	0.7921111111111111
log-cspl5-percpmu.mapjitter.klw	log	cspl5	percpmu	independent	perc	delta	55.01350420559078	-0.027396437065161663	0.015961354823274876	0.05801534951642944	0.7712638888888889
log-cspl5-percpmu.mapjitter.klw	log	cspl5	percpmu	independent	perc	delta	59.0669002829722	-0.029287288787938362	0.014301421834387096	0.05642132983146954	0.7465277777777778
log-cspl5-percpmu.mapjitter.klw	log	cspl5	percpmu	independent	perc	delta	63.4189506634631	-0.031993132217436444	0.012429272292779597	0.05486457927586983	0.7155277777777778
log-cspl5-percpmu.mapjitter.klw	log	cspl5	percpmu	independent	perc	delta	68.0916602020204	-0.03552497062956085	0.010409054738911738	0.053474467520458174	0.6789722222222222
log-cspl5-percpmu.mapjitter.klw	log	cspl5	percpmu	independent	perc	delta	73.10865507174931	-0.039824913059312905	0.008242561709742663	0.05271722411448142	0.6386944444444445
log-cspl5-percpmu.mapjitter.klw	log	cspl5	percpmu	independent	perc	delta	78.49530222265639	-0.045041906731107216	0.0058991944883208525	0.052314662851341835	0.5954444444444444
log-cspl5-percpmu.mapjitter.klw	log	cspl5	percpmu	independent	perc	delta	84.27883764212618	-0.051214782611157715	0.003462301333960388	0.05270691422851132	0.5537638888888889
log-cspl5-percpmu.mapjitter.klw	log	cspl5	percpmu	independent	perc	delta	90.48850406563211	-0.05826993345638909	0.0009138522857675135	0.05364733009077284	0.5134861111111111
log-cspl5-percpmu.mapjitter.klw	log	cspl5	percpmu	independent	perc	delta	97.15569883397539	-0.065875554101911	-0.0017079813820242429	0.05532813811854241	0.47625
log-cspl5-percpmu.mapjitter.klw	log	cspl5	percpmu	independent	perc	delta	104.31413264464811	-0.0737690868308989	-0.004453375908755414	0.057573447594965	0.4451527777777778
log-cspl5-percpmu.mapjitter.klw	log	cspl5	percpmu	independent	perc	delta	111.99999999999996	-0.08251712836524583	-0.007188171728078174	0.06013651072104956	0.4182916666666667
log-cspl5-percpmu.mapjitter.klw	log	cspl5	percpmu	independent	mem	delta_pct	6.999999999999999	0.0	0.0	0.0	
log-cspl5-percpmu.mapjitter.klw	log	cspl5	percpmu	independent	mem	delta_pct	7.515760138376834	0.0	0.0	0.0	
log-cspl5-percpmu.mapjitter.klw	log	cspl5	percpmu	independent	mem	delta_pct	8.069521493944878	0.0	0.0	0.0	
log-cspl5-percpmu.mapjitter.klw	log	cspl5	percpmu	independent	mem	delta_pct	8.664083997137997	0.0	0.0	0.0	
log-cspl5-percpmu.mapjitter.klw	log	cspl5	percpmu	independent	mem	delta_pct	9.302453877319767	0.0	0.0	0.0	
log-cspl5-percpmu.mapjitter.klw	log	cspl5	percpmu	independent	mem	delta_pct	9.987858862892702	0.0	0.0	0.0	
log-cspl5-percpmu.mapjitter.klw	log	cspl5	percpmu	independent	mem	delta_pct	10.723764501351818	0.0	0.0	0.0	
log-cspl5-percpmu.mapjitter.klw	log	cspl5	percpmu	independent	mem	delta_pct	11.513891681800072	0.0	0.0	0.0	
log-cspl5-percpmu.mapjitter.klw	log	cspl5	percpmu	independent	mem	delta_pct	12.36223544852308	0.0	0.0	0.0	
log-cspl5-percpmu.mapjitter.klw	log	cspl5	percpmu	independent	mem	delta_pct	13.273085200748401	0.0	0.0	0.0	
log-cspl5-percpmu.mapjitter.klw	log	cspl5	percpmu	independent	mem	delta_pct	14.25104638072347	0.0	0.0	0.0	
log-cspl5-percpmu.mapjitter.klw	log	cspl5	percpmu	independent	mem	delta_pct	15.301063759771553	0.0	0.0	0.0	
log-cspl5-percpmu.mapjitter.klw	log	cspl5	percpmu	independent	mem	delta_pct	16.428446440064768	0.0	0.0	0.0	
log-cspl5-percpmu.mapjitter.klw	log	cspl5	percpmu	independent	mem	delta_pct	17.638894698528226	0.0	0.0	0.0	
log-cspl5-percpmu.mapjitter.klw	log	cspl5	percpmu	independent	mem	delta_pct	18.93852880860355	0.0	0.0	0.0	
log-cspl5-percpmu.mapjitter.klw	log	cspl5	percpmu	independent	mem	delta_pct	20.33391998560055	0.0	0.0	0.0	
log-cspl5-percpmu.mapjitter.klw	log	cspl5	percpmu	independent	mem	delta_pct	21.832123612102944	0.0	0.0	0.0	
log-cspl5-percpmu.mapjitter.klw	log	cspl5	percpmu	independent	mem	delta_pct	23.440714911422706	0.0	0.0	0.0	
log-cspl5-percpmu.mapjitter.klw	log	cspl5	percpmu	independent	mem	delta_pct	25.16782724947517	0.0	0.0	0.0	
log-cspl5-percpmu.mapjitter.klw	log	cspl5	percpmu	independent	mem	delta_pct	27.0221932587371	0.0	0.0	0.0	
log-cspl5-percpmu.mapjitter.klw	log	cspl5	percpmu	independent	mem	delta_pct	29.01318899221878	0.0	0.0	0.0	
log-cspl5-percpmu.mapjitter.klw	log	cspl5	percpmu	independent	mem	delta_pct	31.150881330701633	0.0	0.0	0.0	
log-cspl5-percpmu.mapjitter.klw	log	cspl5	percpmu	independent	mem	delta_pct	33.44607888294205	0.0	0.0	0.0	
log-cspl5-percpmu.mapjitter.klw	log	cspl5	percpmu	independent	mem	delta_pct	35.910386636203285	0.0	0.0	0.0	
log-cspl5-percpmu.mapjitter.klw	log	cspl5	percpmu	independent	mem	delta_pct	38.55626463343953	0.0	0.0	0.0	
log-cspl5-percpmu.mapjitter.klw	log	cspl5	percpmu	independent	mem	delta_pct	41.397090973816184	0.0	0.0	0.0	
log-cspl5-percpmu.mapjitter.klw	log	cspl5	percpmu	independent	mem	delta_pct	44.44722945510957	0.0	0.0	0.0	
log-cspl5-percpmu.mapjitter.klw	log	cspl5	percpmu	independent	mem	delta_pct	47.722102200000165	0.0	0.0	0.0	
log-cspl5-percpmu.mapjitter.klw	log	cspl5	percpmu	independent	mem	delta_pct	51.23826763347237	0.0	0.0	0.0	
log-cspl5-percpmu.mapjitter.klw	log	cspl5	percpmu	independent	mem	delta_pct	55.01350420559078	0.0	0.0	0.0	
log-cspl5-percpmu.mapjitter.klw	log	cspl5	percpmu	independent	mem	delta_pct	59.0669002829722	0.0	0.0	0.0	
log-cspl5-percpmu.mapjitter.klw	log	cspl5	percpmu	independent	mem	delta_pct	63.4189506634631	0.0	0.0	0.0	
log-cspl5-percpmu.mapjitter.klw	log	cspl5	percpmu	independent	mem	delta_pct	68.0916602020204	0.0	0.0	0.0	
log-cspl5-percpmu.mapjitter.klw	log	cspl5	percpmu	independent	mem	delta_pct	73.10865507174931	0.0	0.0	0.0	
log-cspl5-percpmu.mapjitter.klw	log	cspl5	percpmu	independent	mem	delta_pct	78.49530222265639	0.0	0.0	0.0	
log-cspl5-percpmu.mapjitter.klw	log	cspl5	percpmu	independent	mem	delta_pct	84.27883764212618	0.0	0.0	0.0	
log-cspl5-percpmu.mapjitter.klw	log	cspl5	percpmu	independent	mem	delta_pct	90.48850406563211	0.0	0.0	0.0	
log-cspl5-percpmu.mapjitter.klw	log	cspl5	percpmu	independent	mem	delta_pct	97.15569883397539	0.0	0.0	0.0	
log-cspl5-percpmu.mapjitter.klw	log	cspl5	percpmu	independent	mem	delta_pct	104.31413264464811	0.0	0.0	0.0	
log-cspl5-percpmu.mapjitter.klw	log	cspl5	percpmu	independent	mem	delta_pct	111.99999999999996	0.0	0.0	0.0	
log-cspl5-percpmu.mapjitter.klw	log	cspl5	percpmu	independent	mem	delta	6.999999999999999	0.0	0.0	0.0	0.0
log-cspl5-percpmu.mapjitter.klw	log	cspl5	percpmu	independent	mem	delta	7.515760138376834	0.0	0.0	0.0	0.0
log-cspl5-percpmu.mapjitter.klw	log	cspl5	percpmu	independent	mem	delta	8.069521493944878	0.0	0.0	0.0	0.0
log-cspl5-percpmu.mapjitter.klw	log	cspl5	percpmu	independent	mem	delta	8.664083997137997	0.0	0.0	0.0	0.0
log-cspl5-percpmu.mapjitter.klw	log	cspl5	percpmu	independent	mem	delta	9.302453877319767	0.0	0.0	0.0	0.0
log-cspl5-percpmu.mapjitter.klw	log	cspl5	percpmu	independent	mem	delta	9.987858862892702	0.0	0.0	0.0	0.0
log-cspl5-percpmu.mapjitter.klw	log	cspl5	percpmu	independent	mem	delta	10.723764501351818	0.0	0.0	0.0	0.0
log-cspl5-percpmu.mapjitter.klw	log	cspl5	percpmu	independent	mem	delta	11.513891681800072	0.0	0.0	0.0	0.0
log-cspl5-percpmu.mapjitter.klw	log	cspl5	percpmu	independent	mem	delta	12.36223544852308	0.0	0.0	0.0	0.0
log-cspl5-percpmu.mapjitter.klw	log	cspl5	percpmu	independent	mem	delta	13.273085200748401	0.0	0.0	0.0	0.0
log-cspl5-percpmu.mapjitter.klw	log	cspl5	percpmu	independent	mem	delta	14.25104638072347	0.0	0.0	0.0	0.0
log-cspl5-percpmu.mapjitter.klw	log	cspl5	percpmu	independent	mem	delta	15.301063759771553	0.0	0.0	0.0	0.0
log-cspl5-percpmu.mapjitter.klw	log	cspl5	percpmu	independent	mem	delta	16.428446440064768	0.0	0.0	0.0	0.0
log-cspl5-percpmu.mapjitter.klw	log	cspl5	percpmu	independent	mem	delta	17.638894698528226	0.0	0.0	0.0	0.0
log-cspl5-percpmu.mapjitter.klw	log	cspl5	percpmu	independent	mem	delta	18.93852880860355	0.0	0.0	0.0	0.0
log-cspl5-percpmu.mapjitter.klw	log	cspl5	percpmu	independent	mem	delta	20.33391998560055	0.0	0.0	0.0	0.0
log-cspl5-percpmu.mapjitter.klw	log	cspl5	percpmu	independent	mem	delta	21.832123612102944	0.0	0.0	0.0	0.0
log-cspl5-percpmu.mapjitter.klw	log	cspl5	percpmu	independent	mem	delta	23.440714911422706	0.0	0.0	0.0	0.0
log-cspl5-percpmu.mapjitter.klw	log	cspl5	percpmu	independent	mem	delta	25.16782724947517	0.0	0.0	0.0	0.0
log-cspl5-percpmu.mapjitter.klw	log	cspl5	percpmu	independent	mem	delta	27.0221932587371	0.0	0.0	0.0	0.0
log-cspl5-percpmu.mapjitter.klw	log	cspl5	percpmu	independent	mem	delta	29.01318899221878	0.0	0.0	0.0	0.0
log-cspl5-percpmu.mapjitter.klw	log	cspl5	percpmu	independent	mem	delta	31.150881330701633	0.0	0.0	0.0	0.0
log-cspl5-percpmu.mapjitter.klw	log	cspl5	percpmu	independent	mem	delta	33.44607888294205	0.0	0.0	0.0	0.0
log-cspl5-percpmu.mapjitter.klw	log	cspl5	percpmu	independent	mem	delta	35.910386636203285	0.0	0.0	0.0	0.0
log-cspl5-percpmu.mapjitter.klw	log	cspl5	percpmu	independent	mem	delta	38.55626463343953	0.0	0.0	0.0	0.0
log-cspl5-percpmu.mapjitter.klw	log	cspl5	percpmu	independent	mem	delta	41.397090973816184	0.0	0.0	0.0	0.0
log-cspl5-percpmu.mapjitter.klw	log	cspl5	percpmu	independent	mem	delta	44.44722945510957	0.0	0.0	0.0	0.0
log-cspl5-percpmu.mapjitter.klw	log	cspl5	percpmu	independent	mem	delta	47.722102200000165	0.0	0.0	0.0	0.0
log-cspl5-percpmu.mapjitter.klw	log	cspl5	percpmu	independent	mem	delta	51.23826763347237	0.0	0.0	0.0	0.0
log-cspl5-percpmu.mapjitter.klw	log	cspl5	percpmu	independent	mem	delta	55.01350420559078	0.0	0.0	0.0	0.0
log-cspl5-percpmu.mapjitter.klw	log	cspl5	percpmu	independent	mem	delta	59.0669002829722	0.0	0.0	0.0	0.0
log-cspl5-percpmu.mapjitter.klw	log	cspl5	percpmu	independent	mem	delta	63.4189506634631	0.0	0.0	0.0	0.0
log-cspl5-percpmu.mapjitter.klw	log	cspl5	percpmu	independent	mem	delta	68.0916602020204	0.0	0.0	0.0	0.0
log-cspl5-percpmu.mapjitter.klw	log	cspl5	percpmu	independent	mem	delta	73.10865507174931	0.0	0.0	0.0	0.0
log-cspl5-percpmu.mapjitter.klw	log	cspl5	percpmu	independent	mem	delta	78.49530222265639	0.0	0.0	0.0	0.0
log-cspl5-percpmu.mapjitter.klw	log	cspl5	percpmu	independent	mem	delta	84.27883764212618	0.0	0.0	0.0	0.0
log-cspl5-percpmu.mapjitter.klw	log	cspl5	percpmu	independent	mem	delta	90.48850406563211	0.0	0.0	0.0	0.0
log-cspl5-percpmu.mapjitter.klw	log	cspl5	percpmu	independent	mem	delta	97.15569883397539	0.0	0.0	0.0	0.0
log-cspl5-percpmu.mapjitter.klw	log	cspl5	percpmu	independent	mem	delta	104.31413264464811	0.0	0.0	0.0	0.0
log-cspl5-percpmu.mapjitter.klw	log	cspl5	percpmu	independent	mem	delta	111.99999999999996	0.0	0.0	0.0	0.0
log-cspl7-percpmu.mapjitter.klw	log	cspl7	percpmu	independent	perc	ips	6.999999999999999	0.14170910129749012	0.20223612377906175	0.2657122191845107	
log-cspl7-percpmu.mapjitter.klw	log	cspl7	percpmu	independent	perc	ips	7.515760138376834	0.14912846125000262	0.19810418297699722	0.24943659302271556	
log-cspl7-percpmu.mapjitter.klw	log	cspl7	percpmu	independent	perc	ips	8.069521493944878	0.14870993440081426	0.1940982136271509	0.24195697796581397	
log-cspl7-percpmu.mapjitter.klw	log	cspl7	percpmu	independent	perc	ips	8.664083997137997	0.14250588847707898	0.19097772995230985	0.24180636502130187	
log-cspl7-percpmu.mapjitter.klw	log	cspl7	percpmu	independent	perc	ips	9.302453877319767	0.13679851428110454	0.18908866449764428	0.24375330497295664	
log-cspl7-percpmu.mapjitter.klw	log	cspl7	percpmu	independent	perc	ips	9.987858862892702	0.13564475111618504	0.1886141881955316	0.24344384929763077	
log-cspl7-percpmu.mapjitter.klw	log	cspl7	percpmu	independent	perc	ips	10.723764501351818	0.14022828233069867	0.18987640008834733	0.24021632969991594	
log-cspl7-percpmu.mapjitter.klw	log	cspl7	percpmu	independent	perc	ips	11.513891681800072	0.14651207628146606	0.19229562956124438	0.23820081769541315	
log-cspl7-percpmu.mapjitter.klw	log	cspl7	percpmu	independent	perc	ips	12.36223544852308	0.1489026509389709	0.19509565750651992	0.2414505728139138	
log-cspl7-percpmu.mapjitter.klw	log	cspl7	percpmu	independent	perc	ips	13.273085200748401	0.14768195067633452	0.19745993305400739	0.2479730240455569	
log-cspl7-percpmu.mapjitter.klw	log	cspl7	percpmu	independent	perc	ips	14.25104638072347	0.14743453725879202	0.19894248271249473	0.2515342461196551	
log-cspl7-percpmu.mapjitter.klw	log	cspl7	percpmu	independent	perc	ips	15.301063759771553	0.15095909995384243	0.19936832267611856	0.2492902073771455	
log-cspl7-percpmu.mapjitter.klw	log	cspl7	percpmu	independent	perc	ips	16.428446440064768	0.1556995041609072	0.19936368000132412	0.24473978594605938	
log-cspl7-percpmu.mapjitter.klw	log	cspl7	percpmu	independent	perc	ips	17.638894698528226	0.158479107696354	0.20002552821597075	0.2432092762864126	
log-cspl7-percpmu.mapjitter.klw	log	cspl7	percpmu	independent	perc	ips	18.93852880860355	0.16021783434059128	0.20201333542958144	0.24558999422234715	
log-cspl7-percpmu.mapjitter.klw	log	cspl7	percpmu	independent	perc	ips	20.33391998560055	0.1640035230023255	0.2064586053205334	0.25022820280290414	
log-cspl7-percpmu.mapjitter.klw	log	cspl7	percpmu	independent	perc	ips	21.832123612102944	0.17327078675348143	0.21347876485991207	0.2549933686634333	
log-cspl7-percpmu.mapjitter.klw	log	cspl7	percpmu	independent	perc	ips	23.440714911422706	0.18535754231568322	0.22208495146361246	0.26057249822166734	
log-cspl7-percpmu.mapjitter.klw	log	cspl7	percpmu	independent	perc	ips	25.16782724947517	0.19602555262354707	0.23117558384458675	0.2678961075270679	
log-cspl7-percpmu.mapjitter.klw	log	cspl7	percpmu	independent	perc	ips	27.0221932587371	0.20344765538354012	0.2397949197284525	0.2778468047354454	
log-cspl7-percpmu.mapjitter.klw	log	cspl7	percpmu	independent	perc	ips	29.01318899221878	0.20874027541016613	0.24691437564741112	0.2864965266162591	
log-cspl7-percpmu.mapjitter.klw	log	cspl7	percpmu	independent	perc	ips	31.150881330701633	0.21348523118122764	0.2521479916962497	0.2919110591884353	
log-cspl7-percpmu.mapjitter.klw	log	cspl7	percpmu	independent	perc	ips	33.44607888294205	0.21650869874923098	0.25591653869604836	0.2951981051689849	
log-cspl7-percpmu.mapjitter.klw	log	cspl7	percpmu	independent	perc	ips	35.910386636203285	0.21761310021575855	0.25866717217360224	0.29888512476875057	
log-cspl7-percpmu.mapjitter.klw	log	cspl7	percpmu	independent	perc	ips	38.55626463343953	0.2160408593640691	0.2609580920112738	0.30369873811528336	
log-cspl7-percpmu.mapjitter.klw	log	cspl7	percpmu	independent	perc	ips	41.397090973816184	0.21367498477928482	0.2632372660647214	0.3092225520249557	
log-cspl7-percpmu.mapjitter.klw	log	cspl7	percpmu	independent	perc	ips	44.44722945510957	0.21186830448867908	0.2657305506527585	0.3154506880450212	
log-cspl7-percpmu.mapjitter.klw	log	cspl7	percpmu	independent	perc	ips	47.722102200000165	0.21172542438514425	0.26850665058043327	0.3209692224457047	
log-cspl7-percpmu.mapjitter.klw	log	cspl7	percpmu	independent	perc	ips	51.23826763347237	0.21314524056143838	0.27152057003522956	0.3259672172907645	
log-cspl7-percpmu.mapjitter.klw	log	cspl7	percpmu	independent	perc	ips	55.01350420559078	0.21595844872400216	0.27472576044257707	0.3303119577137886	
log-cspl7-percpmu.mapjitter.klw	log	cspl7	percpmu	independent	perc	ips	59.0669002829722	0.22042787684886203	0.27813692774705545	0.3335273251594716	
log-cspl7-percpmu.mapjitter.klw	log	cspl7	percpmu	independent	perc	ips	63.4189506634631	0.22617189562124124	0.28183623147899695	0.3364188916374893	
log-cspl7-percpmu.mapjitter.klw	log	cspl7	percpmu	independent	perc	ips	68.0916602020204	0.23267096693635445	0.28560170965139786	0.33900176046065894	
log-cspl7-percpmu.mapjitter.klw	log	cspl7	percpmu	independent	perc	ips	73.10865507174931	0.2395456738147491	0.2895133612156065	0.34182033897114017	
log-cspl7-percpmu.mapjitter.klw	log	cspl7	percpmu	independent	perc	ips	78.49530222265639	0.2463222591767749	0.2936727093635707	0.3451009798538467	
log-cspl7-percpmu.mapjitter.klw	log	cspl7	percpmu	independent	perc	ips	84.27883764212618	0.2524534559462277	0.2979612697559892	0.34899450431728296	
log-cspl7-percpmu.mapjitter.klw	log	cspl7	percpmu	independent	perc	ips	90.48850406563211	0.25712463065635044	0.3023987072101835	0.35431053984771604	
log-cspl7-percpmu.mapjitter.klw	log	cspl7	percpmu	independent	perc	ips	97.15569883397539	0.26015784774237954	0.306922538213645	0.3610212716267581	
log-cspl7-percpmu.mapjitter.klw	log	cspl7	percpmu	independent	perc	ips	104.31413264464811	0.26174035460806794	0.3113951618290213	0.36968408991940777	
log-cspl7-percpmu.mapjitter.klw	log	cspl7	percpmu	independent	perc	ips	111.99999999999996	0.2617108377340157	0.3159484184907094	0.37958518346900194	
log-cspl7-percpmu.mapjitter.klw	log	cspl7	percpmu	independent	perc	vertex	6.999999999999999	0.10966197062361985	0.1658872541571379	0.23132437864391361	
log-cspl7-percpmu.mapjitter.klw	log	cspl7	percpmu	independent	perc	vertex	7.515760138376834	0.12387916189756651	0.1700644921433323	0.22246147417636652	
log-cspl7-percpmu.mapjitter.klw	log	cspl7	percpmu	independent	perc	vertex	8.069521493944878	0.13050389943207763	0.17382123467595578	0.22089455391712234	
log-cspl7-percpmu.mapjitter.klw	log	cspl7	percpmu	independent	perc	vertex	8.664083997137997	0.1300975148527887	0.1761414856860879	0.22503264359477468	
log-cspl7-percpmu.mapjitter.klw	log	cspl7	percpmu	independent	perc	vertex	9.302453877319767	0.12713054994335646	0.17645238034250707	0.2288551450003322	
log-cspl7-percpmu.mapjitter.klw	log	cspl7	percpmu	independent	perc	vertex	9.987858862892702	0.1247663288502377	0.17449446424287385	0.22692769941595312	
log-cspl7-percpmu.mapjitter.klw	log	cspl7	percpmu	independent	perc	vertex	10.723764501351818	0.12426754935632456	0.17007054959823253	0.21810066197903372	
log-cspl7-percpmu.mapjitter.klw	log	cspl7	percpmu	independent	perc	vertex	11.513891681800072	0.12240063675900335	0.164498702802732	0.20788713367694395	
log-cspl7-percpmu.mapjitter.klw	log	cspl7	percpmu	independent	perc	vertex	12.36223544852308	0.1174791884902267	0.15936618357815524	0.2030827399850954	
log-cspl7-percpmu.mapjitter.klw	log	cspl7	percpmu	independent	perc	vertex	13.273085200748401	0.11271696076105012	0.1568608427737467	0.20392176743670812	
log-cspl7-percpmu.mapjitter.klw	log	cspl7	percpmu	independent	perc	vertex	14.25104638072347	0.11314032850198366	0.15883766050178036	0.20735986138876672	
log-cspl7-percpmu.mapjitter.klw	log	cspl7	percpmu	independent	perc	vertex	15.301063759771553	0.12240923435267666	0.1660299255571711	0.21170939656085244	
log-cspl7-percpmu.mapjitter.klw	log	cspl7	percpmu	independent	perc	vertex	16.428446440064768	0.13523010366997001	0.17650029397500833	0.2188882844524668	
log-cspl7-percpmu.mapjitter.klw	log	cspl7	percpmu	independent	perc	vertex	17.638894698528226	0.14706551180076877	0.18828241176320976	0.2312087393189514	
log-cspl7-percpmu.mapjitter.klw	log	cspl7	percpmu	independent	perc	vertex	18.93852880860355	0.15570150961764856	0.19945052000104863	0.24536869293911917	
log-cspl7-percpmu.mapjitter.klw	log	cspl7	percpmu	independent	perc	vertex	20.33391998560055	0.1636422288738397	0.20822147191387844	0.25548595002754193	
log-cspl7-percpmu.mapjitter.klw	log	cspl7	percpmu	independent	perc	vertex	21.832123612102944	0.17205929844708615	0.21367089684921028	0.25758981319445207	
log-cspl7-percpmu.mapjitter.klw	log	cspl7	percpmu	independent	perc	vertex	23.440714911422706	0.17941323196123965	0.21641275699368662	0.2555129308048738	
log-cspl7-percpmu.mapjitter.klw	log	cspl7	percpmu	independent	perc	vertex	25.16782724947517	0.18330734840964302	0.21755299296779632	0.25421595058095936	
log-cspl7-percpmu.mapjitter.klw	log	cspl7	percpmu	independent	perc	vertex	27.0221932587371	0.18366068383104941	0.2183563049943157	0.25593357916800824	
log-cspl7-percpmu.mapjitter.klw	log	cspl7	percpmu	independent	perc	vertex	29.01318899221878	0.1838428409580745	0.2198891229393659	0.2587316856454877	
log-cspl7-percpmu.mapjitter.klw	log	cspl7	percpmu	independent	perc	vertex	31.150881330701633	0.18580162570739062	0.22249339418702907	0.26081040901683533	
log-cspl7-percpmu.mapjitter.klw	log	cspl7	percpmu	independent	perc	vertex	33.44607888294205	0.18935583258951855	0.22592182302769254	0.2639979556464716	
log-cspl7-percpmu.mapjitter.klw	log	cspl7	percpmu	independent	perc	vertex	35.910386636203285	0.19187719395648306	0.23010171605148028	0.26974077587030926	
log-cspl7-percpmu.mapjitter.klw	log	cspl7	percpmu	independent	perc	vertex	38.55626463343953	0.19233834229603872	0.23479597244641137	0.2784197355023812	
log-cspl7-percpmu.mapjitter.klw	log	cspl7	percpmu	independent	perc	vertex	41.397090973816184	0.19236547446313657	0.23979888075835024	0.28838843158818206	
log-cspl7-percpmu.mapjitter.klw	log	cspl7	percpmu	independent	perc	vertex	44.44722945510957	0.19249507657579398	0.2448554138456388	0.29824768693997833	
log-cspl7-percpmu.mapjitter.klw	log	cspl7	percpmu	independent	perc	vertex	47.722102200000165	0.19405460072879288	0.25011520161746265	0.3070549373102999	
log-cspl7-percpmu.mapjitter.klw	log	cspl7	percpmu	independent	perc	vertex	51.23826763347237	0.19695316868339138	0.25534790236385263	0.31466074072090205	
log-cspl7-percpmu.mapjitter.klw	log	cspl7	percpmu	independent	perc	vertex	55.01350420559078	0.20161246306461975	0.2607124397620021	0.3208164942174453	
log-cspl7-percpmu.mapjitter.klw	log	cspl7	percpmu	independent	perc	vertex	59.0669002829722	0.20749097377140333	0.26617080782000946	0.32643581639389285	
log-cspl7-percpmu.mapjitter.klw	log	cspl7	percpmu	independent	perc	vertex	63.4189506634631	0.2141345081620543	0.2716349919277365	0.33135972318484525	
log-cspl7-percpmu.mapjitter.klw	log	cspl7	percpmu	independent	perc	vertex	68.0916602020204	0.22144748592813535	0.27705535861177066	0.33651063920208973	
log-cspl7-percpmu.mapjitter.klw	log	cspl7	percpmu	independent	perc	vertex	73.10865507174931	0.22804987658192655	0.2824640015141179	0.3424306313398073	
log-cspl7-percpmu.mapjitter.klw	log	cspl7	percpmu	independent	perc	vertex	78.49530222265639	0.23395250699710127	0.2879176867865015	0.34928074112467433	
log-cspl7-percpmu.mapjitter.klw	log	cspl7	percpmu	independent	perc	vertex	84.27883764212618	0.23875706910860223	0.29341181324885174	0.3580690595487097	
log-cspl7-percpmu.mapjitter.klw	log	cspl7	percpmu	independent	perc	vertex	90.48850406563211	0.24182768475586006	0.2989520833366883	0.36856923922859425	
log-cspl7-percpmu.mapjitter.klw	log	cspl7	percpmu	independent	perc	vertex	97.15569883397539	0.24259975682262444	0.30444988986409566	0.38059749202811344	
log-cspl7-percpmu.mapjitter.klw	log	cspl7	percpmu	independent	perc	vertex	104.31413264464811	0.24226194789757766	0.30997078557282665	0.394053305961864	
log-cspl7-percpmu.mapjitter.klw	log	cspl7	percpmu	independent	perc	vertex	111.99999999999996	0.240748908065722	0.31560551511971613	0.4089894248477111	
log-cspl7-percpmu.mapjitter.klw	log	cspl7	percpmu	independent	mem	ips	6.999999999999999	0.04341835635175494	0.08891743466007165	0.14876917155436448	
log-cspl7-percpmu.mapjitter.klw	log	cspl7	percpmu	independent	mem	ips	7.515760138376834	0.055840021965427235	0.0947193566574053	0.14431839980555633	
log-cspl7-percpmu.mapjitter.klw	log	cspl7	percpmu	independent	mem	ips	8.069521493944878	0.0605677631732037	0.1008079784513729	0.14941603420998384	
log-cspl7-percpmu.mapjitter.klw	log	cspl7	percpmu	independent	mem	ips	8.664083997137997	0.06237030119611478	0.10712134388717007	0.16025327050856672	
log-cspl7-percpmu.mapjitter.klw	log	cspl7	percpmu	independent	mem	ips	9.302453877319767	0.06591189440084458	0.11447005305778488	0.17274287227280535	
log-cspl7-percpmu.mapjitter.klw	log	cspl7	percpmu	independent	mem	ips	9.987858862892702	0.0743799223741709	0.12328123789056211	0.18324039838703873	
log-cspl7-percpmu.mapjitter.klw	log	cspl7	percpmu	independent	mem	ips	10.723764501351818	0.0872780109629202	0.1340308958605344	0.19099856256263573	
log-cspl7-percpmu.mapjitter.klw	log	cspl7	percpmu	independent	mem	ips	11.513891681800072	0.09831135576584053	0.14528847551364443	0.2007735510828251	
log-cspl7-percpmu.mapjitter.klw	log	cspl7	percpmu	independent	mem	ips	12.36223544852308	0.10477783188832925	0.15538142740509603	0.21496974665492524	
log-cspl7-percpmu.mapjitter.klw	log	cspl7	percpmu	independent	mem	ips	13.273085200748401	0.10779694231568443	0.16290751025261646	0.22833593830640933	
log-cspl7-percpmu.mapjitter.klw	log	cspl7	percpmu	independent	mem	ips	14.25104638072347	0.11060190100703149	0.16658849319726304	0.2342686869794616	
log-cspl7-percpmu.mapjitter.klw	log	cspl7	percpmu	independent	mem	ips	15.301063759771553	0.11383165911112245	0.16595641610286882	0.22842253491967054	
log-cspl7-percpmu.mapjitter.klw	log	cspl7	percpmu	independent	mem	ips	16.428446440064768	0.11385029173581629	0.1613865010772627	0.2182000443350314	
log-cspl7-percpmu.mapjitter.klw	log	cspl7	percpmu	independent	mem	ips	17.638894698528226	0.10737788848008696	0.1535011716888004	0.2083566392399924	
log-cspl7-percpmu.mapjitter.klw	log	cspl7	percpmu	independent	mem	ips	18.93852880860355	0.0954759427594324	0.1430487492597684	0.20058341702055688	
log-cspl7-percpmu.mapjitter.klw	log	cspl7	percpmu	independent	mem	ips	20.33391998560055	0.0830033325883147	0.13107278078109674	0.18933217100062713	
log-cspl7-percpmu.mapjitter.klw	log	cspl7	percpmu	independent	mem	ips	21.832123612102944	0.07435807071005862	0.11831123800887447	0.1713932455199503	
log-cspl7-percpmu.mapjitter.klw	log	cspl7	percpmu	independent	mem	ips	23.440714911422706	0.06843359218212702	0.10556225753598836	0.1508308310582941	
log-cspl7-percpmu.mapjitter.klw	log	cspl7	percpmu	independent	mem	ips	25.16782724947517	0.06233476029360928	0.09344456274563115	0.13320923841512308	
log-cspl7-percpmu.mapjitter.klw	log	cspl7	percpmu	independent	mem	ips	27.0221932587371	0.053300563632873305	0.08281679192996781	0.12263420198676547	
log-cspl7-percpmu.mapjitter.klw	log	cspl7	percpmu	independent	mem	ips	29.01318899221878	0.043967763603324835	0.07476645388307926	0.11662955092896392	
log-cspl7-percpmu.mapjitter.klw	log	cspl7	percpmu	independent	mem	ips	31.150881330701633	0.038089137819861625	0.06948180816160351	0.11141798969260665	
log-cspl7-percpmu.mapjitter.klw	log	cspl7	percpmu	independent	mem	ips	33.44607888294205	0.03619483058221069	0.06618948808186403	0.1064065205967743	
log-cspl7-percpmu.mapjitter.klw	log	cspl7	percpmu	independent	mem	ips	35.910386636203285	0.03627849434782941	0.06440191353612704	0.103033838399241	
log-cspl7-percpmu.mapjitter.klw	log	cspl7	percpmu	independent	mem	ips	38.55626463343953	0.03634868687119737	0.06349779595676656	0.10185306981622999	
log-cspl7-percpmu.mapjitter.klw	log	cspl7	percpmu	independent	mem	ips	41.397090973816184	0.03532908800895901	0.06300323728565771	0.10255038181788617	
log-cspl7-percpmu.mapjitter.klw	log	cspl7	percpmu	independent	mem	ips	44.44722945510957	0.03298407434955056	0.06252364332370752	0.10386808407684266	
log-cspl7-percpmu.mapjitter.klw	log	cspl7	percpmu	independent	mem	ips	47.722102200000165	0.03045620591195544	0.062057612189024045	0.10474445605605492	
log-cspl7-percpmu.mapjitter.klw	log	cspl7	percpmu	independent	mem	ips	51.23826763347237	0.028260040262584364	0.061528414046587335	0.10473579886147381	
log-cspl7-percpmu.mapjitter.klw	log	cspl7	percpmu	independent	mem	ips	55.01350420559078	0.026641598565273594	0.06098135406698949	0.10398392402816342	
log-cspl7-percpmu.mapjitter.klw	log	cspl7	percpmu	independent	mem	ips	59.0669002829722	0.02599086564355426	0.060323670689904595	0.10216223470946394	
log-cspl7-percpmu.mapjitter.klw	log	cspl7	percpmu	independent	mem	ips	63.4189506634631	0.02599862890047216	0.059675281950916606	0.09957645536062926	
log-cspl7-percpmu.mapjitter.klw	log	cspl7	percpmu	independent	mem	ips	68.0916602020204	0.026450841395753797	0.058885574646331026	0.09636460492259324	
log-cspl7-percpmu.mapjitter.klw	log	cspl7	percpmu	independent	mem	ips	73.10865507174931	0.0272397170347367	0.0579655314573793	0.09318303005098463	
log-cspl7-percpmu.mapjitter.klw	log	cspl7	percpmu	independent	mem	ips	78.49530222265639	0.028140831588176384	0.0569178908122942	0.09029287580570007	
log-cspl7-percpmu.mapjitter.klw	log	cspl7	percpmu	independent	mem	ips	84.27883764212618	0.028739092449118462	0.055653224430910836	0.08854150038382266	
log-cspl7-percpmu.mapjitter.klw	log	cspl7	percpmu	independent	mem	ips	90.48850406563211	0.029049283009386535	0.05421213272878996	0.0880670172281962	
log-cspl7-percpmu.mapjitter.klw	log	cspl7	percpmu	independent	mem	ips	97.15569883397539	0.028276806511332568	0.05255332925880808	0.08963397738614702	
log-cspl7-percpmu.mapjitter.klw	log	cspl7	percpmu	independent	mem	ips	104.31413264464811	0.025977151799636725	0.05101095348892755	0.09226378794976335	
log-cspl7-percpmu.mapjitter.klw	log	cspl7	percpmu	independent	mem	ips	111.99999999999996	0.021905876489272863	0.04955211354286919	0.09590787470680773	
log-cspl7-percpmu.mapjitter.klw	log	cspl7	percpmu	independent	mem	vertex	6.999999999999999	0.04341835635175494	0.08891743466007165	0.14876917155436448	
log-cspl7-percpmu.mapjitter.klw	log	cspl7	percpmu	independent	mem	vertex	7.515760138376834	0.055840021965427235	0.0947193566574053	0.14431839980555633	
log-cspl7-percpmu.mapjitter.klw	log	cspl7	percpmu	independent	mem	vertex	8.069521493944878	0.0605677631732037	0.1008079784513729	0.14941603420998384	
log-cspl7-percpmu.mapjitter.klw	log	cspl7	percpmu	independent	mem	vertex	8.664083997137997	0.06237030119611478	0.10712134388717007	0.16025327050856672	
log-cspl7-percpmu.mapjitter.klw	log	cspl7	percpmu	independent	mem	vertex	9.302453877319767	0.06591189440084458	0.11447005305778488	0.17274287227280535	
log-cspl7-percpmu.mapjitter.klw	log	cspl7	percpmu	independent	mem	vertex	9.987858862892702	0.0743799223741709	0.12328123789056211	0.18324039838703873	
log-cspl7-percpmu.mapjitter.klw	log	cspl7	percpmu	independent	mem	vertex	10.723764501351818	0.0872780109629202	0.1340308958605344	0.19099856256263573	
log-cspl7-percpmu.mapjitter.klw	log	cspl7	percpmu	independent	mem	vertex	11.513891681800072	0.09831135576584053	0.14528847551364443	0.2007735510828251	
log-cspl7-percpmu.mapjitter.klw	log	cspl7	percpmu	independent	mem	vertex	12.36223544852308	0.10477783188832925	0.15538142740509603	0.21496974665492524	
log-cspl7-percpmu.mapjitter.klw	log	cspl7	percpmu	independent	mem	vertex	13.273085200748401	0.10779694231568443	0.16290751025261646	0.22833593830640933	
log-cspl7-percpmu.mapjitter.klw	log	cspl7	percpmu	independent	mem	vertex	14.25104638072347	0.11060190100703149	0.16658849319726304	0.2342686869794616	
log-cspl7-percpmu.mapjitter.klw	log	cspl7	percpmu	independent	mem	vertex	15.301063759771553	0.11383165911112245	0.16595641610286882	0.22842253491967054	
log-cspl7-percpmu.mapjitter.klw	log	cspl7	percpmu	independent	mem	vertex	16.428446440064768	0.11385029173581629	0.1613865010772627	0.2182000443350314	
log-cspl7-percpmu.mapjitter.klw	log	cspl7	percpmu	independent	mem	vertex	17.638894698528226	0.10737788848008696	0.1535011716888004	0.2083566392399924	
log-cspl7-percpmu.mapjitter.klw	log	cspl7	percpmu	independent	mem	vertex	18.93852880860355	0.0954759427594324	0.1430487492597684	0.20058341702055688	
log-cspl7-percpmu.mapjitter.klw	log	cspl7	percpmu	independent	mem	vertex	20.33391998560055	0.0830033325883147	0.13107278078109674	0.18933217100062713	
log-cspl7-percpmu.mapjitter.klw	log	cspl7	percpmu	independent	mem	vertex	21.832123612102944	0.07435807071005862	0.11831123800887447	0.1713932455199503	
log-cspl7-percpmu.mapjitter.klw	log	cspl7	percpmu	independent	mem	vertex	23.440714911422706	0.06843359218212702	0.10556225753598836	0.1508308310582941	
log-cspl7-percpmu.mapjitter.klw	log	cspl7	percpmu	independent	mem	vertex	25.16782724947517	0.06233476029360928	0.09344456274563115	0.13320923841512308	
log-cspl7-percpmu.mapjitter.klw	log	cspl7	percpmu	independent	mem	vertex	27.0221932587371	0.053300563632873305	0.08281679192996781	0.12263420198676547	
log-cspl7-percpmu.mapjitter.klw	log	cspl7	percpmu	independent	mem	vertex	29.01318899221878	0.043967763603324835	0.07476645388307926	0.11662955092896392	
log-cspl7-percpmu.mapjitter.klw	log	cspl7	percpmu	independent	mem	vertex	31.150881330701633	0.038089137819861625	0.06948180816160351	0.11141798969260665	
log-cspl7-percpmu.mapjitter.klw	log	cspl7	percpmu	independent	mem	vertex	33.44607888294205	0.03619483058221069	0.06618948808186403	0.1064065205967743	
log-cspl7-percpmu.mapjitter.klw	log	cspl7	percpmu	independent	mem	vertex	35.910386636203285	0.03627849434782941	0.06440191353612704	0.103033838399241	
log-cspl7-percpmu.mapjitter.klw	log	cspl7	percpmu	independent	mem	vertex	38.55626463343953	0.03634868687119737	0.06349779595676656	0.10185306981622999	
log-cspl7-percpmu.mapjitter.klw	log	cspl7	percpmu	independent	mem	vertex	41.397090973816184	0.03532908800895901	0.06300323728565771	0.10255038181788617	
log-cspl7-percpmu.mapjitter.klw	log	cspl7	percpmu	independent	mem	vertex	44.44722945510957	0.03298407434955056	0.06252364332370752	0.10386808407684266	
log-cspl7-percpmu.mapjitter.klw	log	cspl7	percpmu	independent	mem	vertex	47.722102200000165	0.03045620591195544	0.062057612189024045	0.10474445605605492	
log-cspl7-percpmu.mapjitter.klw	log	cspl7	percpmu	independent	mem	vertex	51.23826763347237	0.028260040262584364	0.061528414046587335	0.10473579886147381	
log-cspl7-percpmu.mapjitter.klw	log	cspl7	percpmu	independent	mem	vertex	55.01350420559078	0.026641598565273594	0.06098135406698949	0.10398392402816342	
log-cspl7-percpmu.mapjitter.klw	log	cspl7	percpmu	independent	mem	vertex	59.0669002829722	0.02599086564355426	0.060323670689904595	0.10216223470946394	
log-cspl7-percpmu.mapjitter.klw	log	cspl7	percpmu	independent	mem	vertex	63.4189506634631	0.02599862890047216	0.059675281950916606	0.09957645536062926	
log-cspl7-percpmu.mapjitter.klw	log	cspl7	percpmu	independent	mem	vertex	68.0916602020204	0.026450841395753797	0.058885574646331026	0.09636460492259324	
log-cspl7-percpmu.mapjitter.klw	log	cspl7	percpmu	independent	mem	vertex	73.10865507174931	0.0272397170347367	0.0579655314573793	0.09318303005098463	
log-cspl7-percpmu.mapjitter.klw	log	cspl7	percpmu	independent	mem	vertex	78.49530222265639	0.028140831588176384	0.0569178908122942	0.09029287580570007	
log-cspl7-percpmu.mapjitter.klw	log	cspl7	percpmu	independent	mem	vertex	84.27883764212618	0.028739092449118462	0.055653224430910836	0.08854150038382266	
log-cspl7-percpmu.mapjitter.klw	log	cspl7	percpmu	independent	mem	vertex	90.48850406563211	0.029049283009386535	0.05421213272878996	0.0880670172281962	
log-cspl7-percpmu.mapjitter.klw	log	cspl7	percpmu	independent	mem	vertex	97.15569883397539	0.028276806511332568	0.05255332925880808	0.08963397738614702	
log-cspl7-percpmu.mapjitter.klw	log	cspl7	percpmu	independent	mem	vertex	104.31413264464811	0.025977151799636725	0.05101095348892755	0.09226378794976335	
log-cspl7-percpmu.mapjitter.klw	log	cspl7	percpmu	independent	mem	vertex	111.99999999999996	0.021905876489272863	0.04955211354286919	0.09590787470680773	
log-cspl7-percpmu.mapjitter.klw	log	cspl7	percpmu	independent	perc	delta_pct	6.999999999999999	-8.551189788971048	21.64345434082069	64.00426213841872	
log-cspl7-percpmu.mapjitter.klw	log	cspl7	percpmu	independent	perc	delta_pct	7.515760138376834	-7.505241769783879	16.20418088066169	46.41454672485347	
log-cspl7-percpmu.mapjitter.klw	log	cspl7	percpmu	independent	perc	delta_pct	8.069521493944878	-9.74131468251624	11.666617493799869	39.009491358386946	
log-cspl7-percpmu.mapjitter.klw	log	cspl7	percpmu	independent	perc	delta_pct	8.664083997137997	-14.272981074027292	8.500781333630059	37.96976317843367	
log-cspl7-percpmu.mapjitter.klw	log	cspl7	percpmu	independent	perc	delta_pct	9.302453877319767	-17.494209374934858	7.108177919886405	39.38999384179599	
log-cspl7-percpmu.mapjitter.klw	log	cspl7	percpmu	independent	perc	delta_pct	9.987858862892702	-16.934621315662024	8.014117619915396	40.704122550321294	
log-cspl7-percpmu.mapjitter.klw	log	cspl7	percpmu	independent	perc	delta_pct	10.723764501351818	-12.21793521794467	11.63984855316289	42.504545490826885	
log-cspl7-percpmu.mapjitter.klw	log	cspl7	percpmu	independent	perc	delta_pct	11.513891681800072	-6.504552518505493	16.866298428144546	47.221035903935004	
log-cspl7-percpmu.mapjitter.klw	log	cspl7	percpmu	independent	perc	delta_pct	12.36223544852308	-3.468018458670473	22.260828333594972	56.733849666645284	
log-cspl7-percpmu.mapjitter.klw	log	cspl7	percpmu	independent	perc	delta_pct	13.273085200748401	-3.662312184531165	25.717238255186082	66.61044917241472	
log-cspl7-percpmu.mapjitter.klw	log	cspl7	percpmu	independent	perc	delta_pct	14.25104638072347	-5.211175362793141	25.130986406258206	67.797190473631	
log-cspl7-percpmu.mapjitter.klw	log	cspl7	percpmu	independent	perc	delta_pct	15.301063759771553	-7.170266675258697	20.039142020200828	56.97277859758336	
log-cspl7-percpmu.mapjitter.klw	log	cspl7	percpmu	independent	perc	delta_pct	16.428446440064768	-10.19240707933993	12.992628630114522	42.88337131290867	
log-cspl7-percpmu.mapjitter.klw	log	cspl7	percpmu	independent	perc	delta_pct	17.638894698528226	-14.40027818228948	6.237430593056481	32.5730236139709	
log-cspl7-percpmu.mapjitter.klw	log	cspl7	percpmu	independent	perc	delta_pct	18.93852880860355	-18.60484493878958	1.274516796508951	26.7826911021746	
log-cspl7-percpmu.mapjitter.klw	log	cspl7	percpmu	independent	perc	delta_pct	20.33391998560055	-20.188228694943174	-0.9475670050675011	23.623172225675294	
log-cspl7-percpmu.mapjitter.klw	log	cspl7	percpmu	independent	perc	delta_pct	21.832123612102944	-17.961739611185426	-0.15332452004127028	22.15820100013313	
log-cspl7-percpmu.mapjitter.klw	log	cspl7	percpmu	independent	perc	delta_pct	23.440714911422706	-13.551311671730893	2.58302370322826	21.89986202291985	
log-cspl7-percpmu.mapjitter.klw	log	cspl7	percpmu	independent	perc	delta_pct	25.16782724947517	-8.943134780381055	6.221454110872604	23.913040275471214	
log-cspl7-percpmu.mapjitter.klw	log	cspl7	percpmu	independent	perc	delta_pct	27.0221932587371	-5.757824822829997	9.833935741737555	27.760834193981832	
log-cspl7-percpmu.mapjitter.klw	log	cspl7	percpmu	independent	perc	delta_pct	29.01318899221878	-4.042634072440941	12.356114677393958	31.366570868178282	
log-cspl7-percpmu.mapjitter.klw	log	cspl7	percpmu	independent	perc	delta_pct	31.150881330701633	-3.232303790273441	13.41191307195344	32.699971385427894	
log-cspl7-percpmu.mapjitter.klw	log	cspl7	percpmu	independent	perc	delta_pct	33.44607888294205	-3.16805719419578	13.280244533916685	32.37365251064588	
log-cspl7-percpmu.mapjitter.klw	log	cspl7	percpmu	independent	perc	delta_pct	35.910386636203285	-3.9940096883707974	12.39677739727376	31.40129286830386	
log-cspl7-percpmu.mapjitter.klw	log	cspl7	percpmu	independent	perc	delta_pct	38.55626463343953	-5.653960611206201	11.095565622477087	30.678386747007718	
log-cspl7-percpmu.mapjitter.klw	log	cspl7	percpmu	independent	perc	delta_pct	41.397090973816184	-7.682573220097472	9.678006040795594	30.22181539910477	
log-cspl7-percpmu.mapjitter.klw	log	cspl7	percpmu	independent	perc	delta_pct	44.44722945510957	-9.458396004809407	8.383486809538386	29.81217843760001	
log-cspl7-percpmu.mapjitter.klw	log	cspl7	percpmu	independent	perc	delta_pct	47.722102200000165	-10.898182444998868	7.221911678681192	29.08209113381799	
log-cspl7-percpmu.mapjitter.klw	log	cspl7	percpmu	independent	perc	delta_pct	51.23826763347237	-11.868250956473476	6.144371821029305	28.059449790228552	
log-cspl7-percpmu.mapjitter.klw	log	cspl7	percpmu	independent	perc	delta_pct	55.01350420559078	-12.361329219067432	5.214677610599139	26.780307818103697	
log-cspl7-percpmu.mapjitter.klw	log	cspl7	percpmu	independent	perc	delta_pct	59.0669002829722	-12.684787819362372	4.3996047418068285	25.268511822548856	
log-cspl7-percpmu.mapjitter.klw	log	cspl7	percpmu	independent	perc	delta_pct	63.4189506634631	-12.788931235254687	3.6731908899521493	23.537894085100994	
log-cspl7-percpmu.mapjitter.klw	log	cspl7	percpmu	independent	perc	delta_pct	68.0916602020204	-12.956499139836938	3.011187389187253	22.06162789913141	
log-cspl7-percpmu.mapjitter.klw	log	cspl7	percpmu	independent	perc	delta_pct	73.10865507174931	-13.32054358601551	2.407099705512461	21.13862060740892	
log-cspl7-percpmu.mapjitter.klw	log	cspl7	percpmu	independent	perc	delta_pct	78.49530222265639	-13.878978986868868	1.9199340358130645	20.80252459524453	
log-cspl7-percpmu.mapjitter.klw	log	cspl7	percpmu	independent	perc	delta_pct	84.27883764212618	-14.832080708972267	1.4893099466334436	20.949163882892506	
log-cspl7-percpmu.mapjitter.klw	log	cspl7	percpmu	independent	perc	delta_pct	90.48850406563211	-16.024968906117756	1.0710687925706286	21.924839117662145	
log-cspl7-percpmu.mapjitter.klw	log	cspl7	percpmu	independent	perc	delta_pct	97.15569883397539	-17.51968091849394	0.7008219906121882	23.479909360578766	
log-cspl7-percpmu.mapjitter.klw	log	cspl7	percpmu	independent	perc	delta_pct	104.31413264464811	-19.27223713549068	0.346336588065399	25.534535237799606	
log-cspl7-percpmu.mapjitter.klw	log	cspl7	percpmu	independent	perc	delta_pct	111.99999999999996	-21.03117444041041	-0.00840386728314102	28.22361015762848	
log-cspl7-percpmu.mapjitter.klw	log	cspl7	percpmu	independent	perc	delta	6.999999999999999	-0.01703773172147345	0.035468781987210526	0.08789457703049443	0.9111666666666667
log-cspl7-percpmu.mapjitter.klw	log	cspl7	percpmu	independent	perc	delta	7.515760138376834	-0.014855906580818173	0.027417051020795766	0.06896510234688506	0.9034861111111111
log-cspl7-percpmu.mapjitter.klw	log	cspl7	percpmu	independent	perc	delta	8.069521493944878	-0.018983239672282704	0.020163769031772444	0.05971658099215169	0.8434861111111112
log-cspl7-percpmu.mapjitter.klw	log	cspl7	percpmu	independent	perc	delta	8.664083997137997	-0.027956794608861347	0.01485829291586259	0.058465228694954366	0.7541944444444444
log-cspl7-percpmu.mapjitter.klw	log	cspl7	percpmu	independent	perc	delta	9.302453877319767	-0.03437465572481354	0.012456122711607814	0.06002858802425685	0.7025833333333333
log-cspl7-percpmu.mapjitter.klw	log	cspl7	percpmu	independent	perc	delta	9.987858862892702	-0.03294782486629833	0.013875456732897667	0.06140784590598002	0.7226805555555555
log-cspl7-percpmu.mapjitter.klw	log	cspl7	percpmu	independent	perc	delta	10.723764501351818	-0.023065080924730617	0.01962020778210584	0.06309195689931639	0.8179444444444445
log-cspl7-percpmu.mapjitter.klw	log	cspl7	percpmu	independent	perc	delta	11.513891681800072	-0.011973355863577883	0.027696511193435816	0.06801443861999928	0.9141944444444444
log-cspl7-percpmu.mapjitter.klw	log	cspl7	percpmu	independent	perc	delta	12.36223544852308	-0.00615848270012047	0.035354769569406294	0.07768318174497217	0.9528194444444444
log-cspl7-percpmu.mapjitter.klw	log	cspl7	percpmu	independent	perc	delta	13.273085200748401	-0.006540137833552194	0.040179123161074595	0.08835882072080323	0.954875
log-cspl7-percpmu.mapjitter.klw	log	cspl7	percpmu	independent	perc	delta	14.25104638072347	-0.00945617956885928	0.039649609958975957	0.09036111484264574	0.94475
log-cspl7-percpmu.mapjitter.klw	log	cspl7	percpmu	independent	perc	delta	15.301063759771553	-0.013435604012849212	0.03312487712127862	0.08103945675978423	0.9202222222222223
log-cspl7-percpmu.mapjitter.klw	log	cspl7	percpmu	independent	perc	delta	16.428446440064768	-0.019968995116602387	0.02286214883080047	0.06649703325338589	0.8547638888888889
log-cspl7-percpmu.mapjitter.klw	log	cspl7	percpmu	independent	perc	delta	17.638894698528226	-0.03010511723471967	0.011659512173824813	0.05397986440038737	0.709375
log-cspl7-percpmu.mapjitter.klw	log	cspl7	percpmu	independent	perc	delta	18.93852880860355	-0.04136021987616572	0.002538743319980913	0.0464346147855652	0.5448055555555555
log-cspl7-percpmu.mapjitter.klw	log	cspl7	percpmu	independent	perc	delta	20.33391998560055	-0.04698044884013495	-0.001971025765796136	0.04317059845196659	0.46605555555555556
log-cspl7-percpmu.mapjitter.klw	log	cspl7	percpmu	independent	perc	delta	21.832123612102944	-0.042498765272321874	-0.0003350113900237178	0.041878797140976684	0.49369444444444444
log-cspl7-percpmu.mapjitter.klw	log	cspl7	percpmu	independent	perc	delta	23.440714911422706	-0.03193138059459338	0.0055818415281717465	0.043038594099665886	0.6168055555555556
log-cspl7-percpmu.mapjitter.klw	log	cspl7	percpmu	independent	perc	delta	25.16782724947517	-0.020944233831554988	0.013524661813565556	0.047931045768061564	0.7819166666666667
log-cspl7-percpmu.mapjitter.klw	log	cspl7	percpmu	independent	perc	delta	27.0221932587371	-0.013570151847827911	0.021414827158142066	0.056067198903841806	0.8870694444444445
log-cspl7-percpmu.mapjitter.klw	log	cspl7	percpmu	independent	perc	delta	29.01318899221878	-0.00967971802897591	0.02710011703647558	0.06340528620301715	0.9264583333333334
log-cspl7-percpmu.mapjitter.klw	log	cspl7	percpmu	independent	perc	delta	31.150881330701633	-0.007805009515838661	0.029727002027136018	0.06676907086224523	0.9402222222222222
log-cspl7-percpmu.mapjitter.klw	log	cspl7	percpmu	independent	perc	delta	33.44607888294205	-0.007710685738490475	0.029911213333775832	0.06718487223404217	0.9407361111111111
log-cspl7-percpmu.mapjitter.klw	log	cspl7	percpmu	independent	perc	delta	35.910386636203285	-0.009912399806748167	0.028453222063660993	0.06651626178168202	0.9282777777777778
log-cspl7-percpmu.mapjitter.klw	log	cspl7	percpmu	independent	perc	delta	38.55626463343953	-0.014555246209268652	0.025999636011275765	0.06561477766791973	0.8988611111111111
log-cspl7-percpmu.mapjitter.klw	log	cspl7	percpmu	independent	perc	delta	41.397090973816184	-0.020230501953044808	0.023078719899666228	0.06548905298297458	0.8571944444444445
log-cspl7-percpmu.mapjitter.klw	log	cspl7	percpmu	independent	perc	delta	44.44722945510957	-0.025599720599209137	0.020393393152360814	0.06541142520573553	0.8144027777777778
log-cspl7-percpmu.mapjitter.klw	log	cspl7	percpmu	independent	perc	delta	47.722102200000165	-0.030243025653677855	0.017914534191151563	0.06480830048316555	0.774875
log-cspl7-percpmu.mapjitter.klw	log	cspl7	percpmu	independent	perc	delta	51.23826763347237	-0.033537065284793915	0.01562271388276315	0.06365278235823123	0.7412361111111111
log-cspl7-percpmu.mapjitter.klw	log	cspl7	percpmu	independent	perc	delta	55.01350420559078	-0.03578801204008321	0.013599783958275394	0.06181077313296469	0.7111666666666666
log-cspl7-percpmu.mapjitter.klw	log	cspl7	percpmu	independent	perc	delta	59.0669002829722	-0.037347511056240235	0.01167979878150302	0.059646388377323174	0.6852916666666666
log-cspl7-percpmu.mapjitter.klw	log	cspl7	percpmu	independent	perc	delta	63.4189506634631	-0.03863759692333381	0.009935341850445228	0.05714969809800859	0.660875
log-cspl7-percpmu.mapjitter.klw	log	cspl7	percpmu	independent	perc	delta	68.0916602020204	-0.03991352084719904	0.00832814527966938	0.0549539567303576	0.6380416666666666
log-cspl7-percpmu.mapjitter.klw	log	cspl7	percpmu	independent	perc	delta	73.10865507174931	-0.04190929305618433	0.006793674508550673	0.05347108253406527	0.6134444444444445
log-cspl7-percpmu.mapjitter.klw	log	cspl7	percpmu	independent	perc	delta	78.49530222265639	-0.045067703458635686	0.0055006148599720806	0.05309111790252042	0.5895833333333333
log-cspl7-percpmu.mapjitter.klw	log	cspl7	percpmu	independent	perc	delta	84.27883764212618	-0.04965401560239204	0.0043313034192192235	0.05409953785833574	0.5658055555555556
log-cspl7-percpmu.mapjitter.klw	log	cspl7	percpmu	independent	perc	delta	90.48850406563211	-0.05557507682634647	0.0031818761950270225	0.057044513898858805	0.5451944444444444
log-cspl7-percpmu.mapjitter.klw	log	cspl7	percpmu	independent	perc	delta	97.15569883397539	-0.06321948036506254	0.0021394371336118656	0.061425286576145426	0.527375
log-cspl7-percpmu.mapjitter.klw	log	cspl7	percpmu	independent	perc	delta	104.31413264464811	-0.07193455868030345	0.0010643485128437602	0.06701586176480594	0.5128611111111111
log-cspl7-percpmu.mapjitter.klw	log	cspl7	percpmu	independent	perc	delta	111.99999999999996	-0.08125458824753899	-2.6253408421827995e-05	0.07368226791863043	0.4996527777777778
log-cspl7-percpmu.mapjitter.klw	log	cspl7	percpmu	independent	mem	delta_pct	6.999999999999999	0.0	0.0	0.0	
log-cspl7-percpmu.mapjitter.klw	log	cspl7	percpmu	independent	mem	delta_pct	7.515760138376834	0.0	0.0	0.0	
log-cspl7-percpmu.mapjitter.klw	log	cspl7	percpmu	independent	mem	delta_pct	8.069521493944878	0.0	0.0	0.0	
log-cspl7-percpmu.mapjitter.klw	log	cspl7	percpmu	independent	mem	delta_pct	8.664083997137997	0.0	0.0	0.0	
log-cspl7-percpmu.mapjitter.klw	log	cspl7	percpmu	independent	mem	delta_pct	9.302453877319767	0.0	0.0	0.0	
log-cspl7-percpmu.mapjitter.klw	log	cspl7	percpmu	independent	mem	delta_pct	9.987858862892702	0.0	0.0	0.0	
log-cspl7-percpmu.mapjitter.klw	log	cspl7	percpmu	independent	mem	delta_pct	10.723764501351818	0.0	0.0	0.0	
log-cspl7-percpmu.mapjitter.klw	log	cspl7	percpmu	independent	mem	delta_pct	11.513891681800072	0.0	0.0	0.0	
log-cspl7-percpmu.mapjitter.klw	log	cspl7	percpmu	independent	mem	delta_pct	12.36223544852308	0.0	0.0	0.0	
log-cspl7-percpmu.mapjitter.klw	log	cspl7	percpmu	independent	mem	delta_pct	13.273085200748401	0.0	0.0	0.0	
log-cspl7-percpmu.mapjitter.klw	log	cspl7	percpmu	independent	mem	delta_pct	14.25104638072347	0.0	0.0	0.0	
log-cspl7-percpmu.mapjitter.klw	log	cspl7	percpmu	independent	mem	delta_pct	15.301063759771553	0.0	0.0	0.0	
log-cspl7-percpmu.mapjitter.klw	log	cspl7	percpmu	independent	mem	delta_pct	16.428446440064768	0.0	0.0	0.0	
log-cspl7-percpmu.mapjitter.klw	log	cspl7	percpmu	independent	mem	delta_pct	17.638894698528226	0.0	0.0	0.0	
log-cspl7-percpmu.mapjitter.klw	log	cspl7	percpmu	independent	mem	delta_pct	18.93852880860355	0.0	0.0	0.0	
log-cspl7-percpmu.mapjitter.klw	log	cspl7	percpmu	independent	mem	delta_pct	20.33391998560055	0.0	0.0	0.0	
log-cspl7-percpmu.mapjitter.klw	log	cspl7	percpmu	independent	mem	delta_pct	21.832123612102944	0.0	0.0	0.0	
log-cspl7-percpmu.mapjitter.klw	log	cspl7	percpmu	independent	mem	delta_pct	23.440714911422706	0.0	0.0	0.0	
log-cspl7-percpmu.mapjitter.klw	log	cspl7	percpmu	independent	mem	delta_pct	25.16782724947517	0.0	0.0	0.0	
log-cspl7-percpmu.mapjitter.klw	log	cspl7	percpmu	independent	mem	delta_pct	27.0221932587371	0.0	0.0	0.0	
log-cspl7-percpmu.mapjitter.klw	log	cspl7	percpmu	independent	mem	delta_pct	29.01318899221878	0.0	0.0	0.0	
log-cspl7-percpmu.mapjitter.klw	log	cspl7	percpmu	independent	mem	delta_pct	31.150881330701633	0.0	0.0	0.0	
log-cspl7-percpmu.mapjitter.klw	log	cspl7	percpmu	independent	mem	delta_pct	33.44607888294205	0.0	0.0	0.0	
log-cspl7-percpmu.mapjitter.klw	log	cspl7	percpmu	independent	mem	delta_pct	35.910386636203285	0.0	0.0	0.0	
log-cspl7-percpmu.mapjitter.klw	log	cspl7	percpmu	independent	mem	delta_pct	38.55626463343953	0.0	0.0	0.0	
log-cspl7-percpmu.mapjitter.klw	log	cspl7	percpmu	independent	mem	delta_pct	41.397090973816184	0.0	0.0	0.0	
log-cspl7-percpmu.mapjitter.klw	log	cspl7	percpmu	independent	mem	delta_pct	44.44722945510957	0.0	0.0	0.0	
log-cspl7-percpmu.mapjitter.klw	log	cspl7	percpmu	independent	mem	delta_pct	47.722102200000165	0.0	0.0	0.0	
log-cspl7-percpmu.mapjitter.klw	log	cspl7	percpmu	independent	mem	delta_pct	51.23826763347237	0.0	0.0	0.0	
log-cspl7-percpmu.mapjitter.klw	log	cspl7	percpmu	independent	mem	delta_pct	55.01350420559078	0.0	0.0	0.0	
log-cspl7-percpmu.mapjitter.klw	log	cspl7	percpmu	independent	mem	delta_pct	59.0669002829722	0.0	0.0	0.0	
log-cspl7-percpmu.mapjitter.klw	log	cspl7	percpmu	independent	mem	delta_pct	63.4189506634631	0.0	0.0	0.0	
log-cspl7-percpmu.mapjitter.klw	log	cspl7	percpmu	independent	mem	delta_pct	68.0916602020204	0.0	0.0	0.0	
log-cspl7-percpmu.mapjitter.klw	log	cspl7	percpmu	independent	mem	delta_pct	73.10865507174931	0.0	0.0	0.0	
log-cspl7-percpmu.mapjitter.klw	log	cspl7	percpmu	independent	mem	delta_pct	78.49530222265639	0.0	0.0	0.0	
log-cspl7-percpmu.mapjitter.klw	log	cspl7	percpmu	independent	mem	delta_pct	84.27883764212618	0.0	0.0	0.0	
log-cspl7-percpmu.mapjitter.klw	log	cspl7	percpmu	independent	mem	delta_pct	90.48850406563211	0.0	0.0	0.0	
log-cspl7-percpmu.mapjitter.klw	log	cspl7	percpmu	independent	mem	delta_pct	97.15569883397539	0.0	0.0	0.0	
log-cspl7-percpmu.mapjitter.klw	log	cspl7	percpmu	independent	mem	delta_pct	104.31413264464811	0.0	0.0	0.0	
log-cspl7-percpmu.mapjitter.klw	log	cspl7	percpmu	independent	mem	delta_pct	111.99999999999996	0.0	0.0	0.0	
log-cspl7-percpmu.mapjitter.klw	log	cspl7	percpmu	independent	mem	delta	6.999999999999999	0.0	0.0	0.0	0.0
log-cspl7-percpmu.mapjitter.klw	log	cspl7	percpmu	independent	mem	delta	7.515760138376834	0.0	0.0	0.0	0.0
log-cspl7-percpmu.mapjitter.klw	log	cspl7	percpmu	independent	mem	delta	8.069521493944878	0.0	0.0	0.0	0.0
log-cspl7-percpmu.mapjitter.klw	log	cspl7	percpmu	independent	mem	delta	8.664083997137997	0.0	0.0	0.0	0.0
log-cspl7-percpmu.mapjitter.klw	log	cspl7	percpmu	independent	mem	delta	9.302453877319767	0.0	0.0	0.0	0.0
log-cspl7-percpmu.mapjitter.klw	log	cspl7	percpmu	independent	mem	delta	9.987858862892702	0.0	0.0	0.0	0.0
log-cspl7-percpmu.mapjitter.klw	log	cspl7	percpmu	independent	mem	delta	10.723764501351818	0.0	0.0	0.0	0.0
log-cspl7-percpmu.mapjitter.klw	log	cspl7	percpmu	independent	mem	delta	11.513891681800072	0.0	0.0	0.0	0.0
log-cspl7-percpmu.mapjitter.klw	log	cspl7	percpmu	independent	mem	delta	12.36223544852308	0.0	0.0	0.0	0.0
log-cspl7-percpmu.mapjitter.klw	log	cspl7	percpmu	independent	mem	delta	13.273085200748401	0.0	0.0	0.0	0.0
log-cspl7-percpmu.mapjitter.klw	log	cspl7	percpmu	independent	mem	delta	14.25104638072347	0.0	0.0	0.0	0.0
log-cspl7-percpmu.mapjitter.klw	log	cspl7	percpmu	independent	mem	delta	15.301063759771553	0.0	0.0	0.0	0.0
log-cspl7-percpmu.mapjitter.klw	log	cspl7	percpmu	independent	mem	delta	16.428446440064768	0.0	0.0	0.0	0.0
log-cspl7-percpmu.mapjitter.klw	log	cspl7	percpmu	independent	mem	delta	17.638894698528226	0.0	0.0	0.0	0.0
log-cspl7-percpmu.mapjitter.klw	log	cspl7	percpmu	independent	mem	delta	18.93852880860355	0.0	0.0	0.0	0.0
log-cspl7-percpmu.mapjitter.klw	log	cspl7	percpmu	independent	mem	delta	20.33391998560055	0.0	0.0	0.0	0.0
log-cspl7-percpmu.mapjitter.klw	log	cspl7	percpmu	independent	mem	delta	21.832123612102944	0.0	0.0	0.0	0.0
log-cspl7-percpmu.mapjitter.klw	log	cspl7	percpmu	independent	mem	delta	23.440714911422706	0.0	0.0	0.0	0.0
log-cspl7-percpmu.mapjitter.klw	log	cspl7	percpmu	independent	mem	delta	25.16782724947517	0.0	0.0	0.0	0.0
log-cspl7-percpmu.mapjitter.klw	log	cspl7	percpmu	independent	mem	delta	27.0221932587371	0.0	0.0	0.0	0.0
log-cspl7-percpmu.mapjitter.klw	log	cspl7	percpmu	independent	mem	delta	29.01318899221878	0.0	0.0	0.0	0.0
log-cspl7-percpmu.mapjitter.klw	log	cspl7	percpmu	independent	mem	delta	31.150881330701633	0.0	0.0	0.0	0.0
log-cspl7-percpmu.mapjitter.klw	log	cspl7	percpmu	independent	mem	delta	33.44607888294205	0.0	0.0	0.0	0.0
log-cspl7-percpmu.mapjitter.klw	log	cspl7	percpmu	independent	mem	delta	35.910386636203285	0.0	0.0	0.0	0.0
log-cspl7-percpmu.mapjitter.klw	log	cspl7	percpmu	independent	mem	delta	38.55626463343953	0.0	0.0	0.0	0.0
log-cspl7-percpmu.mapjitter.klw	log	cspl7	percpmu	independent	mem	delta	41.397090973816184	0.0	0.0	0.0	0.0
log-cspl7-percpmu.mapjitter.klw	log	cspl7	percpmu	independent	mem	delta	44.44722945510957	0.0	0.0	0.0	0.0
log-cspl7-percpmu.mapjitter.klw	log	cspl7	percpmu	independent	mem	delta	47.722102200000165	0.0	0.0	0.0	0.0
log-cspl7-percpmu.mapjitter.klw	log	cspl7	percpmu	independent	mem	delta	51.23826763347237	0.0	0.0	0.0	0.0
log-cspl7-percpmu.mapjitter.klw	log	cspl7	percpmu	independent	mem	delta	55.01350420559078	0.0	0.0	0.0	0.0
log-cspl7-percpmu.mapjitter.klw	log	cspl7	percpmu	independent	mem	delta	59.0669002829722	0.0	0.0	0.0	0.0
log-cspl7-percpmu.mapjitter.klw	log	cspl7	percpmu	independent	mem	delta	63.4189506634631	0.0	0.0	0.0	0.0
log-cspl7-percpmu.mapjitter.klw	log	cspl7	percpmu	independent	mem	delta	68.0916602020204	0.0	0.0	0.0	0.0
log-cspl7-percpmu.mapjitter.klw	log	cspl7	percpmu	independent	mem	delta	73.10865507174931	0.0	0.0	0.0	0.0
log-cspl7-percpmu.mapjitter.klw	log	cspl7	percpmu	independent	mem	delta	78.49530222265639	0.0	0.0	0.0	0.0
log-cspl7-percpmu.mapjitter.klw	log	cspl7	percpmu	independent	mem	delta	84.27883764212618	0.0	0.0	0.0	0.0
log-cspl7-percpmu.mapjitter.klw	log	cspl7	percpmu	independent	mem	delta	90.48850406563211	0.0	0.0	0.0	0.0
log-cspl7-percpmu.mapjitter.klw	log	cspl7	percpmu	independent	mem	delta	97.15569883397539	0.0	0.0	0.0	0.0
log-cspl7-percpmu.mapjitter.klw	log	cspl7	percpmu	independent	mem	delta	104.31413264464811	0.0	0.0	0.0	0.0
log-cspl7-percpmu.mapjitter.klw	log	cspl7	percpmu	independent	mem	delta	111.99999999999996	0.0	0.0	0.0	0.0
log-power+weber-percpmu.mapjitter.klw	log	power+weber	percpmu	independent	perc	ips	6.999999999999999	0.16395913711776922	0.1993954556566352	0.2416703414186552	
log-power+weber-percpmu.mapjitter.klw	log	power+weber	percpmu	independent	perc	ips	7.515760138376834	0.16643951144475236	0.20123590685326095	0.2425473254557478	
log-power+weber-percpmu.mapjitter.klw	log	power+weber	percpmu	independent	perc	ips	8.069521493944878	0.1689221606115866	0.20308051971172894	0.24344837647432954	
log-power+weber-percpmu.mapjitter.klw	log	power+weber	percpmu	independent	perc	ips	8.664083997137997	0.17145657032071432	0.20489702768253604	0.2443680788183205	
log-power+weber-percpmu.mapjitter.klw	log	power+weber	percpmu	independent	perc	ips	9.302453877319767	0.173997524890023	0.20674447547214608	0.2453254159007201	
log-power+weber-percpmu.mapjitter.klw	log	power+weber	percpmu	independent	perc	ips	9.987858862892702	0.1764922695135054	0.20863240152433576	0.2462936236219129	
log-power+weber-percpmu.mapjitter.klw	log	power+weber	percpmu	independent	perc	ips	10.723764501351818	0.17906068367302577	0.21053767768744092	0.24729309457573562	
log-power+weber-percpmu.mapjitter.klw	log	power+weber	percpmu	independent	perc	ips	11.513891681800072	0.1816264268422261	0.2124598413327503	0.2484611086513218	
log-power+weber-percpmu.mapjitter.klw	log	power+weber	percpmu	independent	perc	ips	12.36223544852308	0.18415700925696696	0.2143866960828354	0.2496512420217877	
log-power+weber-percpmu.mapjitter.klw	log	power+weber	percpmu	independent	perc	ips	13.273085200748401	0.18662730446536238	0.21636735957289827	0.25079219866110436	
log-power+weber-percpmu.mapjitter.klw	log	power+weber	percpmu	independent	perc	ips	14.25104638072347	0.1890801405183869	0.2183382246087703	0.25203840633322216	
log-power+weber-percpmu.mapjitter.klw	log	power+weber	percpmu	independent	perc	ips	15.301063759771553	0.19155609883373442	0.2203184118060083	0.2534797334764003	
log-power+weber-percpmu.mapjitter.klw	log	power+weber	percpmu	independent	perc	ips	16.428446440064768	0.19393829463645498	0.22229543142172115	0.2548689134982127	
log-power+weber-percpmu.mapjitter.klw	log	power+weber	percpmu	independent	perc	ips	17.638894698528226	0.19637409881453177	0.22433614000644342	0.25625663584725844	
log-power+weber-percpmu.mapjitter.klw	log	power+weber	percpmu	independent	perc	ips	18.93852880860355	0.19880814847463416	0.2263789459581002	0.25785354197176286	
log-power+weber-percpmu.mapjitter.klw	log	power+weber	percpmu	independent	perc	ips	20.33391998560055	0.2012007160472687	0.2284458433039061	0.25953174907631854	
log-power+weber-percpmu.mapjitter.klw	log	power+weber	percpmu	independent	perc	ips	21.832123612102944	0.20352002149816076	0.2305481322584831	0.26127643787976496	
log-power+weber-percpmu.mapjitter.klw	log	power+weber	percpmu	independent	perc	ips	23.440714911422706	0.20578908288131093	0.232646574482745	0.2632035833003244	
log-power+weber-percpmu.mapjitter.klw	log	power+weber	percpmu	independent	perc	ips	25.16782724947517	0.2079769377396016	0.23480316414456276	0.2651696796201849	
log-power+weber-percpmu.mapjitter.klw	log	power+weber	percpmu	independent	perc	ips	27.0221932587371	0.2100125498908212	0.23692785760985516	0.26722505929438317	
log-power+weber-percpmu.mapjitter.klw	log	power+weber	percpmu	independent	perc	ips	29.01318899221878	0.21200100365945465	0.23910776508422768	0.26944253233570187	
log-power+weber-percpmu.mapjitter.klw	log	power+weber	percpmu	independent	perc	ips	31.150881330701633	0.2139087427776599	0.241297781905869	0.27188677038653536	
log-power+weber-percpmu.mapjitter.klw	log	power+weber	percpmu	independent	perc	ips	33.44607888294205	0.21570620392828047	0.24352392543696338	0.2743691976691674	
log-power+weber-percpmu.mapjitter.klw	log	power+weber	percpmu	independent	perc	ips	35.910386636203285	0.21742442318346952	0.24578991143977127	0.2771380041355326	
log-power+weber-percpmu.mapjitter.klw	log	power+weber	percpmu	independent	perc	ips	38.55626463343953	0.21901417394719985	0.24809258622086897	0.27994181958351066	
log-power+weber-percpmu.mapjitter.klw	log	power+weber	percpmu	independent	perc	ips	41.397090973816184	0.22063623595983975	0.25039032326356636	0.2829081579029292	
log-power+weber-percpmu.mapjitter.klw	log	power+weber	percpmu	independent	perc	ips	44.44722945510957	0.22209417067988205	0.2526949736218107	0.2860726019615616	
log-power+weber-percpmu.mapjitter.klw	log	power+weber	percpmu	independent	perc	ips	47.722102200000165	0.22353626233260776	0.2550445729317894	0.28938473982815033	
log-power+weber-percpmu.mapjitter.klw	log	power+weber	percpmu	independent	perc	ips	51.23826763347237	0.22481442625176964	0.25742220347790923	0.29283173600870227	
log-power+weber-percpmu.mapjitter.klw	log	power+weber	percpmu	independent	perc	ips	55.01350420559078	0.2260394699727434	0.2597873529827023	0.2963353972354702	
log-power+weber-percpmu.mapjitter.klw	log	power+weber	percpmu	independent	perc	ips	59.0669002829722	0.22721579955224924	0.26222191918210336	0.3000785729309611	
log-power+weber-percpmu.mapjitter.klw	log	power+weber	percpmu	independent	perc	ips	63.4189506634631	0.2283620617344752	0.26461639902760414	0.3039269990356027	
log-power+weber-percpmu.mapjitter.klw	log	power+weber	percpmu	independent	perc	ips	68.0916602020204	0.229395771994383	0.2670932767786845	0.30783347347005624	
log-power+weber-percpmu.mapjitter.klw	log	power+weber	percpmu	independent	perc	ips	73.10865507174931	0.23046396189990137	0.26956527566316957	0.311859847735874	
log-power+weber-percpmu.mapjitter.klw	log	power+weber	percpmu	independent	perc	ips	78.49530222265639	0.23141600620888533	0.2720758525900331	0.31607759347724396	
log-power+weber-percpmu.mapjitter.klw	log	power+weber	percpmu	independent	perc	ips	84.27883764212618	0.23238307295975583	0.27459132525938346	0.32040956032553225	
log-power+weber-percpmu.mapjitter.klw	log	power+weber	percpmu	independent	perc	ips	90.48850406563211	0.23333223075767937	0.27709194871456755	0.3247428443141607	
log-power+weber-percpmu.mapjitter.klw	log	power+weber	percpmu	independent	perc	ips	97.15569883397539	0.23413779842118312	0.27964055202221694	0.3293958496672121	
log-power+weber-percpmu.mapjitter.klw	log	power+weber	percpmu	independent	perc	ips	104.31413264464811	0.23495981172441158	0.2822501350658877	0.33427166155617505	
log-power+weber-percpmu.mapjitter.klw	log	power+weber	percpmu	independent	perc	ips	111.99999999999996	0.2358759552481519	0.28484592536850717	0.3390503320023699	
log-power+weber-percpmu.mapjitter.klw	log	power+weber	percpmu	independent	perc	vertex	6.999999999999999	0.13524949652015822	0.17002715179647365	0.21304627279348842	
log-power+weber-percpmu.mapjitter.klw	log	power+weber	percpmu	independent	perc	vertex	7.515760138376834	0.13794706962589337	0.17228520355567992	0.21443256921190376	
log-power+weber-percpmu.mapjitter.klw	log	power+weber	percpmu	independent	perc	vertex	8.069521493944878	0.14072544202944107	0.17455299369496496	0.21584927277278987	
log-power+weber-percpmu.mapjitter.klw	log	power+weber	percpmu	independent	perc	vertex	8.664083997137997	0.14352442720032238	0.1768175815766922	0.2173673985150467	
log-power+weber-percpmu.mapjitter.klw	log	power+weber	percpmu	independent	perc	vertex	9.302453877319767	0.1462618323512791	0.17915068420707442	0.21892150562318843	
log-power+weber-percpmu.mapjitter.klw	log	power+weber	percpmu	independent	perc	vertex	9.987858862892702	0.14907532293251968	0.18150238653645923	0.22043738467114346	
log-power+weber-percpmu.mapjitter.klw	log	power+weber	percpmu	independent	perc	vertex	10.723764501351818	0.151856039326505	0.183878396413362	0.222165086766888	
log-power+weber-percpmu.mapjitter.klw	log	power+weber	percpmu	independent	perc	vertex	11.513891681800072	0.15468665626519076	0.18629907368276571	0.22385040899836475	
log-power+weber-percpmu.mapjitter.klw	log	power+weber	percpmu	independent	perc	vertex	12.36223544852308	0.15751683860720406	0.18874945746197253	0.22573927505170854	
log-power+weber-percpmu.mapjitter.klw	log	power+weber	percpmu	independent	perc	vertex	13.273085200748401	0.16039042810050336	0.19124084107034447	0.2275544326619528	
log-power+weber-percpmu.mapjitter.klw	log	power+weber	percpmu	independent	perc	vertex	14.25104638072347	0.16328794304679992	0.19374881585154896	0.22952734335868324	
log-power+weber-percpmu.mapjitter.klw	log	power+weber	percpmu	independent	perc	vertex	15.301063759771553	0.1661526371214322	0.19632817892281634	0.23157980059147962	
log-power+weber-percpmu.mapjitter.klw	log	power+weber	percpmu	independent	perc	vertex	16.428446440064768	0.16913586240381848	0.19890891192811833	0.23387128579675154	
log-power+weber-percpmu.mapjitter.klw	log	power+weber	percpmu	independent	perc	vertex	17.638894698528226	0.1720104490109253	0.20150944971664742	0.23611761458759906	
log-power+weber-percpmu.mapjitter.klw	log	power+weber	percpmu	independent	perc	vertex	18.93852880860355	0.17478716514617437	0.20417867435605191	0.238538351560065	
log-power+weber-percpmu.mapjitter.klw	log	power+weber	percpmu	independent	perc	vertex	20.33391998560055	0.17750587563459383	0.20688045334581023	0.2409952887822236	
log-power+weber-percpmu.mapjitter.klw	log	power+weber	percpmu	independent	perc	vertex	21.832123612102944	0.1802525260692962	0.20962934892815255	0.2436489473497638	
log-power+weber-percpmu.mapjitter.klw	log	power+weber	percpmu	independent	perc	vertex	23.440714911422706	0.18297347238659312	0.21241118043081253	0.24647623418124562	
log-power+weber-percpmu.mapjitter.klw	log	power+weber	percpmu	independent	perc	vertex	25.16782724947517	0.1855038246054413	0.21519895863202115	0.2494875876168811	
log-power+weber-percpmu.mapjitter.klw	log	power+weber	percpmu	independent	perc	vertex	27.0221932587371	0.1880142820940082	0.21804747729306242	0.25247935850758174	
log-power+weber-percpmu.mapjitter.klw	log	power+weber	percpmu	independent	perc	vertex	29.01318899221878	0.19054342505531593	0.22092973081409717	0.2559357811015256	
log-power+weber-percpmu.mapjitter.klw	log	power+weber	percpmu	independent	perc	vertex	31.150881330701633	0.19294052694037017	0.22381459905547363	0.2593856977195132	
log-power+weber-percpmu.mapjitter.klw	log	power+weber	percpmu	independent	perc	vertex	33.44607888294205	0.19530924557301924	0.22673029799530847	0.2630629472505476	
log-power+weber-percpmu.mapjitter.klw	log	power+weber	percpmu	independent	perc	vertex	35.910386636203285	0.19749784112506885	0.22972244215514057	0.2668931785481582	
log-power+weber-percpmu.mapjitter.klw	log	power+weber	percpmu	independent	perc	vertex	38.55626463343953	0.1997910921862869	0.23275701077520755	0.2710421162669454	
log-power+weber-percpmu.mapjitter.klw	log	power+weber	percpmu	independent	perc	vertex	41.397090973816184	0.20180917656648012	0.23581064069162563	0.27517993394725504	
log-power+weber-percpmu.mapjitter.klw	log	power+weber	percpmu	independent	perc	vertex	44.44722945510957	0.2037990728597382	0.23890260152509868	0.2795784963946138	
log-power+weber-percpmu.mapjitter.klw	log	power+weber	percpmu	independent	perc	vertex	47.722102200000165	0.2057229929102533	0.24211718796781373	0.2842174773235907	
log-power+weber-percpmu.mapjitter.klw	log	power+weber	percpmu	independent	perc	vertex	51.23826763347237	0.20762793836834562	0.24534240626038978	0.28904210825557836	
log-power+weber-percpmu.mapjitter.klw	log	power+weber	percpmu	independent	perc	vertex	55.01350420559078	0.20946181305322098	0.2485958777935033	0.29395946725237826	
log-power+weber-percpmu.mapjitter.klw	log	power+weber	percpmu	independent	perc	vertex	59.0669002829722	0.21136950609659447	0.2518573463133752	0.29915278214481306	
log-power+weber-percpmu.mapjitter.klw	log	power+weber	percpmu	independent	perc	vertex	63.4189506634631	0.21305876001648869	0.2551807561708432	0.3045025535854437	
log-power+weber-percpmu.mapjitter.klw	log	power+weber	percpmu	independent	perc	vertex	68.0916602020204	0.2147212228393319	0.2585270871633619	0.3102711666539521	
log-power+weber-percpmu.mapjitter.klw	log	power+weber	percpmu	independent	perc	vertex	73.10865507174931	0.2162887013710339	0.26190847005767404	0.3160008793634575	
log-power+weber-percpmu.mapjitter.klw	log	power+weber	percpmu	independent	perc	vertex	78.49530222265639	0.21804640438140568	0.2653605680739235	0.3219806506727933	
log-power+weber-percpmu.mapjitter.klw	log	power+weber	percpmu	independent	perc	vertex	84.27883764212618	0.21965861742906606	0.2688583507892172	0.3281295487290346	
log-power+weber-percpmu.mapjitter.klw	log	power+weber	percpmu	independent	perc	vertex	90.48850406563211	0.22121417472591612	0.27237883946721825	0.3344856187555783	
log-power+weber-percpmu.mapjitter.klw	log	power+weber	percpmu	independent	perc	vertex	97.15569883397539	0.22269611117533106	0.27594978193264713	0.3408373569687016	
log-power+weber-percpmu.mapjitter.klw	log	power+weber	percpmu	independent	perc	vertex	104.31413264464811	0.22416229862369882	0.2796317355574627	0.34762658466150437	
log-power+weber-percpmu.mapjitter.klw	log	power+weber	percpmu	independent	perc	vertex	111.99999999999996	0.22559037298287798	0.28324387765817494	0.3544047062915229	
log-power+weber-percpmu.mapjitter.klw	log	power+weber	percpmu	independent	mem	ips	6.999999999999999	0.04436020926626013	0.06436572940256567	0.08946055434933527	
log-power+weber-percpmu.mapjitter.klw	log	power+weber	percpmu	independent	mem	ips	7.515760138376834	0.04436020926626013	0.06436572940256567	0.08946055434933527	
log-power+weber-percpmu.mapjitter.klw	log	power+weber	percpmu	independent	mem	ips	8.069521493944878	0.04436020926626013	0.06436572940256567	0.08946055434933527	
log-power+weber-percpmu.mapjitter.klw	log	power+weber	percpmu	independent	mem	ips	8.664083997137997	0.04436020926626013	0.06436572940256567	0.08946055434933527	
log-power+weber-percpmu.mapjitter.klw	log	power+weber	percpmu	independent	mem	ips	9.302453877319767	0.04436020926626013	0.06436572940256567	0.08946055434933527	
log-power+weber-percpmu.mapjitter.klw	log	power+weber	percpmu	independent	mem	ips	9.987858862892702	0.04436020926626013	0.06436572940256567	0.08946055434933527	
log-power+weber-percpmu.mapjitter.klw	log	power+weber	percpmu	independent	mem	ips	10.723764501351818	0.04436020926626013	0.06436572940256567	0.08946055434933527	
log-power+weber-percpmu.mapjitter.klw	log	power+weber	percpmu	independent	mem	ips	11.513891681800072	0.04436020926626013	0.06436572940256567	0.08946055434933527	
log-power+weber-percpmu.mapjitter.klw	log	power+weber	percpmu	independent	mem	ips	12.36223544852308	0.04436020926626013	0.06436572940256567	0.08946055434933527	
log-power+weber-percpmu.mapjitter.klw	log	power+weber	percpmu	independent	mem	ips	13.273085200748401	0.04436020926626013	0.06436572940256567	0.08946055434933527	
log-power+weber-percpmu.mapjitter.klw	log	power+weber	percpmu	independent	mem	ips	14.25104638072347	0.04436020926626013	0.06436572940256567	0.08946055434933527	
log-power+weber-percpmu.mapjitter.klw	log	power+weber	percpmu	independent	mem	ips	15.301063759771553	0.04436020926626013	0.06436572940256567	0.08946055434933527	
log-power+weber-percpmu.mapjitter.klw	log	power+weber	percpmu	independent	mem	ips	16.428446440064768	0.04436020926626013	0.06436572940256567	0.08946055434933527	
log-power+weber-percpmu.mapjitter.klw	log	power+weber	percpmu	independent	mem	ips	17.638894698528226	0.04436020926626013	0.06436572940256567	0.08946055434933527	
log-power+weber-percpmu.mapjitter.klw	log	power+weber	percpmu	independent	mem	ips	18.93852880860355	0.04436020926626013	0.06436572940256567	0.08946055434933527	
log-power+weber-percpmu.mapjitter.klw	log	power+weber	percpmu	independent	mem	ips	20.33391998560055	0.04436020926626013	0.06436572940256567	0.08946055434933527	
log-power+weber-percpmu.mapjitter.klw	log	power+weber	percpmu	independent	mem	ips	21.832123612102944	0.04436020926626013	0.06436572940256567	0.08946055434933527	
log-power+weber-percpmu.mapjitter.klw	log	power+weber	percpmu	independent	mem	ips	23.440714911422706	0.04436020926626013	0.06436572940256567	0.08946055434933527	
log-power+weber-percpmu.mapjitter.klw	log	power+weber	percpmu	independent	mem	ips	25.16782724947517	0.04436020926626013	0.06436572940256567	0.08946055434933527	
log-power+weber-percpmu.mapjitter.klw	log	power+weber	percpmu	independent	mem	ips	27.0221932587371	0.04436020926626013	0.06436572940256567	0.08946055434933527	
log-power+weber-percpmu.mapjitter.klw	log	power+weber	percpmu	independent	mem	ips	29.01318899221878	0.04436020926626013	0.06436572940256567	0.08946055434933527	
log-power+weber-percpmu.mapjitter.klw	log	power+weber	percpmu	independent	mem	ips	31.150881330701633	0.04436020926626013	0.06436572940256567	0.08946055434933527	
log-power+weber-percpmu.mapjitter.klw	log	power+weber	percpmu	independent	mem	ips	33.44607888294205	0.04436020926626013	0.06436572940256567	0.08946055434933527	
log-power+weber-percpmu.mapjitter.klw	log	power+weber	percpmu	independent	mem	ips	35.910386636203285	0.04436020926626013	0.06436572940256567	0.08946055434933527	
log-power+weber-percpmu.mapjitter.klw	log	power+weber	percpmu	independent	mem	ips	38.55626463343953	0.04436020926626013	0.06436572940256567	0.08946055434933527	
log-power+weber-percpmu.mapjitter.klw	log	power+weber	percpmu	independent	mem	ips	41.397090973816184	0.04436020926626013	0.06436572940256567	0.08946055434933527	
log-power+weber-percpmu.mapjitter.klw	log	power+weber	percpmu	independent	mem	ips	44.44722945510957	0.04436020926626013	0.06436572940256567	0.08946055434933527	
log-power+weber-percpmu.mapjitter.klw	log	power+weber	percpmu	independent	mem	ips	47.722102200000165	0.04436020926626013	0.06436572940256567	0.08946055434933527	
log-power+weber-percpmu.mapjitter.klw	log	power+weber	percpmu	independent	mem	ips	51.23826763347237	0.04436020926626013	0.06436572940256567	0.08946055434933527	
log-power+weber-percpmu.mapjitter.klw	log	power+weber	percpmu	independent	mem	ips	55.01350420559078	0.04436020926626013	0.06436572940256567	0.08946055434933527	
log-power+weber-percpmu.mapjitter.klw	log	power+weber	percpmu	independent	mem	ips	59.0669002829722	0.04436020926626013	0.06436572940256567	0.08946055434933527	
log-power+weber-percpmu.mapjitter.klw	log	power+weber	percpmu	independent	mem	ips	63.4189506634631	0.04436020926626013	0.06436572940256567	0.08946055434933527	
log-power+weber-percpmu.mapjitter.klw	log	power+weber	percpmu	independent	mem	ips	68.0916602020204	0.04436020926626013	0.06436572940256567	0.08946055434933527	
log-power+weber-percpmu.mapjitter.klw	log	power+weber	percpmu	independent	mem	ips	73.10865507174931	0.04436020926626013	0.06436572940256567	0.08946055434933527	
log-power+weber-percpmu.mapjitter.klw	log	power+weber	percpmu	independent	mem	ips	78.49530222265639	0.04436020926626013	0.06436572940256567	0.08946055434933527	
log-power+weber-percpmu.mapjitter.klw	log	power+weber	percpmu	independent	mem	ips	84.27883764212618	0.04436020926626013	0.06436572940256567	0.08946055434933527	
log-power+weber-percpmu.mapjitter.klw	log	power+weber	percpmu	independent	mem	ips	90.48850406563211	0.04436020926626013	0.06436572940256567	0.08946055434933527	
log-power+weber-percpmu.mapjitter.klw	log	power+weber	percpmu	independent	mem	ips	97.15569883397539	0.04436020926626013	0.06436572940256567	0.08946055434933527	
log-power+weber-percpmu.mapjitter.klw	log	power+weber	percpmu	independent	mem	ips	104.31413264464811	0.04436020926626013	0.06436572940256567	0.08946055434933527	
log-power+weber-percpmu.mapjitter.klw	log	power+weber	percpmu	independent	mem	ips	111.99999999999996	0.04436020926626013	0.06436572940256567	0.08946055434933527	
log-power+weber-percpmu.mapjitter.klw	log	power+weber	percpmu	independent	mem	vertex	6.999999999999999	0.04436020926626013	0.06436572940256567	0.08946055434933527	
log-power+weber-percpmu.mapjitter.klw	log	power+weber	percpmu	independent	mem	vertex	7.515760138376834	0.04436020926626013	0.06436572940256567	0.08946055434933527	
log-power+weber-percpmu.mapjitter.klw	log	power+weber	percpmu	independent	mem	vertex	8.069521493944878	0.04436020926626013	0.06436572940256567	0.08946055434933527	
log-power+weber-percpmu.mapjitter.klw	log	power+weber	percpmu	independent	mem	vertex	8.664083997137997	0.04436020926626013	0.06436572940256567	0.08946055434933527	
log-power+weber-percpmu.mapjitter.klw	log	power+weber	percpmu	independent	mem	vertex	9.302453877319767	0.04436020926626013	0.06436572940256567	0.08946055434933527	
log-power+weber-percpmu.mapjitter.klw	log	power+weber	percpmu	independent	mem	vertex	9.987858862892702	0.04436020926626013	0.06436572940256567	0.08946055434933527	
log-power+weber-percpmu.mapjitter.klw	log	power+weber	percpmu	independent	mem	vertex	10.723764501351818	0.04436020926626013	0.06436572940256567	0.08946055434933527	
log-power+weber-percpmu.mapjitter.klw	log	power+weber	percpmu	independent	mem	vertex	11.513891681800072	0.04436020926626013	0.06436572940256567	0.08946055434933527	
log-power+weber-percpmu.mapjitter.klw	log	power+weber	percpmu	independent	mem	vertex	12.36223544852308	0.04436020926626013	0.06436572940256567	0.08946055434933527	
log-power+weber-percpmu.mapjitter.klw	log	power+weber	percpmu	independent	mem	vertex	13.273085200748401	0.04436020926626013	0.06436572940256567	0.08946055434933527	
log-power+weber-percpmu.mapjitter.klw	log	power+weber	percpmu	independent	mem	vertex	14.25104638072347	0.04436020926626013	0.06436572940256567	0.08946055434933527	
log-power+weber-percpmu.mapjitter.klw	log	power+weber	percpmu	independent	mem	vertex	15.301063759771553	0.04436020926626013	0.06436572940256567	0.08946055434933527	
log-power+weber-percpmu.mapjitter.klw	log	power+weber	percpmu	independent	mem	vertex	16.428446440064768	0.04436020926626013	0.06436572940256567	0.08946055434933527	
log-power+weber-percpmu.mapjitter.klw	log	power+weber	percpmu	independent	mem	vertex	17.638894698528226	0.04436020926626013	0.06436572940256567	0.08946055434933527	
log-power+weber-percpmu.mapjitter.klw	log	power+weber	percpmu	independent	mem	vertex	18.93852880860355	0.04436020926626013	0.06436572940256567	0.08946055434933527	
log-power+weber-percpmu.mapjitter.klw	log	power+weber	percpmu	independent	mem	vertex	20.33391998560055	0.04436020926626013	0.06436572940256567	0.08946055434933527	
log-power+weber-percpmu.mapjitter.klw	log	power+weber	percpmu	independent	mem	vertex	21.832123612102944	0.04436020926626013	0.06436572940256567	0.08946055434933527	
log-power+weber-percpmu.mapjitter.klw	log	power+weber	percpmu	independent	mem	vertex	23.440714911422706	0.04436020926626013	0.06436572940256567	0.08946055434933527	
log-power+weber-percpmu.mapjitter.klw	log	power+weber	percpmu	independent	mem	vertex	25.16782724947517	0.04436020926626013	0.06436572940256567	0.08946055434933527	
log-power+weber-percpmu.mapjitter.klw	log	power+weber	percpmu	independent	mem	vertex	27.0221932587371	0.04436020926626013	0.06436572940256567	0.08946055434933527	
log-power+weber-percpmu.mapjitter.klw	log	power+weber	percpmu	independent	mem	vertex	29.01318899221878	0.04436020926626013	0.06436572940256567	0.08946055434933527	
log-power+weber-percpmu.mapjitter.klw	log	power+weber	percpmu	independent	mem	vertex	31.150881330701633	0.04436020926626013	0.06436572940256567	0.08946055434933527	
log-power+weber-percpmu.mapjitter.klw	log	power+weber	percpmu	independent	mem	vertex	33.44607888294205	0.04436020926626013	0.06436572940256567	0.08946055434933527	
log-power+weber-percpmu.mapjitter.klw	log	power+weber	percpmu	independent	mem	vertex	35.910386636203285	0.04436020926626013	0.06436572940256567	0.08946055434933527	
log-power+weber-percpmu.mapjitter.klw	log	power+weber	percpmu	independent	mem	vertex	38.55626463343953	0.04436020926626013	0.06436572940256567	0.08946055434933527	
log-power+weber-percpmu.mapjitter.klw	log	power+weber	percpmu	independent	mem	vertex	41.397090973816184	0.04436020926626013	0.06436572940256567	0.08946055434933527	
log-power+weber-percpmu.mapjitter.klw	log	power+weber	percpmu	independent	mem	vertex	44.44722945510957	0.04436020926626013	0.06436572940256567	0.08946055434933527	
log-power+weber-percpmu.mapjitter.klw	log	power+weber	percpmu	independent	mem	vertex	47.722102200000165	0.04436020926626013	0.06436572940256567	0.08946055434933527	
log-power+weber-percpmu.mapjitter.klw	log	power+weber	percpmu	independent	mem	vertex	51.23826763347237	0.04436020926626013	0.06436572940256567	0.08946055434933527	
log-power+weber-percpmu.mapjitter.klw	log	power+weber	percpmu	independent	mem	vertex	55.01350420559078	0.04436020926626013	0.06436572940256567	0.08946055434933527	
log-power+weber-percpmu.mapjitter.klw	log	power+weber	percpmu	independent	mem	vertex	59.0669002829722	0.04436020926626013	0.06436572940256567	0.08946055434933527	
log-power+weber-percpmu.mapjitter.klw	log	power+weber	percpmu	independent	mem	vertex	63.4189506634631	0.04436020926626013	0.06436572940256567	0.08946055434933527	
log-power+weber-percpmu.mapjitter.klw	log	power+weber	percpmu	independent	mem	vertex	68.0916602020204	0.04436020926626013	0.06436572940256567	0.08946055434933527	
log-power+weber-percpmu.mapjitter.klw	log	power+weber	percpmu	independent	mem	vertex	73.10865507174931	0.04436020926626013	0.06436572940256567	0.08946055434933527	
log-power+weber-percpmu.mapjitter.klw	log	power+weber	percpmu	independent	mem	vertex	78.49530222265639	0.04436020926626013	0.06436572940256567	0.08946055434933527	
log-power+weber-percpmu.mapjitter.klw	log	power+weber	percpmu	independent	mem	vertex	84.27883764212618	0.04436020926626013	0.06436572940256567	0.08946055434933527	
log-power+weber-percpmu.mapjitter.klw	log	power+weber	percpmu	independent	mem	vertex	90.48850406563211	0.04436020926626013	0.06436572940256567	0.08946055434933527	
log-power+weber-percpmu.mapjitter.klw	log	power+weber	percpmu	independent	mem	vertex	97.15569883397539	0.04436020926626013	0.06436572940256567	0.08946055434933527	
log-power+weber-percpmu.mapjitter.klw	log	power+weber	percpmu	independent	mem	vertex	104.31413264464811	0.04436020926626013	0.06436572940256567	0.08946055434933527	
log-power+weber-percpmu.mapjitter.klw	log	power+weber	percpmu	independent	mem	vertex	111.99999999999996	0.04436020926626013	0.06436572940256567	0.08946055434933527	
log-power+weber-percpmu.mapjitter.klw	log	power+weber	percpmu	independent	perc	delta_pct	6.999999999999999	-0.44739501104551493	17.165741456374647	38.5562321971724	
log-power+weber-percpmu.mapjitter.klw	log	power+weber	percpmu	independent	perc	delta_pct	7.515760138376834	-0.3874836821725994	16.71713243395827	37.37533034027622	
log-power+weber-percpmu.mapjitter.klw	log	power+weber	percpmu	independent	perc	delta_pct	8.069521493944878	-0.3347693885315183	16.262094527206038	36.25131860868584	
log-power+weber-percpmu.mapjitter.klw	log	power+weber	percpmu	independent	perc	delta_pct	8.664083997137997	-0.28939703308648285	15.806099509092574	35.07191040409522	
log-power+weber-percpmu.mapjitter.klw	log	power+weber	percpmu	independent	perc	delta_pct	9.302453877319767	-0.27426241966226056	15.353419640314891	33.95349207650423	
log-power+weber-percpmu.mapjitter.klw	log	power+weber	percpmu	independent	perc	delta_pct	9.987858862892702	-0.2824382803878927	14.893984532736448	32.84850653833757	
log-power+weber-percpmu.mapjitter.klw	log	power+weber	percpmu	independent	perc	delta_pct	10.723764501351818	-0.301435422106522	14.433117721986509	31.794034270804577	
log-power+weber-percpmu.mapjitter.klw	log	power+weber	percpmu	independent	perc	delta_pct	11.513891681800072	-0.37499506110495184	13.980814357743077	30.824605422575836	
log-power+weber-percpmu.mapjitter.klw	log	power+weber	percpmu	independent	perc	delta_pct	12.36223544852308	-0.46383121259036464	13.524551268937813	29.87369596625623	
log-power+weber-percpmu.mapjitter.klw	log	power+weber	percpmu	independent	perc	delta_pct	13.273085200748401	-0.5541119522307466	13.071105669160211	28.95341111434474	
log-power+weber-percpmu.mapjitter.klw	log	power+weber	percpmu	independent	perc	delta_pct	14.25104638072347	-0.6699867153698763	12.6399024940124	28.070216388988566	
log-power+weber-percpmu.mapjitter.klw	log	power+weber	percpmu	independent	perc	delta_pct	15.301063759771553	-0.8245494487912549	12.206347730590117	27.220299552062887	
log-power+weber-percpmu.mapjitter.klw	log	power+weber	percpmu	independent	perc	delta_pct	16.428446440064768	-1.026237849803297	11.749506897955042	26.393153999234215	
log-power+weber-percpmu.mapjitter.klw	log	power+weber	percpmu	independent	perc	delta_pct	17.638894698528226	-1.2343507878894457	11.296235151417067	25.619912807750623	
log-power+weber-percpmu.mapjitter.klw	log	power+weber	percpmu	independent	perc	delta_pct	18.93852880860355	-1.5026463446179883	10.876086352389224	24.984122373878073	
log-power+weber-percpmu.mapjitter.klw	log	power+weber	percpmu	independent	perc	delta_pct	20.33391998560055	-1.7787278883578228	10.456167108308035	24.348969245328508	
log-power+weber-percpmu.mapjitter.klw	log	power+weber	percpmu	independent	perc	delta_pct	21.832123612102944	-2.1138853305885035	10.017393742986958	23.773748932780734	
log-power+weber-percpmu.mapjitter.klw	log	power+weber	percpmu	independent	perc	delta_pct	23.440714911422706	-2.491925572916531	9.59392828776452	23.220052853843075	
log-power+weber-percpmu.mapjitter.klw	log	power+weber	percpmu	independent	perc	delta_pct	25.16782724947517	-2.9005789251938654	9.15367174195063	22.728498541958647	
log-power+weber-percpmu.mapjitter.klw	log	power+weber	percpmu	independent	perc	delta_pct	27.0221932587371	-3.353430800782754	8.711047644894688	22.2513449458288	
log-power+weber-percpmu.mapjitter.klw	log	power+weber	percpmu	independent	perc	delta_pct	29.01318899221878	-3.8671856536538636	8.292423099734803	21.890759490401297	
log-power+weber-percpmu.mapjitter.klw	log	power+weber	percpmu	independent	perc	delta_pct	31.150881330701633	-4.3569077179528755	7.872167072659386	21.544914034433578	
log-power+weber-percpmu.mapjitter.klw	log	power+weber	percpmu	independent	perc	delta_pct	33.44607888294205	-4.9011309382762045	7.447857228657595	21.27084213033519	
log-power+weber-percpmu.mapjitter.klw	log	power+weber	percpmu	independent	perc	delta_pct	35.910386636203285	-5.453295511648055	7.019372634274501	21.058378994828878	
log-power+weber-percpmu.mapjitter.klw	log	power+weber	percpmu	independent	perc	delta_pct	38.55626463343953	-6.063218790348524	6.5901796878460654	20.841035211572077	
log-power+weber-percpmu.mapjitter.klw	log	power+weber	percpmu	independent	perc	delta_pct	41.397090973816184	-6.694038992373874	6.164640982375902	20.662382073789296	
log-power+weber-percpmu.mapjitter.klw	log	power+weber	percpmu	independent	perc	delta_pct	44.44722945510957	-7.357901102896556	5.736784257108162	20.561520477426367	
log-power+weber-percpmu.mapjitter.klw	log	power+weber	percpmu	independent	perc	delta_pct	47.722102200000165	-8.016872858507522	5.314910711569798	20.507106260911446	
log-power+weber-percpmu.mapjitter.klw	log	power+weber	percpmu	independent	perc	delta_pct	51.23826763347237	-8.670408681953965	4.898802114623657	20.452354341882078	
log-power+weber-percpmu.mapjitter.klw	log	power+weber	percpmu	independent	perc	delta_pct	55.01350420559078	-9.372450187857527	4.477884307509727	20.415183453568243	
log-power+weber-percpmu.mapjitter.klw	log	power+weber	percpmu	independent	perc	delta_pct	59.0669002829722	-10.115781880750305	4.0689265986009415	20.44024469165976	
log-power+weber-percpmu.mapjitter.klw	log	power+weber	percpmu	independent	perc	delta_pct	63.4189506634631	-10.87332968860136	3.658448299453665	20.48451314381237	
log-power+weber-percpmu.mapjitter.klw	log	power+weber	percpmu	independent	perc	delta_pct	68.0916602020204	-11.638618084194164	3.246552599854613	20.548371878032846	
log-power+weber-percpmu.mapjitter.klw	log	power+weber	percpmu	independent	perc	delta_pct	73.10865507174931	-12.417173260019348	2.8268719095617234	20.620889101839875	
log-power+weber-percpmu.mapjitter.klw	log	power+weber	percpmu	independent	perc	delta_pct	78.49530222265639	-13.172107416487494	2.4085026682733712	20.728113549068407	
log-power+weber-percpmu.mapjitter.klw	log	power+weber	percpmu	independent	perc	delta_pct	84.27883764212618	-13.926172395294396	2.009039030423909	20.828134125198538	
log-power+weber-percpmu.mapjitter.klw	log	power+weber	percpmu	independent	perc	delta_pct	90.48850406563211	-14.682548697563439	1.604936094912135	20.97740221189105	
log-power+weber-percpmu.mapjitter.klw	log	power+weber	percpmu	independent	perc	delta_pct	97.15569883397539	-15.453859995988863	1.1969252198256286	21.12212685380932	
log-power+weber-percpmu.mapjitter.klw	log	power+weber	percpmu	independent	perc	delta_pct	104.31413264464811	-16.23370801340232	0.7952030273457034	21.289440115399792	
log-power+weber-percpmu.mapjitter.klw	log	power+weber	percpmu	independent	perc	delta_pct	111.99999999999996	-17.03146348827735	0.39442083409662043	21.50525421198361	
log-power+weber-percpmu.mapjitter.klw	log	power+weber	percpmu	independent	perc	delta	6.999999999999999	-0.0008695034462267077	0.02906949242725894	0.05983588370633884	0.9716944444444444
log-power+weber-percpmu.mapjitter.klw	log	power+weber	percpmu	independent	perc	delta	7.515760138376834	-0.0007679874271628229	0.028667039875798203	0.05883652729557272	0.9721944444444445
log-power+weber-percpmu.mapjitter.klw	log	power+weber	percpmu	independent	perc	delta	8.069521493944878	-0.0006600325587215964	0.028245912649147678	0.0578477745731865	0.9724722222222222
log-power+weber-percpmu.mapjitter.klw	log	power+weber	percpmu	independent	perc	delta	8.664083997137997	-0.0005822024538643993	0.027805359433822577	0.056758295027961696	0.9726111111111111
log-power+weber-percpmu.mapjitter.klw	log	power+weber	percpmu	independent	perc	delta	9.302453877319767	-0.0005580871242113072	0.027363489679697275	0.055779288106601516	0.9727916666666667
log-power+weber-percpmu.mapjitter.klw	log	power+weber	percpmu	independent	perc	delta	9.987858862892702	-0.0005866025991871529	0.026904382528709067	0.05473337301842805	0.9726388888888889
log-power+weber-percpmu.mapjitter.klw	log	power+weber	percpmu	independent	perc	delta	10.723764501351818	-0.0006254096811132874	0.026453604243223836	0.05374187683229062	0.972125
log-power+weber-percpmu.mapjitter.klw	log	power+weber	percpmu	independent	perc	delta	11.513891681800072	-0.0007634015179150909	0.025960794310419602	0.05277538712524966	0.9717777777777777
log-power+weber-percpmu.mapjitter.klw	log	power+weber	percpmu	independent	perc	delta	12.36223544852308	-0.0009724376698373282	0.025456978930351454	0.05189871733177397	0.9709166666666667
log-power+weber-percpmu.mapjitter.klw	log	power+weber	percpmu	independent	perc	delta	13.273085200748401	-0.0011516548753192953	0.024952455776168378	0.05096043610302455	0.9696388888888889
log-power+weber-percpmu.mapjitter.klw	log	power+weber	percpmu	independent	perc	delta	14.25104638072347	-0.0014408048620253926	0.024442612533500566	0.05017473732281803	0.9683888888888889
log-power+weber-percpmu.mapjitter.klw	log	power+weber	percpmu	independent	perc	delta	15.301063759771553	-0.0017610890827128064	0.023861999435908346	0.04929851362046156	0.9667222222222223
log-power+weber-percpmu.mapjitter.klw	log	power+weber	percpmu	independent	perc	delta	16.428446440064768	-0.0022260344237572637	0.023302685716769522	0.04856387314211171	0.9644444444444444
log-power+weber-percpmu.mapjitter.klw	log	power+weber	percpmu	independent	perc	delta	17.638894698528226	-0.0027499721426256763	0.022744693727421494	0.04786012273849825	0.9610416666666667
log-power+weber-percpmu.mapjitter.klw	log	power+weber	percpmu	independent	perc	delta	18.93852880860355	-0.0033168672359962983	0.02214793622336965	0.04717137492850968	0.9566805555555555
log-power+weber-percpmu.mapjitter.klw	log	power+weber	percpmu	independent	perc	delta	20.33391998560055	-0.004016728719397987	0.021542662200323956	0.04660589443196371	0.9514305555555556
log-power+weber-percpmu.mapjitter.klw	log	power+weber	percpmu	independent	perc	delta	21.832123612102944	-0.00483566096953372	0.020906984351960298	0.04607319618333708	0.9455694444444445
log-power+weber-percpmu.mapjitter.klw	log	power+weber	percpmu	independent	perc	delta	23.440714911422706	-0.005774447579262515	0.020305051669342253	0.04560316336434703	0.9386388888888889
log-power+weber-percpmu.mapjitter.klw	log	power+weber	percpmu	independent	perc	delta	25.16782724947517	-0.006801440903774385	0.019643610817446464	0.04528654274051623	0.9305694444444444
log-power+weber-percpmu.mapjitter.klw	log	power+weber	percpmu	independent	perc	delta	27.0221932587371	-0.007958081980285076	0.018952507460517007	0.04490136964137239	0.9200694444444445
log-power+weber-percpmu.mapjitter.klw	log	power+weber	percpmu	independent	perc	delta	29.01318899221878	-0.009293514040512629	0.018277962022465483	0.04467325993462091	0.9074861111111111
log-power+weber-percpmu.mapjitter.klw	log	power+weber	percpmu	independent	perc	delta	31.150881330701633	-0.010640574349563066	0.017563633457156655	0.044538087141420026	0.89225
log-power+weber-percpmu.mapjitter.klw	log	power+weber	percpmu	independent	perc	delta	33.44607888294205	-0.012150152741029922	0.016822751585753595	0.0443994069912768	0.8765694444444444
log-power+weber-percpmu.mapjitter.klw	log	power+weber	percpmu	independent	perc	delta	35.910386636203285	-0.013823532799443842	0.016060136869887123	0.04439553801708164	0.8592083333333334
log-power+weber-percpmu.mapjitter.klw	log	power+weber	percpmu	independent	perc	delta	38.55626463343953	-0.01562924100930892	0.015295564271080753	0.04448346871046155	0.8400416666666667
log-power+weber-percpmu.mapjitter.klw	log	power+weber	percpmu	independent	perc	delta	41.397090973816184	-0.017524396438485527	0.014457751744500036	0.04471063775912438	0.8200277777777778
log-power+weber-percpmu.mapjitter.klw	log	power+weber	percpmu	independent	perc	delta	44.44722945510957	-0.019493651639356065	0.013656263659306125	0.04496278666519585	0.7991527777777778
log-power+weber-percpmu.mapjitter.klw	log	power+weber	percpmu	independent	perc	delta	47.722102200000165	-0.021604375298440434	0.01284250502605909	0.04529163947162062	0.7766111111111111
log-power+weber-percpmu.mapjitter.klw	log	power+weber	percpmu	independent	perc	delta	51.23826763347237	-0.023803243593276038	0.011989162690964061	0.045580668802661345	0.7537361111111112
log-power+weber-percpmu.mapjitter.klw	log	power+weber	percpmu	independent	perc	delta	55.01350420559078	-0.02618907923141079	0.011099571235136357	0.04605992091135102	0.7302361111111111
log-power+weber-percpmu.mapjitter.klw	log	power+weber	percpmu	independent	perc	delta	59.0669002829722	-0.02858584778751069	0.010213138175699799	0.046573767053650184	0.7073055555555555
log-power+weber-percpmu.mapjitter.klw	log	power+weber	percpmu	independent	perc	delta	63.4189506634631	-0.031224301739248145	0.009318483115082071	0.047163307044811635	0.6831111111111111
log-power+weber-percpmu.mapjitter.klw	log	power+weber	percpmu	independent	perc	delta	68.0916602020204	-0.03396386022156249	0.008361074170766994	0.04770568274120606	0.6601805555555555
log-power+weber-percpmu.mapjitter.klw	log	power+weber	percpmu	independent	perc	delta	73.10865507174931	-0.036769736795013844	0.007380898885455511	0.04832204194188742	0.6375694444444444
log-power+weber-percpmu.mapjitter.klw	log	power+weber	percpmu	independent	perc	delta	78.49530222265639	-0.03977541066119695	0.0064024852973409985	0.04911557856182911	0.6157777777777778
log-power+weber-percpmu.mapjitter.klw	log	power+weber	percpmu	independent	perc	delta	84.27883764212618	-0.04289706023094936	0.005404076224006127	0.04987371138141264	0.5945833333333334
log-power+weber-percpmu.mapjitter.klw	log	power+weber	percpmu	independent	perc	delta	90.48850406563211	-0.04606219628968725	0.004364065802796885	0.05070594229444324	0.5743194444444445
log-power+weber-percpmu.mapjitter.klw	log	power+weber	percpmu	independent	perc	delta	97.15569883397539	-0.04932543429696812	0.0033036576165687143	0.05150908176409755	0.5541805555555556
log-power+weber-percpmu.mapjitter.klw	log	power+weber	percpmu	independent	perc	delta	104.31413264464811	-0.05290981436231407	0.002219823892724626	0.052463325459173496	0.5361388888888889
log-power+weber-percpmu.mapjitter.klw	log	power+weber	percpmu	independent	perc	delta	111.99999999999996	-0.056482038214525764	0.001104809052866973	0.0533996424334901	0.5172777777777777
log-power+weber-percpmu.mapjitter.klw	log	power+weber	percpmu	independent	mem	delta_pct	6.999999999999999	0.0	0.0	0.0	
log-power+weber-percpmu.mapjitter.klw	log	power+weber	percpmu	independent	mem	delta_pct	7.515760138376834	0.0	0.0	0.0	
log-power+weber-percpmu.mapjitter.klw	log	power+weber	percpmu	independent	mem	delta_pct	8.069521493944878	0.0	0.0	0.0	
log-power+weber-percpmu.mapjitter.klw	log	power+weber	percpmu	independent	mem	delta_pct	8.664083997137997	0.0	0.0	0.0	
log-power+weber-percpmu.mapjitter.klw	log	power+weber	percpmu	independent	mem	delta_pct	9.302453877319767	0.0	0.0	0.0	
log-power+weber-percpmu.mapjitter.klw	log	power+weber	percpmu	independent	mem	delta_pct	9.987858862892702	0.0	0.0	0.0	
log-power+weber-percpmu.mapjitter.klw	log	power+weber	percpmu	independent	mem	delta_pct	10.723764501351818	0.0	0.0	0.0	
log-power+weber-percpmu.mapjitter.klw	log	power+weber	percpmu	independent	mem	delta_pct	11.513891681800072	0.0	0.0	0.0	
log-power+weber-percpmu.mapjitter.klw	log	power+weber	percpmu	independent	mem	delta_pct	12.36223544852308	0.0	0.0	0.0	
log-power+weber-percpmu.mapjitter.klw	log	power+weber	percpmu	independent	mem	delta_pct	13.273085200748401	0.0	0.0	0.0	
log-power+weber-percpmu.mapjitter.klw	log	power+weber	percpmu	independent	mem	delta_pct	14.25104638072347	0.0	0.0	0.0	
log-power+weber-percpmu.mapjitter.klw	log	power+weber	percpmu	independent	mem	delta_pct	15.301063759771553	0.0	0.0	0.0	
log-power+weber-percpmu.mapjitter.klw	log	power+weber	percpmu	independent	mem	delta_pct	16.428446440064768	0.0	0.0	0.0	
log-power+weber-percpmu.mapjitter.klw	log	power+weber	percpmu	independent	mem	delta_pct	17.638894698528226	0.0	0.0	0.0	
log-power+weber-percpmu.mapjitter.klw	log	power+weber	percpmu	independent	mem	delta_pct	18.93852880860355	0.0	0.0	0.0	
log-power+weber-percpmu.mapjitter.klw	log	power+weber	percpmu	independent	mem	delta_pct	20.33391998560055	0.0	0.0	0.0	
log-power+weber-percpmu.mapjitter.klw	log	power+weber	percpmu	independent	mem	delta_pct	21.832123612102944	0.0	0.0	0.0	
log-power+weber-percpmu.mapjitter.klw	log	power+weber	percpmu	independent	mem	delta_pct	23.440714911422706	0.0	0.0	0.0	
log-power+weber-percpmu.mapjitter.klw	log	power+weber	percpmu	independent	mem	delta_pct	25.16782724947517	0.0	0.0	0.0	
log-power+weber-percpmu.mapjitter.klw	log	power+weber	percpmu	independent	mem	delta_pct	27.0221932587371	0.0	0.0	0.0	
log-power+weber-percpmu.mapjitter.klw	log	power+weber	percpmu	independent	mem	delta_pct	29.01318899221878	0.0	0.0	0.0	
log-power+weber-percpmu.mapjitter.klw	log	power+weber	percpmu	independent	mem	delta_pct	31.150881330701633	0.0	0.0	0.0	
log-power+weber-percpmu.mapjitter.klw	log	power+weber	percpmu	independent	mem	delta_pct	33.44607888294205	0.0	0.0	0.0	
log-power+weber-percpmu.mapjitter.klw	log	power+weber	percpmu	independent	mem	delta_pct	35.910386636203285	0.0	0.0	0.0	
log-power+weber-percpmu.mapjitter.klw	log	power+weber	percpmu	independent	mem	delta_pct	38.55626463343953	0.0	0.0	0.0	
log-power+weber-percpmu.mapjitter.klw	log	power+weber	percpmu	independent	mem	delta_pct	41.397090973816184	0.0	0.0	0.0	
log-power+weber-percpmu.mapjitter.klw	log	power+weber	percpmu	independent	mem	delta_pct	44.44722945510957	0.0	0.0	0.0	
log-power+weber-percpmu.mapjitter.klw	log	power+weber	percpmu	independent	mem	delta_pct	47.722102200000165	0.0	0.0	0.0	
log-power+weber-percpmu.mapjitter.klw	log	power+weber	percpmu	independent	mem	delta_pct	51.23826763347237	0.0	0.0	0.0	
log-power+weber-percpmu.mapjitter.klw	log	power+weber	percpmu	independent	mem	delta_pct	55.01350420559078	0.0	0.0	0.0	
log-power+weber-percpmu.mapjitter.klw	log	power+weber	percpmu	independent	mem	delta_pct	59.0669002829722	0.0	0.0	0.0	
log-power+weber-percpmu.mapjitter.klw	log	power+weber	percpmu	independent	mem	delta_pct	63.4189506634631	0.0	0.0	0.0	
log-power+weber-percpmu.mapjitter.klw	log	power+weber	percpmu	independent	mem	delta_pct	68.0916602020204	0.0	0.0	0.0	
log-power+weber-percpmu.mapjitter.klw	log	power+weber	percpmu	independent	mem	delta_pct	73.10865507174931	0.0	0.0	0.0	
log-power+weber-percpmu.mapjitter.klw	log	power+weber	percpmu	independent	mem	delta_pct	78.49530222265639	0.0	0.0	0.0	
log-power+weber-percpmu.mapjitter.klw	log	power+weber	percpmu	independent	mem	delta_pct	84.27883764212618	0.0	0.0	0.0	
log-power+weber-percpmu.mapjitter.klw	log	power+weber	percpmu	independent	mem	delta_pct	90.48850406563211	0.0	0.0	0.0	
log-power+weber-percpmu.mapjitter.klw	log	power+weber	percpmu	independent	mem	delta_pct	97.15569883397539	0.0	0.0	0.0	
log-power+weber-percpmu.mapjitter.klw	log	power+weber	percpmu	independent	mem	delta_pct	104.31413264464811	0.0	0.0	0.0	
log-power+weber-percpmu.mapjitter.klw	log	power+weber	percpmu	independent	mem	delta_pct	111.99999999999996	0.0	0.0	0.0	
log-power+weber-percpmu.mapjitter.klw	log	power+weber	percpmu	independent	mem	delta	6.999999999999999	0.0	0.0	0.0	0.0
log-power+weber-percpmu.mapjitter.klw	log	power+weber	percpmu	independent	mem	delta	7.515760138376834	0.0	0.0	0.0	0.0
log-power+weber-percpmu.mapjitter.klw	log	power+weber	percpmu	independent	mem	delta	8.069521493944878	0.0	0.0	0.0	0.0
log-power+weber-percpmu.mapjitter.klw	log	power+weber	percpmu	independent	mem	delta	8.664083997137997	0.0	0.0	0.0	0.0
log-power+weber-percpmu.mapjitter.klw	log	power+weber	percpmu	independent	mem	delta	9.302453877319767	0.0	0.0	0.0	0.0
log-power+weber-percpmu.mapjitter.klw	log	power+weber	percpmu	independent	mem	delta	9.987858862892702	0.0	0.0	0.0	0.0
log-power+weber-percpmu.mapjitter.klw	log	power+weber	percpmu	independent	mem	delta	10.723764501351818	0.0	0.0	0.0	0.0
log-power+weber-percpmu.mapjitter.klw	log	power+weber	percpmu	independent	mem	delta	11.513891681800072	0.0	0.0	0.0	0.0
log-power+weber-percpmu.mapjitter.klw	log	power+weber	percpmu	independent	mem	delta	12.36223544852308	0.0	0.0	0.0	0.0
log-power+weber-percpmu.mapjitter.klw	log	power+weber	percpmu	independent	mem	delta	13.273085200748401	0.0	0.0	0.0	0.0
log-power+weber-percpmu.mapjitter.klw	log	power+weber	percpmu	independent	mem	delta	14.25104638072347	0.0	0.0	0.0	0.0
log-power+weber-percpmu.mapjitter.klw	log	power+weber	percpmu	independent	mem	delta	15.301063759771553	0.0	0.0	0.0	0.0
log-power+weber-percpmu.mapjitter.klw	log	power+weber	percpmu	independent	mem	delta	16.428446440064768	0.0	0.0	0.0	0.0
log-power+weber-percpmu.mapjitter.klw	log	power+weber	percpmu	independent	mem	delta	17.638894698528226	0.0	0.0	0.0	0.0
log-power+weber-percpmu.mapjitter.klw	log	power+weber	percpmu	independent	mem	delta	18.93852880860355	0.0	0.0	0.0	0.0
log-power+weber-percpmu.mapjitter.klw	log	power+weber	percpmu	independent	mem	delta	20.33391998560055	0.0	0.0	0.0	0.0
log-power+weber-percpmu.mapjitter.klw	log	power+weber	percpmu	independent	mem	delta	21.832123612102944	0.0	0.0	0.0	0.0
log-power+weber-percpmu.mapjitter.klw	log	power+weber	percpmu	independent	mem	delta	23.440714911422706	0.0	0.0	0.0	0.0
log-power+weber-percpmu.mapjitter.klw	log	power+weber	percpmu	independent	mem	delta	25.16782724947517	0.0	0.0	0.0	0.0
log-power+weber-percpmu.mapjitter.klw	log	power+weber	percpmu	independent	mem	delta	27.0221932587371	0.0	0.0	0.0	0.0
log-power+weber-percpmu.mapjitter.klw	log	power+weber	percpmu	independent	mem	delta	29.01318899221878	0.0	0.0	0.0	0.0
log-power+weber-percpmu.mapjitter.klw	log	power+weber	percpmu	independent	mem	delta	31.150881330701633	0.0	0.0	0.0	0.0
log-power+weber-percpmu.mapjitter.klw	log	power+weber	percpmu	independent	mem	delta	33.44607888294205	0.0	0.0	0.0	0.0
log-power+weber-percpmu.mapjitter.klw	log	power+weber	percpmu	independent	mem	delta	35.910386636203285	0.0	0.0	0.0	0.0
log-power+weber-percpmu.mapjitter.klw	log	power+weber	percpmu	independent	mem	delta	38.55626463343953	0.0	0.0	0.0	0.0
log-power+weber-percpmu.mapjitter.klw	log	power+weber	percpmu	independent	mem	delta	41.397090973816184	0.0	0.0	0.0	0.0
log-power+weber-percpmu.mapjitter.klw	log	power+weber	percpmu	independent	mem	delta	44.44722945510957	0.0	0.0	0.0	0.0
log-power+weber-percpmu.mapjitter.klw	log	power+weber	percpmu	independent	mem	delta	47.722102200000165	0.0	0.0	0.0	0.0
log-power+weber-percpmu.mapjitter.klw	log	power+weber	percpmu	independent	mem	delta	51.23826763347237	0.0	0.0	0.0	0.0
log-power+weber-percpmu.mapjitter.klw	log	power+weber	percpmu	independent	mem	delta	55.01350420559078	0.0	0.0	0.0	0.0
log-power+weber-percpmu.mapjitter.klw	log	power+weber	percpmu	independent	mem	delta	59.0669002829722	0.0	0.0	0.0	0.0
log-power+weber-percpmu.mapjitter.klw	log	power+weber	percpmu	independent	mem	delta	63.4189506634631	0.0	0.0	0.0	0.0
log-power+weber-percpmu.mapjitter.klw	log	power+weber	percpmu	independent	mem	delta	68.0916602020204	0.0	0.0	0.0	0.0
log-power+weber-percpmu.mapjitter.klw	log	power+weber	percpmu	independent	mem	delta	73.10865507174931	0.0	0.0	0.0	0.0
log-power+weber-percpmu.mapjitter.klw	log	power+weber	percpmu	independent	mem	delta	78.49530222265639	0.0	0.0	0.0	0.0
log-power+weber-percpmu.mapjitter.klw	log	power+weber	percpmu	independent	mem	delta	84.27883764212618	0.0	0.0	0.0	0.0
log-power+weber-percpmu.mapjitter.klw	log	power+weber	percpmu	independent	mem	delta	90.48850406563211	0.0	0.0	0.0	0.0
log-power+weber-percpmu.mapjitter.klw	log	power+weber	percpmu	independent	mem	delta	97.15569883397539	0.0	0.0	0.0	0.0
log-power+weber-percpmu.mapjitter.klw	log	power+weber	percpmu	independent	mem	delta	104.31413264464811	0.0	0.0	0.0	0.0
log-power+weber-percpmu.mapjitter.klw	log	power+weber	percpmu	independent	mem	delta	111.99999999999996	0.0	0.0	0.0	0.0
log-power-percpmu.mapjitter.klw	log	power	percpmu	independent	perc	ips	6.999999999999999	0.16012804724886462	0.1961216451676408	0.23923688983603197	
log-power-percpmu.mapjitter.klw	log	power	percpmu	independent	perc	ips	7.515760138376834	0.16279614215765745	0.1981400278125855	0.24029989934412374	
log-power-percpmu.mapjitter.klw	log	power	percpmu	independent	perc	ips	8.069521493944878	0.1655007629193481	0.20021634520756623	0.2413652396879045	
log-power-percpmu.mapjitter.klw	log	power	percpmu	independent	perc	ips	8.664083997137997	0.1681692506566902	0.20227922976269264	0.24251139974323227	
log-power-percpmu.mapjitter.klw	log	power	percpmu	independent	perc	ips	9.302453877319767	0.1709075236044926	0.20436819790758437	0.24367036844084888	
log-power-percpmu.mapjitter.klw	log	power	percpmu	independent	perc	ips	9.987858862892702	0.17367234254114908	0.20650952567301564	0.24491791418083936	
log-power-percpmu.mapjitter.klw	log	power	percpmu	independent	perc	ips	10.723764501351818	0.17646712401514056	0.20867019589858854	0.24611429679257196	
log-power-percpmu.mapjitter.klw	log	power	percpmu	independent	perc	ips	11.513891681800072	0.17929157262252965	0.21083181209154805	0.24743432729695644	
log-power-percpmu.mapjitter.klw	log	power	percpmu	independent	perc	ips	12.36223544852308	0.18215086272367484	0.2130783060420135	0.24885500366326366	
log-power-percpmu.mapjitter.klw	log	power	percpmu	independent	perc	ips	13.273085200748401	0.1849025145162885	0.21528711047647425	0.2503042498281263	
log-power-percpmu.mapjitter.klw	log	power	percpmu	independent	perc	ips	14.25104638072347	0.1877100031779972	0.2175283395872883	0.2517633082884705	
log-power-percpmu.mapjitter.klw	log	power	percpmu	independent	perc	ips	15.301063759771553	0.19057866036420168	0.21981694785286315	0.2533189827464031	
log-power-percpmu.mapjitter.klw	log	power	percpmu	independent	perc	ips	16.428446440064768	0.19342224972318633	0.22209691342670268	0.2549529514829644	
log-power-percpmu.mapjitter.klw	log	power	percpmu	independent	perc	ips	17.638894698528226	0.1962346940262621	0.22442091681336232	0.25668469355539697	
log-power-percpmu.mapjitter.klw	log	power	percpmu	independent	perc	ips	18.93852880860355	0.19904439422631295	0.2267603145093931	0.25852157604654014	
log-power-percpmu.mapjitter.klw	log	power	percpmu	independent	perc	ips	20.33391998560055	0.2017669251392757	0.22912550268063614	0.26026799803209827	
log-power-percpmu.mapjitter.klw	log	power	percpmu	independent	perc	ips	21.832123612102944	0.20448710429161573	0.23147366558190957	0.2622434840395411	
log-power-percpmu.mapjitter.klw	log	power	percpmu	independent	perc	ips	23.440714911422706	0.20720955223412996	0.23389334587477262	0.2643734931203245	
log-power-percpmu.mapjitter.klw	log	power	percpmu	independent	perc	ips	25.16782724947517	0.20976445302819355	0.2363431281583541	0.2666056653362817	
log-power-percpmu.mapjitter.klw	log	power	percpmu	independent	perc	ips	27.0221932587371	0.21232199449425482	0.23878734781855188	0.268917672898441	
log-power-percpmu.mapjitter.klw	log	power	percpmu	independent	perc	ips	29.01318899221878	0.2148111254515144	0.24130665620505273	0.27141341048952017	
log-power-percpmu.mapjitter.klw	log	power	percpmu	independent	perc	ips	31.150881330701633	0.21719354796507065	0.24383369918516723	0.27402384778134486	
log-power-percpmu.mapjitter.klw	log	power	percpmu	independent	perc	ips	33.44607888294205	0.21945994946071926	0.2463930498624104	0.2767074681901357	
log-power-percpmu.mapjitter.klw	log	power	percpmu	independent	perc	ips	35.910386636203285	0.2216547584524896	0.2490024204239295	0.2794856538155672	
log-power-percpmu.mapjitter.klw	log	power	percpmu	independent	perc	ips	38.55626463343953	0.22379770938680468	0.2516250788304325	0.2825216538703807	
log-power-percpmu.mapjitter.klw	log	power	percpmu	independent	perc	ips	41.397090973816184	0.22588108099223353	0.25426390548379585	0.2857064075023891	
log-power-percpmu.mapjitter.klw	log	power	percpmu	independent	perc	ips	44.44722945510957	0.22784363928314375	0.25696791483458437	0.289009682086846	
log-power-percpmu.mapjitter.klw	log	power	percpmu	independent	perc	ips	47.722102200000165	0.22967331124905183	0.2596861820778097	0.29256362635446254	
log-power-percpmu.mapjitter.klw	log	power	percpmu	independent	perc	ips	51.23826763347237	0.23144899276214428	0.2624372305803715	0.2962734432161861	
log-power-percpmu.mapjitter.klw	log	power	percpmu	independent	perc	ips	55.01350420559078	0.23308364689475275	0.26520711577220724	0.30008896786877876	
log-power-percpmu.mapjitter.klw	log	power	percpmu	independent	perc	ips	59.0669002829722	0.2347242020746898	0.26801163207250556	0.3040944368780449	
log-power-percpmu.mapjitter.klw	log	power	percpmu	independent	perc	ips	63.4189506634631	0.23626835933486345	0.27085476298666183	0.30828088291902594	
log-power-percpmu.mapjitter.klw	log	power	percpmu	independent	perc	ips	68.0916602020204	0.2377944217000056	0.27372139689239217	0.3126168293032426	
log-power-percpmu.mapjitter.klw	log	power	percpmu	independent	perc	ips	73.10865507174931	0.23915414913825958	0.27661943971617875	0.3169935665642886	
log-power-percpmu.mapjitter.klw	log	power	percpmu	independent	perc	ips	78.49530222265639	0.2405743010463761	0.27955168892565097	0.3215606355004715	
log-power-percpmu.mapjitter.klw	log	power	percpmu	independent	perc	ips	84.27883764212618	0.24196579531536602	0.28250464124319297	0.32626131228032096	
log-power-percpmu.mapjitter.klw	log	power	percpmu	independent	perc	ips	90.48850406563211	0.24332332525817332	0.2854957103521225	0.33096466188226836	
log-power-percpmu.mapjitter.klw	log	power	percpmu	independent	perc	ips	97.15569883397539	0.24465918684556462	0.2885071764281144	0.3359977392716972	
log-power-percpmu.mapjitter.klw	log	power	percpmu	independent	perc	ips	104.31413264464811	0.24587451373203742	0.29152383681486027	0.34115703701078137	
log-power-percpmu.mapjitter.klw	log	power	percpmu	independent	perc	ips	111.99999999999996	0.24698058548641652	0.2946480635007217	0.3464572518527867	
log-power-percpmu.mapjitter.klw	log	power	percpmu	independent	perc	vertex	6.999999999999999	0.13144760675620706	0.16719812129102313	0.21128657320535943	
log-power-percpmu.mapjitter.klw	log	power	percpmu	independent	perc	vertex	7.515760138376834	0.13432123486372427	0.16962388503212525	0.21286928682383527	
log-power-percpmu.mapjitter.klw	log	power	percpmu	independent	perc	vertex	8.069521493944878	0.13718282463483883	0.1720630338104273	0.21452288691302276	
log-power-percpmu.mapjitter.klw	log	power	percpmu	independent	perc	vertex	8.664083997137997	0.14018398969316778	0.1745675497439732	0.21619366280159297	
log-power-percpmu.mapjitter.klw	log	power	percpmu	independent	perc	vertex	9.302453877319767	0.1430830626256499	0.17708050010004422	0.2178883753221944	
log-power-percpmu.mapjitter.klw	log	power	percpmu	independent	perc	vertex	9.987858862892702	0.14609603213292754	0.17963845543190438	0.21962189081680575	
log-power-percpmu.mapjitter.klw	log	power	percpmu	independent	perc	vertex	10.723764501351818	0.14920528201359157	0.18220310212023336	0.221403460148569	
log-power-percpmu.mapjitter.klw	log	power	percpmu	independent	perc	vertex	11.513891681800072	0.15230341100679257	0.18482861533791672	0.2232574249653872	
log-power-percpmu.mapjitter.klw	log	power	percpmu	independent	perc	vertex	12.36223544852308	0.15541334427442882	0.18748568148839698	0.22522357464013484	
log-power-percpmu.mapjitter.klw	log	power	percpmu	independent	perc	vertex	13.273085200748401	0.1585566082715077	0.19022308854132203	0.22732477168173487	
log-power-percpmu.mapjitter.klw	log	power	percpmu	independent	perc	vertex	14.25104638072347	0.16175957826243106	0.19294802995563193	0.2294430087526762	
log-power-percpmu.mapjitter.klw	log	power	percpmu	independent	perc	vertex	15.301063759771553	0.1650625162481857	0.19575212196367128	0.23168250654057257	
log-power-percpmu.mapjitter.klw	log	power	percpmu	independent	perc	vertex	16.428446440064768	0.16828850772907628	0.19859429976723153	0.23398592497326237	
log-power-percpmu.mapjitter.klw	log	power	percpmu	independent	perc	vertex	17.638894698528226	0.17153312363798273	0.20144997828525305	0.23645828772841845	
log-power-percpmu.mapjitter.klw	log	power	percpmu	independent	perc	vertex	18.93852880860355	0.17464207235521068	0.20434667595525055	0.2391228172270416	
log-power-percpmu.mapjitter.klw	log	power	percpmu	independent	perc	vertex	20.33391998560055	0.17777711684042768	0.20733210537960484	0.24182406426808892	
log-power-percpmu.mapjitter.klw	log	power	percpmu	independent	perc	vertex	21.832123612102944	0.18082999547011003	0.2103280806885089	0.24453290172871736	
log-power-percpmu.mapjitter.klw	log	power	percpmu	independent	perc	vertex	23.440714911422706	0.1839944706823344	0.21337926405692603	0.24750867507254493	
log-power-percpmu.mapjitter.klw	log	power	percpmu	independent	perc	vertex	25.16782724947517	0.18693457222702925	0.21646717106316582	0.25073485678342256	
log-power-percpmu.mapjitter.klw	log	power	percpmu	independent	perc	vertex	27.0221932587371	0.18996982176304433	0.21956713587601803	0.25398746653533333	
log-power-percpmu.mapjitter.klw	log	power	percpmu	independent	perc	vertex	29.01318899221878	0.19288681213630185	0.22276237561028717	0.2574337283141483	
log-power-percpmu.mapjitter.klw	log	power	percpmu	independent	perc	vertex	31.150881330701633	0.19574666224875228	0.22601764531258373	0.2611757960633222	
log-power-percpmu.mapjitter.klw	log	power	percpmu	independent	perc	vertex	33.44607888294205	0.19856511274752026	0.22929518978572327	0.26500340404603645	
log-power-percpmu.mapjitter.klw	log	power	percpmu	independent	perc	vertex	35.910386636203285	0.20121924763183002	0.23260805304491822	0.2691653944768177	
log-power-percpmu.mapjitter.klw	log	power	percpmu	independent	perc	vertex	38.55626463343953	0.20379343269546465	0.23602247398751952	0.27339959354786253	
log-power-percpmu.mapjitter.klw	log	power	percpmu	independent	perc	vertex	41.397090973816184	0.20626745806365773	0.23946026490547423	0.27795825156909404	
log-power-percpmu.mapjitter.klw	log	power	percpmu	independent	perc	vertex	44.44722945510957	0.2087064585854773	0.24296024181251757	0.2826911310060077	
log-power-percpmu.mapjitter.klw	log	power	percpmu	independent	perc	vertex	47.722102200000165	0.21102352583816888	0.24653452630962047	0.2876980618430018	
log-power-percpmu.mapjitter.klw	log	power	percpmu	independent	perc	vertex	51.23826763347237	0.21335603709124662	0.2501129230366408	0.29293967058752357	
log-power-percpmu.mapjitter.klw	log	power	percpmu	independent	perc	vertex	55.01350420559078	0.21567534284812145	0.25373192359368935	0.2982470630926026	
log-power-percpmu.mapjitter.klw	log	power	percpmu	independent	perc	vertex	59.0669002829722	0.217904516207836	0.25745599202531516	0.3038020113204038	
log-power-percpmu.mapjitter.klw	log	power	percpmu	independent	perc	vertex	63.4189506634631	0.21996831199185404	0.26120542755861026	0.3096818168349916	
log-power-percpmu.mapjitter.klw	log	power	percpmu	independent	perc	vertex	68.0916602020204	0.22209050732990301	0.2650068144359241	0.3155457122269715	
log-power-percpmu.mapjitter.klw	log	power	percpmu	independent	perc	vertex	73.10865507174931	0.2240973842346206	0.2688457717576651	0.32173068852903663	
log-power-percpmu.mapjitter.klw	log	power	percpmu	independent	perc	vertex	78.49530222265639	0.2260231672106096	0.2727493874396534	0.3282372298529835	
log-power-percpmu.mapjitter.klw	log	power	percpmu	independent	perc	vertex	84.27883764212618	0.22796116696916785	0.276678712970274	0.3348737910063933	
log-power-percpmu.mapjitter.klw	log	power	percpmu	independent	perc	vertex	90.48850406563211	0.22986661817650383	0.2806642157179295	0.34166606582239867	
log-power-percpmu.mapjitter.klw	log	power	percpmu	independent	perc	vertex	97.15569883397539	0.23171761754101153	0.2847355008849668	0.3487176647816267	
log-power-percpmu.mapjitter.klw	log	power	percpmu	independent	perc	vertex	104.31413264464811	0.2335381190067467	0.2888530427126221	0.35603276577045545	
log-power-percpmu.mapjitter.klw	log	power	percpmu	independent	perc	vertex	111.99999999999996	0.23539627561599652	0.2930835844531975	0.36352076176808557	
log-power-percpmu.mapjitter.klw	log	power	percpmu	independent	mem	ips	6.999999999999999	0.06381794547389329	0.09553713935924782	0.13656779516102507	
log-power-percpmu.mapjitter.klw	log	power	percpmu	independent	mem	ips	7.515760138376834	0.0633777615118184	0.09373078640885354	0.13243254288130593	
log-power-percpmu.mapjitter.klw	log	power	percpmu	independent	mem	ips	8.069521493944878	0.06293666379707515	0.09193659992599904	0.12851153337455845	
log-power-percpmu.mapjitter.klw	log	power	percpmu	independent	mem	ips	8.664083997137997	0.06246598846293552	0.0901580874134661	0.12479121104771863	
log-power-percpmu.mapjitter.klw	log	power	percpmu	independent	mem	ips	9.302453877319767	0.06203912143926691	0.08843506249368295	0.12120499155572702	
log-power-percpmu.mapjitter.klw	log	power	percpmu	independent	mem	ips	9.987858862892702	0.061433261512314194	0.08673301018408303	0.11782106909149657	
log-power-percpmu.mapjitter.klw	log	power	percpmu	independent	mem	ips	10.723764501351818	0.06084630795083835	0.08506356508586113	0.1146562635643787	
log-power-percpmu.mapjitter.klw	log	power	percpmu	independent	mem	ips	11.513891681800072	0.06023004118023303	0.08345004376026817	0.11168417862610255	
log-power-percpmu.mapjitter.klw	log	power	percpmu	independent	mem	ips	12.36223544852308	0.059577164275700104	0.08181704930404037	0.10888075147110296	
log-power-percpmu.mapjitter.klw	log	power	percpmu	independent	mem	ips	13.273085200748401	0.058859965645150863	0.0802390679114253	0.1062843533834517	
log-power-percpmu.mapjitter.klw	log	power	percpmu	independent	mem	ips	14.25104638072347	0.05804711503676047	0.07868959373046325	0.10388328876287771	
log-power-percpmu.mapjitter.klw	log	power	percpmu	independent	mem	ips	15.301063759771553	0.05724186033521497	0.07718543994336441	0.10158930495170312	
log-power-percpmu.mapjitter.klw	log	power	percpmu	independent	mem	ips	16.428446440064768	0.05641044705864817	0.0756837287029232	0.09942694079057526	
log-power-percpmu.mapjitter.klw	log	power	percpmu	independent	mem	ips	17.638894698528226	0.05540135259641964	0.0742304968344777	0.09735079100612198	
log-power-percpmu.mapjitter.klw	log	power	percpmu	independent	mem	ips	18.93852880860355	0.05439591154593784	0.072779252182524	0.0954859040114948	
log-power-percpmu.mapjitter.klw	log	power	percpmu	independent	mem	ips	20.33391998560055	0.053296256710219474	0.07141544438436785	0.0938444070363265	
log-power-percpmu.mapjitter.klw	log	power	percpmu	independent	mem	ips	21.832123612102944	0.05219581810796427	0.07006786074971809	0.09230803636985689	
log-power-percpmu.mapjitter.klw	log	power	percpmu	independent	mem	ips	23.440714911422706	0.05106706730801755	0.06874160440951604	0.09089900117634439	
log-power-percpmu.mapjitter.klw	log	power	percpmu	independent	mem	ips	25.16782724947517	0.04989450420721665	0.06743671292679546	0.08959177843310329	
log-power-percpmu.mapjitter.klw	log	power	percpmu	independent	mem	ips	27.0221932587371	0.048679379615691215	0.06614569326683412	0.08839472245403268	
log-power-percpmu.mapjitter.klw	log	power	percpmu	independent	mem	ips	29.01318899221878	0.04741684805604231	0.06489498907379915	0.08725349398897507	
log-power-percpmu.mapjitter.klw	log	power	percpmu	independent	mem	ips	31.150881330701633	0.04612154258618891	0.06368785500914691	0.08629069317948111	
log-power-percpmu.mapjitter.klw	log	power	percpmu	independent	mem	ips	33.44607888294205	0.04483788898133522	0.06248698941975083	0.08531754343702692	
log-power-percpmu.mapjitter.klw	log	power	percpmu	independent	mem	ips	35.910386636203285	0.04360331723609779	0.06131733159946173	0.08445671616785032	
log-power-percpmu.mapjitter.klw	log	power	percpmu	independent	mem	ips	38.55626463343953	0.04231603400965697	0.060151180238555486	0.08373192854788465	
log-power-percpmu.mapjitter.klw	log	power	percpmu	independent	mem	ips	41.397090973816184	0.04105822123987928	0.05902237349161318	0.08298653860429488	
log-power-percpmu.mapjitter.klw	log	power	percpmu	independent	mem	ips	44.44722945510957	0.039815049573491905	0.057920704709654006	0.08229865028839493	
log-power-percpmu.mapjitter.klw	log	power	percpmu	independent	mem	ips	47.722102200000165	0.038575434159091815	0.05682611090285845	0.08161738728431439	
log-power-percpmu.mapjitter.klw	log	power	percpmu	independent	mem	ips	51.23826763347237	0.03736761968861866	0.05575441872491864	0.08106523855683825	
log-power-percpmu.mapjitter.klw	log	power	percpmu	independent	mem	ips	55.01350420559078	0.03616898968804344	0.05471089409745501	0.08052567204588383	
log-power-percpmu.mapjitter.klw	log	power	percpmu	independent	mem	ips	59.0669002829722	0.03502456070511141	0.05367149675591965	0.07997565684606738	
log-power-percpmu.mapjitter.klw	log	power	percpmu	independent	mem	ips	63.4189506634631	0.03387478407393486	0.05266695251164284	0.07947766694722375	
log-power-percpmu.mapjitter.klw	log	power	percpmu	independent	mem	ips	68.0916602020204	0.0327463465420472	0.05167694691211691	0.07906757818974872	
log-power-percpmu.mapjitter.klw	log	power	percpmu	independent	mem	ips	73.10865507174931	0.031645422112052485	0.05069637021338413	0.07863963228702185	
log-power-percpmu.mapjitter.klw	log	power	percpmu	independent	mem	ips	78.49530222265639	0.030601000364997712	0.04975253524968863	0.07827916167532145	
log-power-percpmu.mapjitter.klw	log	power	percpmu	independent	mem	ips	84.27883764212618	0.029571721782219344	0.04882656434739585	0.07787053699543287	
log-power-percpmu.mapjitter.klw	log	power	percpmu	independent	mem	ips	90.48850406563211	0.028588912947308816	0.04790851785029345	0.07753114841424326	
log-power-percpmu.mapjitter.klw	log	power	percpmu	independent	mem	ips	97.15569883397539	0.027596737070877606	0.047020107945605856	0.07722387791668449	
log-power-percpmu.mapjitter.klw	log	power	percpmu	independent	mem	ips	104.31413264464811	0.026638025518700193	0.04613556127533962	0.07696032645235754	
log-power-percpmu.mapjitter.klw	log	power	percpmu	independent	mem	ips	111.99999999999996	0.025725098927267168	0.04527941241924838	0.07666061272889131	
log-power-percpmu.mapjitter.klw	log	power	percpmu	independent	mem	vertex	6.999999999999999	0.06381794547389329	0.09553713935924782	0.13656779516102507	
log-power-percpmu.mapjitter.klw	log	power	percpmu	independent	mem	vertex	7.515760138376834	0.0633777615118184	0.09373078640885354	0.13243254288130593	
log-power-percpmu.mapjitter.klw	log	power	percpmu	independent	mem	vertex	8.069521493944878	0.06293666379707515	0.09193659992599904	0.12851153337455845	
log-power-percpmu.mapjitter.klw	log	power	percpmu	independent	mem	vertex	8.664083997137997	0.06246598846293552	0.0901580874134661	0.12479121104771863	
log-power-percpmu.mapjitter.klw	log	power	percpmu	independent	mem	vertex	9.302453877319767	0.06203912143926691	0.08843506249368295	0.12120499155572702	
log-power-percpmu.mapjitter.klw	log	power	percpmu	independent	mem	vertex	9.987858862892702	0.061433261512314194	0.08673301018408303	0.11782106909149657	
log-power-percpmu.mapjitter.klw	log	power	percpmu	independent	mem	vertex	10.723764501351818	0.06084630795083835	0.08506356508586113	0.1146562635643787	
log-power-percpmu.mapjitter.klw	log	power	percpmu	independent	mem	vertex	11.513891681800072	0.06023004118023303	0.08345004376026817	0.11168417862610255	
log-power-percpmu.mapjitter.klw	log	power	percpmu	independent	mem	vertex	12.36223544852308	0.059577164275700104	0.08181704930404037	0.10888075147110296	
log-power-percpmu.mapjitter.klw	log	power	percpmu	independent	mem	vertex	13.273085200748401	0.058859965645150863	0.0802390679114253	0.1062843533834517	
log-power-percpmu.mapjitter.klw	log	power	percpmu	independent	mem	vertex	14.25104638072347	0.05804711503676047	0.07868959373046325	0.10388328876287771	
log-power-percpmu.mapjitter.klw	log	power	percpmu	independent	mem	vertex	15.301063759771553	0.05724186033521497	0.07718543994336441	0.10158930495170312	
log-power-percpmu.mapjitter.klw	log	power	percpmu	independent	mem	vertex	16.428446440064768	0.05641044705864817	0.0756837287029232	0.09942694079057526	
log-power-percpmu.mapjitter.klw	log	power	percpmu	independent	mem	vertex	17.638894698528226	0.05540135259641964	0.0742304968344777	0.09735079100612198	
log-power-percpmu.mapjitter.klw	log	power	percpmu	independent	mem	vertex	18.93852880860355	0.05439591154593784	0.072779252182524	0.0954859040114948	
log-power-percpmu.mapjitter.klw	log	power	percpmu	independent	mem	vertex	20.33391998560055	0.053296256710219474	0.07141544438436785	0.0938444070363265	
log-power-percpmu.mapjitter.klw	log	power	percpmu	independent	mem	vertex	21.832123612102944	0.05219581810796427	0.07006786074971809	0.09230803636985689	
log-power-percpmu.mapjitter.klw	log	power	percpmu	independent	mem	vertex	23.440714911422706	0.05106706730801755	0.06874160440951604	0.09089900117634439	
log-power-percpmu.mapjitter.klw	log	power	percpmu	independent	mem	vertex	25.16782724947517	0.04989450420721665	0.06743671292679546	0.08959177843310329	
log-power-percpmu.mapjitter.klw	log	power	percpmu	independent	mem	vertex	27.0221932587371	0.048679379615691215	0.06614569326683412	0.08839472245403268	
log-power-percpmu.mapjitter.klw	log	power	percpmu	independent	mem	vertex	29.01318899221878	0.04741684805604231	0.06489498907379915	0.08725349398897507	
log-power-percpmu.mapjitter.klw	log	power	percpmu	independent	mem	vertex	31.150881330701633	0.04612154258618891	0.06368785500914691	0.08629069317948111	
log-power-percpmu.mapjitter.klw	log	power	percpmu	independent	mem	vertex	33.44607888294205	0.04483788898133522	0.06248698941975083	0.08531754343702692	
log-power-percpmu.mapjitter.klw	log	power	percpmu	independent	mem	vertex	35.910386636203285	0.04360331723609779	0.06131733159946173	0.08445671616785032	
log-power-percpmu.mapjitter.klw	log	power	percpmu	independent	mem	vertex	38.55626463343953	0.04231603400965697	0.060151180238555486	0.08373192854788465	
log-power-percpmu.mapjitter.klw	log	power	percpmu	independent	mem	vertex	41.397090973816184	0.04105822123987928	0.05902237349161318	0.08298653860429488	
log-power-percpmu.mapjitter.klw	log	power	percpmu	independent	mem	vertex	44.44722945510957	0.039815049573491905	0.057920704709654006	0.08229865028839493	
log-power-percpmu.mapjitter.klw	log	power	percpmu	independent	mem	vertex	47.722102200000165	0.038575434159091815	0.05682611090285845	0.08161738728431439	
log-power-percpmu.mapjitter.klw	log	power	percpmu	independent	mem	vertex	51.23826763347237	0.03736761968861866	0.05575441872491864	0.08106523855683825	
log-power-percpmu.mapjitter.klw	log	power	percpmu	independent	mem	vertex	55.01350420559078	0.03616898968804344	0.05471089409745501	0.08052567204588383	
log-power-percpmu.mapjitter.klw	log	power	percpmu	independent	mem	vertex	59.0669002829722	0.03502456070511141	0.05367149675591965	0.07997565684606738	
log-power-percpmu.mapjitter.klw	log	power	percpmu	independent	mem	vertex	63.4189506634631	0.03387478407393486	0.05266695251164284	0.07947766694722375	
log-power-percpmu.mapjitter.klw	log	power	percpmu	independent	mem	vertex	68.0916602020204	0.0327463465420472	0.05167694691211691	0.07906757818974872	
log-power-percpmu.mapjitter.klw	log	power	percpmu	independent	mem	vertex	73.10865507174931	0.031645422112052485	0.05069637021338413	0.07863963228702185	
log-power-percpmu.mapjitter.klw	log	power	percpmu	independent	mem	vertex	78.49530222265639	0.030601000364997712	0.04975253524968863	0.07827916167532145	
log-power-percpmu.mapjitter.klw	log	power	percpmu	independent	mem	vertex	84.27883764212618	0.029571721782219344	0.04882656434739585	0.07787053699543287	
log-power-percpmu.mapjitter.klw	log	power	percpmu	independent	mem	vertex	90.48850406563211	0.028588912947308816	0.04790851785029345	0.07753114841424326	
log-power-percpmu.mapjitter.klw	log	power	percpmu	independent	mem	vertex	97.15569883397539	0.027596737070877606	0.047020107945605856	0.07722387791668449	
log-power-percpmu.mapjitter.klw	log	power	percpmu	independent	mem	vertex	104.31413264464811	0.026638025518700193	0.04613556127533962	0.07696032645235754	
log-power-percpmu.mapjitter.klw	log	power	percpmu	independent	mem	vertex	111.99999999999996	0.025725098927267168	0.04527941241924838	0.07666061272889131	
log-power-percpmu.mapjitter.klw	log	power	percpmu	independent	perc	delta_pct	6.999999999999999	-1.5185066558032647	17.334700644932344	40.225317332236784	
log-power-percpmu.mapjitter.klw	log	power	percpmu	independent	perc	delta_pct	7.515760138376834	-1.379772750069627	16.845624595239116	38.95100642966182	
log-power-percpmu.mapjitter.klw	log	power	percpmu	independent	perc	delta_pct	8.069521493944878	-1.2778208821015142	16.387196159633966	37.679887154064815	
log-power-percpmu.mapjitter.klw	log	power	percpmu	independent	perc	delta_pct	8.664083997137997	-1.1942615036449309	15.89564460569941	36.498866577292546	
log-power-percpmu.mapjitter.klw	log	power	percpmu	independent	perc	delta_pct	9.302453877319767	-1.1366381430157624	15.436668908102636	35.38044901642008	
log-power-percpmu.mapjitter.klw	log	power	percpmu	independent	perc	delta_pct	9.987858862892702	-1.1144829791265547	14.968291103052234	34.220089079129586	
log-power-percpmu.mapjitter.klw	log	power	percpmu	independent	perc	delta_pct	10.723764501351818	-1.0955757394592798	14.501829214854656	33.11925344930494	
log-power-percpmu.mapjitter.klw	log	power	percpmu	independent	perc	delta_pct	11.513891681800072	-1.1097318662387272	14.032730458511722	32.054170767627866	
log-power-percpmu.mapjitter.klw	log	power	percpmu	independent	perc	delta_pct	12.36223544852308	-1.1451511827828262	13.578443973505571	30.989229685968212	
log-power-percpmu.mapjitter.klw	log	power	percpmu	independent	perc	delta_pct	13.273085200748401	-1.1794394215454411	13.128473694922093	29.999044267354616	
log-power-percpmu.mapjitter.klw	log	power	percpmu	independent	perc	delta_pct	14.25104638072347	-1.252785480529412	12.678319565714402	29.04228846064405	
log-power-percpmu.mapjitter.klw	log	power	percpmu	independent	perc	delta_pct	15.301063759771553	-1.3492357974887668	12.243542450276069	28.144725118014357	
log-power-percpmu.mapjitter.klw	log	power	percpmu	independent	perc	delta_pct	16.428446440064768	-1.4776852874705566	11.802163525244824	27.29099432155224	
log-power-percpmu.mapjitter.klw	log	power	percpmu	independent	perc	delta_pct	17.638894698528226	-1.6149152637945097	11.351924735222862	26.478783389596995	
log-power-percpmu.mapjitter.klw	log	power	percpmu	independent	perc	delta_pct	18.93852880860355	-1.794923535212054	10.910203922574569	25.715067828574487	
log-power-percpmu.mapjitter.klw	log	power	percpmu	independent	perc	delta_pct	20.33391998560055	-2.046724439437127	10.465502383889147	25.02093966228403	
log-power-percpmu.mapjitter.klw	log	power	percpmu	independent	perc	delta_pct	21.832123612102944	-2.3319450399298054	10.023419400976442	24.37015110507169	
log-power-percpmu.mapjitter.klw	log	power	percpmu	independent	perc	delta_pct	23.440714911422706	-2.671307205269055	9.581240984215778	23.760811506129926	
log-power-percpmu.mapjitter.klw	log	power	percpmu	independent	perc	delta_pct	25.16782724947517	-3.0074241629305694	9.153125115999504	23.216402206995053	
log-power-percpmu.mapjitter.klw	log	power	percpmu	independent	perc	delta_pct	27.0221932587371	-3.3959780396118817	8.719104188208405	22.675536828636076	
log-power-percpmu.mapjitter.klw	log	power	percpmu	independent	perc	delta_pct	29.01318899221878	-3.854692706690423	8.288696625799709	22.230571971210146	
log-power-percpmu.mapjitter.klw	log	power	percpmu	independent	perc	delta_pct	31.150881330701633	-4.33542712693982	7.873171563078108	21.826920066754692	
log-power-percpmu.mapjitter.klw	log	power	percpmu	independent	perc	delta_pct	33.44607888294205	-4.84871957408748	7.460732108070777	21.41442204235155	
log-power-percpmu.mapjitter.klw	log	power	percpmu	independent	perc	delta_pct	35.910386636203285	-5.43471088118385	7.033863930008932	21.123525929636354	
log-power-percpmu.mapjitter.klw	log	power	percpmu	independent	perc	delta_pct	38.55626463343953	-6.04921231461019	6.602104814363452	20.88279602215943	
log-power-percpmu.mapjitter.klw	log	power	percpmu	independent	perc	delta_pct	41.397090973816184	-6.657704264350907	6.161447652520136	20.62656656881787	
log-power-percpmu.mapjitter.klw	log	power	percpmu	independent	perc	delta_pct	44.44722945510957	-7.29647847672697	5.750412516932557	20.48831081967288	
log-power-percpmu.mapjitter.klw	log	power	percpmu	independent	perc	delta_pct	47.722102200000165	-8.006783741938024	5.330471246287438	20.365711630495728	
log-power-percpmu.mapjitter.klw	log	power	percpmu	independent	perc	delta_pct	51.23826763347237	-8.688937771482749	4.913889833011364	20.28036845550277	
log-power-percpmu.mapjitter.klw	log	power	percpmu	independent	perc	delta_pct	55.01350420559078	-9.354165580575975	4.496147150113449	20.263277236382486	
log-power-percpmu.mapjitter.klw	log	power	percpmu	independent	perc	delta_pct	59.0669002829722	-10.06630481266216	4.08603485795701	20.240474014915453	
log-power-percpmu.mapjitter.klw	log	power	percpmu	independent	perc	delta_pct	63.4189506634631	-10.792972937945846	3.6542924196514726	20.276757636773414	
log-power-percpmu.mapjitter.klw	log	power	percpmu	independent	perc	delta_pct	68.0916602020204	-11.527130937028083	3.2378587705364947	20.30847032874967	
log-power-percpmu.mapjitter.klw	log	power	percpmu	independent	perc	delta_pct	73.10865507174931	-12.295847168353639	2.834736085651024	20.353481200020834	
log-power-percpmu.mapjitter.klw	log	power	percpmu	independent	perc	delta_pct	78.49530222265639	-13.100140582506025	2.436490763040977	20.386992513794446	
log-power-percpmu.mapjitter.klw	log	power	percpmu	independent	perc	delta_pct	84.27883764212618	-13.863958315304245	2.0234042575911215	20.436592780718144	
log-power-percpmu.mapjitter.klw	log	power	percpmu	independent	perc	delta_pct	90.48850406563211	-14.625074936179928	1.613976787969973	20.55691418491241	
log-power-percpmu.mapjitter.klw	log	power	percpmu	independent	perc	delta_pct	97.15569883397539	-15.404808183161975	1.2088214324569635	20.690193361051133	
log-power-percpmu.mapjitter.klw	log	power	percpmu	independent	perc	delta_pct	104.31413264464811	-16.219113684447684	0.8043414638290836	20.882135659980488	
log-power-percpmu.mapjitter.klw	log	power	percpmu	independent	perc	delta_pct	111.99999999999996	-17.010806664556288	0.41262613778210167	21.039139575329454	
log-power-percpmu.mapjitter.klw	log	power	percpmu	independent	perc	delta	6.999999999999999	-0.002823532201109459	0.028811688797905396	0.060591036240185206	0.9633333333333334
log-power-percpmu.mapjitter.klw	log	power	percpmu	independent	perc	delta	7.515760138376834	-0.002632903973592755	0.028438712514074288	0.05965381875513325	0.9639861111111111
log-power-percpmu.mapjitter.klw	log	power	percpmu	independent	perc	delta	8.069521493944878	-0.0025247952597422453	0.028057415598708696	0.05871726979191105	0.9645277777777778
log-power-percpmu.mapjitter.klw	log	power	percpmu	independent	perc	delta	8.664083997137997	-0.0023601531809615507	0.027638056405054096	0.05775891452249723	0.9649444444444445
log-power-percpmu.mapjitter.klw	log	power	percpmu	independent	perc	delta	9.302453877319767	-0.002284332377161997	0.027234541287482608	0.05679869031099998	0.9650833333333333
log-power-percpmu.mapjitter.klw	log	power	percpmu	independent	perc	delta	9.987858862892702	-0.002230170805483658	0.026803354059279305	0.05590665594249696	0.9650555555555556
log-power-percpmu.mapjitter.klw	log	power	percpmu	independent	perc	delta	10.723764501351818	-0.0022309981853120987	0.02634199600394241	0.05487948665443533	0.9652916666666667
log-power-percpmu.mapjitter.klw	log	power	percpmu	independent	perc	delta	11.513891681800072	-0.002259544564361031	0.02588661696369396	0.05408734836261662	0.9649444444444445
log-power-percpmu.mapjitter.klw	log	power	percpmu	independent	perc	delta	12.36223544852308	-0.0024206658525152787	0.02538855216755917	0.05322164413173351	0.9645833333333333
log-power-percpmu.mapjitter.klw	log	power	percpmu	independent	perc	delta	13.273085200748401	-0.002461788773145082	0.024903361763543144	0.052386726287207565	0.9639027777777778
log-power-percpmu.mapjitter.klw	log	power	percpmu	independent	perc	delta	14.25104638072347	-0.0026226058982512664	0.024432527557638764	0.051478727906763964	0.962625
log-power-percpmu.mapjitter.klw	log	power	percpmu	independent	perc	delta	15.301063759771553	-0.0028859177057601205	0.02389947663126482	0.05075060151554465	0.9607083333333334
log-power-percpmu.mapjitter.klw	log	power	percpmu	independent	perc	delta	16.428446440064768	-0.003185694110319428	0.023360412111992815	0.04995115782384502	0.9585555555555556
log-power-percpmu.mapjitter.klw	log	power	percpmu	independent	perc	delta	17.638894698528226	-0.003591492796719506	0.022818512554525522	0.049176985985959674	0.9555277777777778
log-power-percpmu.mapjitter.klw	log	power	percpmu	independent	perc	delta	18.93852880860355	-0.004063149624155571	0.022273176413384443	0.048566135302274466	0.9522083333333333
log-power-percpmu.mapjitter.klw	log	power	percpmu	independent	perc	delta	20.33391998560055	-0.004623330152009959	0.021670938420485536	0.04793466035495028	0.9479166666666666
log-power-percpmu.mapjitter.klw	log	power	percpmu	independent	perc	delta	21.832123612102944	-0.005385768167606184	0.021056050826210995	0.04734189767251363	0.9425277777777777
log-power-percpmu.mapjitter.klw	log	power	percpmu	independent	perc	delta	23.440714911422706	-0.006230075688898351	0.02041938368083332	0.0468098544243492	0.9354444444444444
log-power-percpmu.mapjitter.klw	log	power	percpmu	independent	perc	delta	25.16782724947517	-0.007153740943408762	0.01980380764317774	0.046355673135633005	0.9268055555555555
log-power-percpmu.mapjitter.klw	log	power	percpmu	independent	perc	delta	27.0221932587371	-0.00818843953027617	0.019111517510939174	0.04599588673205622	0.9171805555555556
log-power-percpmu.mapjitter.klw	log	power	percpmu	independent	perc	delta	29.01318899221878	-0.009436393441616524	0.018433741687427133	0.04567973813129277	0.9056666666666666
log-power-percpmu.mapjitter.klw	log	power	percpmu	independent	perc	delta	31.150881330701633	-0.010741300660250596	0.017751341549936545	0.04545740129582604	0.8923333333333333
log-power-percpmu.mapjitter.klw	log	power	percpmu	independent	perc	delta	33.44607888294205	-0.012236603811263508	0.017049706980478585	0.04525241333777182	0.8780833333333333
log-power-percpmu.mapjitter.klw	log	power	percpmu	independent	perc	delta	35.910386636203285	-0.013917063759033524	0.016317465368646658	0.0452475528883462	0.8606111111111111
log-power-percpmu.mapjitter.klw	log	power	percpmu	independent	perc	delta	38.55626463343953	-0.015655039140960548	0.015551635628378094	0.045301520332709455	0.8424583333333333
log-power-percpmu.mapjitter.klw	log	power	percpmu	independent	perc	delta	41.397090973816184	-0.017550891435255442	0.014765850748660533	0.045477670316042926	0.823
log-power-percpmu.mapjitter.klw	log	power	percpmu	independent	perc	delta	44.44722945510957	-0.01956833974653437	0.013937308908710519	0.045632365300395245	0.8015138888888889
log-power-percpmu.mapjitter.klw	log	power	percpmu	independent	perc	delta	47.722102200000165	-0.021767425332750258	0.013087568740236546	0.04590025421101482	0.7789583333333333
log-power-percpmu.mapjitter.klw	log	power	percpmu	independent	perc	delta	51.23826763347237	-0.02417167796200905	0.012237487269920466	0.04620535520603028	0.7558333333333334
log-power-percpmu.mapjitter.klw	log	power	percpmu	independent	perc	delta	55.01350420559078	-0.02653724211436755	0.011372395980979055	0.0467405226800613	0.7334722222222222
log-power-percpmu.mapjitter.klw	log	power	percpmu	independent	perc	delta	59.0669002829722	-0.02910909004274158	0.010433418946099282	0.04726457185833576	0.7099583333333334
log-power-percpmu.mapjitter.klw	log	power	percpmu	independent	perc	delta	63.4189506634631	-0.03177471642721559	0.00952252064802081	0.04771274462303085	0.6866944444444445
log-power-percpmu.mapjitter.klw	log	power	percpmu	independent	perc	delta	68.0916602020204	-0.0346232813541684	0.008576814161459723	0.04827200807162596	0.6629305555555556
log-power-percpmu.mapjitter.klw	log	power	percpmu	independent	perc	delta	73.10865507174931	-0.03755170322858946	0.007591171774503747	0.048923200621374875	0.6400555555555556
log-power-percpmu.mapjitter.klw	log	power	percpmu	independent	perc	delta	78.49530222265639	-0.04066194395464822	0.006614783284323522	0.0495034239308216	0.6167777777777778
log-power-percpmu.mapjitter.klw	log	power	percpmu	independent	perc	delta	84.27883764212618	-0.04389106452015819	0.005581633015944276	0.050268123731618944	0.5945277777777778
log-power-percpmu.mapjitter.klw	log	power	percpmu	independent	perc	delta	90.48850406563211	-0.047239819122475726	0.004524256176653668	0.0511319391987525	0.5738194444444444
log-power-percpmu.mapjitter.klw	log	power	percpmu	independent	perc	delta	97.15569883397539	-0.050758514687125084	0.0034335051102634684	0.052017782849356306	0.5539583333333333
log-power-percpmu.mapjitter.klw	log	power	percpmu	independent	perc	delta	104.31413264464811	-0.05435391115843302	0.0023221982095359417	0.0529906599680607	0.5354305555555555
log-power-percpmu.mapjitter.klw	log	power	percpmu	independent	perc	delta	111.99999999999996	-0.058075915208463176	0.0012003309893777875	0.05402955192411685	0.5169583333333333
log-power-percpmu.mapjitter.klw	log	power	percpmu	independent	mem	delta_pct	6.999999999999999	0.0	0.0	0.0	
log-power-percpmu.mapjitter.klw	log	power	percpmu	independent	mem	delta_pct	7.515760138376834	0.0	0.0	0.0	
log-power-percpmu.mapjitter.klw	log	power	percpmu	independent	mem	delta_pct	8.069521493944878	0.0	0.0	0.0	
log-power-percpmu.mapjitter.klw	log	power	percpmu	independent	mem	delta_pct	8.664083997137997	0.0	0.0	0.0	
log-power-percpmu.mapjitter.klw	log	power	percpmu	independent	mem	delta_pct	9.302453877319767	0.0	0.0	0.0	
log-power-percpmu.mapjitter.klw	log	power	percpmu	independent	mem	delta_pct	9.987858862892702	0.0	0.0	0.0	
log-power-percpmu.mapjitter.klw	log	power	percpmu	independent	mem	delta_pct	10.723764501351818	0.0	0.0	0.0	
log-power-percpmu.mapjitter.klw	log	power	percpmu	independent	mem	delta_pct	11.513891681800072	0.0	0.0	0.0	
log-power-percpmu.mapjitter.klw	log	power	percpmu	independent	mem	delta_pct	12.36223544852308	0.0	0.0	0.0	
log-power-percpmu.mapjitter.klw	log	power	percpmu	independent	mem	delta_pct	13.273085200748401	0.0	0.0	0.0	
log-power-percpmu.mapjitter.klw	log	power	percpmu	independent	mem	delta_pct	14.25104638072347	0.0	0.0	0.0	
log-power-percpmu.mapjitter.klw	log	power	percpmu	independent	mem	delta_pct	15.301063759771553	0.0	0.0	0.0	
log-power-percpmu.mapjitter.klw	log	power	percpmu	independent	mem	delta_pct	16.428446440064768	0.0	0.0	0.0	
log-power-percpmu.mapjitter.klw	log	power	percpmu	independent	mem	delta_pct	17.638894698528226	0.0	0.0	0.0	
log-power-percpmu.mapjitter.klw	log	power	percpmu	independent	mem	delta_pct	18.93852880860355	0.0	0.0	0.0	
log-power-percpmu.mapjitter.klw	log	power	percpmu	independent	mem	delta_pct	20.33391998560055	0.0	0.0	0.0	
log-power-percpmu.mapjitter.klw	log	power	percpmu	independent	mem	delta_pct	21.832123612102944	0.0	0.0	0.0	
log-power-percpmu.mapjitter.klw	log	power	percpmu	independent	mem	delta_pct	23.440714911422706	0.0	0.0	0.0	
log-power-percpmu.mapjitter.klw	log	power	percpmu	independent	mem	delta_pct	25.16782724947517	0.0	0.0	0.0	
log-power-percpmu.mapjitter.klw	log	power	percpmu	independent	mem	delta_pct	27.0221932587371	0.0	0.0	0.0	
log-power-percpmu.mapjitter.klw	log	power	percpmu	independent	mem	delta_pct	29.01318899221878	0.0	0.0	0.0	
log-power-percpmu.mapjitter.klw	log	power	percpmu	independent	mem	delta_pct	31.150881330701633	0.0	0.0	0.0	
log-power-percpmu.mapjitter.klw	log	power	percpmu	independent	mem	delta_pct	33.44607888294205	0.0	0.0	0.0	
log-power-percpmu.mapjitter.klw	log	power	percpmu	independent	mem	delta_pct	35.910386636203285	0.0	0.0	0.0	
log-power-percpmu.mapjitter.klw	log	power	percpmu	independent	mem	delta_pct	38.55626463343953	0.0	0.0	0.0	
log-power-percpmu.mapjitter.klw	log	power	percpmu	independent	mem	delta_pct	41.397090973816184	0.0	0.0	0.0	
log-power-percpmu.mapjitter.klw	log	power	percpmu	independent	mem	delta_pct	44.44722945510957	0.0	0.0	0.0	
log-power-percpmu.mapjitter.klw	log	power	percpmu	independent	mem	delta_pct	47.722102200000165	0.0	0.0	0.0	
log-power-percpmu.mapjitter.klw	log	power	percpmu	independent	mem	delta_pct	51.23826763347237	0.0	0.0	0.0	
log-power-percpmu.mapjitter.klw	log	power	percpmu	independent	mem	delta_pct	55.01350420559078	0.0	0.0	0.0	
log-power-percpmu.mapjitter.klw	log	power	percpmu	independent	mem	delta_pct	59.0669002829722	0.0	0.0	0.0	
log-power-percpmu.mapjitter.klw	log	power	percpmu	independent	mem	delta_pct	63.4189506634631	0.0	0.0	0.0	
log-power-percpmu.mapjitter.klw	log	power	percpmu	independent	mem	delta_pct	68.0916602020204	0.0	0.0	0.0	
log-power-percpmu.mapjitter.klw	log	power	percpmu	independent	mem	delta_pct	73.10865507174931	0.0	0.0	0.0	
log-power-percpmu.mapjitter.klw	log	power	percpmu	independent	mem	delta_pct	78.49530222265639	0.0	0.0	0.0	
log-power-percpmu.mapjitter.klw	log	power	percpmu	independent	mem	delta_pct	84.27883764212618	0.0	0.0	0.0	
log-power-percpmu.mapjitter.klw	log	power	percpmu	independent	mem	delta_pct	90.48850406563211	0.0	0.0	0.0	
log-power-percpmu.mapjitter.klw	log	power	percpmu	independent	mem	delta_pct	97.15569883397539	0.0	0.0	0.0	
log-power-percpmu.mapjitter.klw	log	power	percpmu	independent	mem	delta_pct	104.31413264464811	0.0	0.0	0.0	
log-power-percpmu.mapjitter.klw	log	power	percpmu	independent	mem	delta_pct	111.99999999999996	0.0	0.0	0.0	
log-power-percpmu.mapjitter.klw	log	power	percpmu	independent	mem	delta	6.999999999999999	0.0	0.0	0.0	0.0
log-power-percpmu.mapjitter.klw	log	power	percpmu	independent	mem	delta	7.515760138376834	0.0	0.0	0.0	0.0
log-power-percpmu.mapjitter.klw	log	power	percpmu	independent	mem	delta	8.069521493944878	0.0	0.0	0.0	0.0
log-power-percpmu.mapjitter.klw	log	power	percpmu	independent	mem	delta	8.664083997137997	0.0	0.0	0.0	0.0
log-power-percpmu.mapjitter.klw	log	power	percpmu	independent	mem	delta	9.302453877319767	0.0	0.0	0.0	0.0
log-power-percpmu.mapjitter.klw	log	power	percpmu	independent	mem	delta	9.987858862892702	0.0	0.0	0.0	0.0
log-power-percpmu.mapjitter.klw	log	power	percpmu	independent	mem	delta	10.723764501351818	0.0	0.0	0.0	0.0
log-power-percpmu.mapjitter.klw	log	power	percpmu	independent	mem	delta	11.513891681800072	0.0	0.0	0.0	0.0
log-power-percpmu.mapjitter.klw	log	power	percpmu	independent	mem	delta	12.36223544852308	0.0	0.0	0.0	0.0
log-power-percpmu.mapjitter.klw	log	power	percpmu	independent	mem	delta	13.273085200748401	0.0	0.0	0.0	0.0
log-power-percpmu.mapjitter.klw	log	power	percpmu	independent	mem	delta	14.25104638072347	0.0	0.0	0.0	0.0
log-power-percpmu.mapjitter.klw	log	power	percpmu	independent	mem	delta	15.301063759771553	0.0	0.0	0.0	0.0
log-power-percpmu.mapjitter.klw	log	power	percpmu	independent	mem	delta	16.428446440064768	0.0	0.0	0.0	0.0
log-power-percpmu.mapjitter.klw	log	power	percpmu	independent	mem	delta	17.638894698528226	0.0	0.0	0.0	0.0
log-power-percpmu.mapjitter.klw	log	power	percpmu	independent	mem	delta	18.93852880860355	0.0	0.0	0.0	0.0
log-power-percpmu.mapjitter.klw	log	power	percpmu	independent	mem	delta	20.33391998560055	0.0	0.0	0.0	0.0
log-power-percpmu.mapjitter.klw	log	power	percpmu	independent	mem	delta	21.832123612102944	0.0	0.0	0.0	0.0
log-power-percpmu.mapjitter.klw	log	power	percpmu	independent	mem	delta	23.440714911422706	0.0	0.0	0.0	0.0
log-power-percpmu.mapjitter.klw	log	power	percpmu	independent	mem	delta	25.16782724947517	0.0	0.0	0.0	0.0
log-power-percpmu.mapjitter.klw	log	power	percpmu	independent	mem	delta	27.0221932587371	0.0	0.0	0.0	0.0
log-power-percpmu.mapjitter.klw	log	power	percpmu	independent	mem	delta	29.01318899221878	0.0	0.0	0.0	0.0
log-power-percpmu.mapjitter.klw	log	power	percpmu	independent	mem	delta	31.150881330701633	0.0	0.0	0.0	0.0
log-power-percpmu.mapjitter.klw	log	power	percpmu	independent	mem	delta	33.44607888294205	0.0	0.0	0.0	0.0
log-power-percpmu.mapjitter.klw	log	power	percpmu	independent	mem	delta	35.910386636203285	0.0	0.0	0.0	0.0
log-power-percpmu.mapjitter.klw	log	power	percpmu	independent	mem	delta	38.55626463343953	0.0	0.0	0.0	0.0
log-power-percpmu.mapjitter.klw	log	power	percpmu	independent	mem	delta	41.397090973816184	0.0	0.0	0.0	0.0
log-power-percpmu.mapjitter.klw	log	power	percpmu	independent	mem	delta	44.44722945510957	0.0	0.0	0.0	0.0
log-power-percpmu.mapjitter.klw	log	power	percpmu	independent	mem	delta	47.722102200000165	0.0	0.0	0.0	0.0
log-power-percpmu.mapjitter.klw	log	power	percpmu	independent	mem	delta	51.23826763347237	0.0	0.0	0.0	0.0
log-power-percpmu.mapjitter.klw	log	power	percpmu	independent	mem	delta	55.01350420559078	0.0	0.0	0.0	0.0
log-power-percpmu.mapjitter.klw	log	power	percpmu	independent	mem	delta	59.0669002829722	0.0	0.0	0.0	0.0
log-power-percpmu.mapjitter.klw	log	power	percpmu	independent	mem	delta	63.4189506634631	0.0	0.0	0.0	0.0
log-power-percpmu.mapjitter.klw	log	power	percpmu	independent	mem	delta	68.0916602020204	0.0	0.0	0.0	0.0
log-power-percpmu.mapjitter.klw	log	power	percpmu	independent	mem	delta	73.10865507174931	0.0	0.0	0.0	0.0
log-power-percpmu.mapjitter.klw	log	power	percpmu	independent	mem	delta	78.49530222265639	0.0	0.0	0.0	0.0
log-power-percpmu.mapjitter.klw	log	power	percpmu	independent	mem	delta	84.27883764212618	0.0	0.0	0.0	0.0
log-power-percpmu.mapjitter.klw	log	power	percpmu	independent	mem	delta	90.48850406563211	0.0	0.0	0.0	0.0
log-power-percpmu.mapjitter.klw	log	power	percpmu	independent	mem	delta	97.15569883397539	0.0	0.0	0.0	0.0
log-power-percpmu.mapjitter.klw	log	power	percpmu	independent	mem	delta	104.31413264464811	0.0	0.0	0.0	0.0
log-power-percpmu.mapjitter.klw	log	power	percpmu	independent	mem	delta	111.99999999999996	0.0	0.0	0.0	0.0
log-spl3-percpmu.mapjitter.klw	log	spl3	percpmu	independent	perc	ips	6.999999999999999	0.12450382707660483	0.17330319750075326	0.22708487391888188	
log-spl3-percpmu.mapjitter.klw	log	spl3	percpmu	independent	perc	ips	7.515760138376834	0.13146141903059	0.17675353666090216	0.2266563551126912	
log-spl3-percpmu.mapjitter.klw	log	spl3	percpmu	independent	perc	ips	8.069521493944878	0.1381985014934162	0.18017976311388556	0.22642906937967602	
log-spl3-percpmu.mapjitter.klw	log	spl3	percpmu	independent	perc	ips	8.664083997137997	0.1446610656625292	0.18359448794675778	0.22662336000998823	
log-spl3-percpmu.mapjitter.klw	log	spl3	percpmu	independent	perc	ips	9.302453877319767	0.1509941215753324	0.18703025853732488	0.2269532716509238	
log-spl3-percpmu.mapjitter.klw	log	spl3	percpmu	independent	perc	ips	9.987858862892702	0.15661367402797643	0.1905235738692378	0.22766196903146688	
log-spl3-percpmu.mapjitter.klw	log	spl3	percpmu	independent	perc	ips	10.723764501351818	0.16190604206078288	0.19401287807678141	0.2287718878312237	
log-spl3-percpmu.mapjitter.klw	log	spl3	percpmu	independent	perc	ips	11.513891681800072	0.16674098760785677	0.1974237523859632	0.23039546020305654	
log-spl3-percpmu.mapjitter.klw	log	spl3	percpmu	independent	perc	ips	12.36223544852308	0.17086178333341026	0.2008250084578428	0.2328183925547068	
log-spl3-percpmu.mapjitter.klw	log	spl3	percpmu	independent	perc	ips	13.273085200748401	0.17453491218131148	0.2042391808737727	0.23594296843643212	
log-spl3-percpmu.mapjitter.klw	log	spl3	percpmu	independent	perc	ips	14.25104638072347	0.1774688532790227	0.20766400601239757	0.23978855374495964	
log-spl3-percpmu.mapjitter.klw	log	spl3	percpmu	independent	perc	ips	15.301063759771553	0.17990657000611845	0.21102832685669884	0.24430106724571546	
log-spl3-percpmu.mapjitter.klw	log	spl3	percpmu	independent	perc	ips	16.428446440064768	0.18181045402572446	0.21435171917084814	0.249499019104451	
log-spl3-percpmu.mapjitter.klw	log	spl3	percpmu	independent	perc	ips	17.638894698528226	0.1830003920868972	0.21771265632855533	0.25556458580031	
log-spl3-percpmu.mapjitter.klw	log	spl3	percpmu	independent	perc	ips	18.93852880860355	0.18378605819663454	0.2209789397538618	0.26159771475104227	
log-spl3-percpmu.mapjitter.klw	log	spl3	percpmu	independent	perc	ips	20.33391998560055	0.18546158245033004	0.22421027277121064	0.2667997858210467	
log-spl3-percpmu.mapjitter.klw	log	spl3	percpmu	independent	perc	ips	21.832123612102944	0.19015085089816572	0.22707995345582951	0.267866766971214	
log-spl3-percpmu.mapjitter.klw	log	spl3	percpmu	independent	perc	ips	23.440714911422706	0.19466834383808795	0.22999987894993595	0.2691713341948404	
log-spl3-percpmu.mapjitter.klw	log	spl3	percpmu	independent	perc	ips	25.16782724947517	0.198833479255231	0.23289799033096975	0.27080480121428513	
log-spl3-percpmu.mapjitter.klw	log	spl3	percpmu	independent	perc	ips	27.0221932587371	0.2028708179226942	0.23582697097621003	0.27252433980923174	
log-spl3-percpmu.mapjitter.klw	log	spl3	percpmu	independent	perc	ips	29.01318899221878	0.2066039910860469	0.23877304149550255	0.27443872235005623	
log-spl3-percpmu.mapjitter.klw	log	spl3	percpmu	independent	perc	ips	31.150881330701633	0.209918392525722	0.241631863956218	0.27661428870032656	
log-spl3-percpmu.mapjitter.klw	log	spl3	percpmu	independent	perc	ips	33.44607888294205	0.21307288693114412	0.24459258236394388	0.27881145665732565	
log-spl3-percpmu.mapjitter.klw	log	spl3	percpmu	independent	perc	ips	35.910386636203285	0.21600576407144473	0.24753426966317116	0.2815276966319294	
log-spl3-percpmu.mapjitter.klw	log	spl3	percpmu	independent	perc	ips	38.55626463343953	0.21861417962779361	0.2504480840290498	0.2844690425163648	
log-spl3-percpmu.mapjitter.klw	log	spl3	percpmu	independent	perc	ips	41.397090973816184	0.2208731511014839	0.25341269204726735	0.28768693566913944	
log-spl3-percpmu.mapjitter.klw	log	spl3	percpmu	independent	perc	ips	44.44722945510957	0.22307796403635755	0.2563448059786094	0.29119915022118203	
log-spl3-percpmu.mapjitter.klw	log	spl3	percpmu	independent	perc	ips	47.722102200000165	0.22501704144693774	0.2592814736704766	0.2948986347351962	
log-spl3-percpmu.mapjitter.klw	log	spl3	percpmu	independent	perc	ips	51.23826763347237	0.2267215060310983	0.26220274389056364	0.29895559862822774	
log-spl3-percpmu.mapjitter.klw	log	spl3	percpmu	independent	perc	ips	55.01350420559078	0.22819419136497185	0.2651743505604458	0.30311471126650336	
log-spl3-percpmu.mapjitter.klw	log	spl3	percpmu	independent	perc	ips	59.0669002829722	0.2294885141316553	0.26812477134356555	0.30754223623480303	
log-spl3-percpmu.mapjitter.klw	log	spl3	percpmu	independent	perc	ips	63.4189506634631	0.23051618407174015	0.27100700467304023	0.31199031154356066	
log-spl3-percpmu.mapjitter.klw	log	spl3	percpmu	independent	perc	ips	68.0916602020204	0.2315283130574528	0.27390605283103703	0.3167306824680549	
log-spl3-percpmu.mapjitter.klw	log	spl3	percpmu	independent	perc	ips	73.10865507174931	0.23246904498954246	0.2768394706860464	0.3215105331455675	
log-spl3-percpmu.mapjitter.klw	log	spl3	percpmu	independent	perc	ips	78.49530222265639	0.23331276502165144	0.27976321931388637	0.3263580092337624	
log-spl3-percpmu.mapjitter.klw	log	spl3	percpmu	independent	perc	ips	84.27883764212618	0.23395049712716087	0.2826973963939557	0.33132842653108363	
log-spl3-percpmu.mapjitter.klw	log	spl3	percpmu	independent	perc	ips	90.48850406563211	0.23447864155139955	0.2856256165345664	0.33644610650103096	
log-spl3-percpmu.mapjitter.klw	log	spl3	percpmu	independent	perc	ips	97.15569883397539	0.2350377904327647	0.2885044947753852	0.34154952196914506	
log-spl3-percpmu.mapjitter.klw	log	spl3	percpmu	independent	perc	ips	104.31413264464811	0.2355818693690861	0.29138308603850027	0.3467457466230679	
log-spl3-percpmu.mapjitter.klw	log	spl3	percpmu	independent	perc	ips	111.99999999999996	0.23606107542678265	0.2942641001776465	0.35204405753882945	
log-spl3-percpmu.mapjitter.klw	log	spl3	percpmu	independent	perc	vertex	6.999999999999999	0.09715890860382363	0.14320584908804357	0.1975010564304312	
log-spl3-percpmu.mapjitter.klw	log	spl3	percpmu	independent	perc	vertex	7.515760138376834	0.10402032611892592	0.1468431465448637	0.19734254520950292	
log-spl3-percpmu.mapjitter.klw	log	spl3	percpmu	independent	perc	vertex	8.069521493944878	0.11079194961163676	0.15050704946968801	0.19731073017665365	
log-spl3-percpmu.mapjitter.klw	log	spl3	percpmu	independent	perc	vertex	8.664083997137997	0.11734181586393026	0.1541831103580013	0.19749828856802623	
log-spl3-percpmu.mapjitter.klw	log	spl3	percpmu	independent	perc	vertex	9.302453877319767	0.12347541709585146	0.15786609509400656	0.19790714461776557	
log-spl3-percpmu.mapjitter.klw	log	spl3	percpmu	independent	perc	vertex	9.987858862892702	0.12926839049281533	0.16155762213919656	0.19875799511178285	
log-spl3-percpmu.mapjitter.klw	log	spl3	percpmu	independent	perc	vertex	10.723764501351818	0.13452504485109207	0.16523226959438253	0.19992298714603285	
log-spl3-percpmu.mapjitter.klw	log	spl3	percpmu	independent	perc	vertex	11.513891681800072	0.13941068605453819	0.16890214774751905	0.20174169893114066	
log-spl3-percpmu.mapjitter.klw	log	spl3	percpmu	independent	perc	vertex	12.36223544852308	0.14344599451685477	0.17258551901400115	0.20453059808412133	
log-spl3-percpmu.mapjitter.klw	log	spl3	percpmu	independent	perc	vertex	13.273085200748401	0.14688408549251739	0.17620996632381436	0.20788202409132037	
log-spl3-percpmu.mapjitter.klw	log	spl3	percpmu	independent	perc	vertex	14.25104638072347	0.1499669066265031	0.17988611059396753	0.2118625027981613	
log-spl3-percpmu.mapjitter.klw	log	spl3	percpmu	independent	perc	vertex	15.301063759771553	0.1523262959299097	0.18345256374940078	0.216712179136081	
log-spl3-percpmu.mapjitter.klw	log	spl3	percpmu	independent	perc	vertex	16.428446440064768	0.15417776311912992	0.18701328019390903	0.22211634308616035	
log-spl3-percpmu.mapjitter.klw	log	spl3	percpmu	independent	perc	vertex	17.638894698528226	0.15557877561740227	0.19051245293567803	0.22819292557112225	
log-spl3-percpmu.mapjitter.klw	log	spl3	percpmu	independent	perc	vertex	18.93852880860355	0.15659511703163392	0.19407717841606764	0.23441171244399606	
log-spl3-percpmu.mapjitter.klw	log	spl3	percpmu	independent	perc	vertex	20.33391998560055	0.15826070927058036	0.1975399116471539	0.2399212563560128	
log-spl3-percpmu.mapjitter.klw	log	spl3	percpmu	independent	perc	vertex	21.832123612102944	0.1632797904880517	0.2008370427757819	0.24136888470207507	
log-spl3-percpmu.mapjitter.klw	log	spl3	percpmu	independent	perc	vertex	23.440714911422706	0.16818581556057274	0.20407823760787086	0.24318425941718366	
log-spl3-percpmu.mapjitter.klw	log	spl3	percpmu	independent	perc	vertex	25.16782724947517	0.17269146696246374	0.20734974125324204	0.245240089961375	
log-spl3-percpmu.mapjitter.klw	log	spl3	percpmu	independent	perc	vertex	27.0221932587371	0.17706176806593424	0.21065118754517997	0.24749199498016147	
log-spl3-percpmu.mapjitter.klw	log	spl3	percpmu	independent	perc	vertex	29.01318899221878	0.1809829918936555	0.21395749894749883	0.24993511834861423	
log-spl3-percpmu.mapjitter.klw	log	spl3	percpmu	independent	perc	vertex	31.150881330701633	0.18479863037396674	0.21723839185714228	0.2527141277035767	
log-spl3-percpmu.mapjitter.klw	log	spl3	percpmu	independent	perc	vertex	33.44607888294205	0.18832358177770112	0.2205417457523604	0.2560287718681042	
log-spl3-percpmu.mapjitter.klw	log	spl3	percpmu	independent	perc	vertex	35.910386636203285	0.191410651914901	0.2237706841659494	0.25956382624833335	
log-spl3-percpmu.mapjitter.klw	log	spl3	percpmu	independent	perc	vertex	38.55626463343953	0.19419840047988646	0.22703002832944244	0.2634661924512626	
log-spl3-percpmu.mapjitter.klw	log	spl3	percpmu	independent	perc	vertex	41.397090973816184	0.19673471052032265	0.23031532948147415	0.267695623605078	
log-spl3-percpmu.mapjitter.klw	log	spl3	percpmu	independent	perc	vertex	44.44722945510957	0.19891152546502022	0.233596482394403	0.27213942153494525	
log-spl3-percpmu.mapjitter.klw	log	spl3	percpmu	independent	perc	vertex	47.722102200000165	0.2008407150798323	0.23688493560306456	0.2769005605713968	
log-spl3-percpmu.mapjitter.klw	log	spl3	percpmu	independent	perc	vertex	51.23826763347237	0.20269258492369938	0.24012568198986606	0.28201764616425257	
log-spl3-percpmu.mapjitter.klw	log	spl3	percpmu	independent	perc	vertex	55.01350420559078	0.20431294945360792	0.24338848568747917	0.2872441102777811	
log-spl3-percpmu.mapjitter.klw	log	spl3	percpmu	independent	perc	vertex	59.0669002829722	0.20558486009538732	0.246605300588429	0.29265899012133223	
log-spl3-percpmu.mapjitter.klw	log	spl3	percpmu	independent	perc	vertex	63.4189506634631	0.2067950400562897	0.2498366662535495	0.29821055889441206	
log-spl3-percpmu.mapjitter.klw	log	spl3	percpmu	independent	perc	vertex	68.0916602020204	0.20791336888699086	0.25307463903350663	0.30387580799444985	
log-spl3-percpmu.mapjitter.klw	log	spl3	percpmu	independent	perc	vertex	73.10865507174931	0.20878184591616794	0.2563141742928	0.3097376366335532	
log-spl3-percpmu.mapjitter.klw	log	spl3	percpmu	independent	perc	vertex	78.49530222265639	0.20963586917904958	0.25957520121840416	0.3157587637862075	
log-spl3-percpmu.mapjitter.klw	log	spl3	percpmu	independent	perc	vertex	84.27883764212618	0.21042350224830153	0.2627622414893397	0.32180891277481316	
log-spl3-percpmu.mapjitter.klw	log	spl3	percpmu	independent	perc	vertex	90.48850406563211	0.2110560563323252	0.2660101524738408	0.3278875946051234	
log-spl3-percpmu.mapjitter.klw	log	spl3	percpmu	independent	perc	vertex	97.15569883397539	0.2116668735100619	0.26928027234904983	0.3340820163179943	
log-spl3-percpmu.mapjitter.klw	log	spl3	percpmu	independent	perc	vertex	104.31413264464811	0.21234582024880616	0.2725208597865929	0.34029720046800255	
log-spl3-percpmu.mapjitter.klw	log	spl3	percpmu	independent	perc	vertex	111.99999999999996	0.21288579783602993	0.2757690893992491	0.3464346993213503	
log-spl3-percpmu.mapjitter.klw	log	spl3	percpmu	independent	mem	ips	6.999999999999999	0.055070180591588296	0.09178559900066342	0.1378711379675625	
log-spl3-percpmu.mapjitter.klw	log	spl3	percpmu	independent	mem	ips	7.515760138376834	0.05731080331094158	0.09150179502618047	0.1345548006619042	
log-spl3-percpmu.mapjitter.klw	log	spl3	percpmu	independent	mem	ips	8.069521493944878	0.05935231868124983	0.09126233188404362	0.1313465063270008	
log-spl3-percpmu.mapjitter.klw	log	spl3	percpmu	independent	mem	ips	8.664083997137997	0.061170398489598585	0.09102615102895067	0.12848913984216573	
log-spl3-percpmu.mapjitter.klw	log	spl3	percpmu	independent	mem	ips	9.302453877319767	0.06281998877356247	0.09076979375815854	0.12577451419607097	
log-spl3-percpmu.mapjitter.klw	log	spl3	percpmu	independent	mem	ips	9.987858862892702	0.06420132858576534	0.09046121396913154	0.12358021103408028	
log-spl3-percpmu.mapjitter.klw	log	spl3	percpmu	independent	mem	ips	10.723764501351818	0.0651028027254499	0.09016569255720436	0.12183126429241778	
log-spl3-percpmu.mapjitter.klw	log	spl3	percpmu	independent	mem	ips	11.513891681800072	0.06561617645565497	0.08989335596272806	0.12038090505767292	
log-spl3-percpmu.mapjitter.klw	log	spl3	percpmu	independent	mem	ips	12.36223544852308	0.06576661965348794	0.08955753992550665	0.11940880377970817	
log-spl3-percpmu.mapjitter.klw	log	spl3	percpmu	independent	mem	ips	13.273085200748401	0.06542677127270248	0.0891534223343506	0.11903033879529856	
log-spl3-percpmu.mapjitter.klw	log	spl3	percpmu	independent	mem	ips	14.25104638072347	0.06476224412195088	0.08872225081732152	0.11959732766322814	
log-spl3-percpmu.mapjitter.klw	log	spl3	percpmu	independent	mem	ips	15.301063759771553	0.06363791415878722	0.08835161736797201	0.1206226088212065	
log-spl3-percpmu.mapjitter.klw	log	spl3	percpmu	independent	mem	ips	16.428446440064768	0.06208959894510006	0.08791942731530084	0.12213166024133372	
log-spl3-percpmu.mapjitter.klw	log	spl3	percpmu	independent	mem	ips	17.638894698528226	0.0600047363090316	0.08750186876302588	0.12401057581302716	
log-spl3-percpmu.mapjitter.klw	log	spl3	percpmu	independent	mem	ips	18.93852880860355	0.057632068917073564	0.0870867869981653	0.12602278623562238	
log-spl3-percpmu.mapjitter.klw	log	spl3	percpmu	independent	mem	ips	20.33391998560055	0.05549750380221845	0.08631067442466311	0.12696152852294001	
log-spl3-percpmu.mapjitter.klw	log	spl3	percpmu	independent	mem	ips	21.832123612102944	0.05479380063051246	0.08426828113811446	0.12324966390683141	
log-spl3-percpmu.mapjitter.klw	log	spl3	percpmu	independent	mem	ips	23.440714911422706	0.05412631903775652	0.0822410654759474	0.11959385809630407	
log-spl3-percpmu.mapjitter.klw	log	spl3	percpmu	independent	mem	ips	25.16782724947517	0.053434634191379476	0.08022408563897003	0.11601674140540515	
log-spl3-percpmu.mapjitter.klw	log	spl3	percpmu	independent	mem	ips	27.0221932587371	0.05261762996287378	0.07822549655846228	0.11241078876440044	
log-spl3-percpmu.mapjitter.klw	log	spl3	percpmu	independent	mem	ips	29.01318899221878	0.05174855615544742	0.07622295645592725	0.10879026440579334	
log-spl3-percpmu.mapjitter.klw	log	spl3	percpmu	independent	mem	ips	31.150881330701633	0.05080676746062118	0.07420897283981945	0.10527091620281907	
log-spl3-percpmu.mapjitter.klw	log	spl3	percpmu	independent	mem	ips	33.44607888294205	0.04981429434895301	0.07219401245375692	0.10180143721247384	
log-spl3-percpmu.mapjitter.klw	log	spl3	percpmu	independent	mem	ips	35.910386636203285	0.04866375678300594	0.07017949683095487	0.09850669892672521	
log-spl3-percpmu.mapjitter.klw	log	spl3	percpmu	independent	mem	ips	38.55626463343953	0.04745044829945344	0.06814970921166497	0.09535487122760702	
log-spl3-percpmu.mapjitter.klw	log	spl3	percpmu	independent	mem	ips	41.397090973816184	0.04614954611749481	0.06609208375642237	0.09227283203775262	
log-spl3-percpmu.mapjitter.klw	log	spl3	percpmu	independent	mem	ips	44.44722945510957	0.04474201117130555	0.06403528064448814	0.08932423624204944	
log-spl3-percpmu.mapjitter.klw	log	spl3	percpmu	independent	mem	ips	47.722102200000165	0.04328585750457278	0.061966336214369755	0.0866854627087325	
log-spl3-percpmu.mapjitter.klw	log	spl3	percpmu	independent	mem	ips	51.23826763347237	0.041759880564792316	0.05990699146236801	0.08416829543395653	
log-spl3-percpmu.mapjitter.klw	log	spl3	percpmu	independent	mem	ips	55.01350420559078	0.04007530650512947	0.05781193919168831	0.08188309457325156	
log-spl3-percpmu.mapjitter.klw	log	spl3	percpmu	independent	mem	ips	59.0669002829722	0.03831253170794636	0.05570467294026128	0.0797432517668145	
log-spl3-percpmu.mapjitter.klw	log	spl3	percpmu	independent	mem	ips	63.4189506634631	0.0364496801594503	0.05357420072739743	0.07775078530409962	
log-spl3-percpmu.mapjitter.klw	log	spl3	percpmu	independent	mem	ips	68.0916602020204	0.03435977684614975	0.05144758936164513	0.07600829370905074	
log-spl3-percpmu.mapjitter.klw	log	spl3	percpmu	independent	mem	ips	73.10865507174931	0.032163043097260986	0.04932085066126796	0.07451998615278063	
log-spl3-percpmu.mapjitter.klw	log	spl3	percpmu	independent	mem	ips	78.49530222265639	0.02980863656219664	0.047190252155356466	0.07314359492279437	
log-spl3-percpmu.mapjitter.klw	log	spl3	percpmu	independent	mem	ips	84.27883764212618	0.027326451053284895	0.045048638468920404	0.07196694326779676	
log-spl3-percpmu.mapjitter.klw	log	spl3	percpmu	independent	mem	ips	90.48850406563211	0.024644604788656443	0.042940008313671604	0.07087423931266953	
log-spl3-percpmu.mapjitter.klw	log	spl3	percpmu	independent	mem	ips	97.15569883397539	0.0218803404109298	0.040827627952040285	0.06984959039527568	
log-spl3-percpmu.mapjitter.klw	log	spl3	percpmu	independent	mem	ips	104.31413264464811	0.0189864532637713	0.03869342919237741	0.06899101148765596	
log-spl3-percpmu.mapjitter.klw	log	spl3	percpmu	independent	mem	ips	111.99999999999996	0.015925288638880555	0.036587558588904806	0.06814618474230776	
log-spl3-percpmu.mapjitter.klw	log	spl3	percpmu	independent	mem	vertex	6.999999999999999	0.055070180591588296	0.09178559900066342	0.1378711379675625	
log-spl3-percpmu.mapjitter.klw	log	spl3	percpmu	independent	mem	vertex	7.515760138376834	0.05731080331094158	0.09150179502618047	0.1345548006619042	
log-spl3-percpmu.mapjitter.klw	log	spl3	percpmu	independent	mem	vertex	8.069521493944878	0.05935231868124983	0.09126233188404362	0.1313465063270008	
log-spl3-percpmu.mapjitter.klw	log	spl3	percpmu	independent	mem	vertex	8.664083997137997	0.061170398489598585	0.09102615102895067	0.12848913984216573	
log-spl3-percpmu.mapjitter.klw	log	spl3	percpmu	independent	mem	vertex	9.302453877319767	0.06281998877356247	0.09076979375815854	0.12577451419607097	
log-spl3-percpmu.mapjitter.klw	log	spl3	percpmu	independent	mem	vertex	9.987858862892702	0.06420132858576534	0.09046121396913154	0.12358021103408028	
log-spl3-percpmu.mapjitter.klw	log	spl3	percpmu	independent	mem	vertex	10.723764501351818	0.0651028027254499	0.09016569255720436	0.12183126429241778	
log-spl3-percpmu.mapjitter.klw	log	spl3	percpmu	independent	mem	vertex	11.513891681800072	0.06561617645565497	0.08989335596272806	0.12038090505767292	
log-spl3-percpmu.mapjitter.klw	log	spl3	percpmu	independent	mem	vertex	12.36223544852308	0.06576661965348794	0.08955753992550665	0.11940880377970817	
log-spl3-percpmu.mapjitter.klw	log	spl3	percpmu	independent	mem	vertex	13.273085200748401	0.06542677127270248	0.0891534223343506	0.11903033879529856	
log-spl3-percpmu.mapjitter.klw	log	spl3	percpmu	independent	mem	vertex	14.25104638072347	0.06476224412195088	0.08872225081732152	0.11959732766322814	
log-spl3-percpmu.mapjitter.klw	log	spl3	percpmu	independent	mem	vertex	15.301063759771553	0.06363791415878722	0.08835161736797201	0.1206226088212065	
log-spl3-percpmu.mapjitter.klw	log	spl3	percpmu	independent	mem	vertex	16.428446440064768	0.06208959894510006	0.08791942731530084	0.12213166024133372	
log-spl3-percpmu.mapjitter.klw	log	spl3	percpmu	independent	mem	vertex	17.638894698528226	0.0600047363090316	0.08750186876302588	0.12401057581302716	
log-spl3-percpmu.mapjitter.klw	log	spl3	percpmu	independent	mem	vertex	18.93852880860355	0.057632068917073564	0.0870867869981653	0.12602278623562238	
log-spl3-percpmu.mapjitter.klw	log	spl3	percpmu	independent	mem	vertex	20.33391998560055	0.05549750380221845	0.08631067442466311	0.12696152852294001	
log-spl3-percpmu.mapjitter.klw	log	spl3	percpmu	independent	mem	vertex	21.832123612102944	0.05479380063051246	0.08426828113811446	0.12324966390683141	
log-spl3-percpmu.mapjitter.klw	log	spl3	percpmu	independent	mem	vertex	23.440714911422706	0.05412631903775652	0.0822410654759474	0.11959385809630407	
log-spl3-percpmu.mapjitter.klw	log	spl3	percpmu	independent	mem	vertex	25.16782724947517	0.053434634191379476	0.08022408563897003	0.11601674140540515	
log-spl3-percpmu.mapjitter.klw	log	spl3	percpmu	independent	mem	vertex	27.0221932587371	0.05261762996287378	0.07822549655846228	0.11241078876440044	
log-spl3-percpmu.mapjitter.klw	log	spl3	percpmu	independent	mem	vertex	29.01318899221878	0.05174855615544742	0.07622295645592725	0.10879026440579334	
log-spl3-percpmu.mapjitter.klw	log	spl3	percpmu	independent	mem	vertex	31.150881330701633	0.05080676746062118	0.07420897283981945	0.10527091620281907	
log-spl3-percpmu.mapjitter.klw	log	spl3	percpmu	independent	mem	vertex	33.44607888294205	0.04981429434895301	0.07219401245375692	0.10180143721247384	
log-spl3-percpmu.mapjitter.klw	log	spl3	percpmu	independent	mem	vertex	35.910386636203285	0.04866375678300594	0.07017949683095487	0.09850669892672521	
log-spl3-percpmu.mapjitter.klw	log	spl3	percpmu	independent	mem	vertex	38.55626463343953	0.04745044829945344	0.06814970921166497	0.09535487122760702	
log-spl3-percpmu.mapjitter.klw	log	spl3	percpmu	independent	mem	vertex	41.397090973816184	0.04614954611749481	0.06609208375642237	0.09227283203775262	
log-spl3-percpmu.mapjitter.klw	log	spl3	percpmu	independent	mem	vertex	44.44722945510957	0.04474201117130555	0.06403528064448814	0.08932423624204944	
log-spl3-percpmu.mapjitter.klw	log	spl3	percpmu	independent	mem	vertex	47.722102200000165	0.04328585750457278	0.061966336214369755	0.0866854627087325	
log-spl3-percpmu.mapjitter.klw	log	spl3	percpmu	independent	mem	vertex	51.23826763347237	0.041759880564792316	0.05990699146236801	0.08416829543395653	
log-spl3-percpmu.mapjitter.klw	log	spl3	percpmu	independent	mem	vertex	55.01350420559078	0.04007530650512947	0.05781193919168831	0.08188309457325156	
log-spl3-percpmu.mapjitter.klw	log	spl3	percpmu	independent	mem	vertex	59.0669002829722	0.03831253170794636	0.05570467294026128	0.0797432517668145	
log-spl3-percpmu.mapjitter.klw	log	spl3	percpmu	independent	mem	vertex	63.4189506634631	0.0364496801594503	0.05357420072739743	0.07775078530409962	
log-spl3-percpmu.mapjitter.klw	log	spl3	percpmu	independent	mem	vertex	68.0916602020204	0.03435977684614975	0.05144758936164513	0.07600829370905074	
log-spl3-percpmu.mapjitter.klw	log	spl3	percpmu	independent	mem	vertex	73.10865507174931	0.032163043097260986	0.04932085066126796	0.07451998615278063	
log-spl3-percpmu.mapjitter.klw	log	spl3	percpmu	independent	mem	vertex	78.49530222265639	0.02980863656219664	0.047190252155356466	0.07314359492279437	
log-spl3-percpmu.mapjitter.klw	log	spl3	percpmu	independent	mem	vertex	84.27883764212618	0.027326451053284895	0.045048638468920404	0.07196694326779676	
log-spl3-percpmu.mapjitter.klw	log	spl3	percpmu	independent	mem	vertex	90.48850406563211	0.024644604788656443	0.042940008313671604	0.07087423931266953	
log-spl3-percpmu.mapjitter.klw	log	spl3	percpmu	independent	mem	vertex	97.15569883397539	0.0218803404109298	0.040827627952040285	0.06984959039527568	
log-spl3-percpmu.mapjitter.klw	log	spl3	percpmu	independent	mem	vertex	104.31413264464811	0.0189864532637713	0.03869342919237741	0.06899101148765596	
log-spl3-percpmu.mapjitter.klw	log	spl3	percpmu	independent	mem	vertex	111.99999999999996	0.015925288638880555	0.036587558588904806	0.06814618474230776	
log-spl3-percpmu.mapjitter.klw	log	spl3	percpmu	independent	perc	delta_pct	6.999999999999999	-6.424095721715584	20.926390739829202	58.65873978225254	
log-spl3-percpmu.mapjitter.klw	log	spl3	percpmu	independent	perc	delta_pct	7.515760138376834	-4.68600000105341	20.257541346329944	53.44158481098064	
log-spl3-percpmu.mapjitter.klw	log	spl3	percpmu	independent	perc	delta_pct	8.069521493944878	-3.123805246135595	19.615407496516077	48.91006111123956	
log-spl3-percpmu.mapjitter.klw	log	spl3	percpmu	independent	perc	delta_pct	8.664083997137997	-1.7558625958952132	18.99462893116297	45.02244970382859	
log-spl3-percpmu.mapjitter.klw	log	spl3	percpmu	independent	perc	delta_pct	9.302453877319767	-0.5866888687873104	18.42860980579355	41.62462348710505	
log-spl3-percpmu.mapjitter.klw	log	spl3	percpmu	independent	perc	delta_pct	9.987858862892702	0.4928543201774207	17.85672156992134	38.80180798422877	
log-spl3-percpmu.mapjitter.klw	log	spl3	percpmu	independent	perc	delta_pct	10.723764501351818	1.2820806846603086	17.33182605853556	36.581157423997006	
log-spl3-percpmu.mapjitter.klw	log	spl3	percpmu	independent	perc	delta_pct	11.513891681800072	1.8163769751784065	16.8006269738031	34.71241816527875	
log-spl3-percpmu.mapjitter.klw	log	spl3	percpmu	independent	perc	delta_pct	12.36223544852308	2.084654602730138	16.313955844855986	33.442718156111354	
log-spl3-percpmu.mapjitter.klw	log	spl3	percpmu	independent	perc	delta_pct	13.273085200748401	1.9862859227176173	15.852485411483785	32.611050231971845	
log-spl3-percpmu.mapjitter.klw	log	spl3	percpmu	independent	perc	delta_pct	14.25104638072347	1.5653947668131103	15.389110816250117	32.3747330586872	
log-spl3-percpmu.mapjitter.klw	log	spl3	percpmu	independent	perc	delta_pct	15.301063759771553	0.871536915321215	14.954587861511946	32.47605091644105	
log-spl3-percpmu.mapjitter.klw	log	spl3	percpmu	independent	perc	delta_pct	16.428446440064768	0.02154404570197888	14.529495541823344	32.95803172181355	
log-spl3-percpmu.mapjitter.klw	log	spl3	percpmu	independent	perc	delta_pct	17.638894698528226	-1.0143710648884914	14.157837254319682	33.6721835358373	
log-spl3-percpmu.mapjitter.klw	log	spl3	percpmu	independent	perc	delta_pct	18.93852880860355	-2.1960783984730954	13.793046491047646	34.58034970568047	
log-spl3-percpmu.mapjitter.klw	log	spl3	percpmu	independent	perc	delta_pct	20.33391998560055	-2.989564337494271	13.419125327134296	34.86490163184364	
log-spl3-percpmu.mapjitter.klw	log	spl3	percpmu	independent	perc	delta_pct	21.832123612102944	-2.489176327102591	13.0055248507838	33.01985703867401	
log-spl3-percpmu.mapjitter.klw	log	spl3	percpmu	independent	perc	delta_pct	23.440714911422706	-2.110564563002925	12.587568997598964	31.347960089642154	
log-spl3-percpmu.mapjitter.klw	log	spl3	percpmu	independent	perc	delta_pct	25.16782724947517	-1.8151318088261996	12.219815615692088	29.89875935019774	
log-spl3-percpmu.mapjitter.klw	log	spl3	percpmu	independent	perc	delta_pct	27.0221932587371	-1.6874491368815978	11.8505321100974	28.791879308812746	
log-spl3-percpmu.mapjitter.klw	log	spl3	percpmu	independent	perc	delta_pct	29.01318899221878	-1.6570510989177745	11.504332809208162	27.77957284430922	
log-spl3-percpmu.mapjitter.klw	log	spl3	percpmu	independent	perc	delta_pct	31.150881330701633	-1.7850369827879056	11.163591570472297	26.942306284651494	
log-spl3-percpmu.mapjitter.klw	log	spl3	percpmu	independent	perc	delta_pct	33.44607888294205	-2.037143691545197	10.827878172924631	26.316342033926926	
log-spl3-percpmu.mapjitter.klw	log	spl3	percpmu	independent	perc	delta_pct	35.910386636203285	-2.3982892123270547	10.509465717328881	25.892028478183747	
log-spl3-percpmu.mapjitter.klw	log	spl3	percpmu	independent	perc	delta_pct	38.55626463343953	-2.832234646421011	10.180154947879194	25.601219951458937	
log-spl3-percpmu.mapjitter.klw	log	spl3	percpmu	independent	perc	delta_pct	41.397090973816184	-3.287564400015416	9.858422427889002	25.460608810912177	
log-spl3-percpmu.mapjitter.klw	log	spl3	percpmu	independent	perc	delta_pct	44.44722945510957	-3.875109165232506	9.566455508719097	25.51940437871478	
log-spl3-percpmu.mapjitter.klw	log	spl3	percpmu	independent	perc	delta_pct	47.722102200000165	-4.49345602797495	9.288588113166675	25.675674054376127	
log-spl3-percpmu.mapjitter.klw	log	spl3	percpmu	independent	perc	delta_pct	51.23826763347237	-5.179061061226732	9.001019093929173	25.93555249338148	
log-spl3-percpmu.mapjitter.klw	log	spl3	percpmu	independent	perc	delta_pct	55.01350420559078	-5.909112459124567	8.742527313957149	26.218338620892975	
log-spl3-percpmu.mapjitter.klw	log	spl3	percpmu	independent	perc	delta_pct	59.0669002829722	-6.662331407579295	8.46189388083818	26.62026890259181	
log-spl3-percpmu.mapjitter.klw	log	spl3	percpmu	independent	perc	delta_pct	63.4189506634631	-7.382049451716384	8.20001100914569	27.010203133990807	
log-spl3-percpmu.mapjitter.klw	log	spl3	percpmu	independent	perc	delta_pct	68.0916602020204	-8.126327741247312	7.945382344971241	27.513811689098027	
log-spl3-percpmu.mapjitter.klw	log	spl3	percpmu	independent	perc	delta_pct	73.10865507174931	-8.867673765702271	7.6969415841458	28.059236258886234	
log-spl3-percpmu.mapjitter.klw	log	spl3	percpmu	independent	perc	delta_pct	78.49530222265639	-9.59765600476664	7.4647802972403365	28.638783725371148	
log-spl3-percpmu.mapjitter.klw	log	spl3	percpmu	independent	perc	delta_pct	84.27883764212618	-10.338565889522329	7.230371720591378	29.225299717289364	
log-spl3-percpmu.mapjitter.klw	log	spl3	percpmu	independent	perc	delta_pct	90.48850406563211	-11.091879195398631	6.995024370591341	29.815838987493148	
log-spl3-percpmu.mapjitter.klw	log	spl3	percpmu	independent	perc	delta_pct	97.15569883397539	-11.798887151484328	6.768393815050178	30.542123417056697	
log-spl3-percpmu.mapjitter.klw	log	spl3	percpmu	independent	perc	delta_pct	104.31413264464811	-12.52521426985207	6.5463362506357985	31.212084202720447	
log-spl3-percpmu.mapjitter.klw	log	spl3	percpmu	independent	perc	delta_pct	111.99999999999996	-13.251266042983364	6.328260884856185	31.899966992323797	
log-spl3-percpmu.mapjitter.klw	log	spl3	percpmu	independent	perc	delta	6.999999999999999	-0.010945464051802176	0.029657056331396356	0.07085346193430866	0.9268472222222223
log-spl3-percpmu.mapjitter.klw	log	spl3	percpmu	independent	perc	delta	7.515760138376834	-0.008066921592257597	0.029476596829011867	0.06772095286948282	0.9401527777777777
log-spl3-percpmu.mapjitter.klw	log	spl3	percpmu	independent	perc	delta	8.069521493944878	-0.005402787294129021	0.029263267136682036	0.06471466201715222	0.9521388888888889
log-spl3-percpmu.mapjitter.klw	log	spl3	percpmu	independent	perc	delta	8.664083997137997	-0.0030537084402320613	0.029080279005087695	0.061876422454370104	0.9627777777777777
log-spl3-percpmu.mapjitter.klw	log	spl3	percpmu	independent	perc	delta	9.302453877319767	-0.0009909435435562458	0.028877023575752753	0.059327171419834304	0.97125
log-spl3-percpmu.mapjitter.klw	log	spl3	percpmu	independent	perc	delta	9.987858862892702	0.0008813927369246766	0.028660030541779957	0.05719316504633069	0.9780694444444444
log-spl3-percpmu.mapjitter.klw	log	spl3	percpmu	independent	perc	delta	10.723764501351818	0.0023668225421980636	0.02846653986267708	0.05537261581173884	0.9832222222222222
log-spl3-percpmu.mapjitter.klw	log	spl3	percpmu	independent	perc	delta	11.513891681800072	0.003342508815051848	0.028276000551956892	0.054023953531072914	0.9867638888888889
log-spl3-percpmu.mapjitter.klw	log	spl3	percpmu	independent	perc	delta	12.36223544852308	0.003922494854288353	0.028090339399490863	0.053159052757032164	0.988125
log-spl3-percpmu.mapjitter.klw	log	spl3	percpmu	independent	perc	delta	13.273085200748401	0.0037921011624574446	0.027828994083432382	0.05299396154544603	0.9877361111111111
log-spl3-percpmu.mapjitter.klw	log	spl3	percpmu	independent	perc	delta	14.25104638072347	0.0030335584207518422	0.027617243130013125	0.05345883197815138	0.9858055555555556
log-spl3-percpmu.mapjitter.klw	log	spl3	percpmu	independent	perc	delta	15.301063759771553	0.0017275676502289121	0.027379626916228	0.05463551381140991	0.98175
log-spl3-percpmu.mapjitter.klw	log	spl3	percpmu	independent	perc	delta	16.428446440064768	4.3600736326361445e-05	0.0271476932265982	0.056204830260056966	0.9751527777777778
log-spl3-percpmu.mapjitter.klw	log	spl3	percpmu	independent	perc	delta	17.638894698528226	-0.0021393648601170574	0.02692885787515921	0.058064609756538405	0.9655277777777778
log-spl3-percpmu.mapjitter.klw	log	spl3	percpmu	independent	perc	delta	18.93852880860355	-0.004686215978037335	0.0267070434909584	0.06027035429409368	0.9536666666666667
log-spl3-percpmu.mapjitter.klw	log	spl3	percpmu	independent	perc	delta	20.33391998560055	-0.006492963843308831	0.02644647508637854	0.061742617098403105	0.9438611111111112
log-spl3-percpmu.mapjitter.klw	log	spl3	percpmu	independent	perc	delta	21.832123612102944	-0.00557493769062705	0.026073305388389742	0.06001965906426044	0.9487083333333334
log-spl3-percpmu.mapjitter.klw	log	spl3	percpmu	independent	perc	delta	23.440714911422706	-0.004709986293712338	0.025654359359325293	0.05834886724865894	0.9527638888888889
log-spl3-percpmu.mapjitter.klw	log	spl3	percpmu	independent	perc	delta	25.16782724947517	-0.004152462761040164	0.02527788072863371	0.05681882002381057	0.9548055555555556
log-spl3-percpmu.mapjitter.klw	log	spl3	percpmu	independent	perc	delta	27.0221932587371	-0.0038515914544762094	0.02491870924553373	0.05564056127346707	0.9554166666666667
log-spl3-percpmu.mapjitter.klw	log	spl3	percpmu	independent	perc	delta	29.01318899221878	-0.003837282041482568	0.02458611707446144	0.054694507005012674	0.9547222222222222
log-spl3-percpmu.mapjitter.klw	log	spl3	percpmu	independent	perc	delta	31.150881330701633	-0.004193119931352275	0.024218093092224488	0.05410927575334994	0.9528055555555556
log-spl3-percpmu.mapjitter.klw	log	spl3	percpmu	independent	perc	delta	33.44607888294205	-0.004820896079986368	0.023867596005872863	0.053642952915410984	0.9487083333333334
log-spl3-percpmu.mapjitter.klw	log	spl3	percpmu	independent	perc	delta	35.910386636203285	-0.005735969238939761	0.02350563808686526	0.05347895407312409	0.9436111111111111
log-spl3-percpmu.mapjitter.klw	log	spl3	percpmu	independent	perc	delta	38.55626463343953	-0.006941931634585209	0.02313453175337596	0.05364017808379058	0.936375
log-spl3-percpmu.mapjitter.klw	log	spl3	percpmu	independent	perc	delta	41.397090973816184	-0.00835394367740713	0.02275735077167447	0.053903299265941486	0.928125
log-spl3-percpmu.mapjitter.klw	log	spl3	percpmu	independent	perc	delta	44.44722945510957	-0.009968559166662927	0.02234981904502642	0.054547764602490806	0.9177777777777778
log-spl3-percpmu.mapjitter.klw	log	spl3	percpmu	independent	perc	delta	47.722102200000165	-0.011819284864778363	0.021963447772400196	0.05540296228345687	0.9055277777777778
log-spl3-percpmu.mapjitter.klw	log	spl3	percpmu	independent	perc	delta	51.23826763347237	-0.01380984355873638	0.02160352035240304	0.05652729612697434	0.8926111111111111
log-spl3-percpmu.mapjitter.klw	log	spl3	percpmu	independent	perc	delta	55.01350420559078	-0.01603859728076867	0.02126133805264452	0.057731508579964695	0.8777083333333333
log-spl3-percpmu.mapjitter.klw	log	spl3	percpmu	independent	perc	delta	59.0669002829722	-0.01829004997158376	0.020860436917746722	0.05917458264959069	0.8629722222222223
log-spl3-percpmu.mapjitter.klw	log	spl3	percpmu	independent	perc	delta	63.4189506634631	-0.02070067543430218	0.020416841264562044	0.060616056269480634	0.8465277777777778
log-spl3-percpmu.mapjitter.klw	log	spl3	percpmu	independent	perc	delta	68.0916602020204	-0.023175374327525172	0.020048578967959363	0.06230186340032597	0.8304583333333333
log-spl3-percpmu.mapjitter.klw	log	spl3	percpmu	independent	perc	delta	73.10865507174931	-0.025622469223142055	0.019655867808358887	0.06401587014653831	0.8149027777777778
log-spl3-percpmu.mapjitter.klw	log	spl3	percpmu	independent	perc	delta	78.49530222265639	-0.028316257980425825	0.019327324737291984	0.06576535182838658	0.7993472222222222
log-spl3-percpmu.mapjitter.klw	log	spl3	percpmu	independent	perc	delta	84.27883764212618	-0.03108559686458866	0.018976243496061335	0.06766297021322587	0.7829305555555556
log-spl3-percpmu.mapjitter.klw	log	spl3	percpmu	independent	perc	delta	90.48850406563211	-0.033846831887218314	0.01857089331784434	0.06965789436017425	0.768
log-spl3-percpmu.mapjitter.klw	log	spl3	percpmu	independent	perc	delta	97.15569883397539	-0.03660324641837819	0.018191914938071152	0.07170546287019523	0.7547361111111112
log-spl3-percpmu.mapjitter.klw	log	spl3	percpmu	independent	perc	delta	104.31413264464811	-0.03947922209019758	0.01778955637594154	0.07378386982407963	0.7411666666666666
log-spl3-percpmu.mapjitter.klw	log	spl3	percpmu	independent	perc	delta	111.99999999999996	-0.042173058456618936	0.017407648725745795	0.07572277255644587	0.7265972222222222
log-spl3-percpmu.mapjitter.klw	log	spl3	percpmu	independent	mem	delta_pct	6.999999999999999	0.0	0.0	0.0	
log-spl3-percpmu.mapjitter.klw	log	spl3	percpmu	independent	mem	delta_pct	7.515760138376834	0.0	0.0	0.0	
log-spl3-percpmu.mapjitter.klw	log	spl3	percpmu	independent	mem	delta_pct	8.069521493944878	0.0	0.0	0.0	
log-spl3-percpmu.mapjitter.klw	log	spl3	percpmu	independent	mem	delta_pct	8.664083997137997	0.0	0.0	0.0	
log-spl3-percpmu.mapjitter.klw	log	spl3	percpmu	independent	mem	delta_pct	9.302453877319767	0.0	0.0	0.0	
log-spl3-percpmu.mapjitter.klw	log	spl3	percpmu	independent	mem	delta_pct	9.987858862892702	0.0	0.0	0.0	
log-spl3-percpmu.mapjitter.klw	log	spl3	percpmu	independent	mem	delta_pct	10.723764501351818	0.0	0.0	0.0	
log-spl3-percpmu.mapjitter.klw	log	spl3	percpmu	independent	mem	delta_pct	11.513891681800072	0.0	0.0	0.0	
log-spl3-percpmu.mapjitter.klw	log	spl3	percpmu	independent	mem	delta_pct	12.36223544852308	0.0	0.0	0.0	
log-spl3-percpmu.mapjitter.klw	log	spl3	percpmu	independent	mem	delta_pct	13.273085200748401	0.0	0.0	0.0	
log-spl3-percpmu.mapjitter.klw	log	spl3	percpmu	independent	mem	delta_pct	14.25104638072347	0.0	0.0	0.0	
log-spl3-percpmu.mapjitter.klw	log	spl3	percpmu	independent	mem	delta_pct	15.301063759771553	0.0	0.0	0.0	
log-spl3-percpmu.mapjitter.klw	log	spl3	percpmu	independent	mem	delta_pct	16.428446440064768	0.0	0.0	0.0	
log-spl3-percpmu.mapjitter.klw	log	spl3	percpmu	independent	mem	delta_pct	17.638894698528226	0.0	0.0	0.0	
log-spl3-percpmu.mapjitter.klw	log	spl3	percpmu	independent	mem	delta_pct	18.93852880860355	0.0	0.0	0.0	
log-spl3-percpmu.mapjitter.klw	log	spl3	percpmu	independent	mem	delta_pct	20.33391998560055	0.0	0.0	0.0	
log-spl3-percpmu.mapjitter.klw	log	spl3	percpmu	independent	mem	delta_pct	21.832123612102944	0.0	0.0	0.0	
log-spl3-percpmu.mapjitter.klw	log	spl3	percpmu	independent	mem	delta_pct	23.440714911422706	0.0	0.0	0.0	
log-spl3-percpmu.mapjitter.klw	log	spl3	percpmu	independent	mem	delta_pct	25.16782724947517	0.0	0.0	0.0	
log-spl3-percpmu.mapjitter.klw	log	spl3	percpmu	independent	mem	delta_pct	27.0221932587371	0.0	0.0	0.0	
log-spl3-percpmu.mapjitter.klw	log	spl3	percpmu	independent	mem	delta_pct	29.01318899221878	0.0	0.0	0.0	
log-spl3-percpmu.mapjitter.klw	log	spl3	percpmu	independent	mem	delta_pct	31.150881330701633	0.0	0.0	0.0	
log-spl3-percpmu.mapjitter.klw	log	spl3	percpmu	independent	mem	delta_pct	33.44607888294205	0.0	0.0	0.0	
log-spl3-percpmu.mapjitter.klw	log	spl3	percpmu	independent	mem	delta_pct	35.910386636203285	0.0	0.0	0.0	
log-spl3-percpmu.mapjitter.klw	log	spl3	percpmu	independent	mem	delta_pct	38.55626463343953	0.0	0.0	0.0	
log-spl3-percpmu.mapjitter.klw	log	spl3	percpmu	independent	mem	delta_pct	41.397090973816184	0.0	0.0	0.0	
log-spl3-percpmu.mapjitter.klw	log	spl3	percpmu	independent	mem	delta_pct	44.44722945510957	0.0	0.0	0.0	
log-spl3-percpmu.mapjitter.klw	log	spl3	percpmu	independent	mem	delta_pct	47.722102200000165	0.0	0.0	0.0	
log-spl3-percpmu.mapjitter.klw	log	spl3	percpmu	independent	mem	delta_pct	51.23826763347237	0.0	0.0	0.0	
log-spl3-percpmu.mapjitter.klw	log	spl3	percpmu	independent	mem	delta_pct	55.01350420559078	0.0	0.0	0.0	
log-spl3-percpmu.mapjitter.klw	log	spl3	percpmu	independent	mem	delta_pct	59.0669002829722	0.0	0.0	0.0	
log-spl3-percpmu.mapjitter.klw	log	spl3	percpmu	independent	mem	delta_pct	63.4189506634631	0.0	0.0	0.0	
log-spl3-percpmu.mapjitter.klw	log	spl3	percpmu	independent	mem	delta_pct	68.0916602020204	0.0	0.0	0.0	
log-spl3-percpmu.mapjitter.klw	log	spl3	percpmu	independent	mem	delta_pct	73.10865507174931	0.0	0.0	0.0	
log-spl3-percpmu.mapjitter.klw	log	spl3	percpmu	independent	mem	delta_pct	78.49530222265639	0.0	0.0	0.0	
log-spl3-percpmu.mapjitter.klw	log	spl3	percpmu	independent	mem	delta_pct	84.27883764212618	0.0	0.0	0.0	
log-spl3-percpmu.mapjitter.klw	log	spl3	percpmu	independent	mem	delta_pct	90.48850406563211	0.0	0.0	0.0	
log-spl3-percpmu.mapjitter.klw	log	spl3	percpmu	independent	mem	delta_pct	97.15569883397539	0.0	0.0	0.0	
log-spl3-percpmu.mapjitter.klw	log	spl3	percpmu	independent	mem	delta_pct	104.31413264464811	0.0	0.0	0.0	
log-spl3-percpmu.mapjitter.klw	log	spl3	percpmu	independent	mem	delta_pct	111.99999999999996	0.0	0.0	0.0	
log-spl3-percpmu.mapjitter.klw	log	spl3	percpmu	independent	mem	delta	6.999999999999999	0.0	0.0	0.0	0.0
log-spl3-percpmu.mapjitter.klw	log	spl3	percpmu	independent	mem	delta	7.515760138376834	0.0	0.0	0.0	0.0
log-spl3-percpmu.mapjitter.klw	log	spl3	percpmu	independent	mem	delta	8.069521493944878	0.0	0.0	0.0	0.0
log-spl3-percpmu.mapjitter.klw	log	spl3	percpmu	independent	mem	delta	8.664083997137997	0.0	0.0	0.0	0.0
log-spl3-percpmu.mapjitter.klw	log	spl3	percpmu	independent	mem	delta	9.302453877319767	0.0	0.0	0.0	0.0
log-spl3-percpmu.mapjitter.klw	log	spl3	percpmu	independent	mem	delta	9.987858862892702	0.0	0.0	0.0	0.0
log-spl3-percpmu.mapjitter.klw	log	spl3	percpmu	independent	mem	delta	10.723764501351818	0.0	0.0	0.0	0.0
log-spl3-percpmu.mapjitter.klw	log	spl3	percpmu	independent	mem	delta	11.513891681800072	0.0	0.0	0.0	0.0
log-spl3-percpmu.mapjitter.klw	log	spl3	percpmu	independent	mem	delta	12.36223544852308	0.0	0.0	0.0	0.0
log-spl3-percpmu.mapjitter.klw	log	spl3	percpmu	independent	mem	delta	13.273085200748401	0.0	0.0	0.0	0.0
log-spl3-percpmu.mapjitter.klw	log	spl3	percpmu	independent	mem	delta	14.25104638072347	0.0	0.0	0.0	0.0
log-spl3-percpmu.mapjitter.klw	log	spl3	percpmu	independent	mem	delta	15.301063759771553	0.0	0.0	0.0	0.0
log-spl3-percpmu.mapjitter.klw	log	spl3	percpmu	independent	mem	delta	16.428446440064768	0.0	0.0	0.0	0.0
log-spl3-percpmu.mapjitter.klw	log	spl3	percpmu	independent	mem	delta	17.638894698528226	0.0	0.0	0.0	0.0
log-spl3-percpmu.mapjitter.klw	log	spl3	percpmu	independent	mem	delta	18.93852880860355	0.0	0.0	0.0	0.0
log-spl3-percpmu.mapjitter.klw	log	spl3	percpmu	independent	mem	delta	20.33391998560055	0.0	0.0	0.0	0.0
log-spl3-percpmu.mapjitter.klw	log	spl3	percpmu	independent	mem	delta	21.832123612102944	0.0	0.0	0.0	0.0
log-spl3-percpmu.mapjitter.klw	log	spl3	percpmu	independent	mem	delta	23.440714911422706	0.0	0.0	0.0	0.0
log-spl3-percpmu.mapjitter.klw	log	spl3	percpmu	independent	mem	delta	25.16782724947517	0.0	0.0	0.0	0.0
log-spl3-percpmu.mapjitter.klw	log	spl3	percpmu	independent	mem	delta	27.0221932587371	0.0	0.0	0.0	0.0
log-spl3-percpmu.mapjitter.klw	log	spl3	percpmu	independent	mem	delta	29.01318899221878	0.0	0.0	0.0	0.0
log-spl3-percpmu.mapjitter.klw	log	spl3	percpmu	independent	mem	delta	31.150881330701633	0.0	0.0	0.0	0.0
log-spl3-percpmu.mapjitter.klw	log	spl3	percpmu	independent	mem	delta	33.44607888294205	0.0	0.0	0.0	0.0
log-spl3-percpmu.mapjitter.klw	log	spl3	percpmu	independent	mem	delta	35.910386636203285	0.0	0.0	0.0	0.0
log-spl3-percpmu.mapjitter.klw	log	spl3	percpmu	independent	mem	delta	38.55626463343953	0.0	0.0	0.0	0.0
log-spl3-percpmu.mapjitter.klw	log	spl3	percpmu	independent	mem	delta	41.397090973816184	0.0	0.0	0.0	0.0
log-spl3-percpmu.mapjitter.klw	log	spl3	percpmu	independent	mem	delta	44.44722945510957	0.0	0.0	0.0	0.0
log-spl3-percpmu.mapjitter.klw	log	spl3	percpmu	independent	mem	delta	47.722102200000165	0.0	0.0	0.0	0.0
log-spl3-percpmu.mapjitter.klw	log	spl3	percpmu	independent	mem	delta	51.23826763347237	0.0	0.0	0.0	0.0
log-spl3-percpmu.mapjitter.klw	log	spl3	percpmu	independent	mem	delta	55.01350420559078	0.0	0.0	0.0	0.0
log-spl3-percpmu.mapjitter.klw	log	spl3	percpmu	independent	mem	delta	59.0669002829722	0.0	0.0	0.0	0.0
log-spl3-percpmu.mapjitter.klw	log	spl3	percpmu	independent	mem	delta	63.4189506634631	0.0	0.0	0.0	0.0
log-spl3-percpmu.mapjitter.klw	log	spl3	percpmu	independent	mem	delta	68.0916602020204	0.0	0.0	0.0	0.0
log-spl3-percpmu.mapjitter.klw	log	spl3	percpmu	independent	mem	delta	73.10865507174931	0.0	0.0	0.0	0.0
log-spl3-percpmu.mapjitter.klw	log	spl3	percpmu	independent	mem	delta	78.49530222265639	0.0	0.0	0.0	0.0
log-spl3-percpmu.mapjitter.klw	log	spl3	percpmu	independent	mem	delta	84.27883764212618	0.0	0.0	0.0	0.0
log-spl3-percpmu.mapjitter.klw	log	spl3	percpmu	independent	mem	delta	90.48850406563211	0.0	0.0	0.0	0.0
log-spl3-percpmu.mapjitter.klw	log	spl3	percpmu	independent	mem	delta	97.15569883397539	0.0	0.0	0.0	0.0
log-spl3-percpmu.mapjitter.klw	log	spl3	percpmu	independent	mem	delta	104.31413264464811	0.0	0.0	0.0	0.0
log-spl3-percpmu.mapjitter.klw	log	spl3	percpmu	independent	mem	delta	111.99999999999996	0.0	0.0	0.0	0.0
log-spl4-percpmu.mapjitter.klw	log	spl4	percpmu	independent	perc	ips	6.999999999999999	0.13528136480330416	0.18826157036504043	0.24491180030111984	
log-spl4-percpmu.mapjitter.klw	log	spl4	percpmu	independent	perc	ips	7.515760138376834	0.14100379710948363	0.18858252337950626	0.23959977562306714	
log-spl4-percpmu.mapjitter.klw	log	spl4	percpmu	independent	perc	ips	8.069521493944878	0.14606310502517925	0.18890440611350257	0.2348417757114612	
log-spl4-percpmu.mapjitter.klw	log	spl4	percpmu	independent	perc	ips	8.664083997137997	0.15058905964064506	0.18926193738303548	0.23062836961652533	
log-spl4-percpmu.mapjitter.klw	log	spl4	percpmu	independent	perc	ips	9.302453877319767	0.15399475005131474	0.18958811342342718	0.22739343655004293	
log-spl4-percpmu.mapjitter.klw	log	spl4	percpmu	independent	perc	ips	9.987858862892702	0.15622735616439415	0.1899135922118827	0.22522893117032847	
log-spl4-percpmu.mapjitter.klw	log	spl4	percpmu	independent	perc	ips	10.723764501351818	0.15703329103369337	0.19013044709440696	0.22490933934363222	
log-spl4-percpmu.mapjitter.klw	log	spl4	percpmu	independent	perc	ips	11.513891681800072	0.1563835815679972	0.19039626079393326	0.22621537569988512	
log-spl4-percpmu.mapjitter.klw	log	spl4	percpmu	independent	perc	ips	12.36223544852308	0.15441617608649008	0.19061946817039777	0.229076211027685	
log-spl4-percpmu.mapjitter.klw	log	spl4	percpmu	independent	perc	ips	13.273085200748401	0.15142169728209803	0.190785399573424	0.2331609132167989	
log-spl4-percpmu.mapjitter.klw	log	spl4	percpmu	independent	perc	ips	14.25104638072347	0.15086669428555916	0.1921657608180498	0.23676852712463603	
log-spl4-percpmu.mapjitter.klw	log	spl4	percpmu	independent	perc	ips	15.301063759771553	0.1598909037928037	0.19704724498760814	0.23704607118452026	
log-spl4-percpmu.mapjitter.klw	log	spl4	percpmu	independent	perc	ips	16.428446440064768	0.16820140088004518	0.20188885861450506	0.23801233780223244	
log-spl4-percpmu.mapjitter.klw	log	spl4	percpmu	independent	perc	ips	17.638894698528226	0.17563268584270303	0.20675121836827434	0.23974005948573693	
log-spl4-percpmu.mapjitter.klw	log	spl4	percpmu	independent	perc	ips	18.93852880860355	0.18217837262360595	0.2115983285067879	0.2424578137170681	
log-spl4-percpmu.mapjitter.klw	log	spl4	percpmu	independent	perc	ips	20.33391998560055	0.18733069762198865	0.216364948215635	0.24657741338730563	
log-spl4-percpmu.mapjitter.klw	log	spl4	percpmu	independent	perc	ips	21.832123612102944	0.19124925980860175	0.22115263651784933	0.25197199499169715	
log-spl4-percpmu.mapjitter.klw	log	spl4	percpmu	independent	perc	ips	23.440714911422706	0.19402500511611273	0.22597411522946953	0.2587465842350554	
log-spl4-percpmu.mapjitter.klw	log	spl4	percpmu	independent	perc	ips	25.16782724947517	0.19581884112763404	0.2307668588126352	0.26677919107404097	
log-spl4-percpmu.mapjitter.klw	log	spl4	percpmu	independent	perc	ips	27.0221932587371	0.19678965795132106	0.23551978823405148	0.27548669837086287	
log-spl4-percpmu.mapjitter.klw	log	spl4	percpmu	independent	perc	ips	29.01318899221878	0.19955748112738753	0.23935917162869402	0.28049799345354337	
log-spl4-percpmu.mapjitter.klw	log	spl4	percpmu	independent	perc	ips	31.150881330701633	0.2043767753750534	0.24223512002295866	0.2817069636610037	
log-spl4-percpmu.mapjitter.klw	log	spl4	percpmu	independent	perc	ips	33.44607888294205	0.20886681175347604	0.2451598567122472	0.2831167363511565	
log-spl4-percpmu.mapjitter.klw	log	spl4	percpmu	independent	perc	ips	35.910386636203285	0.2131921392134262	0.24813848682088357	0.2847418331846439	
log-spl4-percpmu.mapjitter.klw	log	spl4	percpmu	independent	perc	ips	38.55626463343953	0.21716353246428738	0.25102336167325184	0.28679798569093573	
log-spl4-percpmu.mapjitter.klw	log	spl4	percpmu	independent	perc	ips	41.397090973816184	0.22096690389675192	0.25395388871720137	0.289075628502732	
log-spl4-percpmu.mapjitter.klw	log	spl4	percpmu	independent	perc	ips	44.44722945510957	0.22421216896338295	0.25693260677104646	0.29174674446190785	
log-spl4-percpmu.mapjitter.klw	log	spl4	percpmu	independent	perc	ips	47.722102200000165	0.22710252625334088	0.2598776828672562	0.294711829168051	
log-spl4-percpmu.mapjitter.klw	log	spl4	percpmu	independent	perc	ips	51.23826763347237	0.2296746821338746	0.2627746493552	0.2980547711859376	
log-spl4-percpmu.mapjitter.klw	log	spl4	percpmu	independent	perc	ips	55.01350420559078	0.231790034633797	0.2655843688432743	0.3017754295076181	
log-spl4-percpmu.mapjitter.klw	log	spl4	percpmu	independent	perc	ips	59.0669002829722	0.23375478765685426	0.2684947960979599	0.30585742378504066	
log-spl4-percpmu.mapjitter.klw	log	spl4	percpmu	independent	perc	ips	63.4189506634631	0.23532345920666284	0.27139450464838866	0.3102576499812989	
log-spl4-percpmu.mapjitter.klw	log	spl4	percpmu	independent	perc	ips	68.0916602020204	0.23668748120405658	0.27430845414826166	0.31492025553757796	
log-spl4-percpmu.mapjitter.klw	log	spl4	percpmu	independent	perc	ips	73.10865507174931	0.23780110689176537	0.27726505530759493	0.3198862204861561	
log-spl4-percpmu.mapjitter.klw	log	spl4	percpmu	independent	perc	ips	78.49530222265639	0.2386482989226011	0.2801832602147543	0.32504361664892895	
log-spl4-percpmu.mapjitter.klw	log	spl4	percpmu	independent	perc	ips	84.27883764212618	0.23928822049232645	0.28310090696599344	0.33029715052014796	
log-spl4-percpmu.mapjitter.klw	log	spl4	percpmu	independent	perc	ips	90.48850406563211	0.23992562388838573	0.2860800840813118	0.335616819979924	
log-spl4-percpmu.mapjitter.klw	log	spl4	percpmu	independent	perc	ips	97.15569883397539	0.2401730073222222	0.28904732616509277	0.34095284320769775	
log-spl4-percpmu.mapjitter.klw	log	spl4	percpmu	independent	perc	ips	104.31413264464811	0.24045261734909298	0.29194600470285526	0.3467096051616318	
log-spl4-percpmu.mapjitter.klw	log	spl4	percpmu	independent	perc	ips	111.99999999999996	0.24070608868086016	0.2948690230953405	0.35235591393953214	
log-spl4-percpmu.mapjitter.klw	log	spl4	percpmu	independent	perc	vertex	6.999999999999999	0.10661917227897784	0.15703514345654515	0.2161054499790494	
log-spl4-percpmu.mapjitter.klw	log	spl4	percpmu	independent	perc	vertex	7.515760138376834	0.11334625083672412	0.15822494851197982	0.21109195872685638	
log-spl4-percpmu.mapjitter.klw	log	spl4	percpmu	independent	perc	vertex	8.069521493944878	0.11924998917185382	0.15953854345688134	0.20661729878679572	
log-spl4-percpmu.mapjitter.klw	log	spl4	percpmu	independent	perc	vertex	8.664083997137997	0.12425172846260098	0.16078326985978592	0.20299669843300727	
log-spl4-percpmu.mapjitter.klw	log	spl4	percpmu	independent	perc	vertex	9.302453877319767	0.1281918170724666	0.16204921904202285	0.20028535661659713	
log-spl4-percpmu.mapjitter.klw	log	spl4	percpmu	independent	perc	vertex	9.987858862892702	0.13066729911524502	0.16324812777564093	0.1989084029000417	
log-spl4-percpmu.mapjitter.klw	log	spl4	percpmu	independent	perc	vertex	10.723764501351818	0.13205124441809654	0.16443512312281974	0.19931631111213616	
log-spl4-percpmu.mapjitter.klw	log	spl4	percpmu	independent	perc	vertex	11.513891681800072	0.13189700071918106	0.16549163701551528	0.2016279296541892	
log-spl4-percpmu.mapjitter.klw	log	spl4	percpmu	independent	perc	vertex	12.36223544852308	0.13025984121231948	0.16642856425023136	0.20544918668078185	
log-spl4-percpmu.mapjitter.klw	log	spl4	percpmu	independent	perc	vertex	13.273085200748401	0.12760079824143936	0.16736831531284474	0.2107538870182453	
log-spl4-percpmu.mapjitter.klw	log	spl4	percpmu	independent	perc	vertex	14.25104638072347	0.1272753635156787	0.16928777353686464	0.21523016642751808	
log-spl4-percpmu.mapjitter.klw	log	spl4	percpmu	independent	perc	vertex	15.301063759771553	0.13624576955328546	0.17392456114678462	0.2150987268874873	
log-spl4-percpmu.mapjitter.klw	log	spl4	percpmu	independent	perc	vertex	16.428446440064768	0.14461996024731025	0.17853655211190633	0.2153640027650837	
log-spl4-percpmu.mapjitter.klw	log	spl4	percpmu	independent	perc	vertex	17.638894698528226	0.15222264302245211	0.18313787605697845	0.21646456930686395	
log-spl4-percpmu.mapjitter.klw	log	spl4	percpmu	independent	perc	vertex	18.93852880860355	0.1586929783244982	0.18777644288548773	0.21910836682119103	
log-spl4-percpmu.mapjitter.klw	log	spl4	percpmu	independent	perc	vertex	20.33391998560055	0.16374673032430495	0.19237700538052838	0.22287418474364407	
log-spl4-percpmu.mapjitter.klw	log	spl4	percpmu	independent	perc	vertex	21.832123612102944	0.16758417356169011	0.19686764534616397	0.2282034309290945	
log-spl4-percpmu.mapjitter.klw	log	spl4	percpmu	independent	perc	vertex	23.440714911422706	0.17026239746250665	0.20142980118145018	0.234868534059115	
log-spl4-percpmu.mapjitter.klw	log	spl4	percpmu	independent	perc	vertex	25.16782724947517	0.1718268863292373	0.20598975411812784	0.24271276793739469	
log-spl4-percpmu.mapjitter.klw	log	spl4	percpmu	independent	perc	vertex	27.0221932587371	0.1725867989957665	0.21048795197178605	0.2511985988794348	
log-spl4-percpmu.mapjitter.klw	log	spl4	percpmu	independent	perc	vertex	29.01318899221878	0.1757010781908198	0.2146146525536924	0.2566090344637511	
log-spl4-percpmu.mapjitter.klw	log	spl4	percpmu	independent	perc	vertex	31.150881330701633	0.18141730001368528	0.21830684714461104	0.25849918390947785	
log-spl4-percpmu.mapjitter.klw	log	spl4	percpmu	independent	perc	vertex	33.44607888294205	0.18649023562414954	0.22198253028101136	0.2605107511588077	
log-spl4-percpmu.mapjitter.klw	log	spl4	percpmu	independent	perc	vertex	35.910386636203285	0.19133789471081322	0.22563011336506833	0.2629581542988837	
log-spl4-percpmu.mapjitter.klw	log	spl4	percpmu	independent	perc	vertex	38.55626463343953	0.19567508128791009	0.22929198700866404	0.26592643957394196	
log-spl4-percpmu.mapjitter.klw	log	spl4	percpmu	independent	perc	vertex	41.397090973816184	0.19955481179153858	0.232949454530958	0.2695008714078281	
log-spl4-percpmu.mapjitter.klw	log	spl4	percpmu	independent	perc	vertex	44.44722945510957	0.20292828750421288	0.23661731859717422	0.2737569236465394	
log-spl4-percpmu.mapjitter.klw	log	spl4	percpmu	independent	perc	vertex	47.722102200000165	0.205896514615097	0.24025191491328057	0.27858845462842813	
log-spl4-percpmu.mapjitter.klw	log	spl4	percpmu	independent	perc	vertex	51.23826763347237	0.2085567202157611	0.24379293225263593	0.28380013665381626	
log-spl4-percpmu.mapjitter.klw	log	spl4	percpmu	independent	perc	vertex	55.01350420559078	0.210722178039946	0.24740049915808254	0.28940446658487506	
log-spl4-percpmu.mapjitter.klw	log	spl4	percpmu	independent	perc	vertex	59.0669002829722	0.21258273687434384	0.25101752379830583	0.29532901841746634	
log-spl4-percpmu.mapjitter.klw	log	spl4	percpmu	independent	perc	vertex	63.4189506634631	0.2139795331436783	0.2546326052582702	0.30166391603554965	
log-spl4-percpmu.mapjitter.klw	log	spl4	percpmu	independent	perc	vertex	68.0916602020204	0.21505953092153704	0.2582345233816073	0.30839742751866606	
log-spl4-percpmu.mapjitter.klw	log	spl4	percpmu	independent	perc	vertex	73.10865507174931	0.21598105023917447	0.26190482534510484	0.31530283382925894	
log-spl4-percpmu.mapjitter.klw	log	spl4	percpmu	independent	perc	vertex	78.49530222265639	0.21685372857699406	0.2654381320548578	0.32216027058905655	
log-spl4-percpmu.mapjitter.klw	log	spl4	percpmu	independent	perc	vertex	84.27883764212618	0.2173386231104318	0.2690766856373244	0.3292747319736413	
log-spl4-percpmu.mapjitter.klw	log	spl4	percpmu	independent	perc	vertex	90.48850406563211	0.21773895422572415	0.2726687729285074	0.3366018271477115	
log-spl4-percpmu.mapjitter.klw	log	spl4	percpmu	independent	perc	vertex	97.15569883397539	0.21816619752954028	0.27630548672282074	0.34387789347801817	
log-spl4-percpmu.mapjitter.klw	log	spl4	percpmu	independent	perc	vertex	104.31413264464811	0.21837661701632038	0.2798893517319073	0.3513791253462819	
log-spl4-percpmu.mapjitter.klw	log	spl4	percpmu	independent	perc	vertex	111.99999999999996	0.2186417147928804	0.28346165966744424	0.3589331018349954	
log-spl4-percpmu.mapjitter.klw	log	spl4	percpmu	independent	mem	ips	6.999999999999999	0.04023971141398036	0.07768791531694973	0.12493683335656085	
log-spl4-percpmu.mapjitter.klw	log	spl4	percpmu	independent	mem	ips	7.515760138376834	0.05083199858309667	0.08446510910115819	0.12735237143926245	
log-spl4-percpmu.mapjitter.klw	log	spl4	percpmu	independent	mem	ips	8.069521493944878	0.06068351838056233	0.0913126726515523	0.1304975254428692	
log-spl4-percpmu.mapjitter.klw	log	spl4	percpmu	independent	mem	ips	8.664083997137997	0.06915018937484142	0.09818925423780694	0.1344750199452287	
log-spl4-percpmu.mapjitter.klw	log	spl4	percpmu	independent	mem	ips	9.302453877319767	0.07658123118575523	0.1050014386432463	0.14000776930857084	
log-spl4-percpmu.mapjitter.klw	log	spl4	percpmu	independent	mem	ips	9.987858862892702	0.08301831253964546	0.11178105675601509	0.14695670002550323	
log-spl4-percpmu.mapjitter.klw	log	spl4	percpmu	independent	mem	ips	10.723764501351818	0.08813681050633222	0.11853158057752014	0.15516113458608455	
log-spl4-percpmu.mapjitter.klw	log	spl4	percpmu	independent	mem	ips	11.513891681800072	0.09236147436904601	0.1251322178947834	0.16468132203778935	
log-spl4-percpmu.mapjitter.klw	log	spl4	percpmu	independent	mem	ips	12.36223544852308	0.09569820562165048	0.13178796509543847	0.17527819865726885	
log-spl4-percpmu.mapjitter.klw	log	spl4	percpmu	independent	mem	ips	13.273085200748401	0.09834988897267424	0.1384480270505117	0.18659037455931407	
log-spl4-percpmu.mapjitter.klw	log	spl4	percpmu	independent	mem	ips	14.25104638072347	0.09897581154121989	0.14128920594763533	0.19194787439654806	
log-spl4-percpmu.mapjitter.klw	log	spl4	percpmu	independent	mem	ips	15.301063759771553	0.09445112564521285	0.13264682705995406	0.1783460506257513	
log-spl4-percpmu.mapjitter.klw	log	spl4	percpmu	independent	mem	ips	16.428446440064768	0.0896566365489073	0.1239222150087232	0.16489625587212303	
log-spl4-percpmu.mapjitter.klw	log	spl4	percpmu	independent	mem	ips	17.638894698528226	0.08449973753821007	0.11523994993137004	0.15204750795864935	
log-spl4-percpmu.mapjitter.klw	log	spl4	percpmu	independent	mem	ips	18.93852880860355	0.07881451321502796	0.10648272406301504	0.13989159022512299	
log-spl4-percpmu.mapjitter.klw	log	spl4	percpmu	independent	mem	ips	20.33391998560055	0.07254465229739278	0.0976698120109197	0.12851298600334476	
log-spl4-percpmu.mapjitter.klw	log	spl4	percpmu	independent	mem	ips	21.832123612102944	0.06555252651331299	0.08887634156506391	0.11817935502424057	
log-spl4-percpmu.mapjitter.klw	log	spl4	percpmu	independent	mem	ips	23.440714911422706	0.05756200713146765	0.07994196868919953	0.10929721504947797	
log-spl4-percpmu.mapjitter.klw	log	spl4	percpmu	independent	mem	ips	25.16782724947517	0.04837198807064953	0.0709843451701613	0.10189858422109711	
log-spl4-percpmu.mapjitter.klw	log	spl4	percpmu	independent	mem	ips	27.0221932587371	0.03807454031191126	0.06201478289311767	0.09536042712128051	
log-spl4-percpmu.mapjitter.klw	log	spl4	percpmu	independent	mem	ips	29.01318899221878	0.033070395050217936	0.05740579405228563	0.09132049368594956	
log-spl4-percpmu.mapjitter.klw	log	spl4	percpmu	independent	mem	ips	31.150881330701633	0.03413342104944072	0.05704584342211472	0.08913618027537899	
log-spl4-percpmu.mapjitter.klw	log	spl4	percpmu	independent	mem	ips	33.44607888294205	0.03512085354178274	0.05669138412824444	0.08698206833122266	
log-spl4-percpmu.mapjitter.klw	log	spl4	percpmu	independent	mem	ips	35.910386636203285	0.03585870781714506	0.05634684269639657	0.08481266315006664	
log-spl4-percpmu.mapjitter.klw	log	spl4	percpmu	independent	mem	ips	38.55626463343953	0.03640561369950041	0.05599671807158389	0.08302612025444334	
log-spl4-percpmu.mapjitter.klw	log	spl4	percpmu	independent	mem	ips	41.397090973816184	0.036741064398769986	0.05563334393074443	0.0815209671203734	
log-spl4-percpmu.mapjitter.klw	log	spl4	percpmu	independent	mem	ips	44.44722945510957	0.036973099415087265	0.05527184422893951	0.08014020380049902	
log-spl4-percpmu.mapjitter.klw	log	spl4	percpmu	independent	mem	ips	47.722102200000165	0.036977161044186246	0.0549065829260407	0.07927089558398819	
log-spl4-percpmu.mapjitter.klw	log	spl4	percpmu	independent	mem	ips	51.23826763347237	0.036745393127886515	0.0545119245881576	0.07865801576611307	
log-spl4-percpmu.mapjitter.klw	log	spl4	percpmu	independent	mem	ips	55.01350420559078	0.03634504301725937	0.054033461873891575	0.07846436910003864	
log-spl4-percpmu.mapjitter.klw	log	spl4	percpmu	independent	mem	ips	59.0669002829722	0.03570049464658022	0.0535584757179021	0.07860415988952087	
log-spl4-percpmu.mapjitter.klw	log	spl4	percpmu	independent	mem	ips	63.4189506634631	0.0348399368744586	0.05306973362277359	0.07918056549664042	
log-spl4-percpmu.mapjitter.klw	log	spl4	percpmu	independent	mem	ips	68.0916602020204	0.033765993998186805	0.05255263901563649	0.07992188721240426	
log-spl4-percpmu.mapjitter.klw	log	spl4	percpmu	independent	mem	ips	73.10865507174931	0.03252488273991708	0.05205242913818074	0.080938283037304	
log-spl4-percpmu.mapjitter.klw	log	spl4	percpmu	independent	mem	ips	78.49530222265639	0.03114278091561779	0.051541507666920214	0.08223750473428038	
log-spl4-percpmu.mapjitter.klw	log	spl4	percpmu	independent	mem	ips	84.27883764212618	0.029537133057687712	0.05104294403327454	0.08344161838556471	
log-spl4-percpmu.mapjitter.klw	log	spl4	percpmu	independent	mem	ips	90.48850406563211	0.027787082476016203	0.05056343034236478	0.08496902928766555	
log-spl4-percpmu.mapjitter.klw	log	spl4	percpmu	independent	mem	ips	97.15569883397539	0.025836448780820698	0.050051554698193716	0.08654376592631695	
log-spl4-percpmu.mapjitter.klw	log	spl4	percpmu	independent	mem	ips	104.31413264464811	0.023805675410799955	0.049545941504920046	0.0880995775726996	
log-spl4-percpmu.mapjitter.klw	log	spl4	percpmu	independent	mem	ips	111.99999999999996	0.021712732494891224	0.04909610239319881	0.08986002842112738	
log-spl4-percpmu.mapjitter.klw	log	spl4	percpmu	independent	mem	vertex	6.999999999999999	0.04023971141398036	0.07768791531694973	0.12493683335656085	
log-spl4-percpmu.mapjitter.klw	log	spl4	percpmu	independent	mem	vertex	7.515760138376834	0.05083199858309667	0.08446510910115819	0.12735237143926245	
log-spl4-percpmu.mapjitter.klw	log	spl4	percpmu	independent	mem	vertex	8.069521493944878	0.06068351838056233	0.0913126726515523	0.1304975254428692	
log-spl4-percpmu.mapjitter.klw	log	spl4	percpmu	independent	mem	vertex	8.664083997137997	0.06915018937484142	0.09818925423780694	0.1344750199452287	
log-spl4-percpmu.mapjitter.klw	log	spl4	percpmu	independent	mem	vertex	9.302453877319767	0.07658123118575523	0.1050014386432463	0.14000776930857084	
log-spl4-percpmu.mapjitter.klw	log	spl4	percpmu	independent	mem	vertex	9.987858862892702	0.08301831253964546	0.11178105675601509	0.14695670002550323	
log-spl4-percpmu.mapjitter.klw	log	spl4	percpmu	independent	mem	vertex	10.723764501351818	0.08813681050633222	0.11853158057752014	0.15516113458608455	
log-spl4-percpmu.mapjitter.klw	log	spl4	percpmu	independent	mem	vertex	11.513891681800072	0.09236147436904601	0.1251322178947834	0.16468132203778935	
log-spl4-percpmu.mapjitter.klw	log	spl4	percpmu	independent	mem	vertex	12.36223544852308	0.09569820562165048	0.13178796509543847	0.17527819865726885	
log-spl4-percpmu.mapjitter.klw	log	spl4	percpmu	independent	mem	vertex	13.273085200748401	0.09834988897267424	0.1384480270505117	0.18659037455931407	
log-spl4-percpmu.mapjitter.klw	log	spl4	percpmu	independent	mem	vertex	14.25104638072347	0.09897581154121989	0.14128920594763533	0.19194787439654806	
log-spl4-percpmu.mapjitter.klw	log	spl4	percpmu	independent	mem	vertex	15.301063759771553	0.09445112564521285	0.13264682705995406	0.1783460506257513	
log-spl4-percpmu.mapjitter.klw	log	spl4	percpmu	independent	mem	vertex	16.428446440064768	0.0896566365489073	0.1239222150087232	0.16489625587212303	
log-spl4-percpmu.mapjitter.klw	log	spl4	percpmu	independent	mem	vertex	17.638894698528226	0.08449973753821007	0.11523994993137004	0.15204750795864935	
log-spl4-percpmu.mapjitter.klw	log	spl4	percpmu	independent	mem	vertex	18.93852880860355	0.07881451321502796	0.10648272406301504	0.13989159022512299	
log-spl4-percpmu.mapjitter.klw	log	spl4	percpmu	independent	mem	vertex	20.33391998560055	0.07254465229739278	0.0976698120109197	0.12851298600334476	
log-spl4-percpmu.mapjitter.klw	log	spl4	percpmu	independent	mem	vertex	21.832123612102944	0.06555252651331299	0.08887634156506391	0.11817935502424057	
log-spl4-percpmu.mapjitter.klw	log	spl4	percpmu	independent	mem	vertex	23.440714911422706	0.05756200713146765	0.07994196868919953	0.10929721504947797	
log-spl4-percpmu.mapjitter.klw	log	spl4	percpmu	independent	mem	vertex	25.16782724947517	0.04837198807064953	0.0709843451701613	0.10189858422109711	
log-spl4-percpmu.mapjitter.klw	log	spl4	percpmu	independent	mem	vertex	27.0221932587371	0.03807454031191126	0.06201478289311767	0.09536042712128051	
log-spl4-percpmu.mapjitter.klw	log	spl4	percpmu	independent	mem	vertex	29.01318899221878	0.033070395050217936	0.05740579405228563	0.09132049368594956	
log-spl4-percpmu.mapjitter.klw	log	spl4	percpmu	independent	mem	vertex	31.150881330701633	0.03413342104944072	0.05704584342211472	0.08913618027537899	
log-spl4-percpmu.mapjitter.klw	log	spl4	percpmu	independent	mem	vertex	33.44607888294205	0.03512085354178274	0.05669138412824444	0.08698206833122266	
log-spl4-percpmu.mapjitter.klw	log	spl4	percpmu	independent	mem	vertex	35.910386636203285	0.03585870781714506	0.05634684269639657	0.08481266315006664	
log-spl4-percpmu.mapjitter.klw	log	spl4	percpmu	independent	mem	vertex	38.55626463343953	0.03640561369950041	0.05599671807158389	0.08302612025444334	
log-spl4-percpmu.mapjitter.klw	log	spl4	percpmu	independent	mem	vertex	41.397090973816184	0.036741064398769986	0.05563334393074443	0.0815209671203734	
log-spl4-percpmu.mapjitter.klw	log	spl4	percpmu	independent	mem	vertex	44.44722945510957	0.036973099415087265	0.05527184422893951	0.08014020380049902	
log-spl4-percpmu.mapjitter.klw	log	spl4	percpmu	independent	mem	vertex	47.722102200000165	0.036977161044186246	0.0549065829260407	0.07927089558398819	
log-spl4-percpmu.mapjitter.klw	log	spl4	percpmu	independent	mem	vertex	51.23826763347237	0.036745393127886515	0.0545119245881576	0.07865801576611307	
log-spl4-percpmu.mapjitter.klw	log	spl4	percpmu	independent	mem	vertex	55.01350420559078	0.03634504301725937	0.054033461873891575	0.07846436910003864	
log-spl4-percpmu.mapjitter.klw	log	spl4	percpmu	independent	mem	vertex	59.0669002829722	0.03570049464658022	0.0535584757179021	0.07860415988952087	
log-spl4-percpmu.mapjitter.klw	log	spl4	percpmu	independent	mem	vertex	63.4189506634631	0.0348399368744586	0.05306973362277359	0.07918056549664042	
log-spl4-percpmu.mapjitter.klw	log	spl4	percpmu	independent	mem	vertex	68.0916602020204	0.033765993998186805	0.05255263901563649	0.07992188721240426	
log-spl4-percpmu.mapjitter.klw	log	spl4	percpmu	independent	mem	vertex	73.10865507174931	0.03252488273991708	0.05205242913818074	0.080938283037304	
log-spl4-percpmu.mapjitter.klw	log	spl4	percpmu	independent	mem	vertex	78.49530222265639	0.03114278091561779	0.051541507666920214	0.08223750473428038	
log-spl4-percpmu.mapjitter.klw	log	spl4	percpmu	independent	mem	vertex	84.27883764212618	0.029537133057687712	0.05104294403327454	0.08344161838556471	
log-spl4-percpmu.mapjitter.klw	log	spl4	percpmu	independent	mem	vertex	90.48850406563211	0.027787082476016203	0.05056343034236478	0.08496902928766555	
log-spl4-percpmu.mapjitter.klw	log	spl4	percpmu	independent	mem	vertex	97.15569883397539	0.025836448780820698	0.050051554698193716	0.08654376592631695	
log-spl4-percpmu.mapjitter.klw	log	spl4	percpmu	independent	mem	vertex	104.31413264464811	0.023805675410799955	0.049545941504920046	0.0880995775726996	
log-spl4-percpmu.mapjitter.klw	log	spl4	percpmu	independent	mem	vertex	111.99999999999996	0.021712732494891224	0.04909610239319881	0.08986002842112738	
log-spl4-percpmu.mapjitter.klw	log	spl4	percpmu	independent	perc	delta_pct	6.999999999999999	-7.955160650506169	19.57741118901545	57.44902882773832	
log-spl4-percpmu.mapjitter.klw	log	spl4	percpmu	independent	perc	delta_pct	7.515760138376834	-5.8603417682979275	18.890777943104975	51.47917594154358	
log-spl4-percpmu.mapjitter.klw	log	spl4	percpmu	independent	perc	delta_pct	8.069521493944878	-4.1415686564148855	18.18891483218735	46.69844941961716	
log-spl4-percpmu.mapjitter.klw	log	spl4	percpmu	independent	perc	delta_pct	8.664083997137997	-2.7850953669280067	17.492236059951473	42.89175967529221	
log-spl4-percpmu.mapjitter.klw	log	spl4	percpmu	independent	perc	delta_pct	9.302453877319767	-1.9851337671154876	16.81243163600297	40.28325452627944	
log-spl4-percpmu.mapjitter.klw	log	spl4	percpmu	independent	perc	delta_pct	9.987858862892702	-1.8586269466142018	16.17275133726961	38.918200675691395	
log-spl4-percpmu.mapjitter.klw	log	spl4	percpmu	independent	perc	delta_pct	10.723764501351818	-2.6356407014816434	15.590393301452366	38.79197904720726	
log-spl4-percpmu.mapjitter.klw	log	spl4	percpmu	independent	perc	delta_pct	11.513891681800072	-4.054394069770277	14.969059172872267	39.65490721335197	
log-spl4-percpmu.mapjitter.klw	log	spl4	percpmu	independent	perc	delta_pct	12.36223544852308	-6.101245096199163	14.437412122508375	41.638061179801184	
log-spl4-percpmu.mapjitter.klw	log	spl4	percpmu	independent	perc	delta_pct	13.273085200748401	-8.492428907135503	13.875404637381028	44.20415708021545	
log-spl4-percpmu.mapjitter.klw	log	spl4	percpmu	independent	perc	delta_pct	14.25104638072347	-9.879221658993638	13.404938950689193	45.3454364500626	
log-spl4-percpmu.mapjitter.klw	log	spl4	percpmu	independent	perc	delta_pct	15.301063759771553	-7.457622113764674	13.208688715336681	40.19663147992788	
log-spl4-percpmu.mapjitter.klw	log	spl4	percpmu	independent	perc	delta_pct	16.428446440064768	-5.37564155676129	13.026472519664644	36.10654388580904	
log-spl4-percpmu.mapjitter.klw	log	spl4	percpmu	independent	perc	delta_pct	17.638894698528226	-3.541914490928451	12.842721837370352	32.86749513089063	
log-spl4-percpmu.mapjitter.klw	log	spl4	percpmu	independent	perc	delta_pct	18.93852880860355	-2.294889472240791	12.637231192010546	30.388466852152835	
log-spl4-percpmu.mapjitter.klw	log	spl4	percpmu	independent	perc	delta_pct	20.33391998560055	-1.6699959329566239	12.467526728122568	28.942618093657963	
log-spl4-percpmu.mapjitter.klw	log	spl4	percpmu	independent	perc	delta_pct	21.832123612102944	-1.6208554046635466	12.298280951733375	28.377026537799775	
log-spl4-percpmu.mapjitter.klw	log	spl4	percpmu	independent	perc	delta_pct	23.440714911422706	-2.160810770251147	12.139885793311013	28.78805393470145	
log-spl4-percpmu.mapjitter.klw	log	spl4	percpmu	independent	perc	delta_pct	25.16782724947517	-3.1889885709843733	12.005302052397893	29.75767778625328	
log-spl4-percpmu.mapjitter.klw	log	spl4	percpmu	independent	perc	delta_pct	27.0221932587371	-4.499229064325686	11.867381946469457	31.25219239650766	
log-spl4-percpmu.mapjitter.klw	log	spl4	percpmu	independent	perc	delta_pct	29.01318899221878	-5.037646229697377	11.503562751948781	31.079376423892594	
log-spl4-percpmu.mapjitter.klw	log	spl4	percpmu	independent	perc	delta_pct	31.150881330701633	-4.667663602390544	11.000680008864306	29.23039424260397	
log-spl4-percpmu.mapjitter.klw	log	spl4	percpmu	independent	perc	delta_pct	33.44607888294205	-4.482992665784947	10.456110496481452	27.66949629557694	
log-spl4-percpmu.mapjitter.klw	log	spl4	percpmu	independent	perc	delta_pct	35.910386636203285	-4.429673092890975	9.954348757244713	26.41161036748379	
log-spl4-percpmu.mapjitter.klw	log	spl4	percpmu	independent	perc	delta_pct	38.55626463343953	-4.5127341061684305	9.47717056749715	25.40320703684501	
log-spl4-percpmu.mapjitter.klw	log	spl4	percpmu	independent	perc	delta_pct	41.397090973816184	-4.75270205406233	9.011673508460806	24.62523520414014	
log-spl4-percpmu.mapjitter.klw	log	spl4	percpmu	independent	perc	delta_pct	44.44722945510957	-5.116541517225619	8.580025751294551	24.217196134997536	
log-spl4-percpmu.mapjitter.klw	log	spl4	percpmu	independent	perc	delta_pct	47.722102200000165	-5.633475189565033	8.134051487114746	23.843008811047437	
log-spl4-percpmu.mapjitter.klw	log	spl4	percpmu	independent	perc	delta_pct	51.23826763347237	-6.2942610035936255	7.731933189588791	23.70119442238167	
log-spl4-percpmu.mapjitter.klw	log	spl4	percpmu	independent	perc	delta_pct	55.01350420559078	-7.037905100674303	7.314020866912241	23.758994272410963	
log-spl4-percpmu.mapjitter.klw	log	spl4	percpmu	independent	perc	delta_pct	59.0669002829722	-7.826136314973327	6.944683001376683	23.92777642455388	
log-spl4-percpmu.mapjitter.klw	log	spl4	percpmu	independent	perc	delta_pct	63.4189506634631	-8.599458136303904	6.578175888701232	24.159118095592383	
log-spl4-percpmu.mapjitter.klw	log	spl4	percpmu	independent	perc	delta_pct	68.0916602020204	-9.414884201591782	6.21752001019642	24.54238028401331	
log-spl4-percpmu.mapjitter.klw	log	spl4	percpmu	independent	perc	delta_pct	73.10865507174931	-10.343484092079414	5.848020767913109	24.95685945790117	
log-spl4-percpmu.mapjitter.klw	log	spl4	percpmu	independent	perc	delta_pct	78.49530222265639	-11.242499467776783	5.474039319143332	25.4955878353184	
log-spl4-percpmu.mapjitter.klw	log	spl4	percpmu	independent	perc	delta_pct	84.27883764212618	-12.091615300252885	5.120591365047689	26.086536653988016	
log-spl4-percpmu.mapjitter.klw	log	spl4	percpmu	independent	perc	delta_pct	90.48850406563211	-12.974470557592923	4.794284323406039	26.73203063405228	
log-spl4-percpmu.mapjitter.klw	log	spl4	percpmu	independent	perc	delta_pct	97.15569883397539	-13.906767921702967	4.467577918547361	27.415302159159996	
log-spl4-percpmu.mapjitter.klw	log	spl4	percpmu	independent	perc	delta_pct	104.31413264464811	-14.773024474045458	4.154011144870706	28.08040038519805	
log-spl4-percpmu.mapjitter.klw	log	spl4	percpmu	independent	perc	delta_pct	111.99999999999996	-15.634254022610667	3.8445793747603374	28.904664450751362	
log-spl4-percpmu.mapjitter.klw	log	spl4	percpmu	independent	perc	delta	6.999999999999999	-0.01486802850490692	0.030407969214226227	0.07568111855381622	0.9109305555555556
log-spl4-percpmu.mapjitter.klw	log	spl4	percpmu	independent	perc	delta	7.515760138376834	-0.010869050175334087	0.029592625200385886	0.07018217281347593	0.927875
log-spl4-percpmu.mapjitter.klw	log	spl4	percpmu	independent	perc	delta	8.069521493944878	-0.007592383200095321	0.028791379294345554	0.0655083553287915	0.941875
log-spl4-percpmu.mapjitter.klw	log	spl4	percpmu	independent	perc	delta	8.664083997137997	-0.004994711845751471	0.027934440044755954	0.06168448524957645	0.9524861111111111
log-spl4-percpmu.mapjitter.klw	log	spl4	percpmu	independent	perc	delta	9.302453877319767	-0.0035942140639846935	0.027118554356707056	0.058704486666283286	0.9586944444444444
log-spl4-percpmu.mapjitter.klw	log	spl4	percpmu	independent	perc	delta	9.987858862892702	-0.003405298888690886	0.02634853300869823	0.05722241378221138	0.9590833333333333
log-spl4-percpmu.mapjitter.klw	log	spl4	percpmu	independent	perc	delta	10.723764501351818	-0.004714484831890335	0.025550723626035055	0.056983232020785604	0.9510972222222223
log-spl4-percpmu.mapjitter.klw	log	spl4	percpmu	independent	perc	delta	11.513891681800072	-0.007449700723854774	0.024725022167615796	0.058292937122809765	0.9342083333333333
log-spl4-percpmu.mapjitter.klw	log	spl4	percpmu	independent	perc	delta	12.36223544852308	-0.01143456337637912	0.023957097386472212	0.06075770331067629	0.9076388888888889
log-spl4-percpmu.mapjitter.klw	log	spl4	percpmu	independent	perc	delta	13.273085200748401	-0.016297736151920345	0.023152007179334883	0.06403574730469715	0.8744444444444445
log-spl4-percpmu.mapjitter.klw	log	spl4	percpmu	independent	perc	delta	14.25104638072347	-0.019195448043543027	0.022623280469007745	0.06578818951208906	0.8558194444444445
log-spl4-percpmu.mapjitter.klw	log	spl4	percpmu	independent	perc	delta	15.301063759771553	-0.014643990083084217	0.02290138062878347	0.061549896953996486	0.8853472222222222
log-spl4-percpmu.mapjitter.klw	log	spl4	percpmu	independent	perc	delta	16.428446440064768	-0.01064548885858328	0.023222385121176317	0.05780360168872217	0.9116666666666666
log-spl4-percpmu.mapjitter.klw	log	spl4	percpmu	independent	perc	delta	17.638894698528226	-0.007084776589508817	0.023491103569457647	0.0545453605675891	0.9335277777777777
log-spl4-percpmu.mapjitter.klw	log	spl4	percpmu	independent	perc	delta	18.93852880860355	-0.004683698115303278	0.02369512895276471	0.05230439497763467	0.94925
log-spl4-percpmu.mapjitter.klw	log	spl4	percpmu	independent	perc	delta	20.33391998560055	-0.0034934021946960163	0.023899404048428843	0.051276650274952436	0.9576527777777778
log-spl4-percpmu.mapjitter.klw	log	spl4	percpmu	independent	perc	delta	21.832123612102944	-0.003426113275460933	0.024153827084406526	0.05158008225459937	0.9577638888888889
log-spl4-percpmu.mapjitter.klw	log	spl4	percpmu	independent	perc	delta	23.440714911422706	-0.004742900888372896	0.024321487822077492	0.053378552453811824	0.9518055555555556
log-spl4-percpmu.mapjitter.klw	log	spl4	percpmu	independent	perc	delta	25.16782724947517	-0.007171381358580054	0.02463457035466654	0.056069099299459295	0.9390833333333334
log-spl4-percpmu.mapjitter.klw	log	spl4	percpmu	independent	perc	delta	27.0221932587371	-0.0103434215719678	0.024864681150898335	0.059646693936934385	0.92075
log-spl4-percpmu.mapjitter.klw	log	spl4	percpmu	independent	perc	delta	29.01318899221878	-0.011851348584977129	0.024615373931127477	0.060535331370449676	0.9115833333333333
log-spl4-percpmu.mapjitter.klw	log	spl4	percpmu	independent	perc	delta	31.150881330701633	-0.01116506067745445	0.02386875644328855	0.05833104669730205	0.9137916666666667
log-spl4-percpmu.mapjitter.klw	log	spl4	percpmu	independent	perc	delta	33.44607888294205	-0.01080607298808778	0.023102820880244318	0.056649196253597385	0.9136111111111112
log-spl4-percpmu.mapjitter.klw	log	spl4	percpmu	independent	perc	delta	35.910386636203285	-0.010826471425355663	0.022380237232356853	0.05517043254762586	0.9110277777777778
log-spl4-percpmu.mapjitter.klw	log	spl4	percpmu	independent	perc	delta	38.55626463343953	-0.011184877955492799	0.021637642683765557	0.05409147310319681	0.9055972222222223
log-spl4-percpmu.mapjitter.klw	log	spl4	percpmu	independent	perc	delta	41.397090973816184	-0.011966547340279991	0.02093154508842246	0.05339731029753083	0.8972777777777777
log-spl4-percpmu.mapjitter.klw	log	spl4	percpmu	independent	perc	delta	44.44722945510957	-0.013225496709418503	0.020239518352069316	0.05294351713852552	0.8857916666666666
log-spl4-percpmu.mapjitter.klw	log	spl4	percpmu	independent	perc	delta	47.722102200000165	-0.014855858529875213	0.019505987380613224	0.052938430315226104	0.8714027777777777
log-spl4-percpmu.mapjitter.klw	log	spl4	percpmu	independent	perc	delta	51.23826763347237	-0.016873404695727588	0.018815819392651617	0.05316823968324886	0.8550833333333333
log-spl4-percpmu.mapjitter.klw	log	spl4	percpmu	independent	perc	delta	55.01350420559078	-0.01925459985497954	0.018057450562564775	0.053757351752158136	0.8365277777777778
log-spl4-percpmu.mapjitter.klw	log	spl4	percpmu	independent	perc	delta	59.0669002829722	-0.021831982406903705	0.017432101876726655	0.05451825212215252	0.8152916666666666
log-spl4-percpmu.mapjitter.klw	log	spl4	percpmu	independent	perc	delta	63.4189506634631	-0.02457464692264108	0.01671795568332289	0.05568938489767052	0.7945
log-spl4-percpmu.mapjitter.klw	log	spl4	percpmu	independent	perc	delta	68.0916602020204	-0.027581784715187782	0.016018631488862595	0.05685652201422773	0.7736805555555556
log-spl4-percpmu.mapjitter.klw	log	spl4	percpmu	independent	perc	delta	73.10865507174931	-0.03069144980825625	0.015273669077557367	0.05828737929535438	0.7530416666666667
log-spl4-percpmu.mapjitter.klw	log	spl4	percpmu	independent	perc	delta	78.49530222265639	-0.03403210962565874	0.014534465845882721	0.060015549320531714	0.73225
log-spl4-percpmu.mapjitter.klw	log	spl4	percpmu	independent	perc	delta	84.27883764212618	-0.03742666767100882	0.013772954824630868	0.06172072443394498	0.7114861111111112
log-spl4-percpmu.mapjitter.klw	log	spl4	percpmu	independent	perc	delta	90.48850406563211	-0.040966828360236955	0.013031671651836219	0.06356183706350994	0.6925416666666667
log-spl4-percpmu.mapjitter.klw	log	spl4	percpmu	independent	perc	delta	97.15569883397539	-0.04467195083781589	0.012336565309462325	0.06552652857352848	0.675125
log-spl4-percpmu.mapjitter.klw	log	spl4	percpmu	independent	perc	delta	104.31413264464811	-0.04847587964919931	0.011614720303887327	0.06759307795709621	0.65825
log-spl4-percpmu.mapjitter.klw	log	spl4	percpmu	independent	perc	delta	111.99999999999996	-0.052256840775973666	0.01089267016355494	0.06947472424332897	0.6414305555555555
log-spl4-percpmu.mapjitter.klw	log	spl4	percpmu	independent	mem	delta_pct	6.999999999999999	0.0	0.0	0.0	
log-spl4-percpmu.mapjitter.klw	log	spl4	percpmu	independent	mem	delta_pct	7.515760138376834	0.0	0.0	0.0	
log-spl4-percpmu.mapjitter.klw	log	spl4	percpmu	independent	mem	delta_pct	8.069521493944878	0.0	0.0	0.0	
log-spl4-percpmu.mapjitter.klw	log	spl4	percpmu	independent	mem	delta_pct	8.664083997137997	0.0	0.0	0.0	
log-spl4-percpmu.mapjitter.klw	log	spl4	percpmu	independent	mem	delta_pct	9.302453877319767	0.0	0.0	0.0	
log-spl4-percpmu.mapjitter.klw	log	spl4	percpmu	independent	mem	delta_pct	9.987858862892702	0.0	0.0	0.0	
log-spl4-percpmu.mapjitter.klw	log	spl4	percpmu	independent	mem	delta_pct	10.723764501351818	0.0	0.0	0.0	
log-spl4-percpmu.mapjitter.klw	log	spl4	percpmu	independent	mem	delta_pct	11.513891681800072	0.0	0.0	0.0	
log-spl4-percpmu.mapjitter.klw	log	spl4	percpmu	independent	mem	delta_pct	12.36223544852308	0.0	0.0	0.0	
log-spl4-percpmu.mapjitter.klw	log	spl4	percpmu	independent	mem	delta_pct	13.273085200748401	0.0	0.0	0.0	
log-spl4-percpmu.mapjitter.klw	log	spl4	percpmu	independent	mem	delta_pct	14.25104638072347	0.0	0.0	0.0	
log-spl4-percpmu.mapjitter.klw	log	spl4	percpmu	independent	mem	delta_pct	15.301063759771553	0.0	0.0	0.0	
log-spl4-percpmu.mapjitter.klw	log	spl4	percpmu	independent	mem	delta_pct	16.428446440064768	0.0	0.0	0.0	
log-spl4-percpmu.mapjitter.klw	log	spl4	percpmu	independent	mem	delta_pct	17.638894698528226	0.0	0.0	0.0	
log-spl4-percpmu.mapjitter.klw	log	spl4	percpmu	independent	mem	delta_pct	18.93852880860355	0.0	0.0	0.0	
log-spl4-percpmu.mapjitter.klw	log	spl4	percpmu	independent	mem	delta_pct	20.33391998560055	0.0	0.0	0.0	
log-spl4-percpmu.mapjitter.klw	log	spl4	percpmu	independent	mem	delta_pct	21.832123612102944	0.0	0.0	0.0	
log-spl4-percpmu.mapjitter.klw	log	spl4	percpmu	independent	mem	delta_pct	23.440714911422706	0.0	0.0	0.0	
log-spl4-percpmu.mapjitter.klw	log	spl4	percpmu	independent	mem	delta_pct	25.16782724947517	0.0	0.0	0.0	
log-spl4-percpmu.mapjitter.klw	log	spl4	percpmu	independent	mem	delta_pct	27.0221932587371	0.0	0.0	0.0	
log-spl4-percpmu.mapjitter.klw	log	spl4	percpmu	independent	mem	delta_pct	29.01318899221878	0.0	0.0	0.0	
log-spl4-percpmu.mapjitter.klw	log	spl4	percpmu	independent	mem	delta_pct	31.150881330701633	0.0	0.0	0.0	
log-spl4-percpmu.mapjitter.klw	log	spl4	percpmu	independent	mem	delta_pct	33.44607888294205	0.0	0.0	0.0	
log-spl4-percpmu.mapjitter.klw	log	spl4	percpmu	independent	mem	delta_pct	35.910386636203285	0.0	0.0	0.0	
log-spl4-percpmu.mapjitter.klw	log	spl4	percpmu	independent	mem	delta_pct	38.55626463343953	0.0	0.0	0.0	
log-spl4-percpmu.mapjitter.klw	log	spl4	percpmu	independent	mem	delta_pct	41.397090973816184	0.0	0.0	0.0	
log-spl4-percpmu.mapjitter.klw	log	spl4	percpmu	independent	mem	delta_pct	44.44722945510957	0.0	0.0	0.0	
log-spl4-percpmu.mapjitter.klw	log	spl4	percpmu	independent	mem	delta_pct	47.722102200000165	0.0	0.0	0.0	
log-spl4-percpmu.mapjitter.klw	log	spl4	percpmu	independent	mem	delta_pct	51.23826763347237	0.0	0.0	0.0	
log-spl4-percpmu.mapjitter.klw	log	spl4	percpmu	independent	mem	delta_pct	55.01350420559078	0.0	0.0	0.0	
log-spl4-percpmu.mapjitter.klw	log	spl4	percpmu	independent	mem	delta_pct	59.0669002829722	0.0	0.0	0.0	
log-spl4-percpmu.mapjitter.klw	log	spl4	percpmu	independent	mem	delta_pct	63.4189506634631	0.0	0.0	0.0	
log-spl4-percpmu.mapjitter.klw	log	spl4	percpmu	independent	mem	delta_pct	68.0916602020204	0.0	0.0	0.0	
log-spl4-percpmu.mapjitter.klw	log	spl4	percpmu	independent	mem	delta_pct	73.10865507174931	0.0	0.0	0.0	
log-spl4-percpmu.mapjitter.klw	log	spl4	percpmu	independent	mem	delta_pct	78.49530222265639	0.0	0.0	0.0	
log-spl4-percpmu.mapjitter.klw	log	spl4	percpmu	independent	mem	delta_pct	84.27883764212618	0.0	0.0	0.0	
log-spl4-percpmu.mapjitter.klw	log	spl4	percpmu	independent	mem	delta_pct	90.48850406563211	0.0	0.0	0.0	
log-spl4-percpmu.mapjitter.klw	log	spl4	percpmu	independent	mem	delta_pct	97.15569883397539	0.0	0.0	0.0	
log-spl4-percpmu.mapjitter.klw	log	spl4	percpmu	independent	mem	delta_pct	104.31413264464811	0.0	0.0	0.0	
log-spl4-percpmu.mapjitter.klw	log	spl4	percpmu	independent	mem	delta_pct	111.99999999999996	0.0	0.0	0.0	
log-spl4-percpmu.mapjitter.klw	log	spl4	percpmu	independent	mem	delta	6.999999999999999	0.0	0.0	0.0	0.0
log-spl4-percpmu.mapjitter.klw	log	spl4	percpmu	independent	mem	delta	7.515760138376834	0.0	0.0	0.0	0.0
log-spl4-percpmu.mapjitter.klw	log	spl4	percpmu	independent	mem	delta	8.069521493944878	0.0	0.0	0.0	0.0
log-spl4-percpmu.mapjitter.klw	log	spl4	percpmu	independent	mem	delta	8.664083997137997	0.0	0.0	0.0	0.0
log-spl4-percpmu.mapjitter.klw	log	spl4	percpmu	independent	mem	delta	9.302453877319767	0.0	0.0	0.0	0.0
log-spl4-percpmu.mapjitter.klw	log	spl4	percpmu	independent	mem	delta	9.987858862892702	0.0	0.0	0.0	0.0
log-spl4-percpmu.mapjitter.klw	log	spl4	percpmu	independent	mem	delta	10.723764501351818	0.0	0.0	0.0	0.0
log-spl4-percpmu.mapjitter.klw	log	spl4	percpmu	independent	mem	delta	11.513891681800072	0.0	0.0	0.0	0.0
log-spl4-percpmu.mapjitter.klw	log	spl4	percpmu	independent	mem	delta	12.36223544852308	0.0	0.0	0.0	0.0
log-spl4-percpmu.mapjitter.klw	log	spl4	percpmu	independent	mem	delta	13.273085200748401	0.0	0.0	0.0	0.0
log-spl4-percpmu.mapjitter.klw	log	spl4	percpmu	independent	mem	delta	14.25104638072347	0.0	0.0	0.0	0.0
log-spl4-percpmu.mapjitter.klw	log	spl4	percpmu	independent	mem	delta	15.301063759771553	0.0	0.0	0.0	0.0
log-spl4-percpmu.mapjitter.klw	log	spl4	percpmu	independent	mem	delta	16.428446440064768	0.0	0.0	0.0	0.0
log-spl4-percpmu.mapjitter.klw	log	spl4	percpmu	independent	mem	delta	17.638894698528226	0.0	0.0	0.0	0.0
log-spl4-percpmu.mapjitter.klw	log	spl4	percpmu	independent	mem	delta	18.93852880860355	0.0	0.0	0.0	0.0
log-spl4-percpmu.mapjitter.klw	log	spl4	percpmu	independent	mem	delta	20.33391998560055	0.0	0.0	0.0	0.0
log-spl4-percpmu.mapjitter.klw	log	spl4	percpmu	independent	mem	delta	21.832123612102944	0.0	0.0	0.0	0.0
log-spl4-percpmu.mapjitter.klw	log	spl4	percpmu	independent	mem	delta	23.440714911422706	0.0	0.0	0.0	0.0
log-spl4-percpmu.mapjitter.klw	log	spl4	percpmu	independent	mem	delta	25.16782724947517	0.0	0.0	0.0	0.0
log-spl4-percpmu.mapjitter.klw	log	spl4	percpmu	independent	mem	delta	27.0221932587371	0.0	0.0	0.0	0.0
log-spl4-percpmu.mapjitter.klw	log	spl4	percpmu	independent	mem	delta	29.01318899221878	0.0	0.0	0.0	0.0
log-spl4-percpmu.mapjitter.klw	log	spl4	percpmu	independent	mem	delta	31.150881330701633	0.0	0.0	0.0	0.0
log-spl4-percpmu.mapjitter.klw	log	spl4	percpmu	independent	mem	delta	33.44607888294205	0.0	0.0	0.0	0.0
log-spl4-percpmu.mapjitter.klw	log	spl4	percpmu	independent	mem	delta	35.910386636203285	0.0	0.0	0.0	0.0
log-spl4-percpmu.mapjitter.klw	log	spl4	percpmu	independent	mem	delta	38.55626463343953	0.0	0.0	0.0	0.0
log-spl4-percpmu.mapjitter.klw	log	spl4	percpmu	independent	mem	delta	41.397090973816184	0.0	0.0	0.0	0.0
log-spl4-percpmu.mapjitter.klw	log	spl4	percpmu	independent	mem	delta	44.44722945510957	0.0	0.0	0.0	0.0
log-spl4-percpmu.mapjitter.klw	log	spl4	percpmu	independent	mem	delta	47.722102200000165	0.0	0.0	0.0	0.0
log-spl4-percpmu.mapjitter.klw	log	spl4	percpmu	independent	mem	delta	51.23826763347237	0.0	0.0	0.0	0.0
log-spl4-percpmu.mapjitter.klw	log	spl4	percpmu	independent	mem	delta	55.01350420559078	0.0	0.0	0.0	0.0
log-spl4-percpmu.mapjitter.klw	log	spl4	percpmu	independent	mem	delta	59.0669002829722	0.0	0.0	0.0	0.0
log-spl4-percpmu.mapjitter.klw	log	spl4	percpmu	independent	mem	delta	63.4189506634631	0.0	0.0	0.0	0.0
log-spl4-percpmu.mapjitter.klw	log	spl4	percpmu	independent	mem	delta	68.0916602020204	0.0	0.0	0.0	0.0
log-spl4-percpmu.mapjitter.klw	log	spl4	percpmu	independent	mem	delta	73.10865507174931	0.0	0.0	0.0	0.0
log-spl4-percpmu.mapjitter.klw	log	spl4	percpmu	independent	mem	delta	78.49530222265639	0.0	0.0	0.0	0.0
log-spl4-percpmu.mapjitter.klw	log	spl4	percpmu	independent	mem	delta	84.27883764212618	0.0	0.0	0.0	0.0
log-spl4-percpmu.mapjitter.klw	log	spl4	percpmu	independent	mem	delta	90.48850406563211	0.0	0.0	0.0	0.0
log-spl4-percpmu.mapjitter.klw	log	spl4	percpmu	independent	mem	delta	97.15569883397539	0.0	0.0	0.0	0.0
log-spl4-percpmu.mapjitter.klw	log	spl4	percpmu	independent	mem	delta	104.31413264464811	0.0	0.0	0.0	0.0
log-spl4-percpmu.mapjitter.klw	log	spl4	percpmu	independent	mem	delta	111.99999999999996	0.0	0.0	0.0	0.0
log-spl5-percpmu.mapjitter.klw	log	spl5	percpmu	independent	perc	ips	6.999999999999999	0.13601400193303403	0.18936068321487748	0.24617293432924867	
log-spl5-percpmu.mapjitter.klw	log	spl5	percpmu	independent	perc	ips	7.515760138376834	0.14290260382335762	0.19041685353039295	0.24093984054182258	
log-spl5-percpmu.mapjitter.klw	log	spl5	percpmu	independent	perc	ips	8.069521493944878	0.14873191935956223	0.19143977718426702	0.23670818973868385	
log-spl5-percpmu.mapjitter.klw	log	spl5	percpmu	independent	perc	ips	8.664083997137997	0.1536264476265981	0.19243920111833773	0.23353094423789597	
log-spl5-percpmu.mapjitter.klw	log	spl5	percpmu	independent	perc	ips	9.302453877319767	0.15695770528127667	0.19348568439598055	0.23189365125771366	
log-spl5-percpmu.mapjitter.klw	log	spl5	percpmu	independent	perc	ips	9.987858862892702	0.1586657314353051	0.1945256880849307	0.23195404690809196	
log-spl5-percpmu.mapjitter.klw	log	spl5	percpmu	independent	perc	ips	10.723764501351818	0.1585078457205108	0.19559698442979273	0.23411694516721668	
log-spl5-percpmu.mapjitter.klw	log	spl5	percpmu	independent	perc	ips	11.513891681800072	0.15659984658975754	0.19661855840293796	0.23807641156227913	
log-spl5-percpmu.mapjitter.klw	log	spl5	percpmu	independent	perc	ips	12.36223544852308	0.15329507860946323	0.1975889537456849	0.24352249742967153	
log-spl5-percpmu.mapjitter.klw	log	spl5	percpmu	independent	perc	ips	13.273085200748401	0.15292693194659804	0.1987007443898035	0.24645582059792578	
log-spl5-percpmu.mapjitter.klw	log	spl5	percpmu	independent	perc	ips	14.25104638072347	0.16104322268585053	0.2003116848261277	0.2411368032310275	
log-spl5-percpmu.mapjitter.klw	log	spl5	percpmu	independent	perc	ips	15.301063759771553	0.16744471213423498	0.20192055878907822	0.237914997044922	
log-spl5-percpmu.mapjitter.klw	log	spl5	percpmu	independent	perc	ips	16.428446440064768	0.17098912400237817	0.20336252422983456	0.23737884027496417	
log-spl5-percpmu.mapjitter.klw	log	spl5	percpmu	independent	perc	ips	17.638894698528226	0.17115785274561135	0.20490372365102377	0.24025436109869072	
log-spl5-percpmu.mapjitter.klw	log	spl5	percpmu	independent	perc	ips	18.93852880860355	0.16854292776146398	0.20649671832119076	0.24632739228542955	
log-spl5-percpmu.mapjitter.klw	log	spl5	percpmu	independent	perc	ips	20.33391998560055	0.16833685386212277	0.20938425328030466	0.2523104393823002	
log-spl5-percpmu.mapjitter.klw	log	spl5	percpmu	independent	perc	ips	21.832123612102944	0.18123973973912585	0.21680441152108892	0.25338768724626876	
log-spl5-percpmu.mapjitter.klw	log	spl5	percpmu	independent	perc	ips	23.440714911422706	0.1923857579002847	0.22419714702735405	0.2565235117301128	
log-spl5-percpmu.mapjitter.klw	log	spl5	percpmu	independent	perc	ips	25.16782724947517	0.20092083795639967	0.23173149094403872	0.2624939313058713	
log-spl5-percpmu.mapjitter.klw	log	spl5	percpmu	independent	perc	ips	27.0221932587371	0.2064309195056879	0.2391653970256689	0.27160238448009527	
log-spl5-percpmu.mapjitter.klw	log	spl5	percpmu	independent	perc	ips	29.01318899221878	0.20908520026624405	0.24660175475987633	0.28305480954269907	
log-spl5-percpmu.mapjitter.klw	log	spl5	percpmu	independent	perc	ips	31.150881330701633	0.2118735378829397	0.2512347390795726	0.28954142553250395	
log-spl5-percpmu.mapjitter.klw	log	spl5	percpmu	independent	perc	ips	33.44607888294205	0.2159324671686906	0.2534247862939438	0.2902260383540462	
log-spl5-percpmu.mapjitter.klw	log	spl5	percpmu	independent	perc	ips	35.910386636203285	0.21983229843574612	0.2555468153244561	0.2911629740439197	
log-spl5-percpmu.mapjitter.klw	log	spl5	percpmu	independent	perc	ips	38.55626463343953	0.22337634898969627	0.2577446756687622	0.29249564276556744	
log-spl5-percpmu.mapjitter.klw	log	spl5	percpmu	independent	perc	ips	41.397090973816184	0.2265624962423836	0.2598972348849369	0.2940047269685682	
log-spl5-percpmu.mapjitter.klw	log	spl5	percpmu	independent	perc	ips	44.44722945510957	0.22946136566478262	0.2620580109652254	0.29583999394796284	
log-spl5-percpmu.mapjitter.klw	log	spl5	percpmu	independent	perc	ips	47.722102200000165	0.23184075956976893	0.26417068715638803	0.29806643728288057	
log-spl5-percpmu.mapjitter.klw	log	spl5	percpmu	independent	perc	ips	51.23826763347237	0.23398311093902108	0.2663480034115442	0.3006922707394762	
log-spl5-percpmu.mapjitter.klw	log	spl5	percpmu	independent	perc	ips	55.01350420559078	0.23568824946190103	0.2685406478701199	0.30364116393683843	
log-spl5-percpmu.mapjitter.klw	log	spl5	percpmu	independent	perc	ips	59.0669002829722	0.23697389316709974	0.2707472940288774	0.30690340661926657	
log-spl5-percpmu.mapjitter.klw	log	spl5	percpmu	independent	perc	ips	63.4189506634631	0.23802819784112483	0.2729820195374826	0.31050413430973994	
log-spl5-percpmu.mapjitter.klw	log	spl5	percpmu	independent	perc	ips	68.0916602020204	0.23884448211628712	0.2751653832343812	0.3143197490134667	
log-spl5-percpmu.mapjitter.klw	log	spl5	percpmu	independent	perc	ips	73.10865507174931	0.2393444585799331	0.2772965274984404	0.3184343418660451	
log-spl5-percpmu.mapjitter.klw	log	spl5	percpmu	independent	perc	ips	78.49530222265639	0.23963434144754048	0.27950292321948156	0.3228571297733801	
log-spl5-percpmu.mapjitter.klw	log	spl5	percpmu	independent	perc	ips	84.27883764212618	0.23978317642782027	0.281654806046625	0.3273635273131056	
log-spl5-percpmu.mapjitter.klw	log	spl5	percpmu	independent	perc	ips	90.48850406563211	0.2397394092474193	0.2838968902371767	0.33216079211543126	
log-spl5-percpmu.mapjitter.klw	log	spl5	percpmu	independent	perc	ips	97.15569883397539	0.23951594893255435	0.28607637874817954	0.3368737896887634	
log-spl5-percpmu.mapjitter.klw	log	spl5	percpmu	independent	perc	ips	104.31413264464811	0.23915469286831356	0.28826654936448626	0.3418071341018891	
log-spl5-percpmu.mapjitter.klw	log	spl5	percpmu	independent	perc	ips	111.99999999999996	0.23870716861806401	0.2904411602039132	0.34676091186913155	
log-spl5-percpmu.mapjitter.klw	log	spl5	percpmu	independent	perc	vertex	6.999999999999999	0.10861434436941671	0.16007892939474913	0.22048926295877067	
log-spl5-percpmu.mapjitter.klw	log	spl5	percpmu	independent	perc	vertex	7.515760138376834	0.1148553238089862	0.16068071258231975	0.21406402898920207	
log-spl5-percpmu.mapjitter.klw	log	spl5	percpmu	independent	perc	vertex	8.069521493944878	0.12037299379126692	0.16133487006511824	0.20844135836778935	
log-spl5-percpmu.mapjitter.klw	log	spl5	percpmu	independent	perc	vertex	8.664083997137997	0.12492553832375473	0.16203724366552297	0.20403151572908124	
log-spl5-percpmu.mapjitter.klw	log	spl5	percpmu	independent	perc	vertex	9.302453877319767	0.1278509463667168	0.16262182900838823	0.20061578175300623	
log-spl5-percpmu.mapjitter.klw	log	spl5	percpmu	independent	perc	vertex	9.987858862892702	0.12923644665807404	0.1631687919074707	0.19954884896727204	
log-spl5-percpmu.mapjitter.klw	log	spl5	percpmu	independent	perc	vertex	10.723764501351818	0.12863223437043048	0.16372349881700693	0.2006329061227751	
log-spl5-percpmu.mapjitter.klw	log	spl5	percpmu	independent	perc	vertex	11.513891681800072	0.12664151019531303	0.16416153242335726	0.20420816066791617	
log-spl5-percpmu.mapjitter.klw	log	spl5	percpmu	independent	perc	vertex	12.36223544852308	0.12333519889493569	0.16457619648808802	0.2090537705532643	
log-spl5-percpmu.mapjitter.klw	log	spl5	percpmu	independent	perc	vertex	13.273085200748401	0.12424485333848781	0.1668516695656654	0.2131871687244866	
log-spl5-percpmu.mapjitter.klw	log	spl5	percpmu	independent	perc	vertex	14.25104638072347	0.13686136447485492	0.17353511058816856	0.21344750266487117	
log-spl5-percpmu.mapjitter.klw	log	spl5	percpmu	independent	perc	vertex	15.301063759771553	0.1472198248122572	0.18027632491943107	0.21569029089074032	
log-spl5-percpmu.mapjitter.klw	log	spl5	percpmu	independent	perc	vertex	16.428446440064768	0.15433707657198228	0.1870341830634809	0.22118074917772731	
log-spl5-percpmu.mapjitter.klw	log	spl5	percpmu	independent	perc	vertex	17.638894698528226	0.15857847867981917	0.19366500905723616	0.22999380901556707	
log-spl5-percpmu.mapjitter.klw	log	spl5	percpmu	independent	perc	vertex	18.93852880860355	0.15986218281354772	0.2002826329536842	0.24181677966923887	
log-spl5-percpmu.mapjitter.klw	log	spl5	percpmu	independent	perc	vertex	20.33391998560055	0.16211949730875652	0.20586312539028867	0.2510640942486735	
log-spl5-percpmu.mapjitter.klw	log	spl5	percpmu	independent	perc	vertex	21.832123612102944	0.1711658651277571	0.2082817251951763	0.24643747165037108	
log-spl5-percpmu.mapjitter.klw	log	spl5	percpmu	independent	perc	vertex	23.440714911422706	0.17830966932036918	0.21044173275031836	0.24388269603477486	
log-spl5-percpmu.mapjitter.klw	log	spl5	percpmu	independent	perc	vertex	25.16782724947517	0.1825490235929225	0.2126978726481572	0.2443559328155674	
log-spl5-percpmu.mapjitter.klw	log	spl5	percpmu	independent	perc	vertex	27.0221932587371	0.18326681830938021	0.21493777973245393	0.24826868380705114	
log-spl5-percpmu.mapjitter.klw	log	spl5	percpmu	independent	perc	vertex	29.01318899221878	0.18070648237553413	0.2171510749849599	0.2553472363521836	
log-spl5-percpmu.mapjitter.klw	log	spl5	percpmu	independent	perc	vertex	31.150881330701633	0.1820061865328644	0.22014775586541224	0.2600766415406222	
log-spl5-percpmu.mapjitter.klw	log	spl5	percpmu	independent	perc	vertex	33.44607888294205	0.1876415933155172	0.22369737429513675	0.2619467210716499	
log-spl5-percpmu.mapjitter.klw	log	spl5	percpmu	independent	perc	vertex	35.910386636203285	0.1927920131011102	0.22717601123131292	0.26414365628159514	
log-spl5-percpmu.mapjitter.klw	log	spl5	percpmu	independent	perc	vertex	38.55626463343953	0.19745549326840003	0.2307409317872075	0.2666045135093691	
log-spl5-percpmu.mapjitter.klw	log	spl5	percpmu	independent	perc	vertex	41.397090973816184	0.2015404534434312	0.2342845086855248	0.2699089002773155	
log-spl5-percpmu.mapjitter.klw	log	spl5	percpmu	independent	perc	vertex	44.44722945510957	0.2050994916835129	0.23785284758284864	0.27384644643825073	
log-spl5-percpmu.mapjitter.klw	log	spl5	percpmu	independent	perc	vertex	47.722102200000165	0.20810115467452853	0.2413957475249513	0.2786519769975481	
log-spl5-percpmu.mapjitter.klw	log	spl5	percpmu	independent	perc	vertex	51.23826763347237	0.2106201940434528	0.24493652536139315	0.2837512364314609	
log-spl5-percpmu.mapjitter.klw	log	spl5	percpmu	independent	perc	vertex	55.01350420559078	0.21267536713983257	0.24842253568030676	0.2891143370810995	
log-spl5-percpmu.mapjitter.klw	log	spl5	percpmu	independent	perc	vertex	59.0669002829722	0.214258881002174	0.2519440993866423	0.2951944249998276	
log-spl5-percpmu.mapjitter.klw	log	spl5	percpmu	independent	perc	vertex	63.4189506634631	0.21563088569894678	0.25540457692310714	0.3016143504654806	
log-spl5-percpmu.mapjitter.klw	log	spl5	percpmu	independent	perc	vertex	68.0916602020204	0.21653687007603195	0.2589645524980736	0.30818128899058894	
log-spl5-percpmu.mapjitter.klw	log	spl5	percpmu	independent	perc	vertex	73.10865507174931	0.2172614538620543	0.262462133759817	0.3151331207076077	
log-spl5-percpmu.mapjitter.klw	log	spl5	percpmu	independent	perc	vertex	78.49530222265639	0.21787415107865693	0.26599447783156005	0.32226902000501045	
log-spl5-percpmu.mapjitter.klw	log	spl5	percpmu	independent	perc	vertex	84.27883764212618	0.21829054628090022	0.2695551617478752	0.32961515811515263	
log-spl5-percpmu.mapjitter.klw	log	spl5	percpmu	independent	perc	vertex	90.48850406563211	0.21855009871548406	0.27313614718043605	0.33701674389144953	
log-spl5-percpmu.mapjitter.klw	log	spl5	percpmu	independent	perc	vertex	97.15569883397539	0.21857574663674814	0.2766813401600674	0.3445375042553299	
log-spl5-percpmu.mapjitter.klw	log	spl5	percpmu	independent	perc	vertex	104.31413264464811	0.2186594201677688	0.28022519937144624	0.3522697281322647	
log-spl5-percpmu.mapjitter.klw	log	spl5	percpmu	independent	perc	vertex	111.99999999999996	0.2185412466885508	0.2837474230578768	0.35997718656765293	
log-spl5-percpmu.mapjitter.klw	log	spl5	percpmu	independent	mem	ips	6.999999999999999	0.038360109739390115	0.07603961765811397	0.12484218968451823	
log-spl5-percpmu.mapjitter.klw	log	spl5	percpmu	independent	mem	ips	7.515760138376834	0.050295005846047874	0.08353691980380916	0.127181408564248	
log-spl5-percpmu.mapjitter.klw	log	spl5	percpmu	independent	mem	ips	8.069521493944878	0.06070383107718299	0.09111159290314694	0.13103092378185305	
log-spl5-percpmu.mapjitter.klw	log	spl5	percpmu	independent	mem	ips	8.664083997137997	0.06935275025055615	0.09873112904632175	0.1359677139894877	
log-spl5-percpmu.mapjitter.klw	log	spl5	percpmu	independent	mem	ips	9.302453877319767	0.0762984706447835	0.10625148774972115	0.14308541891881937	
log-spl5-percpmu.mapjitter.klw	log	spl5	percpmu	independent	mem	ips	9.987858862892702	0.08169881960043769	0.1136925177392493	0.15232629352053936	
log-spl5-percpmu.mapjitter.klw	log	spl5	percpmu	independent	mem	ips	10.723764501351818	0.0857549838444109	0.12107910723970108	0.16338077952012087	
log-spl5-percpmu.mapjitter.klw	log	spl5	percpmu	independent	mem	ips	11.513891681800072	0.08845102330684339	0.12836475323291968	0.1764000695575525	
log-spl5-percpmu.mapjitter.klw	log	spl5	percpmu	independent	mem	ips	12.36223544852308	0.09033030392588114	0.13562447805512895	0.1898434574943438	
log-spl5-percpmu.mapjitter.klw	log	spl5	percpmu	independent	mem	ips	13.273085200748401	0.09253921910610598	0.1396860107343289	0.19620970300119614	
log-spl5-percpmu.mapjitter.klw	log	spl5	percpmu	independent	mem	ips	14.25104638072347	0.09590429243020443	0.13588605465981007	0.18434468215304656	
log-spl5-percpmu.mapjitter.klw	log	spl5	percpmu	independent	mem	ips	15.301063759771553	0.0969875756378197	0.13216866777600292	0.17462302497567694	
log-spl5-percpmu.mapjitter.klw	log	spl5	percpmu	independent	mem	ips	16.428446440064768	0.09517814434488736	0.12824880061043428	0.16828685272600125	
log-spl5-percpmu.mapjitter.klw	log	spl5	percpmu	independent	mem	ips	17.638894698528226	0.09023815564843932	0.12410574803341429	0.16569121316790092	
log-spl5-percpmu.mapjitter.klw	log	spl5	percpmu	independent	mem	ips	18.93852880860355	0.08230741264709272	0.11999544536633037	0.16665802486150022	
log-spl5-percpmu.mapjitter.klw	log	spl5	percpmu	independent	mem	ips	20.33391998560055	0.07352872517711086	0.11424667953584655	0.16451315538795347	
log-spl5-percpmu.mapjitter.klw	log	spl5	percpmu	independent	mem	ips	21.832123612102944	0.0690339380096111	0.1027463866539566	0.14477522840943913	
log-spl5-percpmu.mapjitter.klw	log	spl5	percpmu	independent	mem	ips	23.440714911422706	0.06329428888897917	0.09126213743893177	0.12606286240322967	
log-spl5-percpmu.mapjitter.klw	log	spl5	percpmu	independent	mem	ips	25.16782724947517	0.05581401320208803	0.07969888679723877	0.10974376129402337	
log-spl5-percpmu.mapjitter.klw	log	spl5	percpmu	independent	mem	ips	27.0221932587371	0.04574577358326783	0.06793976103618751	0.09729334194910276	
log-spl5-percpmu.mapjitter.klw	log	spl5	percpmu	independent	mem	ips	29.01318899221878	0.03259592475297605	0.05605076186153857	0.08840486933784972	
log-spl5-percpmu.mapjitter.klw	log	spl5	percpmu	independent	mem	ips	31.150881330701633	0.02622193563735671	0.05052762005068127	0.08409917600167588	
log-spl5-percpmu.mapjitter.klw	log	spl5	percpmu	independent	mem	ips	33.44607888294205	0.02786830140037174	0.050588789456760125	0.08195069279437558	
log-spl5-percpmu.mapjitter.klw	log	spl5	percpmu	independent	mem	ips	35.910386636203285	0.029294147317687893	0.05067839315498129	0.08003694303606088	
log-spl5-percpmu.mapjitter.klw	log	spl5	percpmu	independent	mem	ips	38.55626463343953	0.030584296328493316	0.050761134110767575	0.07824289036076279	
log-spl5-percpmu.mapjitter.klw	log	spl5	percpmu	independent	mem	ips	41.397090973816184	0.03162899983117127	0.050836725210698486	0.07668561117967324	
log-spl5-percpmu.mapjitter.klw	log	spl5	percpmu	independent	mem	ips	44.44722945510957	0.0323781631823402	0.050883937294561074	0.07540322662858824	
log-spl5-percpmu.mapjitter.klw	log	spl5	percpmu	independent	mem	ips	47.722102200000165	0.032959349995304414	0.050942743686096095	0.07456732751521236	
log-spl5-percpmu.mapjitter.klw	log	spl5	percpmu	independent	mem	ips	51.23826763347237	0.0332374522086319	0.05095697630405694	0.07409753685188276	
log-spl5-percpmu.mapjitter.klw	log	spl5	percpmu	independent	mem	ips	55.01350420559078	0.03330946612893949	0.050901799298934576	0.07411723202804615	
log-spl5-percpmu.mapjitter.klw	log	spl5	percpmu	independent	mem	ips	59.0669002829722	0.033219983737866186	0.05082003756183795	0.07460801948987593	
log-spl5-percpmu.mapjitter.klw	log	spl5	percpmu	independent	mem	ips	63.4189506634631	0.03283596238142898	0.050724787988453424	0.07539590109419723	
log-spl5-percpmu.mapjitter.klw	log	spl5	percpmu	independent	mem	ips	68.0916602020204	0.03223230342287124	0.05062205803906557	0.07677360986762287	
log-spl5-percpmu.mapjitter.klw	log	spl5	percpmu	independent	mem	ips	73.10865507174931	0.03142629408443142	0.05050749438417461	0.07839364669828941	
log-spl5-percpmu.mapjitter.klw	log	spl5	percpmu	independent	mem	ips	78.49530222265639	0.030356320306608727	0.050378356466400986	0.080141636461987	
log-spl5-percpmu.mapjitter.klw	log	spl5	percpmu	independent	mem	ips	84.27883764212618	0.029126064534258204	0.05026388620996412	0.08210580550702636	
log-spl5-percpmu.mapjitter.klw	log	spl5	percpmu	independent	mem	ips	90.48850406563211	0.027676033207959246	0.05013359162560431	0.08423408063539804	
log-spl5-percpmu.mapjitter.klw	log	spl5	percpmu	independent	mem	ips	97.15569883397539	0.026079464042609097	0.050049772705811575	0.08643014153298194	
log-spl5-percpmu.mapjitter.klw	log	spl5	percpmu	independent	mem	ips	104.31413264464811	0.024283506326884915	0.04997916196702819	0.08862984167852517	
log-spl5-percpmu.mapjitter.klw	log	spl5	percpmu	independent	mem	ips	111.99999999999996	0.022331675186479275	0.04989151063448195	0.09100502875821538	
log-spl5-percpmu.mapjitter.klw	log	spl5	percpmu	independent	mem	vertex	6.999999999999999	0.038360109739390115	0.07603961765811397	0.12484218968451823	
log-spl5-percpmu.mapjitter.klw	log	spl5	percpmu	independent	mem	vertex	7.515760138376834	0.050295005846047874	0.08353691980380916	0.127181408564248	
log-spl5-percpmu.mapjitter.klw	log	spl5	percpmu	independent	mem	vertex	8.069521493944878	0.06070383107718299	0.09111159290314694	0.13103092378185305	
log-spl5-percpmu.mapjitter.klw	log	spl5	percpmu	independent	mem	vertex	8.664083997137997	0.06935275025055615	0.09873112904632175	0.1359677139894877	
log-spl5-percpmu.mapjitter.klw	log	spl5	percpmu	independent	mem	vertex	9.302453877319767	0.0762984706447835	0.10625148774972115	0.14308541891881937	
log-spl5-percpmu.mapjitter.klw	log	spl5	percpmu	independent	mem	vertex	9.987858862892702	0.08169881960043769	0.1136925177392493	0.15232629352053936	
log-spl5-percpmu.mapjitter.klw	log	spl5	percpmu	independent	mem	vertex	10.723764501351818	0.0857549838444109	0.12107910723970108	0.16338077952012087	
log-spl5-percpmu.mapjitter.klw	log	spl5	percpmu	independent	mem	vertex	11.513891681800072	0.08845102330684339	0.12836475323291968	0.1764000695575525	
log-spl5-percpmu.mapjitter.klw	log	spl5	percpmu	independent	mem	vertex	12.36223544852308	0.09033030392588114	0.13562447805512895	0.1898434574943438	
log-spl5-percpmu.mapjitter.klw	log	spl5	percpmu	independent	mem	vertex	13.273085200748401	0.09253921910610598	0.1396860107343289	0.19620970300119614	
log-spl5-percpmu.mapjitter.klw	log	spl5	percpmu	independent	mem	vertex	14.25104638072347	0.09590429243020443	0.13588605465981007	0.18434468215304656	
log-spl5-percpmu.mapjitter.klw	log	spl5	percpmu	independent	mem	vertex	15.301063759771553	0.0969875756378197	0.13216866777600292	0.17462302497567694	
log-spl5-percpmu.mapjitter.klw	log	spl5	percpmu	independent	mem	vertex	16.428446440064768	0.09517814434488736	0.12824880061043428	0.16828685272600125	
log-spl5-percpmu.mapjitter.klw	log	spl5	percpmu	independent	mem	vertex	17.638894698528226	0.09023815564843932	0.12410574803341429	0.16569121316790092	
log-spl5-percpmu.mapjitter.klw	log	spl5	percpmu	independent	mem	vertex	18.93852880860355	0.08230741264709272	0.11999544536633037	0.16665802486150022	
log-spl5-percpmu.mapjitter.klw	log	spl5	percpmu	independent	mem	vertex	20.33391998560055	0.07352872517711086	0.11424667953584655	0.16451315538795347	
log-spl5-percpmu.mapjitter.klw	log	spl5	percpmu	independent	mem	vertex	21.832123612102944	0.0690339380096111	0.1027463866539566	0.14477522840943913	
log-spl5-percpmu.mapjitter.klw	log	spl5	percpmu	independent	mem	vertex	23.440714911422706	0.06329428888897917	0.09126213743893177	0.12606286240322967	
log-spl5-percpmu.mapjitter.klw	log	spl5	percpmu	independent	mem	vertex	25.16782724947517	0.05581401320208803	0.07969888679723877	0.10974376129402337	
log-spl5-percpmu.mapjitter.klw	log	spl5	percpmu	independent	mem	vertex	27.0221932587371	0.04574577358326783	0.06793976103618751	0.09729334194910276	
log-spl5-percpmu.mapjitter.klw	log	spl5	percpmu	independent	mem	vertex	29.01318899221878	0.03259592475297605	0.05605076186153857	0.08840486933784972	
log-spl5-percpmu.mapjitter.klw	log	spl5	percpmu	independent	mem	vertex	31.150881330701633	0.02622193563735671	0.05052762005068127	0.08409917600167588	
log-spl5-percpmu.mapjitter.klw	log	spl5	percpmu	independent	mem	vertex	33.44607888294205	0.02786830140037174	0.050588789456760125	0.08195069279437558	
log-spl5-percpmu.mapjitter.klw	log	spl5	percpmu	independent	mem	vertex	35.910386636203285	0.029294147317687893	0.05067839315498129	0.08003694303606088	
log-spl5-percpmu.mapjitter.klw	log	spl5	percpmu	independent	mem	vertex	38.55626463343953	0.030584296328493316	0.050761134110767575	0.07824289036076279	
log-spl5-percpmu.mapjitter.klw	log	spl5	percpmu	independent	mem	vertex	41.397090973816184	0.03162899983117127	0.050836725210698486	0.07668561117967324	
log-spl5-percpmu.mapjitter.klw	log	spl5	percpmu	independent	mem	vertex	44.44722945510957	0.0323781631823402	0.050883937294561074	0.07540322662858824	
log-spl5-percpmu.mapjitter.klw	log	spl5	percpmu	independent	mem	vertex	47.722102200000165	0.032959349995304414	0.050942743686096095	0.07456732751521236	
log-spl5-percpmu.mapjitter.klw	log	spl5	percpmu	independent	mem	vertex	51.23826763347237	0.0332374522086319	0.05095697630405694	0.07409753685188276	
log-spl5-percpmu.mapjitter.klw	log	spl5	percpmu	independent	mem	vertex	55.01350420559078	0.03330946612893949	0.050901799298934576	0.07411723202804615	
log-spl5-percpmu.mapjitter.klw	log	spl5	percpmu	independent	mem	vertex	59.0669002829722	0.033219983737866186	0.05082003756183795	0.07460801948987593	
log-spl5-percpmu.mapjitter.klw	log	spl5	percpmu	independent	mem	vertex	63.4189506634631	0.03283596238142898	0.050724787988453424	0.07539590109419723	
log-spl5-percpmu.mapjitter.klw	log	spl5	percpmu	independent	mem	vertex	68.0916602020204	0.03223230342287124	0.05062205803906557	0.07677360986762287	
log-spl5-percpmu.mapjitter.klw	log	spl5	percpmu	independent	mem	vertex	73.10865507174931	0.03142629408443142	0.05050749438417461	0.07839364669828941	
log-spl5-percpmu.mapjitter.klw	log	spl5	percpmu	independent	mem	vertex	78.49530222265639	0.030356320306608727	0.050378356466400986	0.080141636461987	
log-spl5-percpmu.mapjitter.klw	log	spl5	percpmu	independent	mem	vertex	84.27883764212618	0.029126064534258204	0.05026388620996412	0.08210580550702636	
log-spl5-percpmu.mapjitter.klw	log	spl5	percpmu	independent	mem	vertex	90.48850406563211	0.027676033207959246	0.05013359162560431	0.08423408063539804	
log-spl5-percpmu.mapjitter.klw	log	spl5	percpmu	independent	mem	vertex	97.15569883397539	0.026079464042609097	0.050049772705811575	0.08643014153298194	
log-spl5-percpmu.mapjitter.klw	log	spl5	percpmu	independent	mem	vertex	104.31413264464811	0.024283506326884915	0.04997916196702819	0.08862984167852517	
log-spl5-percpmu.mapjitter.klw	log	spl5	percpmu	independent	mem	vertex	111.99999999999996	0.022331675186479275	0.04989151063448195	0.09100502875821538	
log-spl5-percpmu.mapjitter.klw	log	spl5	percpmu	independent	perc	delta_pct	6.999999999999999	-9.688029705825846	18.174504595847587	56.17451681263189	
log-spl5-percpmu.mapjitter.klw	log	spl5	percpmu	independent	perc	delta_pct	7.515760138376834	-6.5897400430894075	18.408073016268645	50.950626257429256	
log-spl5-percpmu.mapjitter.klw	log	spl5	percpmu	independent	perc	delta_pct	8.069521493944878	-3.944349845309848	18.58876344326219	46.940571804310245	
log-spl5-percpmu.mapjitter.klw	log	spl5	percpmu	independent	perc	delta_pct	8.664083997137997	-1.7688782503265896	18.75070612992694	44.21857698249281	
log-spl5-percpmu.mapjitter.klw	log	spl5	percpmu	independent	perc	delta_pct	9.302453877319767	-0.500892209460665	18.899026862853308	43.2700192841082	
log-spl5-percpmu.mapjitter.klw	log	spl5	percpmu	independent	perc	delta_pct	9.987858862892702	-0.33500602985147765	19.117247686770597	43.76331985502339	
log-spl5-percpmu.mapjitter.klw	log	spl5	percpmu	independent	perc	delta_pct	10.723764501351818	-1.1281293707354993	19.34989956428209	45.624636787121915	
log-spl5-percpmu.mapjitter.klw	log	spl5	percpmu	independent	perc	delta_pct	11.513891681800072	-2.696601404310536	19.599314856125083	48.79273867827946	
log-spl5-percpmu.mapjitter.klw	log	spl5	percpmu	independent	perc	delta_pct	12.36223544852308	-4.841650194653335	19.910704151089842	53.22704015188519	
log-spl5-percpmu.mapjitter.klw	log	spl5	percpmu	independent	perc	delta_pct	13.273085200748401	-6.249814750409164	18.932821837701532	53.06649662999356	
log-spl5-percpmu.mapjitter.klw	log	spl5	percpmu	independent	perc	delta_pct	14.25104638072347	-5.619696069031794	15.267098628256047	42.23580569869667	
log-spl5-percpmu.mapjitter.klw	log	spl5	percpmu	independent	perc	delta_pct	15.301063759771553	-6.029429655479614	11.823994238716484	34.20310846750149	
log-spl5-percpmu.mapjitter.klw	log	spl5	percpmu	independent	perc	delta_pct	16.428446440064768	-7.6008623420587496	8.654402542933958	29.077627727974747	
log-spl5-percpmu.mapjitter.klw	log	spl5	percpmu	independent	perc	delta_pct	17.638894698528226	-10.620761860197847	5.706163485749016	26.23553942155188	
log-spl5-percpmu.mapjitter.klw	log	spl5	percpmu	independent	perc	delta_pct	18.93852880860355	-14.476530786208643	3.0366640552276114	25.326450616206778	
log-spl5-percpmu.mapjitter.klw	log	spl5	percpmu	independent	perc	delta_pct	20.33391998560055	-16.68379976280955	1.662784600818934	25.09652858382203	
log-spl5-percpmu.mapjitter.klw	log	spl5	percpmu	independent	perc	delta_pct	21.832123612102944	-11.800780827814718	4.134362844961792	23.73256124635086	
log-spl5-percpmu.mapjitter.klw	log	spl5	percpmu	independent	perc	delta_pct	23.440714911422706	-7.8357713472232255	6.53199245328886	23.570051961729533	
log-spl5-percpmu.mapjitter.klw	log	spl5	percpmu	independent	perc	delta_pct	25.16782724947517	-4.928386456473241	8.880615891170706	25.087164014915206	
log-spl5-percpmu.mapjitter.klw	log	spl5	percpmu	independent	perc	delta_pct	27.0221932587371	-3.5197864875092195	11.245185330058183	28.383376764116434	
log-spl5-percpmu.mapjitter.klw	log	spl5	percpmu	independent	perc	delta_pct	29.01318899221878	-3.1520268555695337	13.507348754687843	33.26056754716678	
log-spl5-percpmu.mapjitter.klw	log	spl5	percpmu	independent	perc	delta_pct	31.150881330701633	-3.14391594730703	14.089958559168704	34.674641671157644	
log-spl5-percpmu.mapjitter.klw	log	spl5	percpmu	independent	perc	delta_pct	33.44607888294205	-3.0406389867412664	13.222957299924909	32.41026519426893	
log-spl5-percpmu.mapjitter.klw	log	spl5	percpmu	independent	perc	delta_pct	35.910386636203285	-3.0762713372674493	12.418777058823427	30.51657091317293	
log-spl5-percpmu.mapjitter.klw	log	spl5	percpmu	independent	perc	delta_pct	38.55626463343953	-3.20980108033348	11.634243068182348	28.792298438930672	
log-spl5-percpmu.mapjitter.klw	log	spl5	percpmu	independent	perc	delta_pct	41.397090973816184	-3.5520014247801543	10.854310344807361	27.385400391503108	
log-spl5-percpmu.mapjitter.klw	log	spl5	percpmu	independent	perc	delta_pct	44.44722945510957	-3.9954029734905783	10.104192180393634	26.293066896722575	
log-spl5-percpmu.mapjitter.klw	log	spl5	percpmu	independent	perc	delta_pct	47.722102200000165	-4.650157631072668	9.392643398719802	25.41591763573259	
log-spl5-percpmu.mapjitter.klw	log	spl5	percpmu	independent	perc	delta_pct	51.23826763347237	-5.412678854175832	8.718200643756557	24.825422573737956	
log-spl5-percpmu.mapjitter.klw	log	spl5	percpmu	independent	perc	delta_pct	55.01350420559078	-6.260615493194149	8.056046915358639	24.52965191715748	
log-spl5-percpmu.mapjitter.klw	log	spl5	percpmu	independent	perc	delta_pct	59.0669002829722	-7.185032535326757	7.41201166653398	24.308975835801395	
log-spl5-percpmu.mapjitter.klw	log	spl5	percpmu	independent	perc	delta_pct	63.4189506634631	-8.178051352663733	6.784427799190507	24.240532069426102	
log-spl5-percpmu.mapjitter.klw	log	spl5	percpmu	independent	perc	delta_pct	68.0916602020204	-9.228277000121544	6.178613521504728	24.271137922422184	
log-spl5-percpmu.mapjitter.klw	log	spl5	percpmu	independent	perc	delta_pct	73.10865507174931	-10.336722952757388	5.5645757494424135	24.507512622971774	
log-spl5-percpmu.mapjitter.klw	log	spl5	percpmu	independent	perc	delta_pct	78.49530222265639	-11.458032914328305	4.974465007550211	24.823709916236574	
log-spl5-percpmu.mapjitter.klw	log	spl5	percpmu	independent	perc	delta_pct	84.27883764212618	-12.523927180723936	4.4068030202569	25.247429722319435	
log-spl5-percpmu.mapjitter.klw	log	spl5	percpmu	independent	perc	delta_pct	90.48850406563211	-13.651786824641617	3.8504127076969596	25.73097759140567	
log-spl5-percpmu.mapjitter.klw	log	spl5	percpmu	independent	perc	delta_pct	97.15569883397539	-14.747635093707832	3.2975311820102826	26.276333236724632	
log-spl5-percpmu.mapjitter.klw	log	spl5	percpmu	independent	perc	delta_pct	104.31413264464811	-15.862539153166793	2.760951274394985	26.792621191744264	
log-spl5-percpmu.mapjitter.klw	log	spl5	percpmu	independent	perc	delta_pct	111.99999999999996	-16.924852357587902	2.26537147128002	27.334443406397984	
log-spl5-percpmu.mapjitter.klw	log	spl5	percpmu	independent	perc	delta	6.999999999999999	-0.018439472764187826	0.02877459373879769	0.07506357032429045	0.8903055555555556
log-spl5-percpmu.mapjitter.klw	log	spl5	percpmu	independent	perc	delta	7.515760138376834	-0.012494836993645352	0.02923516209954384	0.07024597251443791	0.9204722222222222
log-spl5-percpmu.mapjitter.klw	log	spl5	percpmu	independent	perc	delta	8.069521493944878	-0.007271770383189378	0.029713268967237624	0.06634538321596584	0.9454027777777778
log-spl5-percpmu.mapjitter.klw	log	spl5	percpmu	independent	perc	delta	8.664083997137997	-0.003287276449225713	0.030186693904509287	0.06361751956540151	0.9620972222222223
log-spl5-percpmu.mapjitter.klw	log	spl5	percpmu	independent	perc	delta	9.302453877319767	-0.0009184586932706802	0.030600782495529832	0.06275989473096806	0.9717916666666667
log-spl5-percpmu.mapjitter.klw	log	spl5	percpmu	independent	perc	delta	9.987858862892702	-0.0006191457907240471	0.03111358651063361	0.0637964806593601	0.9730555555555556
log-spl5-percpmu.mapjitter.klw	log	spl5	percpmu	independent	perc	delta	10.723764501351818	-0.0020728522429760052	0.03150701992579864	0.06663658892048512	0.9674861111111112
log-spl5-percpmu.mapjitter.klw	log	spl5	percpmu	independent	perc	delta	11.513891681800072	-0.004932236339018405	0.03196255310150489	0.07066898641631336	0.9557777777777777
log-spl5-percpmu.mapjitter.klw	log	spl5	percpmu	independent	perc	delta	12.36223544852308	-0.00899427241676633	0.03247432547655235	0.07584313679835594	0.9376527777777778
log-spl5-percpmu.mapjitter.klw	log	spl5	percpmu	independent	perc	delta	13.273085200748401	-0.011891862000576429	0.031392023093896146	0.076553538099744	0.9226666666666666
log-spl5-percpmu.mapjitter.klw	log	spl5	percpmu	independent	perc	delta	14.25104638072347	-0.010921706741674473	0.026355181615089596	0.06506840119795756	0.9168333333333333
log-spl5-percpmu.mapjitter.klw	log	spl5	percpmu	independent	perc	delta	15.301063759771553	-0.011969814801133462	0.02124131348807179	0.055799203603327095	0.8952361111111111
log-spl5-percpmu.mapjitter.klw	log	spl5	percpmu	independent	perc	delta	16.428446440064768	-0.01570459116970832	0.0161723419164274	0.049240771696440234	0.8406666666666667
log-spl5-percpmu.mapjitter.klw	log	spl5	percpmu	independent	perc	delta	17.638894698528226	-0.0227502511235137	0.011026595363928554	0.04573045260135808	0.7420972222222222
log-spl5-percpmu.mapjitter.klw	log	spl5	percpmu	independent	perc	delta	18.93852880860355	-0.03231967630316359	0.006061484363037786	0.04494272650123398	0.6213611111111111
log-spl5-percpmu.mapjitter.klw	log	spl5	percpmu	independent	perc	delta	20.33391998560055	-0.038165103098907534	0.0034148575848904628	0.045470448761313724	0.5650277777777778
log-spl5-percpmu.mapjitter.klw	log	spl5	percpmu	independent	perc	delta	21.832123612102944	-0.02698565108498695	0.008594529789950914	0.044502389804540535	0.6835416666666667
log-spl5-percpmu.mapjitter.klw	log	spl5	percpmu	independent	perc	delta	23.440714911422706	-0.017832998192124177	0.01371483184567232	0.04555134421237664	0.8045972222222222
log-spl5-percpmu.mapjitter.klw	log	spl5	percpmu	independent	perc	delta	25.16782724947517	-0.011322229899627992	0.01886299221374206	0.04927384405006491	0.8893611111111112
log-spl5-percpmu.mapjitter.klw	log	spl5	percpmu	independent	perc	delta	27.0221932587371	-0.008157628452292065	0.02408440937751863	0.05629274245296401	0.9294583333333334
log-spl5-percpmu.mapjitter.klw	log	spl5	percpmu	independent	perc	delta	29.01318899221878	-0.00752576989118352	0.02926397200950738	0.06575937837355297	0.9431805555555556
log-spl5-percpmu.mapjitter.klw	log	spl5	percpmu	independent	perc	delta	31.150881330701633	-0.007565387506371647	0.030872191759555245	0.06907824553722162	0.94425
log-spl5-percpmu.mapjitter.klw	log	spl5	percpmu	independent	perc	delta	33.44607888294205	-0.007479894141504641	0.02947807985281259	0.06619344380438084	0.9437083333333334
log-spl5-percpmu.mapjitter.klw	log	spl5	percpmu	independent	perc	delta	35.910386636203285	-0.007612521622249497	0.02812723206011937	0.06359116744788475	0.9411666666666667
log-spl5-percpmu.mapjitter.klw	log	spl5	percpmu	independent	perc	delta	38.55626463343953	-0.008053673285898568	0.026803244835091083	0.061185406225735935	0.9352916666666666
log-spl5-percpmu.mapjitter.klw	log	spl5	percpmu	independent	perc	delta	41.397090973816184	-0.009034932410769496	0.02540253260564533	0.05935337614330403	0.9272083333333333
log-spl5-percpmu.mapjitter.klw	log	spl5	percpmu	independent	perc	delta	44.44722945510957	-0.010333680473342632	0.024006201294345816	0.057804676988568594	0.9165416666666667
log-spl5-percpmu.mapjitter.klw	log	spl5	percpmu	independent	perc	delta	47.722102200000165	-0.012264925729468362	0.02266020931644358	0.05671576065176622	0.9017083333333333
log-spl5-percpmu.mapjitter.klw	log	spl5	percpmu	independent	perc	delta	51.23826763347237	-0.014526585718812384	0.021300097961731643	0.055820120497138144	0.8821111111111111
log-spl5-percpmu.mapjitter.klw	log	spl5	percpmu	independent	perc	delta	55.01350420559078	-0.01709503816538369	0.01994897758120684	0.05548940533002778	0.860125
log-spl5-percpmu.mapjitter.klw	log	spl5	percpmu	independent	perc	delta	59.0669002829722	-0.020188386362264076	0.01859697479026645	0.05550315768320403	0.8341944444444445
log-spl5-percpmu.mapjitter.klw	log	spl5	percpmu	independent	perc	delta	63.4189506634631	-0.023316634069313343	0.017289721362701682	0.05568037940314761	0.8065833333333333
log-spl5-percpmu.mapjitter.klw	log	spl5	percpmu	independent	perc	delta	68.0916602020204	-0.02684473503297294	0.015956024192574192	0.05630279432612626	0.7776805555555556
log-spl5-percpmu.mapjitter.klw	log	spl5	percpmu	independent	perc	delta	73.10865507174931	-0.030712015520390767	0.014582085476614604	0.057070692398306026	0.7480555555555556
log-spl5-percpmu.mapjitter.klw	log	spl5	percpmu	independent	perc	delta	78.49530222265639	-0.03468217183224117	0.013216165136561736	0.058128473620707166	0.7181388888888889
log-spl5-percpmu.mapjitter.klw	log	spl5	percpmu	independent	perc	delta	84.27883764212618	-0.03880495501976353	0.01184486389770921	0.059308719988905745	0.6881805555555556
log-spl5-percpmu.mapjitter.klw	log	spl5	percpmu	independent	perc	delta	90.48850406563211	-0.043170598715865434	0.01046457713045279	0.060574392099308955	0.6599583333333333
log-spl5-percpmu.mapjitter.klw	log	spl5	percpmu	independent	perc	delta	97.15569883397539	-0.04768273954846847	0.009103894444189381	0.062179530962013986	0.63325
log-spl5-percpmu.mapjitter.klw	log	spl5	percpmu	independent	perc	delta	104.31413264464811	-0.05222115839878903	0.007715309282082555	0.06369082352427173	0.6089722222222222
log-spl5-percpmu.mapjitter.klw	log	spl5	percpmu	independent	perc	delta	111.99999999999996	-0.0568123245047636	0.006388782469956555	0.06534375008402422	0.5852222222222222
log-spl5-percpmu.mapjitter.klw	log	spl5	percpmu	independent	mem	delta_pct	6.999999999999999	0.0	0.0	0.0	
log-spl5-percpmu.mapjitter.klw	log	spl5	percpmu	independent	mem	delta_pct	7.515760138376834	0.0	0.0	0.0	
log-spl5-percpmu.mapjitter.klw	log	spl5	percpmu	independent	mem	delta_pct	8.069521493944878	0.0	0.0	0.0	
log-spl5-percpmu.mapjitter.klw	log	spl5	percpmu	independent	mem	delta_pct	8.664083997137997	0.0	0.0	0.0	
log-spl5-percpmu.mapjitter.klw	log	spl5	percpmu	independent	mem	delta_pct	9.302453877319767	0.0	0.0	0.0	
log-spl5-percpmu.mapjitter.klw	log	spl5	percpmu	independent	mem	delta_pct	9.987858862892702	0.0	0.0	0.0	
log-spl5-percpmu.mapjitter.klw	log	spl5	percpmu	independent	mem	delta_pct	10.723764501351818	0.0	0.0	0.0	
log-spl5-percpmu.mapjitter.klw	log	spl5	percpmu	independent	mem	delta_pct	11.513891681800072	0.0	0.0	0.0	
log-spl5-percpmu.mapjitter.klw	log	spl5	percpmu	independent	mem	delta_pct	12.36223544852308	0.0	0.0	0.0	
log-spl5-percpmu.mapjitter.klw	log	spl5	percpmu	independent	mem	delta_pct	13.273085200748401	0.0	0.0	0.0	
log-spl5-percpmu.mapjitter.klw	log	spl5	percpmu	independent	mem	delta_pct	14.25104638072347	0.0	0.0	0.0	
log-spl5-percpmu.mapjitter.klw	log	spl5	percpmu	independent	mem	delta_pct	15.301063759771553	0.0	0.0	0.0	
log-spl5-percpmu.mapjitter.klw	log	spl5	percpmu	independent	mem	delta_pct	16.428446440064768	0.0	0.0	0.0	
log-spl5-percpmu.mapjitter.klw	log	spl5	percpmu	independent	mem	delta_pct	17.638894698528226	0.0	0.0	0.0	
log-spl5-percpmu.mapjitter.klw	log	spl5	percpmu	independent	mem	delta_pct	18.93852880860355	0.0	0.0	0.0	
log-spl5-percpmu.mapjitter.klw	log	spl5	percpmu	independent	mem	delta_pct	20.33391998560055	0.0	0.0	0.0	
log-spl5-percpmu.mapjitter.klw	log	spl5	percpmu	independent	mem	delta_pct	21.832123612102944	0.0	0.0	0.0	
log-spl5-percpmu.mapjitter.klw	log	spl5	percpmu	independent	mem	delta_pct	23.440714911422706	0.0	0.0	0.0	
log-spl5-percpmu.mapjitter.klw	log	spl5	percpmu	independent	mem	delta_pct	25.16782724947517	0.0	0.0	0.0	
log-spl5-percpmu.mapjitter.klw	log	spl5	percpmu	independent	mem	delta_pct	27.0221932587371	0.0	0.0	0.0	
log-spl5-percpmu.mapjitter.klw	log	spl5	percpmu	independent	mem	delta_pct	29.01318899221878	0.0	0.0	0.0	
log-spl5-percpmu.mapjitter.klw	log	spl5	percpmu	independent	mem	delta_pct	31.150881330701633	0.0	0.0	0.0	
log-spl5-percpmu.mapjitter.klw	log	spl5	percpmu	independent	mem	delta_pct	33.44607888294205	0.0	0.0	0.0	
log-spl5-percpmu.mapjitter.klw	log	spl5	percpmu	independent	mem	delta_pct	35.910386636203285	0.0	0.0	0.0	
log-spl5-percpmu.mapjitter.klw	log	spl5	percpmu	independent	mem	delta_pct	38.55626463343953	0.0	0.0	0.0	
log-spl5-percpmu.mapjitter.klw	log	spl5	percpmu	independent	mem	delta_pct	41.397090973816184	0.0	0.0	0.0	
log-spl5-percpmu.mapjitter.klw	log	spl5	percpmu	independent	mem	delta_pct	44.44722945510957	0.0	0.0	0.0	
log-spl5-percpmu.mapjitter.klw	log	spl5	percpmu	independent	mem	delta_pct	47.722102200000165	0.0	0.0	0.0	
log-spl5-percpmu.mapjitter.klw	log	spl5	percpmu	independent	mem	delta_pct	51.23826763347237	0.0	0.0	0.0	
log-spl5-percpmu.mapjitter.klw	log	spl5	percpmu	independent	mem	delta_pct	55.01350420559078	0.0	0.0	0.0	
log-spl5-percpmu.mapjitter.klw	log	spl5	percpmu	independent	mem	delta_pct	59.0669002829722	0.0	0.0	0.0	
log-spl5-percpmu.mapjitter.klw	log	spl5	percpmu	independent	mem	delta_pct	63.4189506634631	0.0	0.0	0.0	
log-spl5-percpmu.mapjitter.klw	log	spl5	percpmu	independent	mem	delta_pct	68.0916602020204	0.0	0.0	0.0	
log-spl5-percpmu.mapjitter.klw	log	spl5	percpmu	independent	mem	delta_pct	73.10865507174931	0.0	0.0	0.0	
log-spl5-percpmu.mapjitter.klw	log	spl5	percpmu	independent	mem	delta_pct	78.49530222265639	0.0	0.0	0.0	
log-spl5-percpmu.mapjitter.klw	log	spl5	percpmu	independent	mem	delta_pct	84.27883764212618	0.0	0.0	0.0	
log-spl5-percpmu.mapjitter.klw	log	spl5	percpmu	independent	mem	delta_pct	90.48850406563211	0.0	0.0	0.0	
log-spl5-percpmu.mapjitter.klw	log	spl5	percpmu	independent	mem	delta_pct	97.15569883397539	0.0	0.0	0.0	
log-spl5-percpmu.mapjitter.klw	log	spl5	percpmu	independent	mem	delta_pct	104.31413264464811	0.0	0.0	0.0	
log-spl5-percpmu.mapjitter.klw	log	spl5	percpmu	independent	mem	delta_pct	111.99999999999996	0.0	0.0	0.0	
log-spl5-percpmu.mapjitter.klw	log	spl5	percpmu	independent	mem	delta	6.999999999999999	0.0	0.0	0.0	0.0
log-spl5-percpmu.mapjitter.klw	log	spl5	percpmu	independent	mem	delta	7.515760138376834	0.0	0.0	0.0	0.0
log-spl5-percpmu.mapjitter.klw	log	spl5	percpmu	independent	mem	delta	8.069521493944878	0.0	0.0	0.0	0.0
log-spl5-percpmu.mapjitter.klw	log	spl5	percpmu	independent	mem	delta	8.664083997137997	0.0	0.0	0.0	0.0
log-spl5-percpmu.mapjitter.klw	log	spl5	percpmu	independent	mem	delta	9.302453877319767	0.0	0.0	0.0	0.0
log-spl5-percpmu.mapjitter.klw	log	spl5	percpmu	independent	mem	delta	9.987858862892702	0.0	0.0	0.0	0.0
log-spl5-percpmu.mapjitter.klw	log	spl5	percpmu	independent	mem	delta	10.723764501351818	0.0	0.0	0.0	0.0
log-spl5-percpmu.mapjitter.klw	log	spl5	percpmu	independent	mem	delta	11.513891681800072	0.0	0.0	0.0	0.0
log-spl5-percpmu.mapjitter.klw	log	spl5	percpmu	independent	mem	delta	12.36223544852308	0.0	0.0	0.0	0.0
log-spl5-percpmu.mapjitter.klw	log	spl5	percpmu	independent	mem	delta	13.273085200748401	0.0	0.0	0.0	0.0
log-spl5-percpmu.mapjitter.klw	log	spl5	percpmu	independent	mem	delta	14.25104638072347	0.0	0.0	0.0	0.0
log-spl5-percpmu.mapjitter.klw	log	spl5	percpmu	independent	mem	delta	15.301063759771553	0.0	0.0	0.0	0.0
log-spl5-percpmu.mapjitter.klw	log	spl5	percpmu	independent	mem	delta	16.428446440064768	0.0	0.0	0.0	0.0
log-spl5-percpmu.mapjitter.klw	log	spl5	percpmu	independent	mem	delta	17.638894698528226	0.0	0.0	0.0	0.0
log-spl5-percpmu.mapjitter.klw	log	spl5	percpmu	independent	mem	delta	18.93852880860355	0.0	0.0	0.0	0.0
log-spl5-percpmu.mapjitter.klw	log	spl5	percpmu	independent	mem	delta	20.33391998560055	0.0	0.0	0.0	0.0
log-spl5-percpmu.mapjitter.klw	log	spl5	percpmu	independent	mem	delta	21.832123612102944	0.0	0.0	0.0	0.0
log-spl5-percpmu.mapjitter.klw	log	spl5	percpmu	independent	mem	delta	23.440714911422706	0.0	0.0	0.0	0.0
log-spl5-percpmu.mapjitter.klw	log	spl5	percpmu	independent	mem	delta	25.16782724947517	0.0	0.0	0.0	0.0
log-spl5-percpmu.mapjitter.klw	log	spl5	percpmu	independent	mem	delta	27.0221932587371	0.0	0.0	0.0	0.0
log-spl5-percpmu.mapjitter.klw	log	spl5	percpmu	independent	mem	delta	29.01318899221878	0.0	0.0	0.0	0.0
log-spl5-percpmu.mapjitter.klw	log	spl5	percpmu	independent	mem	delta	31.150881330701633	0.0	0.0	0.0	0.0
log-spl5-percpmu.mapjitter.klw	log	spl5	percpmu	independent	mem	delta	33.44607888294205	0.0	0.0	0.0	0.0
log-spl5-percpmu.mapjitter.klw	log	spl5	percpmu	independent	mem	delta	35.910386636203285	0.0	0.0	0.0	0.0
log-spl5-percpmu.mapjitter.klw	log	spl5	percpmu	independent	mem	delta	38.55626463343953	0.0	0.0	0.0	0.0
log-spl5-percpmu.mapjitter.klw	log	spl5	percpmu	independent	mem	delta	41.397090973816184	0.0	0.0	0.0	0.0
log-spl5-percpmu.mapjitter.klw	log	spl5	percpmu	independent	mem	delta	44.44722945510957	0.0	0.0	0.0	0.0
log-spl5-percpmu.mapjitter.klw	log	spl5	percpmu	independent	mem	delta	47.722102200000165	0.0	0.0	0.0	0.0
log-spl5-percpmu.mapjitter.klw	log	spl5	percpmu	independent	mem	delta	51.23826763347237	0.0	0.0	0.0	0.0
log-spl5-percpmu.mapjitter.klw	log	spl5	percpmu	independent	mem	delta	55.01350420559078	0.0	0.0	0.0	0.0
log-spl5-percpmu.mapjitter.klw	log	spl5	percpmu	independent	mem	delta	59.0669002829722	0.0	0.0	0.0	0.0
log-spl5-percpmu.mapjitter.klw	log	spl5	percpmu	independent	mem	delta	63.4189506634631	0.0	0.0	0.0	0.0
log-spl5-percpmu.mapjitter.klw	log	spl5	percpmu	independent	mem	delta	68.0916602020204	0.0	0.0	0.0	0.0
log-spl5-percpmu.mapjitter.klw	log	spl5	percpmu	independent	mem	delta	73.10865507174931	0.0	0.0	0.0	0.0
log-spl5-percpmu.mapjitter.klw	log	spl5	percpmu	independent	mem	delta	78.49530222265639	0.0	0.0	0.0	0.0
log-spl5-percpmu.mapjitter.klw	log	spl5	percpmu	independent	mem	delta	84.27883764212618	0.0	0.0	0.0	0.0
log-spl5-percpmu.mapjitter.klw	log	spl5	percpmu	independent	mem	delta	90.48850406563211	0.0	0.0	0.0	0.0
log-spl5-percpmu.mapjitter.klw	log	spl5	percpmu	independent	mem	delta	97.15569883397539	0.0	0.0	0.0	0.0
log-spl5-percpmu.mapjitter.klw	log	spl5	percpmu	independent	mem	delta	104.31413264464811	0.0	0.0	0.0	0.0
log-spl5-percpmu.mapjitter.klw	log	spl5	percpmu	independent	mem	delta	111.99999999999996	0.0	0.0	0.0	0.0
log-spl6-percpmu.mapjitter.klw	log	spl6	percpmu	independent	perc	ips	6.999999999999999	0.14293135113101918	0.20002247065426348	0.2601688676122517	
log-spl6-percpmu.mapjitter.klw	log	spl6	percpmu	independent	perc	ips	7.515760138376834	0.15059594653419445	0.19910685237766698	0.24974500518506002	
log-spl6-percpmu.mapjitter.klw	log	spl6	percpmu	independent	perc	ips	8.069521493944878	0.15578109189445433	0.19820597127611478	0.24212671293749635	
log-spl6-percpmu.mapjitter.klw	log	spl6	percpmu	independent	perc	ips	8.664083997137997	0.15687183978812477	0.19720945654891742	0.23892535145880844	
log-spl6-percpmu.mapjitter.klw	log	spl6	percpmu	independent	perc	ips	9.302453877319767	0.15369724240713717	0.19621980118802895	0.2403172945472825	
log-spl6-percpmu.mapjitter.klw	log	spl6	percpmu	independent	perc	ips	9.987858862892702	0.14603277023724895	0.19523828474252353	0.24582400649478003	
log-spl6-percpmu.mapjitter.klw	log	spl6	percpmu	independent	perc	ips	10.723764501351818	0.1524951101281212	0.19530417582144355	0.23933237916757347	
log-spl6-percpmu.mapjitter.klw	log	spl6	percpmu	independent	perc	ips	11.513891681800072	0.15803521005237803	0.19534733533759724	0.2337513863318411	
log-spl6-percpmu.mapjitter.klw	log	spl6	percpmu	independent	perc	ips	12.36223544852308	0.16118093568531044	0.1953345257088365	0.23056686610789373	
log-spl6-percpmu.mapjitter.klw	log	spl6	percpmu	independent	perc	ips	13.273085200748401	0.16179896163636295	0.19530386342604955	0.23017902484623187	
log-spl6-percpmu.mapjitter.klw	log	spl6	percpmu	independent	perc	ips	14.25104638072347	0.15950914879484102	0.1953112360540024	0.2327050706092393	
log-spl6-percpmu.mapjitter.klw	log	spl6	percpmu	independent	perc	ips	15.301063759771553	0.1549011911695362	0.195170685277767	0.23785929899919658	
log-spl6-percpmu.mapjitter.klw	log	spl6	percpmu	independent	perc	ips	16.428446440064768	0.1487161143345043	0.19512480985208733	0.2446396902713551	
log-spl6-percpmu.mapjitter.klw	log	spl6	percpmu	independent	perc	ips	17.638894698528226	0.15118320168352326	0.19686057371737375	0.24566737950056958	
log-spl6-percpmu.mapjitter.klw	log	spl6	percpmu	independent	perc	ips	18.93852880860355	0.16070158986781125	0.20022638433137305	0.24238083662956372	
log-spl6-percpmu.mapjitter.klw	log	spl6	percpmu	independent	perc	ips	20.33391998560055	0.1670272864104825	0.20372922931656817	0.24244717284629888	
log-spl6-percpmu.mapjitter.klw	log	spl6	percpmu	independent	perc	ips	21.832123612102944	0.16980541510331235	0.20715087968665338	0.24662463073523666	
log-spl6-percpmu.mapjitter.klw	log	spl6	percpmu	independent	perc	ips	23.440714911422706	0.16876688986067523	0.2105518189006571	0.25459366977227094	
log-spl6-percpmu.mapjitter.klw	log	spl6	percpmu	independent	perc	ips	25.16782724947517	0.16504959122073204	0.213992533606225	0.2653528456637066	
log-spl6-percpmu.mapjitter.klw	log	spl6	percpmu	independent	perc	ips	27.0221932587371	0.17673814727271647	0.2232185519055408	0.27213931231051314	
log-spl6-percpmu.mapjitter.klw	log	spl6	percpmu	independent	perc	ips	29.01318899221878	0.19952154970610525	0.23751958932968853	0.27720374101715733	
log-spl6-percpmu.mapjitter.klw	log	spl6	percpmu	independent	perc	ips	31.150881330701633	0.21542252982131385	0.25193432599539256	0.28827064995591883	
log-spl6-percpmu.mapjitter.klw	log	spl6	percpmu	independent	perc	ips	33.44607888294205	0.22384402944844847	0.26636529977699	0.30722334602297	
log-spl6-percpmu.mapjitter.klw	log	spl6	percpmu	independent	perc	ips	35.910386636203285	0.22745310579075728	0.2805796182256748	0.3317138576213291	
log-spl6-percpmu.mapjitter.klw	log	spl6	percpmu	independent	perc	ips	38.55626463343953	0.2313481399554892	0.2822080239545596	0.3315434252595351	
log-spl6-percpmu.mapjitter.klw	log	spl6	percpmu	independent	perc	ips	41.397090973816184	0.23519141706492092	0.2833917637058664	0.33085904810561473	
log-spl6-percpmu.mapjitter.klw	log	spl6	percpmu	independent	perc	ips	44.44722945510957	0.23881604210481494	0.2845294791250815	0.3304610768190054	
log-spl6-percpmu.mapjitter.klw	log	spl6	percpmu	independent	perc	ips	47.722102200000165	0.2421508867618738	0.28568892514788913	0.3301392333112535	
log-spl6-percpmu.mapjitter.klw	log	spl6	percpmu	independent	perc	ips	51.23826763347237	0.24506950366960603	0.2868435603313158	0.330223376434342	
log-spl6-percpmu.mapjitter.klw	log	spl6	percpmu	independent	perc	ips	55.01350420559078	0.2472891461064987	0.28804265254945205	0.33050218397192394	
log-spl6-percpmu.mapjitter.klw	log	spl6	percpmu	independent	perc	ips	59.0669002829722	0.24932100436771162	0.289207667427658	0.33132921588011083	
log-spl6-percpmu.mapjitter.klw	log	spl6	percpmu	independent	perc	ips	63.4189506634631	0.25092076813833086	0.29039711137146446	0.33267467352521646	
log-spl6-percpmu.mapjitter.klw	log	spl6	percpmu	independent	perc	ips	68.0916602020204	0.2521381660644573	0.2916119657312505	0.3342299150121583	
log-spl6-percpmu.mapjitter.klw	log	spl6	percpmu	independent	perc	ips	73.10865507174931	0.25286752958681	0.292843674028692	0.3361792496219816	
log-spl6-percpmu.mapjitter.klw	log	spl6	percpmu	independent	perc	ips	78.49530222265639	0.25306443230082615	0.2940739637517279	0.33856059750693124	
log-spl6-percpmu.mapjitter.klw	log	spl6	percpmu	independent	perc	ips	84.27883764212618	0.25285265418056074	0.29530200689784425	0.34133208875017745	
log-spl6-percpmu.mapjitter.klw	log	spl6	percpmu	independent	perc	ips	90.48850406563211	0.2520619158413766	0.2965098291907101	0.34429228955729757	
log-spl6-percpmu.mapjitter.klw	log	spl6	percpmu	independent	perc	ips	97.15569883397539	0.25116234427806094	0.2977551280068603	0.3477568229387994	
log-spl6-percpmu.mapjitter.klw	log	spl6	percpmu	independent	perc	ips	104.31413264464811	0.2500368877862507	0.2990177872393298	0.35143268499145075	
log-spl6-percpmu.mapjitter.klw	log	spl6	percpmu	independent	perc	ips	111.99999999999996	0.24860749016272649	0.3003069912427302	0.35527725543484956	
log-spl6-percpmu.mapjitter.klw	log	spl6	percpmu	independent	perc	vertex	6.999999999999999	0.11452227718873395	0.17004340705806642	0.23322287582287068	
log-spl6-percpmu.mapjitter.klw	log	spl6	percpmu	independent	perc	vertex	7.515760138376834	0.12432570956372373	0.17085903607279967	0.2233330558483789	
log-spl6-percpmu.mapjitter.klw	log	spl6	percpmu	independent	perc	vertex	8.069521493944878	0.13108564303594805	0.17152689540764407	0.2158388980053853	
log-spl6-percpmu.mapjitter.klw	log	spl6	percpmu	independent	perc	vertex	8.664083997137997	0.13417307771420384	0.17231440074835208	0.21253121729837904	
log-spl6-percpmu.mapjitter.klw	log	spl6	percpmu	independent	perc	vertex	9.302453877319767	0.1324756241271493	0.172900668832425	0.21500296150354847	
log-spl6-percpmu.mapjitter.klw	log	spl6	percpmu	independent	perc	vertex	9.987858862892702	0.1267018701833051	0.1734153208715345	0.22184120668460588	
log-spl6-percpmu.mapjitter.klw	log	spl6	percpmu	independent	perc	vertex	10.723764501351818	0.13310063152652327	0.17405428931069586	0.2164706345148029	
log-spl6-percpmu.mapjitter.klw	log	spl6	percpmu	independent	perc	vertex	11.513891681800072	0.13808111833459363	0.17458150030738118	0.2124923036456768	
log-spl6-percpmu.mapjitter.klw	log	spl6	percpmu	independent	perc	vertex	12.36223544852308	0.1409780594513569	0.17514068087679152	0.2106397297067091	
log-spl6-percpmu.mapjitter.klw	log	spl6	percpmu	independent	perc	vertex	13.273085200748401	0.14139117722813682	0.17570918771672098	0.21174620106894612	
log-spl6-percpmu.mapjitter.klw	log	spl6	percpmu	independent	perc	vertex	14.25104638072347	0.1390815722462417	0.1761514392972886	0.21534396648803952	
log-spl6-percpmu.mapjitter.klw	log	spl6	percpmu	independent	perc	vertex	15.301063759771553	0.1347293640853551	0.17661281359657657	0.22108707076178488	
log-spl6-percpmu.mapjitter.klw	log	spl6	percpmu	independent	perc	vertex	16.428446440064768	0.1290004025627725	0.17710309510946332	0.2282361884216465	
log-spl6-percpmu.mapjitter.klw	log	spl6	percpmu	independent	perc	vertex	17.638894698528226	0.13196990668020647	0.17897923290597909	0.22903502484305566	
log-spl6-percpmu.mapjitter.klw	log	spl6	percpmu	independent	perc	vertex	18.93852880860355	0.14195814647635044	0.1820788092492741	0.22487151129478025	
log-spl6-percpmu.mapjitter.klw	log	spl6	percpmu	independent	perc	vertex	20.33391998560055	0.14869483698559993	0.1852092630337779	0.22410185434600258	
log-spl6-percpmu.mapjitter.klw	log	spl6	percpmu	independent	perc	vertex	21.832123612102944	0.15124114193525082	0.18823251878562136	0.22787693846813048	
log-spl6-percpmu.mapjitter.klw	log	spl6	percpmu	independent	perc	vertex	23.440714911422706	0.14963937538971114	0.19132729840772808	0.23566380746955226	
log-spl6-percpmu.mapjitter.klw	log	spl6	percpmu	independent	perc	vertex	25.16782724947517	0.14542672557342082	0.19429181094695408	0.24641975269621125	
log-spl6-percpmu.mapjitter.klw	log	spl6	percpmu	independent	perc	vertex	27.0221932587371	0.15492400025474135	0.20147429734146244	0.2510149162993205	
log-spl6-percpmu.mapjitter.klw	log	spl6	percpmu	independent	perc	vertex	29.01318899221878	0.1739510566209191	0.21199178729338253	0.2521446174313328	
log-spl6-percpmu.mapjitter.klw	log	spl6	percpmu	independent	perc	vertex	31.150881330701633	0.18643779045395967	0.22251465774948648	0.2600717978230816	
log-spl6-percpmu.mapjitter.klw	log	spl6	percpmu	independent	perc	vertex	33.44607888294205	0.1915372039402163	0.2328738909552025	0.2762459120175665	
log-spl6-percpmu.mapjitter.klw	log	spl6	percpmu	independent	perc	vertex	35.910386636203285	0.19145813500587913	0.24338979768243335	0.2976001715977055	
log-spl6-percpmu.mapjitter.klw	log	spl6	percpmu	independent	perc	vertex	38.55626463343953	0.19744344976923794	0.24677408581671106	0.29851439079918385	
log-spl6-percpmu.mapjitter.klw	log	spl6	percpmu	independent	perc	vertex	41.397090973816184	0.20324283261697162	0.24994691475025044	0.2992007804981869	
log-spl6-percpmu.mapjitter.klw	log	spl6	percpmu	independent	perc	vertex	44.44722945510957	0.20848553275851223	0.25305530936411136	0.30030325717684136	
log-spl6-percpmu.mapjitter.klw	log	spl6	percpmu	independent	perc	vertex	47.722102200000165	0.2132326965520156	0.25613657628704656	0.3021786722757609	
log-spl6-percpmu.mapjitter.klw	log	spl6	percpmu	independent	perc	vertex	51.23826763347237	0.2173208081243557	0.2591694955002275	0.3046641611883721	
log-spl6-percpmu.mapjitter.klw	log	spl6	percpmu	independent	perc	vertex	55.01350420559078	0.22088794876422402	0.26223763606048056	0.307836169049619	
log-spl6-percpmu.mapjitter.klw	log	spl6	percpmu	independent	perc	vertex	59.0669002829722	0.2238298954885804	0.26526517249090253	0.311841860447266	
log-spl6-percpmu.mapjitter.klw	log	spl6	percpmu	independent	perc	vertex	63.4189506634631	0.22611105317249336	0.26823414076481406	0.31623087792453225	
log-spl6-percpmu.mapjitter.klw	log	spl6	percpmu	independent	perc	vertex	68.0916602020204	0.2277508044052927	0.27129822594616104	0.3213967444298505	
log-spl6-percpmu.mapjitter.klw	log	spl6	percpmu	independent	perc	vertex	73.10865507174931	0.22883365473003786	0.27433387676309673	0.3268584942398597	
log-spl6-percpmu.mapjitter.klw	log	spl6	percpmu	independent	perc	vertex	78.49530222265639	0.2295238568857264	0.27745019163459433	0.3329529283800971	
log-spl6-percpmu.mapjitter.klw	log	spl6	percpmu	independent	perc	vertex	84.27883764212618	0.22974234754380166	0.2804709022150236	0.33923741397503304	
log-spl6-percpmu.mapjitter.klw	log	spl6	percpmu	independent	perc	vertex	90.48850406563211	0.22958319989794176	0.2835734434135892	0.34617555159801894	
log-spl6-percpmu.mapjitter.klw	log	spl6	percpmu	independent	perc	vertex	97.15569883397539	0.2291267824828242	0.2867222314624389	0.35348262520819324	
log-spl6-percpmu.mapjitter.klw	log	spl6	percpmu	independent	perc	vertex	104.31413264464811	0.228312177960121	0.2898367882659708	0.36076864567963474	
log-spl6-percpmu.mapjitter.klw	log	spl6	percpmu	independent	perc	vertex	111.99999999999996	0.22735774220433147	0.2929391052702207	0.36825890604853784	
log-spl6-percpmu.mapjitter.klw	log	spl6	percpmu	independent	mem	ips	6.999999999999999	0.041957966714518236	0.0836230995434055	0.13888777636494573	
log-spl6-percpmu.mapjitter.klw	log	spl6	percpmu	independent	mem	ips	7.515760138376834	0.054963302473110404	0.090709175098317	0.13772900310886277	
log-spl6-percpmu.mapjitter.klw	log	spl6	percpmu	independent	mem	ips	8.069521493944878	0.06442519437635426	0.09788801518215756	0.14021516387973512	
log-spl6-percpmu.mapjitter.klw	log	spl6	percpmu	independent	mem	ips	8.664083997137997	0.0701840208720144	0.10487820589602517	0.14771465965177652	
log-spl6-percpmu.mapjitter.klw	log	spl6	percpmu	independent	mem	ips	9.302453877319767	0.07226309409495855	0.11180971360647252	0.159844828338956	
log-spl6-percpmu.mapjitter.klw	log	spl6	percpmu	independent	mem	ips	9.987858862892702	0.07148717919472958	0.11849909406287568	0.17511689288262114	
log-spl6-percpmu.mapjitter.klw	log	spl6	percpmu	independent	mem	ips	10.723764501351818	0.08316010839618251	0.12414854659219723	0.1740234291109753	
log-spl6-percpmu.mapjitter.klw	log	spl6	percpmu	independent	mem	ips	11.513891681800072	0.09281996362647188	0.129801054940541	0.1745916371036925	
log-spl6-percpmu.mapjitter.klw	log	spl6	percpmu	independent	mem	ips	12.36223544852308	0.10017159708885685	0.135382147704942	0.17794887175683005	
log-spl6-percpmu.mapjitter.klw	log	spl6	percpmu	independent	mem	ips	13.273085200748401	0.10471220030184937	0.14088041446858557	0.18434522701739647	
log-spl6-percpmu.mapjitter.klw	log	spl6	percpmu	independent	mem	ips	14.25104638072347	0.10688009230114866	0.14632256052829185	0.19370674954103034	
log-spl6-percpmu.mapjitter.klw	log	spl6	percpmu	independent	mem	ips	15.301063759771553	0.10687731889653765	0.15170187895934084	0.2053340908315153	
log-spl6-percpmu.mapjitter.klw	log	spl6	percpmu	independent	mem	ips	16.428446440064768	0.10559206220026167	0.15706389100206353	0.21875330205642665	
log-spl6-percpmu.mapjitter.klw	log	spl6	percpmu	independent	mem	ips	17.638894698528226	0.10186235136208978	0.152216023467043	0.2122089727341052	
log-spl6-percpmu.mapjitter.klw	log	spl6	percpmu	independent	mem	ips	18.93852880860355	0.09585012186832627	0.13781040271186779	0.18783966628847945	
log-spl6-percpmu.mapjitter.klw	log	spl6	percpmu	independent	mem	ips	20.33391998560055	0.08788047756221001	0.12333718315455168	0.1651199947732128	
log-spl6-percpmu.mapjitter.klw	log	spl6	percpmu	independent	mem	ips	21.832123612102944	0.07768435087903416	0.1086562005365533	0.1465458613494989	
log-spl6-percpmu.mapjitter.klw	log	spl6	percpmu	independent	mem	ips	23.440714911422706	0.06361040718977563	0.09363707915735572	0.13291603418877834	
log-spl6-percpmu.mapjitter.klw	log	spl6	percpmu	independent	mem	ips	25.16782724947517	0.045336082052732644	0.0786755789606333	0.12380820773699765	
log-spl6-percpmu.mapjitter.klw	log	spl6	percpmu	independent	mem	ips	27.0221932587371	0.03878952468697705	0.07028610559241055	0.1135508485223487	
log-spl6-percpmu.mapjitter.klw	log	spl6	percpmu	independent	mem	ips	29.01318899221878	0.041891253535272927	0.06751141811815273	0.10192203520223332	
log-spl6-percpmu.mapjitter.klw	log	spl6	percpmu	independent	mem	ips	31.150881330701633	0.041356612967738335	0.06462298060587453	0.0949302997315242	
log-spl6-percpmu.mapjitter.klw	log	spl6	percpmu	independent	mem	ips	33.44607888294205	0.03665197221434513	0.061122992576225166	0.09534004240044146	
log-spl6-percpmu.mapjitter.klw	log	spl6	percpmu	independent	mem	ips	35.910386636203285	0.027550383661934293	0.05762702385468964	0.10032205227407764	
log-spl6-percpmu.mapjitter.klw	log	spl6	percpmu	independent	mem	ips	38.55626463343953	0.028471798705918417	0.05674593913851495	0.09711805435498007	
log-spl6-percpmu.mapjitter.klw	log	spl6	percpmu	independent	mem	ips	41.397090973816184	0.029693558610836536	0.056008821130958744	0.09377915853792938	
log-spl6-percpmu.mapjitter.klw	log	spl6	percpmu	independent	mem	ips	44.44722945510957	0.03076309465505108	0.05529649267439765	0.0903973851615094	
log-spl6-percpmu.mapjitter.klw	log	spl6	percpmu	independent	mem	ips	47.722102200000165	0.03149762527085206	0.05457031609560849	0.08729151326912485	
log-spl6-percpmu.mapjitter.klw	log	spl6	percpmu	independent	mem	ips	51.23826763347237	0.03198419827492369	0.05384918806326568	0.08434353530901302	
log-spl6-percpmu.mapjitter.klw	log	spl6	percpmu	independent	mem	ips	55.01350420559078	0.032223616115916384	0.05309665752960589	0.0818177656159082	
log-spl6-percpmu.mapjitter.klw	log	spl6	percpmu	independent	mem	ips	59.0669002829722	0.03222662019697048	0.052361842696727	0.0796407935776605	
log-spl6-percpmu.mapjitter.klw	log	spl6	percpmu	independent	mem	ips	63.4189506634631	0.03195756757447671	0.05156409299515534	0.07801675853115174	
log-spl6-percpmu.mapjitter.klw	log	spl6	percpmu	independent	mem	ips	68.0916602020204	0.03136953125028136	0.050663326814762384	0.07703463871208079	
log-spl6-percpmu.mapjitter.klw	log	spl6	percpmu	independent	mem	ips	73.10865507174931	0.030459931994543703	0.049730683561420394	0.07679074106882756	
log-spl6-percpmu.mapjitter.klw	log	spl6	percpmu	independent	mem	ips	78.49530222265639	0.029307077061231247	0.048769123543089106	0.07707467512285375	
log-spl6-percpmu.mapjitter.klw	log	spl6	percpmu	independent	mem	ips	84.27883764212618	0.027882521297867065	0.04778800552578123	0.07781871270565655	
log-spl6-percpmu.mapjitter.klw	log	spl6	percpmu	independent	mem	ips	90.48850406563211	0.026103877522746437	0.04679990248461914	0.07892936010783048	
log-spl6-percpmu.mapjitter.klw	log	spl6	percpmu	independent	mem	ips	97.15569883397539	0.023941397785858805	0.045801664132806834	0.0802885469983704	
log-spl6-percpmu.mapjitter.klw	log	spl6	percpmu	independent	mem	ips	104.31413264464811	0.021476188546046056	0.044802960656436894	0.0819026335048318	
log-spl6-percpmu.mapjitter.klw	log	spl6	percpmu	independent	mem	ips	111.99999999999996	0.0187891156277777	0.04387014048273626	0.08364547962518068	
log-spl6-percpmu.mapjitter.klw	log	spl6	percpmu	independent	mem	vertex	6.999999999999999	0.041957966714518236	0.0836230995434055	0.13888777636494573	
log-spl6-percpmu.mapjitter.klw	log	spl6	percpmu	independent	mem	vertex	7.515760138376834	0.054963302473110404	0.090709175098317	0.13772900310886277	
log-spl6-percpmu.mapjitter.klw	log	spl6	percpmu	independent	mem	vertex	8.069521493944878	0.06442519437635426	0.09788801518215756	0.14021516387973512	
log-spl6-percpmu.mapjitter.klw	log	spl6	percpmu	independent	mem	vertex	8.664083997137997	0.0701840208720144	0.10487820589602517	0.14771465965177652	
log-spl6-percpmu.mapjitter.klw	log	spl6	percpmu	independent	mem	vertex	9.302453877319767	0.07226309409495855	0.11180971360647252	0.159844828338956	
log-spl6-percpmu.mapjitter.klw	log	spl6	percpmu	independent	mem	vertex	9.987858862892702	0.07148717919472958	0.11849909406287568	0.17511689288262114	
log-spl6-percpmu.mapjitter.klw	log	spl6	percpmu	independent	mem	vertex	10.723764501351818	0.08316010839618251	0.12414854659219723	0.1740234291109753	
log-spl6-percpmu.mapjitter.klw	log	spl6	percpmu	independent	mem	vertex	11.513891681800072	0.09281996362647188	0.129801054940541	0.1745916371036925	
log-spl6-percpmu.mapjitter.klw	log	spl6	percpmu	independent	mem	vertex	12.36223544852308	0.10017159708885685	0.135382147704942	0.17794887175683005	
log-spl6-percpmu.mapjitter.klw	log	spl6	percpmu	independent	mem	vertex	13.273085200748401	0.10471220030184937	0.14088041446858557	0.18434522701739647	
log-spl6-percpmu.mapjitter.klw	log	spl6	percpmu	independent	mem	vertex	14.25104638072347	0.10688009230114866	0.14632256052829185	0.19370674954103034	
log-spl6-percpmu.mapjitter.klw	log	spl6	percpmu	independent	mem	vertex	15.301063759771553	0.10687731889653765	0.15170187895934084	0.2053340908315153	
log-spl6-percpmu.mapjitter.klw	log	spl6	percpmu	independent	mem	vertex	16.428446440064768	0.10559206220026167	0.15706389100206353	0.21875330205642665	
log-spl6-percpmu.mapjitter.klw	log	spl6	percpmu	independent	mem	vertex	17.638894698528226	0.10186235136208978	0.152216023467043	0.2122089727341052	
log-spl6-percpmu.mapjitter.klw	log	spl6	percpmu	independent	mem	vertex	18.93852880860355	0.09585012186832627	0.13781040271186779	0.18783966628847945	
log-spl6-percpmu.mapjitter.klw	log	spl6	percpmu	independent	mem	vertex	20.33391998560055	0.08788047756221001	0.12333718315455168	0.1651199947732128	
log-spl6-percpmu.mapjitter.klw	log	spl6	percpmu	independent	mem	vertex	21.832123612102944	0.07768435087903416	0.1086562005365533	0.1465458613494989	
log-spl6-percpmu.mapjitter.klw	log	spl6	percpmu	independent	mem	vertex	23.440714911422706	0.06361040718977563	0.09363707915735572	0.13291603418877834	
log-spl6-percpmu.mapjitter.klw	log	spl6	percpmu	independent	mem	vertex	25.16782724947517	0.045336082052732644	0.0786755789606333	0.12380820773699765	
log-spl6-percpmu.mapjitter.klw	log	spl6	percpmu	independent	mem	vertex	27.0221932587371	0.03878952468697705	0.07028610559241055	0.1135508485223487	
log-spl6-percpmu.mapjitter.klw	log	spl6	percpmu	independent	mem	vertex	29.01318899221878	0.041891253535272927	0.06751141811815273	0.10192203520223332	
log-spl6-percpmu.mapjitter.klw	log	spl6	percpmu	independent	mem	vertex	31.150881330701633	0.041356612967738335	0.06462298060587453	0.0949302997315242	
log-spl6-percpmu.mapjitter.klw	log	spl6	percpmu	independent	mem	vertex	33.44607888294205	0.03665197221434513	0.061122992576225166	0.09534004240044146	
log-spl6-percpmu.mapjitter.klw	log	spl6	percpmu	independent	mem	vertex	35.910386636203285	0.027550383661934293	0.05762702385468964	0.10032205227407764	
log-spl6-percpmu.mapjitter.klw	log	spl6	percpmu	independent	mem	vertex	38.55626463343953	0.028471798705918417	0.05674593913851495	0.09711805435498007	
log-spl6-percpmu.mapjitter.klw	log	spl6	percpmu	independent	mem	vertex	41.397090973816184	0.029693558610836536	0.056008821130958744	0.09377915853792938	
log-spl6-percpmu.mapjitter.klw	log	spl6	percpmu	independent	mem	vertex	44.44722945510957	0.03076309465505108	0.05529649267439765	0.0903973851615094	
log-spl6-percpmu.mapjitter.klw	log	spl6	percpmu	independent	mem	vertex	47.722102200000165	0.03149762527085206	0.05457031609560849	0.08729151326912485	
log-spl6-percpmu.mapjitter.klw	log	spl6	percpmu	independent	mem	vertex	51.23826763347237	0.03198419827492369	0.05384918806326568	0.08434353530901302	
log-spl6-percpmu.mapjitter.klw	log	spl6	percpmu	independent	mem	vertex	55.01350420559078	0.032223616115916384	0.05309665752960589	0.0818177656159082	
log-spl6-percpmu.mapjitter.klw	log	spl6	percpmu	independent	mem	vertex	59.0669002829722	0.03222662019697048	0.052361842696727	0.0796407935776605	
log-spl6-percpmu.mapjitter.klw	log	spl6	percpmu	independent	mem	vertex	63.4189506634631	0.03195756757447671	0.05156409299515534	0.07801675853115174	
log-spl6-percpmu.mapjitter.klw	log	spl6	percpmu	independent	mem	vertex	68.0916602020204	0.03136953125028136	0.050663326814762384	0.07703463871208079	
log-spl6-percpmu.mapjitter.klw	log	spl6	percpmu	independent	mem	vertex	73.10865507174931	0.030459931994543703	0.049730683561420394	0.07679074106882756	
log-spl6-percpmu.mapjitter.klw	log	spl6	percpmu	independent	mem	vertex	78.49530222265639	0.029307077061231247	0.048769123543089106	0.07707467512285375	
log-spl6-percpmu.mapjitter.klw	log	spl6	percpmu	independent	mem	vertex	84.27883764212618	0.027882521297867065	0.04778800552578123	0.07781871270565655	
log-spl6-percpmu.mapjitter.klw	log	spl6	percpmu	independent	mem	vertex	90.48850406563211	0.026103877522746437	0.04679990248461914	0.07892936010783048	
log-spl6-percpmu.mapjitter.klw	log	spl6	percpmu	independent	mem	vertex	97.15569883397539	0.023941397785858805	0.045801664132806834	0.0802885469983704	
log-spl6-percpmu.mapjitter.klw	log	spl6	percpmu	independent	mem	vertex	104.31413264464811	0.021476188546046056	0.044802960656436894	0.0819026335048318	
log-spl6-percpmu.mapjitter.klw	log	spl6	percpmu	independent	mem	vertex	111.99999999999996	0.0187891156277777	0.04387014048273626	0.08364547962518068	
log-spl6-percpmu.mapjitter.klw	log	spl6	percpmu	independent	perc	delta_pct	6.999999999999999	-10.961672814551084	17.423157124629938	56.38603321913873	
log-spl6-percpmu.mapjitter.klw	log	spl6	percpmu	independent	perc	delta_pct	7.515760138376834	-7.347740750464803	16.482781793086495	46.68537956458024	
log-spl6-percpmu.mapjitter.klw	log	spl6	percpmu	independent	perc	delta_pct	8.069521493944878	-5.109732172907824	15.488881409184351	40.60722999599123	
log-spl6-percpmu.mapjitter.klw	log	spl6	percpmu	independent	perc	delta_pct	8.664083997137997	-4.946881204383618	14.440093129004383	38.63609743237403	
log-spl6-percpmu.mapjitter.klw	log	spl6	percpmu	independent	perc	delta_pct	9.302453877319767	-7.500528855983331	13.473384758902995	40.66245227741448	
log-spl6-percpmu.mapjitter.klw	log	spl6	percpmu	independent	perc	delta_pct	9.987858862892702	-12.12032069495003	12.55923018734093	45.67422676816977	
log-spl6-percpmu.mapjitter.klw	log	spl6	percpmu	independent	perc	delta_pct	10.723764501351818	-9.576090160843364	12.19509053955905	40.448555069310785	
log-spl6-percpmu.mapjitter.klw	log	spl6	percpmu	independent	perc	delta_pct	11.513891681800072	-7.557678565696191	11.87127294845446	36.434544470375386	
log-spl6-percpmu.mapjitter.klw	log	spl6	percpmu	independent	perc	delta_pct	12.36223544852308	-6.692077755230603	11.539125931899575	34.29317463728503	
log-spl6-percpmu.mapjitter.klw	log	spl6	percpmu	independent	perc	delta_pct	13.273085200748401	-7.171271989128544	11.169137675782004	34.12647446928092	
log-spl6-percpmu.mapjitter.klw	log	spl6	percpmu	independent	perc	delta_pct	14.25104638072347	-8.78616111912612	10.804385535268889	35.993824139746266	
log-spl6-percpmu.mapjitter.klw	log	spl6	percpmu	independent	perc	delta_pct	15.301063759771553	-11.251611298612444	10.479034609449844	39.48021940629028	
log-spl6-percpmu.mapjitter.klw	log	spl6	percpmu	independent	perc	delta_pct	16.428446440064768	-14.357403139804035	10.162453746000654	44.24426373041882	
log-spl6-percpmu.mapjitter.klw	log	spl6	percpmu	independent	perc	delta_pct	17.638894698528226	-13.888296910043705	10.020471447712698	42.54751097897326	
log-spl6-percpmu.mapjitter.klw	log	spl6	percpmu	independent	perc	delta_pct	18.93852880860355	-10.198612580544221	9.93920602038758	35.9079536776895	
log-spl6-percpmu.mapjitter.klw	log	spl6	percpmu	independent	perc	delta_pct	20.33391998560055	-7.480853153390785	9.925227714152163	31.682289260556008	
log-spl6-percpmu.mapjitter.klw	log	spl6	percpmu	independent	perc	delta_pct	21.832123612102944	-6.424370319943479	9.99079150873764	29.979776756674283	
log-spl6-percpmu.mapjitter.klw	log	spl6	percpmu	independent	perc	delta_pct	23.440714911422706	-7.1359981193477715	10.09681276647655	30.893029675491956	
log-spl6-percpmu.mapjitter.klw	log	spl6	percpmu	independent	perc	delta_pct	25.16782724947517	-9.298644891543603	10.174628554756193	34.15474033398542	
log-spl6-percpmu.mapjitter.klw	log	spl6	percpmu	independent	perc	delta_pct	27.0221932587371	-7.602377315997697	10.90764256357939	33.33661473508729	
log-spl6-percpmu.mapjitter.klw	log	spl6	percpmu	independent	perc	delta_pct	29.01318899221878	-3.714201776342445	12.090731153467827	30.80597019901522	
log-spl6-percpmu.mapjitter.klw	log	spl6	percpmu	independent	perc	delta_pct	31.150881330701633	-2.5742208238093296	13.15761724742034	31.818753620339514	
log-spl6-percpmu.mapjitter.klw	log	spl6	percpmu	independent	perc	delta_pct	33.44607888294205	-3.560069826250484	14.209328197360659	35.67840555861134	
log-spl6-percpmu.mapjitter.klw	log	spl6	percpmu	independent	perc	delta_pct	35.910386636203285	-5.505803737207754	15.172061869663434	41.324123735598484	
log-spl6-percpmu.mapjitter.klw	log	spl6	percpmu	independent	perc	delta_pct	38.55626463343953	-5.184711546477916	14.257702101559143	38.30535240648727	
log-spl6-percpmu.mapjitter.klw	log	spl6	percpmu	independent	perc	delta_pct	41.397090973816184	-4.8127542661338785	13.297698630323918	35.37629739254712	
log-spl6-percpmu.mapjitter.klw	log	spl6	percpmu	independent	perc	delta_pct	44.44722945510957	-4.60437932737341	12.388123010687845	32.725915576580036	
log-spl6-percpmu.mapjitter.klw	log	spl6	percpmu	independent	perc	delta_pct	47.722102200000165	-4.532338652504589	11.518407096535842	30.49211596650831	
log-spl6-percpmu.mapjitter.klw	log	spl6	percpmu	independent	perc	delta_pct	51.23826763347237	-4.705364014116205	10.636063289238727	28.68463359957607	
log-spl6-percpmu.mapjitter.klw	log	spl6	percpmu	independent	perc	delta_pct	55.01350420559078	-5.062161527744449	9.798143562026162	27.18136123847708	
log-spl6-percpmu.mapjitter.klw	log	spl6	percpmu	independent	perc	delta_pct	59.0669002829722	-5.668634610206076	8.989312918411052	26.126803345370444	
log-spl6-percpmu.mapjitter.klw	log	spl6	percpmu	independent	perc	delta_pct	63.4189506634631	-6.480801712478285	8.215014771620321	25.306559095078793	
log-spl6-percpmu.mapjitter.klw	log	spl6	percpmu	independent	perc	delta_pct	68.0916602020204	-7.429533910322037	7.45822702811444	24.879374482496743	
log-spl6-percpmu.mapjitter.klw	log	spl6	percpmu	independent	perc	delta_pct	73.10865507174931	-8.526134612757781	6.713218285852096	24.737762812341508	
log-spl6-percpmu.mapjitter.klw	log	spl6	percpmu	independent	perc	delta_pct	78.49530222265639	-9.770610580818772	5.963825864761629	24.83090904834117	
log-spl6-percpmu.mapjitter.klw	log	spl6	percpmu	independent	perc	delta_pct	84.27883764212618	-11.16307140584966	5.231292335978688	25.074006160344684	
log-spl6-percpmu.mapjitter.klw	log	spl6	percpmu	independent	perc	delta_pct	90.48850406563211	-12.497672431059938	4.500858221752669	25.49973812452347	
log-spl6-percpmu.mapjitter.klw	log	spl6	percpmu	independent	perc	delta_pct	97.15569883397539	-13.908249183862559	3.799444445783684	26.123613895397057	
log-spl6-percpmu.mapjitter.klw	log	spl6	percpmu	independent	perc	delta_pct	104.31413264464811	-15.34039731899089	3.1040380925495326	26.84485118920278	
log-spl6-percpmu.mapjitter.klw	log	spl6	percpmu	independent	perc	delta_pct	111.99999999999996	-16.683997615899294	2.4359891509825315	27.61237843475067	
log-spl6-percpmu.mapjitter.klw	log	spl6	percpmu	independent	perc	delta	6.999999999999999	-0.022290315688652255	0.02935706390935479	0.08004652867839315	0.8729861111111111
log-spl6-percpmu.mapjitter.klw	log	spl6	percpmu	independent	perc	delta	7.515760138376834	-0.01447023043866171	0.027927531261033173	0.06942389360514244	0.9044583333333334
log-spl6-percpmu.mapjitter.klw	log	spl6	percpmu	independent	perc	delta	8.069521493944878	-0.009896826444253557	0.026380808026382957	0.06211615130383532	0.9255694444444444
log-spl6-percpmu.mapjitter.klw	log	spl6	percpmu	independent	perc	delta	8.664083997137997	-0.009499189291461358	0.02476279535985719	0.05963656528002835	0.9234444444444444
log-spl6-percpmu.mapjitter.klw	log	spl6	percpmu	independent	perc	delta	9.302453877319767	-0.014394643759687537	0.02314594810683994	0.062077375639400696	0.8887361111111111
log-spl6-percpmu.mapjitter.klw	log	spl6	percpmu	independent	perc	delta	9.987858862892702	-0.023566720921959956	0.021663654914768807	0.06801904309485673	0.8305416666666666
log-spl6-percpmu.mapjitter.klw	log	spl6	percpmu	independent	perc	delta	10.723764501351818	-0.018503385814955815	0.02112500970330071	0.061608935513216764	0.8569722222222222
log-spl6-percpmu.mapjitter.klw	log	spl6	percpmu	independent	perc	delta	11.513891681800072	-0.014562009614083153	0.020657146457582348	0.056545207151910845	0.8766805555555556
log-spl6-percpmu.mapjitter.klw	log	spl6	percpmu	independent	perc	delta	12.36223544852308	-0.01290090649539072	0.020111047010202915	0.05366697439996036	0.8841111111111111
log-spl6-percpmu.mapjitter.klw	log	spl6	percpmu	independent	perc	delta	13.273085200748401	-0.014135829026275611	0.019546886558399146	0.05360701674591692	0.8742777777777778
log-spl6-percpmu.mapjitter.klw	log	spl6	percpmu	independent	perc	delta	14.25104638072347	-0.01739521775147984	0.018960756272689158	0.05602043536992031	0.8479027777777778
log-spl6-percpmu.mapjitter.klw	log	spl6	percpmu	independent	perc	delta	15.301063759771553	-0.022747718108036465	0.018410716034161126	0.06020735981076946	0.81125
log-spl6-percpmu.mapjitter.klw	log	spl6	percpmu	independent	perc	delta	16.428446440064768	-0.029388368147967303	0.017895942920766295	0.06599319145221116	0.77125
log-spl6-percpmu.mapjitter.klw	log	spl6	percpmu	independent	perc	delta	17.638894698528226	-0.028590564226069624	0.017829294130967108	0.06463597444477412	0.77525
log-spl6-percpmu.mapjitter.klw	log	spl6	percpmu	independent	perc	delta	18.93852880860355	-0.02079436450964779	0.01803651198395584	0.05771732788758807	0.8203333333333334
log-spl6-percpmu.mapjitter.klw	log	spl6	percpmu	independent	perc	delta	20.33391998560055	-0.015194409317053166	0.018341200261379628	0.05289753177300156	0.8585972222222222
log-spl6-percpmu.mapjitter.klw	log	spl6	percpmu	independent	perc	delta	21.832123612102944	-0.013295789629132918	0.018729698244103227	0.05133729182867106	0.8772222222222222
log-spl6-percpmu.mapjitter.klw	log	spl6	percpmu	independent	perc	delta	23.440714911422706	-0.01516975894841444	0.01916500601169084	0.053487672079199716	0.8676388888888888
log-spl6-percpmu.mapjitter.klw	log	spl6	percpmu	independent	perc	delta	25.16782724947517	-0.020218879224170826	0.01961079905188133	0.058812184966522206	0.8387361111111111
log-spl6-percpmu.mapjitter.klw	log	spl6	percpmu	independent	perc	delta	27.0221932587371	-0.01696869316297513	0.021727522367206556	0.05984593834333215	0.8706666666666667
log-spl6-percpmu.mapjitter.klw	log	spl6	percpmu	independent	perc	delta	29.01318899221878	-0.008618351152590659	0.025511840938974698	0.05930636554198895	0.9305833333333333
log-spl6-percpmu.mapjitter.klw	log	spl6	percpmu	independent	perc	delta	31.150881330701633	-0.006241068622884268	0.02923286989591456	0.06454844510305449	0.9481388888888889
log-spl6-percpmu.mapjitter.klw	log	spl6	percpmu	independent	perc	delta	33.44607888294205	-0.009048731939322412	0.0329696650129719	0.07481187975227803	0.9396527777777778
log-spl6-percpmu.mapjitter.klw	log	spl6	percpmu	independent	perc	delta	35.910386636203285	-0.015190830255605114	0.03673257841620997	0.08817207625093203	0.9207916666666667
log-spl6-percpmu.mapjitter.klw	log	spl6	percpmu	independent	perc	delta	38.55626463343953	-0.014375653827605101	0.035044662410757904	0.08402857953549399	0.922125
log-spl6-percpmu.mapjitter.klw	log	spl6	percpmu	independent	perc	delta	41.397090973816184	-0.013381481539807383	0.0331527434105091	0.07944229382878576	0.9224583333333334
log-spl6-percpmu.mapjitter.klw	log	spl6	percpmu	independent	perc	delta	44.44722945510957	-0.012880021004131067	0.03122005374386877	0.07489190606264205	0.9210416666666666
log-spl6-percpmu.mapjitter.klw	log	spl6	percpmu	independent	perc	delta	47.722102200000165	-0.012827586175380466	0.029376833991652945	0.07109297080930065	0.9171805555555556
log-spl6-percpmu.mapjitter.klw	log	spl6	percpmu	independent	perc	delta	51.23826763347237	-0.013430719445428249	0.027471560408720008	0.06812383888734645	0.909375
log-spl6-percpmu.mapjitter.klw	log	spl6	percpmu	independent	perc	delta	55.01350420559078	-0.014613037429171461	0.025627628301889277	0.06545212226525554	0.8971527777777778
log-spl6-percpmu.mapjitter.klw	log	spl6	percpmu	independent	perc	delta	59.0669002829722	-0.016501433133148984	0.023759420798171754	0.06330661434466175	0.8796111111111111
log-spl6-percpmu.mapjitter.klw	log	spl6	percpmu	independent	perc	delta	63.4189506634631	-0.019201945260427764	0.021981559682212284	0.06192652916732893	0.857125
log-spl6-percpmu.mapjitter.klw	log	spl6	percpmu	independent	perc	delta	68.0916602020204	-0.022511493120394712	0.020170458142461184	0.06106070723752203	0.8291666666666667
log-spl6-percpmu.mapjitter.klw	log	spl6	percpmu	independent	perc	delta	73.10865507174931	-0.026247661768616624	0.018352401414851158	0.06096263224816436	0.7973888888888889
log-spl6-percpmu.mapjitter.klw	log	spl6	percpmu	independent	perc	delta	78.49530222265639	-0.030663214194061667	0.016503143039023893	0.061286779670027616	0.7621805555555555
log-spl6-percpmu.mapjitter.klw	log	spl6	percpmu	independent	perc	delta	84.27883764212618	-0.035542777633785216	0.014647963217289756	0.06214200044092788	0.7263194444444444
log-spl6-percpmu.mapjitter.klw	log	spl6	percpmu	independent	perc	delta	90.48850406563211	-0.040812382382494135	0.012744263209537032	0.06327328930945006	0.6914027777777778
log-spl6-percpmu.mapjitter.klw	log	spl6	percpmu	independent	perc	delta	97.15569883397539	-0.046171250004368176	0.010883387890068846	0.06480898956249309	0.6559722222222222
log-spl6-percpmu.mapjitter.klw	log	spl6	percpmu	independent	perc	delta	104.31413264464811	-0.05169958987737782	0.009007302693309904	0.06648189811495289	0.6224861111111111
log-spl6-percpmu.mapjitter.klw	log	spl6	percpmu	independent	perc	delta	111.99999999999996	-0.05745160984350332	0.007137120732731678	0.06836013330675514	0.5926944444444444
log-spl6-percpmu.mapjitter.klw	log	spl6	percpmu	independent	mem	delta_pct	6.999999999999999	0.0	0.0	0.0	
log-spl6-percpmu.mapjitter.klw	log	spl6	percpmu	independent	mem	delta_pct	7.515760138376834	0.0	0.0	0.0	
log-spl6-percpmu.mapjitter.klw	log	spl6	percpmu	independent	mem	delta_pct	8.069521493944878	0.0	0.0	0.0	
log-spl6-percpmu.mapjitter.klw	log	spl6	percpmu	independent	mem	delta_pct	8.664083997137997	0.0	0.0	0.0	
log-spl6-percpmu.mapjitter.klw	log	spl6	percpmu	independent	mem	delta_pct	9.302453877319767	0.0	0.0	0.0	
log-spl6-percpmu.mapjitter.klw	log	spl6	percpmu	independent	mem	delta_pct	9.987858862892702	0.0	0.0	0.0	
log-spl6-percpmu.mapjitter.klw	log	spl6	percpmu	independent	mem	delta_pct	10.723764501351818	0.0	0.0	0.0	
log-spl6-percpmu.mapjitter.klw	log	spl6	percpmu	independent	mem	delta_pct	11.513891681800072	0.0	0.0	0.0	
log-spl6-percpmu.mapjitter.klw	log	spl6	percpmu	independent	mem	delta_pct	12.36223544852308	0.0	0.0	0.0	
log-spl6-percpmu.mapjitter.klw	log	spl6	percpmu	independent	mem	delta_pct	13.273085200748401	0.0	0.0	0.0	
log-spl6-percpmu.mapjitter.klw	log	spl6	percpmu	independent	mem	delta_pct	14.25104638072347	0.0	0.0	0.0	
log-spl6-percpmu.mapjitter.klw	log	spl6	percpmu	independent	mem	delta_pct	15.301063759771553	0.0	0.0	0.0	
log-spl6-percpmu.mapjitter.klw	log	spl6	percpmu	independent	mem	delta_pct	16.428446440064768	0.0	0.0	0.0	
log-spl6-percpmu.mapjitter.klw	log	spl6	percpmu	independent	mem	delta_pct	17.638894698528226	0.0	0.0	0.0	
log-spl6-percpmu.mapjitter.klw	log	spl6	percpmu	independent	mem	delta_pct	18.93852880860355	0.0	0.0	0.0	
log-spl6-percpmu.mapjitter.klw	log	spl6	percpmu	independent	mem	delta_pct	20.33391998560055	0.0	0.0	0.0	
log-spl6-percpmu.mapjitter.klw	log	spl6	percpmu	independent	mem	delta_pct	21.832123612102944	0.0	0.0	0.0	
log-spl6-percpmu.mapjitter.klw	log	spl6	percpmu	independent	mem	delta_pct	23.440714911422706	0.0	0.0	0.0	
log-spl6-percpmu.mapjitter.klw	log	spl6	percpmu	independent	mem	delta_pct	25.16782724947517	0.0	0.0	0.0	
log-spl6-percpmu.mapjitter.klw	log	spl6	percpmu	independent	mem	delta_pct	27.0221932587371	0.0	0.0	0.0	
log-spl6-percpmu.mapjitter.klw	log	spl6	percpmu	independent	mem	delta_pct	29.01318899221878	0.0	0.0	0.0	
log-spl6-percpmu.mapjitter.klw	log	spl6	percpmu	independent	mem	delta_pct	31.150881330701633	0.0	0.0	0.0	
log-spl6-percpmu.mapjitter.klw	log	spl6	percpmu	independent	mem	delta_pct	33.44607888294205	0.0	0.0	0.0	
log-spl6-percpmu.mapjitter.klw	log	spl6	percpmu	independent	mem	delta_pct	35.910386636203285	0.0	0.0	0.0	
log-spl6-percpmu.mapjitter.klw	log	spl6	percpmu	independent	mem	delta_pct	38.55626463343953	0.0	0.0	0.0	
log-spl6-percpmu.mapjitter.klw	log	spl6	percpmu	independent	mem	delta_pct	41.397090973816184	0.0	0.0	0.0	
log-spl6-percpmu.mapjitter.klw	log	spl6	percpmu	independent	mem	delta_pct	44.44722945510957	0.0	0.0	0.0	
log-spl6-percpmu.mapjitter.klw	log	spl6	percpmu	independent	mem	delta_pct	47.722102200000165	0.0	0.0	0.0	
log-spl6-percpmu.mapjitter.klw	log	spl6	percpmu	independent	mem	delta_pct	51.23826763347237	0.0	0.0	0.0	
log-spl6-percpmu.mapjitter.klw	log	spl6	percpmu	independent	mem	delta_pct	55.01350420559078	0.0	0.0	0.0	
log-spl6-percpmu.mapjitter.klw	log	spl6	percpmu	independent	mem	delta_pct	59.0669002829722	0.0	0.0	0.0	
log-spl6-percpmu.mapjitter.klw	log	spl6	percpmu	independent	mem	delta_pct	63.4189506634631	0.0	0.0	0.0	
log-spl6-percpmu.mapjitter.klw	log	spl6	percpmu	independent	mem	delta_pct	68.0916602020204	0.0	0.0	0.0	
log-spl6-percpmu.mapjitter.klw	log	spl6	percpmu	independent	mem	delta_pct	73.10865507174931	0.0	0.0	0.0	
log-spl6-percpmu.mapjitter.klw	log	spl6	percpmu	independent	mem	delta_pct	78.49530222265639	0.0	0.0	0.0	
log-spl6-percpmu.mapjitter.klw	log	spl6	percpmu	independent	mem	delta_pct	84.27883764212618	0.0	0.0	0.0	
log-spl6-percpmu.mapjitter.klw	log	spl6	percpmu	independent	mem	delta_pct	90.48850406563211	0.0	0.0	0.0	
log-spl6-percpmu.mapjitter.klw	log	spl6	percpmu	independent	mem	delta_pct	97.15569883397539	0.0	0.0	0.0	
log-spl6-percpmu.mapjitter.klw	log	spl6	percpmu	independent	mem	delta_pct	104.31413264464811	0.0	0.0	0.0	
log-spl6-percpmu.mapjitter.klw	log	spl6	percpmu	independent	mem	delta_pct	111.99999999999996	0.0	0.0	0.0	
log-spl6-percpmu.mapjitter.klw	log	spl6	percpmu	independent	mem	delta	6.999999999999999	0.0	0.0	0.0	0.0
log-spl6-percpmu.mapjitter.klw	log	spl6	percpmu	independent	mem	delta	7.515760138376834	0.0	0.0	0.0	0.0
log-spl6-percpmu.mapjitter.klw	log	spl6	percpmu	independent	mem	delta	8.069521493944878	0.0	0.0	0.0	0.0
log-spl6-percpmu.mapjitter.klw	log	spl6	percpmu	independent	mem	delta	8.664083997137997	0.0	0.0	0.0	0.0
log-spl6-percpmu.mapjitter.klw	log	spl6	percpmu	independent	mem	delta	9.302453877319767	0.0	0.0	0.0	0.0
log-spl6-percpmu.mapjitter.klw	log	spl6	percpmu	independent	mem	delta	9.987858862892702	0.0	0.0	0.0	0.0
log-spl6-percpmu.mapjitter.klw	log	spl6	percpmu	independent	mem	delta	10.723764501351818	0.0	0.0	0.0	0.0
log-spl6-percpmu.mapjitter.klw	log	spl6	percpmu	independent	mem	delta	11.513891681800072	0.0	0.0	0.0	0.0
log-spl6-percpmu.mapjitter.klw	log	spl6	percpmu	independent	mem	delta	12.36223544852308	0.0	0.0	0.0	0.0
log-spl6-percpmu.mapjitter.klw	log	spl6	percpmu	independent	mem	delta	13.273085200748401	0.0	0.0	0.0	0.0
log-spl6-percpmu.mapjitter.klw	log	spl6	percpmu	independent	mem	delta	14.25104638072347	0.0	0.0	0.0	0.0
log-spl6-percpmu.mapjitter.klw	log	spl6	percpmu	independent	mem	delta	15.301063759771553	0.0	0.0	0.0	0.0
log-spl6-percpmu.mapjitter.klw	log	spl6	percpmu	independent	mem	delta	16.428446440064768	0.0	0.0	0.0	0.0
log-spl6-percpmu.mapjitter.klw	log	spl6	percpmu	independent	mem	delta	17.638894698528226	0.0	0.0	0.0	0.0
log-spl6-percpmu.mapjitter.klw	log	spl6	percpmu	independent	mem	delta	18.93852880860355	0.0	0.0	0.0	0.0
log-spl6-percpmu.mapjitter.klw	log	spl6	percpmu	independent	mem	delta	20.33391998560055	0.0	0.0	0.0	0.0
log-spl6-percpmu.mapjitter.klw	log	spl6	percpmu	independent	mem	delta	21.832123612102944	0.0	0.0	0.0	0.0
log-spl6-percpmu.mapjitter.klw	log	spl6	percpmu	independent	mem	delta	23.440714911422706	0.0	0.0	0.0	0.0
log-spl6-percpmu.mapjitter.klw	log	spl6	percpmu	independent	mem	delta	25.16782724947517	0.0	0.0	0.0	0.0
log-spl6-percpmu.mapjitter.klw	log	spl6	percpmu	independent	mem	delta	27.0221932587371	0.0	0.0	0.0	0.0
log-spl6-percpmu.mapjitter.klw	log	spl6	percpmu	independent	mem	delta	29.01318899221878	0.0	0.0	0.0	0.0
log-spl6-percpmu.mapjitter.klw	log	spl6	percpmu	independent	mem	delta	31.150881330701633	0.0	0.0	0.0	0.0
log-spl6-percpmu.mapjitter.klw	log	spl6	percpmu	independent	mem	delta	33.44607888294205	0.0	0.0	0.0	0.0
log-spl6-percpmu.mapjitter.klw	log	spl6	percpmu	independent	mem	delta	35.910386636203285	0.0	0.0	0.0	0.0
log-spl6-percpmu.mapjitter.klw	log	spl6	percpmu	independent	mem	delta	38.55626463343953	0.0	0.0	0.0	0.0
log-spl6-percpmu.mapjitter.klw	log	spl6	percpmu	independent	mem	delta	41.397090973816184	0.0	0.0	0.0	0.0
log-spl6-percpmu.mapjitter.klw	log	spl6	percpmu	independent	mem	delta	44.44722945510957	0.0	0.0	0.0	0.0
log-spl6-percpmu.mapjitter.klw	log	spl6	percpmu	independent	mem	delta	47.722102200000165	0.0	0.0	0.0	0.0
log-spl6-percpmu.mapjitter.klw	log	spl6	percpmu	independent	mem	delta	51.23826763347237	0.0	0.0	0.0	0.0
log-spl6-percpmu.mapjitter.klw	log	spl6	percpmu	independent	mem	delta	55.01350420559078	0.0	0.0	0.0	0.0
log-spl6-percpmu.mapjitter.klw	log	spl6	percpmu	independent	mem	delta	59.0669002829722	0.0	0.0	0.0	0.0
log-spl6-percpmu.mapjitter.klw	log	spl6	percpmu	independent	mem	delta	63.4189506634631	0.0	0.0	0.0	0.0
log-spl6-percpmu.mapjitter.klw	log	spl6	percpmu	independent	mem	delta	68.0916602020204	0.0	0.0	0.0	0.0
log-spl6-percpmu.mapjitter.klw	log	spl6	percpmu	independent	mem	delta	73.10865507174931	0.0	0.0	0.0	0.0
log-spl6-percpmu.mapjitter.klw	log	spl6	percpmu	independent	mem	delta	78.49530222265639	0.0	0.0	0.0	0.0
log-spl6-percpmu.mapjitter.klw	log	spl6	percpmu	independent	mem	delta	84.27883764212618	0.0	0.0	0.0	0.0
log-spl6-percpmu.mapjitter.klw	log	spl6	percpmu	independent	mem	delta	90.48850406563211	0.0	0.0	0.0	0.0
log-spl6-percpmu.mapjitter.klw	log	spl6	percpmu	independent	mem	delta	97.15569883397539	0.0	0.0	0.0	0.0
log-spl6-percpmu.mapjitter.klw	log	spl6	percpmu	independent	mem	delta	104.31413264464811	0.0	0.0	0.0	0.0
log-spl6-percpmu.mapjitter.klw	log	spl6	percpmu	independent	mem	delta	111.99999999999996	0.0	0.0	0.0	0.0
log-spl7-percpmu.mapjitter.klw	log	spl7	percpmu	independent	perc	ips	6.999999999999999	0.1418191455824095	0.20020713591007172	0.26109036049799866	
log-spl7-percpmu.mapjitter.klw	log	spl7	percpmu	independent	perc	ips	7.515760138376834	0.1492824959803927	0.19822642631275267	0.24947638685547366	
log-spl7-percpmu.mapjitter.klw	log	spl7	percpmu	independent	perc	ips	8.069521493944878	0.1526194530206287	0.1961654237191831	0.24113743449017172	
log-spl7-percpmu.mapjitter.klw	log	spl7	percpmu	independent	perc	ips	8.664083997137997	0.151925960357769	0.19401336236221986	0.23768013374265357	
log-spl7-percpmu.mapjitter.klw	log	spl7	percpmu	independent	perc	ips	9.302453877319767	0.14613645616558885	0.19196916223252436	0.23892291212108605	
log-spl7-percpmu.mapjitter.klw	log	spl7	percpmu	independent	perc	ips	9.987858862892702	0.13656616403465655	0.18980300290646424	0.24480309941080713	
log-spl7-percpmu.mapjitter.klw	log	spl7	percpmu	independent	perc	ips	10.723764501351818	0.14518281245420242	0.19032701121998402	0.23659399834583927	
log-spl7-percpmu.mapjitter.klw	log	spl7	percpmu	independent	perc	ips	11.513891681800072	0.149514718194929	0.19090815767909036	0.23256275651051678	
log-spl7-percpmu.mapjitter.klw	log	spl7	percpmu	independent	perc	ips	12.36223544852308	0.14829023310561693	0.1914406112496287	0.23407650814147213	
log-spl7-percpmu.mapjitter.klw	log	spl7	percpmu	independent	perc	ips	13.273085200748401	0.14220456091133862	0.19202307150173453	0.2412208736529278	
log-spl7-percpmu.mapjitter.klw	log	spl7	percpmu	independent	perc	ips	14.25104638072347	0.13823770214244746	0.19279406850217984	0.24720375752843177	
log-spl7-percpmu.mapjitter.klw	log	spl7	percpmu	independent	perc	ips	15.301063759771553	0.14899528910465118	0.1944611662384036	0.2404425605246125	
log-spl7-percpmu.mapjitter.klw	log	spl7	percpmu	independent	perc	ips	16.428446440064768	0.1572121343841778	0.19616332560254773	0.23613772739274486	
log-spl7-percpmu.mapjitter.klw	log	spl7	percpmu	independent	perc	ips	17.638894698528226	0.16123857035554426	0.1978505972524225	0.23606312708281676	
log-spl7-percpmu.mapjitter.klw	log	spl7	percpmu	independent	perc	ips	18.93852880860355	0.16026984529203178	0.19952310598668427	0.2408998973279979	
log-spl7-percpmu.mapjitter.klw	log	spl7	percpmu	independent	perc	ips	20.33391998560055	0.15980571346960262	0.20225237210477032	0.2467598259993959	
log-spl7-percpmu.mapjitter.klw	log	spl7	percpmu	independent	perc	ips	21.832123612102944	0.1711514448851549	0.2080766079995032	0.2464876026757432	
log-spl7-percpmu.mapjitter.klw	log	spl7	percpmu	independent	perc	ips	23.440714911422706	0.17897617614698932	0.21400933015122653	0.25003284135075504	
log-spl7-percpmu.mapjitter.klw	log	spl7	percpmu	independent	perc	ips	25.16782724947517	0.18228144944932204	0.21994936537399323	0.2580758461227832	
log-spl7-percpmu.mapjitter.klw	log	spl7	percpmu	independent	perc	ips	27.0221932587371	0.18217635759689188	0.22581272496104043	0.2697048810300409	
log-spl7-percpmu.mapjitter.klw	log	spl7	percpmu	independent	perc	ips	29.01318899221878	0.18980216885773904	0.23325461914655524	0.27726782117220045	
log-spl7-percpmu.mapjitter.klw	log	spl7	percpmu	independent	perc	ips	31.150881330701633	0.20484542902553335	0.2425229598230158	0.28158068091170557	
log-spl7-percpmu.mapjitter.klw	log	spl7	percpmu	independent	perc	ips	33.44607888294205	0.215072544394985	0.2518888287372287	0.2899674192631909	
log-spl7-percpmu.mapjitter.klw	log	spl7	percpmu	independent	perc	ips	35.910386636203285	0.22016771193428505	0.26124137307997974	0.3024454933598387	
log-spl7-percpmu.mapjitter.klw	log	spl7	percpmu	independent	perc	ips	38.55626463343953	0.22181144059073502	0.2707319801623822	0.31864367959908246	
log-spl7-percpmu.mapjitter.klw	log	spl7	percpmu	independent	perc	ips	41.397090973816184	0.2223143311384909	0.2790262930288345	0.33442753043029666	
log-spl7-percpmu.mapjitter.klw	log	spl7	percpmu	independent	perc	ips	44.44722945510957	0.2275860090186289	0.2808398922927109	0.3335498052849387	
log-spl7-percpmu.mapjitter.klw	log	spl7	percpmu	independent	perc	ips	47.722102200000165	0.2324100123833381	0.282595383556742	0.3328541973585891	
log-spl7-percpmu.mapjitter.klw	log	spl7	percpmu	independent	perc	ips	51.23826763347237	0.23716842192812712	0.28440996100872384	0.3326238640563738	
log-spl7-percpmu.mapjitter.klw	log	spl7	percpmu	independent	perc	ips	55.01350420559078	0.24130609350940296	0.2862520310294095	0.3328656705009697	
log-spl7-percpmu.mapjitter.klw	log	spl7	percpmu	independent	perc	ips	59.0669002829722	0.24506668238842455	0.2879414704563421	0.33342234549637245	
log-spl7-percpmu.mapjitter.klw	log	spl7	percpmu	independent	perc	ips	63.4189506634631	0.24819189146771942	0.28971422819882975	0.3344171448811935	
log-spl7-percpmu.mapjitter.klw	log	spl7	percpmu	independent	perc	ips	68.0916602020204	0.2507340691279988	0.291436540625512	0.3359603012639836	
log-spl7-percpmu.mapjitter.klw	log	spl7	percpmu	independent	perc	ips	73.10865507174931	0.25250171316934444	0.2932104547029418	0.3378876191351188	
log-spl7-percpmu.mapjitter.klw	log	spl7	percpmu	independent	perc	ips	78.49530222265639	0.2536443425758631	0.2950570861572034	0.3405193522423693	
log-spl7-percpmu.mapjitter.klw	log	spl7	percpmu	independent	perc	ips	84.27883764212618	0.25430870769854974	0.2969492479597764	0.3437645232069135	
log-spl7-percpmu.mapjitter.klw	log	spl7	percpmu	independent	perc	ips	90.48850406563211	0.25445529459868743	0.2987486165466222	0.34750276968050553	
log-spl7-percpmu.mapjitter.klw	log	spl7	percpmu	independent	perc	ips	97.15569883397539	0.25413434704970456	0.30060519637081806	0.351653306339836	
log-spl7-percpmu.mapjitter.klw	log	spl7	percpmu	independent	perc	ips	104.31413264464811	0.25353768701420576	0.3024886312022598	0.35615414743059504	
log-spl7-percpmu.mapjitter.klw	log	spl7	percpmu	independent	perc	ips	111.99999999999996	0.25265110736948015	0.30434209685227864	0.36085402541433576	
log-spl7-percpmu.mapjitter.klw	log	spl7	percpmu	independent	perc	vertex	6.999999999999999	0.11186540146770776	0.16726084534280755	0.2310755894432276	
log-spl7-percpmu.mapjitter.klw	log	spl7	percpmu	independent	perc	vertex	7.515760138376834	0.1221709267884514	0.16885679824553612	0.22206328328157604	
log-spl7-percpmu.mapjitter.klw	log	spl7	percpmu	independent	perc	vertex	8.069521493944878	0.1291434180457057	0.17048787587201114	0.2157895165004432	
log-spl7-percpmu.mapjitter.klw	log	spl7	percpmu	independent	perc	vertex	8.664083997137997	0.132562755191705	0.1719940383189848	0.21403350306391783	
log-spl7-percpmu.mapjitter.klw	log	spl7	percpmu	independent	perc	vertex	9.302453877319767	0.13072009766097184	0.17329614468080626	0.21813590412396294	
log-spl7-percpmu.mapjitter.klw	log	spl7	percpmu	independent	perc	vertex	9.987858862892702	0.12501408235287423	0.1747733595989134	0.226820061457713	
log-spl7-percpmu.mapjitter.klw	log	spl7	percpmu	independent	perc	vertex	10.723764501351818	0.12853467919439415	0.1706837011390543	0.21413548951458314	
log-spl7-percpmu.mapjitter.klw	log	spl7	percpmu	independent	perc	vertex	11.513891681800072	0.1285239871310519	0.16638167511269603	0.20525234713544704	
log-spl7-percpmu.mapjitter.klw	log	spl7	percpmu	independent	perc	vertex	12.36223544852308	0.12358978697839366	0.1620538759696212	0.20154087784833813	
log-spl7-percpmu.mapjitter.klw	log	spl7	percpmu	independent	perc	vertex	13.273085200748401	0.11381768285122616	0.15768721611998632	0.20318347302362694	
log-spl7-percpmu.mapjitter.klw	log	spl7	percpmu	independent	perc	vertex	14.25104638072347	0.10886992575283953	0.15684418429750985	0.20685284651788668	
log-spl7-percpmu.mapjitter.klw	log	spl7	percpmu	independent	perc	vertex	15.301063759771553	0.12629136421122866	0.16646808041380262	0.2085507062622495	
log-spl7-percpmu.mapjitter.klw	log	spl7	percpmu	independent	perc	vertex	16.428446440064768	0.13967439183528668	0.1762246136193954	0.21388588631768332	
log-spl7-percpmu.mapjitter.klw	log	spl7	percpmu	independent	perc	vertex	17.638894698528226	0.1485322332946323	0.18598299436369914	0.22466947351504626	
log-spl7-percpmu.mapjitter.klw	log	spl7	percpmu	independent	perc	vertex	18.93852880860355	0.15273078033645726	0.19565114628000463	0.2399938434326283	
log-spl7-percpmu.mapjitter.klw	log	spl7	percpmu	independent	perc	vertex	20.33391998560055	0.15556172363398038	0.20273811901109223	0.2517865427865626	
log-spl7-percpmu.mapjitter.klw	log	spl7	percpmu	independent	perc	vertex	21.832123612102944	0.16207987557384573	0.20173686301262972	0.24294978729875888	
log-spl7-percpmu.mapjitter.klw	log	spl7	percpmu	independent	perc	vertex	23.440714911422706	0.1649571092232304	0.2007888177636421	0.2371986258755213	
log-spl7-percpmu.mapjitter.klw	log	spl7	percpmu	independent	perc	vertex	25.16782724947517	0.16266689700222237	0.19982653306659848	0.23679747642830656	
log-spl7-percpmu.mapjitter.klw	log	spl7	percpmu	independent	perc	vertex	27.0221932587371	0.15590911899328266	0.19878982638789838	0.2410666235657441	
log-spl7-percpmu.mapjitter.klw	log	spl7	percpmu	independent	perc	vertex	29.01318899221878	0.16124404336864967	0.20380261333618765	0.24622461650927202	
log-spl7-percpmu.mapjitter.klw	log	spl7	percpmu	independent	perc	vertex	31.150881330701633	0.17825337084215043	0.21487321218078337	0.25251625950097695	
log-spl7-percpmu.mapjitter.klw	log	spl7	percpmu	independent	perc	vertex	33.44607888294205	0.18973240038062356	0.22590080438235685	0.2638393079185738	
log-spl7-percpmu.mapjitter.klw	log	spl7	percpmu	independent	perc	vertex	35.910386636203285	0.1962908568891747	0.2369844841817545	0.2805713890278407	
log-spl7-percpmu.mapjitter.klw	log	spl7	percpmu	independent	perc	vertex	38.55626463343953	0.19882457778932172	0.24810302611200052	0.3009132642860916	
log-spl7-percpmu.mapjitter.klw	log	spl7	percpmu	independent	perc	vertex	41.397090973816184	0.20052892329410218	0.2580041053404787	0.3203675881863855	
log-spl7-percpmu.mapjitter.klw	log	spl7	percpmu	independent	perc	vertex	44.44722945510957	0.20679731136250912	0.26065069381367933	0.3189119693557057	
log-spl7-percpmu.mapjitter.klw	log	spl7	percpmu	independent	perc	vertex	47.722102200000165	0.2125939865759576	0.26325137838187096	0.31811680751041116	
log-spl7-percpmu.mapjitter.klw	log	spl7	percpmu	independent	perc	vertex	51.23826763347237	0.21774109475717526	0.2658711075069372	0.3182364564965601	
log-spl7-percpmu.mapjitter.klw	log	spl7	percpmu	independent	perc	vertex	55.01350420559078	0.2222966932153744	0.2684215605384108	0.31907997715764136	
log-spl7-percpmu.mapjitter.klw	log	spl7	percpmu	independent	perc	vertex	59.0669002829722	0.22598966110579338	0.2709418531880488	0.3209549823973195	
log-spl7-percpmu.mapjitter.klw	log	spl7	percpmu	independent	perc	vertex	63.4189506634631	0.22887135662283717	0.2734915751746949	0.32361808458587527	
log-spl7-percpmu.mapjitter.klw	log	spl7	percpmu	independent	perc	vertex	68.0916602020204	0.23085172786190467	0.27604713437897677	0.32710213346348593	
log-spl7-percpmu.mapjitter.klw	log	spl7	percpmu	independent	perc	vertex	73.10865507174931	0.23202085037698833	0.27847874455976773	0.3316074258737817	
log-spl7-percpmu.mapjitter.klw	log	spl7	percpmu	independent	perc	vertex	78.49530222265639	0.2325580213494351	0.2809988555301206	0.3367288742835581	
log-spl7-percpmu.mapjitter.klw	log	spl7	percpmu	independent	perc	vertex	84.27883764212618	0.23233665697592826	0.28355380229620386	0.3424736406877466	
log-spl7-percpmu.mapjitter.klw	log	spl7	percpmu	independent	perc	vertex	90.48850406563211	0.23143768961752792	0.2860968960553597	0.34893209307175704	
log-spl7-percpmu.mapjitter.klw	log	spl7	percpmu	independent	perc	vertex	97.15569883397539	0.23001736664744535	0.2886078602128353	0.35592084175967786	
log-spl7-percpmu.mapjitter.klw	log	spl7	percpmu	independent	perc	vertex	104.31413264464811	0.22828546467049335	0.29112067109457906	0.3629215259205023	
log-spl7-percpmu.mapjitter.klw	log	spl7	percpmu	independent	perc	vertex	111.99999999999996	0.22612374069663915	0.29357988998390866	0.37046944092303247	
log-spl7-percpmu.mapjitter.klw	log	spl7	percpmu	independent	mem	ips	6.999999999999999	0.042916173930598545	0.08574980417417927	0.14160124754970832	
log-spl7-percpmu.mapjitter.klw	log	spl7	percpmu	independent	mem	ips	7.515760138376834	0.05646233136750302	0.0937003618156356	0.14183945446423407	
log-spl7-percpmu.mapjitter.klw	log	spl7	percpmu	independent	mem	ips	8.069521493944878	0.06618199201556911	0.10170726876473986	0.14589436090363928	
log-spl7-percpmu.mapjitter.klw	log	spl7	percpmu	independent	mem	ips	8.664083997137997	0.07196074615260709	0.10950366472989706	0.15465115466473162	
log-spl7-percpmu.mapjitter.klw	log	spl7	percpmu	independent	mem	ips	9.302453877319767	0.07420302266143511	0.11699496903824719	0.1683657021472542	
log-spl7-percpmu.mapjitter.klw	log	spl7	percpmu	independent	mem	ips	9.987858862892702	0.07377662320073443	0.12454721909078581	0.1852403492728858	
log-spl7-percpmu.mapjitter.klw	log	spl7	percpmu	independent	mem	ips	10.723764501351818	0.08987398731045844	0.1332484594009074	0.18607726864988544	
log-spl7-percpmu.mapjitter.klw	log	spl7	percpmu	independent	mem	ips	11.513891681800072	0.10115601318241928	0.14215792146960265	0.19123858835753954	
log-spl7-percpmu.mapjitter.klw	log	spl7	percpmu	independent	mem	ips	12.36223544852308	0.1070702416168408	0.15072634782730215	0.20246542306031798	
log-spl7-percpmu.mapjitter.klw	log	spl7	percpmu	independent	mem	ips	13.273085200748401	0.10825820695952057	0.1591683650359805	0.21947892581145123	
log-spl7-percpmu.mapjitter.klw	log	spl7	percpmu	independent	mem	ips	14.25104638072347	0.10816755406556539	0.16410751510432353	0.23009102126662656	
log-spl7-percpmu.mapjitter.klw	log	spl7	percpmu	independent	mem	ips	15.301063759771553	0.11159731699139927	0.1587192139479644	0.21445694320593073	
log-spl7-percpmu.mapjitter.klw	log	spl7	percpmu	independent	mem	ips	16.428446440064768	0.1117322125203333	0.15338805341205097	0.20233998485591626	
log-spl7-percpmu.mapjitter.klw	log	spl7	percpmu	independent	mem	ips	17.638894698528226	0.10755879693275988	0.1477931217606524	0.1954829001354306	
log-spl7-percpmu.mapjitter.klw	log	spl7	percpmu	independent	mem	ips	18.93852880860355	0.09908779529421663	0.1421582075524868	0.19395716463884766	
log-spl7-percpmu.mapjitter.klw	log	spl7	percpmu	independent	mem	ips	20.33391998560055	0.08869269506860758	0.13477769715756938	0.1904677276871599	
log-spl7-percpmu.mapjitter.klw	log	spl7	percpmu	independent	mem	ips	21.832123612102944	0.08366212347210429	0.1220788098934111	0.16834166417628338	
log-spl7-percpmu.mapjitter.klw	log	spl7	percpmu	independent	mem	ips	23.440714911422706	0.07647848693899871	0.10917819107543153	0.14904229741293082	
log-spl7-percpmu.mapjitter.klw	log	spl7	percpmu	independent	mem	ips	25.16782724947517	0.06569216763602781	0.0960705323627248	0.13446638971755612	
log-spl7-percpmu.mapjitter.klw	log	spl7	percpmu	independent	mem	ips	27.0221932587371	0.0509540911058131	0.08284438076347894	0.12532076541752712	
log-spl7-percpmu.mapjitter.klw	log	spl7	percpmu	independent	mem	ips	29.01318899221878	0.044191542147612485	0.0753419906100802	0.11724546464498116	
log-spl7-percpmu.mapjitter.klw	log	spl7	percpmu	independent	mem	ips	31.150881330701633	0.04668253057436655	0.07349626082095637	0.10893898231791739	
log-spl7-percpmu.mapjitter.klw	log	spl7	percpmu	independent	mem	ips	33.44607888294205	0.046663021015811115	0.0715834448134629	0.10408578971975933	
log-spl7-percpmu.mapjitter.klw	log	spl7	percpmu	independent	mem	ips	35.910386636203285	0.043913866770354255	0.06937118102301804	0.1037416104589131	
log-spl7-percpmu.mapjitter.klw	log	spl7	percpmu	independent	mem	ips	38.55626463343953	0.038392845387453856	0.0669614345392793	0.10731956662928042	
log-spl7-percpmu.mapjitter.klw	log	spl7	percpmu	independent	mem	ips	41.397090973816184	0.03189635918476374	0.06471884248329075	0.11160954042425446	
log-spl7-percpmu.mapjitter.klw	log	spl7	percpmu	independent	mem	ips	44.44722945510957	0.03314393323830837	0.06342384215510727	0.10689848234020818	
log-spl7-percpmu.mapjitter.klw	log	spl7	percpmu	independent	mem	ips	47.722102200000165	0.0341358911835397	0.06215701907403151	0.10240507425998549	
log-spl7-percpmu.mapjitter.klw	log	spl7	percpmu	independent	mem	ips	51.23826763347237	0.034950673328400336	0.06094733718310321	0.09797534520597771	
log-spl7-percpmu.mapjitter.klw	log	spl7	percpmu	independent	mem	ips	55.01350420559078	0.035341159539637935	0.05973263653690408	0.09392049072275645	
log-spl7-percpmu.mapjitter.klw	log	spl7	percpmu	independent	mem	ips	59.0669002829722	0.03550173053356287	0.058542406247492476	0.09028057881747685	
log-spl7-percpmu.mapjitter.klw	log	spl7	percpmu	independent	mem	ips	63.4189506634631	0.03515543929494249	0.05727890098361292	0.08709309634712278	
log-spl7-percpmu.mapjitter.klw	log	spl7	percpmu	independent	mem	ips	68.0916602020204	0.034508585025724826	0.055955124312283624	0.08464592144658116	
log-spl7-percpmu.mapjitter.klw	log	spl7	percpmu	independent	mem	ips	73.10865507174931	0.033547728390878294	0.05456209261411103	0.08301269628051447	
log-spl7-percpmu.mapjitter.klw	log	spl7	percpmu	independent	mem	ips	78.49530222265639	0.032318205574988594	0.053067861780509144	0.082245164393274	
log-spl7-percpmu.mapjitter.klw	log	spl7	percpmu	independent	mem	ips	84.27883764212618	0.030558741554647703	0.05152163217069315	0.08216409111839583	
log-spl7-percpmu.mapjitter.klw	log	spl7	percpmu	independent	mem	ips	90.48850406563211	0.028432387466592143	0.04992410968250456	0.08272663635332365	
log-spl7-percpmu.mapjitter.klw	log	spl7	percpmu	independent	mem	ips	97.15569883397539	0.025870943426653525	0.048383646469762585	0.08353875854813432	
log-spl7-percpmu.mapjitter.klw	log	spl7	percpmu	independent	mem	ips	104.31413264464811	0.022913372841899243	0.046884050458722945	0.08482423004756635	
log-spl7-percpmu.mapjitter.klw	log	spl7	percpmu	independent	mem	ips	111.99999999999996	0.019462083462954555	0.04536522753243802	0.08642700699949535	
log-spl7-percpmu.mapjitter.klw	log	spl7	percpmu	independent	mem	vertex	6.999999999999999	0.042916173930598545	0.08574980417417927	0.14160124754970832	
log-spl7-percpmu.mapjitter.klw	log	spl7	percpmu	independent	mem	vertex	7.515760138376834	0.05646233136750302	0.0937003618156356	0.14183945446423407	
log-spl7-percpmu.mapjitter.klw	log	spl7	percpmu	independent	mem	vertex	8.069521493944878	0.06618199201556911	0.10170726876473986	0.14589436090363928	
log-spl7-percpmu.mapjitter.klw	log	spl7	percpmu	independent	mem	vertex	8.664083997137997	0.07196074615260709	0.10950366472989706	0.15465115466473162	
log-spl7-percpmu.mapjitter.klw	log	spl7	percpmu	independent	mem	vertex	9.302453877319767	0.07420302266143511	0.11699496903824719	0.1683657021472542	
log-spl7-percpmu.mapjitter.klw	log	spl7	percpmu	independent	mem	vertex	9.987858862892702	0.07377662320073443	0.12454721909078581	0.1852403492728858	
log-spl7-percpmu.mapjitter.klw	log	spl7	percpmu	independent	mem	vertex	10.723764501351818	0.08987398731045844	0.1332484594009074	0.18607726864988544	
log-spl7-percpmu.mapjitter.klw	log	spl7	percpmu	independent	mem	vertex	11.513891681800072	0.10115601318241928	0.14215792146960265	0.19123858835753954	
log-spl7-percpmu.mapjitter.klw	log	spl7	percpmu	independent	mem	vertex	12.36223544852308	0.1070702416168408	0.15072634782730215	0.20246542306031798	
log-spl7-percpmu.mapjitter.klw	log	spl7	percpmu	independent	mem	vertex	13.273085200748401	0.10825820695952057	0.1591683650359805	0.21947892581145123	
log-spl7-percpmu.mapjitter.klw	log	spl7	percpmu	independent	mem	vertex	14.25104638072347	0.10816755406556539	0.16410751510432353	0.23009102126662656	
log-spl7-percpmu.mapjitter.klw	log	spl7	percpmu	independent	mem	vertex	15.301063759771553	0.11159731699139927	0.1587192139479644	0.21445694320593073	
log-spl7-percpmu.mapjitter.klw	log	spl7	percpmu	independent	mem	vertex	16.428446440064768	0.1117322125203333	0.15338805341205097	0.20233998485591626	
log-spl7-percpmu.mapjitter.klw	log	spl7	percpmu	independent	mem	vertex	17.638894698528226	0.10755879693275988	0.1477931217606524	0.1954829001354306	
log-spl7-percpmu.mapjitter.klw	log	spl7	percpmu	independent	mem	vertex	18.93852880860355	0.09908779529421663	0.1421582075524868	0.19395716463884766	
log-spl7-percpmu.mapjitter.klw	log	spl7	percpmu	independent	mem	vertex	20.33391998560055	0.08869269506860758	0.13477769715756938	0.1904677276871599	
log-spl7-percpmu.mapjitter.klw	log	spl7	percpmu	independent	mem	vertex	21.832123612102944	0.08366212347210429	0.1220788098934111	0.16834166417628338	
log-spl7-percpmu.mapjitter.klw	log	spl7	percpmu	independent	mem	vertex	23.440714911422706	0.07647848693899871	0.10917819107543153	0.14904229741293082	
log-spl7-percpmu.mapjitter.klw	log	spl7	percpmu	independent	mem	vertex	25.16782724947517	0.06569216763602781	0.0960705323627248	0.13446638971755612	
log-spl7-percpmu.mapjitter.klw	log	spl7	percpmu	independent	mem	vertex	27.0221932587371	0.0509540911058131	0.08284438076347894	0.12532076541752712	
log-spl7-percpmu.mapjitter.klw	log	spl7	percpmu	independent	mem	vertex	29.01318899221878	0.044191542147612485	0.0753419906100802	0.11724546464498116	
log-spl7-percpmu.mapjitter.klw	log	spl7	percpmu	independent	mem	vertex	31.150881330701633	0.04668253057436655	0.07349626082095637	0.10893898231791739	
log-spl7-percpmu.mapjitter.klw	log	spl7	percpmu	independent	mem	vertex	33.44607888294205	0.046663021015811115	0.0715834448134629	0.10408578971975933	
log-spl7-percpmu.mapjitter.klw	log	spl7	percpmu	independent	mem	vertex	35.910386636203285	0.043913866770354255	0.06937118102301804	0.1037416104589131	
log-spl7-percpmu.mapjitter.klw	log	spl7	percpmu	independent	mem	vertex	38.55626463343953	0.038392845387453856	0.0669614345392793	0.10731956662928042	
log-spl7-percpmu.mapjitter.klw	log	spl7	percpmu	independent	mem	vertex	41.397090973816184	0.03189635918476374	0.06471884248329075	0.11160954042425446	
log-spl7-percpmu.mapjitter.klw	log	spl7	percpmu	independent	mem	vertex	44.44722945510957	0.03314393323830837	0.06342384215510727	0.10689848234020818	
log-spl7-percpmu.mapjitter.klw	log	spl7	percpmu	independent	mem	vertex	47.722102200000165	0.0341358911835397	0.06215701907403151	0.10240507425998549	
log-spl7-percpmu.mapjitter.klw	log	spl7	percpmu	independent	mem	vertex	51.23826763347237	0.034950673328400336	0.06094733718310321	0.09797534520597771	
log-spl7-percpmu.mapjitter.klw	log	spl7	percpmu	independent	mem	vertex	55.01350420559078	0.035341159539637935	0.05973263653690408	0.09392049072275645	
log-spl7-percpmu.mapjitter.klw	log	spl7	percpmu	independent	mem	vertex	59.0669002829722	0.03550173053356287	0.058542406247492476	0.09028057881747685	
log-spl7-percpmu.mapjitter.klw	log	spl7	percpmu	independent	mem	vertex	63.4189506634631	0.03515543929494249	0.05727890098361292	0.08709309634712278	
log-spl7-percpmu.mapjitter.klw	log	spl7	percpmu	independent	mem	vertex	68.0916602020204	0.034508585025724826	0.055955124312283624	0.08464592144658116	
log-spl7-percpmu.mapjitter.klw	log	spl7	percpmu	independent	mem	vertex	73.10865507174931	0.033547728390878294	0.05456209261411103	0.08301269628051447	
log-spl7-percpmu.mapjitter.klw	log	spl7	percpmu	independent	mem	vertex	78.49530222265639	0.032318205574988594	0.053067861780509144	0.082245164393274	
log-spl7-percpmu.mapjitter.klw	log	spl7	percpmu	independent	mem	vertex	84.27883764212618	0.030558741554647703	0.05152163217069315	0.08216409111839583	
log-spl7-percpmu.mapjitter.klw	log	spl7	percpmu	independent	mem	vertex	90.48850406563211	0.028432387466592143	0.04992410968250456	0.08272663635332365	
log-spl7-percpmu.mapjitter.klw	log	spl7	percpmu	independent	mem	vertex	97.15569883397539	0.025870943426653525	0.048383646469762585	0.08353875854813432	
log-spl7-percpmu.mapjitter.klw	log	spl7	percpmu	independent	mem	vertex	104.31413264464811	0.022913372841899243	0.046884050458722945	0.08482423004756635	
log-spl7-percpmu.mapjitter.klw	log	spl7	percpmu	independent	mem	vertex	111.99999999999996	0.019462083462954555	0.04536522753243802	0.08642700699949535	
log-spl7-percpmu.mapjitter.klw	log	spl7	percpmu	independent	perc	delta_pct	6.999999999999999	-9.8833042470691	19.502707482005512	60.72257918804515	
log-spl7-percpmu.mapjitter.klw	log	spl7	percpmu	independent	perc	delta_pct	7.515760138376834	-7.099687339371583	17.267965302672863	48.43369448631573	
log-spl7-percpmu.mapjitter.klw	log	spl7	percpmu	independent	perc	delta_pct	8.069521493944878	-5.787119473159775	14.98885668727451	40.31914224114838	
log-spl7-percpmu.mapjitter.klw	log	spl7	percpmu	independent	perc	delta_pct	8.664083997137997	-6.959683651816667	12.747898767431298	36.911303852612754	
log-spl7-percpmu.mapjitter.klw	log	spl7	percpmu	independent	perc	delta_pct	9.302453877319767	-10.763039698155657	10.630548140154216	37.602683995886196	
log-spl7-percpmu.mapjitter.klw	log	spl7	percpmu	independent	perc	delta_pct	9.987858862892702	-16.442094664085722	8.559702112495993	41.42511634371062	
log-spl7-percpmu.mapjitter.klw	log	spl7	percpmu	independent	perc	delta_pct	10.723764501351818	-10.317791367867752	11.549423998060437	38.893728093773966	
log-spl7-percpmu.mapjitter.klw	log	spl7	percpmu	independent	perc	delta_pct	11.513891681800072	-5.6553900413012625	14.700274434917594	39.80857162840526	
log-spl7-percpmu.mapjitter.klw	log	spl7	percpmu	independent	perc	delta_pct	12.36223544852308	-3.881502250437038	18.052785715598716	46.23284297598148	
log-spl7-percpmu.mapjitter.klw	log	spl7	percpmu	independent	perc	delta_pct	13.273085200748401	-4.928880202762332	21.527550643718342	57.71802325654471	
log-spl7-percpmu.mapjitter.klw	log	spl7	percpmu	independent	perc	delta_pct	14.25104638072347	-6.881581233658606	22.71232541951472	64.5239593640699	
log-spl7-percpmu.mapjitter.klw	log	spl7	percpmu	independent	perc	delta_pct	15.301063759771553	-6.58313353772693	16.625413921376563	47.004646779916534	
log-spl7-percpmu.mapjitter.klw	log	spl7	percpmu	independent	perc	delta_pct	16.428446440064768	-8.211083796979631	11.19093307525183	35.95521639025208	
log-spl7-percpmu.mapjitter.klw	log	spl7	percpmu	independent	perc	delta_pct	17.638894698528226	-11.72859808095013	6.3273263743512835	29.62564188526187	
log-spl7-percpmu.mapjitter.klw	log	spl7	percpmu	independent	perc	delta_pct	18.93852880860355	-16.887567159191263	1.9789566156758531	27.049168432036428	
log-spl7-percpmu.mapjitter.klw	log	spl7	percpmu	independent	perc	delta_pct	20.33391998560055	-19.921474157020118	-0.2886292886274344	26.017550371366262	
log-spl7-percpmu.mapjitter.klw	log	spl7	percpmu	independent	perc	delta_pct	21.832123612102944	-13.961127402071678	3.146073869127086	24.679521937055974	
log-spl7-percpmu.mapjitter.klw	log	spl7	percpmu	independent	perc	delta_pct	23.440714911422706	-8.931955295698137	6.603364887154505	25.3703993893307	
log-spl7-percpmu.mapjitter.klw	log	spl7	percpmu	independent	perc	delta_pct	25.16782724947517	-5.521235882053829	10.133184324740762	28.799294070407313	
log-spl7-percpmu.mapjitter.klw	log	spl7	percpmu	independent	perc	delta_pct	27.0221932587371	-4.121270781111082	13.67447067323332	35.58255151223395	
log-spl7-percpmu.mapjitter.klw	log	spl7	percpmu	independent	perc	delta_pct	29.01318899221878	-3.226153757174206	14.542088075314641	36.50981246355368	
log-spl7-percpmu.mapjitter.klw	log	spl7	percpmu	independent	perc	delta_pct	31.150881330701633	-2.7825430617425564	12.931863244868403	31.68406896627498	
log-spl7-percpmu.mapjitter.klw	log	spl7	percpmu	independent	perc	delta_pct	33.44607888294205	-3.961278469381211	11.419453919099098	29.75406683506042	
log-spl7-percpmu.mapjitter.klw	log	spl7	percpmu	independent	perc	delta_pct	35.910386636203285	-6.358174718414697	10.119477610333572	29.911607361002186	
log-spl7-percpmu.mapjitter.klw	log	spl7	percpmu	independent	perc	delta_pct	38.55626463343953	-9.376957785272236	8.989168731569851	31.328340093594075	
log-spl7-percpmu.mapjitter.klw	log	spl7	percpmu	independent	perc	delta_pct	41.397090973816184	-11.869658559917674	8.000110587924315	32.828401203381254	
log-spl7-percpmu.mapjitter.klw	log	spl7	percpmu	independent	perc	delta_pct	44.44722945510957	-10.829832009996087	7.6029476404607	30.082851760235574	
log-spl7-percpmu.mapjitter.klw	log	spl7	percpmu	independent	perc	delta_pct	47.722102200000165	-9.91968425221996	7.234378974551403	27.849767049247315	
log-spl7-percpmu.mapjitter.klw	log	spl7	percpmu	independent	perc	delta_pct	51.23826763347237	-9.210280918091206	6.852621587636665	25.928897122419446	
log-spl7-percpmu.mapjitter.klw	log	spl7	percpmu	independent	perc	delta_pct	55.01350420559078	-8.726101922924446	6.493013640284262	24.464444627836368	
log-spl7-percpmu.mapjitter.klw	log	spl7	percpmu	independent	perc	delta_pct	59.0669002829722	-8.48274383772425	6.154254976181606	23.406559485045513	
log-spl7-percpmu.mapjitter.klw	log	spl7	percpmu	independent	perc	delta_pct	63.4189506634631	-8.615764085741363	5.840977772470768	22.886988655066563	
log-spl7-percpmu.mapjitter.klw	log	spl7	percpmu	independent	perc	delta_pct	68.0916602020204	-8.922332057668486	5.505105020218282	22.747168121287142	
log-spl7-percpmu.mapjitter.klw	log	spl7	percpmu	independent	perc	delta_pct	73.10865507174931	-9.601806890301267	5.225809940958404	22.99835010266629	
log-spl7-percpmu.mapjitter.klw	log	spl7	percpmu	independent	perc	delta_pct	78.49530222265639	-10.415028803195668	4.916934837705056	23.636366508134603	
log-spl7-percpmu.mapjitter.klw	log	spl7	percpmu	independent	perc	delta_pct	84.27883764212618	-11.412303518135564	4.631039632097266	24.54440809708298	
log-spl7-percpmu.mapjitter.klw	log	spl7	percpmu	independent	perc	delta_pct	90.48850406563211	-12.549718511075415	4.335412795985483	25.740069857699474	
log-spl7-percpmu.mapjitter.klw	log	spl7	percpmu	independent	perc	delta_pct	97.15569883397539	-13.788044268085955	4.063465572836478	27.099360116547782	
log-spl7-percpmu.mapjitter.klw	log	spl7	percpmu	independent	perc	delta_pct	104.31413264464811	-15.053304608487005	3.7744395282526155	28.66794465491879	
log-spl7-percpmu.mapjitter.klw	log	spl7	percpmu	independent	perc	delta_pct	111.99999999999996	-16.331383711635336	3.49720652698976	30.35736686203525	
log-spl7-percpmu.mapjitter.klw	log	spl7	percpmu	independent	perc	delta	6.999999999999999	-0.019741861014020687	0.03217984305699631	0.08359949230622096	0.8942638888888889
log-spl7-percpmu.mapjitter.klw	log	spl7	percpmu	independent	perc	delta	7.515760138376834	-0.013913239061721512	0.02884671482858231	0.07085841976768581	0.910125
log-spl7-percpmu.mapjitter.klw	log	spl7	percpmu	independent	perc	delta	8.069521493944878	-0.011168718849047056	0.025396824187765246	0.06138805453999815	0.9147777777777778
log-spl7-percpmu.mapjitter.klw	log	spl7	percpmu	independent	perc	delta	8.664083997137997	-0.01334528124231736	0.021799683850185575	0.0568909853438124	0.8908611111111111
log-spl7-percpmu.mapjitter.klw	log	spl7	percpmu	independent	perc	delta	9.302453877319767	-0.020535647172167482	0.018295108134313023	0.05817329121216202	0.8224027777777778
log-spl7-percpmu.mapjitter.klw	log	spl7	percpmu	independent	perc	delta	9.987858862892702	-0.03208220930815858	0.014864964743209794	0.0629544907728499	0.7344722222222222
log-spl7-percpmu.mapjitter.klw	log	spl7	percpmu	independent	perc	delta	10.723764501351818	-0.019421953875185343	0.019611121948254165	0.05900260074514488	0.8397361111111111
log-spl7-percpmu.mapjitter.klw	log	spl7	percpmu	independent	perc	delta	11.513891681800072	-0.010379012352937504	0.024324199111699196	0.05995052944447023	0.9165972222222222
log-spl7-percpmu.mapjitter.klw	log	spl7	percpmu	independent	perc	delta	12.36223544852308	-0.006939595287454662	0.029044772400850724	0.06677330632376681	0.9434444444444444
log-spl7-percpmu.mapjitter.klw	log	spl7	percpmu	independent	perc	delta	13.273085200748401	-0.008782739074494662	0.03370243113228158	0.07902914646287168	0.9392222222222222
log-spl7-percpmu.mapjitter.klw	log	spl7	percpmu	independent	perc	delta	14.25104638072347	-0.012469945339744715	0.03534582296985288	0.0860508680793813	0.9264166666666667
log-spl7-percpmu.mapjitter.klw	log	spl7	percpmu	independent	perc	delta	15.301063759771553	-0.012193082821967079	0.027494982463323256	0.06967599692482451	0.9110833333333334
log-spl7-percpmu.mapjitter.klw	log	spl7	percpmu	independent	perc	delta	16.428446440064768	-0.015858229175766504	0.019659953763675644	0.056836163398124855	0.8614861111111111
log-spl7-percpmu.mapjitter.klw	log	spl7	percpmu	independent	perc	delta	17.638894698528226	-0.02415508573871894	0.011757839149543675	0.048829812841753154	0.7405694444444444
log-spl7-percpmu.mapjitter.klw	log	spl7	percpmu	independent	perc	delta	18.93852880860355	-0.03705659511952405	0.003855826584639857	0.0459189778913423	0.5744861111111111
log-spl7-percpmu.mapjitter.klw	log	spl7	percpmu	independent	perc	delta	20.33391998560055	-0.04573302386952883	-0.0005893620194623028	0.045459353462654735	0.4895833333333333
log-spl7-percpmu.mapjitter.klw	log	spl7	percpmu	independent	perc	delta	21.832123612102944	-0.031167595884039282	0.006334418134490025	0.044358571332122045	0.6322916666666667
log-spl7-percpmu.mapjitter.klw	log	spl7	percpmu	independent	perc	delta	23.440714911422706	-0.019561017305718423	0.013250339588105259	0.04627185495774191	0.789375
log-spl7-percpmu.mapjitter.klw	log	spl7	percpmu	independent	perc	delta	25.16782724947517	-0.01191611001042205	0.02016399091546446	0.052733595683148955	0.8929027777777778
log-spl7-percpmu.mapjitter.klw	log	spl7	percpmu	independent	perc	delta	27.0221932587371	-0.00895016696363908	0.02702069603117703	0.06359327393036167	0.9320555555555555
log-spl7-percpmu.mapjitter.klw	log	spl7	percpmu	independent	perc	delta	29.01318899221878	-0.007225110395008997	0.02950320623931524	0.06676290805587301	0.9439444444444445
log-spl7-percpmu.mapjitter.klw	log	spl7	percpmu	independent	perc	delta	31.150881330701633	-0.0064668507281916135	0.027602200685668668	0.062285404327513685	0.9443472222222222
log-spl7-percpmu.mapjitter.klw	log	spl7	percpmu	independent	perc	delta	33.44607888294205	-0.009718052700117875	0.025732400664916943	0.061546404369069024	0.9236805555555555
log-spl7-percpmu.mapjitter.klw	log	spl7	percpmu	independent	perc	delta	35.910386636203285	-0.01658130918126291	0.023926494137712834	0.06415038185523203	0.8797083333333333
log-spl7-percpmu.mapjitter.klw	log	spl7	percpmu	independent	perc	delta	38.55626463343953	-0.026099977335796515	0.022174693194872253	0.06897111522774796	0.8221388888888889
log-spl7-percpmu.mapjitter.klw	log	spl7	percpmu	independent	perc	delta	41.397090973816184	-0.035026069264012694	0.02048328120288659	0.07397774578609641	0.7744722222222222
log-spl7-percpmu.mapjitter.klw	log	spl7	percpmu	independent	perc	delta	44.44722945510957	-0.03170974663439212	0.019719846872612704	0.06958623410932778	0.7820277777777778
log-spl7-percpmu.mapjitter.klw	log	spl7	percpmu	independent	perc	delta	47.722102200000165	-0.029106111558278573	0.018936203536344842	0.06581799968727649	0.7880694444444445
log-spl7-percpmu.mapjitter.klw	log	spl7	percpmu	independent	perc	delta	51.23826763347237	-0.02692605889935214	0.01816160793154256	0.06238217197824445	0.7913611111111111
log-spl7-percpmu.mapjitter.klw	log	spl7	percpmu	independent	perc	delta	55.01350420559078	-0.025708960403534667	0.01739314792931332	0.059837745359144386	0.7903888888888889
log-spl7-percpmu.mapjitter.klw	log	spl7	percpmu	independent	perc	delta	59.0669002829722	-0.025415591076592126	0.016632666757200418	0.058037907255644124	0.7865
log-spl7-percpmu.mapjitter.klw	log	spl7	percpmu	independent	perc	delta	63.4189506634631	-0.026149516969718862	0.01589783173503931	0.05727570429770525	0.7768055555555555
log-spl7-percpmu.mapjitter.klw	log	spl7	percpmu	independent	perc	delta	68.0916602020204	-0.027478849818903268	0.015147362868514924	0.057060899506760875	0.763
log-spl7-percpmu.mapjitter.klw	log	spl7	percpmu	independent	perc	delta	73.10865507174931	-0.030022095788436932	0.014484240423530997	0.05772598022463255	0.7450277777777777
log-spl7-percpmu.mapjitter.klw	log	spl7	percpmu	independent	perc	delta	78.49530222265639	-0.03317517435133233	0.013731449875475171	0.05944308578503897	0.7244722222222222
log-spl7-percpmu.mapjitter.klw	log	spl7	percpmu	independent	perc	delta	84.27883764212618	-0.03693924389302669	0.013072944746274212	0.061541970604617	0.7018472222222222
log-spl7-percpmu.mapjitter.klw	log	spl7	percpmu	independent	perc	delta	90.48850406563211	-0.04141347682944002	0.012355953853896318	0.06428340542292935	0.6796944444444445
log-spl7-percpmu.mapjitter.klw	log	spl7	percpmu	independent	perc	delta	97.15569883397539	-0.04622871606333062	0.011655426910447686	0.06754184294534758	0.6590694444444445
log-spl7-percpmu.mapjitter.klw	log	spl7	percpmu	independent	perc	delta	104.31413264464811	-0.05144137058048644	0.01094968628633175	0.07106798285131674	0.6396527777777777
log-spl7-percpmu.mapjitter.klw	log	spl7	percpmu	independent	perc	delta	111.99999999999996	-0.05692820692335927	0.010244771988238671	0.07488505878684139	0.6216805555555556
log-spl7-percpmu.mapjitter.klw	log	spl7	percpmu	independent	mem	delta_pct	6.999999999999999	0.0	0.0	0.0	
log-spl7-percpmu.mapjitter.klw	log	spl7	percpmu	independent	mem	delta_pct	7.515760138376834	0.0	0.0	0.0	
log-spl7-percpmu.mapjitter.klw	log	spl7	percpmu	independent	mem	delta_pct	8.069521493944878	0.0	0.0	0.0	
log-spl7-percpmu.mapjitter.klw	log	spl7	percpmu	independent	mem	delta_pct	8.664083997137997	0.0	0.0	0.0	
log-spl7-percpmu.mapjitter.klw	log	spl7	percpmu	independent	mem	delta_pct	9.302453877319767	0.0	0.0	0.0	
log-spl7-percpmu.mapjitter.klw	log	spl7	percpmu	independent	mem	delta_pct	9.987858862892702	0.0	0.0	0.0	
log-spl7-percpmu.mapjitter.klw	log	spl7	percpmu	independent	mem	delta_pct	10.723764501351818	0.0	0.0	0.0	
log-spl7-percpmu.mapjitter.klw	log	spl7	percpmu	independent	mem	delta_pct	11.513891681800072	0.0	0.0	0.0	
log-spl7-percpmu.mapjitter.klw	log	spl7	percpmu	independent	mem	delta_pct	12.36223544852308	0.0	0.0	0.0	
log-spl7-percpmu.mapjitter.klw	log	spl7	percpmu	independent	mem	delta_pct	13.273085200748401	0.0	0.0	0.0	
log-spl7-percpmu.mapjitter.klw	log	spl7	percpmu	independent	mem	delta_pct	14.25104638072347	0.0	0.0	0.0	
log-spl7-percpmu.mapjitter.klw	log	spl7	percpmu	independent	mem	delta_pct	15.301063759771553	0.0	0.0	0.0	
log-spl7-percpmu.mapjitter.klw	log	spl7	percpmu	independent	mem	delta_pct	16.428446440064768	0.0	0.0	0.0	
log-spl7-percpmu.mapjitter.klw	log	spl7	percpmu	independent	mem	delta_pct	17.638894698528226	0.0	0.0	0.0	
log-spl7-percpmu.mapjitter.klw	log	spl7	percpmu	independent	mem	delta_pct	18.93852880860355	0.0	0.0	0.0	
log-spl7-percpmu.mapjitter.klw	log	spl7	percpmu	independent	mem	delta_pct	20.33391998560055	0.0	0.0	0.0	
log-spl7-percpmu.mapjitter.klw	log	spl7	percpmu	independent	mem	delta_pct	21.832123612102944	0.0	0.0	0.0	
log-spl7-percpmu.mapjitter.klw	log	spl7	percpmu	independent	mem	delta_pct	23.440714911422706	0.0	0.0	0.0	
log-spl7-percpmu.mapjitter.klw	log	spl7	percpmu	independent	mem	delta_pct	25.16782724947517	0.0	0.0	0.0	
log-spl7-percpmu.mapjitter.klw	log	spl7	percpmu	independent	mem	delta_pct	27.0221932587371	0.0	0.0	0.0	
log-spl7-percpmu.mapjitter.klw	log	spl7	percpmu	independent	mem	delta_pct	29.01318899221878	0.0	0.0	0.0	
log-spl7-percpmu.mapjitter.klw	log	spl7	percpmu	independent	mem	delta_pct	31.150881330701633	0.0	0.0	0.0	
log-spl7-percpmu.mapjitter.klw	log	spl7	percpmu	independent	mem	delta_pct	33.44607888294205	0.0	0.0	0.0	
log-spl7-percpmu.mapjitter.klw	log	spl7	percpmu	independent	mem	delta_pct	35.910386636203285	0.0	0.0	0.0	
log-spl7-percpmu.mapjitter.klw	log	spl7	percpmu	independent	mem	delta_pct	38.55626463343953	0.0	0.0	0.0	
log-spl7-percpmu.mapjitter.klw	log	spl7	percpmu	independent	mem	delta_pct	41.397090973816184	0.0	0.0	0.0	
log-spl7-percpmu.mapjitter.klw	log	spl7	percpmu	independent	mem	delta_pct	44.44722945510957	0.0	0.0	0.0	
log-spl7-percpmu.mapjitter.klw	log	spl7	percpmu	independent	mem	delta_pct	47.722102200000165	0.0	0.0	0.0	
log-spl7-percpmu.mapjitter.klw	log	spl7	percpmu	independent	mem	delta_pct	51.23826763347237	0.0	0.0	0.0	
log-spl7-percpmu.mapjitter.klw	log	spl7	percpmu	independent	mem	delta_pct	55.01350420559078	0.0	0.0	0.0	
log-spl7-percpmu.mapjitter.klw	log	spl7	percpmu	independent	mem	delta_pct	59.0669002829722	0.0	0.0	0.0	
log-spl7-percpmu.mapjitter.klw	log	spl7	percpmu	independent	mem	delta_pct	63.4189506634631	0.0	0.0	0.0	
log-spl7-percpmu.mapjitter.klw	log	spl7	percpmu	independent	mem	delta_pct	68.0916602020204	0.0	0.0	0.0	
log-spl7-percpmu.mapjitter.klw	log	spl7	percpmu	independent	mem	delta_pct	73.10865507174931	0.0	0.0	0.0	
log-spl7-percpmu.mapjitter.klw	log	spl7	percpmu	independent	mem	delta_pct	78.49530222265639	0.0	0.0	0.0	
log-spl7-percpmu.mapjitter.klw	log	spl7	percpmu	independent	mem	delta_pct	84.27883764212618	0.0	0.0	0.0	
log-spl7-percpmu.mapjitter.klw	log	spl7	percpmu	independent	mem	delta_pct	90.48850406563211	0.0	0.0	0.0	
log-spl7-percpmu.mapjitter.klw	log	spl7	percpmu	independent	mem	delta_pct	97.15569883397539	0.0	0.0	0.0	
log-spl7-percpmu.mapjitter.klw	log	spl7	percpmu	independent	mem	delta_pct	104.31413264464811	0.0	0.0	0.0	
log-spl7-percpmu.mapjitter.klw	log	spl7	percpmu	independent	mem	delta_pct	111.99999999999996	0.0	0.0	0.0	
log-spl7-percpmu.mapjitter.klw	log	spl7	percpmu	independent	mem	delta	6.999999999999999	0.0	0.0	0.0	0.0
log-spl7-percpmu.mapjitter.klw	log	spl7	percpmu	independent	mem	delta	7.515760138376834	0.0	0.0	0.0	0.0
log-spl7-percpmu.mapjitter.klw	log	spl7	percpmu	independent	mem	delta	8.069521493944878	0.0	0.0	0.0	0.0
log-spl7-percpmu.mapjitter.klw	log	spl7	percpmu	independent	mem	delta	8.664083997137997	0.0	0.0	0.0	0.0
log-spl7-percpmu.mapjitter.klw	log	spl7	percpmu	independent	mem	delta	9.302453877319767	0.0	0.0	0.0	0.0
log-spl7-percpmu.mapjitter.klw	log	spl7	percpmu	independent	mem	delta	9.987858862892702	0.0	0.0	0.0	0.0
log-spl7-percpmu.mapjitter.klw	log	spl7	percpmu	independent	mem	delta	10.723764501351818	0.0	0.0	0.0	0.0
log-spl7-percpmu.mapjitter.klw	log	spl7	percpmu	independent	mem	delta	11.513891681800072	0.0	0.0	0.0	0.0
log-spl7-percpmu.mapjitter.klw	log	spl7	percpmu	independent	mem	delta	12.36223544852308	0.0	0.0	0.0	0.0
log-spl7-percpmu.mapjitter.klw	log	spl7	percpmu	independent	mem	delta	13.273085200748401	0.0	0.0	0.0	0.0
log-spl7-percpmu.mapjitter.klw	log	spl7	percpmu	independent	mem	delta	14.25104638072347	0.0	0.0	0.0	0.0
log-spl7-percpmu.mapjitter.klw	log	spl7	percpmu	independent	mem	delta	15.301063759771553	0.0	0.0	0.0	0.0
log-spl7-percpmu.mapjitter.klw	log	spl7	percpmu	independent	mem	delta	16.428446440064768	0.0	0.0	0.0	0.0
log-spl7-percpmu.mapjitter.klw	log	spl7	percpmu	independent	mem	delta	17.638894698528226	0.0	0.0	0.0	0.0
log-spl7-percpmu.mapjitter.klw	log	spl7	percpmu	independent	mem	delta	18.93852880860355	0.0	0.0	0.0	0.0
log-spl7-percpmu.mapjitter.klw	log	spl7	percpmu	independent	mem	delta	20.33391998560055	0.0	0.0	0.0	0.0
log-spl7-percpmu.mapjitter.klw	log	spl7	percpmu	independent	mem	delta	21.832123612102944	0.0	0.0	0.0	0.0
log-spl7-percpmu.mapjitter.klw	log	spl7	percpmu	independent	mem	delta	23.440714911422706	0.0	0.0	0.0	0.0
log-spl7-percpmu.mapjitter.klw	log	spl7	percpmu	independent	mem	delta	25.16782724947517	0.0	0.0	0.0	0.0
log-spl7-percpmu.mapjitter.klw	log	spl7	percpmu	independent	mem	delta	27.0221932587371	0.0	0.0	0.0	0.0
log-spl7-percpmu.mapjitter.klw	log	spl7	percpmu	independent	mem	delta	29.01318899221878	0.0	0.0	0.0	0.0
log-spl7-percpmu.mapjitter.klw	log	spl7	percpmu	independent	mem	delta	31.150881330701633	0.0	0.0	0.0	0.0
log-spl7-percpmu.mapjitter.klw	log	spl7	percpmu	independent	mem	delta	33.44607888294205	0.0	0.0	0.0	0.0
log-spl7-percpmu.mapjitter.klw	log	spl7	percpmu	independent	mem	delta	35.910386636203285	0.0	0.0	0.0	0.0
log-spl7-percpmu.mapjitter.klw	log	spl7	percpmu	independent	mem	delta	38.55626463343953	0.0	0.0	0.0	0.0
log-spl7-percpmu.mapjitter.klw	log	spl7	percpmu	independent	mem	delta	41.397090973816184	0.0	0.0	0.0	0.0
log-spl7-percpmu.mapjitter.klw	log	spl7	percpmu	independent	mem	delta	44.44722945510957	0.0	0.0	0.0	0.0
log-spl7-percpmu.mapjitter.klw	log	spl7	percpmu	independent	mem	delta	47.722102200000165	0.0	0.0	0.0	0.0
log-spl7-percpmu.mapjitter.klw	log	spl7	percpmu	independent	mem	delta	51.23826763347237	0.0	0.0	0.0	0.0
log-spl7-percpmu.mapjitter.klw	log	spl7	percpmu	independent	mem	delta	55.01350420559078	0.0	0.0	0.0	0.0
log-spl7-percpmu.mapjitter.klw	log	spl7	percpmu	independent	mem	delta	59.0669002829722	0.0	0.0	0.0	0.0
log-spl7-percpmu.mapjitter.klw	log	spl7	percpmu	independent	mem	delta	63.4189506634631	0.0	0.0	0.0	0.0
log-spl7-percpmu.mapjitter.klw	log	spl7	percpmu	independent	mem	delta	68.0916602020204	0.0	0.0	0.0	0.0
log-spl7-percpmu.mapjitter.klw	log	spl7	percpmu	independent	mem	delta	73.10865507174931	0.0	0.0	0.0	0.0
log-spl7-percpmu.mapjitter.klw	log	spl7	percpmu	independent	mem	delta	78.49530222265639	0.0	0.0	0.0	0.0
log-spl7-percpmu.mapjitter.klw	log	spl7	percpmu	independent	mem	delta	84.27883764212618	0.0	0.0	0.0	0.0
log-spl7-percpmu.mapjitter.klw	log	spl7	percpmu	independent	mem	delta	90.48850406563211	0.0	0.0	0.0	0.0
log-spl7-percpmu.mapjitter.klw	log	spl7	percpmu	independent	mem	delta	97.15569883397539	0.0	0.0	0.0	0.0
log-spl7-percpmu.mapjitter.klw	log	spl7	percpmu	independent	mem	delta	104.31413264464811	0.0	0.0	0.0	0.0
log-spl7-percpmu.mapjitter.klw	log	spl7	percpmu	independent	mem	delta	111.99999999999996	0.0	0.0	0.0	0.0
