n_safe	n_risky	risky_first
28.0	86.0	False
7.0	21.0	False
7.0	21.0	False
10.0	24.0	False
20.0	44.0	False
10.0	27.0	False
28.0	69.0	False
10.0	19.0	False
20.0	39.0	False
14.0	24.0	False
28.0	49.0	True
7.0	17.0	True
7.0	13.0	True
28.0	49.0	True
14.0	31.0	True
20.0	44.0	True
7.0	19.0	True
20.0	35.0	True
7.0	12.0	True
7.0	21.0	True
28.0	69.0	True
28.0	86.0	True
10.0	27.0	True
10.0	30.0	True
28.0	86.0	True
10.0	22.0	True
10.0	19.0	True
14.0	34.0	True
20.0	39.0	True
10.0	30.0	True
7.0	17.0	False
14.0	31.0	False
14.0	38.0	False
7.0	12.0	False
14.0	27.0	False
10.0	17.0	False
28.0	55.0	False
28.0	49.0	False
28.0	62.0	False
7.0	15.0	False
14.0	31.0	False
20.0	61.0	False
7.0	19.0	False
28.0	86.0	False
10.0	19.0	False
20.0	55.0	False
7.0	12.0	False
10.0	27.0	False
20.0	55.0	False
10.0	24.0	True
14.0	43.0	True
10.0	17.0	True
28.0	69.0	True
7.0	12.0	True
28.0	77.0	True
7.0	15.0	True
14.0	24.0	True
14.0	38.0	True
20.0	39.0	True
7.0	13.0	False
14.0	38.0	False
20.0	49.0	False
20.0	35.0	False
28.0	49.0	False
10.0	22.0	False
14.0	43.0	False
14.0	34.0	False
20.0	61.0	False
7.0	17.0	False
10.0	19.0	True
28.0	77.0	True
20.0	44.0	True
14.0	27.0	True
7.0	21.0	True
10.0	17.0	True
20.0	55.0	True
28.0	62.0	True
10.0	24.0	True
14.0	24.0	True
20.0	39.0	False
14.0	34.0	False
14.0	24.0	False
20.0	44.0	False
10.0	17.0	False
28.0	62.0	False
10.0	22.0	False
20.0	49.0	False
28.0	77.0	False
28.0	55.0	False
7.0	17.0	True
7.0	15.0	True
10.0	27.0	True
20.0	49.0	True
14.0	38.0	True
20.0	35.0	True
28.0	55.0	True
20.0	61.0	True
7.0	19.0	True
28.0	62.0	True
14.0	43.0	True
20.0	61.0	True
14.0	27.0	True
20.0	55.0	True
14.0	34.0	True
14.0	31.0	True
28.0	55.0	True
20.0	49.0	True
10.0	22.0	True
7.0	13.0	True
28.0	77.0	False
10.0	30.0	False
7.0	19.0	False
14.0	27.0	False
20.0	35.0	False
10.0	30.0	False
10.0	24.0	False
14.0	43.0	False
7.0	13.0	False
28.0	69.0	False
20.0	55.0	False
20.0	39.0	False
10.0	17.0	False
7.0	15.0	False
10.0	22.0	False
20.0	61.0	False
20.0	44.0	False
20.0	49.0	False
20.0	55.0	False
28.0	86.0	False
10.0	30.0	True
14.0	38.0	True
28.0	77.0	True
28.0	86.0	True
28.0	55.0	True
20.0	61.0	True
28.0	62.0	True
20.0	55.0	True
10.0	27.0	True
10.0	19.0	True
14.0	43.0	False
28.0	86.0	False
10.0	17.0	False
10.0	27.0	False
7.0	17.0	False
7.0	17.0	False
10.0	19.0	False
7.0	13.0	False
28.0	69.0	False
28.0	55.0	False
28.0	49.0	True
14.0	31.0	True
10.0	22.0	True
20.0	39.0	True
14.0	27.0	True
7.0	21.0	True
20.0	61.0	True
7.0	13.0	True
10.0	24.0	True
20.0	39.0	True
20.0	44.0	True
28.0	86.0	True
7.0	12.0	True
20.0	49.0	True
14.0	24.0	True
14.0	31.0	True
7.0	12.0	True
10.0	24.0	True
10.0	17.0	True
14.0	43.0	True
14.0	38.0	False
10.0	27.0	False
7.0	19.0	False
28.0	62.0	False
7.0	13.0	False
20.0	49.0	False
10.0	30.0	False
14.0	31.0	False
10.0	24.0	False
20.0	39.0	False
14.0	27.0	False
20.0	61.0	False
28.0	69.0	False
14.0	24.0	False
28.0	55.0	False
7.0	15.0	False
28.0	62.0	False
14.0	43.0	False
7.0	19.0	False
14.0	31.0	False
14.0	34.0	True
28.0	62.0	True
28.0	69.0	True
10.0	19.0	True
14.0	43.0	True
7.0	21.0	True
14.0	34.0	True
20.0	44.0	True
10.0	30.0	True
28.0	69.0	True
10.0	19.0	False
14.0	27.0	False
28.0	49.0	False
7.0	12.0	False
10.0	30.0	False
28.0	49.0	False
14.0	24.0	False
28.0	77.0	False
10.0	24.0	False
7.0	21.0	False
7.0	13.0	True
28.0	55.0	True
7.0	19.0	True
14.0	27.0	True
20.0	49.0	True
20.0	55.0	True
7.0	17.0	True
7.0	15.0	True
28.0	77.0	True
7.0	17.0	True
14.0	38.0	False
10.0	22.0	False
14.0	34.0	False
14.0	34.0	False
7.0	21.0	False
20.0	35.0	False
28.0	77.0	False
7.0	12.0	False
20.0	35.0	False
20.0	44.0	False
20.0	35.0	True
7.0	19.0	True
14.0	24.0	True
7.0	15.0	True
20.0	35.0	True
10.0	27.0	True
14.0	38.0	True
28.0	49.0	True
10.0	22.0	True
10.0	17.0	True
14.0	56.0	True
10.0	40.0	True
14.0	28.0	True
7.0	22.0	True
28.0	112.0	True
28.0	45.0	True
20.0	80.0	True
10.0	16.0	True
14.0	35.0	True
20.0	63.0	True
14.0	35.0	False
20.0	25.0	False
14.0	44.0	False
7.0	28.0	False
10.0	12.0	False
14.0	18.0	False
28.0	56.0	False
7.0	11.0	False
28.0	112.0	False
20.0	40.0	False
14.0	35.0	False
28.0	71.0	False
20.0	50.0	False
28.0	45.0	False
10.0	20.0	False
20.0	40.0	False
7.0	17.0	False
7.0	28.0	False
20.0	32.0	False
14.0	44.0	True
10.0	31.0	True
10.0	40.0	True
20.0	25.0	True
28.0	56.0	True
20.0	32.0	True
20.0	25.0	True
20.0	40.0	True
20.0	50.0	False
10.0	16.0	False
7.0	22.0	False
20.0	80.0	False
10.0	31.0	False
28.0	36.0	False
28.0	71.0	False
14.0	28.0	False
10.0	20.0	False
7.0	9.0	False
28.0	89.0	True
10.0	31.0	True
20.0	50.0	True
14.0	28.0	True
28.0	71.0	True
20.0	40.0	True
10.0	20.0	True
14.0	18.0	True
7.0	28.0	True
20.0	50.0	True
28.0	56.0	True
7.0	28.0	True
7.0	9.0	True
28.0	112.0	True
28.0	45.0	True
7.0	14.0	True
14.0	56.0	False
7.0	14.0	False
20.0	32.0	False
20.0	80.0	False
10.0	12.0	False
28.0	36.0	False
14.0	18.0	False
14.0	56.0	False
7.0	14.0	False
20.0	25.0	False
28.0	89.0	False
7.0	11.0	False
14.0	22.0	False
28.0	56.0	False
28.0	45.0	False
10.0	40.0	False
14.0	28.0	False
10.0	25.0	False
28.0	89.0	False
20.0	80.0	True
14.0	22.0	True
7.0	22.0	True
7.0	17.0	True
20.0	63.0	True
14.0	56.0	True
10.0	25.0	True
7.0	11.0	True
7.0	9.0	True
14.0	22.0	True
7.0	17.0	False
10.0	40.0	False
28.0	112.0	False
20.0	63.0	False
10.0	31.0	False
20.0	63.0	False
7.0	9.0	False
10.0	25.0	False
14.0	22.0	False
7.0	22.0	False
10.0	12.0	True
28.0	89.0	True
10.0	16.0	True
10.0	12.0	True
10.0	20.0	True
10.0	25.0	True
14.0	35.0	True
28.0	36.0	True
28.0	36.0	True
28.0	71.0	True
7.0	14.0	True
20.0	25.0	True
14.0	56.0	True
28.0	45.0	True
14.0	44.0	True
28.0	89.0	True
14.0	56.0	True
28.0	56.0	True
10.0	25.0	True
7.0	9.0	True
10.0	25.0	False
14.0	28.0	False
7.0	14.0	False
14.0	22.0	False
14.0	18.0	False
14.0	18.0	False
7.0	17.0	False
7.0	11.0	False
7.0	22.0	False
28.0	71.0	False
20.0	63.0	True
28.0	112.0	True
10.0	16.0	True
7.0	17.0	True
20.0	50.0	True
7.0	14.0	True
14.0	28.0	True
20.0	80.0	True
10.0	31.0	True
14.0	28.0	True
14.0	28.0	False
28.0	56.0	False
20.0	50.0	False
20.0	25.0	False
10.0	12.0	False
7.0	9.0	False
28.0	45.0	False
28.0	36.0	False
20.0	63.0	False
10.0	40.0	False
20.0	32.0	False
28.0	71.0	False
20.0	25.0	False
14.0	44.0	False
10.0	16.0	False
10.0	25.0	False
20.0	40.0	False
10.0	20.0	False
7.0	22.0	False
7.0	28.0	False
7.0	17.0	True
7.0	22.0	True
28.0	112.0	True
14.0	35.0	True
7.0	11.0	True
10.0	31.0	True
14.0	18.0	True
20.0	25.0	True
20.0	63.0	True
20.0	50.0	True
10.0	40.0	False
28.0	56.0	False
20.0	63.0	False
7.0	11.0	False
14.0	22.0	False
28.0	36.0	False
10.0	12.0	False
28.0	45.0	False
7.0	28.0	False
10.0	31.0	False
10.0	20.0	True
28.0	56.0	True
20.0	40.0	True
14.0	22.0	True
28.0	89.0	True
20.0	32.0	True
10.0	25.0	True
10.0	16.0	True
28.0	36.0	True
28.0	45.0	True
20.0	50.0	False
14.0	44.0	False
20.0	32.0	False
20.0	80.0	False
14.0	35.0	False
28.0	112.0	False
7.0	14.0	False
14.0	35.0	False
20.0	40.0	False
28.0	89.0	False
7.0	28.0	True
28.0	71.0	True
7.0	9.0	True
7.0	22.0	True
10.0	12.0	True
7.0	11.0	True
14.0	22.0	True
7.0	28.0	True
20.0	80.0	True
14.0	35.0	True
14.0	44.0	True
20.0	32.0	True
28.0	71.0	True
10.0	40.0	True
14.0	18.0	True
10.0	40.0	True
20.0	40.0	True
10.0	12.0	True
10.0	20.0	True
28.0	36.0	True
14.0	56.0	False
10.0	16.0	False
28.0	112.0	False
7.0	9.0	False
10.0	20.0	False
7.0	17.0	False
10.0	31.0	False
28.0	89.0	False
14.0	56.0	False
20.0	80.0	False
28.0	59.0	True
14.0	24.0	True
20.0	30.0	True
7.0	12.0	True
14.0	26.0	True
20.0	34.0	True
20.0	47.0	True
10.0	26.0	True
10.0	17.0	True
7.0	12.0	True
10.0	26.0	False
20.0	47.0	False
10.0	15.0	False
7.0	13.0	False
7.0	18.0	False
10.0	19.0	False
28.0	66.0	False
28.0	59.0	False
20.0	47.0	False
7.0	12.0	False
10.0	21.0	False
14.0	24.0	False
14.0	29.0	False
14.0	24.0	False
20.0	52.0	False
14.0	26.0	False
28.0	59.0	False
7.0	16.0	False
28.0	43.0	False
20.0	34.0	False
7.0	16.0	True
7.0	13.0	True
10.0	17.0	True
20.0	38.0	True
14.0	33.0	True
14.0	29.0	True
20.0	30.0	True
14.0	29.0	True
7.0	16.0	True
7.0	18.0	True
10.0	23.0	True
14.0	21.0	True
7.0	14.0	True
10.0	21.0	True
14.0	24.0	True
14.0	21.0	True
14.0	36.0	True
28.0	66.0	True
10.0	26.0	True
10.0	19.0	True
7.0	16.0	False
14.0	36.0	False
20.0	42.0	False
10.0	26.0	False
14.0	21.0	False
7.0	14.0	False
7.0	10.0	False
7.0	10.0	False
28.0	43.0	False
28.0	48.0	False
14.0	33.0	False
28.0	53.0	False
10.0	19.0	False
28.0	53.0	False
14.0	36.0	False
28.0	66.0	False
28.0	48.0	False
10.0	23.0	False
10.0	17.0	False
7.0	13.0	False
14.0	33.0	True
7.0	10.0	True
14.0	36.0	True
28.0	43.0	True
10.0	19.0	True
28.0	48.0	True
7.0	13.0	True
10.0	15.0	True
10.0	23.0	True
20.0	47.0	True
10.0	15.0	True
20.0	42.0	True
20.0	52.0	True
7.0	18.0	True
20.0	52.0	True
28.0	73.0	True
20.0	42.0	True
28.0	66.0	True
14.0	26.0	True
28.0	59.0	True
20.0	34.0	False
7.0	12.0	False
20.0	38.0	False
10.0	17.0	False
14.0	29.0	False
14.0	33.0	False
20.0	30.0	False
7.0	18.0	False
20.0	30.0	False
10.0	15.0	False
28.0	53.0	True
28.0	73.0	True
28.0	53.0	True
20.0	34.0	True
28.0	43.0	True
7.0	14.0	True
7.0	10.0	True
28.0	48.0	True
20.0	38.0	True
10.0	21.0	True
20.0	52.0	False
10.0	23.0	False
20.0	38.0	False
10.0	21.0	False
28.0	73.0	False
20.0	42.0	False
28.0	73.0	False
7.0	14.0	False
14.0	21.0	False
14.0	26.0	False
28.0	43.0	True
10.0	21.0	True
28.0	73.0	True
20.0	47.0	True
28.0	48.0	True
20.0	34.0	True
10.0	15.0	True
14.0	29.0	True
28.0	59.0	True
10.0	17.0	True
20.0	42.0	False
20.0	42.0	False
7.0	14.0	False
28.0	66.0	False
28.0	59.0	False
28.0	73.0	False
14.0	36.0	False
20.0	30.0	False
10.0	15.0	False
14.0	21.0	False
28.0	48.0	False
10.0	17.0	False
10.0	17.0	False
28.0	43.0	False
20.0	38.0	False
10.0	23.0	False
10.0	19.0	False
10.0	21.0	False
28.0	53.0	False
20.0	38.0	False
14.0	33.0	True
14.0	36.0	True
7.0	18.0	True
20.0	52.0	True
28.0	53.0	True
20.0	52.0	True
7.0	10.0	True
20.0	38.0	True
10.0	15.0	True
14.0	21.0	True
7.0	18.0	True
7.0	16.0	True
10.0	19.0	True
14.0	29.0	True
7.0	14.0	True
20.0	34.0	True
10.0	23.0	True
7.0	12.0	True
10.0	21.0	True
10.0	19.0	True
14.0	24.0	False
7.0	10.0	False
14.0	33.0	False
28.0	59.0	False
20.0	34.0	False
7.0	13.0	False
10.0	23.0	False
28.0	53.0	False
20.0	30.0	False
14.0	21.0	False
10.0	21.0	False
20.0	47.0	False
20.0	52.0	False
7.0	13.0	False
10.0	26.0	False
20.0	47.0	False
28.0	73.0	False
7.0	16.0	False
28.0	48.0	False
14.0	24.0	False
7.0	12.0	True
20.0	30.0	True
28.0	53.0	True
28.0	59.0	True
14.0	26.0	True
14.0	26.0	True
10.0	26.0	True
20.0	47.0	True
20.0	30.0	True
10.0	23.0	True
7.0	16.0	True
7.0	13.0	True
14.0	24.0	True
28.0	66.0	True
10.0	17.0	True
7.0	10.0	True
7.0	14.0	True
7.0	13.0	True
28.0	43.0	True
10.0	26.0	True
28.0	43.0	False
7.0	18.0	False
14.0	29.0	False
20.0	34.0	False
10.0	26.0	False
7.0	14.0	False
14.0	26.0	False
28.0	66.0	False
7.0	12.0	False
7.0	16.0	False
20.0	52.0	False
14.0	33.0	False
14.0	36.0	False
7.0	10.0	False
10.0	19.0	False
14.0	29.0	False
7.0	12.0	False
10.0	15.0	False
7.0	18.0	False
14.0	26.0	False
14.0	21.0	True
14.0	24.0	True
20.0	42.0	True
14.0	33.0	True
20.0	38.0	True
28.0	48.0	True
28.0	73.0	True
28.0	66.0	True
20.0	42.0	True
14.0	36.0	True
7.0	12.0	False
7.0	10.0	False
7.0	14.0	False
14.0	45.0	False
14.0	21.0	False
14.0	25.0	False
14.0	45.0	False
7.0	19.0	False
28.0	67.0	False
7.0	12.0	False
20.0	31.0	True
14.0	39.0	True
7.0	16.0	True
10.0	15.0	True
20.0	64.0	True
10.0	32.0	True
28.0	43.0	True
14.0	39.0	True
7.0	22.0	True
10.0	15.0	True
20.0	56.0	True
10.0	24.0	True
28.0	67.0	True
28.0	78.0	True
7.0	12.0	True
20.0	48.0	True
14.0	29.0	True
28.0	58.0	True
20.0	48.0	True
28.0	90.0	True
10.0	24.0	False
14.0	29.0	False
10.0	20.0	False
10.0	24.0	False
28.0	67.0	False
28.0	43.0	False
20.0	36.0	False
20.0	31.0	False
14.0	39.0	False
28.0	50.0	False
7.0	10.0	True
7.0	19.0	True
28.0	58.0	True
28.0	43.0	True
10.0	28.0	True
28.0	90.0	True
10.0	20.0	True
7.0	19.0	True
28.0	50.0	True
14.0	21.0	True
10.0	15.0	False
20.0	64.0	False
20.0	64.0	False
28.0	43.0	False
10.0	28.0	False
20.0	48.0	False
10.0	18.0	False
28.0	78.0	False
20.0	48.0	False
28.0	58.0	False
20.0	31.0	True
28.0	67.0	True
7.0	12.0	True
7.0	10.0	True
14.0	25.0	True
14.0	25.0	True
10.0	18.0	True
20.0	41.0	True
7.0	14.0	True
20.0	36.0	True
7.0	16.0	False
7.0	22.0	False
7.0	22.0	False
28.0	78.0	False
20.0	31.0	False
14.0	33.0	False
7.0	14.0	False
10.0	32.0	False
10.0	20.0	False
10.0	18.0	False
28.0	90.0	False
10.0	28.0	False
10.0	32.0	False
20.0	56.0	False
28.0	90.0	False
14.0	33.0	False
20.0	36.0	False
28.0	50.0	False
14.0	25.0	False
10.0	15.0	False
14.0	45.0	True
10.0	18.0	True
10.0	32.0	True
20.0	56.0	True
10.0	24.0	True
14.0	21.0	True
14.0	33.0	True
7.0	16.0	True
10.0	20.0	True
28.0	78.0	True
14.0	39.0	False
7.0	10.0	False
7.0	19.0	False
7.0	16.0	False
28.0	58.0	False
20.0	56.0	False
20.0	41.0	False
20.0	41.0	False
14.0	21.0	False
14.0	29.0	False
14.0	33.0	True
14.0	29.0	True
7.0	14.0	True
7.0	22.0	True
20.0	36.0	True
20.0	64.0	True
14.0	45.0	True
20.0	41.0	True
28.0	50.0	True
10.0	28.0	True
20.0	64.0	True
28.0	67.0	True
20.0	48.0	True
28.0	50.0	True
28.0	43.0	True
7.0	19.0	True
28.0	78.0	True
20.0	56.0	True
28.0	78.0	True
28.0	58.0	True
14.0	33.0	False
14.0	25.0	False
28.0	43.0	False
7.0	22.0	False
28.0	67.0	False
14.0	39.0	False
28.0	50.0	False
7.0	16.0	False
28.0	50.0	False
10.0	18.0	False
10.0	28.0	False
28.0	90.0	False
10.0	20.0	False
20.0	48.0	False
20.0	64.0	False
14.0	45.0	False
28.0	43.0	False
20.0	41.0	False
20.0	36.0	False
10.0	32.0	False
14.0	29.0	True
7.0	12.0	True
10.0	24.0	True
7.0	16.0	True
14.0	39.0	True
7.0	19.0	True
10.0	20.0	True
20.0	48.0	True
7.0	10.0	True
20.0	56.0	True
7.0	14.0	True
14.0	39.0	True
28.0	90.0	True
7.0	12.0	True
28.0	58.0	True
10.0	18.0	True
10.0	28.0	True
14.0	25.0	True
14.0	29.0	True
14.0	45.0	True
20.0	36.0	False
28.0	78.0	False
7.0	12.0	False
28.0	78.0	False
14.0	25.0	False
14.0	33.0	False
7.0	19.0	False
20.0	31.0	False
14.0	29.0	False
7.0	22.0	False
7.0	14.0	False
20.0	56.0	False
28.0	58.0	False
10.0	15.0	False
10.0	24.0	False
10.0	20.0	False
10.0	24.0	False
14.0	21.0	False
7.0	16.0	False
7.0	14.0	True
20.0	31.0	True
28.0	90.0	True
10.0	32.0	True
10.0	15.0	True
7.0	22.0	True
20.0	41.0	True
14.0	21.0	True
28.0	43.0	True
14.0	25.0	True
20.0	64.0	True
20.0	36.0	True
10.0	20.0	True
14.0	33.0	True
10.0	18.0	True
20.0	31.0	True
14.0	21.0	True
7.0	16.0	True
10.0	15.0	True
14.0	45.0	True
14.0	45.0	False
28.0	90.0	False
14.0	29.0	False
7.0	10.0	False
20.0	56.0	False
28.0	67.0	False
20.0	48.0	False
20.0	41.0	False
7.0	14.0	False
7.0	12.0	False
28.0	58.0	False
20.0	31.0	False
20.0	64.0	False
7.0	19.0	False
14.0	39.0	False
10.0	15.0	False
7.0	10.0	False
14.0	21.0	False
10.0	28.0	False
10.0	32.0	False
20.0	36.0	True
7.0	10.0	True
20.0	41.0	True
14.0	33.0	True
10.0	32.0	True
28.0	66.0	False
7.0	18.0	False
7.0	13.0	False
28.0	83.0	False
20.0	59.0	False
14.0	41.0	False
10.0	33.0	False
20.0	47.0	False
7.0	14.0	False
10.0	18.0	False
20.0	37.0	True
7.0	18.0	True
14.0	46.0	True
7.0	14.0	True
20.0	59.0	True
28.0	83.0	True
10.0	21.0	True
20.0	42.0	True
7.0	16.0	True
28.0	74.0	True
7.0	16.0	True
10.0	29.0	True
10.0	18.0	True
20.0	42.0	True
28.0	83.0	True
10.0	33.0	True
28.0	66.0	True
7.0	13.0	True
20.0	59.0	True
7.0	18.0	True
28.0	59.0	False
10.0	29.0	False
10.0	21.0	False
7.0	23.0	False
10.0	26.0	False
20.0	42.0	False
20.0	53.0	False
14.0	33.0	False
28.0	53.0	False
20.0	47.0	False
10.0	33.0	True
20.0	47.0	True
14.0	37.0	True
20.0	66.0	True
14.0	41.0	True
14.0	33.0	True
10.0	21.0	True
20.0	53.0	True
7.0	13.0	True
28.0	92.0	True
20.0	66.0	False
28.0	53.0	False
7.0	18.0	False
10.0	18.0	False
14.0	29.0	False
7.0	20.0	False
20.0	66.0	False
14.0	37.0	False
14.0	41.0	False
14.0	29.0	False
28.0	74.0	True
20.0	47.0	True
28.0	59.0	True
7.0	23.0	True
14.0	33.0	True
7.0	14.0	True
7.0	23.0	True
14.0	29.0	True
20.0	66.0	True
10.0	26.0	True
28.0	66.0	False
7.0	23.0	False
14.0	33.0	False
14.0	46.0	False
20.0	59.0	False
10.0	29.0	False
14.0	26.0	False
10.0	23.0	False
14.0	26.0	False
10.0	26.0	False
14.0	46.0	True
28.0	66.0	True
7.0	20.0	True
10.0	23.0	True
10.0	26.0	True
14.0	26.0	True
28.0	92.0	True
28.0	53.0	True
7.0	20.0	True
10.0	18.0	True
20.0	37.0	False
20.0	37.0	False
10.0	23.0	False
28.0	74.0	False
10.0	33.0	False
28.0	59.0	False
28.0	74.0	False
14.0	37.0	False
28.0	92.0	False
7.0	13.0	False
7.0	20.0	False
28.0	83.0	False
14.0	46.0	False
7.0	16.0	False
10.0	21.0	False
20.0	42.0	False
7.0	14.0	False
28.0	92.0	False
7.0	16.0	False
20.0	53.0	False
20.0	53.0	True
28.0	53.0	True
14.0	37.0	True
14.0	41.0	True
10.0	29.0	True
14.0	26.0	True
14.0	29.0	True
28.0	59.0	True
20.0	37.0	True
10.0	23.0	True
10.0	33.0	True
10.0	26.0	True
10.0	21.0	True
14.0	37.0	True
28.0	83.0	True
10.0	29.0	True
28.0	53.0	True
20.0	42.0	True
20.0	53.0	True
7.0	20.0	True
28.0	83.0	False
20.0	37.0	False
14.0	46.0	False
14.0	29.0	False
10.0	29.0	False
14.0	33.0	False
28.0	66.0	False
7.0	16.0	False
28.0	53.0	False
7.0	13.0	False
20.0	66.0	False
10.0	26.0	False
28.0	74.0	False
7.0	23.0	False
10.0	33.0	False
28.0	74.0	False
28.0	53.0	False
28.0	92.0	False
7.0	16.0	False
14.0	37.0	False
20.0	47.0	True
14.0	41.0	True
20.0	66.0	True
10.0	18.0	True
20.0	66.0	True
28.0	92.0	True
14.0	33.0	True
28.0	53.0	True
14.0	46.0	True
28.0	83.0	True
28.0	66.0	False
10.0	18.0	False
20.0	59.0	False
7.0	20.0	False
10.0	29.0	False
10.0	26.0	False
10.0	23.0	False
20.0	42.0	False
7.0	20.0	False
10.0	21.0	False
7.0	16.0	True
28.0	59.0	True
10.0	33.0	True
10.0	26.0	True
20.0	59.0	True
28.0	74.0	True
10.0	18.0	True
20.0	42.0	True
7.0	13.0	True
7.0	23.0	True
10.0	23.0	True
28.0	66.0	True
10.0	29.0	True
14.0	29.0	True
28.0	59.0	True
20.0	47.0	True
14.0	46.0	True
10.0	23.0	True
20.0	53.0	True
7.0	18.0	True
20.0	53.0	False
10.0	18.0	False
20.0	37.0	False
14.0	41.0	False
14.0	41.0	False
14.0	26.0	False
14.0	33.0	False
14.0	29.0	False
7.0	18.0	False
20.0	47.0	False
28.0	92.0	True
20.0	37.0	True
14.0	26.0	True
20.0	37.0	True
28.0	74.0	True
14.0	29.0	True
14.0	33.0	True
14.0	37.0	True
7.0	14.0	True
28.0	66.0	True
20.0	53.0	False
10.0	21.0	False
14.0	37.0	False
28.0	92.0	False
7.0	13.0	False
10.0	23.0	False
20.0	59.0	False
28.0	59.0	False
14.0	26.0	False
28.0	83.0	False
7.0	13.0	True
7.0	18.0	True
10.0	21.0	True
14.0	26.0	True
7.0	20.0	True
7.0	23.0	True
14.0	41.0	True
7.0	16.0	True
7.0	14.0	True
20.0	59.0	True
7.0	23.0	False
7.0	14.0	False
20.0	47.0	False
10.0	33.0	False
7.0	18.0	False
20.0	42.0	False
7.0	14.0	False
28.0	59.0	False
20.0	66.0	False
14.0	46.0	False
14.0	34.0	False
20.0	62.0	False
7.0	10.0	False
20.0	80.0	False
28.0	69.0	False
10.0	12.0	False
10.0	40.0	False
20.0	38.0	False
28.0	33.0	False
7.0	28.0	False
14.0	16.0	True
10.0	12.0	True
20.0	62.0	True
20.0	38.0	True
10.0	24.0	True
20.0	30.0	True
14.0	56.0	True
10.0	15.0	True
28.0	33.0	True
20.0	24.0	True
20.0	62.0	False
14.0	56.0	False
28.0	112.0	False
28.0	54.0	False
28.0	88.0	False
14.0	21.0	False
10.0	31.0	False
7.0	22.0	False
28.0	42.0	False
20.0	30.0	False
10.0	31.0	True
14.0	34.0	True
7.0	17.0	True
20.0	49.0	True
10.0	40.0	True
10.0	15.0	True
7.0	13.0	True
14.0	56.0	True
10.0	12.0	True
14.0	44.0	True
20.0	30.0	True
20.0	80.0	True
20.0	49.0	True
10.0	40.0	True
28.0	33.0	True
7.0	28.0	True
28.0	42.0	True
14.0	44.0	True
7.0	10.0	True
28.0	88.0	True
7.0	17.0	False
20.0	80.0	False
7.0	8.0	False
7.0	13.0	False
28.0	88.0	False
14.0	34.0	False
10.0	24.0	False
28.0	69.0	False
7.0	28.0	False
28.0	112.0	False
20.0	24.0	False
28.0	42.0	False
10.0	19.0	False
14.0	44.0	False
10.0	15.0	False
28.0	33.0	False
20.0	49.0	False
7.0	22.0	False
14.0	56.0	False
14.0	44.0	False
14.0	21.0	True
28.0	69.0	True
7.0	17.0	True
28.0	54.0	True
7.0	8.0	True
28.0	112.0	True
7.0	8.0	True
7.0	13.0	True
28.0	42.0	True
7.0	28.0	True
20.0	24.0	True
7.0	10.0	True
20.0	62.0	True
7.0	22.0	True
20.0	80.0	True
14.0	27.0	True
10.0	19.0	True
14.0	16.0	True
10.0	31.0	True
28.0	88.0	True
14.0	27.0	False
10.0	12.0	False
20.0	24.0	False
10.0	40.0	False
14.0	27.0	False
14.0	16.0	False
20.0	30.0	False
28.0	54.0	False
10.0	19.0	False
14.0	21.0	False
14.0	21.0	True
10.0	19.0	True
20.0	38.0	True
14.0	27.0	True
28.0	69.0	True
14.0	34.0	True
10.0	24.0	True
28.0	112.0	True
7.0	22.0	True
28.0	54.0	True
14.0	16.0	False
7.0	8.0	False
10.0	24.0	False
7.0	17.0	False
10.0	15.0	False
20.0	38.0	False
10.0	31.0	False
20.0	49.0	False
7.0	10.0	False
7.0	13.0	False
20.0	49.0	False
14.0	34.0	False
7.0	28.0	False
10.0	31.0	False
10.0	19.0	False
28.0	112.0	False
10.0	40.0	False
28.0	88.0	False
14.0	16.0	False
10.0	19.0	False
20.0	62.0	True
14.0	34.0	True
28.0	54.0	True
14.0	56.0	True
10.0	15.0	True
28.0	88.0	True
20.0	80.0	True
20.0	24.0	True
7.0	22.0	True
10.0	40.0	True
20.0	62.0	False
10.0	12.0	False
7.0	8.0	False
7.0	28.0	False
20.0	24.0	False
28.0	69.0	False
20.0	62.0	False
10.0	40.0	False
10.0	15.0	False
28.0	88.0	False
10.0	31.0	True
7.0	13.0	True
10.0	15.0	True
7.0	10.0	True
28.0	42.0	True
28.0	69.0	True
14.0	16.0	True
28.0	112.0	True
14.0	56.0	True
20.0	30.0	True
20.0	24.0	True
10.0	24.0	True
7.0	28.0	True
14.0	27.0	True
10.0	19.0	True
14.0	34.0	True
10.0	19.0	True
7.0	13.0	True
10.0	24.0	True
20.0	62.0	True
14.0	27.0	False
20.0	38.0	False
14.0	44.0	False
14.0	44.0	False
14.0	21.0	False
28.0	112.0	False
10.0	31.0	False
28.0	33.0	False
28.0	54.0	False
28.0	42.0	False
10.0	12.0	False
7.0	17.0	False
14.0	56.0	False
7.0	13.0	False
28.0	69.0	False
14.0	21.0	False
14.0	16.0	False
7.0	13.0	False
28.0	42.0	False
14.0	34.0	False
10.0	31.0	True
28.0	54.0	True
7.0	10.0	True
10.0	12.0	True
7.0	28.0	True
10.0	40.0	True
20.0	30.0	True
20.0	38.0	True
7.0	8.0	True
20.0	38.0	True
14.0	27.0	False
7.0	22.0	False
10.0	24.0	False
28.0	33.0	False
14.0	56.0	False
7.0	10.0	False
28.0	54.0	False
7.0	17.0	False
10.0	24.0	False
7.0	8.0	False
28.0	69.0	True
7.0	8.0	True
14.0	27.0	True
7.0	17.0	True
20.0	49.0	True
28.0	33.0	True
7.0	22.0	True
14.0	44.0	True
14.0	21.0	True
7.0	17.0	True
20.0	80.0	True
28.0	112.0	True
28.0	88.0	True
14.0	44.0	True
20.0	49.0	True
28.0	42.0	True
14.0	16.0	True
14.0	21.0	True
28.0	33.0	True
10.0	12.0	True
20.0	30.0	False
20.0	24.0	False
20.0	80.0	False
20.0	30.0	False
20.0	38.0	False
20.0	80.0	False
20.0	49.0	False
10.0	15.0	False
7.0	10.0	False
7.0	22.0	False
10.0	17.0	False
10.0	15.0	False
28.0	77.0	False
7.0	16.0	False
14.0	18.0	False
7.0	19.0	False
20.0	26.0	False
28.0	57.0	False
20.0	35.0	False
14.0	24.0	False
28.0	57.0	True
14.0	28.0	True
20.0	35.0	True
20.0	30.0	True
28.0	77.0	True
14.0	21.0	True
10.0	27.0	True
10.0	20.0	True
28.0	77.0	True
7.0	19.0	True
7.0	12.0	False
20.0	30.0	False
14.0	33.0	False
10.0	17.0	False
20.0	41.0	False
14.0	21.0	False
7.0	10.0	False
7.0	10.0	False
10.0	13.0	False
20.0	41.0	False
10.0	20.0	True
7.0	9.0	True
28.0	57.0	True
14.0	38.0	True
7.0	16.0	True
7.0	10.0	True
28.0	66.0	True
28.0	49.0	True
20.0	26.0	True
10.0	17.0	True
20.0	41.0	True
28.0	37.0	True
14.0	33.0	True
20.0	35.0	True
14.0	21.0	True
20.0	30.0	True
28.0	43.0	True
20.0	55.0	True
14.0	18.0	True
10.0	27.0	False
10.0	15.0	False
20.0	47.0	False
10.0	13.0	False
14.0	33.0	False
10.0	27.0	False
7.0	9.0	False
14.0	38.0	False
28.0	57.0	False
28.0	37.0	False
14.0	24.0	False
14.0	28.0	False
14.0	38.0	False
7.0	16.0	False
28.0	49.0	False
7.0	9.0	False
7.0	12.0	False
14.0	28.0	False
14.0	21.0	False
20.0	47.0	False
10.0	23.0	True
7.0	9.0	True
14.0	33.0	True
14.0	28.0	True
28.0	66.0	True
7.0	16.0	True
14.0	38.0	True
10.0	15.0	True
14.0	24.0	True
20.0	55.0	True
10.0	13.0	True
20.0	26.0	True
28.0	37.0	True
28.0	49.0	True
10.0	27.0	True
14.0	18.0	True
10.0	13.0	True
7.0	10.0	True
7.0	12.0	True
28.0	37.0	False
28.0	43.0	False
20.0	55.0	False
20.0	35.0	False
28.0	49.0	False
7.0	19.0	False
10.0	20.0	False
10.0	20.0	False
28.0	66.0	False
28.0	66.0	False
7.0	14.0	False
10.0	23.0	False
7.0	14.0	False
14.0	18.0	False
20.0	30.0	False
28.0	43.0	False
20.0	26.0	False
20.0	55.0	False
28.0	77.0	False
10.0	17.0	True
7.0	14.0	True
10.0	23.0	True
14.0	24.0	True
7.0	12.0	True
20.0	47.0	True
20.0	47.0	True
20.0	41.0	True
28.0	43.0	True
10.0	15.0	True
7.0	9.0	False
20.0	30.0	False
20.0	47.0	False
14.0	18.0	False
14.0	33.0	False
7.0	12.0	False
7.0	9.0	False
20.0	41.0	False
14.0	33.0	False
7.0	16.0	False
28.0	77.0	True
7.0	16.0	True
10.0	20.0	True
28.0	37.0	True
20.0	47.0	True
7.0	10.0	True
7.0	14.0	True
7.0	19.0	True
7.0	16.0	True
14.0	24.0	True
20.0	47.0	True
28.0	66.0	True
14.0	33.0	True
20.0	26.0	True
10.0	17.0	True
14.0	33.0	True
20.0	55.0	True
14.0	18.0	True
20.0	26.0	True
28.0	77.0	True
10.0	13.0	False
7.0	16.0	False
20.0	55.0	False
28.0	43.0	False
10.0	15.0	False
7.0	14.0	False
28.0	77.0	False
10.0	13.0	False
20.0	55.0	False
14.0	28.0	False
7.0	14.0	True
10.0	20.0	True
7.0	12.0	True
10.0	23.0	True
28.0	43.0	True
14.0	24.0	True
14.0	28.0	True
20.0	30.0	True
7.0	9.0	True
7.0	9.0	True
14.0	21.0	False
20.0	41.0	False
20.0	26.0	False
10.0	15.0	False
7.0	10.0	False
7.0	19.0	False
20.0	35.0	False
28.0	37.0	False
28.0	37.0	False
14.0	18.0	False
20.0	35.0	True
10.0	13.0	True
10.0	17.0	True
20.0	55.0	True
14.0	38.0	True
14.0	18.0	True
20.0	41.0	True
20.0	30.0	True
10.0	27.0	True
20.0	26.0	False
10.0	23.0	False
14.0	38.0	False
14.0	28.0	False
10.0	23.0	False
10.0	27.0	False
28.0	43.0	False
14.0	38.0	False
28.0	57.0	False
20.0	30.0	False
20.0	47.0	False
10.0	20.0	False
20.0	35.0	False
14.0	24.0	False
28.0	66.0	False
28.0	77.0	False
7.0	14.0	False
14.0	24.0	False
10.0	20.0	False
10.0	27.0	False
14.0	21.0	True
28.0	57.0	True
20.0	41.0	True
28.0	49.0	True
10.0	23.0	True
20.0	35.0	True
7.0	10.0	True
28.0	66.0	True
14.0	38.0	True
28.0	43.0	True
28.0	66.0	False
7.0	10.0	False
10.0	17.0	False
28.0	49.0	False
14.0	21.0	False
28.0	57.0	False
7.0	12.0	False
7.0	19.0	False
28.0	49.0	False
10.0	17.0	False
28.0	37.0	True
7.0	19.0	True
7.0	12.0	True
28.0	49.0	True
14.0	21.0	True
10.0	15.0	True
10.0	27.0	True
10.0	15.0	True
28.0	57.0	True
14.0	28.0	True
14.0	28.0	False
28.0	74.0	False
14.0	56.0	False
20.0	80.0	False
10.0	23.0	False
14.0	37.0	False
28.0	84.0	False
28.0	97.0	False
7.0	24.0	False
28.0	112.0	False
7.0	14.0	True
28.0	112.0	True
10.0	30.0	True
7.0	14.0	True
20.0	69.0	True
20.0	60.0	True
14.0	42.0	True
28.0	56.0	True
28.0	56.0	True
20.0	40.0	True
14.0	28.0	True
10.0	20.0	True
28.0	84.0	True
28.0	74.0	True
7.0	16.0	True
7.0	28.0	True
20.0	46.0	True
20.0	40.0	True
10.0	26.0	True
14.0	48.0	True
7.0	16.0	False
14.0	48.0	False
20.0	40.0	False
28.0	64.0	False
10.0	20.0	False
7.0	16.0	False
10.0	40.0	False
10.0	30.0	False
10.0	26.0	False
7.0	24.0	False
14.0	37.0	True
20.0	80.0	True
20.0	46.0	True
20.0	52.0	True
14.0	28.0	True
20.0	60.0	True
28.0	112.0	True
28.0	97.0	True
7.0	21.0	True
10.0	26.0	True
20.0	52.0	False
10.0	40.0	False
28.0	84.0	False
20.0	46.0	False
14.0	56.0	False
14.0	28.0	False
20.0	80.0	False
7.0	28.0	False
14.0	42.0	False
7.0	14.0	False
7.0	18.0	True
14.0	37.0	True
28.0	74.0	True
10.0	40.0	True
7.0	21.0	True
10.0	30.0	True
7.0	24.0	True
28.0	97.0	True
28.0	64.0	True
14.0	56.0	True
20.0	40.0	False
28.0	64.0	False
14.0	32.0	False
14.0	42.0	False
7.0	28.0	False
28.0	74.0	False
7.0	14.0	False
14.0	37.0	False
10.0	34.0	False
20.0	46.0	False
20.0	52.0	False
28.0	112.0	False
10.0	23.0	False
10.0	34.0	False
14.0	32.0	False
28.0	56.0	False
7.0	21.0	False
20.0	69.0	False
10.0	26.0	False
7.0	21.0	False
10.0	40.0	True
28.0	84.0	True
10.0	23.0	True
14.0	32.0	True
20.0	69.0	True
7.0	16.0	True
20.0	80.0	True
14.0	32.0	True
20.0	52.0	True
14.0	48.0	True
7.0	18.0	True
14.0	56.0	True
28.0	64.0	True
7.0	24.0	True
14.0	42.0	True
7.0	28.0	True
10.0	34.0	True
10.0	23.0	True
10.0	34.0	True
10.0	20.0	True
7.0	18.0	False
10.0	20.0	False
20.0	60.0	False
20.0	69.0	False
28.0	56.0	False
10.0	30.0	False
28.0	97.0	False
20.0	60.0	False
14.0	48.0	False
7.0	18.0	False
10.0	26.0	False
14.0	42.0	False
14.0	56.0	False
20.0	46.0	False
7.0	21.0	False
7.0	28.0	False
7.0	14.0	False
20.0	46.0	False
7.0	21.0	False
20.0	69.0	False
28.0	56.0	True
20.0	80.0	True
28.0	97.0	True
20.0	40.0	True
28.0	84.0	True
7.0	16.0	True
28.0	84.0	True
10.0	30.0	True
7.0	21.0	True
28.0	97.0	True
28.0	84.0	False
7.0	18.0	False
10.0	34.0	False
14.0	28.0	False
28.0	97.0	False
10.0	20.0	False
7.0	24.0	False
28.0	56.0	False
28.0	84.0	False
10.0	40.0	False
20.0	60.0	True
10.0	40.0	True
14.0	42.0	True
10.0	23.0	True
10.0	30.0	True
10.0	26.0	True
20.0	52.0	True
7.0	28.0	True
14.0	28.0	True
14.0	37.0	True
20.0	80.0	False
7.0	18.0	False
14.0	28.0	False
28.0	97.0	False
10.0	30.0	False
20.0	60.0	False
10.0	20.0	False
28.0	64.0	False
14.0	37.0	False
7.0	16.0	False
7.0	16.0	True
10.0	26.0	True
7.0	18.0	True
28.0	112.0	True
10.0	20.0	True
20.0	52.0	True
20.0	60.0	True
14.0	37.0	True
14.0	48.0	True
28.0	56.0	True
28.0	64.0	True
14.0	42.0	True
10.0	23.0	True
20.0	69.0	True
20.0	80.0	True
7.0	21.0	True
7.0	24.0	True
10.0	34.0	True
28.0	74.0	True
10.0	40.0	True
14.0	32.0	False
7.0	24.0	False
10.0	23.0	False
14.0	42.0	False
20.0	40.0	False
10.0	30.0	False
14.0	48.0	False
20.0	52.0	False
10.0	34.0	False
7.0	14.0	False
14.0	28.0	True
7.0	18.0	True
20.0	46.0	True
14.0	56.0	True
14.0	56.0	True
7.0	28.0	True
20.0	69.0	True
14.0	32.0	True
28.0	64.0	True
28.0	112.0	True
14.0	32.0	False
10.0	23.0	False
28.0	64.0	False
28.0	112.0	False
14.0	56.0	False
20.0	60.0	False
14.0	37.0	False
28.0	56.0	False
14.0	48.0	False
28.0	74.0	False
10.0	40.0	False
20.0	80.0	False
28.0	112.0	False
10.0	26.0	False
28.0	74.0	False
20.0	52.0	False
20.0	69.0	False
7.0	28.0	False
7.0	16.0	False
20.0	40.0	False
28.0	74.0	True
20.0	40.0	True
10.0	34.0	True
7.0	14.0	True
7.0	24.0	True
14.0	32.0	True
20.0	46.0	True
14.0	48.0	True
10.0	20.0	True
7.0	14.0	True
10.0	17.0	True
28.0	61.0	True
14.0	24.0	True
14.0	27.0	True
7.0	12.0	True
7.0	13.0	True
20.0	55.0	True
20.0	38.0	True
14.0	24.0	True
7.0	12.0	True
7.0	10.0	False
7.0	17.0	False
28.0	78.0	False
14.0	24.0	False
28.0	48.0	False
10.0	21.0	False
10.0	27.0	False
14.0	34.0	False
28.0	42.0	False
10.0	15.0	False
20.0	49.0	True
20.0	34.0	True
20.0	34.0	True
10.0	24.0	True
7.0	13.0	True
7.0	17.0	True
7.0	19.0	True
20.0	49.0	True
10.0	21.0	True
14.0	30.0	True
14.0	34.0	False
14.0	21.0	False
14.0	27.0	False
7.0	12.0	False
10.0	24.0	False
28.0	78.0	False
28.0	54.0	False
20.0	30.0	False
28.0	61.0	False
28.0	48.0	False
14.0	30.0	False
20.0	38.0	False
20.0	43.0	False
10.0	19.0	False
20.0	30.0	False
10.0	17.0	False
14.0	39.0	False
14.0	30.0	False
20.0	34.0	False
10.0	17.0	False
28.0	48.0	True
10.0	27.0	True
28.0	78.0	True
7.0	10.0	True
28.0	69.0	True
20.0	43.0	True
7.0	17.0	True
14.0	34.0	True
14.0	27.0	True
28.0	69.0	True
28.0	42.0	True
20.0	43.0	True
10.0	15.0	True
7.0	15.0	True
28.0	78.0	True
14.0	21.0	True
28.0	54.0	True
28.0	48.0	True
7.0	15.0	True
14.0	34.0	True
28.0	42.0	False
20.0	34.0	False
7.0	15.0	False
14.0	27.0	False
10.0	21.0	False
14.0	39.0	False
20.0	55.0	False
20.0	43.0	False
7.0	15.0	False
14.0	24.0	False
10.0	15.0	False
10.0	19.0	False
7.0	13.0	False
10.0	27.0	False
28.0	69.0	False
7.0	13.0	False
28.0	61.0	False
7.0	17.0	False
20.0	49.0	False
20.0	38.0	False
10.0	19.0	True
10.0	21.0	True
10.0	27.0	True
10.0	17.0	True
14.0	30.0	True
14.0	39.0	True
7.0	19.0	True
10.0	19.0	True
28.0	61.0	True
20.0	38.0	True
20.0	30.0	True
7.0	10.0	True
10.0	15.0	True
14.0	39.0	True
28.0	54.0	True
20.0	30.0	True
28.0	42.0	True
20.0	55.0	True
14.0	21.0	True
10.0	24.0	True
20.0	49.0	False
7.0	10.0	False
7.0	12.0	False
28.0	54.0	False
7.0	19.0	False
20.0	55.0	False
7.0	19.0	False
10.0	24.0	False
28.0	69.0	False
14.0	21.0	False
20.0	49.0	False
10.0	15.0	False
10.0	24.0	False
20.0	34.0	False
7.0	10.0	False
14.0	34.0	False
7.0	19.0	False
14.0	27.0	False
10.0	15.0	False
20.0	43.0	False
14.0	30.0	True
7.0	19.0	True
14.0	27.0	True
28.0	78.0	True
20.0	43.0	True
20.0	38.0	True
20.0	34.0	True
10.0	21.0	True
10.0	17.0	True
7.0	15.0	True
14.0	21.0	True
20.0	49.0	True
28.0	54.0	True
14.0	34.0	True
20.0	30.0	True
7.0	10.0	True
7.0	12.0	True
20.0	55.0	True
28.0	69.0	True
20.0	49.0	True
10.0	21.0	False
7.0	13.0	False
7.0	12.0	False
7.0	17.0	False
28.0	48.0	False
20.0	38.0	False
20.0	34.0	False
28.0	54.0	False
10.0	24.0	False
10.0	27.0	False
20.0	30.0	False
7.0	12.0	False
20.0	38.0	False
28.0	78.0	False
10.0	17.0	False
28.0	42.0	False
28.0	48.0	False
7.0	10.0	False
7.0	19.0	False
28.0	61.0	False
28.0	42.0	True
10.0	15.0	True
20.0	30.0	True
28.0	54.0	True
28.0	61.0	True
10.0	15.0	True
10.0	19.0	True
10.0	17.0	True
28.0	42.0	True
7.0	15.0	True
20.0	55.0	True
7.0	19.0	True
10.0	19.0	True
10.0	27.0	True
7.0	17.0	True
7.0	13.0	True
14.0	34.0	True
20.0	38.0	True
10.0	27.0	True
14.0	21.0	True
10.0	19.0	False
28.0	69.0	False
20.0	49.0	False
7.0	15.0	False
20.0	30.0	False
14.0	39.0	False
28.0	78.0	False
7.0	13.0	False
28.0	54.0	False
10.0	19.0	False
20.0	34.0	True
20.0	43.0	True
28.0	61.0	True
14.0	30.0	True
14.0	39.0	True
10.0	24.0	True
14.0	24.0	True
14.0	39.0	True
7.0	10.0	True
28.0	69.0	True
14.0	34.0	False
7.0	15.0	False
14.0	39.0	False
10.0	27.0	False
14.0	21.0	False
20.0	43.0	False
20.0	55.0	False
14.0	24.0	False
28.0	42.0	False
14.0	24.0	False
14.0	27.0	True
14.0	24.0	True
28.0	48.0	True
7.0	13.0	True
28.0	78.0	True
28.0	48.0	True
7.0	17.0	True
10.0	21.0	True
10.0	24.0	True
7.0	12.0	True
28.0	69.0	False
28.0	61.0	False
14.0	30.0	False
14.0	30.0	False
10.0	17.0	False
20.0	55.0	False
14.0	21.0	False
10.0	21.0	False
7.0	17.0	False
14.0	27.0	False
7.0	12.0	False
14.0	34.0	False
14.0	25.0	False
7.0	8.0	False
10.0	15.0	False
28.0	44.0	False
10.0	12.0	False
28.0	33.0	False
10.0	13.0	False
20.0	27.0	False
14.0	34.0	True
7.0	9.0	True
20.0	48.0	True
7.0	11.0	True
28.0	59.0	True
7.0	12.0	True
7.0	8.0	True
20.0	31.0	True
14.0	19.0	True
14.0	29.0	True
14.0	25.0	False
20.0	24.0	False
10.0	12.0	False
20.0	36.0	False
10.0	21.0	False
28.0	59.0	False
7.0	8.0	False
20.0	48.0	False
14.0	34.0	False
7.0	9.0	False
10.0	12.0	True
14.0	19.0	True
14.0	22.0	True
10.0	21.0	True
14.0	16.0	True
28.0	68.0	True
14.0	25.0	True
28.0	38.0	True
10.0	24.0	True
28.0	33.0	True
20.0	42.0	False
7.0	17.0	False
10.0	18.0	False
28.0	59.0	False
14.0	19.0	False
20.0	31.0	False
28.0	33.0	False
28.0	38.0	False
10.0	13.0	False
20.0	42.0	True
14.0	25.0	True
14.0	29.0	True
28.0	51.0	True
20.0	24.0	True
20.0	27.0	True
20.0	31.0	True
28.0	33.0	True
20.0	27.0	True
7.0	12.0	True
20.0	27.0	False
28.0	38.0	False
7.0	14.0	False
20.0	48.0	False
20.0	31.0	False
10.0	24.0	False
7.0	11.0	False
10.0	24.0	False
14.0	16.0	False
10.0	21.0	False
10.0	13.0	True
28.0	68.0	True
7.0	17.0	True
10.0	18.0	True
28.0	38.0	True
28.0	44.0	True
7.0	17.0	True
20.0	48.0	True
7.0	14.0	True
10.0	12.0	True
7.0	11.0	True
10.0	21.0	True
28.0	51.0	True
20.0	24.0	True
10.0	13.0	True
28.0	44.0	True
10.0	18.0	True
20.0	36.0	True
20.0	42.0	True
14.0	22.0	True
20.0	24.0	False
28.0	51.0	False
14.0	29.0	False
10.0	18.0	False
7.0	17.0	False
28.0	68.0	False
14.0	19.0	False
14.0	29.0	False
20.0	36.0	False
28.0	51.0	False
28.0	59.0	True
14.0	16.0	True
10.0	15.0	True
10.0	15.0	True
20.0	36.0	True
7.0	9.0	True
7.0	8.0	True
14.0	34.0	True
7.0	14.0	True
10.0	24.0	True
28.0	44.0	False
28.0	68.0	False
10.0	15.0	False
7.0	12.0	False
14.0	22.0	False
7.0	11.0	False
14.0	22.0	False
14.0	16.0	False
20.0	42.0	False
7.0	9.0	False
14.0	22.0	True
28.0	59.0	True
7.0	17.0	True
10.0	12.0	True
28.0	59.0	True
28.0	51.0	True
10.0	13.0	True
7.0	8.0	True
28.0	38.0	True
20.0	31.0	True
10.0	24.0	False
20.0	42.0	False
7.0	11.0	False
7.0	12.0	False
7.0	17.0	False
28.0	68.0	False
14.0	25.0	False
14.0	16.0	False
10.0	15.0	False
20.0	24.0	False
14.0	22.0	False
7.0	9.0	False
14.0	22.0	False
28.0	38.0	False
14.0	19.0	False
10.0	21.0	False
28.0	59.0	False
7.0	9.0	False
10.0	18.0	False
20.0	24.0	False
10.0	15.0	True
10.0	24.0	True
14.0	25.0	True
28.0	38.0	True
20.0	36.0	True
7.0	12.0	True
20.0	36.0	True
14.0	16.0	True
14.0	29.0	True
20.0	27.0	True
28.0	68.0	False
20.0	42.0	False
7.0	12.0	False
14.0	29.0	False
20.0	31.0	False
10.0	21.0	False
10.0	18.0	False
20.0	27.0	False
20.0	48.0	False
20.0	36.0	False
7.0	9.0	True
7.0	8.0	True
7.0	14.0	True
20.0	48.0	True
14.0	29.0	True
20.0	42.0	True
10.0	21.0	True
28.0	44.0	True
28.0	44.0	True
7.0	11.0	True
28.0	33.0	True
7.0	14.0	True
28.0	68.0	True
20.0	31.0	True
28.0	68.0	True
28.0	51.0	True
7.0	9.0	True
14.0	34.0	True
10.0	15.0	True
10.0	12.0	True
20.0	31.0	False
7.0	8.0	False
14.0	29.0	False
7.0	14.0	False
14.0	19.0	False
7.0	17.0	False
28.0	33.0	False
10.0	12.0	False
14.0	25.0	False
10.0	13.0	False
28.0	44.0	False
10.0	13.0	False
14.0	34.0	False
10.0	12.0	False
20.0	36.0	False
7.0	8.0	False
28.0	59.0	False
28.0	38.0	False
28.0	33.0	False
14.0	16.0	False
10.0	13.0	True
20.0	24.0	True
10.0	18.0	True
20.0	48.0	True
7.0	17.0	True
10.0	24.0	True
28.0	33.0	True
14.0	19.0	True
20.0	27.0	True
20.0	24.0	True
10.0	15.0	False
28.0	44.0	False
28.0	51.0	False
14.0	34.0	False
28.0	51.0	False
20.0	27.0	False
7.0	11.0	False
10.0	24.0	False
20.0	48.0	False
7.0	14.0	False
14.0	16.0	True
14.0	22.0	True
10.0	18.0	True
7.0	12.0	True
14.0	34.0	True
10.0	21.0	True
20.0	42.0	True
14.0	25.0	True
14.0	19.0	True
7.0	11.0	True
10.0	14.0	False
7.0	10.0	False
14.0	19.0	False
28.0	38.0	False
7.0	11.0	False
10.0	12.0	False
10.0	13.0	False
20.0	26.0	False
28.0	35.0	False
7.0	9.0	False
28.0	42.0	True
7.0	9.0	True
14.0	21.0	True
10.0	12.0	True
28.0	45.0	True
10.0	15.0	True
14.0	20.0	True
28.0	38.0	True
10.0	13.0	True
20.0	30.0	True
28.0	38.0	True
28.0	40.0	True
28.0	40.0	True
7.0	8.0	True
28.0	36.0	True
28.0	36.0	True
7.0	10.0	True
20.0	29.0	True
10.0	13.0	True
14.0	22.0	True
7.0	10.0	False
14.0	18.0	False
28.0	40.0	False
20.0	29.0	False
10.0	13.0	False
14.0	17.0	False
28.0	45.0	False
28.0	40.0	False
28.0	42.0	False
20.0	25.0	True
20.0	29.0	True
10.0	12.0	True
20.0	32.0	True
7.0	10.0	True
28.0	42.0	True
20.0	27.0	True
14.0	21.0	True
14.0	22.0	True
20.0	27.0	True
14.0	21.0	False
28.0	45.0	False
20.0	27.0	False
20.0	25.0	False
14.0	19.0	False
20.0	27.0	False
7.0	10.0	False
14.0	18.0	False
7.0	9.0	False
10.0	13.0	False
20.0	25.0	False
10.0	14.0	False
28.0	36.0	False
7.0	8.0	False
14.0	20.0	False
28.0	35.0	False
28.0	42.0	False
7.0	9.0	False
28.0	36.0	False
28.0	35.0	True
14.0	18.0	True
14.0	18.0	True
10.0	16.0	True
10.0	13.0	True
7.0	10.0	True
14.0	17.0	True
7.0	11.0	True
7.0	9.0	True
10.0	15.0	True
20.0	32.0	True
7.0	8.0	True
10.0	14.0	True
14.0	20.0	True
28.0	45.0	True
14.0	19.0	True
10.0	16.0	True
20.0	26.0	True
7.0	10.0	True
10.0	16.0	False
7.0	11.0	False
14.0	17.0	False
14.0	20.0	False
10.0	16.0	False
20.0	32.0	False
28.0	38.0	False
14.0	22.0	False
10.0	14.0	True
7.0	11.0	True
28.0	35.0	True
20.0	25.0	True
20.0	26.0	True
14.0	19.0	True
14.0	17.0	True
10.0	13.0	True
7.0	9.0	True
7.0	9.0	True
7.0	8.0	False
14.0	21.0	False
7.0	10.0	False
10.0	13.0	False
10.0	12.0	False
20.0	29.0	False
20.0	32.0	False
20.0	26.0	False
7.0	9.0	False
20.0	30.0	False
20.0	27.0	True
14.0	20.0	True
28.0	35.0	True
7.0	10.0	True
10.0	14.0	True
14.0	19.0	True
10.0	12.0	True
20.0	32.0	True
7.0	11.0	True
28.0	36.0	True
14.0	22.0	False
14.0	19.0	False
14.0	22.0	False
28.0	36.0	False
7.0	9.0	False
14.0	18.0	False
20.0	27.0	False
7.0	9.0	False
7.0	11.0	False
28.0	35.0	False
7.0	8.0	False
7.0	8.0	False
10.0	13.0	False
20.0	26.0	False
20.0	29.0	False
10.0	12.0	False
28.0	36.0	False
20.0	26.0	False
7.0	9.0	False
10.0	14.0	False
14.0	21.0	True
28.0	45.0	True
28.0	42.0	True
28.0	35.0	True
28.0	40.0	True
20.0	25.0	True
20.0	27.0	True
20.0	29.0	True
14.0	21.0	True
14.0	17.0	True
20.0	25.0	False
10.0	14.0	False
10.0	16.0	False
10.0	12.0	False
10.0	16.0	False
10.0	13.0	False
7.0	10.0	False
7.0	10.0	False
28.0	42.0	False
7.0	11.0	False
20.0	29.0	True
14.0	22.0	True
10.0	13.0	True
7.0	9.0	True
7.0	10.0	True
14.0	20.0	True
7.0	8.0	True
10.0	13.0	True
14.0	17.0	True
7.0	11.0	True
10.0	13.0	False
28.0	38.0	False
7.0	10.0	False
14.0	21.0	False
28.0	42.0	False
14.0	17.0	False
14.0	20.0	False
20.0	32.0	False
7.0	10.0	False
7.0	9.0	False
10.0	14.0	True
7.0	9.0	True
20.0	26.0	True
10.0	16.0	True
10.0	12.0	True
28.0	38.0	True
14.0	18.0	True
7.0	10.0	True
10.0	13.0	True
10.0	15.0	True
7.0	8.0	True
14.0	22.0	True
10.0	15.0	True
28.0	40.0	True
7.0	10.0	True
20.0	30.0	True
20.0	26.0	True
14.0	19.0	True
7.0	9.0	True
20.0	32.0	True
20.0	27.0	False
28.0	35.0	False
20.0	32.0	False
14.0	21.0	False
28.0	38.0	False
28.0	40.0	False
10.0	13.0	False
10.0	15.0	False
28.0	40.0	False
28.0	45.0	False
10.0	15.0	False
20.0	30.0	False
20.0	25.0	False
14.0	19.0	False
28.0	45.0	False
14.0	20.0	False
14.0	18.0	False
20.0	30.0	False
14.0	17.0	False
20.0	29.0	False
7.0	9.0	True
20.0	30.0	True
14.0	18.0	True
28.0	36.0	True
20.0	25.0	True
28.0	42.0	True
10.0	16.0	True
28.0	45.0	True
10.0	13.0	True
28.0	38.0	True
7.0	17.0	False
20.0	59.0	False
7.0	25.0	False
20.0	53.0	False
20.0	80.0	False
14.0	56.0	False
14.0	41.0	False
7.0	28.0	False
7.0	20.0	False
10.0	24.0	False
7.0	17.0	True
7.0	20.0	True
20.0	53.0	True
20.0	80.0	True
10.0	40.0	True
7.0	22.0	True
20.0	72.0	True
20.0	48.0	True
7.0	28.0	True
7.0	20.0	True
14.0	37.0	True
14.0	56.0	True
14.0	34.0	True
28.0	112.0	True
10.0	24.0	True
7.0	22.0	True
28.0	68.0	True
14.0	41.0	True
7.0	25.0	True
10.0	26.0	True
28.0	75.0	False
14.0	45.0	False
20.0	59.0	False
10.0	40.0	False
7.0	22.0	False
7.0	22.0	False
28.0	101.0	False
20.0	72.0	False
14.0	41.0	False
28.0	68.0	False
14.0	37.0	True
10.0	36.0	True
14.0	45.0	True
20.0	59.0	True
28.0	91.0	True
14.0	56.0	True
7.0	25.0	True
28.0	101.0	True
14.0	50.0	True
20.0	65.0	True
10.0	29.0	False
20.0	65.0	False
10.0	40.0	False
7.0	17.0	False
20.0	48.0	False
28.0	101.0	False
7.0	28.0	False
28.0	83.0	False
7.0	25.0	False
10.0	24.0	False
10.0	29.0	False
7.0	20.0	False
10.0	36.0	False
14.0	56.0	False
28.0	91.0	False
14.0	37.0	False
14.0	37.0	False
20.0	80.0	False
28.0	83.0	False
20.0	48.0	False
10.0	32.0	True
7.0	18.0	True
20.0	80.0	True
14.0	41.0	True
7.0	17.0	True
14.0	34.0	True
10.0	36.0	True
28.0	83.0	True
7.0	18.0	True
20.0	53.0	True
20.0	65.0	False
28.0	112.0	False
14.0	50.0	False
14.0	45.0	False
10.0	32.0	False
20.0	53.0	False
28.0	68.0	False
20.0	72.0	False
28.0	112.0	False
14.0	34.0	False
28.0	83.0	True
10.0	26.0	True
28.0	101.0	True
20.0	48.0	True
10.0	32.0	True
28.0	75.0	True
14.0	45.0	True
28.0	75.0	True
20.0	65.0	True
10.0	29.0	True
14.0	50.0	True
10.0	24.0	True
7.0	28.0	True
28.0	91.0	True
20.0	72.0	True
10.0	40.0	True
10.0	29.0	True
28.0	68.0	True
20.0	59.0	True
10.0	26.0	False
7.0	18.0	False
10.0	36.0	False
10.0	32.0	False
7.0	18.0	False
28.0	91.0	False
10.0	26.0	False
14.0	34.0	False
28.0	75.0	False
14.0	50.0	False
14.0	37.0	False
7.0	22.0	False
28.0	75.0	False
20.0	65.0	False
10.0	26.0	False
10.0	24.0	False
7.0	18.0	False
14.0	45.0	False
7.0	17.0	False
10.0	29.0	False
20.0	48.0	True
10.0	40.0	True
7.0	22.0	True
20.0	53.0	True
20.0	59.0	True
28.0	83.0	True
20.0	72.0	True
14.0	41.0	True
28.0	83.0	True
14.0	45.0	True
14.0	34.0	True
20.0	65.0	True
20.0	53.0	True
20.0	80.0	True
14.0	34.0	True
10.0	32.0	True
28.0	68.0	True
10.0	32.0	True
10.0	36.0	True
14.0	45.0	True
14.0	45.0	False
7.0	28.0	False
28.0	91.0	False
20.0	72.0	False
7.0	25.0	False
28.0	83.0	False
28.0	112.0	False
28.0	101.0	False
14.0	34.0	False
10.0	26.0	False
7.0	28.0	True
14.0	41.0	True
10.0	26.0	True
28.0	101.0	True
7.0	28.0	True
10.0	24.0	True
28.0	112.0	True
20.0	80.0	True
20.0	72.0	True
28.0	75.0	True
20.0	80.0	False
28.0	68.0	False
7.0	20.0	False
10.0	40.0	False
10.0	29.0	False
20.0	59.0	False
20.0	53.0	False
20.0	53.0	False
20.0	65.0	False
14.0	56.0	False
7.0	28.0	False
7.0	22.0	False
14.0	41.0	False
14.0	50.0	False
20.0	48.0	False
20.0	80.0	False
28.0	83.0	False
10.0	32.0	False
10.0	36.0	False
28.0	91.0	False
10.0	36.0	True
10.0	29.0	True
28.0	101.0	True
7.0	22.0	True
7.0	20.0	True
28.0	91.0	True
7.0	17.0	True
10.0	26.0	True
20.0	59.0	True
7.0	17.0	True
7.0	20.0	False
14.0	34.0	False
20.0	72.0	False
28.0	101.0	False
28.0	112.0	False
7.0	17.0	False
14.0	50.0	False
20.0	59.0	False
7.0	25.0	False
14.0	56.0	False
28.0	112.0	True
20.0	48.0	True
14.0	37.0	True
7.0	25.0	True
20.0	65.0	True
7.0	20.0	True
7.0	25.0	True
10.0	24.0	True
28.0	68.0	True
14.0	50.0	True
7.0	18.0	True
14.0	50.0	True
7.0	18.0	True
10.0	29.0	True
14.0	56.0	True
14.0	37.0	True
14.0	56.0	True
28.0	75.0	True
10.0	40.0	True
28.0	91.0	True
28.0	68.0	False
14.0	41.0	False
10.0	40.0	False
20.0	48.0	False
7.0	18.0	False
28.0	75.0	False
10.0	24.0	False
10.0	36.0	False
10.0	32.0	False
14.0	37.0	False
10.0	40.0	False
7.0	16.0	False
10.0	10.0	False
20.0	45.0	False
7.0	21.0	False
10.0	17.0	False
28.0	48.0	False
10.0	22.0	False
20.0	20.0	False
7.0	28.0	False
7.0	21.0	True
14.0	42.0	True
20.0	34.0	True
14.0	32.0	True
28.0	48.0	True
10.0	13.0	True
7.0	12.0	True
7.0	9.0	True
10.0	40.0	True
7.0	16.0	True
20.0	26.0	True
10.0	22.0	True
20.0	34.0	True
7.0	7.0	True
14.0	32.0	True
28.0	84.0	True
20.0	60.0	True
14.0	24.0	True
10.0	10.0	True
20.0	26.0	True
10.0	10.0	False
20.0	34.0	False
20.0	45.0	False
7.0	9.0	False
7.0	12.0	False
14.0	32.0	False
10.0	17.0	False
10.0	13.0	False
14.0	24.0	False
28.0	36.0	False
20.0	80.0	False
10.0	30.0	False
28.0	28.0	False
20.0	34.0	False
28.0	28.0	False
14.0	18.0	False
7.0	28.0	False
7.0	7.0	False
20.0	80.0	False
20.0	26.0	False
7.0	12.0	True
28.0	84.0	True
7.0	28.0	True
10.0	10.0	True
10.0	13.0	True
20.0	20.0	True
14.0	56.0	True
28.0	28.0	True
14.0	24.0	True
14.0	14.0	True
14.0	18.0	False
14.0	42.0	False
28.0	84.0	False
20.0	26.0	False
28.0	112.0	False
28.0	112.0	False
14.0	14.0	False
14.0	56.0	False
28.0	64.0	False
28.0	84.0	False
28.0	64.0	True
14.0	18.0	True
14.0	42.0	True
10.0	22.0	True
10.0	30.0	True
14.0	56.0	True
20.0	80.0	True
28.0	36.0	True
20.0	20.0	True
7.0	21.0	True
28.0	64.0	True
7.0	7.0	True
28.0	112.0	True
14.0	18.0	True
28.0	36.0	True
14.0	14.0	True
10.0	30.0	True
7.0	9.0	True
7.0	16.0	True
20.0	45.0	True
28.0	64.0	False
28.0	36.0	False
7.0	7.0	False
14.0	32.0	False
10.0	13.0	False
14.0	42.0	False
20.0	20.0	False
14.0	56.0	False
10.0	22.0	False
10.0	30.0	False
10.0	17.0	True
20.0	60.0	True
10.0	40.0	True
28.0	28.0	True
28.0	48.0	True
10.0	17.0	True
7.0	28.0	True
20.0	80.0	True
28.0	112.0	True
20.0	45.0	True
20.0	60.0	False
7.0	12.0	False
14.0	14.0	False
14.0	24.0	False
20.0	60.0	False
28.0	48.0	False
7.0	21.0	False
10.0	40.0	False
7.0	16.0	False
7.0	9.0	False
7.0	21.0	True
10.0	22.0	True
20.0	20.0	True
7.0	28.0	True
7.0	9.0	True
14.0	24.0	True
28.0	36.0	True
28.0	48.0	True
14.0	56.0	True
14.0	56.0	True
28.0	84.0	False
14.0	56.0	False
7.0	21.0	False
7.0	28.0	False
7.0	21.0	False
14.0	42.0	False
10.0	13.0	False
14.0	18.0	False
28.0	112.0	False
10.0	17.0	False
14.0	24.0	False
7.0	7.0	False
20.0	60.0	False
14.0	24.0	False
14.0	14.0	False
7.0	9.0	False
10.0	30.0	False
20.0	45.0	False
28.0	84.0	False
20.0	20.0	False
28.0	84.0	True
7.0	7.0	True
20.0	45.0	True
20.0	60.0	True
20.0	34.0	True
10.0	13.0	True
20.0	26.0	True
28.0	28.0	True
14.0	24.0	True
28.0	112.0	True
7.0	21.0	True
28.0	84.0	True
10.0	10.0	True
20.0	45.0	True
14.0	18.0	True
10.0	40.0	True
28.0	112.0	True
7.0	16.0	True
14.0	14.0	True
14.0	18.0	True
7.0	7.0	False
20.0	26.0	False
7.0	28.0	False
28.0	48.0	False
7.0	16.0	False
28.0	28.0	False
28.0	48.0	False
10.0	22.0	False
20.0	80.0	False
7.0	12.0	False
14.0	42.0	False
7.0	12.0	False
20.0	60.0	False
20.0	80.0	False
28.0	64.0	False
7.0	9.0	False
28.0	112.0	False
14.0	18.0	False
10.0	13.0	False
20.0	26.0	False
7.0	28.0	True
7.0	16.0	True
20.0	20.0	True
20.0	80.0	True
10.0	10.0	True
14.0	32.0	True
14.0	32.0	True
20.0	34.0	True
10.0	30.0	True
10.0	13.0	True
7.0	16.0	False
10.0	10.0	False
14.0	56.0	False
14.0	32.0	False
28.0	36.0	False
14.0	14.0	False
14.0	32.0	False
28.0	64.0	False
10.0	40.0	False
10.0	30.0	False
7.0	12.0	True
14.0	14.0	True
10.0	22.0	True
28.0	48.0	True
20.0	26.0	True
20.0	80.0	True
7.0	7.0	True
14.0	42.0	True
10.0	17.0	True
20.0	60.0	True
10.0	22.0	False
20.0	34.0	False
28.0	28.0	False
10.0	10.0	False
20.0	45.0	False
10.0	17.0	False
28.0	36.0	False
10.0	40.0	False
20.0	20.0	False
20.0	34.0	False
28.0	28.0	True
28.0	64.0	True
10.0	40.0	True
28.0	64.0	True
10.0	17.0	True
10.0	30.0	True
7.0	9.0	True
7.0	12.0	True
14.0	42.0	True
28.0	36.0	True
10.0	17.0	False
10.0	19.0	False
28.0	35.0	False
14.0	19.0	False
20.0	38.0	False
28.0	45.0	False
7.0	11.0	False
10.0	13.0	False
20.0	32.0	False
7.0	10.0	False
20.0	30.0	True
10.0	13.0	True
14.0	24.0	True
14.0	21.0	True
10.0	13.0	True
10.0	16.0	True
7.0	10.0	True
28.0	53.0	True
7.0	8.0	True
20.0	35.0	True
14.0	19.0	False
28.0	35.0	False
28.0	42.0	False
7.0	9.0	False
14.0	22.0	False
14.0	22.0	False
28.0	38.0	False
10.0	13.0	False
10.0	16.0	False
20.0	25.0	False
7.0	13.0	True
7.0	11.0	True
10.0	19.0	True
7.0	9.0	True
28.0	42.0	True
14.0	22.0	True
28.0	45.0	True
20.0	38.0	True
14.0	26.0	True
14.0	24.0	True
14.0	19.0	True
7.0	11.0	True
28.0	35.0	True
28.0	53.0	True
20.0	32.0	True
10.0	12.0	True
7.0	12.0	True
14.0	17.0	True
20.0	32.0	True
20.0	30.0	True
20.0	35.0	False
14.0	21.0	False
14.0	24.0	False
20.0	30.0	False
10.0	19.0	False
28.0	42.0	False
20.0	38.0	False
7.0	9.0	False
10.0	15.0	False
28.0	53.0	False
20.0	25.0	False
28.0	49.0	False
20.0	35.0	False
7.0	11.0	False
7.0	10.0	False
14.0	26.0	False
28.0	38.0	False
10.0	15.0	False
10.0	16.0	False
14.0	24.0	False
10.0	17.0	True
7.0	9.0	True
20.0	38.0	True
20.0	35.0	True
7.0	12.0	True
28.0	35.0	True
14.0	19.0	True
28.0	42.0	True
7.0	10.0	True
10.0	17.0	True
20.0	27.0	True
28.0	49.0	True
7.0	13.0	True
14.0	26.0	True
28.0	38.0	True
20.0	27.0	True
28.0	38.0	True
28.0	45.0	True
10.0	15.0	True
7.0	8.0	True
20.0	27.0	False
20.0	30.0	False
14.0	21.0	False
14.0	17.0	False
28.0	45.0	False
28.0	53.0	False
7.0	8.0	False
10.0	17.0	False
7.0	12.0	False
7.0	8.0	False
14.0	26.0	False
28.0	49.0	False
10.0	12.0	False
20.0	32.0	False
7.0	13.0	False
7.0	12.0	False
10.0	12.0	False
20.0	27.0	False
14.0	17.0	False
7.0	13.0	False
10.0	19.0	True
14.0	21.0	True
10.0	16.0	True
14.0	17.0	True
10.0	15.0	True
14.0	22.0	True
10.0	12.0	True
20.0	25.0	True
20.0	25.0	True
28.0	49.0	True
10.0	17.0	False
7.0	11.0	False
28.0	53.0	False
7.0	9.0	False
14.0	24.0	False
28.0	53.0	False
20.0	32.0	False
20.0	32.0	False
10.0	19.0	False
20.0	38.0	False
14.0	21.0	True
7.0	13.0	True
14.0	17.0	True
28.0	49.0	True
10.0	17.0	True
10.0	15.0	True
20.0	35.0	True
14.0	17.0	True
7.0	9.0	True
10.0	16.0	True
28.0	42.0	False
7.0	8.0	False
14.0	19.0	False
20.0	30.0	False
14.0	19.0	False
14.0	26.0	False
14.0	24.0	False
10.0	16.0	False
14.0	17.0	False
7.0	10.0	False
20.0	30.0	True
28.0	45.0	True
28.0	49.0	True
14.0	19.0	True
20.0	27.0	True
28.0	38.0	True
14.0	22.0	True
20.0	27.0	True
14.0	24.0	True
7.0	10.0	True
10.0	17.0	True
28.0	35.0	True
14.0	19.0	True
7.0	8.0	True
10.0	16.0	True
20.0	38.0	True
7.0	11.0	True
14.0	26.0	True
10.0	12.0	True
20.0	35.0	True
20.0	35.0	False
7.0	8.0	False
10.0	12.0	False
7.0	12.0	False
28.0	45.0	False
10.0	13.0	False
28.0	38.0	False
20.0	38.0	False
20.0	27.0	False
10.0	15.0	False
28.0	42.0	False
10.0	16.0	False
20.0	35.0	False
14.0	26.0	False
20.0	25.0	False
14.0	21.0	False
14.0	22.0	False
7.0	9.0	False
20.0	30.0	False
14.0	21.0	False
7.0	13.0	True
7.0	12.0	True
7.0	10.0	True
28.0	35.0	True
10.0	15.0	True
7.0	8.0	True
7.0	12.0	True
20.0	38.0	True
28.0	53.0	True
20.0	30.0	True
20.0	27.0	False
28.0	38.0	False
28.0	35.0	False
10.0	13.0	False
7.0	11.0	False
10.0	17.0	False
14.0	17.0	False
10.0	15.0	False
28.0	49.0	False
28.0	49.0	False
20.0	32.0	True
14.0	21.0	True
28.0	38.0	True
20.0	32.0	True
28.0	53.0	True
28.0	42.0	True
7.0	9.0	True
14.0	22.0	True
28.0	45.0	True
7.0	13.0	False
10.0	19.0	False
20.0	25.0	False
10.0	12.0	False
28.0	35.0	False
14.0	22.0	False
7.0	13.0	False
7.0	12.0	False
7.0	10.0	False
28.0	45.0	False
14.0	24.0	True
7.0	11.0	True
10.0	13.0	True
10.0	13.0	True
10.0	19.0	True
28.0	42.0	True
10.0	12.0	True
20.0	25.0	True
20.0	25.0	True
10.0	11.0	True
28.0	46.0	True
14.0	32.0	True
10.0	14.0	True
20.0	20.0	True
20.0	23.0	True
28.0	65.0	True
28.0	39.0	True
7.0	16.0	True
28.0	39.0	True
10.0	14.0	False
20.0	23.0	False
14.0	19.0	False
14.0	23.0	False
10.0	16.0	False
28.0	33.0	False
20.0	20.0	False
20.0	28.0	False
28.0	46.0	False
7.0	7.0	False
20.0	33.0	True
7.0	9.0	True
7.0	8.0	True
20.0	46.0	True
14.0	16.0	True
14.0	32.0	True
7.0	11.0	True
28.0	54.0	True
14.0	14.0	True
14.0	19.0	True
20.0	23.0	False
10.0	10.0	False
14.0	16.0	False
20.0	33.0	False
28.0	39.0	False
14.0	16.0	False
14.0	23.0	False
14.0	27.0	False
14.0	27.0	False
7.0	13.0	False
20.0	20.0	False
28.0	54.0	False
20.0	33.0	False
28.0	54.0	False
28.0	65.0	False
20.0	46.0	False
10.0	14.0	False
28.0	39.0	False
10.0	10.0	False
28.0	28.0	False
10.0	19.0	True
20.0	39.0	True
10.0	19.0	True
20.0	20.0	True
10.0	16.0	True
28.0	28.0	True
10.0	23.0	True
10.0	23.0	True
28.0	65.0	True
28.0	33.0	True
7.0	13.0	False
28.0	65.0	False
10.0	11.0	False
14.0	32.0	False
10.0	23.0	False
10.0	19.0	False
20.0	28.0	False
7.0	16.0	False
14.0	14.0	False
10.0	19.0	False
20.0	23.0	True
10.0	14.0	True
20.0	28.0	True
28.0	54.0	True
7.0	7.0	True
7.0	16.0	True
20.0	28.0	True
20.0	39.0	True
7.0	13.0	True
10.0	11.0	True
10.0	23.0	False
7.0	8.0	False
20.0	39.0	False
7.0	11.0	False
10.0	16.0	False
7.0	9.0	False
7.0	7.0	False
28.0	33.0	False
28.0	28.0	False
7.0	9.0	False
7.0	7.0	True
7.0	9.0	True
20.0	33.0	True
14.0	14.0	True
28.0	46.0	True
14.0	27.0	True
14.0	23.0	True
14.0	23.0	True
28.0	33.0	True
28.0	28.0	True
20.0	39.0	False
7.0	16.0	False
7.0	8.0	False
14.0	19.0	False
14.0	14.0	False
20.0	46.0	False
28.0	46.0	False
14.0	32.0	False
7.0	11.0	False
10.0	11.0	False
7.0	11.0	True
14.0	19.0	True
14.0	16.0	True
7.0	13.0	True
14.0	27.0	True
7.0	8.0	True
20.0	46.0	True
10.0	10.0	True
10.0	16.0	True
10.0	10.0	True
28.0	33.0	True
20.0	33.0	True
14.0	27.0	True
7.0	7.0	True
10.0	11.0	True
14.0	14.0	True
14.0	19.0	True
7.0	9.0	True
20.0	23.0	True
14.0	23.0	True
28.0	33.0	False
10.0	23.0	False
20.0	28.0	False
10.0	11.0	False
28.0	46.0	False
20.0	20.0	False
28.0	33.0	False
28.0	54.0	False
14.0	32.0	False
14.0	32.0	False
14.0	19.0	False
10.0	16.0	False
10.0	14.0	False
7.0	16.0	False
7.0	16.0	False
10.0	10.0	False
14.0	23.0	False
20.0	28.0	False
20.0	20.0	False
7.0	9.0	False
20.0	28.0	True
28.0	65.0	True
20.0	46.0	True
7.0	9.0	True
28.0	65.0	True
10.0	10.0	True
10.0	14.0	True
20.0	39.0	True
7.0	7.0	True
14.0	32.0	True
7.0	8.0	False
10.0	10.0	False
28.0	39.0	False
20.0	39.0	False
28.0	28.0	False
14.0	19.0	False
7.0	7.0	False
10.0	23.0	False
14.0	23.0	False
28.0	65.0	False
20.0	23.0	True
10.0	16.0	True
20.0	28.0	True
10.0	23.0	True
20.0	46.0	True
10.0	10.0	True
7.0	8.0	True
20.0	33.0	True
14.0	27.0	True
7.0	8.0	True
10.0	19.0	True
7.0	11.0	True
28.0	46.0	True
28.0	28.0	True
10.0	19.0	True
7.0	16.0	True
10.0	16.0	True
7.0	11.0	True
28.0	54.0	True
10.0	14.0	True
28.0	46.0	False
20.0	23.0	False
7.0	8.0	False
20.0	33.0	False
28.0	65.0	False
14.0	27.0	False
14.0	16.0	False
20.0	46.0	False
14.0	14.0	False
7.0	9.0	False
28.0	33.0	True
20.0	20.0	True
7.0	16.0	True
28.0	39.0	True
7.0	13.0	True
28.0	28.0	True
10.0	11.0	True
14.0	32.0	True
7.0	13.0	True
14.0	14.0	True
7.0	13.0	False
20.0	39.0	False
14.0	16.0	False
7.0	7.0	False
20.0	23.0	False
7.0	13.0	False
10.0	16.0	False
14.0	27.0	False
10.0	19.0	False
28.0	28.0	False
20.0	46.0	False
28.0	54.0	False
7.0	11.0	False
10.0	11.0	False
28.0	39.0	False
10.0	14.0	False
7.0	11.0	False
10.0	19.0	False
14.0	14.0	False
20.0	33.0	False
14.0	16.0	True
28.0	46.0	True
28.0	54.0	True
14.0	23.0	True
20.0	20.0	True
28.0	39.0	True
20.0	39.0	True
10.0	23.0	True
14.0	16.0	True
14.0	19.0	True
10.0	25.0	False
7.0	28.0	False
14.0	22.0	False
14.0	28.0	False
28.0	36.0	False
10.0	20.0	False
14.0	18.0	False
10.0	12.0	False
20.0	50.0	False
10.0	20.0	False
20.0	32.0	True
7.0	11.0	True
7.0	14.0	True
14.0	44.0	True
20.0	63.0	True
20.0	40.0	True
10.0	20.0	True
10.0	25.0	True
20.0	32.0	True
28.0	112.0	True
14.0	28.0	False
20.0	32.0	False
28.0	56.0	False
28.0	89.0	False
14.0	22.0	False
28.0	112.0	False
14.0	35.0	False
20.0	40.0	False
28.0	71.0	False
14.0	18.0	False
10.0	31.0	True
7.0	28.0	True
14.0	18.0	True
28.0	45.0	True
28.0	89.0	True
28.0	45.0	True
7.0	28.0	True
20.0	25.0	True
14.0	22.0	True
20.0	80.0	True
7.0	17.0	False
20.0	80.0	False
7.0	11.0	False
10.0	16.0	False
28.0	71.0	False
10.0	16.0	False
7.0	14.0	False
7.0	9.0	False
20.0	63.0	False
14.0	44.0	False
28.0	71.0	True
10.0	31.0	True
20.0	40.0	True
14.0	44.0	True
20.0	63.0	True
7.0	9.0	True
10.0	12.0	True
28.0	89.0	True
10.0	20.0	True
14.0	22.0	True
20.0	25.0	True
10.0	25.0	True
14.0	28.0	True
14.0	35.0	True
28.0	71.0	True
14.0	28.0	True
14.0	56.0	True
7.0	11.0	True
20.0	80.0	True
7.0	22.0	True
20.0	40.0	False
14.0	44.0	False
10.0	31.0	False
7.0	17.0	False
10.0	31.0	False
10.0	25.0	False
7.0	14.0	False
10.0	40.0	False
20.0	25.0	False
14.0	56.0	False
28.0	56.0	False
14.0	56.0	False
7.0	28.0	False
7.0	22.0	False
7.0	22.0	False
20.0	32.0	False
7.0	11.0	False
20.0	63.0	False
20.0	80.0	False
28.0	36.0	False
10.0	40.0	True
28.0	36.0	True
10.0	16.0	True
7.0	22.0	True
20.0	50.0	True
14.0	56.0	True
28.0	56.0	True
10.0	12.0	True
7.0	14.0	True
28.0	89.0	False
28.0	45.0	False
20.0	25.0	False
28.0	112.0	False
10.0	12.0	False
7.0	9.0	False
14.0	35.0	False
10.0	40.0	False
20.0	50.0	False
28.0	45.0	False
10.0	16.0	True
7.0	17.0	True
7.0	17.0	True
20.0	50.0	True
28.0	36.0	True
28.0	112.0	True
14.0	18.0	True
28.0	56.0	True
7.0	9.0	True
14.0	35.0	True
7.0	22.0	True
10.0	31.0	True
20.0	80.0	True
28.0	71.0	True
20.0	63.0	True
20.0	80.0	True
10.0	16.0	True
14.0	35.0	True
14.0	18.0	True
14.0	44.0	True
10.0	40.0	False
14.0	22.0	False
28.0	112.0	False
7.0	9.0	False
7.0	17.0	False
7.0	17.0	False
20.0	80.0	False
20.0	50.0	False
7.0	28.0	False
14.0	35.0	False
10.0	25.0	True
10.0	12.0	True
28.0	36.0	True
14.0	44.0	True
7.0	28.0	True
28.0	89.0	True
10.0	20.0	True
28.0	56.0	True
10.0	16.0	True
14.0	28.0	True
28.0	45.0	False
20.0	40.0	False
28.0	36.0	False
10.0	20.0	False
10.0	25.0	False
7.0	9.0	False
10.0	40.0	False
7.0	14.0	False
20.0	25.0	False
7.0	14.0	False
10.0	20.0	False
20.0	50.0	False
28.0	56.0	False
28.0	112.0	False
14.0	56.0	False
28.0	89.0	False
14.0	18.0	False
10.0	31.0	False
20.0	80.0	False
20.0	32.0	True
7.0	9.0	True
7.0	14.0	True
7.0	17.0	True
10.0	25.0	True
28.0	112.0	True
10.0	31.0	True
20.0	40.0	True
14.0	22.0	True
14.0	18.0	True
14.0	18.0	False
20.0	63.0	False
14.0	35.0	False
20.0	32.0	False
10.0	25.0	False
20.0	40.0	False
28.0	71.0	False
14.0	44.0	False
7.0	22.0	False
14.0	28.0	False
28.0	71.0	True
14.0	35.0	True
20.0	32.0	True
7.0	17.0	True
10.0	40.0	True
7.0	9.0	True
20.0	50.0	True
20.0	63.0	True
28.0	112.0	True
7.0	14.0	True
10.0	40.0	True
28.0	36.0	True
28.0	45.0	True
20.0	50.0	True
20.0	25.0	True
7.0	22.0	True
10.0	20.0	True
7.0	11.0	True
14.0	22.0	True
7.0	11.0	True
28.0	89.0	False
14.0	44.0	False
28.0	71.0	False
28.0	56.0	False
10.0	31.0	False
7.0	11.0	False
10.0	12.0	False
10.0	16.0	False
7.0	11.0	False
20.0	32.0	False
7.0	28.0	False
20.0	63.0	False
14.0	28.0	False
14.0	56.0	False
10.0	16.0	False
28.0	45.0	False
20.0	25.0	False
28.0	36.0	False
14.0	22.0	False
10.0	12.0	False
10.0	12.0	True
20.0	40.0	True
28.0	45.0	True
28.0	56.0	True
14.0	56.0	True
14.0	56.0	True
28.0	89.0	True
20.0	25.0	True
14.0	28.0	True
7.0	28.0	True
20.0	58.0	True
28.0	71.0	True
28.0	61.0	True
7.0	17.0	True
20.0	32.0	True
28.0	95.0	True
20.0	50.0	True
10.0	25.0	True
10.0	34.0	True
28.0	45.0	True
14.0	30.0	False
14.0	35.0	False
14.0	30.0	False
7.0	20.0	False
28.0	82.0	False
20.0	43.0	False
7.0	15.0	False
14.0	41.0	False
14.0	41.0	False
20.0	43.0	False
7.0	11.0	True
20.0	32.0	True
7.0	20.0	True
28.0	95.0	True
28.0	82.0	True
28.0	52.0	True
10.0	16.0	True
14.0	26.0	True
28.0	61.0	True
14.0	47.0	True
14.0	26.0	False
10.0	16.0	False
10.0	21.0	False
10.0	34.0	False
28.0	45.0	False
20.0	58.0	False
14.0	47.0	False
28.0	61.0	False
28.0	95.0	False
20.0	32.0	False
10.0	21.0	True
14.0	35.0	True
7.0	15.0	True
20.0	58.0	True
7.0	13.0	True
10.0	25.0	True
20.0	43.0	True
14.0	22.0	True
7.0	13.0	True
20.0	37.0	True
7.0	17.0	False
10.0	25.0	False
14.0	47.0	False
20.0	32.0	False
10.0	34.0	False
10.0	18.0	False
10.0	16.0	False
28.0	52.0	False
28.0	71.0	False
10.0	21.0	False
14.0	22.0	False
14.0	35.0	False
14.0	26.0	False
10.0	18.0	False
20.0	37.0	False
28.0	61.0	False
28.0	45.0	False
14.0	22.0	False
20.0	68.0	False
20.0	68.0	True
14.0	26.0	True
14.0	41.0	True
14.0	35.0	True
14.0	47.0	True
10.0	29.0	True
28.0	82.0	True
20.0	50.0	True
7.0	20.0	True
14.0	30.0	True
20.0	68.0	False
7.0	23.0	False
20.0	58.0	False
20.0	50.0	False
7.0	15.0	False
7.0	11.0	False
7.0	20.0	False
7.0	17.0	False
28.0	82.0	False
7.0	23.0	False
28.0	52.0	True
10.0	29.0	True
28.0	71.0	True
14.0	41.0	True
7.0	11.0	True
20.0	37.0	True
10.0	21.0	True
28.0	45.0	True
10.0	34.0	True
10.0	18.0	True
20.0	43.0	True
14.0	22.0	True
10.0	16.0	True
7.0	23.0	True
7.0	17.0	True
20.0	68.0	True
10.0	18.0	True
14.0	30.0	True
7.0	15.0	True
7.0	23.0	True
28.0	71.0	False
28.0	95.0	False
7.0	13.0	False
10.0	25.0	False
10.0	29.0	False
28.0	52.0	False
20.0	50.0	False
7.0	13.0	False
20.0	37.0	False
7.0	11.0	False
20.0	50.0	False
10.0	16.0	False
28.0	95.0	False
7.0	11.0	False
14.0	30.0	False
10.0	34.0	False
28.0	95.0	False
10.0	25.0	False
10.0	21.0	False
28.0	82.0	False
10.0	18.0	True
28.0	95.0	True
20.0	37.0	True
14.0	22.0	True
14.0	35.0	True
10.0	16.0	True
20.0	43.0	True
14.0	30.0	True
20.0	58.0	True
7.0	17.0	True
7.0	13.0	False
14.0	26.0	False
7.0	20.0	False
7.0	23.0	False
14.0	41.0	False
28.0	71.0	False
10.0	18.0	False
7.0	17.0	False
10.0	25.0	False
28.0	61.0	False
20.0	32.0	True
28.0	82.0	True
28.0	61.0	True
10.0	25.0	True
20.0	68.0	True
14.0	22.0	True
7.0	11.0	True
20.0	43.0	True
7.0	20.0	True
28.0	82.0	True
28.0	45.0	True
7.0	20.0	True
10.0	18.0	True
7.0	15.0	True
14.0	41.0	True
7.0	11.0	True
14.0	26.0	True
10.0	21.0	True
10.0	34.0	True
28.0	61.0	True
20.0	50.0	False
20.0	43.0	False
28.0	71.0	False
10.0	29.0	False
28.0	61.0	False
20.0	37.0	False
7.0	13.0	False
14.0	47.0	False
20.0	43.0	False
10.0	16.0	False
14.0	30.0	False
20.0	68.0	False
7.0	23.0	False
7.0	15.0	False
14.0	35.0	False
20.0	37.0	False
20.0	68.0	False
10.0	21.0	False
28.0	82.0	False
14.0	47.0	False
28.0	71.0	True
20.0	58.0	True
14.0	47.0	True
20.0	32.0	True
7.0	15.0	True
10.0	29.0	True
14.0	35.0	True
7.0	13.0	True
28.0	71.0	True
20.0	50.0	True
14.0	22.0	False
14.0	41.0	False
20.0	32.0	False
7.0	11.0	False
7.0	15.0	False
14.0	35.0	False
10.0	29.0	False
28.0	52.0	False
14.0	22.0	False
28.0	52.0	False
20.0	50.0	True
7.0	23.0	True
10.0	29.0	True
28.0	52.0	True
14.0	41.0	True
28.0	52.0	True
7.0	13.0	True
14.0	30.0	True
10.0	16.0	True
7.0	17.0	True
14.0	26.0	False
7.0	17.0	False
10.0	34.0	False
28.0	45.0	False
10.0	18.0	False
20.0	32.0	False
7.0	20.0	False
28.0	45.0	False
20.0	58.0	False
20.0	58.0	False
28.0	45.0	True
10.0	25.0	True
10.0	34.0	True
7.0	23.0	True
10.0	21.0	True
20.0	68.0	True
20.0	37.0	True
14.0	26.0	True
14.0	47.0	True
28.0	95.0	True
28.0	45.0	False
20.0	39.0	False
10.0	21.0	False
20.0	48.0	False
7.0	16.0	False
20.0	39.0	False
28.0	55.0	False
14.0	33.0	False
10.0	21.0	False
20.0	43.0	False
20.0	48.0	True
20.0	43.0	True
14.0	22.0	True
10.0	21.0	True
20.0	53.0	True
20.0	48.0	True
7.0	11.0	True
7.0	15.0	True
20.0	53.0	True
28.0	67.0	True
28.0	74.0	False
10.0	26.0	False
20.0	43.0	False
7.0	13.0	False
14.0	37.0	False
20.0	53.0	False
28.0	45.0	False
14.0	22.0	False
10.0	19.0	False
28.0	60.0	False
14.0	33.0	True
10.0	19.0	True
10.0	17.0	True
20.0	35.0	True
14.0	37.0	True
7.0	16.0	True
10.0	26.0	True
7.0	18.0	True
7.0	13.0	True
10.0	17.0	True
7.0	15.0	True
7.0	12.0	True
7.0	16.0	True
20.0	35.0	True
28.0	49.0	True
7.0	11.0	True
14.0	27.0	True
10.0	26.0	True
20.0	43.0	True
28.0	60.0	True
10.0	16.0	False
14.0	22.0	False
7.0	15.0	False
20.0	48.0	False
20.0	32.0	False
7.0	11.0	False
20.0	35.0	False
28.0	67.0	False
28.0	55.0	False
20.0	53.0	False
14.0	24.0	False
7.0	15.0	False
7.0	13.0	False
10.0	17.0	False
20.0	35.0	False
10.0	26.0	False
7.0	12.0	False
20.0	32.0	False
28.0	67.0	False
10.0	24.0	False
28.0	67.0	True
10.0	16.0	True
10.0	21.0	True
28.0	74.0	True
28.0	49.0	True
10.0	16.0	True
28.0	45.0	True
28.0	55.0	True
20.0	39.0	True
20.0	32.0	True
14.0	30.0	False
14.0	27.0	False
7.0	18.0	False
14.0	30.0	False
14.0	27.0	False
7.0	11.0	False
28.0	74.0	False
14.0	37.0	False
7.0	16.0	False
28.0	49.0	False
7.0	18.0	True
28.0	74.0	True
10.0	24.0	True
14.0	22.0	True
14.0	30.0	True
10.0	24.0	True
14.0	24.0	True
14.0	33.0	True
14.0	37.0	True
20.0	32.0	True
10.0	19.0	True
14.0	30.0	True
20.0	39.0	True
7.0	13.0	True
14.0	27.0	True
28.0	45.0	True
28.0	60.0	True
7.0	12.0	True
28.0	55.0	True
14.0	24.0	True
14.0	33.0	False
28.0	60.0	False
10.0	16.0	False
14.0	24.0	False
10.0	17.0	False
7.0	18.0	False
28.0	49.0	False
10.0	24.0	False
7.0	12.0	False
10.0	19.0	False
28.0	67.0	True
28.0	60.0	True
20.0	35.0	True
7.0	11.0	True
28.0	67.0	True
28.0	45.0	True
7.0	18.0	True
7.0	13.0	True
28.0	45.0	True
7.0	16.0	True
20.0	39.0	False
28.0	74.0	False
28.0	49.0	False
14.0	33.0	False
7.0	18.0	False
28.0	74.0	False
20.0	32.0	False
10.0	26.0	False
7.0	15.0	False
28.0	60.0	False
10.0	21.0	True
14.0	27.0	True
10.0	24.0	True
20.0	39.0	True
20.0	48.0	True
28.0	74.0	True
28.0	55.0	True
28.0	49.0	True
20.0	32.0	True
7.0	12.0	True
28.0	67.0	False
10.0	26.0	False
14.0	37.0	False
28.0	45.0	False
28.0	67.0	False
20.0	48.0	False
14.0	33.0	False
10.0	21.0	False
7.0	12.0	False
28.0	55.0	False
20.0	39.0	True
14.0	37.0	True
20.0	48.0	True
20.0	32.0	True
20.0	43.0	True
14.0	24.0	True
14.0	22.0	True
14.0	30.0	True
10.0	16.0	True
7.0	11.0	True
20.0	32.0	False
20.0	35.0	False
14.0	22.0	False
10.0	16.0	False
20.0	43.0	False
28.0	60.0	False
20.0	53.0	False
7.0	13.0	False
28.0	55.0	False
28.0	45.0	False
7.0	12.0	True
14.0	24.0	True
10.0	26.0	True
10.0	24.0	True
10.0	19.0	True
20.0	35.0	True
14.0	33.0	True
14.0	27.0	True
10.0	17.0	True
20.0	53.0	True
10.0	17.0	False
14.0	30.0	False
14.0	24.0	False
20.0	48.0	False
28.0	49.0	False
10.0	19.0	False
20.0	53.0	False
14.0	30.0	False
14.0	22.0	False
7.0	13.0	False
28.0	74.0	True
20.0	43.0	True
28.0	55.0	True
28.0	49.0	True
14.0	30.0	True
7.0	15.0	True
7.0	15.0	True
10.0	21.0	True
14.0	22.0	True
28.0	60.0	True
10.0	19.0	False
10.0	24.0	False
14.0	27.0	False
14.0	27.0	False
7.0	12.0	False
20.0	43.0	False
20.0	39.0	False
10.0	21.0	False
10.0	24.0	False
14.0	37.0	False
7.0	15.0	False
7.0	16.0	False
7.0	16.0	False
7.0	11.0	False
10.0	17.0	False
7.0	18.0	False
10.0	16.0	False
14.0	24.0	False
20.0	35.0	False
7.0	16.0	True
10.0	16.0	True
14.0	37.0	True
10.0	17.0	True
14.0	33.0	True
7.0	13.0	True
10.0	19.0	True
7.0	18.0	True
20.0	53.0	True
10.0	26.0	True
14.0	29.0	True
28.0	76.0	True
7.0	14.0	True
14.0	25.0	True
7.0	22.0	True
14.0	38.0	True
14.0	44.0	True
28.0	50.0	True
14.0	33.0	True
28.0	101.0	True
10.0	36.0	False
28.0	58.0	False
20.0	47.0	False
7.0	16.0	False
20.0	36.0	False
28.0	101.0	False
20.0	36.0	False
14.0	38.0	False
14.0	44.0	False
7.0	25.0	False
10.0	23.0	True
20.0	41.0	True
28.0	101.0	True
10.0	18.0	True
28.0	88.0	True
28.0	58.0	True
28.0	58.0	True
7.0	25.0	True
20.0	54.0	True
20.0	36.0	True
14.0	29.0	False
10.0	18.0	False
28.0	76.0	False
20.0	63.0	False
10.0	20.0	False
14.0	50.0	False
10.0	23.0	False
20.0	47.0	False
7.0	19.0	False
20.0	72.0	False
7.0	25.0	True
28.0	50.0	True
20.0	54.0	True
7.0	19.0	True
20.0	72.0	True
20.0	63.0	True
7.0	16.0	True
10.0	31.0	True
10.0	27.0	True
14.0	38.0	True
14.0	29.0	False
14.0	25.0	False
7.0	25.0	False
20.0	54.0	False
7.0	14.0	False
14.0	25.0	False
28.0	88.0	False
28.0	66.0	False
7.0	16.0	False
10.0	23.0	False
28.0	66.0	False
10.0	31.0	False
28.0	58.0	False
28.0	88.0	False
7.0	22.0	False
20.0	41.0	False
10.0	27.0	False
7.0	19.0	False
20.0	72.0	False
10.0	36.0	False
10.0	36.0	True
20.0	47.0	True
10.0	31.0	True
10.0	20.0	True
10.0	23.0	True
10.0	20.0	True
10.0	36.0	True
20.0	41.0	True
20.0	47.0	True
14.0	29.0	True
20.0	41.0	False
28.0	50.0	False
14.0	44.0	False
28.0	76.0	False
20.0	63.0	False
10.0	27.0	False
14.0	33.0	False
28.0	50.0	False
7.0	12.0	False
14.0	38.0	False
10.0	18.0	True
14.0	33.0	True
14.0	25.0	True
10.0	27.0	True
7.0	12.0	True
28.0	88.0	True
20.0	63.0	True
28.0	76.0	True
14.0	50.0	True
7.0	12.0	True
7.0	22.0	True
7.0	14.0	True
20.0	72.0	True
14.0	50.0	True
28.0	66.0	True
7.0	16.0	True
28.0	66.0	True
14.0	44.0	True
7.0	19.0	True
20.0	36.0	True
10.0	18.0	False
28.0	101.0	False
14.0	50.0	False
14.0	33.0	False
20.0	54.0	False
10.0	31.0	False
10.0	20.0	False
7.0	12.0	False
7.0	22.0	False
7.0	14.0	False
7.0	22.0	True
7.0	12.0	True
20.0	63.0	True
28.0	66.0	True
7.0	25.0	True
14.0	44.0	True
7.0	25.0	True
28.0	50.0	True
20.0	41.0	True
28.0	66.0	True
20.0	36.0	False
14.0	38.0	False
10.0	20.0	False
14.0	25.0	False
14.0	50.0	False
20.0	72.0	False
20.0	47.0	False
14.0	33.0	False
20.0	54.0	False
7.0	19.0	False
7.0	14.0	True
14.0	44.0	True
10.0	31.0	True
7.0	12.0	True
7.0	16.0	True
20.0	36.0	True
20.0	63.0	True
10.0	23.0	True
10.0	36.0	True
10.0	27.0	True
10.0	36.0	False
28.0	58.0	False
10.0	23.0	False
28.0	101.0	False
10.0	31.0	False
10.0	31.0	False
7.0	22.0	False
14.0	29.0	False
20.0	47.0	False
28.0	76.0	False
20.0	72.0	True
14.0	38.0	True
20.0	72.0	True
7.0	16.0	True
20.0	47.0	True
7.0	14.0	True
14.0	25.0	True
14.0	29.0	True
28.0	50.0	True
10.0	18.0	True
20.0	54.0	False
20.0	63.0	False
7.0	22.0	False
14.0	50.0	False
10.0	23.0	False
10.0	18.0	False
28.0	88.0	False
7.0	16.0	False
28.0	76.0	False
28.0	88.0	False
14.0	29.0	False
28.0	50.0	False
28.0	50.0	False
28.0	101.0	False
20.0	72.0	False
7.0	14.0	False
14.0	25.0	False
14.0	44.0	False
7.0	12.0	False
7.0	25.0	False
14.0	38.0	True
10.0	27.0	True
10.0	20.0	True
20.0	36.0	True
20.0	54.0	True
14.0	33.0	True
28.0	88.0	True
10.0	23.0	True
28.0	76.0	True
10.0	20.0	True
7.0	19.0	True
28.0	101.0	True
20.0	47.0	True
28.0	58.0	True
28.0	88.0	True
14.0	29.0	True
14.0	33.0	True
28.0	58.0	True
28.0	76.0	True
7.0	19.0	True
14.0	38.0	False
28.0	58.0	False
20.0	41.0	False
7.0	16.0	False
28.0	66.0	False
10.0	27.0	False
10.0	18.0	False
10.0	36.0	False
10.0	20.0	False
10.0	27.0	False
20.0	41.0	True
28.0	101.0	True
7.0	22.0	True
10.0	36.0	True
20.0	54.0	True
14.0	50.0	True
14.0	50.0	True
10.0	18.0	True
10.0	31.0	True
14.0	25.0	True
7.0	14.0	False
20.0	36.0	False
7.0	25.0	False
14.0	33.0	False
7.0	12.0	False
28.0	66.0	False
20.0	63.0	False
7.0	19.0	False
20.0	41.0	False
14.0	44.0	False
7.0	19.0	True
20.0	41.0	True
28.0	63.0	True
10.0	30.0	True
14.0	35.0	True
28.0	85.0	True
28.0	77.0	True
28.0	77.0	True
10.0	20.0	True
14.0	42.0	True
20.0	61.0	False
14.0	35.0	False
10.0	33.0	False
28.0	77.0	False
20.0	67.0	False
20.0	55.0	False
14.0	38.0	False
10.0	30.0	False
28.0	63.0	False
7.0	14.0	False
20.0	50.0	False
10.0	25.0	False
10.0	30.0	False
7.0	15.0	False
7.0	15.0	False
10.0	20.0	False
14.0	28.0	False
10.0	22.0	False
28.0	77.0	False
14.0	47.0	False
10.0	27.0	True
7.0	23.0	True
28.0	63.0	True
20.0	50.0	True
20.0	67.0	True
28.0	57.0	True
14.0	31.0	True
14.0	47.0	True
20.0	61.0	True
28.0	70.0	True
14.0	47.0	True
20.0	55.0	True
14.0	28.0	True
20.0	45.0	True
20.0	67.0	True
28.0	57.0	True
10.0	25.0	True
7.0	14.0	True
14.0	38.0	True
28.0	70.0	True
28.0	70.0	False
14.0	35.0	False
28.0	85.0	False
20.0	41.0	False
28.0	57.0	False
7.0	17.0	False
20.0	50.0	False
14.0	47.0	False
7.0	17.0	False
7.0	19.0	False
28.0	94.0	True
7.0	15.0	True
14.0	31.0	True
20.0	61.0	True
7.0	21.0	True
10.0	22.0	True
7.0	21.0	True
10.0	33.0	True
7.0	17.0	True
10.0	25.0	True
14.0	31.0	False
10.0	27.0	False
20.0	55.0	False
10.0	22.0	False
10.0	25.0	False
10.0	27.0	False
14.0	42.0	False
20.0	45.0	False
7.0	14.0	False
7.0	21.0	False
14.0	42.0	True
7.0	19.0	True
7.0	17.0	True
14.0	38.0	True
14.0	35.0	True
10.0	27.0	True
20.0	45.0	True
10.0	30.0	True
7.0	14.0	True
28.0	85.0	True
20.0	45.0	False
7.0	23.0	False
7.0	23.0	False
10.0	33.0	False
28.0	57.0	False
28.0	94.0	False
10.0	20.0	False
14.0	31.0	False
20.0	41.0	False
28.0	94.0	False
20.0	55.0	True
28.0	94.0	True
14.0	28.0	True
10.0	20.0	True
7.0	15.0	True
20.0	50.0	True
10.0	33.0	True
7.0	23.0	True
20.0	41.0	True
10.0	22.0	True
14.0	28.0	False
28.0	63.0	False
7.0	21.0	False
7.0	19.0	False
28.0	85.0	False
14.0	42.0	False
20.0	61.0	False
14.0	38.0	False
20.0	67.0	False
28.0	70.0	False
10.0	22.0	False
10.0	20.0	False
20.0	50.0	False
20.0	45.0	False
28.0	63.0	False
7.0	17.0	False
7.0	19.0	False
28.0	70.0	False
10.0	22.0	False
10.0	27.0	False
10.0	33.0	True
28.0	63.0	True
14.0	31.0	True
10.0	33.0	True
28.0	57.0	True
20.0	41.0	True
28.0	77.0	True
20.0	55.0	True
7.0	17.0	True
28.0	85.0	True
28.0	70.0	True
14.0	28.0	True
20.0	45.0	True
20.0	67.0	True
10.0	20.0	True
28.0	63.0	True
10.0	22.0	True
7.0	19.0	True
7.0	14.0	True
10.0	22.0	True
14.0	38.0	False
14.0	42.0	False
14.0	42.0	False
14.0	31.0	False
10.0	25.0	False
14.0	47.0	False
14.0	28.0	False
10.0	20.0	False
20.0	67.0	False
28.0	57.0	False
20.0	55.0	True
10.0	25.0	True
7.0	17.0	True
10.0	20.0	True
28.0	57.0	True
28.0	85.0	True
20.0	61.0	True
14.0	47.0	True
28.0	94.0	True
20.0	41.0	True
10.0	25.0	False
28.0	77.0	False
14.0	47.0	False
10.0	33.0	False
7.0	15.0	False
28.0	77.0	False
7.0	21.0	False
28.0	70.0	False
28.0	85.0	False
28.0	94.0	False
14.0	28.0	True
14.0	31.0	True
7.0	15.0	True
14.0	38.0	True
10.0	30.0	True
28.0	77.0	True
14.0	38.0	True
28.0	94.0	True
20.0	61.0	True
10.0	27.0	True
14.0	28.0	False
7.0	23.0	False
10.0	33.0	False
28.0	85.0	False
10.0	30.0	False
20.0	61.0	False
20.0	41.0	False
14.0	35.0	False
7.0	21.0	False
20.0	55.0	False
14.0	38.0	False
10.0	27.0	False
7.0	14.0	False
20.0	45.0	False
7.0	23.0	False
20.0	50.0	False
7.0	15.0	False
14.0	35.0	False
20.0	41.0	False
28.0	57.0	False
14.0	35.0	True
10.0	30.0	True
20.0	45.0	True
20.0	50.0	True
28.0	70.0	True
7.0	23.0	True
14.0	35.0	True
10.0	25.0	True
7.0	23.0	True
7.0	21.0	True
7.0	19.0	True
14.0	42.0	True
20.0	67.0	True
7.0	14.0	True
10.0	27.0	True
7.0	21.0	True
14.0	42.0	True
14.0	47.0	True
20.0	50.0	True
20.0	67.0	False
28.0	94.0	False
20.0	55.0	False
10.0	30.0	False
7.0	17.0	False
20.0	61.0	False
14.0	31.0	False
28.0	63.0	False
7.0	19.0	False
7.0	14.0	False
7.0	16.0	True
10.0	19.0	True
7.0	11.0	True
14.0	20.0	True
7.0	18.0	True
10.0	31.0	True
7.0	11.0	True
28.0	40.0	True
10.0	14.0	True
7.0	21.0	True
28.0	40.0	False
28.0	47.0	False
28.0	55.0	False
10.0	19.0	False
14.0	43.0	False
20.0	46.0	False
20.0	62.0	False
10.0	31.0	False
14.0	27.0	False
10.0	17.0	False
20.0	46.0	False
14.0	37.0	False
14.0	27.0	False
14.0	20.0	False
10.0	23.0	False
10.0	26.0	False
14.0	37.0	False
7.0	18.0	False
20.0	34.0	False
10.0	19.0	False
10.0	31.0	True
28.0	87.0	True
20.0	39.0	True
7.0	13.0	True
28.0	55.0	True
7.0	18.0	True
20.0	34.0	True
20.0	39.0	True
20.0	46.0	True
28.0	64.0	True
14.0	37.0	True
28.0	47.0	True
28.0	64.0	True
14.0	23.0	True
14.0	37.0	True
10.0	26.0	True
14.0	32.0	True
28.0	55.0	True
28.0	47.0	True
14.0	32.0	True
14.0	23.0	False
7.0	21.0	False
7.0	21.0	False
28.0	74.0	False
10.0	23.0	False
7.0	11.0	False
7.0	13.0	False
28.0	40.0	False
28.0	47.0	False
28.0	64.0	False
10.0	31.0	False
28.0	74.0	False
14.0	23.0	False
20.0	53.0	False
7.0	16.0	False
28.0	55.0	False
20.0	53.0	False
7.0	11.0	False
14.0	32.0	False
20.0	29.0	False
10.0	23.0	True
28.0	87.0	True
20.0	29.0	True
14.0	27.0	True
10.0	23.0	True
20.0	62.0	True
7.0	10.0	True
14.0	43.0	True
28.0	74.0	True
10.0	17.0	True
7.0	16.0	True
14.0	23.0	True
20.0	53.0	True
10.0	14.0	True
28.0	74.0	True
20.0	46.0	True
20.0	62.0	True
20.0	53.0	True
14.0	27.0	True
7.0	21.0	True
14.0	32.0	False
7.0	18.0	False
28.0	87.0	False
10.0	14.0	False
10.0	17.0	False
7.0	13.0	False
10.0	14.0	False
20.0	34.0	False
28.0	64.0	False
20.0	39.0	False
28.0	87.0	False
20.0	62.0	False
20.0	29.0	False
7.0	16.0	False
14.0	43.0	False
7.0	10.0	False
10.0	26.0	False
20.0	39.0	False
7.0	10.0	False
14.0	20.0	False
10.0	26.0	True
14.0	43.0	True
10.0	19.0	True
28.0	40.0	True
7.0	10.0	True
20.0	29.0	True
7.0	13.0	True
10.0	17.0	True
14.0	20.0	True
20.0	34.0	True
7.0	21.0	False
10.0	26.0	False
7.0	16.0	False
7.0	16.0	False
20.0	53.0	False
10.0	17.0	False
10.0	26.0	False
7.0	11.0	False
20.0	62.0	False
10.0	31.0	False
14.0	32.0	True
7.0	13.0	True
28.0	40.0	True
14.0	37.0	True
20.0	46.0	True
20.0	39.0	True
20.0	53.0	True
28.0	47.0	True
7.0	11.0	True
10.0	19.0	True
14.0	32.0	False
14.0	37.0	False
28.0	47.0	False
7.0	18.0	False
14.0	23.0	False
7.0	18.0	False
10.0	14.0	False
28.0	74.0	False
14.0	43.0	False
14.0	43.0	False
28.0	47.0	True
7.0	10.0	True
10.0	19.0	True
20.0	34.0	True
10.0	26.0	True
28.0	64.0	True
7.0	16.0	True
28.0	55.0	True
10.0	17.0	True
14.0	27.0	True
14.0	43.0	True
10.0	23.0	True
10.0	14.0	True
7.0	10.0	True
14.0	23.0	True
20.0	46.0	True
28.0	74.0	True
14.0	27.0	True
28.0	87.0	True
7.0	21.0	True
14.0	27.0	False
14.0	20.0	False
20.0	39.0	False
20.0	39.0	False
14.0	32.0	False
28.0	55.0	False
7.0	11.0	False
20.0	29.0	False
20.0	46.0	False
20.0	29.0	False
14.0	23.0	True
10.0	17.0	True
14.0	20.0	True
28.0	74.0	True
28.0	64.0	True
28.0	40.0	True
14.0	37.0	True
10.0	31.0	True
10.0	31.0	True
14.0	43.0	True
10.0	14.0	False
10.0	19.0	False
14.0	27.0	False
28.0	87.0	False
10.0	19.0	False
10.0	31.0	False
28.0	87.0	False
20.0	34.0	False
28.0	64.0	False
10.0	23.0	False
28.0	40.0	False
20.0	46.0	False
14.0	37.0	False
28.0	55.0	False
28.0	47.0	False
7.0	13.0	False
7.0	21.0	False
7.0	10.0	False
20.0	34.0	False
20.0	53.0	False
20.0	62.0	True
20.0	53.0	True
14.0	20.0	True
7.0	13.0	True
20.0	39.0	True
10.0	26.0	True
7.0	11.0	True
14.0	32.0	True
20.0	29.0	True
7.0	16.0	True
7.0	10.0	False
7.0	13.0	False
14.0	23.0	False
28.0	74.0	False
28.0	64.0	False
14.0	20.0	False
10.0	17.0	False
28.0	40.0	False
10.0	23.0	False
20.0	62.0	False
10.0	23.0	True
20.0	29.0	True
28.0	87.0	True
20.0	34.0	True
7.0	21.0	True
7.0	18.0	True
28.0	55.0	True
20.0	62.0	True
7.0	18.0	True
10.0	14.0	True
20.0	27.0	False
28.0	49.0	False
28.0	55.0	False
28.0	38.0	False
28.0	49.0	False
7.0	9.0	False
10.0	22.0	False
14.0	27.0	False
28.0	34.0	False
14.0	17.0	False
20.0	31.0	True
10.0	13.0	True
7.0	13.0	True
7.0	8.0	True
10.0	17.0	True
10.0	17.0	True
20.0	35.0	True
14.0	24.0	True
28.0	34.0	True
20.0	31.0	True
14.0	17.0	True
20.0	44.0	True
28.0	43.0	True
7.0	12.0	True
28.0	55.0	True
28.0	62.0	True
7.0	15.0	True
28.0	49.0	True
10.0	12.0	True
28.0	43.0	True
28.0	62.0	False
20.0	31.0	False
14.0	24.0	False
10.0	19.0	False
28.0	43.0	False
10.0	17.0	False
28.0	38.0	False
20.0	27.0	False
7.0	9.0	False
10.0	13.0	False
28.0	43.0	False
28.0	55.0	False
20.0	44.0	False
20.0	35.0	False
10.0	13.0	False
7.0	12.0	False
10.0	15.0	False
7.0	12.0	False
10.0	12.0	False
7.0	10.0	False
10.0	19.0	True
7.0	12.0	True
14.0	21.0	True
14.0	19.0	True
7.0	9.0	True
7.0	8.0	True
20.0	27.0	True
20.0	39.0	True
7.0	13.0	True
28.0	55.0	True
28.0	62.0	False
7.0	15.0	False
7.0	8.0	False
10.0	12.0	False
20.0	24.0	False
20.0	24.0	False
14.0	31.0	False
7.0	13.0	False
14.0	21.0	False
14.0	19.0	False
10.0	15.0	True
14.0	19.0	True
10.0	22.0	True
28.0	38.0	True
10.0	12.0	True
14.0	27.0	True
14.0	27.0	True
7.0	9.0	True
28.0	34.0	True
14.0	24.0	True
10.0	19.0	False
28.0	34.0	False
14.0	24.0	False
14.0	27.0	False
14.0	31.0	False
7.0	15.0	False
14.0	17.0	False
20.0	31.0	False
20.0	39.0	False
10.0	22.0	False
20.0	27.0	True
10.0	15.0	True
20.0	44.0	True
14.0	21.0	True
20.0	39.0	True
7.0	15.0	True
14.0	17.0	True
20.0	24.0	True
10.0	13.0	True
28.0	62.0	True
7.0	8.0	False
14.0	19.0	False
20.0	35.0	False
14.0	21.0	False
20.0	39.0	False
7.0	10.0	False
10.0	15.0	False
20.0	44.0	False
10.0	17.0	False
7.0	13.0	False
20.0	24.0	True
28.0	38.0	True
14.0	31.0	True
7.0	10.0	True
20.0	35.0	True
7.0	10.0	True
14.0	31.0	True
10.0	22.0	True
28.0	49.0	True
10.0	19.0	True
10.0	19.0	True
14.0	24.0	True
28.0	62.0	True
10.0	17.0	True
7.0	9.0	True
28.0	38.0	True
7.0	10.0	True
10.0	13.0	True
20.0	44.0	True
28.0	43.0	True
14.0	21.0	False
14.0	27.0	False
10.0	22.0	False
20.0	24.0	False
10.0	13.0	False
7.0	10.0	False
10.0	12.0	False
10.0	17.0	False
7.0	13.0	False
7.0	12.0	False
7.0	8.0	False
20.0	39.0	False
28.0	38.0	False
14.0	27.0	False
10.0	17.0	False
10.0	19.0	False
7.0	13.0	False
20.0	24.0	False
28.0	62.0	False
28.0	55.0	False
20.0	27.0	True
14.0	17.0	True
14.0	17.0	True
20.0	35.0	True
10.0	22.0	True
20.0	27.0	True
14.0	31.0	True
7.0	8.0	True
10.0	22.0	True
28.0	55.0	True
14.0	17.0	False
14.0	24.0	False
14.0	31.0	False
7.0	12.0	False
28.0	43.0	False
20.0	27.0	False
10.0	15.0	False
10.0	15.0	False
14.0	19.0	False
20.0	44.0	False
28.0	34.0	True
28.0	49.0	True
28.0	34.0	True
7.0	9.0	True
10.0	13.0	True
20.0	24.0	True
14.0	27.0	True
10.0	12.0	True
28.0	62.0	True
7.0	10.0	True
10.0	19.0	True
20.0	35.0	True
7.0	15.0	True
20.0	39.0	True
7.0	15.0	True
10.0	12.0	True
28.0	49.0	True
10.0	17.0	True
14.0	31.0	True
10.0	15.0	True
20.0	31.0	False
28.0	38.0	False
20.0	44.0	False
28.0	34.0	False
20.0	35.0	False
7.0	15.0	False
20.0	35.0	False
20.0	39.0	False
10.0	13.0	False
14.0	19.0	False
14.0	24.0	False
7.0	8.0	False
7.0	15.0	False
14.0	21.0	False
28.0	62.0	False
28.0	49.0	False
10.0	19.0	False
28.0	49.0	False
7.0	9.0	False
10.0	12.0	False
14.0	27.0	True
28.0	55.0	True
7.0	13.0	True
14.0	21.0	True
20.0	31.0	True
7.0	12.0	True
28.0	43.0	True
14.0	19.0	True
20.0	44.0	True
20.0	39.0	True
7.0	8.0	True
10.0	15.0	True
7.0	13.0	True
7.0	12.0	True
14.0	24.0	True
14.0	21.0	True
20.0	24.0	True
20.0	31.0	True
14.0	19.0	True
28.0	38.0	True
14.0	17.0	False
7.0	10.0	False
28.0	34.0	False
7.0	9.0	False
14.0	31.0	False
10.0	22.0	False
28.0	55.0	False
20.0	31.0	False
20.0	27.0	False
28.0	43.0	False
10.0	38.0	True
20.0	80.0	True
10.0	31.0	True
14.0	53.0	True
28.0	101.0	True
10.0	40.0	True
28.0	106.0	True
20.0	68.0	True
10.0	40.0	True
7.0	25.0	True
20.0	65.0	False
14.0	50.0	False
14.0	53.0	False
20.0	72.0	False
28.0	106.0	False
14.0	43.0	False
10.0	31.0	False
28.0	87.0	False
20.0	76.0	False
7.0	24.0	False
14.0	43.0	True
14.0	45.0	True
14.0	48.0	True
7.0	24.0	True
7.0	26.0	True
20.0	72.0	True
28.0	106.0	True
14.0	53.0	True
7.0	26.0	True
14.0	50.0	True
28.0	96.0	False
7.0	25.0	False
20.0	68.0	False
14.0	53.0	False
14.0	48.0	False
20.0	68.0	False
28.0	87.0	False
7.0	28.0	False
14.0	56.0	False
7.0	24.0	False
14.0	43.0	True
14.0	56.0	True
20.0	65.0	True
28.0	96.0	True
20.0	76.0	True
28.0	112.0	True
28.0	96.0	True
7.0	28.0	True
10.0	32.0	True
14.0	48.0	True
10.0	40.0	False
20.0	72.0	False
10.0	34.0	False
7.0	25.0	False
7.0	26.0	False
7.0	26.0	False
10.0	36.0	False
28.0	101.0	False
7.0	21.0	False
28.0	101.0	False
7.0	28.0	False
10.0	40.0	False
10.0	31.0	False
20.0	65.0	False
14.0	50.0	False
28.0	91.0	False
14.0	48.0	False
10.0	32.0	False
10.0	38.0	False
28.0	96.0	False
28.0	87.0	True
20.0	68.0	True
10.0	34.0	True
10.0	36.0	True
10.0	31.0	True
10.0	36.0	True
20.0	62.0	True
7.0	22.0	True
7.0	28.0	True
7.0	21.0	True
10.0	34.0	True
7.0	21.0	True
28.0	87.0	True
10.0	32.0	True
14.0	56.0	True
20.0	65.0	True
28.0	91.0	True
10.0	38.0	True
7.0	25.0	True
10.0	38.0	False
20.0	62.0	False
28.0	112.0	False
7.0	22.0	False
7.0	21.0	False
20.0	62.0	False
10.0	36.0	False
28.0	106.0	False
20.0	80.0	False
20.0	76.0	False
14.0	45.0	False
14.0	43.0	False
7.0	22.0	False
14.0	56.0	False
20.0	80.0	False
10.0	32.0	False
14.0	45.0	False
10.0	34.0	False
28.0	91.0	False
28.0	112.0	False
28.0	101.0	True
20.0	72.0	True
20.0	62.0	True
28.0	91.0	True
20.0	76.0	True
28.0	112.0	True
7.0	24.0	True
14.0	50.0	True
7.0	22.0	True
14.0	45.0	True
14.0	50.0	False
7.0	25.0	False
10.0	40.0	False
20.0	65.0	False
28.0	87.0	False
28.0	112.0	False
28.0	101.0	False
10.0	34.0	False
28.0	91.0	False
7.0	21.0	False
28.0	101.0	True
10.0	32.0	True
20.0	62.0	True
28.0	96.0	True
14.0	45.0	True
28.0	87.0	True
28.0	91.0	True
14.0	48.0	True
28.0	106.0	True
20.0	68.0	True
28.0	106.0	False
28.0	96.0	False
14.0	53.0	False
20.0	80.0	False
14.0	56.0	False
7.0	22.0	False
20.0	62.0	False
20.0	65.0	False
28.0	91.0	False
10.0	31.0	False
20.0	68.0	True
14.0	56.0	True
7.0	25.0	True
10.0	31.0	True
28.0	87.0	True
20.0	80.0	True
7.0	24.0	True
14.0	45.0	True
20.0	72.0	True
14.0	50.0	True
28.0	91.0	True
10.0	40.0	True
10.0	34.0	True
14.0	56.0	True
14.0	53.0	True
7.0	21.0	True
10.0	31.0	True
7.0	24.0	True
14.0	53.0	True
14.0	45.0	False
7.0	26.0	False
7.0	26.0	False
20.0	68.0	False
7.0	22.0	False
10.0	36.0	False
28.0	106.0	False
20.0	72.0	False
14.0	43.0	False
28.0	96.0	False
7.0	22.0	True
10.0	32.0	True
7.0	28.0	True
14.0	50.0	True
28.0	96.0	True
14.0	43.0	True
10.0	38.0	True
10.0	38.0	False
7.0	28.0	False
10.0	40.0	False
14.0	45.0	False
10.0	36.0	False
10.0	32.0	False
28.0	87.0	False
14.0	56.0	False
28.0	101.0	False
10.0	34.0	False
20.0	76.0	True
10.0	34.0	True
7.0	22.0	True
7.0	21.0	True
20.0	62.0	True
10.0	38.0	True
20.0	65.0	True
20.0	65.0	True
28.0	112.0	True
14.0	48.0	True
7.0	28.0	False
10.0	32.0	False
7.0	21.0	False
20.0	62.0	False
10.0	38.0	False
7.0	24.0	False
14.0	53.0	False
14.0	48.0	False
20.0	76.0	False
20.0	68.0	False
7.0	26.0	True
20.0	76.0	True
7.0	25.0	True
7.0	28.0	True
28.0	106.0	True
7.0	26.0	True
10.0	36.0	True
14.0	43.0	True
20.0	80.0	True
10.0	36.0	True
28.0	112.0	False
14.0	43.0	False
7.0	24.0	False
14.0	50.0	False
20.0	72.0	False
14.0	48.0	False
7.0	25.0	False
20.0	80.0	False
20.0	76.0	False
10.0	31.0	False
7.0	11.0	False
28.0	61.0	False
20.0	37.0	False
28.0	72.0	False
7.0	15.0	False
14.0	26.0	False
14.0	26.0	False
14.0	42.0	False
14.0	50.0	False
20.0	61.0	False
10.0	36.0	True
20.0	31.0	True
20.0	37.0	True
20.0	72.0	True
10.0	22.0	True
28.0	52.0	True
20.0	52.0	True
14.0	30.0	True
14.0	42.0	True
7.0	11.0	True
14.0	36.0	True
14.0	50.0	True
14.0	36.0	True
20.0	52.0	True
14.0	50.0	True
7.0	25.0	True
28.0	61.0	True
28.0	101.0	True
28.0	72.0	True
20.0	44.0	True
7.0	18.0	False
7.0	18.0	False
20.0	31.0	False
28.0	44.0	False
7.0	13.0	False
20.0	31.0	False
28.0	61.0	False
20.0	44.0	False
28.0	85.0	False
10.0	36.0	False
14.0	30.0	False
14.0	36.0	False
10.0	22.0	False
14.0	22.0	False
7.0	15.0	False
28.0	52.0	False
28.0	101.0	False
20.0	61.0	False
14.0	50.0	False
10.0	30.0	False
10.0	18.0	True
10.0	36.0	True
7.0	18.0	True
10.0	15.0	True
7.0	13.0	True
28.0	85.0	True
20.0	72.0	True
14.0	22.0	True
28.0	85.0	True
20.0	31.0	True
20.0	44.0	False
7.0	25.0	False
10.0	26.0	False
10.0	15.0	False
7.0	21.0	False
20.0	52.0	False
7.0	25.0	False
28.0	52.0	False
7.0	11.0	False
7.0	21.0	False
7.0	15.0	True
28.0	72.0	True
20.0	37.0	True
10.0	15.0	True
14.0	26.0	True
28.0	101.0	True
14.0	22.0	True
28.0	52.0	True
7.0	21.0	True
28.0	61.0	True
10.0	22.0	False
28.0	72.0	False
28.0	44.0	False
20.0	72.0	False
10.0	15.0	False
14.0	36.0	False
28.0	85.0	False
10.0	18.0	False
20.0	52.0	False
20.0	72.0	False
7.0	25.0	True
28.0	44.0	True
28.0	44.0	True
10.0	30.0	True
20.0	61.0	True
10.0	22.0	True
10.0	30.0	True
20.0	44.0	True
7.0	15.0	True
7.0	21.0	True
14.0	30.0	True
20.0	61.0	True
14.0	42.0	True
10.0	18.0	True
14.0	26.0	True
7.0	11.0	True
10.0	26.0	True
7.0	13.0	True
7.0	18.0	True
10.0	26.0	True
28.0	101.0	False
14.0	42.0	False
10.0	36.0	False
14.0	22.0	False
14.0	30.0	False
10.0	18.0	False
10.0	26.0	False
7.0	13.0	False
10.0	30.0	False
20.0	37.0	False
28.0	85.0	True
7.0	18.0	True
28.0	52.0	True
7.0	11.0	True
20.0	72.0	True
7.0	25.0	True
28.0	85.0	True
10.0	36.0	True
14.0	42.0	True
28.0	52.0	True
20.0	37.0	False
20.0	52.0	False
28.0	85.0	False
20.0	31.0	False
14.0	50.0	False
7.0	15.0	False
14.0	22.0	False
10.0	15.0	False
20.0	61.0	False
14.0	42.0	False
10.0	15.0	False
7.0	25.0	False
28.0	61.0	False
10.0	22.0	False
20.0	72.0	False
28.0	52.0	False
20.0	61.0	False
14.0	36.0	False
7.0	13.0	False
28.0	101.0	False
14.0	50.0	True
20.0	37.0	True
28.0	72.0	True
10.0	15.0	True
7.0	15.0	True
20.0	61.0	True
28.0	101.0	True
28.0	44.0	True
14.0	36.0	True
10.0	30.0	True
7.0	13.0	False
10.0	18.0	False
20.0	44.0	False
10.0	30.0	False
10.0	26.0	False
20.0	31.0	False
14.0	30.0	False
14.0	30.0	False
28.0	44.0	False
10.0	18.0	False
10.0	22.0	True
20.0	52.0	True
28.0	61.0	True
7.0	21.0	True
14.0	26.0	True
28.0	44.0	True
10.0	30.0	True
14.0	22.0	True
14.0	30.0	True
14.0	30.0	True
7.0	13.0	True
7.0	11.0	True
20.0	61.0	True
20.0	44.0	True
10.0	22.0	True
14.0	50.0	True
7.0	15.0	True
7.0	21.0	True
10.0	26.0	True
10.0	26.0	True
20.0	44.0	False
7.0	18.0	False
7.0	18.0	False
10.0	30.0	False
10.0	26.0	False
10.0	36.0	False
20.0	52.0	False
28.0	44.0	False
28.0	52.0	False
14.0	26.0	False
28.0	85.0	False
7.0	21.0	False
7.0	11.0	False
28.0	72.0	False
10.0	22.0	False
28.0	61.0	False
14.0	50.0	False
28.0	72.0	False
14.0	26.0	False
14.0	36.0	False
7.0	25.0	True
14.0	42.0	True
7.0	13.0	True
7.0	18.0	True
28.0	72.0	True
10.0	36.0	True
14.0	36.0	True
20.0	52.0	True
14.0	22.0	True
28.0	101.0	True
14.0	42.0	False
28.0	101.0	False
7.0	21.0	False
20.0	72.0	False
14.0	22.0	False
7.0	25.0	False
7.0	11.0	False
10.0	36.0	False
20.0	37.0	False
7.0	15.0	False
28.0	61.0	True
14.0	26.0	True
20.0	37.0	True
10.0	15.0	True
10.0	18.0	True
20.0	31.0	True
20.0	31.0	True
20.0	72.0	True
20.0	44.0	True
28.0	28.0	True
14.0	14.0	True
20.0	40.0	True
10.0	10.0	True
28.0	35.0	True
28.0	56.0	True
7.0	7.0	True
20.0	40.0	True
10.0	12.0	True
28.0	89.0	True
14.0	17.0	False
14.0	17.0	False
7.0	22.0	False
7.0	11.0	False
28.0	89.0	False
20.0	64.0	False
7.0	17.0	False
20.0	50.0	False
14.0	35.0	False
20.0	50.0	False
20.0	40.0	False
7.0	22.0	False
20.0	64.0	False
14.0	28.0	False
28.0	71.0	False
28.0	56.0	False
28.0	28.0	False
20.0	20.0	False
7.0	8.0	False
20.0	25.0	False
7.0	8.0	True
14.0	44.0	True
20.0	64.0	True
7.0	14.0	True
28.0	44.0	True
28.0	71.0	True
10.0	32.0	True
20.0	64.0	True
28.0	71.0	True
20.0	31.0	True
10.0	15.0	True
7.0	22.0	True
10.0	12.0	True
7.0	7.0	True
14.0	28.0	True
7.0	11.0	True
14.0	44.0	True
7.0	17.0	True
28.0	56.0	True
10.0	20.0	True
10.0	20.0	False
20.0	20.0	False
28.0	56.0	False
28.0	71.0	False
10.0	10.0	False
14.0	44.0	False
28.0	35.0	False
7.0	11.0	False
10.0	20.0	False
10.0	20.0	True
20.0	50.0	True
7.0	14.0	True
20.0	50.0	True
14.0	22.0	True
14.0	35.0	True
20.0	25.0	True
20.0	20.0	True
20.0	20.0	True
14.0	17.0	True
20.0	31.0	False
28.0	28.0	False
10.0	10.0	False
10.0	32.0	False
7.0	17.0	False
28.0	35.0	False
14.0	44.0	False
20.0	40.0	False
20.0	31.0	False
10.0	12.0	False
28.0	44.0	True
28.0	28.0	True
10.0	32.0	True
7.0	11.0	True
7.0	8.0	True
10.0	10.0	True
10.0	15.0	True
20.0	31.0	True
14.0	17.0	True
14.0	35.0	True
20.0	25.0	False
10.0	25.0	False
7.0	8.0	False
7.0	14.0	False
14.0	14.0	False
14.0	28.0	False
28.0	89.0	False
10.0	15.0	False
14.0	35.0	False
28.0	44.0	False
7.0	7.0	False
14.0	22.0	False
28.0	44.0	False
10.0	25.0	False
14.0	14.0	False
10.0	15.0	False
10.0	32.0	False
14.0	22.0	False
7.0	14.0	False
7.0	7.0	False
10.0	25.0	True
7.0	17.0	True
14.0	28.0	True
28.0	89.0	True
14.0	14.0	True
10.0	25.0	True
14.0	22.0	True
7.0	22.0	True
20.0	25.0	True
28.0	35.0	True
10.0	20.0	False
28.0	35.0	False
10.0	15.0	False
14.0	28.0	False
7.0	8.0	False
20.0	20.0	False
10.0	32.0	False
14.0	17.0	False
20.0	31.0	False
10.0	20.0	False
7.0	7.0	True
20.0	31.0	True
28.0	89.0	True
10.0	12.0	True
7.0	8.0	True
7.0	17.0	True
20.0	64.0	True
14.0	22.0	True
28.0	28.0	True
14.0	14.0	True
7.0	17.0	False
7.0	11.0	False
14.0	22.0	False
20.0	64.0	False
10.0	32.0	False
20.0	50.0	False
20.0	50.0	False
20.0	25.0	False
7.0	7.0	False
20.0	40.0	False
10.0	32.0	True
20.0	40.0	True
14.0	17.0	True
20.0	50.0	True
28.0	89.0	True
20.0	25.0	True
10.0	12.0	True
7.0	22.0	True
28.0	56.0	True
28.0	28.0	True
10.0	25.0	True
14.0	14.0	True
14.0	28.0	True
28.0	44.0	True
20.0	25.0	True
14.0	22.0	True
20.0	20.0	True
20.0	20.0	True
7.0	14.0	True
7.0	11.0	False
14.0	35.0	False
28.0	44.0	False
7.0	14.0	False
28.0	89.0	False
28.0	28.0	False
10.0	12.0	False
14.0	44.0	False
10.0	10.0	False
14.0	28.0	False
28.0	89.0	False
20.0	40.0	False
14.0	14.0	False
20.0	25.0	False
28.0	35.0	False
28.0	71.0	False
20.0	64.0	False
10.0	25.0	False
14.0	22.0	False
7.0	8.0	True
10.0	32.0	True
10.0	20.0	True
20.0	64.0	True
7.0	14.0	True
10.0	10.0	True
14.0	35.0	True
28.0	56.0	True
7.0	22.0	True
7.0	14.0	False
10.0	10.0	False
10.0	12.0	False
7.0	7.0	False
7.0	17.0	False
10.0	25.0	False
28.0	56.0	False
14.0	44.0	False
14.0	14.0	False
20.0	20.0	False
10.0	25.0	True
10.0	20.0	True
14.0	44.0	True
14.0	17.0	True
14.0	44.0	True
7.0	11.0	True
28.0	35.0	True
10.0	10.0	True
14.0	35.0	True
28.0	71.0	True
7.0	22.0	False
28.0	28.0	False
7.0	8.0	False
28.0	56.0	False
28.0	44.0	False
7.0	22.0	False
28.0	71.0	False
14.0	17.0	False
20.0	31.0	False
14.0	35.0	False
10.0	15.0	True
20.0	40.0	True
28.0	71.0	True
28.0	35.0	True
7.0	17.0	True
7.0	11.0	True
20.0	50.0	True
7.0	7.0	True
20.0	31.0	True
28.0	44.0	True
14.0	51.0	False
28.0	93.0	False
7.0	26.0	False
20.0	80.0	False
20.0	69.0	False
28.0	112.0	False
10.0	36.0	False
10.0	38.0	False
28.0	102.0	False
10.0	40.0	False
7.0	23.0	True
10.0	31.0	True
28.0	97.0	True
7.0	28.0	True
14.0	48.0	True
20.0	76.0	True
10.0	36.0	True
28.0	112.0	True
7.0	22.0	True
14.0	48.0	True
7.0	22.0	False
10.0	34.0	False
28.0	97.0	False
7.0	24.0	False
20.0	63.0	False
7.0	25.0	False
14.0	46.0	False
20.0	66.0	False
10.0	38.0	False
14.0	51.0	False
14.0	51.0	True
28.0	93.0	True
20.0	80.0	True
7.0	23.0	True
10.0	33.0	True
14.0	56.0	True
7.0	28.0	True
20.0	66.0	True
20.0	76.0	True
20.0	69.0	True
14.0	51.0	True
28.0	89.0	True
7.0	25.0	True
20.0	73.0	True
28.0	107.0	True
7.0	25.0	True
28.0	102.0	True
10.0	40.0	True
28.0	107.0	True
20.0	66.0	True
20.0	76.0	False
20.0	66.0	False
20.0	63.0	False
10.0	33.0	False
14.0	44.0	False
20.0	69.0	False
20.0	76.0	False
10.0	40.0	False
7.0	23.0	False
20.0	80.0	False
20.0	63.0	True
28.0	97.0	True
7.0	24.0	True
28.0	102.0	True
28.0	93.0	True
10.0	31.0	True
10.0	33.0	True
14.0	56.0	True
7.0	24.0	True
10.0	36.0	True
20.0	73.0	False
14.0	56.0	False
7.0	22.0	False
20.0	73.0	False
14.0	53.0	False
28.0	112.0	False
7.0	23.0	False
28.0	89.0	False
14.0	53.0	False
14.0	44.0	False
10.0	38.0	True
28.0	89.0	True
14.0	46.0	True
14.0	44.0	True
10.0	38.0	True
14.0	44.0	True
14.0	53.0	True
20.0	73.0	True
20.0	69.0	True
10.0	34.0	True
10.0	33.0	False
10.0	31.0	False
28.0	107.0	False
28.0	107.0	False
14.0	48.0	False
7.0	25.0	False
28.0	97.0	False
14.0	56.0	False
14.0	46.0	False
28.0	102.0	False
28.0	112.0	True
14.0	53.0	True
7.0	22.0	True
10.0	40.0	True
20.0	80.0	True
14.0	46.0	True
20.0	63.0	True
7.0	26.0	True
7.0	26.0	True
10.0	34.0	True
14.0	48.0	False
28.0	89.0	False
10.0	31.0	False
7.0	28.0	False
28.0	93.0	False
7.0	24.0	False
7.0	28.0	False
10.0	34.0	False
10.0	36.0	False
7.0	26.0	False
10.0	36.0	True
28.0	102.0	True
10.0	36.0	True
10.0	38.0	True
14.0	53.0	True
28.0	93.0	True
20.0	80.0	True
10.0	38.0	True
14.0	48.0	True
28.0	107.0	True
7.0	28.0	False
10.0	33.0	False
28.0	93.0	False
28.0	97.0	False
7.0	26.0	False
7.0	22.0	False
14.0	46.0	False
20.0	80.0	False
7.0	26.0	False
20.0	76.0	False
20.0	66.0	False
14.0	48.0	False
14.0	44.0	False
10.0	34.0	False
14.0	53.0	False
10.0	38.0	False
14.0	48.0	False
20.0	76.0	False
20.0	63.0	False
14.0	53.0	False
20.0	69.0	True
7.0	23.0	True
20.0	63.0	True
20.0	66.0	True
28.0	97.0	True
14.0	44.0	True
28.0	97.0	True
14.0	46.0	True
14.0	51.0	True
14.0	46.0	True
14.0	44.0	True
14.0	56.0	True
14.0	53.0	True
20.0	63.0	True
20.0	76.0	True
7.0	28.0	True
7.0	25.0	True
7.0	28.0	True
28.0	112.0	True
20.0	66.0	True
7.0	23.0	False
14.0	44.0	False
10.0	40.0	False
10.0	34.0	False
7.0	28.0	False
10.0	36.0	False
28.0	93.0	False
20.0	73.0	False
7.0	24.0	False
20.0	66.0	False
28.0	102.0	False
28.0	102.0	False
28.0	107.0	False
10.0	38.0	False
28.0	89.0	False
10.0	31.0	False
14.0	56.0	False
20.0	73.0	False
20.0	69.0	False
28.0	89.0	False
10.0	34.0	True
7.0	24.0	True
14.0	56.0	True
28.0	102.0	True
7.0	26.0	True
28.0	107.0	True
7.0	25.0	True
10.0	33.0	True
28.0	89.0	True
14.0	48.0	True
10.0	33.0	False
10.0	36.0	False
7.0	25.0	False
20.0	63.0	False
14.0	46.0	False
10.0	31.0	False
7.0	23.0	False
7.0	25.0	False
14.0	51.0	False
28.0	112.0	False
10.0	31.0	True
20.0	76.0	True
14.0	51.0	True
20.0	73.0	True
20.0	69.0	True
7.0	22.0	True
7.0	24.0	True
7.0	23.0	True
10.0	31.0	True
28.0	89.0	True
7.0	26.0	True
10.0	40.0	True
7.0	22.0	True
20.0	73.0	True
28.0	112.0	True
10.0	34.0	True
28.0	93.0	True
10.0	33.0	True
10.0	40.0	True
20.0	80.0	True
7.0	24.0	False
28.0	107.0	False
14.0	56.0	False
7.0	22.0	False
28.0	112.0	False
20.0	80.0	False
14.0	51.0	False
20.0	69.0	False
28.0	97.0	False
10.0	40.0	False
20.0	45.0	False
10.0	15.0	False
7.0	23.0	False
28.0	93.0	False
14.0	46.0	False
14.0	26.0	False
20.0	45.0	False
20.0	55.0	False
10.0	33.0	False
20.0	66.0	False
7.0	16.0	True
14.0	26.0	True
7.0	13.0	True
14.0	22.0	True
28.0	64.0	True
10.0	40.0	True
14.0	56.0	True
10.0	15.0	True
10.0	27.0	True
20.0	66.0	True
28.0	77.0	False
20.0	66.0	False
28.0	53.0	False
14.0	22.0	False
7.0	13.0	False
7.0	16.0	False
20.0	38.0	False
7.0	19.0	False
14.0	46.0	False
20.0	80.0	False
14.0	46.0	True
14.0	38.0	True
28.0	77.0	True
7.0	19.0	True
10.0	27.0	True
28.0	53.0	True
10.0	33.0	True
10.0	33.0	True
7.0	11.0	True
7.0	19.0	True
14.0	38.0	False
7.0	11.0	False
28.0	44.0	False
14.0	26.0	False
10.0	27.0	False
10.0	19.0	False
28.0	64.0	False
7.0	28.0	False
14.0	32.0	False
20.0	80.0	False
20.0	80.0	True
10.0	40.0	True
20.0	66.0	True
10.0	15.0	True
7.0	11.0	True
10.0	22.0	True
14.0	38.0	True
20.0	45.0	True
28.0	112.0	True
28.0	44.0	True
20.0	45.0	True
10.0	22.0	True
28.0	64.0	True
20.0	31.0	True
28.0	53.0	True
14.0	32.0	True
20.0	80.0	True
14.0	56.0	True
28.0	112.0	True
20.0	38.0	True
14.0	56.0	False
7.0	13.0	False
28.0	53.0	False
20.0	31.0	False
7.0	23.0	False
14.0	38.0	False
20.0	31.0	False
28.0	93.0	False
28.0	112.0	False
28.0	93.0	True
28.0	77.0	True
20.0	31.0	True
10.0	19.0	True
14.0	46.0	True
10.0	19.0	True
7.0	16.0	True
28.0	44.0	True
14.0	26.0	True
14.0	32.0	True
10.0	33.0	False
7.0	16.0	False
28.0	77.0	False
10.0	40.0	False
10.0	40.0	False
7.0	19.0	False
20.0	38.0	False
14.0	32.0	False
28.0	64.0	False
20.0	55.0	False
28.0	93.0	True
7.0	23.0	True
7.0	28.0	True
7.0	23.0	True
20.0	38.0	True
20.0	55.0	True
7.0	28.0	True
14.0	22.0	True
7.0	13.0	True
20.0	55.0	True
14.0	56.0	False
10.0	27.0	False
7.0	28.0	False
10.0	22.0	False
10.0	22.0	False
28.0	112.0	False
10.0	19.0	False
14.0	22.0	False
7.0	11.0	False
28.0	44.0	False
7.0	19.0	True
7.0	23.0	True
7.0	28.0	True
20.0	55.0	True
20.0	66.0	True
7.0	11.0	True
28.0	112.0	True
10.0	40.0	True
14.0	38.0	True
14.0	26.0	True
10.0	22.0	False
7.0	11.0	False
14.0	32.0	False
14.0	22.0	False
10.0	19.0	False
28.0	93.0	False
20.0	31.0	False
14.0	56.0	False
28.0	64.0	False
20.0	66.0	False
7.0	13.0	False
7.0	28.0	False
7.0	28.0	False
14.0	46.0	False
7.0	19.0	False
20.0	38.0	False
10.0	15.0	False
14.0	38.0	False
7.0	11.0	False
10.0	19.0	False
20.0	55.0	True
20.0	66.0	True
7.0	16.0	True
20.0	45.0	True
20.0	38.0	True
10.0	15.0	True
28.0	112.0	True
7.0	16.0	True
14.0	46.0	True
14.0	22.0	True
14.0	26.0	False
20.0	45.0	False
28.0	77.0	False
20.0	80.0	False
7.0	19.0	False
28.0	53.0	False
10.0	15.0	False
28.0	44.0	False
10.0	27.0	False
14.0	56.0	False
10.0	40.0	True
10.0	33.0	True
10.0	27.0	True
7.0	19.0	True
28.0	53.0	True
14.0	26.0	True
20.0	38.0	True
28.0	77.0	True
10.0	15.0	True
14.0	22.0	True
28.0	93.0	False
10.0	33.0	False
28.0	53.0	False
20.0	31.0	False
10.0	40.0	False
7.0	13.0	False
28.0	112.0	False
20.0	55.0	False
10.0	27.0	False
20.0	38.0	False
7.0	13.0	True
28.0	93.0	True
7.0	28.0	True
14.0	32.0	True
28.0	44.0	True
7.0	13.0	True
28.0	53.0	True
14.0	32.0	True
20.0	31.0	True
28.0	64.0	True
14.0	56.0	True
14.0	38.0	True
10.0	19.0	True
14.0	46.0	True
10.0	33.0	True
10.0	22.0	True
28.0	93.0	True
28.0	64.0	True
20.0	80.0	True
10.0	27.0	True
10.0	40.0	False
10.0	33.0	False
7.0	16.0	False
20.0	80.0	False
20.0	45.0	False
14.0	38.0	False
10.0	22.0	False
7.0	23.0	False
20.0	55.0	False
20.0	66.0	False
20.0	31.0	True
28.0	77.0	True
10.0	19.0	True
20.0	45.0	True
14.0	56.0	True
28.0	44.0	True
20.0	80.0	True
7.0	11.0	True
10.0	22.0	True
7.0	23.0	True
7.0	16.0	False
28.0	77.0	False
28.0	44.0	False
14.0	22.0	False
14.0	26.0	False
28.0	64.0	False
7.0	23.0	False
14.0	32.0	False
14.0	46.0	False
28.0	112.0	False
14.0	32.0	False
14.0	40.0	False
20.0	33.0	False
7.0	20.0	False
10.0	23.0	False
28.0	72.0	False
7.0	14.0	False
28.0	80.0	False
20.0	33.0	False
14.0	23.0	False
20.0	37.0	True
7.0	13.0	True
7.0	14.0	True
28.0	80.0	True
28.0	58.0	True
28.0	47.0	True
10.0	16.0	True
14.0	40.0	True
20.0	33.0	True
10.0	20.0	True
14.0	26.0	False
28.0	58.0	False
14.0	32.0	False
20.0	46.0	False
14.0	26.0	False
10.0	20.0	False
14.0	23.0	False
20.0	41.0	False
20.0	57.0	False
10.0	25.0	False
28.0	65.0	True
7.0	14.0	True
28.0	72.0	True
14.0	26.0	True
20.0	57.0	True
7.0	16.0	True
14.0	26.0	True
10.0	25.0	True
7.0	13.0	True
14.0	23.0	True
10.0	28.0	True
28.0	58.0	True
7.0	11.0	True
10.0	20.0	True
7.0	20.0	True
14.0	29.0	True
20.0	41.0	True
14.0	32.0	True
10.0	18.0	True
20.0	57.0	True
10.0	16.0	False
7.0	18.0	False
28.0	52.0	False
10.0	23.0	False
7.0	14.0	False
20.0	51.0	False
20.0	37.0	False
28.0	47.0	False
10.0	28.0	False
7.0	16.0	False
28.0	65.0	False
7.0	13.0	False
20.0	46.0	False
14.0	36.0	False
28.0	80.0	False
20.0	51.0	False
28.0	47.0	False
20.0	37.0	False
20.0	41.0	False
10.0	18.0	False
20.0	51.0	True
20.0	33.0	True
28.0	65.0	True
7.0	18.0	True
14.0	36.0	True
10.0	28.0	True
10.0	23.0	True
28.0	52.0	True
7.0	20.0	True
20.0	46.0	True
7.0	18.0	True
28.0	80.0	True
10.0	23.0	True
20.0	46.0	True
28.0	52.0	True
14.0	40.0	True
14.0	36.0	True
14.0	32.0	True
7.0	11.0	True
14.0	23.0	True
28.0	65.0	False
10.0	28.0	False
10.0	20.0	False
20.0	57.0	False
7.0	13.0	False
7.0	18.0	False
10.0	18.0	False
14.0	40.0	False
14.0	29.0	False
7.0	20.0	False
28.0	58.0	False
14.0	29.0	False
10.0	16.0	False
28.0	52.0	False
7.0	11.0	False
7.0	11.0	False
14.0	36.0	False
7.0	16.0	False
28.0	72.0	False
20.0	51.0	True
20.0	41.0	True
28.0	47.0	True
20.0	37.0	True
14.0	29.0	True
10.0	16.0	True
28.0	72.0	True
10.0	25.0	True
7.0	16.0	True
10.0	18.0	True
10.0	23.0	False
20.0	51.0	False
20.0	57.0	False
20.0	33.0	False
14.0	23.0	False
10.0	25.0	False
7.0	16.0	False
28.0	58.0	False
14.0	23.0	False
10.0	20.0	False
28.0	65.0	True
28.0	52.0	True
10.0	16.0	True
10.0	18.0	True
28.0	80.0	True
20.0	46.0	True
28.0	80.0	True
20.0	57.0	True
14.0	36.0	True
20.0	41.0	True
10.0	18.0	False
10.0	25.0	False
28.0	47.0	False
28.0	65.0	False
14.0	36.0	False
10.0	23.0	False
7.0	11.0	False
10.0	18.0	False
28.0	52.0	False
14.0	26.0	False
10.0	20.0	True
10.0	18.0	True
10.0	23.0	True
14.0	29.0	True
7.0	14.0	True
7.0	20.0	True
14.0	26.0	True
28.0	58.0	True
20.0	33.0	True
20.0	51.0	True
7.0	14.0	False
7.0	18.0	False
7.0	20.0	False
20.0	37.0	False
28.0	80.0	False
28.0	72.0	False
14.0	40.0	False
20.0	57.0	False
7.0	20.0	False
7.0	16.0	False
7.0	14.0	True
10.0	23.0	True
10.0	16.0	True
14.0	40.0	True
28.0	72.0	True
20.0	51.0	True
28.0	52.0	True
28.0	72.0	True
7.0	13.0	True
28.0	65.0	True
10.0	28.0	False
28.0	72.0	False
28.0	80.0	False
14.0	29.0	False
20.0	33.0	False
7.0	11.0	False
10.0	28.0	False
20.0	41.0	False
28.0	47.0	False
14.0	29.0	False
7.0	18.0	True
28.0	58.0	True
7.0	16.0	True
14.0	40.0	True
14.0	29.0	True
7.0	16.0	True
7.0	20.0	True
20.0	57.0	True
20.0	37.0	True
10.0	28.0	True
10.0	20.0	False
14.0	32.0	False
28.0	65.0	False
14.0	32.0	False
10.0	16.0	False
10.0	16.0	False
20.0	41.0	False
7.0	14.0	False
14.0	26.0	False
7.0	18.0	False
10.0	20.0	True
28.0	47.0	True
14.0	23.0	True
7.0	13.0	True
14.0	36.0	True
7.0	11.0	True
20.0	33.0	True
10.0	28.0	True
7.0	18.0	True
14.0	32.0	True
20.0	51.0	False
14.0	36.0	False
20.0	46.0	False
20.0	37.0	False
14.0	40.0	False
7.0	13.0	False
28.0	52.0	False
7.0	13.0	False
20.0	46.0	False
28.0	58.0	False
28.0	47.0	True
7.0	11.0	True
14.0	23.0	True
14.0	32.0	True
10.0	25.0	True
10.0	25.0	True
20.0	46.0	True
20.0	37.0	True
14.0	26.0	True
20.0	41.0	True
28.0	61.0	False
7.0	10.0	False
28.0	41.0	False
28.0	112.0	False
7.0	15.0	False
7.0	22.0	False
20.0	36.0	False
10.0	40.0	False
7.0	18.0	False
20.0	36.0	False
28.0	50.0	True
7.0	18.0	True
20.0	65.0	True
28.0	61.0	True
14.0	45.0	True
7.0	10.0	True
20.0	80.0	True
20.0	44.0	True
20.0	65.0	True
7.0	28.0	True
20.0	29.0	False
10.0	14.0	False
14.0	30.0	False
28.0	50.0	False
20.0	29.0	False
14.0	25.0	False
7.0	12.0	False
14.0	37.0	False
28.0	75.0	False
10.0	14.0	False
28.0	41.0	True
20.0	80.0	True
14.0	30.0	True
14.0	25.0	True
7.0	12.0	True
7.0	28.0	True
28.0	41.0	True
14.0	45.0	True
7.0	12.0	True
14.0	37.0	True
10.0	26.0	True
14.0	25.0	True
28.0	112.0	True
10.0	40.0	True
10.0	32.0	True
7.0	15.0	True
14.0	56.0	True
20.0	44.0	True
20.0	29.0	True
20.0	29.0	True
14.0	37.0	False
28.0	91.0	False
14.0	20.0	False
28.0	61.0	False
14.0	20.0	False
10.0	26.0	False
10.0	18.0	False
28.0	41.0	False
7.0	10.0	False
10.0	40.0	False
10.0	32.0	False
14.0	25.0	False
7.0	28.0	False
10.0	18.0	False
20.0	65.0	False
20.0	44.0	False
10.0	26.0	False
10.0	22.0	False
14.0	45.0	False
14.0	30.0	False
10.0	18.0	True
28.0	75.0	True
28.0	61.0	True
10.0	14.0	True
14.0	56.0	True
7.0	22.0	True
14.0	30.0	True
28.0	112.0	True
14.0	20.0	True
10.0	26.0	True
10.0	22.0	True
20.0	36.0	True
14.0	20.0	True
20.0	53.0	True
28.0	75.0	True
28.0	91.0	True
10.0	14.0	True
28.0	91.0	True
14.0	37.0	True
28.0	50.0	True
7.0	22.0	False
7.0	28.0	False
10.0	32.0	False
20.0	80.0	False
28.0	75.0	False
28.0	112.0	False
20.0	80.0	False
7.0	15.0	False
7.0	18.0	False
10.0	22.0	False
7.0	22.0	True
20.0	36.0	True
7.0	18.0	True
7.0	15.0	True
10.0	40.0	True
10.0	22.0	True
10.0	18.0	True
10.0	32.0	True
20.0	53.0	True
7.0	10.0	True
28.0	50.0	False
14.0	45.0	False
14.0	56.0	False
20.0	44.0	False
7.0	12.0	False
20.0	53.0	False
20.0	65.0	False
20.0	53.0	False
14.0	56.0	False
28.0	91.0	False
28.0	112.0	True
14.0	25.0	True
14.0	30.0	True
20.0	44.0	True
7.0	12.0	True
10.0	32.0	True
20.0	53.0	True
10.0	22.0	True
28.0	91.0	True
10.0	18.0	True
10.0	40.0	False
7.0	10.0	False
28.0	61.0	False
14.0	45.0	False
14.0	37.0	False
7.0	18.0	False
7.0	15.0	False
10.0	26.0	False
14.0	56.0	False
10.0	18.0	False
14.0	56.0	True
14.0	20.0	True
10.0	26.0	True
14.0	37.0	True
10.0	14.0	True
20.0	29.0	True
14.0	25.0	True
10.0	14.0	True
20.0	80.0	True
28.0	61.0	True
20.0	29.0	False
28.0	41.0	False
7.0	22.0	False
7.0	12.0	False
28.0	112.0	False
20.0	65.0	False
28.0	75.0	False
10.0	22.0	False
7.0	28.0	False
20.0	36.0	False
20.0	29.0	False
20.0	65.0	False
20.0	44.0	False
14.0	25.0	False
14.0	30.0	False
7.0	28.0	False
7.0	12.0	False
7.0	15.0	False
7.0	10.0	False
14.0	20.0	False
10.0	26.0	True
7.0	10.0	True
20.0	65.0	True
7.0	22.0	True
7.0	12.0	True
28.0	41.0	True
14.0	37.0	True
20.0	80.0	True
28.0	61.0	True
7.0	10.0	True
10.0	18.0	True
28.0	112.0	True
14.0	30.0	True
20.0	36.0	True
10.0	22.0	True
20.0	29.0	True
14.0	45.0	True
20.0	53.0	True
14.0	45.0	True
20.0	44.0	True
20.0	36.0	False
10.0	32.0	False
28.0	112.0	False
10.0	32.0	False
10.0	22.0	False
10.0	26.0	False
28.0	50.0	False
20.0	80.0	False
10.0	14.0	False
14.0	20.0	True
28.0	91.0	True
7.0	22.0	True
7.0	18.0	True
20.0	36.0	True
7.0	28.0	True
10.0	32.0	True
7.0	15.0	True
28.0	41.0	True
28.0	50.0	True
14.0	30.0	False
14.0	20.0	False
14.0	25.0	False
28.0	75.0	False
10.0	14.0	False
14.0	56.0	False
28.0	41.0	False
7.0	18.0	False
20.0	44.0	False
20.0	53.0	False
14.0	56.0	True
28.0	75.0	True
28.0	50.0	True
10.0	40.0	True
7.0	28.0	True
7.0	18.0	True
10.0	40.0	True
20.0	65.0	True
28.0	75.0	True
7.0	15.0	True
14.0	37.0	False
10.0	40.0	False
14.0	45.0	False
7.0	22.0	False
28.0	91.0	False
28.0	50.0	False
20.0	80.0	False
28.0	61.0	False
20.0	53.0	False
28.0	91.0	False
14.0	22.0	True
20.0	54.0	True
10.0	27.0	True
28.0	44.0	True
14.0	37.0	True
7.0	13.0	True
28.0	49.0	True
20.0	32.0	True
28.0	55.0	True
14.0	30.0	True
10.0	27.0	False
14.0	22.0	False
20.0	39.0	False
7.0	13.0	False
7.0	18.0	False
28.0	44.0	False
28.0	61.0	False
10.0	24.0	False
28.0	68.0	False
14.0	24.0	False
20.0	43.0	True
28.0	68.0	True
28.0	68.0	True
20.0	32.0	True
28.0	75.0	True
28.0	44.0	True
14.0	24.0	True
28.0	55.0	True
10.0	24.0	True
7.0	12.0	True
28.0	49.0	False
28.0	75.0	False
14.0	34.0	False
7.0	11.0	False
14.0	27.0	False
20.0	43.0	False
20.0	48.0	False
7.0	13.0	False
28.0	55.0	False
7.0	17.0	False
7.0	17.0	False
28.0	49.0	False
10.0	17.0	False
28.0	68.0	False
14.0	24.0	False
20.0	54.0	False
10.0	27.0	False
14.0	22.0	False
20.0	32.0	False
20.0	39.0	False
7.0	17.0	True
14.0	24.0	True
14.0	34.0	True
20.0	35.0	False
10.0	21.0	False
14.0	27.0	False
28.0	55.0	False
10.0	16.0	False
14.0	37.0	False
20.0	35.0	False
14.0	30.0	False
28.0	61.0	False
28.0	44.0	False
7.0	12.0	True
10.0	27.0	True
20.0	43.0	True
7.0	11.0	True
20.0	48.0	True
28.0	61.0	True
10.0	16.0	True
7.0	15.0	True
10.0	19.0	True
20.0	54.0	True
20.0	39.0	True
14.0	34.0	True
7.0	17.0	True
20.0	35.0	True
10.0	16.0	True
10.0	19.0	True
28.0	61.0	True
20.0	35.0	True
14.0	27.0	True
28.0	75.0	True
10.0	16.0	False
10.0	19.0	False
10.0	24.0	False
10.0	17.0	False
7.0	15.0	False
20.0	48.0	False
14.0	30.0	False
7.0	15.0	False
7.0	12.0	False
14.0	34.0	False
20.0	32.0	False
7.0	18.0	False
10.0	19.0	False
7.0	12.0	False
14.0	37.0	False
28.0	75.0	False
7.0	11.0	False
20.0	43.0	False
10.0	21.0	False
20.0	54.0	False
7.0	15.0	True
14.0	37.0	True
10.0	21.0	True
10.0	17.0	True
14.0	22.0	True
7.0	18.0	True
7.0	18.0	True
14.0	27.0	True
10.0	21.0	True
7.0	13.0	True
7.0	18.0	True
20.0	48.0	True
14.0	30.0	True
14.0	22.0	True
7.0	15.0	True
10.0	19.0	True
28.0	75.0	True
7.0	12.0	True
7.0	11.0	True
20.0	43.0	True
10.0	27.0	False
28.0	44.0	False
20.0	35.0	False
7.0	12.0	False
7.0	18.0	False
28.0	61.0	False
14.0	37.0	False
7.0	12.0	False
28.0	55.0	False
14.0	34.0	True
14.0	37.0	True
28.0	49.0	True
7.0	11.0	True
10.0	24.0	True
20.0	35.0	True
10.0	21.0	True
28.0	75.0	True
7.0	17.0	True
20.0	35.0	True
20.0	48.0	False
10.0	24.0	False
28.0	61.0	False
7.0	17.0	False
14.0	24.0	False
14.0	34.0	False
28.0	68.0	False
14.0	30.0	False
20.0	43.0	False
10.0	16.0	False
10.0	19.0	True
10.0	27.0	True
14.0	30.0	True
20.0	48.0	True
14.0	34.0	True
28.0	55.0	True
28.0	68.0	True
14.0	22.0	True
7.0	17.0	True
20.0	39.0	True
7.0	13.0	False
28.0	49.0	False
10.0	19.0	False
10.0	21.0	False
20.0	54.0	False
7.0	11.0	False
10.0	21.0	False
28.0	49.0	False
28.0	75.0	False
20.0	32.0	False
28.0	61.0	True
14.0	27.0	True
28.0	55.0	True
14.0	24.0	True
10.0	16.0	True
7.0	15.0	True
20.0	43.0	True
14.0	37.0	True
10.0	17.0	True
7.0	12.0	True
14.0	30.0	False
28.0	44.0	False
28.0	55.0	False
14.0	27.0	False
7.0	18.0	False
10.0	16.0	False
14.0	37.0	False
10.0	19.0	False
7.0	15.0	False
10.0	27.0	False
20.0	54.0	True
20.0	32.0	True
20.0	54.0	True
28.0	61.0	True
7.0	13.0	True
20.0	39.0	True
28.0	49.0	True
10.0	21.0	True
7.0	13.0	True
10.0	17.0	True
7.0	13.0	False
20.0	43.0	False
14.0	22.0	False
20.0	48.0	False
20.0	35.0	False
14.0	27.0	False
14.0	24.0	False
7.0	17.0	False
28.0	75.0	False
7.0	15.0	False
20.0	39.0	False
28.0	68.0	False
10.0	17.0	False
20.0	32.0	False
20.0	39.0	False
20.0	54.0	False
7.0	11.0	False
10.0	24.0	False
14.0	34.0	False
10.0	17.0	False
10.0	27.0	True
20.0	32.0	True
28.0	68.0	True
7.0	18.0	True
10.0	24.0	True
28.0	44.0	True
28.0	44.0	True
10.0	16.0	True
14.0	27.0	True
14.0	24.0	True
14.0	34.0	False
7.0	13.0	False
10.0	19.0	False
28.0	47.0	False
28.0	69.0	False
20.0	38.0	False
20.0	43.0	False
7.0	11.0	False
10.0	15.0	False
10.0	27.0	False
7.0	11.0	True
14.0	21.0	True
14.0	39.0	True
28.0	47.0	True
28.0	69.0	True
20.0	34.0	True
7.0	10.0	True
20.0	30.0	True
10.0	27.0	True
7.0	10.0	True
14.0	23.0	False
28.0	78.0	False
20.0	38.0	False
14.0	21.0	False
28.0	42.0	False
14.0	27.0	False
10.0	24.0	False
10.0	21.0	False
28.0	69.0	False
7.0	10.0	False
14.0	23.0	True
14.0	27.0	True
20.0	49.0	True
20.0	55.0	True
14.0	34.0	True
20.0	55.0	True
20.0	30.0	True
28.0	42.0	True
14.0	21.0	True
28.0	78.0	True
14.0	39.0	False
10.0	17.0	False
14.0	30.0	False
7.0	15.0	False
10.0	21.0	False
14.0	34.0	False
20.0	30.0	False
10.0	19.0	False
20.0	55.0	False
14.0	30.0	False
7.0	15.0	True
7.0	15.0	True
10.0	15.0	True
10.0	15.0	True
10.0	17.0	True
20.0	49.0	True
14.0	30.0	True
28.0	69.0	True
10.0	24.0	True
28.0	61.0	True
28.0	42.0	True
20.0	43.0	True
10.0	19.0	True
20.0	34.0	True
7.0	19.0	True
20.0	43.0	True
10.0	27.0	True
28.0	54.0	True
7.0	13.0	True
28.0	61.0	False
28.0	78.0	False
7.0	11.0	False
20.0	30.0	False
7.0	13.0	False
20.0	34.0	False
10.0	27.0	False
14.0	21.0	False
10.0	24.0	False
28.0	54.0	False
7.0	17.0	True
14.0	34.0	True
20.0	38.0	True
28.0	54.0	True
10.0	24.0	True
14.0	39.0	True
14.0	23.0	True
28.0	61.0	True
14.0	30.0	True
10.0	21.0	True
28.0	61.0	False
20.0	49.0	False
14.0	39.0	False
28.0	54.0	False
7.0	19.0	False
20.0	43.0	False
20.0	34.0	False
7.0	19.0	False
14.0	23.0	False
10.0	17.0	False
10.0	17.0	True
28.0	78.0	True
20.0	38.0	True
7.0	19.0	True
14.0	27.0	True
7.0	11.0	True
7.0	17.0	True
10.0	21.0	True
7.0	13.0	True
28.0	47.0	True
20.0	55.0	False
7.0	15.0	False
28.0	47.0	False
14.0	27.0	False
10.0	15.0	False
7.0	17.0	False
7.0	10.0	False
7.0	17.0	False
20.0	49.0	False
28.0	42.0	False
7.0	17.0	True
14.0	34.0	True
28.0	54.0	True
7.0	17.0	True
10.0	17.0	True
20.0	55.0	True
20.0	55.0	True
7.0	11.0	True
28.0	78.0	True
28.0	69.0	False
10.0	21.0	False
14.0	27.0	False
20.0	38.0	False
20.0	49.0	False
20.0	55.0	False
10.0	15.0	False
14.0	27.0	False
14.0	23.0	False
20.0	30.0	False
20.0	30.0	True
14.0	23.0	True
20.0	38.0	True
28.0	69.0	True
28.0	47.0	True
28.0	54.0	True
28.0	61.0	True
28.0	42.0	True
7.0	15.0	True
14.0	23.0	True
28.0	78.0	False
10.0	27.0	False
14.0	34.0	False
28.0	54.0	False
28.0	42.0	False
14.0	30.0	False
14.0	23.0	False
20.0	43.0	False
20.0	43.0	False
28.0	47.0	True
28.0	61.0	True
20.0	30.0	True
10.0	27.0	True
28.0	69.0	True
20.0	34.0	True
7.0	10.0	True
28.0	42.0	True
14.0	27.0	True
10.0	27.0	True
7.0	17.0	False
10.0	17.0	False
14.0	39.0	False
28.0	61.0	False
14.0	21.0	False
7.0	13.0	False
10.0	15.0	False
28.0	54.0	False
7.0	19.0	False
14.0	34.0	False
20.0	30.0	False
28.0	78.0	False
28.0	42.0	False
7.0	19.0	False
10.0	27.0	False
20.0	38.0	False
10.0	24.0	False
10.0	17.0	False
28.0	47.0	False
7.0	19.0	True
28.0	78.0	True
14.0	27.0	True
10.0	24.0	True
20.0	43.0	True
10.0	19.0	True
14.0	30.0	True
7.0	19.0	True
10.0	19.0	True
20.0	38.0	True
14.0	34.0	True
7.0	13.0	True
10.0	15.0	True
14.0	21.0	True
20.0	34.0	True
10.0	24.0	True
10.0	17.0	True
14.0	39.0	False
10.0	19.0	False
28.0	69.0	False
10.0	19.0	False
10.0	24.0	False
28.0	61.0	False
28.0	47.0	False
7.0	10.0	False
20.0	49.0	False
14.0	30.0	True
10.0	15.0	True
10.0	21.0	True
14.0	39.0	True
20.0	43.0	True
14.0	21.0	True
20.0	49.0	True
7.0	11.0	True
7.0	15.0	True
7.0	15.0	False
7.0	17.0	False
20.0	34.0	False
7.0	11.0	False
7.0	11.0	False
20.0	55.0	False
14.0	21.0	False
7.0	13.0	False
7.0	15.0	False
14.0	30.0	False
10.0	40.0	True
20.0	37.0	True
10.0	34.0	True
10.0	34.0	True
28.0	96.0	True
20.0	50.0	True
28.0	52.0	True
10.0	21.0	True
10.0	29.0	True
14.0	30.0	True
10.0	34.0	False
14.0	48.0	False
7.0	13.0	False
28.0	52.0	False
10.0	18.0	False
10.0	25.0	False
7.0	24.0	False
10.0	40.0	False
14.0	30.0	False
28.0	82.0	False
14.0	41.0	True
7.0	28.0	True
10.0	25.0	True
7.0	24.0	True
14.0	56.0	True
10.0	21.0	True
10.0	18.0	True
20.0	80.0	True
20.0	43.0	True
28.0	60.0	True
20.0	58.0	False
14.0	35.0	False
10.0	21.0	False
7.0	17.0	False
10.0	29.0	False
14.0	56.0	False
7.0	28.0	False
10.0	21.0	False
10.0	34.0	False
20.0	43.0	False
14.0	26.0	True
7.0	13.0	True
7.0	28.0	True
10.0	25.0	True
28.0	82.0	True
7.0	24.0	True
28.0	70.0	True
14.0	26.0	True
10.0	29.0	True
20.0	68.0	True
10.0	25.0	False
20.0	80.0	False
20.0	68.0	False
7.0	28.0	False
14.0	56.0	False
7.0	24.0	False
28.0	96.0	False
14.0	35.0	False
28.0	70.0	False
28.0	96.0	False
20.0	43.0	True
28.0	112.0	True
28.0	60.0	True
20.0	80.0	True
20.0	58.0	True
28.0	96.0	True
28.0	70.0	True
28.0	112.0	True
14.0	30.0	True
20.0	68.0	False
28.0	60.0	False
7.0	20.0	False
14.0	41.0	False
14.0	41.0	False
10.0	29.0	False
28.0	82.0	False
7.0	17.0	False
7.0	13.0	False
20.0	50.0	False
20.0	68.0	True
28.0	52.0	True
14.0	41.0	True
20.0	37.0	True
7.0	13.0	True
28.0	82.0	True
10.0	18.0	True
14.0	56.0	True
7.0	17.0	True
7.0	17.0	True
28.0	60.0	False
28.0	52.0	False
14.0	26.0	False
7.0	15.0	False
7.0	15.0	False
20.0	80.0	False
20.0	58.0	False
28.0	112.0	False
10.0	18.0	False
28.0	70.0	False
20.0	37.0	False
10.0	40.0	False
14.0	26.0	False
7.0	20.0	False
14.0	48.0	False
28.0	112.0	False
14.0	30.0	False
20.0	37.0	False
20.0	43.0	False
20.0	50.0	False
14.0	48.0	True
7.0	20.0	True
20.0	58.0	True
14.0	35.0	True
7.0	15.0	True
20.0	50.0	True
7.0	20.0	True
14.0	35.0	True
10.0	40.0	True
7.0	15.0	True
7.0	20.0	True
14.0	56.0	True
7.0	15.0	True
28.0	112.0	True
14.0	26.0	True
20.0	80.0	True
10.0	40.0	True
7.0	17.0	True
14.0	41.0	True
20.0	58.0	True
28.0	60.0	False
10.0	34.0	False
10.0	25.0	False
7.0	13.0	False
20.0	58.0	False
28.0	70.0	False
7.0	13.0	False
10.0	21.0	False
14.0	48.0	False
28.0	60.0	False
14.0	30.0	False
7.0	28.0	False
14.0	41.0	False
7.0	17.0	False
20.0	58.0	False
20.0	68.0	False
7.0	20.0	False
10.0	18.0	False
10.0	25.0	False
10.0	40.0	False
28.0	96.0	True
7.0	24.0	True
10.0	40.0	True
28.0	82.0	True
20.0	43.0	True
10.0	25.0	True
28.0	70.0	True
10.0	29.0	True
20.0	43.0	True
10.0	25.0	True
10.0	21.0	True
7.0	17.0	True
7.0	20.0	True
14.0	56.0	True
14.0	30.0	True
7.0	28.0	True
10.0	34.0	True
10.0	18.0	True
14.0	30.0	True
28.0	52.0	True
14.0	41.0	False
28.0	112.0	False
28.0	96.0	False
14.0	30.0	False
20.0	80.0	False
14.0	26.0	False
28.0	70.0	False
20.0	37.0	False
7.0	20.0	False
10.0	29.0	False
28.0	60.0	True
20.0	68.0	True
14.0	48.0	True
28.0	112.0	True
7.0	15.0	True
14.0	35.0	True
10.0	21.0	True
7.0	13.0	True
7.0	24.0	True
20.0	37.0	True
10.0	21.0	False
20.0	50.0	False
10.0	34.0	False
14.0	35.0	False
10.0	29.0	False
10.0	18.0	False
10.0	40.0	False
28.0	96.0	False
7.0	24.0	False
14.0	35.0	False
14.0	26.0	False
20.0	43.0	False
20.0	80.0	False
20.0	43.0	False
14.0	56.0	False
28.0	52.0	False
20.0	37.0	False
20.0	68.0	False
28.0	112.0	False
7.0	28.0	False
10.0	34.0	True
14.0	35.0	True
20.0	58.0	True
14.0	26.0	True
20.0	80.0	True
28.0	70.0	True
10.0	18.0	True
10.0	29.0	True
7.0	28.0	True
7.0	13.0	True
20.0	37.0	True
28.0	96.0	True
28.0	60.0	True
20.0	50.0	True
28.0	52.0	True
20.0	50.0	True
28.0	82.0	True
20.0	68.0	True
14.0	41.0	True
14.0	48.0	True
14.0	56.0	False
7.0	15.0	False
28.0	52.0	False
7.0	17.0	False
7.0	15.0	False
28.0	82.0	False
7.0	24.0	False
28.0	82.0	False
14.0	48.0	False
20.0	50.0	False
7.0	16.0	False
20.0	42.0	False
14.0	26.0	False
14.0	24.0	False
7.0	9.0	False
20.0	34.0	False
7.0	13.0	False
20.0	42.0	False
14.0	24.0	False
20.0	34.0	False
7.0	12.0	True
7.0	16.0	True
14.0	26.0	True
10.0	13.0	True
10.0	21.0	True
20.0	42.0	True
10.0	15.0	True
10.0	19.0	True
14.0	33.0	True
10.0	13.0	True
7.0	10.0	True
20.0	30.0	True
10.0	23.0	True
7.0	14.0	True
7.0	13.0	True
20.0	47.0	True
28.0	48.0	True
20.0	38.0	True
14.0	21.0	True
14.0	29.0	True
14.0	29.0	False
28.0	66.0	False
10.0	21.0	False
20.0	47.0	False
10.0	19.0	False
28.0	38.0	False
7.0	12.0	False
28.0	53.0	False
14.0	19.0	False
10.0	13.0	False
20.0	27.0	False
28.0	38.0	False
10.0	15.0	False
14.0	21.0	False
7.0	14.0	False
10.0	15.0	False
10.0	23.0	False
14.0	21.0	False
28.0	48.0	False
20.0	38.0	False
28.0	48.0	True
7.0	9.0	True
10.0	23.0	True
7.0	12.0	True
28.0	53.0	True
10.0	21.0	True
28.0	66.0	True
7.0	16.0	True
28.0	59.0	True
14.0	33.0	True
28.0	59.0	False
28.0	66.0	False
7.0	16.0	False
7.0	14.0	False
10.0	23.0	False
14.0	19.0	False
20.0	27.0	False
14.0	33.0	False
14.0	26.0	False
10.0	17.0	False
14.0	26.0	True
28.0	38.0	True
20.0	34.0	True
14.0	29.0	True
14.0	19.0	True
28.0	43.0	True
28.0	43.0	True
7.0	10.0	True
7.0	14.0	True
20.0	27.0	True
28.0	43.0	False
20.0	30.0	False
28.0	48.0	False
28.0	43.0	False
10.0	13.0	False
14.0	33.0	False
28.0	53.0	False
20.0	30.0	False
14.0	29.0	False
7.0	10.0	False
20.0	47.0	True
14.0	24.0	True
20.0	38.0	True
28.0	38.0	True
14.0	19.0	True
20.0	30.0	True
10.0	17.0	True
14.0	24.0	True
10.0	17.0	True
28.0	59.0	True
10.0	17.0	False
10.0	21.0	False
7.0	9.0	False
7.0	13.0	False
28.0	59.0	False
20.0	38.0	False
7.0	12.0	False
10.0	19.0	False
20.0	47.0	False
7.0	10.0	False
28.0	53.0	True
7.0	9.0	True
20.0	42.0	True
10.0	19.0	True
14.0	21.0	True
28.0	66.0	True
20.0	34.0	True
20.0	27.0	True
7.0	13.0	True
10.0	15.0	True
10.0	17.0	True
14.0	24.0	True
10.0	19.0	True
20.0	42.0	True
7.0	14.0	True
7.0	13.0	True
20.0	30.0	True
7.0	12.0	True
28.0	66.0	True
10.0	15.0	True
10.0	23.0	False
20.0	42.0	False
7.0	14.0	False
14.0	26.0	False
28.0	66.0	False
10.0	17.0	False
20.0	47.0	False
10.0	19.0	False
10.0	15.0	False
7.0	12.0	False
10.0	23.0	True
28.0	59.0	True
20.0	34.0	True
20.0	30.0	True
14.0	33.0	True
7.0	9.0	True
7.0	14.0	True
28.0	59.0	True
7.0	12.0	True
20.0	38.0	True
20.0	27.0	False
7.0	16.0	False
10.0	21.0	False
20.0	30.0	False
14.0	33.0	False
28.0	59.0	False
7.0	13.0	False
14.0	26.0	False
7.0	16.0	False
14.0	21.0	False
14.0	19.0	False
10.0	21.0	False
20.0	34.0	False
20.0	27.0	False
20.0	34.0	False
14.0	19.0	False
28.0	66.0	False
10.0	13.0	False
28.0	43.0	False
20.0	38.0	False
28.0	48.0	True
20.0	47.0	True
14.0	21.0	True
7.0	16.0	True
28.0	66.0	True
14.0	21.0	True
20.0	47.0	True
14.0	19.0	True
14.0	24.0	True
20.0	27.0	True
10.0	13.0	True
10.0	15.0	True
10.0	19.0	True
10.0	17.0	True
28.0	38.0	True
14.0	29.0	True
20.0	34.0	True
20.0	38.0	True
10.0	13.0	True
28.0	53.0	True
7.0	9.0	False
28.0	43.0	False
28.0	59.0	False
20.0	42.0	False
10.0	17.0	False
7.0	14.0	False
10.0	15.0	False
28.0	48.0	False
10.0	13.0	False
7.0	10.0	False
14.0	19.0	True
28.0	43.0	True
10.0	23.0	True
28.0	38.0	True
10.0	21.0	True
28.0	53.0	True
7.0	10.0	True
7.0	9.0	True
20.0	27.0	True
28.0	48.0	True
7.0	9.0	False
28.0	53.0	False
20.0	38.0	False
28.0	48.0	False
14.0	29.0	False
28.0	53.0	False
10.0	19.0	False
28.0	38.0	False
28.0	38.0	False
14.0	24.0	False
7.0	12.0	False
20.0	30.0	False
7.0	13.0	False
7.0	10.0	False
14.0	33.0	False
20.0	47.0	False
14.0	29.0	False
10.0	23.0	False
14.0	21.0	False
14.0	24.0	False
20.0	42.0	True
14.0	29.0	True
7.0	10.0	True
7.0	16.0	True
10.0	21.0	True
14.0	26.0	True
14.0	26.0	True
7.0	13.0	True
28.0	43.0	True
14.0	33.0	True
20.0	28.0	False
7.0	15.0	False
20.0	35.0	False
10.0	19.0	False
7.0	15.0	False
10.0	14.0	False
28.0	35.0	False
14.0	22.0	False
20.0	28.0	False
10.0	12.0	False
14.0	17.0	True
20.0	44.0	True
7.0	12.0	True
10.0	17.0	True
20.0	35.0	True
14.0	27.0	True
7.0	11.0	True
10.0	17.0	True
28.0	39.0	True
20.0	44.0	True
20.0	31.0	False
20.0	25.0	False
7.0	8.0	False
14.0	24.0	False
7.0	11.0	False
14.0	27.0	False
7.0	12.0	False
14.0	22.0	False
20.0	25.0	False
28.0	44.0	False
7.0	13.0	True
14.0	24.0	True
7.0	8.0	True
14.0	27.0	True
20.0	39.0	True
7.0	11.0	True
10.0	12.0	True
14.0	22.0	True
28.0	35.0	True
28.0	55.0	True
7.0	12.0	False
10.0	15.0	False
28.0	62.0	False
14.0	27.0	False
10.0	22.0	False
7.0	8.0	False
28.0	55.0	False
14.0	31.0	False
10.0	17.0	False
10.0	12.0	False
7.0	13.0	True
14.0	19.0	True
28.0	44.0	True
14.0	24.0	True
14.0	19.0	True
14.0	31.0	True
28.0	44.0	True
7.0	15.0	True
14.0	31.0	True
10.0	19.0	True
10.0	17.0	False
20.0	44.0	False
28.0	62.0	False
20.0	35.0	False
10.0	15.0	False
20.0	31.0	False
20.0	44.0	False
7.0	13.0	False
28.0	39.0	False
20.0	39.0	False
10.0	15.0	True
10.0	14.0	True
14.0	17.0	True
7.0	9.0	True
10.0	19.0	True
20.0	28.0	True
28.0	35.0	True
20.0	28.0	True
10.0	12.0	True
28.0	55.0	True
14.0	19.0	False
20.0	39.0	False
28.0	49.0	False
28.0	44.0	False
7.0	9.0	False
7.0	11.0	False
28.0	55.0	False
28.0	39.0	False
14.0	24.0	False
10.0	22.0	False
28.0	39.0	True
20.0	31.0	True
20.0	25.0	True
28.0	62.0	True
7.0	9.0	True
20.0	35.0	True
28.0	62.0	True
7.0	12.0	True
7.0	8.0	True
10.0	22.0	True
20.0	39.0	True
10.0	14.0	True
28.0	49.0	True
20.0	31.0	True
7.0	15.0	True
10.0	15.0	True
28.0	49.0	True
10.0	22.0	True
14.0	22.0	True
20.0	25.0	True
14.0	17.0	False
7.0	9.0	False
14.0	19.0	False
28.0	35.0	False
10.0	19.0	False
7.0	13.0	False
10.0	14.0	False
28.0	49.0	False
14.0	31.0	False
14.0	17.0	False
7.0	15.0	False
10.0	15.0	False
7.0	12.0	False
7.0	13.0	False
20.0	39.0	False
10.0	17.0	False
7.0	12.0	False
20.0	25.0	False
10.0	12.0	False
28.0	44.0	False
28.0	35.0	True
7.0	13.0	True
20.0	28.0	True
10.0	14.0	True
28.0	39.0	True
14.0	24.0	True
20.0	39.0	True
10.0	17.0	True
20.0	25.0	True
14.0	31.0	True
10.0	14.0	True
14.0	22.0	True
10.0	19.0	True
20.0	39.0	True
20.0	25.0	True
28.0	55.0	True
7.0	9.0	True
20.0	44.0	True
10.0	15.0	True
20.0	31.0	True
14.0	24.0	False
14.0	17.0	False
20.0	44.0	False
10.0	14.0	False
7.0	13.0	False
7.0	9.0	False
20.0	35.0	False
28.0	49.0	False
14.0	17.0	False
10.0	17.0	False
10.0	15.0	True
20.0	31.0	True
10.0	22.0	True
7.0	12.0	True
20.0	44.0	True
10.0	19.0	True
7.0	15.0	True
7.0	8.0	True
7.0	11.0	True
28.0	39.0	True
28.0	35.0	False
20.0	39.0	False
28.0	35.0	False
20.0	28.0	False
14.0	19.0	False
7.0	11.0	False
28.0	55.0	False
7.0	9.0	False
10.0	22.0	False
10.0	12.0	False
28.0	39.0	False
20.0	25.0	False
20.0	44.0	False
28.0	39.0	False
20.0	35.0	False
28.0	49.0	False
10.0	19.0	False
10.0	22.0	False
10.0	14.0	False
28.0	44.0	False
14.0	27.0	True
14.0	22.0	True
28.0	62.0	True
7.0	8.0	True
14.0	19.0	True
14.0	27.0	True
28.0	55.0	True
10.0	12.0	True
28.0	49.0	True
14.0	17.0	True
14.0	19.0	True
7.0	13.0	True
10.0	12.0	True
28.0	44.0	True
20.0	35.0	True
28.0	44.0	True
7.0	12.0	True
28.0	49.0	True
28.0	35.0	True
14.0	27.0	False
10.0	19.0	False
14.0	22.0	False
14.0	24.0	False
7.0	8.0	False
14.0	22.0	False
14.0	19.0	False
28.0	62.0	False
7.0	11.0	False
28.0	55.0	False
20.0	28.0	False
7.0	8.0	False
20.0	31.0	False
14.0	31.0	False
14.0	31.0	False
20.0	31.0	False
10.0	15.0	False
7.0	15.0	False
14.0	27.0	False
28.0	62.0	False
7.0	11.0	True
10.0	22.0	True
14.0	17.0	True
20.0	28.0	True
28.0	62.0	True
14.0	24.0	True
14.0	31.0	True
7.0	9.0	True
7.0	15.0	True
20.0	35.0	True
7.0	21.0	True
28.0	86.0	True
10.0	18.0	True
7.0	13.0	True
10.0	11.0	True
14.0	15.0	True
20.0	22.0	True
14.0	15.0	True
20.0	48.0	True
28.0	40.0	True
14.0	15.0	False
14.0	20.0	False
14.0	55.0	False
10.0	39.0	False
7.0	27.0	False
20.0	79.0	False
20.0	37.0	False
14.0	33.0	False
7.0	13.0	False
7.0	21.0	False
28.0	67.0	True
20.0	29.0	True
20.0	48.0	True
28.0	52.0	True
14.0	33.0	True
20.0	79.0	True
7.0	21.0	True
7.0	10.0	True
28.0	111.0	True
28.0	40.0	True
28.0	111.0	False
10.0	30.0	False
20.0	79.0	False
28.0	40.0	False
14.0	43.0	False
28.0	86.0	False
14.0	43.0	False
28.0	52.0	False
10.0	18.0	False
10.0	11.0	False
14.0	26.0	False
20.0	29.0	False
7.0	7.0	False
10.0	24.0	False
14.0	15.0	False
28.0	111.0	False
20.0	48.0	False
7.0	13.0	False
10.0	39.0	False
10.0	14.0	False
7.0	10.0	True
14.0	26.0	True
10.0	24.0	True
7.0	27.0	True
28.0	31.0	True
28.0	31.0	True
10.0	39.0	True
20.0	22.0	True
7.0	7.0	True
14.0	26.0	True
10.0	30.0	True
10.0	39.0	True
10.0	11.0	True
28.0	52.0	True
20.0	61.0	True
20.0	37.0	True
7.0	27.0	True
10.0	30.0	True
14.0	55.0	True
14.0	43.0	True
14.0	33.0	False
28.0	31.0	False
7.0	27.0	False
28.0	86.0	False
7.0	7.0	False
28.0	67.0	False
20.0	29.0	False
10.0	14.0	False
7.0	16.0	False
14.0	55.0	False
14.0	20.0	True
14.0	33.0	True
14.0	20.0	True
10.0	14.0	True
7.0	16.0	True
28.0	111.0	True
10.0	18.0	True
10.0	24.0	True
20.0	29.0	True
14.0	55.0	True
10.0	24.0	False
7.0	10.0	False
28.0	52.0	False
10.0	30.0	False
20.0	48.0	False
7.0	21.0	False
20.0	61.0	False
20.0	22.0	False
7.0	10.0	False
28.0	67.0	False
28.0	86.0	True
7.0	13.0	True
7.0	16.0	True
10.0	14.0	True
20.0	61.0	True
20.0	79.0	True
14.0	43.0	True
7.0	7.0	True
20.0	37.0	True
28.0	67.0	True
20.0	37.0	False
28.0	40.0	False
10.0	18.0	False
14.0	26.0	False
14.0	20.0	False
20.0	22.0	False
28.0	31.0	False
20.0	61.0	False
10.0	11.0	False
7.0	16.0	False
7.0	27.0	False
14.0	26.0	False
7.0	27.0	False
20.0	29.0	False
7.0	10.0	False
7.0	10.0	False
10.0	24.0	False
20.0	61.0	False
28.0	31.0	False
7.0	13.0	False
7.0	7.0	True
14.0	33.0	True
28.0	86.0	True
20.0	22.0	True
14.0	20.0	True
14.0	15.0	True
14.0	26.0	True
14.0	55.0	True
10.0	14.0	True
14.0	20.0	True
20.0	37.0	True
10.0	39.0	True
10.0	11.0	True
28.0	86.0	True
7.0	7.0	True
7.0	27.0	True
7.0	10.0	True
7.0	16.0	True
10.0	24.0	True
7.0	27.0	True
20.0	37.0	False
7.0	7.0	False
14.0	33.0	False
10.0	39.0	False
14.0	43.0	False
14.0	20.0	False
20.0	22.0	False
28.0	31.0	False
10.0	30.0	False
14.0	15.0	False
28.0	52.0	False
28.0	86.0	False
10.0	30.0	False
20.0	48.0	False
20.0	79.0	False
7.0	13.0	False
28.0	111.0	False
28.0	86.0	False
7.0	21.0	False
7.0	16.0	False
28.0	31.0	True
28.0	40.0	True
14.0	43.0	True
10.0	30.0	True
20.0	61.0	True
7.0	16.0	True
20.0	48.0	True
7.0	21.0	True
28.0	67.0	True
10.0	39.0	True
28.0	67.0	False
10.0	11.0	False
14.0	20.0	False
14.0	26.0	False
7.0	7.0	False
14.0	15.0	False
28.0	52.0	False
10.0	14.0	False
20.0	29.0	False
28.0	111.0	False
28.0	111.0	True
10.0	30.0	True
14.0	43.0	True
28.0	52.0	True
28.0	111.0	True
20.0	29.0	True
20.0	79.0	True
28.0	52.0	True
10.0	24.0	True
10.0	18.0	True
14.0	33.0	False
20.0	48.0	False
7.0	21.0	False
7.0	16.0	False
10.0	24.0	False
10.0	39.0	False
14.0	55.0	False
14.0	55.0	False
28.0	40.0	False
10.0	14.0	False
20.0	29.0	True
28.0	40.0	True
20.0	79.0	True
7.0	10.0	True
10.0	11.0	True
28.0	67.0	True
7.0	13.0	True
20.0	48.0	True
14.0	33.0	True
7.0	13.0	True
20.0	37.0	False
10.0	11.0	False
10.0	18.0	False
20.0	61.0	False
14.0	43.0	False
20.0	79.0	False
28.0	67.0	False
28.0	40.0	False
20.0	22.0	False
10.0	18.0	False
10.0	18.0	True
28.0	31.0	True
20.0	61.0	True
7.0	21.0	True
14.0	26.0	True
20.0	37.0	True
14.0	55.0	True
20.0	22.0	True
10.0	14.0	True
14.0	15.0	True
