term	stimulation	payoff	nu	lo	hi	p_pos
memory_noise_sd	ips	7.0	0.038429428673093374	0.0038650063473510804	0.14115948867580805	
memory_noise_sd	ips	7.882352941176471	0.04512405663616231	0.00767904025824318	0.13581397559570102	
memory_noise_sd	ips	8.764705882352942	0.05336790411636157	0.013603662374618998	0.13571404894555247	
memory_noise_sd	ips	9.647058823529411	0.06287087117401903	0.02103591945522119	0.13858950158541816	
memory_noise_sd	ips	10.529411764705882	0.07317188234386321	0.029128185842115715	0.14582757404349664	
memory_noise_sd	ips	11.411764705882353	0.08367398269242529	0.036547677248904765	0.15745121247391475	
memory_noise_sd	ips	12.294117647058822	0.09372779514189576	0.042694790874234695	0.16976713611687594	
memory_noise_sd	ips	13.176470588235293	0.10273688251549874	0.047616648857199614	0.18376779775148996	
memory_noise_sd	ips	14.058823529411764	0.11025061462571366	0.05130374005339009	0.19569746747633668	
memory_noise_sd	ips	14.941176470588236	0.11601919078732685	0.05396854265160742	0.20463275772647777	
memory_noise_sd	ips	15.823529411764707	0.12000342339761494	0.056702168645426314	0.20978642503146053	
memory_noise_sd	ips	16.705882352941174	0.12234749811700808	0.058943630687125985	0.21141708871470338	
memory_noise_sd	ips	17.588235294117645	0.1233304561668685	0.06098790400726159	0.20935476373619605	
memory_noise_sd	ips	18.470588235294116	0.12331228789603851	0.06265632805690716	0.2055009657602175	
memory_noise_sd	ips	19.352941176470587	0.12268663784160543	0.06410779666856595	0.20090530875341106	
memory_noise_sd	ips	20.235294117647058	0.12184597415273411	0.0653000388484814	0.19590959455809895	
memory_noise_sd	ips	21.11764705882353	0.1210441755706376	0.06646660887834865	0.19181864163614423	
memory_noise_sd	ips	22.0	0.12029920044351211	0.06744336738648835	0.18838414610368165	
memory_noise_sd	ips	22.88235294117647	0.11960448705325073	0.06854703630847721	0.18522957018974287	
memory_noise_sd	ips	23.764705882352942	0.11895410109895793	0.06924701743774589	0.1822105507867823	
memory_noise_sd	ips	24.647058823529413	0.11834268955994508	0.06974992319618586	0.17953466492082712	
memory_noise_sd	ips	25.52941176470588	0.11776543790249297	0.07015414728268063	0.17750478101490183	
memory_noise_sd	ips	26.41176470588235	0.11721803031523775	0.07051397365153252	0.17570152264928499	
memory_noise_sd	ips	27.294117647058822	0.11669661267481712	0.07059655887812802	0.17471370866381142	
memory_noise_sd	ips	28.176470588235293	0.11619775796648792	0.07061946781183877	0.1738447251517593	
memory_noise_sd	ips	29.058823529411764	0.11571843391078092	0.0705792606369654	0.17298536318465033	
memory_noise_sd	ips	29.941176470588236	0.11525597257496491	0.07037738395558724	0.17214409835799488	
memory_noise_sd	ips	30.823529411764707	0.11480804177558424	0.07026500335489407	0.17111721789646048	
memory_noise_sd	ips	31.705882352941174	0.11437261810446157	0.06996499075594363	0.17063488038505703	
memory_noise_sd	ips	32.588235294117645	0.11394796143492326	0.06963900253713767	0.17012559376674488	
memory_noise_sd	ips	33.470588235294116	0.11353259078693959	0.0692360436814461	0.1703126794072181	
memory_noise_sd	ips	34.35294117647059	0.11312526144943684	0.06875371523988606	0.169782196918607	
memory_noise_sd	ips	35.23529411764706	0.1127249432750405	0.06837032044572111	0.16962197521612177	
memory_noise_sd	ips	36.11764705882353	0.11233080007712481	0.06801622957259902	0.16937289888658733	
memory_noise_sd	ips	37.0	0.11194217007137243	0.06757109035125287	0.16904860505040104	
memory_noise_sd	ips	37.88235294117647	0.11155854731431955	0.06719353648549709	0.16896363169755432	
memory_noise_sd	ips	38.76470588235294	0.11117956409967979	0.0669340403672789	0.16897096816173027	
memory_noise_sd	ips	39.64705882352941	0.11080497427999898	0.06651271167768234	0.1691062130407495	
memory_noise_sd	ips	40.529411764705884	0.11043463748642	0.06596625805347679	0.16897970960022843	
memory_noise_sd	ips	41.411764705882355	0.1100685042233876	0.06550226986347461	0.16922052458011583	
memory_noise_sd	ips	42.294117647058826	0.10970660181806606	0.06505845707043406	0.16927553937859827	
memory_noise_sd	ips	43.17647058823529	0.1093490212063968	0.06452044798838365	0.16927836882515393	
memory_noise_sd	ips	44.05882352941176	0.10899590453910948	0.06398011972036488	0.16912173177913842	
memory_noise_sd	ips	44.94117647058823	0.10864743359187216	0.06336320156167304	0.16922537382226752	
memory_noise_sd	ips	45.8235294117647	0.10830381896417877	0.06287252611637664	0.16929715426201575	
memory_noise_sd	ips	46.705882352941174	0.10796529005172856	0.062227322555985294	0.16913296435185227	
memory_noise_sd	ips	47.588235294117645	0.10763208577693538	0.061531255848374905	0.1692484935840312	
memory_noise_sd	ips	48.470588235294116	0.10730444606200444	0.06097616868278723	0.16940027861469087	
memory_noise_sd	ips	49.35294117647059	0.10698260402877466	0.060426246417411796	0.1694998547534677	
memory_noise_sd	ips	50.23529411764706	0.10666677890921783	0.059865216448804576	0.169687828532001	
memory_noise_sd	ips	51.11764705882353	0.10635716965035558	0.05929157095586942	0.169857497401638	
memory_noise_sd	ips	52.0	0.10605394919720752	0.058542706766114117	0.16993390159115718	
memory_noise_sd	ips	52.88235294117647	0.10575725943742643	0.05772200236765822	0.1704582203529191	
memory_noise_sd	ips	53.76470588235294	0.10546720679142675	0.05703769271727674	0.17094938132545226	
memory_noise_sd	ips	54.64705882352941	0.10518385843212884	0.05637161227337212	0.17135523639729794	
memory_noise_sd	ips	55.529411764705884	0.10490723911889413	0.05570939655828245	0.17196845011911005	
memory_noise_sd	ips	56.41176470588235	0.10463732863082671	0.054864219391040144	0.1725314274162722	
memory_noise_sd	ips	57.29411764705882	0.10437405978533107	0.053909916186663916	0.17310827728895645	
memory_noise_sd	ips	58.17647058823529	0.10411731702867119	0.05312725381815968	0.1741104110313541	
memory_noise_sd	ips	59.05882352941176	0.10386693558616147	0.05242623280967115	0.17464097181430993	
memory_noise_sd	ips	59.94117647058823	0.10362270116062229	0.05150804335291456	0.17547656491354857	
memory_noise_sd	ips	60.8235294117647	0.10338435016870504	0.05069460833934467	0.17626737073573748	
memory_noise_sd	ips	61.705882352941174	0.10315157050568625	0.05008525643212585	0.1771422051967059	
memory_noise_sd	ips	62.588235294117645	0.10292400283028819	0.049175923552771846	0.1779042156238722	
memory_noise_sd	ips	63.470588235294116	0.10270124236191122	0.04836432067001911	0.1785927824620744	
memory_noise_sd	ips	64.35294117647058	0.10248284118347346	0.04745631180743376	0.1794628837238933	
memory_noise_sd	ips	65.23529411764706	0.10226831104362702	0.04655823343478819	0.1807771864575107	
memory_noise_sd	ips	66.11764705882354	0.10205712665260007	0.04579821583222216	0.1819296660110404	
memory_noise_sd	ips	67.0	0.10184872946615936	0.04500276508806836	0.18286108753668945	
memory_noise_sd	ips	67.88235294117646	0.10164253195223844	0.04419649682919578	0.18422554345956696	
memory_noise_sd	ips	68.76470588235294	0.10143792233463123	0.04337035811912009	0.18522068076648898	
memory_noise_sd	ips	69.64705882352942	0.10123426980768047	0.04258309207196877	0.18623138921222135	
memory_noise_sd	ips	70.52941176470588	0.10103093021533995	0.04191033769349824	0.18725240642782953	
memory_noise_sd	ips	71.41176470588235	0.1008272521870262	0.04112744756097642	0.18793345124234986	
memory_noise_sd	ips	72.29411764705883	0.1006225837216497	0.04041244983990763	0.1888986807119286	
memory_noise_sd	ips	73.17647058823529	0.10041627920989912	0.03970978787138265	0.18997233963217067	
memory_noise_sd	ips	74.05882352941177	0.10020770688337893	0.03905616033485101	0.19086111819985188	
memory_noise_sd	ips	74.94117647058823	0.09999625667762861	0.038384707296315546	0.19224176522316383	
memory_noise_sd	ips	75.82352941176471	0.09978134849430474	0.03784158623649444	0.1931227901506183	
memory_noise_sd	ips	76.70588235294117	0.09956244084610934	0.037221063742168915	0.1937413817594991	
memory_noise_sd	ips	77.58823529411765	0.09933903986627154	0.03663346602405913	0.19443311695798166	
memory_noise_sd	ips	78.47058823529412	0.09911070866278508	0.03602025491743886	0.19538740457023862	
memory_noise_sd	ips	79.35294117647058	0.09887707699609367	0.035502046258815714	0.1957421831298289	
memory_noise_sd	ips	80.23529411764706	0.09863785125769574	0.03496895897044579	0.19670432651198191	
memory_noise_sd	ips	81.11764705882352	0.09839282472630856	0.03435111121297473	0.19783043204850242	
memory_noise_sd	ips	82.0	0.09814188807779416	0.03389980814641329	0.19827714486073805	
memory_noise_sd	ips	82.88235294117646	0.0978850401253161	0.033283639420580574	0.19933818704847106	
memory_noise_sd	ips	83.76470588235294	0.0976223987671317	0.03282707454992188	0.19977532970955877	
memory_noise_sd	ips	84.6470588235294	0.09735421212131017	0.03236092054460318	0.19971431641523232	
memory_noise_sd	ips	85.52941176470588	0.09708086982960822	0.0319014707043699	0.19945671146089275	
memory_noise_sd	ips	86.41176470588235	0.09680291451696287	0.03151529343440892	0.2000928616729364	
memory_noise_sd	ips	87.29411764705883	0.09652105339874201	0.03105051038119635	0.20085852507079144	
memory_noise_sd	ips	88.17647058823529	0.0962361700352512	0.03056846673222667	0.20156977940710158	
memory_noise_sd	ips	89.05882352941177	0.09594933624230834	0.03018468413098858	0.2018779662631763	
memory_noise_sd	ips	89.94117647058823	0.09566182417810862	0.02974526972185229	0.2018844134153295	
memory_noise_sd	ips	90.82352941176471	0.09537511864043292	0.029181565102238245	0.20224092894816975	
memory_noise_sd	ips	91.70588235294117	0.09509092962473617	0.028661489807663032	0.20280331817125777	
memory_noise_sd	ips	92.58823529411764	0.09481120521293071	0.028178313187353008	0.2036092539585353	
memory_noise_sd	ips	93.47058823529412	0.09453814488513393	0.02775287346900845	0.20399213141879904	
memory_noise_sd	ips	94.35294117647058	0.09427421337225034	0.027259657567710194	0.20414567982705017	
memory_noise_sd	ips	95.23529411764706	0.09402215519631626	0.026672039567526905	0.20488221804286097	
memory_noise_sd	ips	96.11764705882352	0.093785010078019	0.026111854581267687	0.20587400125116959	
memory_noise_sd	ips	97.0	0.09356612942662226	0.025629159130532733	0.20604722763829827	
memory_noise_sd	ips	97.88235294117646	0.09336919416666474	0.02506315648798382	0.20673901042536225	
memory_noise_sd	ips	98.76470588235294	0.09319823419766386	0.024349572116518396	0.20863161889624987	
memory_noise_sd	ips	99.6470588235294	0.09305764982729711	0.02365368881955701	0.21016497838171264	
memory_noise_sd	ips	100.52941176470588	0.09295223556395427	0.023028056079384244	0.21222139229762263	
memory_noise_sd	ips	101.41176470588235	0.09288720670006424	0.022556629873667394	0.21477950651967564	
memory_noise_sd	ips	102.29411764705883	0.09286822916107904	0.02180901665628641	0.21738378049846163	
memory_noise_sd	ips	103.17647058823529	0.09290145313394763	0.021077003462798446	0.2203666755500597	
memory_noise_sd	ips	104.05882352941177	0.09299355101969095	0.020513966064901083	0.22409316965667944	
memory_noise_sd	ips	104.94117647058823	0.09315176027253019	0.019724822663412692	0.22694774392851366	
memory_noise_sd	ips	105.8235294117647	0.09338393168670704	0.01892039210069521	0.23091886655154253	
memory_noise_sd	ips	106.70588235294117	0.09369858366356482	0.018023854276151247	0.2365340382212896	
memory_noise_sd	ips	107.58823529411764	0.09410496292559807	0.017246639019914814	0.2432317832894668	
memory_noise_sd	ips	108.47058823529412	0.09461311202885499	0.016358398938251976	0.25019700789706567	
memory_noise_sd	ips	109.35294117647058	0.0952339438463562	0.015561983374991779	0.2579996276227624	
memory_noise_sd	ips	110.23529411764706	0.09597932293816339	0.01470590057106159	0.265928075284299	
memory_noise_sd	ips	111.11764705882352	0.09686215337470473	0.013915153471191054	0.27567489583904053	
memory_noise_sd	ips	112.0	0.09789647212949668	0.013012759508648658	0.2859331584214493	
memory_noise_sd	vertex	7.0	0.020032030948943777	0.001149500580965695	0.08479937591202967	
memory_noise_sd	vertex	7.882352941176471	0.02274426820641145	0.002475486985753904	0.07865077060735397	
memory_noise_sd	vertex	8.764705882352942	0.026360065039771497	0.004712311736764881	0.07628128778584628	
memory_noise_sd	vertex	9.647058823529411	0.030768854944240486	0.007866216436775058	0.07664622261765806	
memory_noise_sd	vertex	10.529411764705882	0.03578973295015476	0.011701825963827267	0.07908524155064836	
memory_noise_sd	vertex	11.411764705882353	0.04116513818775289	0.015589301952558135	0.08434798744457953	
memory_noise_sd	vertex	12.294117647058822	0.04658327559029031	0.01875044402780333	0.09114594709130536	
memory_noise_sd	vertex	13.176470588235293	0.051723010761783	0.021284539411041838	0.09858308617612851	
memory_noise_sd	vertex	14.058823529411764	0.056306220229557856	0.023577774190001514	0.1063491487249947	
memory_noise_sd	vertex	14.941176470588236	0.060140503779871665	0.02535742233649881	0.11259160147594843	
memory_noise_sd	vertex	15.823529411764707	0.06314082982773808	0.02687235919977691	0.1170569439918396	
memory_noise_sd	vertex	16.705882352941174	0.06532802418757613	0.028311964244742204	0.11969409495304331	
memory_noise_sd	vertex	17.588235294117645	0.06680976760334974	0.029742259849429603	0.12012204663867966	
memory_noise_sd	vertex	18.470588235294116	0.06775322942965213	0.031065587227583923	0.11960782891630165	
memory_noise_sd	vertex	19.352941176470587	0.06835798181303307	0.03233492123769276	0.11839727788497408	
memory_noise_sd	vertex	20.235294117647058	0.06883454458152496	0.0335804770806754	0.11731267800807865	
memory_noise_sd	vertex	21.11764705882353	0.06932364424422363	0.034756275815450405	0.11622135925344557	
memory_noise_sd	vertex	22.0	0.06983489706168419	0.035850870502579894	0.11575461346350402	
memory_noise_sd	vertex	22.88235294117647	0.07036405490457912	0.03689859860076657	0.11568938529631594	
memory_noise_sd	vertex	23.764705882352942	0.07090720824412623	0.0376394444777393	0.11556341733257021	
memory_noise_sd	vertex	24.647058823529413	0.07146077083131647	0.03838626429265597	0.11564034591621013	
memory_noise_sd	vertex	25.52941176470588	0.07202146611381188	0.03905803083900103	0.1159786455159779	
memory_noise_sd	vertex	26.41176470588235	0.07258631489910315	0.03971732054206041	0.11653086996012521	
memory_noise_sd	vertex	27.294117647058822	0.0731526238502907	0.04036640933321416	0.11686798905490849	
memory_noise_sd	vertex	28.176470588235293	0.07371797447321363	0.04091789970283281	0.11715230910041002	
memory_noise_sd	vertex	29.058823529411764	0.0742802123201	0.041478060085069456	0.11782998929099815	
memory_noise_sd	vertex	29.941176470588236	0.07483743619501658	0.04194342916203459	0.11842154779665644	
memory_noise_sd	vertex	30.823529411764707	0.07538798720003918	0.04229173658386094	0.11948465534257086	
memory_noise_sd	vertex	31.705882352941174	0.07593043750830132	0.042690324739230616	0.12001353655209425	
memory_noise_sd	vertex	32.588235294117645	0.07646357879108119	0.04304915451685195	0.1209862141204065	
memory_noise_sd	vertex	33.470588235294116	0.07698641026109931	0.04331084114519986	0.1216470868669717	
memory_noise_sd	vertex	34.35294117647059	0.07749812632363172	0.04362523917077092	0.1222955967123284	
memory_noise_sd	vertex	35.23529411764706	0.07799810385122966	0.04383082019235231	0.12324009599629725	
memory_noise_sd	vertex	36.11764705882353	0.07848588911726434	0.044044856557329204	0.1240165886795511	
memory_noise_sd	vertex	37.0	0.07896118443862667	0.04421221080713347	0.12486087790440031	
memory_noise_sd	vertex	37.88235294117647	0.07942383458916208	0.04432454082968364	0.12594973975467927	
memory_noise_sd	vertex	38.76470588235294	0.0798738130532548	0.04437791501691406	0.12707275561145975	
memory_noise_sd	vertex	39.64705882352941	0.08031120819390451	0.0444599024382782	0.12791288250907473	
memory_noise_sd	vertex	40.529411764705884	0.08073620941198727	0.04449361869323897	0.1291999704425867	
memory_noise_sd	vertex	41.411764705882355	0.08114909337366473	0.04456593575242184	0.13019958063077294	
memory_noise_sd	vertex	42.294117647058826	0.08155021038141834	0.04461919483420614	0.13093547087438864	
memory_noise_sd	vertex	43.17647058823529	0.081939970961348	0.044579700357737236	0.13199132133945235	
memory_noise_sd	vertex	44.05882352941176	0.08231883273542175	0.04438946268850395	0.13278971334663559	
memory_noise_sd	vertex	44.94117647058823	0.08268728764272307	0.04436290470240334	0.13390697414619976	
memory_noise_sd	vertex	45.8235294117647	0.08304584956854032	0.044173122334818016	0.13528893887735793	
memory_noise_sd	vertex	46.705882352941174	0.08339504243473922	0.04387909367793312	0.1363994497391806	
memory_noise_sd	vertex	47.588235294117645	0.08373538879935194	0.04355481569337531	0.13759110103079814	
memory_noise_sd	vertex	48.470588235294116	0.0840673990079837	0.04304733288997529	0.13887784066345238	
memory_noise_sd	vertex	49.35294117647059	0.08439156093454708	0.042760499313580856	0.14046641872281096	
memory_noise_sd	vertex	50.23529411764706	0.08470833034411979	0.04238358949339061	0.14187151153853192	
memory_noise_sd	vertex	51.11764705882353	0.08501812190654538	0.04193237845664782	0.14363207788046425	
memory_noise_sd	vertex	52.0	0.08532130088568766	0.041436482281296524	0.14496867553982667	
memory_noise_sd	vertex	52.88235294117647	0.08561817552616768	0.04078321309840799	0.14652741707771422	
memory_noise_sd	vertex	53.76470588235294	0.08590899015688587	0.04026964559260747	0.14798916942360538	
memory_noise_sd	vertex	54.64705882352941	0.08619391902869869	0.03960977925262571	0.14955702133107285	
memory_noise_sd	vertex	55.529411764705884	0.08647306090219214	0.03896613481386037	0.15114271771221047	
memory_noise_sd	vertex	56.41176470588235	0.08674643440054744	0.03831567110397933	0.1528429922866632	
memory_noise_sd	vertex	57.29411764705882	0.08701397414198055	0.03756197258859013	0.15488644897995466	
memory_noise_sd	vertex	58.17647058823529	0.08727552766598398	0.03677719833993949	0.1569636501019234	
memory_noise_sd	vertex	59.05882352941176	0.08753085316759572	0.036020856147652984	0.15929530386361826	
memory_noise_sd	vertex	59.94117647058823	0.08777961805399953	0.0353308385771538	0.16136286095422608	
memory_noise_sd	vertex	60.8235294117647	0.08802139833785631	0.03463681030827065	0.16374187205123428	
memory_noise_sd	vertex	61.705882352941174	0.0882556788816906	0.03398333161807644	0.16577931582055874	
memory_noise_sd	vertex	62.588235294117645	0.08848185450739127	0.03320391880547747	0.16868451104528057	
memory_noise_sd	vertex	63.470588235294116	0.08869923198424827	0.03250974923900166	0.170979655736479	
memory_noise_sd	vertex	64.35294117647058	0.08890703290787763	0.031803864271784825	0.17358274370145463	
memory_noise_sd	vertex	65.23529411764706	0.08910439748080574	0.03104334230724716	0.1758907125502442	
memory_noise_sd	vertex	66.11764705882354	0.0892903892032827	0.0303948012065574	0.17855564925718176	
memory_noise_sd	vertex	67.0	0.08946400048010142	0.02966610729771101	0.18114402918225242	
memory_noise_sd	vertex	67.88235294117646	0.08962415914567581	0.02894970332256312	0.1834462161386938	
memory_noise_sd	vertex	68.76470588235294	0.08976973590548012	0.02824776029669149	0.185975720276149	
memory_noise_sd	vertex	69.64705882352942	0.08989955268711493	0.027432432158220988	0.18838061865541197	
memory_noise_sd	vertex	70.52941176470588	0.09001239188875132	0.02684955224320873	0.19091404474616744	
memory_noise_sd	vertex	71.41176470588235	0.09010700650668586	0.02619411985446979	0.19363309499555426	
memory_noise_sd	vertex	72.29411764705883	0.0901821311170942	0.025558848970148894	0.1961906803519322	
memory_noise_sd	vertex	73.17647058823529	0.0902364936800685	0.024944124123540305	0.19846595245570858	
memory_noise_sd	vertex	74.05882352941177	0.09026882812664533	0.024434912238198388	0.20067526494192933	
memory_noise_sd	vertex	74.94117647058823	0.09027788768186762	0.023868208605632924	0.2034815016830212	
memory_noise_sd	vertex	75.82352941176471	0.09026245886920993	0.023411815137154655	0.20545767058381809	
memory_noise_sd	vertex	76.70588235294117	0.09022137613391386	0.022892870834189186	0.20760024645220757	
memory_noise_sd	vertex	77.58823529411765	0.09015353701514144	0.022364058566273312	0.21031012459568724	
memory_noise_sd	vertex	78.47058823529412	0.09005791778947218	0.021918534815895056	0.21276615975550625	
memory_noise_sd	vertex	79.35294117647058	0.08993358950129209	0.021357595227807648	0.21382683230005733	
memory_noise_sd	vertex	80.23529411764706	0.08977973428920967	0.020905791329488083	0.2159350941657709	
memory_noise_sd	vertex	81.11764705882352	0.08959566191193272	0.020451605015727965	0.21734686339530299	
memory_noise_sd	vertex	82.0	0.08938082637231318	0.020042995528426154	0.21816707334474206	
memory_noise_sd	vertex	82.88235294117646	0.08913484253461436	0.01961035082132717	0.21925533982903955	
memory_noise_sd	vertex	83.76470588235294	0.08885750262785576	0.019218131688256496	0.22123164776109913	
memory_noise_sd	vertex	84.6470588235294	0.08854879252752361	0.018818211984926964	0.22261908994779547	
memory_noise_sd	vertex	85.52941176470588	0.08820890770935402	0.018480175564341207	0.22319810141300617	
memory_noise_sd	vertex	86.41176470588235	0.08783826877275215	0.018044927268744338	0.22401528752073802	
memory_noise_sd	vertex	87.29411764705883	0.08743753643793871	0.01766757270256584	0.22452609895359027	
memory_noise_sd	vertex	88.17647058823529	0.08700762593084442	0.017448066405992023	0.22444771748911227	
memory_noise_sd	vertex	89.05882352941177	0.0865497206833768	0.01711108569223249	0.2240651875971158	
memory_noise_sd	vertex	89.94117647058823	0.08606528529474951	0.01684954282471904	0.22370184427008205	
memory_noise_sd	vertex	90.82352941176471	0.08555607772254649	0.01650082459222683	0.2235535858316928	
memory_noise_sd	vertex	91.70588235294117	0.08502416070085579	0.016139648829674533	0.22167127911542603	
memory_noise_sd	vertex	92.58823529411764	0.08447191241771718	0.015687646821652718	0.22083073490783356	
memory_noise_sd	vertex	93.47058823529412	0.0839020365259406	0.015363231995437087	0.22093960112675542	
memory_noise_sd	vertex	94.35294117647058	0.08331757161068594	0.01498340734982803	0.2214013665555798	
memory_noise_sd	vertex	95.23529411764706	0.08272190029448634	0.014510826798074434	0.22052828345946895	
memory_noise_sd	vertex	96.11764705882352	0.08211875822603669	0.014225509635694	0.21933661331406998	
memory_noise_sd	vertex	97.0	0.08151224327327333	0.01386017729697495	0.217931267394849	
memory_noise_sd	vertex	97.88235294117646	0.08090682532396053	0.013459424399265184	0.21698838311485721	
memory_noise_sd	vertex	98.76470588235294	0.08030735718784203	0.013125059534319158	0.21540458402379284	
memory_noise_sd	vertex	99.6470588235294	0.07971908719279604	0.012757150946107743	0.2149615172436979	
memory_noise_sd	vertex	100.52941176470588	0.07914767417218155	0.01234169962819379	0.21484041219261601	
memory_noise_sd	vertex	101.41176470588235	0.0785992056500517	0.011908853139411566	0.2149325032964883	
memory_noise_sd	vertex	102.29411764705883	0.07808022014284204	0.011469056276415264	0.21462111168026496	
memory_noise_sd	vertex	103.17647058823529	0.07759773460707414	0.011015225702432562	0.21474532522042633	
memory_noise_sd	vertex	104.05882352941177	0.07715927816799967	0.010570643430436436	0.2160677307849899	
memory_noise_sd	vertex	104.94117647058823	0.07677293335702401	0.01010104937082912	0.2170675239947966	
memory_noise_sd	vertex	105.8235294117647	0.07644738615676765	0.009656684345842399	0.2185746572903585	
memory_noise_sd	vertex	106.70588235294117	0.07619198618770162	0.00916698340484	0.2207848169978595	
memory_noise_sd	vertex	107.58823529411764	0.07601681835020943	0.008798998536655533	0.22327407962137233	
memory_noise_sd	vertex	108.47058823529412	0.07593278713364322	0.00827391782022749	0.2265305891573946	
memory_noise_sd	vertex	109.35294117647058	0.07595171458427454	0.007804397597427957	0.23037115981465678	
memory_noise_sd	vertex	110.23529411764706	0.07608645254266747	0.007314533364432099	0.23657695354772937	
memory_noise_sd	vertex	111.11764705882352	0.0763510091682218	0.006806856957604119	0.24303932815545526	
memory_noise_sd	vertex	112.0	0.0767606889161832	0.006282964933574901	0.25282360686878497	
memory_noise_sd	ips - vertex	7.0	0.018397397724149438	-0.028485617817477053	0.10173259408555406	
memory_noise_sd	ips - vertex	7.882352941176471	0.022379788429751066	-0.019518029499411733	0.09378520717711014	
memory_noise_sd	ips - vertex	8.764705882352942	0.027007839076589903	-0.011215392094937186	0.09001516156233681	
memory_noise_sd	ips - vertex	9.647058823529411	0.03210201622977841	-0.004705932133490497	0.09044986014194	
memory_noise_sd	ips - vertex	10.529411764705882	0.03738214939370827	0.00015092423361954746	0.09429885660521245	
memory_noise_sd	ips - vertex	11.411764705882353	0.04250884450467176	0.003293765495390379	0.09972349316704343	
memory_noise_sd	ips - vertex	12.294117647058822	0.04714451955160607	0.0046685772306326746	0.10718866168698955	
memory_noise_sd	ips - vertex	13.176470588235293	0.05101387175371529	0.004755254216551307	0.11499272723971841	
memory_noise_sd	ips - vertex	14.058823529411764	0.053944394396155566	0.0041368445537262105	0.12144295792920502	
memory_noise_sd	ips - vertex	14.941176470588236	0.055878687007455574	0.00340254444669761	0.12600069358618382	
memory_noise_sd	ips - vertex	15.823529411764707	0.056862593569877495	0.0030673433397332534	0.128139865402347	
memory_noise_sd	ips - vertex	16.705882352941174	0.05701947392943194	0.002880589278465409	0.12694387737237628	
memory_noise_sd	ips - vertex	17.588235294117645	0.056520688563519286	0.003190250060140211	0.12464262860027735	
memory_noise_sd	ips - vertex	18.470588235294116	0.05555905846638595	0.003964470645017955	0.12074130923629733	
memory_noise_sd	ips - vertex	19.352941176470587	0.054328656028572564	0.004593496729758707	0.1160732646332109	
memory_noise_sd	ips - vertex	20.235294117647058	0.05301142957120976	0.005409814934653743	0.11157936605919029	
memory_noise_sd	ips - vertex	21.11764705882353	0.05172053132641332	0.00618981479775685	0.10740775731766009	
memory_noise_sd	ips - vertex	22.0	0.05046430338182847	0.006647585975258885	0.10344685374574714	
memory_noise_sd	ips - vertex	22.88235294117647	0.0492404321486714	0.0070801051677230956	0.10027179719359014	
memory_noise_sd	ips - vertex	23.764705882352942	0.0480468928548318	0.007081396458830178	0.09704573596090796	
memory_noise_sd	ips - vertex	24.647058823529413	0.046881918728628055	0.0068896773594038715	0.09430565205909472	
memory_noise_sd	ips - vertex	25.52941176470588	0.04574397178868166	0.00656466364428175	0.092048929810531	
memory_noise_sd	ips - vertex	26.41176470588235	0.04463171541613372	0.00617297744918238	0.0899595410171212	
memory_noise_sd	ips - vertex	27.294117647058822	0.043543988824524926	0.005804753858659521	0.08833670575889889	
memory_noise_sd	ips - vertex	28.176470588235293	0.0424797834932741	0.004968477687685756	0.08662335055998364	
memory_noise_sd	ips - vertex	29.058823529411764	0.041438221590679745	0.0038056368622892195	0.08499921767708991	
memory_noise_sd	ips - vertex	29.941176470588236	0.04041853637994764	0.002738891758171246	0.0836033268161408	
memory_noise_sd	ips - vertex	30.823529411764707	0.03942005457554426	0.0015057927105116221	0.08226144419522015	
memory_noise_sd	ips - vertex	31.705882352941174	0.03844218059616	0.00023391614531207116	0.08143539483007169	
memory_noise_sd	ips - vertex	32.588235294117645	0.037484382643841796	-0.0008938462517981302	0.08078490222226618	
memory_noise_sd	ips - vertex	33.470588235294116	0.03654618052584014	-0.0020963128895642716	0.08000754086339665	
memory_noise_sd	ips - vertex	34.35294117647059	0.03562713512580494	-0.0034044599717526066	0.07937258960917253	
memory_noise_sd	ips - vertex	35.23529411764706	0.03472683942381144	-0.004652000114398079	0.07875158554502856	
memory_noise_sd	ips - vertex	36.11764705882353	0.033844910959859774	-0.005913670501822338	0.0782919546140045	
memory_noise_sd	ips - vertex	37.0	0.03298098563274481	-0.0075088248498200285	0.07805560854655194	
memory_noise_sd	ips - vertex	37.88235294117647	0.032134712725157194	-0.00895718661943219	0.0779704844168055	
memory_noise_sd	ips - vertex	38.76470588235294	0.03130575104642529	-0.01067199852084969	0.07775137696388244	
memory_noise_sd	ips - vertex	39.64705882352941	0.030493766086093974	-0.012338100943154628	0.07767025132992048	
memory_noise_sd	ips - vertex	40.529411764705884	0.029698428074432258	-0.014102329474089922	0.07760927951394973	
memory_noise_sd	ips - vertex	41.411764705882355	0.028919410849723284	-0.015526125529073296	0.07766810948519912	
memory_noise_sd	ips - vertex	42.294117647058826	0.028156391436647783	-0.016930486121965543	0.07753793731651855	
memory_noise_sd	ips - vertex	43.17647058823529	0.027409050245048524	-0.01855395523043874	0.07751011760100346	
memory_noise_sd	ips - vertex	44.05882352941176	0.026677071803687717	-0.01983750116641159	0.07747904268212165	
memory_noise_sd	ips - vertex	44.94117647058823	0.0259601459491492	-0.021379197884001333	0.07769136511631816	
memory_noise_sd	ips - vertex	45.8235294117647	0.025257969395638267	-0.023138669901682004	0.07769931072991558	
memory_noise_sd	ips - vertex	46.705882352941174	0.02457024761698934	-0.024772442450312994	0.07786229415954522	
memory_noise_sd	ips - vertex	47.588235294117645	0.023896696977583096	-0.02618768209310501	0.0778530409250781	
memory_noise_sd	ips - vertex	48.470588235294116	0.023237047054021055	-0.027850498889114707	0.07781473980288046	
memory_noise_sd	ips - vertex	49.35294117647059	0.02259104309422825	-0.029371813126764346	0.07781636057780804	
memory_noise_sd	ips - vertex	50.23529411764706	0.021958448565098435	-0.030933095957109257	0.07812254194247352	
memory_noise_sd	ips - vertex	51.11764705882353	0.021339047743810163	-0.03264826295715886	0.07830360354522335	
memory_noise_sd	ips - vertex	52.0	0.02073264831151929	-0.03415067386203336	0.07837568808124352	
memory_noise_sd	ips - vertex	52.88235294117647	0.020139083911258675	-0.03551775498848113	0.07836881873119707	
memory_noise_sd	ips - vertex	53.76470588235294	0.01955821663454124	-0.03705693898733554	0.07854999043210158	
memory_noise_sd	ips - vertex	54.64705882352941	0.018989939403429603	-0.03872192161842969	0.07893069253546942	
memory_noise_sd	ips - vertex	55.529411764705884	0.01843417821670196	-0.04043887307446947	0.07883455007248318	
memory_noise_sd	ips - vertex	56.41176470588235	0.017890894230279467	-0.04170674592324819	0.0790608082536851	
memory_noise_sd	ips - vertex	57.29411764705882	0.017360085643351005	-0.04322211184456621	0.07925776368941184	
memory_noise_sd	ips - vertex	58.17647058823529	0.01684178936268705	-0.045084825080042086	0.07938267050753087	
memory_noise_sd	ips - vertex	59.05882352941176	0.01633608241856627	-0.04656918637714645	0.0795030929315985	
memory_noise_sd	ips - vertex	59.94117647058823	0.01584308310662342	-0.048590174420184686	0.07961920024120486	
memory_noise_sd	ips - vertex	60.8235294117647	0.015362951830848605	-0.050038411997586824	0.07980284966956748	
memory_noise_sd	ips - vertex	61.705882352941174	0.014895891623996078	-0.051529637285101945	0.08001622073868396	
memory_noise_sd	ips - vertex	62.588235294117645	0.014442148322896753	-0.053301418766919406	0.07993115512470202	
memory_noise_sd	ips - vertex	63.470588235294116	0.01400201037766289	-0.05505735792539686	0.07982245035561243	
memory_noise_sd	ips - vertex	64.35294117647058	0.013575808275595218	-0.05704978379918308	0.0802233408276075	
memory_noise_sd	ips - vertex	65.23529411764706	0.013163913562821488	-0.05904606156163275	0.08051691568730888	
memory_noise_sd	ips - vertex	66.11764705882354	0.012766737449317892	-0.06115659171465246	0.08136910474579474	
memory_noise_sd	ips - vertex	67.0	0.012384728986057678	-0.06300036734832289	0.0812092603057558	
memory_noise_sd	ips - vertex	67.88235294117646	0.012018372806563978	-0.06446116579074228	0.08142404430263306	
memory_noise_sd	ips - vertex	68.76470588235294	0.0116681864291509	-0.06610718945807297	0.08191086267434176	
memory_noise_sd	ips - vertex	69.64705882352942	0.011334717120565876	-0.06767476723254198	0.08216168554210924	
memory_noise_sd	ips - vertex	70.52941176470588	0.011018538326588435	-0.06930182443471362	0.0822989752397386	
memory_noise_sd	ips - vertex	71.41176470588235	0.01072024568033939	-0.07155994501844286	0.08248850550155279	
memory_noise_sd	ips - vertex	72.29411764705883	0.010440452604555879	-0.07350953056531566	0.08250299733663885	
memory_noise_sd	ips - vertex	73.17647058823529	0.010179785529830208	-0.07499816562875229	0.08294439540911704	
memory_noise_sd	ips - vertex	74.05882352941177	0.009938878756733329	-0.07677719482762344	0.08351976841853366	
memory_noise_sd	ips - vertex	74.94117647058823	0.009718368995761	-0.07869724390506842	0.08406307667288718	
memory_noise_sd	ips - vertex	75.82352941176471	0.009518889625095759	-0.08013364559579472	0.08456416938987658	
memory_noise_sd	ips - vertex	76.70588235294117	0.009341064712195854	-0.08170565179249897	0.08525819300652519	
memory_noise_sd	ips - vertex	77.58823529411765	0.009185502851129979	-0.08276789287476514	0.08563348086585011	
memory_noise_sd	ips - vertex	78.47058823529412	0.009052790873313343	-0.08392202650784862	0.08621989455229341	
memory_noise_sd	ips - vertex	79.35294117647058	0.008943487494800895	-0.08512050955596552	0.08682332438818699	
memory_noise_sd	ips - vertex	80.23529411764706	0.008858116968486112	-0.08638711683981208	0.08741654808095625	
memory_noise_sd	ips - vertex	81.11764705882352	0.008797162814375863	-0.08794928044952315	0.08788711046326665	
memory_noise_sd	ips - vertex	82.0	0.008761061705481183	-0.08931611137036848	0.08846106835268247	
memory_noise_sd	ips - vertex	82.88235294117646	0.008750197590702216	-0.08993390722440586	0.08889126818581192	
memory_noise_sd	ips - vertex	83.76470588235294	0.008764896139275922	-0.09060222183058983	0.08926469038650885	
memory_noise_sd	ips - vertex	84.6470588235294	0.008805419593786884	-0.09096556680326442	0.09009975161987854	
memory_noise_sd	ips - vertex	85.52941176470588	0.008871962120253402	-0.09192473410055078	0.09079930084239901	
memory_noise_sd	ips - vertex	86.41176470588235	0.008964645744210544	-0.0916873533404476	0.09169201260053203	
memory_noise_sd	ips - vertex	87.29411764705883	0.009083516960802746	-0.09213219663581323	0.09220656328187898	
memory_noise_sd	ips - vertex	88.17647058823529	0.009228544104406327	-0.09306922517487203	0.09307807604316427	
memory_noise_sd	ips - vertex	89.05882352941177	0.009399615558931127	-0.09381273934522047	0.09383285878521452	
memory_noise_sd	ips - vertex	89.94117647058823	0.009596538883358374	-0.09421126733644045	0.09509174281701632	
memory_noise_sd	ips - vertex	90.82352941176471	0.00981904091788678	-0.09417496258614835	0.09605408770835114	
memory_noise_sd	ips - vertex	91.70588235294117	0.010066768923879858	-0.0942959452982288	0.09659511529652971	
memory_noise_sd	ips - vertex	92.58823529411764	0.010339292795213227	-0.09495420226588817	0.09793532552456401	
memory_noise_sd	ips - vertex	93.47058823529412	0.010636108359194039	-0.09513155215960657	0.09911398938798502	
memory_noise_sd	ips - vertex	94.35294117647058	0.010956641761564145	-0.09525312326398513	0.10034152246278037	
memory_noise_sd	ips - vertex	95.23529411764706	0.011300254901829813	-0.0954559289972237	0.10148247106907304	
memory_noise_sd	ips - vertex	96.11764705882352	0.011666251851982574	-0.0965767238248041	0.10305112482840238	
memory_noise_sd	ips - vertex	97.0	0.012053886153349699	-0.0971196837381918	0.10461646449675906	
memory_noise_sd	ips - vertex	97.88235294117646	0.012462368842703945	-0.09750129631657123	0.10690270708024485	
memory_noise_sd	ips - vertex	98.76470588235294	0.01289087700982189	-0.09856511030646779	0.10899446158116073	
memory_noise_sd	ips - vertex	99.6470588235294	0.013338562634500747	-0.09927444065651776	0.11140852624926902	
memory_noise_sd	ips - vertex	100.52941176470588	0.013804561391772895	-0.10031842634954706	0.11421320225848486	
memory_noise_sd	ips - vertex	101.41176470588235	0.014288001050012223	-0.1002402700615809	0.1172724152300107	
memory_noise_sd	ips - vertex	102.29411764705883	0.014788009018236832	-0.10040352270499901	0.12082764934303329	
memory_noise_sd	ips - vertex	103.17647058823529	0.015303718526873344	-0.1008230761615505	0.12422900256867919	
memory_noise_sd	ips - vertex	104.05882352941177	0.015834272851692123	-0.10132874954028297	0.1281067730804198	
memory_noise_sd	ips - vertex	104.94117647058823	0.016378826915506177	-0.10216583842970174	0.13165499259830332	
memory_noise_sd	ips - vertex	105.8235294117647	0.01693654552993922	-0.10374753280211509	0.13591175470258923	
memory_noise_sd	ips - vertex	106.70588235294117	0.01750659747586279	-0.10638523848409658	0.14148108000796333	
memory_noise_sd	ips - vertex	107.58823529411764	0.018088144575388508	-0.10892646913737698	0.14662301614281825	
memory_noise_sd	ips - vertex	108.47058823529412	0.018680324895211906	-0.11142245261326512	0.15188229397806113	
memory_noise_sd	ips - vertex	109.35294117647058	0.01928222926208258	-0.11423037424330058	0.1581720119995909	
memory_noise_sd	ips - vertex	110.23529411764706	0.019892870395495563	-0.11755224277391621	0.16560322341795608	
memory_noise_sd	ips - vertex	111.11764705882352	0.020511144206482878	-0.12205497550991708	0.1722914144985399	
memory_noise_sd	ips - vertex	112.0	0.021135783213313795	-0.1273054241763661	0.1816647642708578	
perceptual_noise_sd	ips	7.0	1.8486749095207753	1.4049795709468273	2.3418663931418364	
perceptual_noise_sd	ips	7.882352941176471	1.9561158998268067	1.5313977724821353	2.409434981279779	
perceptual_noise_sd	ips	8.764705882352942	2.0578242380820373	1.6470645696034767	2.4806395236226764	
perceptual_noise_sd	ips	9.647058823529411	2.1536911389454088	1.755200211267272	2.556681476637423	
perceptual_noise_sd	ips	10.529411764705882	2.2437673654620283	1.852087660505448	2.6283549008739477	
perceptual_noise_sd	ips	11.411764705882353	2.32822712090708	1.9429519370488741	2.7068405450662776	
perceptual_noise_sd	ips	12.294117647058822	2.4073395250018597	2.0246502861240647	2.783852278448511	
perceptual_noise_sd	ips	13.176470588235293	2.4814465314918754	2.1005166252414624	2.853592619040626	
perceptual_noise_sd	ips	14.058823529411764	2.5509460254175607	2.170734829492046	2.9239926606299984	
perceptual_noise_sd	ips	14.941176470588236	2.616278961087242	2.2362084725295177	2.9874760844970236	
perceptual_noise_sd	ips	15.823529411764707	2.6779196010916255	2.2972622029044807	3.048859827979828	
perceptual_noise_sd	ips	16.705882352941174	2.736368117442099	2.355069769292848	3.1103326961119597	
perceptual_noise_sd	ips	17.588235294117645	2.79214498935776	2.4091557097701677	3.168036731106354	
perceptual_noise_sd	ips	18.470588235294116	2.8457867714736085	2.460358610639086	3.222517422513711	
perceptual_noise_sd	ips	19.352941176470587	2.8978429134342925	2.510749110351516	3.2748803212866373	
perceptual_noise_sd	ips	20.235294117647058	2.9488715753422934	2.5590588298495818	3.326913943005127	
perceptual_noise_sd	ips	21.11764705882353	2.999251741730606	2.6064440988512767	3.3784356831070035	
perceptual_noise_sd	ips	22.0	3.049018328359115	2.653667065961153	3.4296847450605625	
perceptual_noise_sd	ips	22.88235294117647	3.0981696330202997	2.701250376446898	3.48144843705986	
perceptual_noise_sd	ips	23.764705882352942	3.146704922315767	2.7461517678736964	3.5323860829658797	
perceptual_noise_sd	ips	24.647058823529413	3.194624353506856	2.7924085167238846	3.582983617971842	
perceptual_noise_sd	ips	25.52941176470588	3.2419289025918103	2.8370058288347924	3.6323722388470703	
perceptual_noise_sd	ips	26.41176470588235	3.288620298168823	2.8802671513305236	3.680944824905599	
perceptual_noise_sd	ips	27.294117647058822	3.3347009606614346	2.923576639713338	3.729117273523276	
perceptual_noise_sd	ips	28.176470588235293	3.380173946503328	2.9657511565312604	3.7761604652356167	
perceptual_noise_sd	ips	29.058823529411764	3.425042896901568	3.0082925173052675	3.822015185383425	
perceptual_noise_sd	ips	29.941176470588236	3.469311990819285	3.04976885478449	3.8699566142657966	
perceptual_noise_sd	ips	30.823529411764707	3.5129859018420175	3.0900267380291218	3.9166976157771627	
perceptual_noise_sd	ips	31.705882352941174	3.5560697586147567	3.130598353327859	3.9625457202152568	
perceptual_noise_sd	ips	32.588235294117645	3.5985691085581917	3.1695278293556357	4.007007290974189	
perceptual_noise_sd	ips	33.470588235294116	3.6404898845941505	3.2079774442104765	4.052147378198216	
perceptual_noise_sd	ips	34.35294117647059	3.681838374630917	3.2471328070694865	4.096249377451839	
perceptual_noise_sd	ips	35.23529411764706	3.7226211935777815	3.2848038762212886	4.139921777120262	
perceptual_noise_sd	ips	36.11764705882353	3.762845257676729	3.3219836283318056	4.183533810744959	
perceptual_noise_sd	ips	37.0	3.802517760956711	3.3584284094696946	4.225499942632971	
perceptual_noise_sd	ips	37.88235294117647	3.8416461536297635	3.3940475641941545	4.266361695266168	
perceptual_noise_sd	ips	38.76470588235294	3.8802381222666598	3.429617711571249	4.307905853957967	
perceptual_noise_sd	ips	39.64705882352941	3.9183015715993164	3.4644964913591325	4.348635969101124	
perceptual_noise_sd	ips	40.529411764705884	3.955844607813368	3.4986128667297756	4.389360867497534	
perceptual_noise_sd	ips	41.411764705882355	3.992875523203741	3.5326966004028466	4.430250296683091	
perceptual_noise_sd	ips	42.294117647058826	4.029402782078276	3.5660178390671873	4.47087193131865	
perceptual_noise_sd	ips	43.17647058823529	4.065435007802767	3.599494013176469	4.5095548898115645	
perceptual_noise_sd	ips	44.05882352941176	4.10098097089204	3.6317246538798105	4.548658091555531	
perceptual_noise_sd	ips	44.94117647058823	4.136049578057853	3.6627429245514556	4.586303441703914	
perceptual_noise_sd	ips	45.8235294117647	4.1706498621334624	3.6937920449571466	4.624044604223016	
perceptual_noise_sd	ips	46.705882352941174	4.204790972800785	3.724981672999554	4.661947609938204	
perceptual_noise_sd	ips	47.588235294117645	4.238482168053477	3.75493796913353	4.698608086420444	
perceptual_noise_sd	ips	48.470588235294116	4.271732806333777	3.7847219974002915	4.734869677882357	
perceptual_noise_sd	ips	49.35294117647059	4.30455233928737	3.8138612681300814	4.771394329052692	
perceptual_noise_sd	ips	50.23529411764706	4.336950305085039	3.8423550438833556	4.807659957433822	
perceptual_noise_sd	ips	51.11764705882353	4.368936322264065	3.8699324732925544	4.8427058335250965	
perceptual_noise_sd	ips	52.0	4.400520084046312	3.8974900933942465	4.877523643879697	
perceptual_noise_sd	ips	52.88235294117647	4.431711353094569	3.925592791682467	4.911856068301932	
perceptual_noise_sd	ips	53.76470588235294	4.4625199566707145	3.951428322194073	4.9463310033472565	
perceptual_noise_sd	ips	54.64705882352941	4.492955782163216	3.97840181165674	4.979657028089286	
perceptual_noise_sd	ips	55.529411764705884	4.5230287729544125	4.005865810421416	5.01255681738908	
perceptual_noise_sd	ips	56.41176470588235	4.552748924599164	4.032658830921717	5.045597639507912	
perceptual_noise_sd	ips	57.29411764705882	4.5821262812913055	4.05893533389148	5.079284599457316	
perceptual_noise_sd	ips	58.17647058823529	4.611170932593882	4.084077979815467	5.111648971467232	
perceptual_noise_sd	ips	59.05882352941176	4.639893010412069	4.10854104294002	5.143049348367866	
perceptual_noise_sd	ips	59.94117647058823	4.6683026861910335	4.1333558647198565	5.174978781657091	
perceptual_noise_sd	ips	60.8235294117647	4.69641016831855	4.157747203109839	5.206008775946185	
perceptual_noise_sd	ips	61.705882352941174	4.724225699719262	4.181864668611812	5.238152609221708	
perceptual_noise_sd	ips	62.588235294117645	4.751759555622871	4.205743971856582	5.269476436270711	
perceptual_noise_sd	ips	63.470588235294116	4.7790220414947635	4.229357383252323	5.300603790633731	
perceptual_noise_sd	ips	64.35294117647058	4.80602349111559	4.254030772784095	5.331946584116287	
perceptual_noise_sd	ips	65.23529411764706	4.832774264798477	4.278031928430129	5.362807325976268	
perceptual_noise_sd	ips	66.11764705882354	4.859284747733281	4.301088361021348	5.392559732136372	
perceptual_noise_sd	ips	67.0	4.88556534844864	4.324727070410727	5.421824461435438	
perceptual_noise_sd	ips	67.88235294117646	4.911626497382071	4.347370433573519	5.450831469724071	
perceptual_noise_sd	ips	68.76470588235294	4.93747864555083	4.370336253208133	5.480090175931402	
perceptual_noise_sd	ips	69.64705882352942	4.963132263315436	4.3932103179926045	5.508693985813675	
perceptual_noise_sd	ips	70.52941176470588	4.9885978392288735	4.415781840024491	5.5374731265949055	
perceptual_noise_sd	ips	71.41176470588235	5.013885878965171	4.438069557058371	5.565143360377169	
perceptual_noise_sd	ips	72.29411764705883	5.039006904321821	4.461342777053017	5.592438008087032	
perceptual_noise_sd	ips	73.17647058823529	5.063971452289754	4.483675237972861	5.6209167189954234	
perceptual_noise_sd	ips	74.05882352941177	5.088790074186562	4.506316225214423	5.648001388659519	
perceptual_noise_sd	ips	74.94117647058823	5.1134733348478525	4.528490087589671	5.67472722271002	
perceptual_noise_sd	ips	75.82352941176471	5.138031811872864	4.550435034458766	5.702223564922352	
perceptual_noise_sd	ips	76.70588235294117	5.162476094919839	4.572304904681396	5.7290687387321215	
perceptual_noise_sd	ips	77.58823529411765	5.186816785047633	4.595517136668225	5.755474092281234	
perceptual_noise_sd	ips	78.47058823529412	5.211064494100532	4.617729787599612	5.7823430067451165	
perceptual_noise_sd	ips	79.35294117647058	5.235229844132671	4.639905427990475	5.8094952543935	
perceptual_noise_sd	ips	80.23529411764706	5.259323466869042	4.662637938543592	5.836089075592678	
perceptual_noise_sd	ips	81.11764705882352	5.283356003200696	4.685129206266379	5.8622311677802035	
perceptual_noise_sd	ips	82.0	5.307338102711633	4.706619618050683	5.888159088238995	
perceptual_noise_sd	ips	82.88235294117646	5.331280423234532	4.729284850042971	5.914136830975635	
perceptual_noise_sd	ips	83.76470588235294	5.355193630433743	4.750722069024476	5.940426139923382	
perceptual_noise_sd	ips	84.6470588235294	5.379088397413031	4.772955632039795	5.966423529375433	
perceptual_noise_sd	ips	85.52941176470588	5.402975404346627	4.795813594098874	5.990986853717896	
perceptual_noise_sd	ips	86.41176470588235	5.4268653381312095	4.818259167826467	6.016840888383537	
perceptual_noise_sd	ips	87.29411764705883	5.450768892058001	4.840621964841377	6.042884604568553	
perceptual_noise_sd	ips	88.17647058823529	5.474696765502882	4.8635115446045925	6.067929171740027	
perceptual_noise_sd	ips	89.05882352941177	5.498659663632851	4.88649233633466	6.092725191664318	
perceptual_noise_sd	ips	89.94117647058823	5.522668297128681	4.909726771685011	6.118626671733041	
perceptual_noise_sd	ips	90.82352941176471	5.546733381921209	4.933475190136472	6.144723376103937	
perceptual_noise_sd	ips	91.70588235294117	5.570865638940822	4.955481251928793	6.1697621630701995	
perceptual_noise_sd	ips	92.58823529411764	5.595075793879331	4.9773529898632125	6.1952947614252665	
perceptual_noise_sd	ips	93.47058823529412	5.619374576962408	5.002417342768656	6.219143927119049	
perceptual_noise_sd	ips	94.35294117647058	5.643772722732694	5.025745236046419	6.24593298649004	
perceptual_noise_sd	ips	95.23529411764706	5.668280969841958	5.047672072911569	6.271761244221543	
perceptual_noise_sd	ips	96.11764705882352	5.692910060851859	5.071118298132334	6.296947634756316	
perceptual_noise_sd	ips	97.0	5.717670742042844	5.095906499965296	6.322781829498716	
perceptual_noise_sd	ips	97.88235294117646	5.742573763230069	5.118028252429575	6.347119095873517	
perceptual_noise_sd	ips	98.76470588235294	5.767629877586059	5.141656725588876	6.3720960849325055	
perceptual_noise_sd	ips	99.6470588235294	5.792849841469574	5.16532371294419	6.398790852751352	
perceptual_noise_sd	ips	100.52941176470588	5.818244414259921	5.1904348672871885	6.424431853070121	
perceptual_noise_sd	ips	101.41176470588235	5.8438243581970895	5.215935782542891	6.449855102777051	
perceptual_noise_sd	ips	102.29411764705883	5.869600438225837	5.241170600077599	6.474032583919532	
perceptual_noise_sd	ips	103.17647058823529	5.895583421844905	5.265764965879135	6.500916143926436	
perceptual_noise_sd	ips	104.05882352941177	5.921784078960634	5.291111416221443	6.529053882067825	
perceptual_noise_sd	ips	104.94117647058823	5.948213181743698	5.317605519345706	6.557928653352152	
perceptual_noise_sd	ips	105.8235294117647	5.974881504490351	5.3430422360025505	6.587488436871022	
perceptual_noise_sd	ips	106.70588235294117	6.001799823487	5.3709703127698	6.61795786413302	
perceptual_noise_sd	ips	107.58823529411764	6.028978916878008	5.399113812555075	6.647979082644183	
perceptual_noise_sd	ips	108.47058823529412	6.056429564536892	5.425878126240042	6.6786206118538	
perceptual_noise_sd	ips	109.35294117647058	6.0841625479407595	5.452342948429321	6.70809958644646	
perceptual_noise_sd	ips	110.23529411764706	6.112188650048064	5.479917850241213	6.73708777274532	
perceptual_noise_sd	ips	111.11764705882352	6.140518655178677	5.504951870892311	6.769309197978201	
perceptual_noise_sd	ips	112.0	6.169163348898225	5.530893280611124	6.803529705190012	
perceptual_noise_sd	vertex	7.0	1.491926766800476	1.184468600932863	1.8442351690836152	
perceptual_noise_sd	vertex	7.882352941176471	1.6235710066374685	1.3275356623731382	1.9464170131133327	
perceptual_noise_sd	vertex	8.764705882352942	1.7473572069624839	1.4546228624055901	2.05348552194156	
perceptual_noise_sd	vertex	9.647058823529411	1.8626208434418094	1.56763607608933	2.160719785939947	
perceptual_noise_sd	vertex	10.529411764705882	1.9691110404891752	1.672363608771991	2.266535932983692	
perceptual_noise_sd	vertex	11.411764705882353	2.066894139819334	1.7647436708764548	2.3709876364277025	
perceptual_noise_sd	vertex	12.294117647058822	2.1562755977884915	1.8472511887490217	2.465756874246497	
perceptual_noise_sd	vertex	13.176470588235293	2.2377395373200097	1.9238352683604119	2.556061945443232	
perceptual_noise_sd	vertex	14.058823529411764	2.311903132083969	1.991387132797514	2.6384304657064175	
perceptual_noise_sd	vertex	14.941176470588236	2.379482648125104	2.0525454856375376	2.7135856347478504	
perceptual_noise_sd	vertex	15.823529411764707	2.4412683356656433	2.11012393894518	2.7819444175066663	
perceptual_noise_sd	vertex	16.705882352941174	2.4981059277726976	2.164072278103331	2.842485528549421	
perceptual_noise_sd	vertex	17.588235294117645	2.5508830445233395	2.213224375943894	2.898564587996549	
perceptual_noise_sd	vertex	18.470588235294116	2.600519249288612	2.2605557653223842	2.9500557634222937	
perceptual_noise_sd	vertex	19.352941176470587	2.6479588480198237	2.306035892158682	2.99895544531082	
perceptual_noise_sd	vertex	20.235294117647058	2.694162650329903	2.350142461319679	3.046655047008857	
perceptual_noise_sd	vertex	21.11764705882353	2.7397841099062856	2.3937401443644966	3.0934789015538193	
perceptual_noise_sd	vertex	22.0	2.7848845994424725	2.437089916076442	3.1403276488740612	
perceptual_noise_sd	vertex	22.88235294117647	2.829461714437248	2.4797151605146075	3.187860535268918	
perceptual_noise_sd	vertex	23.764705882352942	2.8735139718178377	2.5207822574792864	3.232290060375399	
perceptual_noise_sd	vertex	24.647058823529413	2.9170407415238895	2.5617841158319004	3.2781759031599673	
perceptual_noise_sd	vertex	25.52941176470588	2.960042182980074	2.602104963299913	3.323190487695394	
perceptual_noise_sd	vertex	26.41176470588235	3.0025191861744274	2.6420840697085475	3.368560934817253	
perceptual_noise_sd	vertex	27.294117647058822	3.0444733170609797	2.681504898183801	3.413036985001975	
perceptual_noise_sd	vertex	28.176470588235293	3.0859067670109335	2.719554506345987	3.4565309720900523	
perceptual_noise_sd	vertex	29.058823529411764	3.126822306044889	2.757421650301257	3.5005970535480193	
perceptual_noise_sd	vertex	29.941176470588236	3.167223239587897	2.795355852041248	3.54343791543702	
perceptual_noise_sd	vertex	30.823529411764707	3.207113368501676	2.83226567138786	3.58602348835755	
perceptual_noise_sd	vertex	31.705882352941174	3.2464969521596925	2.8690410595870715	3.6289077638653207	
perceptual_noise_sd	vertex	32.588235294117645	3.2853786743438063	2.9055781598378094	3.671221376670235	
perceptual_noise_sd	vertex	33.470588235294116	3.3237636117543348	2.9410344001563646	3.7133605628791266	
perceptual_noise_sd	vertex	34.35294117647059	3.3616572049384836	2.975588910019824	3.755637617835889	
perceptual_noise_sd	vertex	35.23529411764706	3.399065231453303	3.0096413088431015	3.795831942783333	
perceptual_noise_sd	vertex	36.11764705882353	3.435993781094163	3.0436497183066566	3.8361884354215574	
perceptual_noise_sd	vertex	37.0	3.4724492330287386	3.076291617340413	3.876420545056201	
perceptual_noise_sd	vertex	37.88235294117647	3.5084382346897844	3.109263410485142	3.91581128323161	
perceptual_noise_sd	vertex	38.76470588235294	3.543967682290025	3.140829206604035	3.9547677815841196	
perceptual_noise_sd	vertex	39.64705882352941	3.579044702831965	3.1722555936757937	3.994231102334521	
perceptual_noise_sd	vertex	40.529411764705884	3.6136766374965292	3.2036157663754534	4.0317135518453915	
perceptual_noise_sd	vertex	41.411764705882355	3.6478710263012313	3.234458169969186	4.0693606088266705	
perceptual_noise_sd	vertex	42.294117647058826	3.6816355939289576	3.264703253830097	4.10638404507323	
perceptual_noise_sd	vertex	43.17647058823529	3.7149782366348436	3.2934396075930574	4.144941233495863	
perceptual_noise_sd	vertex	44.05882352941176	3.7479070101464385	3.323855281650982	4.1802141905648575	
perceptual_noise_sd	vertex	44.94117647058823	3.7804301184788134	3.3526813549276953	4.215671355692612	
perceptual_noise_sd	vertex	45.8235294117647	3.8125559035933803	3.3816010490554116	4.251359677379707	
perceptual_noise_sd	vertex	46.705882352941174	3.8442928358328974	3.4104039785923015	4.287253166100966	
perceptual_noise_sd	vertex	47.588235294117645	3.875649505072755	3.438213626975907	4.3224078386425555	
perceptual_noise_sd	vertex	48.470588235294116	3.906634612532566	3.4667202124003285	4.357860245762685	
perceptual_noise_sd	vertex	49.35294117647059	3.9372569631951717	3.4939905560928937	4.3929843743205685	
perceptual_noise_sd	vertex	50.23529411764706	3.9675254587871915	3.5210328837267686	4.42657634730711	
perceptual_noise_sd	vertex	51.11764705882353	3.9974490912765637	3.546367922947573	4.459772805515887	
perceptual_noise_sd	vertex	52.0	4.027036936847329	3.5725702003805315	4.493730088415286	
perceptual_noise_sd	vertex	52.88235294117647	4.056298150314581	3.5984515802209143	4.5271991304968076	
perceptual_noise_sd	vertex	53.76470588235294	4.0852419599456	3.6242162409805707	4.559783041420023	
perceptual_noise_sd	vertex	54.64705882352941	4.113877662656546	3.649156754659115	4.591044020891167	
perceptual_noise_sd	vertex	55.529411764705884	4.142214619555081	3.673719004667769	4.622891634613356	
perceptual_noise_sd	vertex	56.41176470588235	4.170262251803215	3.6983274191568465	4.653150033315528	
perceptual_noise_sd	vertex	57.29411764705882	4.198030036775877	3.7218503737666726	4.683520860107418	
perceptual_noise_sd	vertex	58.17647058823529	4.225527504492556	3.7449576396659405	4.714881020673931	
perceptual_noise_sd	vertex	59.05882352941176	4.25276423430189	3.7689925860776348	4.745801650415155	
perceptual_noise_sd	vertex	59.94117647058823	4.279749851799942	3.7929640512388594	4.775657265490082	
perceptual_noise_sd	vertex	60.8235294117647	4.306494025964476	3.8167842855830867	4.805773633190632	
perceptual_noise_sd	vertex	61.705882352941174	4.333006466489456	3.838949662442117	4.835644645242688	
perceptual_noise_sd	vertex	62.588235294117645	4.359296921305171	3.861623456096876	4.865690999951704	
perceptual_noise_sd	vertex	63.470588235294116	4.385375174269118	3.8848662788652515	4.8945585221936145	
perceptual_noise_sd	vertex	64.35294117647058	4.41125104301641	3.907919084340384	4.924204417546563	
perceptual_noise_sd	vertex	65.23529411764706	4.436934376957222	3.9300440900970024	4.953624058696013	
perceptual_noise_sd	vertex	66.11764705882354	4.462435055410664	3.9524447152791597	4.982283629753436	
perceptual_noise_sd	vertex	67.0	4.487762985864857	3.973916254795609	5.010280210406915	
perceptual_noise_sd	vertex	67.88235294117646	4.512928102354768	3.9960029323126793	5.038814821678527	
perceptual_noise_sd	vertex	68.76470588235294	4.537940363948376	4.018775042883103	5.068806381866771	
perceptual_noise_sd	vertex	69.64705882352942	4.562809753333638	4.041117901745085	5.096707274097028	
perceptual_noise_sd	vertex	70.52941176470588	4.587546275499493	4.063701528382818	5.122576455152183	
perceptual_noise_sd	vertex	71.41176470588235	4.612159956502978	4.084699935271568	5.150646756730355	
perceptual_noise_sd	vertex	72.29411764705883	4.636660842317292	4.106192676272969	5.178905167927994	
perceptual_noise_sd	vertex	73.17647058823529	4.661058997754467	4.128345158090045	5.207379151897155	
perceptual_noise_sd	vertex	74.05882352941177	4.685364505457131	4.150338161224318	5.234912863154743	
perceptual_noise_sd	vertex	74.94117647058823	4.709587464955063	4.172443289278646	5.2620921603682245	
perceptual_noise_sd	vertex	75.82352941176471	4.733737991780581	4.193820650863782	5.289195160783801	
perceptual_noise_sd	vertex	76.70588235294117	4.757826216640142	4.21502304936683	5.315540002676787	
perceptual_noise_sd	vertex	77.58823529411765	4.781862284636478	4.237219471440519	5.343281640990351	
perceptual_noise_sd	vertex	78.47058823529412	4.805856354538732	4.2586531014587905	5.368426147380211	
perceptual_noise_sd	vertex	79.35294117647058	4.829818598096505	4.279511848221117	5.395947804392708	
perceptual_noise_sd	vertex	80.23529411764706	4.853759199394881	4.300364080446881	5.423334592577172	
perceptual_noise_sd	vertex	81.11764705882352	4.877688354246794	4.321372297535146	5.4499820830469625	
perceptual_noise_sd	vertex	82.0	4.901616269621138	4.343420425365535	5.476109797182715	
perceptual_noise_sd	vertex	82.88235294117646	4.925553163102493	4.364704148025389	5.501379489334602	
perceptual_noise_sd	vertex	83.76470588235294	4.949509262381493	4.387180491389721	5.527105563740692	
perceptual_noise_sd	vertex	84.6470588235294	4.973494804772156	4.409744295945164	5.552707862888149	
perceptual_noise_sd	vertex	85.52941176470588	4.997520036755552	4.431943513130896	5.578481787613318	
perceptual_noise_sd	vertex	86.41176470588235	5.02159521354628	4.454894573369385	5.6053266565979945	
perceptual_noise_sd	vertex	87.29411764705883	5.045730598681319	4.4773413296173645	5.630622869679736	
perceptual_noise_sd	vertex	88.17647058823529	5.069936463628536	4.499490484465138	5.656378370069414	
perceptual_noise_sd	vertex	89.05882352941177	5.094223087413944	4.52313495274185	5.68121391136078	
perceptual_noise_sd	vertex	89.94117647058823	5.118600756265711	4.54526955825537	5.708578276040899	
perceptual_noise_sd	vertex	90.82352941176471	5.143079763274017	4.569083928502665	5.735222957469154	
perceptual_noise_sd	vertex	91.70588235294117	5.167670408065217	4.592320589016122	5.761880880773908	
perceptual_noise_sd	vertex	92.58823529411764	5.192382996489311	4.615478677420515	5.788068198664953	
perceptual_noise_sd	vertex	93.47058823529412	5.217227840319403	4.638575520303756	5.8140722163591825	
perceptual_noise_sd	vertex	94.35294117647058	5.242215256962665	4.66119950196611	5.839940448616113	
perceptual_noise_sd	vertex	95.23529411764706	5.2673555691813085	4.684574279174266	5.866054585625981	
perceptual_noise_sd	vertex	96.11764705882352	5.292659104823252	4.709051884774911	5.892678829728728	
perceptual_noise_sd	vertex	97.0	5.3181361965614595	4.732648291499848	5.921619682784222	
perceptual_noise_sd	vertex	97.88235294117646	5.343797181641407	4.7577904639685515	5.949108861994609	
perceptual_noise_sd	vertex	98.76470588235294	5.369652401636059	4.783200803467619	5.976771204536875	
perceptual_noise_sd	vertex	99.6470588235294	5.395712202207793	4.808638259995192	6.0055545042488285	
perceptual_noise_sd	vertex	100.52941176470588	5.421986932877173	4.833355807595203	6.032390619565229	
perceptual_noise_sd	vertex	101.41176470588235	5.448486946797007	4.85825550030768	6.062530617517405	
perceptual_noise_sd	vertex	102.29411764705883	5.47522260053345	4.884375610943926	6.090914228425954	
perceptual_noise_sd	vertex	103.17647058823529	5.502204253851714	4.909764125480873	6.119717692435603	
perceptual_noise_sd	vertex	104.05882352941177	5.5294422695070065	4.9361835198966535	6.148320195212537	
perceptual_noise_sd	vertex	104.94117647058823	5.55694701304132	4.961829277923746	6.179257891948521	
perceptual_noise_sd	vertex	105.8235294117647	5.584728852584589	4.989075819410074	6.20967298216716	
perceptual_noise_sd	vertex	106.70588235294117	5.612798158660715	5.014735667475961	6.241017292870547	
perceptual_noise_sd	vertex	107.58823529411764	5.641165303998843	5.040850363480461	6.27242426017668	
perceptual_noise_sd	vertex	108.47058823529412	5.6698406633489355	5.068418447579956	6.306749244292246	
perceptual_noise_sd	vertex	109.35294117647058	5.698834613302657	5.094307325110125	6.339640264781689	
perceptual_noise_sd	vertex	110.23529411764706	5.728157532118693	5.119045141948402	6.377047615160162	
perceptual_noise_sd	vertex	111.11764705882352	5.757819799553293	5.142230184549101	6.4153146494812185	
perceptual_noise_sd	vertex	112.0	5.787831796695919	5.168818388362603	6.451896585942067	
perceptual_noise_sd	ips - vertex	7.0	0.35674814272031224	0.10929167653723416	0.6707489455127751	
perceptual_noise_sd	ips - vertex	7.882352941176471	0.3325448931893415	0.11271526374625035	0.6038170592141722	
perceptual_noise_sd	ips - vertex	8.764705882352942	0.310467031119531	0.11417987999769282	0.549269636970094	
perceptual_noise_sd	ips - vertex	9.647058823529411	0.29107029550359625	0.10920070351677685	0.5094642389913482	
perceptual_noise_sd	ips - vertex	10.529411764705882	0.27465632497284476	0.10107612634195101	0.47902825212169703	
perceptual_noise_sd	ips - vertex	11.411764705882353	0.26133298108774	0.09100844974786228	0.45850906402842406	
perceptual_noise_sd	ips - vertex	12.294117647058822	0.251063927213398	0.08137783803476914	0.4438173337295825	
perceptual_noise_sd	ips - vertex	13.176470588235293	0.24370699417188538	0.07221086578144062	0.43472514630756715	
perceptual_noise_sd	ips - vertex	14.058823529411764	0.23904289333358256	0.06544578402968493	0.4307505624171035	
perceptual_noise_sd	ips - vertex	14.941176470588236	0.23679631296215156	0.0602233024455302	0.42919095861785655	
perceptual_noise_sd	ips - vertex	15.823529411764707	0.23665126542597972	0.057779250091378076	0.4299159689646535	
perceptual_noise_sd	ips - vertex	16.705882352941174	0.23826218966939028	0.058164544781063886	0.4325901601057189	
perceptual_noise_sd	ips - vertex	17.588235294117645	0.24126194483441205	0.06048511845852263	0.43617288287115125	
perceptual_noise_sd	ips - vertex	18.470588235294116	0.24526752218498782	0.06389655256117065	0.4407442271095774	
perceptual_noise_sd	ips - vertex	19.352941176470587	0.24988406541446162	0.06733835207933828	0.4449295196411541	
perceptual_noise_sd	ips - vertex	20.235294117647058	0.25470892501239634	0.07175628943101292	0.45027624620612033	
perceptual_noise_sd	ips - vertex	21.11764705882353	0.25946763182433175	0.07567772639262091	0.45614259533190993	
perceptual_noise_sd	ips - vertex	22.0	0.2641337289166165	0.07901699361436636	0.4620110150298109	
perceptual_noise_sd	ips - vertex	22.88235294117647	0.2687079185830474	0.08274894217676257	0.46773632434265905	
perceptual_noise_sd	ips - vertex	23.764705882352942	0.2731909504979581	0.08564639286415086	0.4731203911892144	
perceptual_noise_sd	ips - vertex	24.647058823529413	0.2775836119829995	0.08854994417527261	0.4791745536293937	
perceptual_noise_sd	ips - vertex	25.52941176470588	0.28188671961175155	0.09064600047418896	0.48541668616018446	
perceptual_noise_sd	ips - vertex	26.41176470588235	0.2861011119944022	0.09274815174547976	0.4908492902732456	
perceptual_noise_sd	ips - vertex	27.294117647058822	0.29022764360045733	0.09493564371749555	0.49726611472935234	
perceptual_noise_sd	ips - vertex	28.176470588235293	0.29426717949239245	0.0973653965988623	0.5043742827426827	
perceptual_noise_sd	ips - vertex	29.058823529411764	0.298220590856708	0.09913584872539824	0.5101265949853714	
perceptual_noise_sd	ips - vertex	29.941176470588236	0.30208875123139967	0.10172485840840469	0.5150899230408615	
perceptual_noise_sd	ips - vertex	30.823529411764707	0.3058725333403125	0.10374458123959926	0.5199433568249084	
perceptual_noise_sd	ips - vertex	31.705882352941174	0.30957280645504015	0.1059021788236316	0.525377943327111	
perceptual_noise_sd	ips - vertex	32.588235294117645	0.3131904342143961	0.10780170386709724	0.5310873642952695	
perceptual_noise_sd	ips - vertex	33.470588235294116	0.3167262728398231	0.10972643873950426	0.5373942349776597	
perceptual_noise_sd	ips - vertex	34.35294117647059	0.3201811696924794	0.11097640579225349	0.5427582930817897	
perceptual_noise_sd	ips - vertex	35.23529411764706	0.3235559621244765	0.1127154560525417	0.5482794189510235	
perceptual_noise_sd	ips - vertex	36.11764705882353	0.3268514765825969	0.11376647804030855	0.5539904528244486	
perceptual_noise_sd	ips - vertex	37.0	0.3300685279279664	0.11427731908340166	0.5598576525772087	
perceptual_noise_sd	ips - vertex	37.88235294117647	0.3332079189399706	0.11583985690568001	0.5651619272258253	
perceptual_noise_sd	ips - vertex	38.76470588235294	0.33627043997664025	0.11703139891036037	0.5698062442976671	
perceptual_noise_sd	ips - vertex	39.64705882352941	0.3392568687673337	0.11797794513687607	0.5741440666096942	
perceptual_noise_sd	ips - vertex	40.529411764705884	0.34216797031682455	0.11974349855272375	0.5789399962248043	
perceptual_noise_sd	ips - vertex	41.411764705882355	0.3450044969025547	0.1212543313144972	0.5829706098574458	
perceptual_noise_sd	ips - vertex	42.294117647058826	0.3477671881493411	0.12167542134336073	0.5864330854783493	
perceptual_noise_sd	ips - vertex	43.17647058823529	0.35045677116791374	0.12210715822897421	0.5904602996611924	
perceptual_noise_sd	ips - vertex	44.05882352941176	0.35307396074560754	0.12279021336242145	0.5942419521323762	
perceptual_noise_sd	ips - vertex	44.94117647058823	0.3556194595790136	0.12358660172264144	0.5984686382824185	
perceptual_noise_sd	ips - vertex	45.8235294117647	0.3580939585400497	0.12455001781886318	0.6028951953063092	
perceptual_noise_sd	ips - vertex	46.705882352941174	0.3604981369679217	0.12478546700986189	0.6068908856429788	
perceptual_noise_sd	ips - vertex	47.588235294117645	0.362832662980718	0.125237125268673	0.6109616963544463	
perceptual_noise_sd	ips - vertex	48.470588235294116	0.36509819380118436	0.1267990806480154	0.6154412827656783	
perceptual_noise_sd	ips - vertex	49.35294117647059	0.367295376092182	0.12678129195049187	0.6198482625826784	
perceptual_noise_sd	ips - vertex	50.23529411764706	0.369424846297873	0.12823843583759448	0.6231809168414179	
perceptual_noise_sd	ips - vertex	51.11764705882353	0.3714872309874967	0.12869599399467505	0.6271963445206936	
perceptual_noise_sd	ips - vertex	52.0	0.37348314719895687	0.12862036776715943	0.6309471713281274	
perceptual_noise_sd	ips - vertex	52.88235294117647	0.3754132027799861	0.12892970141457571	0.6344021312051233	
perceptual_noise_sd	ips - vertex	53.76470588235294	0.37727799672508655	0.1293328627488986	0.6376694391000925	
perceptual_noise_sd	ips - vertex	54.64705882352941	0.37907811950667747	0.12917767750834364	0.6414142640130721	
perceptual_noise_sd	ips - vertex	55.529411764705884	0.38081415339930597	0.12878152898654877	0.6443802635169741	
perceptual_noise_sd	ips - vertex	56.41176470588235	0.382486672795907	0.12847669208444248	0.6473383114493054	
perceptual_noise_sd	ips - vertex	57.29411764705882	0.3840962445154393	0.1271743044948038	0.6507779704862114	
perceptual_noise_sd	ips - vertex	58.17647058823529	0.38564342810131186	0.12775324675473318	0.653312607751046	
perceptual_noise_sd	ips - vertex	59.05882352941176	0.3871287761102084	0.12748907813139204	0.6558122581747725	
perceptual_noise_sd	ips - vertex	59.94117647058823	0.38855283439107696	0.12680441812340373	0.6583032199451542	
perceptual_noise_sd	ips - vertex	60.8235294117647	0.3899161423541238	0.12671311046610773	0.6614841064370899	
perceptual_noise_sd	ips - vertex	61.705882352941174	0.39121923322977664	0.1264947547269402	0.66469248803396	
perceptual_noise_sd	ips - vertex	62.588235294117645	0.3924626343176427	0.1262573061293116	0.6672075844202775	
perceptual_noise_sd	ips - vertex	63.470588235294116	0.39364686722561676	0.12564373833148584	0.6691225397622851	
perceptual_noise_sd	ips - vertex	64.35294117647058	0.3947724480991803	0.1247514792364505	0.6715061049630987	
perceptual_noise_sd	ips - vertex	65.23529411764706	0.39583988784124446	0.12385735980521433	0.6734861281254144	
perceptual_noise_sd	ips - vertex	66.11764705882354	0.39684969232267503	0.12328138558359515	0.6759393710758987	
perceptual_noise_sd	ips - vertex	67.0	0.39780236258381513	0.12188222121419041	0.6779202531976739	
perceptual_noise_sd	ips - vertex	67.88235294117646	0.3986983950273071	0.1213517232989255	0.6801637021607729	
perceptual_noise_sd	ips - vertex	68.76470588235294	0.3995382816025035	0.12091584074356265	0.6819613885026011	
perceptual_noise_sd	ips - vertex	69.64705882352942	0.4003225099818118	0.11962625443931255	0.6836548492881572	
perceptual_noise_sd	ips - vertex	70.52941176470588	0.4010515637293547	0.11913367402767282	0.6855944252252273	
perceptual_noise_sd	ips - vertex	71.41176470588235	0.40172592246217415	0.11833573813464944	0.6877286958055281	
perceptual_noise_sd	ips - vertex	72.29411764705883	0.402346062004509	0.11701347089262482	0.6908261685048811	
perceptual_noise_sd	ips - vertex	73.17647058823529	0.4029124545352858	0.11613502266246752	0.69229727876402	
perceptual_noise_sd	ips - vertex	74.05882352941177	0.4034255687293657	0.11595051204654458	0.6941426731048074	
perceptual_noise_sd	ips - vertex	74.94117647058823	0.40388586989277653	0.11554497536231505	0.6955093167509289	
perceptual_noise_sd	ips - vertex	75.82352941176471	0.4042938200922804	0.11538608449236668	0.6967536681653748	
perceptual_noise_sd	ips - vertex	76.70588235294117	0.40464987827969207	0.11444927337786144	0.698453800445132	
perceptual_noise_sd	ips - vertex	77.58823529411765	0.40495450041115993	0.1131586224668725	0.7003795983275982	
perceptual_noise_sd	ips - vertex	78.47058823529412	0.4052081395618358	0.11183082621322127	0.7021270024027083	
perceptual_noise_sd	ips - vertex	79.35294117647058	0.4054112460361689	0.11055990005139858	0.7034359889156401	
perceptual_noise_sd	ips - vertex	80.23529411764706	0.40556426747416463	0.10949041525017865	0.7048174822050731	
perceptual_noise_sd	ips - vertex	81.11764705882352	0.4056676489538928	0.10810033431001147	0.7068251226318044	
perceptual_noise_sd	ips - vertex	82.0	0.4057218330905013	0.10711648547278532	0.7090562966504603	
perceptual_noise_sd	ips - vertex	82.88235294117646	0.40572726013203086	0.10570460623356755	0.710430089319063	
perceptual_noise_sd	ips - vertex	83.76470588235294	0.40568436805227187	0.10515683960993333	0.7121552986904982	
perceptual_noise_sd	ips - vertex	84.6470588235294	0.4055935926408899	0.10320731753182624	0.7134621106501957	
perceptual_noise_sd	ips - vertex	85.52941176470588	0.40545536759108475	0.10163683364113194	0.7141929750117362	
perceptual_noise_sd	ips - vertex	86.41176470588235	0.4052701245849364	0.09926535791162842	0.7154105364020757	
perceptual_noise_sd	ips - vertex	87.29411764705883	0.4050382933767381	0.09588684566475973	0.7172838037312891	
perceptual_noise_sd	ips - vertex	88.17647058823529	0.40476030187435413	0.09336188112037898	0.719494703003815	
perceptual_noise_sd	ips - vertex	89.05882352941177	0.40443657621892554	0.09077005542464651	0.7213240185176726	
perceptual_noise_sd	ips - vertex	89.94117647058823	0.40406754086300356	0.08832608491413751	0.7234745036203881	
perceptual_noise_sd	ips - vertex	90.82352941176471	0.40365361864719645	0.08681814326866259	0.7249326887043176	
perceptual_noise_sd	ips - vertex	91.70588235294117	0.4031952308756073	0.08378015868636916	0.7271136375342407	
perceptual_noise_sd	ips - vertex	92.58823529411764	0.4026927973900184	0.07996995082745673	0.7283855082117263	
perceptual_noise_sd	ips - vertex	93.47058823529412	0.40214673664300893	0.07614643385102404	0.7295838422303791	
perceptual_noise_sd	ips - vertex	94.35294117647058	0.40155746577004203	0.07292624877069762	0.7323704071015443	
perceptual_noise_sd	ips - vertex	95.23529411764706	0.40092540066063753	0.06844164814128346	0.734050117963691	
perceptual_noise_sd	ips - vertex	96.11764705882352	0.40025095602858984	0.0646596684250025	0.7362155434910451	
perceptual_noise_sd	ips - vertex	97.0	0.3995345454813736	0.05961904098821623	0.7384095590591341	
perceptual_noise_sd	ips - vertex	97.88235294117646	0.39877658158864643	0.05584870528226353	0.7407069411403295	
perceptual_noise_sd	ips - vertex	98.76470588235294	0.397977475949985	0.05184127861954502	0.7436030249011426	
perceptual_noise_sd	ips - vertex	99.6470588235294	0.3971376392616891	0.04654036456262611	0.7449634599810591	
perceptual_noise_sd	ips - vertex	100.52941176470588	0.3962574813827896	0.04065477830425046	0.7496689434928225	
perceptual_noise_sd	ips - vertex	101.41176470588235	0.39533741140009054	0.03333011515127689	0.7541433019368834	
perceptual_noise_sd	ips - vertex	102.29411764705883	0.3943778376923213	0.027160038217106976	0.7572616719477767	
perceptual_noise_sd	ips - vertex	103.17647058823529	0.39337916799323014	0.019739754238273698	0.7621768073910111	
perceptual_noise_sd	ips - vertex	104.05882352941177	0.3923418094536397	0.012127368327745244	0.7674750801494014	
perceptual_noise_sd	ips - vertex	104.94117647058823	0.39126616870234654	0.0038641616369517796	0.7735843902335672	
perceptual_noise_sd	ips - vertex	105.8235294117647	0.39015265190576653	-0.006273807673896801	0.7800394256241411	
perceptual_noise_sd	ips - vertex	106.70588235294117	0.38900166482628035	-0.01433498382662128	0.7854378472781245	
perceptual_noise_sd	ips - vertex	107.58823529411764	0.38781361287915705	-0.025714949945557283	0.7925150635011377	
perceptual_noise_sd	ips - vertex	108.47058823529412	0.38658890118792144	-0.03610580325075289	0.8012204120452825	
perceptual_noise_sd	ips - vertex	109.35294117647058	0.38532793463812726	-0.048143929529128514	0.8082394707127727	
perceptual_noise_sd	ips - vertex	110.23529411764706	0.3840311179293399	-0.05873006914959952	0.8157161320847018	
perceptual_noise_sd	ips - vertex	111.11764705882352	0.38269885562534856	-0.07052735940088667	0.8228666308308248	
perceptual_noise_sd	ips - vertex	112.0	0.3813315522023126	-0.08526133914991398	0.8335614069873596	
n1_evidence_sd	ips	7.0	1.8871043381938784	1.431925856294963	2.3922764963431726	
n1_evidence_sd	ips	7.882352941176471	2.001239956462963	1.5605070253945637	2.4713617835391304	
n1_evidence_sd	ips	8.764705882352942	2.111192142198398	1.6805618796971744	2.5528817644426263	
n1_evidence_sd	ips	9.647058823529411	2.21656201011943	1.7955636122719951	2.64196860401084	
n1_evidence_sd	ips	10.529411764705882	2.3169392478058746	1.9007023964894048	2.732914988610599	
n1_evidence_sd	ips	11.411764705882353	2.4119011035995093	1.9963075289996148	2.8240666569944843	
n1_evidence_sd	ips	12.294117647058822	2.501067320143768	2.0871828857806514	2.9107809617693707	
n1_evidence_sd	ips	13.176470588235293	2.584183414007374	2.168204668655631	2.9973730190197942	
n1_evidence_sd	ips	14.058823529411764	2.6611966400432543	2.2433690679808387	3.075269972611162	
n1_evidence_sd	ips	14.941176470588236	2.7322981518745784	2.3132037451749157	3.147882905753798	
n1_evidence_sd	ips	15.823529411764707	2.7979230244892292	2.3773923004886965	3.2145590099650145	
n1_evidence_sd	ips	16.705882352941174	2.8587156155591127	2.4364952695947797	3.277891577139893	
n1_evidence_sd	ips	17.588235294117645	2.915475445524627	2.4920086742193486	3.3347391240739443	
n1_evidence_sd	ips	18.470588235294116	2.969099059369629	2.5442023807209586	3.388149305951651	
n1_evidence_sd	ips	19.352941176470587	3.020529551275887	2.5946962849272373	3.43869673952498	
n1_evidence_sd	ips	20.235294117647058	3.070717549495037	2.6424031250754405	3.489395461402307	
n1_evidence_sd	ips	21.11764705882353	3.1202959173012785	2.6898390524605595	3.5398785356765115	
n1_evidence_sd	ips	22.0	3.169317528802591	2.7374168417087876	3.589837181285192	
n1_evidence_sd	ips	22.88235294117647	3.2177741200735372	2.783747673695414	3.638828299174569	
n1_evidence_sd	ips	23.764705882352942	3.265659023414729	2.8304979178281613	3.68759450009428	
n1_evidence_sd	ips	24.647058823529413	3.312967043066812	2.876116228686153	3.733862714246148	
n1_evidence_sd	ips	25.52941176470588	3.3596943404942983	2.92060908731905	3.782534101522512	
n1_evidence_sd	ips	26.41176470588235	3.405838328484053	2.964802317095173	3.829978593720026	
n1_evidence_sd	ips	27.294117647058822	3.451397573336262	3.008094479832557	3.877122354133386	
n1_evidence_sd	ips	28.176470588235293	3.496371704469813	3.0512348429388623	3.923455204495542	
n1_evidence_sd	ips	29.058823529411764	3.5407613308123675	3.093709250055853	3.969133281332749	
n1_evidence_sd	ips	29.941176470588236	3.5845679633942584	3.135288017171728	4.015317925252364	
n1_evidence_sd	ips	30.823529411764707	3.627793943617596	3.1756818893380077	4.061506617093836	
n1_evidence_sd	ips	31.705882352941174	3.6704423767192	3.216664570358515	4.1056662542477955	
n1_evidence_sd	ips	32.588235294117645	3.7125170699931274	3.255534059073352	4.151386742696356	
n1_evidence_sd	ips	33.470588235294116	3.7540224753810887	3.294429206780242	4.196266165184761	
n1_evidence_sd	ips	34.35294117647059	3.7949636360803836	3.3326952227288658	4.240144885001136	
n1_evidence_sd	ips	35.23529411764706	3.8353461368528303	3.3704456696720713	4.2827733893001785	
n1_evidence_sd	ips	36.11764705882353	3.8751760577538983	3.407814875290128	4.324355623025369	
n1_evidence_sd	ips	37.0	3.9144599310280945	3.4451034949055916	4.365230051551384	
n1_evidence_sd	ips	37.88235294117647	3.953204700944072	3.4802241130121585	4.406750446506744	
n1_evidence_sd	ips	38.76470588235294	3.9914176863663786	3.5148434227204413	4.4471907075428625	
n1_evidence_sd	ips	39.64705882352941	4.0291065458793005	3.55014019957962	4.4877191170706	
n1_evidence_sd	ips	40.529411764705884	4.066279245299739	3.5838751908008213	4.527915248460047	
n1_evidence_sd	ips	41.411764705882355	4.102944027427151	3.6185102053156175	4.567513226569828	
n1_evidence_sd	ips	42.294117647058826	4.139109383896319	3.651716188315093	4.606779972822745	
n1_evidence_sd	ips	43.17647058823529	4.174784029009167	3.684922913380293	4.64456454530998	
n1_evidence_sd	ips	44.05882352941176	4.209976875431106	3.715657538403715	4.6825921839527425	
n1_evidence_sd	ips	44.94117647058823	4.244697011649743	3.746703499486297	4.721813638505863	
n1_evidence_sd	ips	45.8235294117647	4.278953681097616	3.7795481268299778	4.758900079259292	
n1_evidence_sd	ips	46.705882352941174	4.312756262852514	3.8099357945297374	4.795593663132718	
n1_evidence_sd	ips	47.588235294117645	4.346114253830415	3.8399927883258727	4.831833792073692	
n1_evidence_sd	ips	48.470588235294116	4.379037252395766	3.870032304408836	4.867226013904352	
n1_evidence_sd	ips	49.35294117647059	4.4115349433161075	3.899761783980922	4.902399853488508	
n1_evidence_sd	ips	50.23529411764706	4.443617083994236	3.9292743675635897	4.937591772360834	
n1_evidence_sd	ips	51.11764705882353	4.475293491914431	3.957611619705536	4.972330774884985	
n1_evidence_sd	ips	52.0	4.506574033243491	3.985042329058298	5.005885044392708	
n1_evidence_sd	ips	52.88235294117647	4.537468612532005	4.012285939471815	5.040301631078433	
n1_evidence_sd	ips	53.76470588235294	4.567987163462106	4.039710712151652	5.075017377863131	
n1_evidence_sd	ips	54.64705882352941	4.598139640595335	4.065816911912569	5.108642595927606	
n1_evidence_sd	ips	55.529411764705884	4.627936012073271	4.0915440329330695	5.142033410415293	
n1_evidence_sd	ips	56.41176470588235	4.657386253229996	4.116869196533044	5.174682472362448	
n1_evidence_sd	ips	57.29411764705882	4.686500341076623	4.142417382021119	5.207144784256326	
n1_evidence_sd	ips	58.17647058823529	4.715288249622539	4.167828092235146	5.239024493257298	
n1_evidence_sd	ips	59.05882352941176	4.74375994599825	4.192926253724906	5.270894055058403	
n1_evidence_sd	ips	59.94117647058823	4.771925387351645	4.218012127056386	5.301830124765917	
n1_evidence_sd	ips	60.8235294117647	4.799794518487287	4.2422862898372395	5.333128108692177	
n1_evidence_sd	ips	61.705882352941174	4.8273772702249405	4.26657281154901	5.364226253795858	
n1_evidence_sd	ips	62.588235294117645	4.85468355845314	4.2913286648996785	5.395104505428947	
n1_evidence_sd	ips	63.470588235294116	4.881723283856628	4.315645337560675	5.425685624238515	
n1_evidence_sd	ips	64.35294117647058	4.908506332299056	4.339529051586096	5.456607870454035	
n1_evidence_sd	ips	65.23529411764706	4.935042575842088	4.363873410179935	5.486123832904757	
n1_evidence_sd	ips	66.11764705882354	4.961341874385954	4.387203623120271	5.515583393758081	
n1_evidence_sd	ips	67.0	4.987414077914782	4.4104590848465	5.544169965482902	
n1_evidence_sd	ips	67.88235294117646	5.013269029334328	4.432964436965816	5.572420602390528	
n1_evidence_sd	ips	68.76470588235294	5.038916567885487	4.455496543474328	5.60171864911282	
n1_evidence_sd	ips	69.64705882352942	5.064366533123146	4.477547950052367	5.630146416153486	
n1_evidence_sd	ips	70.52941176470588	5.089628769444223	4.499312913516322	5.656999349410632	
n1_evidence_sd	ips	71.41176470588235	5.11471313115221	4.521902127040601	5.684291426208467	
n1_evidence_sd	ips	72.29411764705883	5.139629488043452	4.544601252700243	5.711167606085916	
n1_evidence_sd	ips	73.17647058823529	5.164387731499636	4.566916805610921	5.738458672649154	
n1_evidence_sd	ips	74.05882352941177	5.188997781069936	4.589322164262892	5.766178181497603	
n1_evidence_sd	ips	74.94117647058823	5.213469591525418	4.61133019523467	5.793614990916813	
n1_evidence_sd	ips	75.82352941176471	5.237813160367198	4.632640447493801	5.820654450694722	
n1_evidence_sd	ips	76.70588235294117	5.26203853576592	4.654712796748865	5.847187688556466	
n1_evidence_sd	ips	77.58823529411765	5.286155824913928	4.676726190312979	5.874871966065114	
n1_evidence_sd	ips	78.47058823529412	5.3101752027633	4.697272089491391	5.900869095926709	
n1_evidence_sd	ips	79.35294117647058	5.334106921128773	4.719385440431822	5.927412373632517	
n1_evidence_sd	ips	80.23529411764706	5.35796131812675	4.741255408156495	5.953136073728774	
n1_evidence_sd	ips	81.11764705882352	5.381748827927052	4.762517796040634	5.980216263718588	
n1_evidence_sd	ips	82.0	5.40547999078941	4.784254866639556	6.005952726808667	
n1_evidence_sd	ips	82.88235294117646	5.4291654633598645	4.80734202505929	6.031537405626955	
n1_evidence_sd	ips	83.76470588235294	5.452816029200891	4.827967948286696	6.056545041395778	
n1_evidence_sd	ips	84.6470588235294	5.4764426095343595	4.850791295415168	6.081499618244003	
n1_evidence_sd	ips	85.52941176470588	5.500056274176262	4.873179087674633	6.107107451048689	
n1_evidence_sd	ips	86.41176470588235	5.523668252648177	4.895173551672568	6.131721668138446	
n1_evidence_sd	ips	87.29411764705883	5.547289945456751	4.916966324015345	6.156661402757017	
n1_evidence_sd	ips	88.17647058823529	5.570932935538118	4.939588446336323	6.181677243262318	
n1_evidence_sd	ips	89.05882352941177	5.594608999875174	4.962632427588449	6.206861688277201	
n1_evidence_sd	ips	89.94117647058823	5.618330121306795	4.985068762673764	6.231668141593968	
n1_evidence_sd	ips	90.82352941176471	5.642108500561635	5.008017382223002	6.255362191659682	
n1_evidence_sd	ips	91.70588235294117	5.665956568565556	5.031870081418077	6.280055197590121	
n1_evidence_sd	ips	92.58823529411764	5.6898869990922405	5.054898583673364	6.304798277945276	
n1_evidence_sd	ips	93.47058823529412	5.713912721847511	5.076421521361314	6.328986533426087	
n1_evidence_sd	ips	94.35294117647058	5.738046936104958	5.099282639607697	6.352628480256969	
n1_evidence_sd	ips	95.23529411764706	5.762303125038282	5.121917944724429	6.376865777060303	
n1_evidence_sd	ips	96.11764705882352	5.786695070929887	5.146553700079714	6.4027449301747765	
n1_evidence_sd	ips	97.0	5.811236871469471	5.168925337054837	6.4271543565950315	
n1_evidence_sd	ips	97.88235294117646	5.835942957396705	5.193155524566031	6.453471224107416	
n1_evidence_sd	ips	98.76470588235294	5.860828111783728	5.218725869609088	6.479108563245185	
n1_evidence_sd	ips	99.6470588235294	5.88590749129675	5.24334569594037	6.505499802927278	
n1_evidence_sd	ips	100.52941176470588	5.9111966498238635	5.268115631894458	6.531883585362772	
n1_evidence_sd	ips	101.41176470588235	5.936711564897155	5.293337713959624	6.560002678574434	
n1_evidence_sd	ips	102.29411764705883	5.962468667386923	5.3189701748724705	6.587758458673057	
n1_evidence_sd	ips	103.17647058823529	5.988484874978843	5.343643736879777	6.614581732760029	
n1_evidence_sd	ips	104.05882352941177	6.014777629980338	5.36900296579971	6.641561409117004	
n1_evidence_sd	ips	104.94117647058823	6.041364942016222	5.3944887918529325	6.670512379215534	
n1_evidence_sd	ips	105.8235294117647	6.068265436177061	5.42254088418363	6.700273172047546	
n1_evidence_sd	ips	106.70588235294117	6.095498407150595	5.4496108890465855	6.72868119864394	
n1_evidence_sd	ips	107.58823529411764	6.123083879803595	5.474156376099178	6.756529032367013	
n1_evidence_sd	ips	108.47058823529412	6.151042676565719	5.500847527097993	6.788433213396525	
n1_evidence_sd	ips	109.35294117647058	6.179396491787121	5.52630792049607	6.819093215337625	
n1_evidence_sd	ips	110.23529411764706	6.208167972986221	5.552310145238752	6.851194553500622	
n1_evidence_sd	ips	111.11764705882352	6.237380808553386	5.581219435672867	6.883783968067205	
n1_evidence_sd	ips	112.0	6.267059821027734	5.609108817933941	6.918205086361112	
n1_evidence_sd	vertex	7.0	1.5119587977494158	1.1988830020711119	1.869387286037313	
n1_evidence_sd	vertex	7.882352941176471	1.646315274843886	1.342367676565436	1.9764297718626027	
n1_evidence_sd	vertex	8.764705882352942	1.7737172720022762	1.4717739121161193	2.0870223478089156	
n1_evidence_sd	vertex	9.647058823529411	1.8933896983860592	1.5872805788720437	2.202112253734129	
n1_evidence_sd	vertex	10.529411764705882	2.004900773439333	1.695201538560149	2.3143102369790665	
n1_evidence_sd	vertex	11.411764705882353	2.108059278007121	1.7914056328078083	2.427942989127732	
n1_evidence_sd	vertex	12.294117647058822	2.2028588733787458	1.8793517932231791	2.532386618420007	
n1_evidence_sd	vertex	13.176470588235293	2.2894625480817767	1.9570324529327303	2.628163531635832	
n1_evidence_sd	vertex	14.058823529411764	2.3682093523135372	2.0300772311511186	2.7154039458071138	
n1_evidence_sd	vertex	14.941176470588236	2.439623151904977	2.095449004687432	2.795477131336854	
n1_evidence_sd	vertex	15.823529411764707	2.5044091654933958	2.1530441092162094	2.8655162544788895	
n1_evidence_sd	vertex	16.705882352941174	2.563433951960298	2.207281548024276	2.9288940546625546	
n1_evidence_sd	vertex	17.588235294117645	2.6176928121266827	2.259340904095717	2.9862188375693233	
n1_evidence_sd	vertex	18.470588235294116	2.6682724787182606	2.3083541751923176	3.0397273661929183	
n1_evidence_sd	vertex	19.352941176470587	2.716316829832845	2.353711685952838	3.090505811134889	
n1_evidence_sd	vertex	20.235294117647058	2.762997194911423	2.3996744494036664	3.137417498074632	
n1_evidence_sd	vertex	21.11764705882353	2.809107754150517	2.4436672278580547	3.1858196966669863	
n1_evidence_sd	vertex	22.0	2.8547194965041496	2.48728779878181	3.2333694427796944	
n1_evidence_sd	vertex	22.88235294117647	2.8998257693418403	2.530369137541753	3.280410456266578	
n1_evidence_sd	vertex	23.764705882352942	2.9444211800619615	2.572267818593441	3.325949427944306	
n1_evidence_sd	vertex	24.647058823529413	2.98850151235519	2.6143169102288493	3.3712794541547852	
n1_evidence_sd	vertex	25.52941176470588	3.032063649093871	2.655776644582931	3.417430495449912	
n1_evidence_sd	vertex	26.41176470588235	3.0751055010735064	2.6952362192037476	3.46269447503865	
n1_evidence_sd	vertex	27.294117647058822	3.1176259409112443	2.73486543056213	3.50732654388721	
n1_evidence_sd	vertex	28.176470588235293	3.159624741484144	2.7744440191459323	3.552455890710455	
n1_evidence_sd	vertex	29.058823529411764	3.2011025183650053	2.813638138230135	3.596538513584942	
n1_evidence_sd	vertex	29.941176470588236	3.242060675782905	2.8521546175612107	3.6404770016269024	
n1_evidence_sd	vertex	30.823529411764707	3.282501355701706	2.890474013400975	3.684668493556701	
n1_evidence_sd	vertex	31.705882352941174	3.3224273896680208	2.9278044663792264	3.7269862897871473	
n1_evidence_sd	vertex	32.588235294117645	3.361842253134839	2.964674540439052	3.7706703438379607	
n1_evidence_sd	vertex	33.470588235294116	3.400750022015444	2.999688742077106	3.8119359306419427	
n1_evidence_sd	vertex	34.35294117647059	3.4391553312620884	3.034581114001653	3.853238749523728	
n1_evidence_sd	vertex	35.23529411764706	3.4770633353045284	3.069433995216002	3.894534669827304	
n1_evidence_sd	vertex	36.11764705882353	3.5144796702114065	3.1034327597849827	3.935348778743467	
n1_evidence_sd	vertex	37.0	3.5514104174673653	3.1373279782235155	3.9753504835499704	
n1_evidence_sd	vertex	37.88235294117647	3.587862069279001	3.170347201475848	4.014775469658714	
n1_evidence_sd	vertex	38.76470588235294	3.6238414953432883	3.2028842401728044	4.054673569027767	
n1_evidence_sd	vertex	39.64705882352941	3.6593559110258895	3.234427024962949	4.093778513504179	
n1_evidence_sd	vertex	40.529411764705884	3.694412846908527	3.2657928660998703	4.132045390172703	
n1_evidence_sd	vertex	41.411764705882355	3.7290201196748662	3.2973536079969814	4.171424531448132	
n1_evidence_sd	vertex	42.294117647058826	3.763185804310355	3.3283043953550298	4.208431363539954	
n1_evidence_sd	vertex	43.17647058823529	3.796918207596169	3.35909093836064	4.2463295751348715	
n1_evidence_sd	vertex	44.05882352941176	3.8302258428818305	3.38939009757472	4.282172596582713	
n1_evidence_sd	vertex	44.94117647058823	3.8631174061215496	3.418690308529338	4.316948151675874	
n1_evidence_sd	vertex	45.8235294117647	3.8956017531619365	3.447581328278162	4.353281585761477	
n1_evidence_sd	vertex	46.705882352941174	3.9276878782675726	3.4759061467688634	4.3886208331481615	
n1_evidence_sd	vertex	47.588235294117645	3.959384893872107	3.504250856505867	4.4230739935555965	
n1_evidence_sd	vertex	48.470588235294116	3.990702011540535	3.5324384583411574	4.457569575703513	
n1_evidence_sd	vertex	49.35294117647059	4.0216485241297075	3.5594766451362543	4.491553896968764	
n1_evidence_sd	vertex	50.23529411764706	4.0522337891313	3.587458325344168	4.526016494187923	
n1_evidence_sd	vertex	51.11764705882353	4.082467213183107	3.6143317890691007	4.559689372508096	
n1_evidence_sd	vertex	52.0	4.1123582377330345	3.6410068565617215	4.594022500944776	
n1_evidence_sd	vertex	52.88235294117647	4.141916325840735	3.667639429469643	4.627534621613701	
n1_evidence_sd	vertex	53.76470588235294	4.171150950102484	3.694544111390642	4.660136909977977	
n1_evidence_sd	vertex	54.64705882352941	4.200071581685261	3.719886435597999	4.692826216335176	
n1_evidence_sd	vertex	55.529411764705884	4.228687680457295	3.7458113222843417	4.726111621813004	
n1_evidence_sd	vertex	56.41176470588235	4.257008686203775	3.770144644355343	4.757232821700741	
n1_evidence_sd	vertex	57.29411764705882	4.285044010917857	3.7945122011054573	4.7895051854252655	
n1_evidence_sd	vertex	58.17647058823529	4.31280303215852	3.8189799991303097	4.820773323819717	
n1_evidence_sd	vertex	59.05882352941176	4.340295087469471	3.84292749459893	4.851567158078429	
n1_evidence_sd	vertex	59.94117647058823	4.367529469853931	3.866790630725584	4.882041406103934	
n1_evidence_sd	vertex	60.8235294117647	4.394515424302293	3.8910175837980696	4.912955449326552	
n1_evidence_sd	vertex	61.705882352941174	4.421262145371176	3.91384121889072	4.943644010866948	
n1_evidence_sd	vertex	62.588235294117645	4.447778775812589	3.9370302338724543	4.973490468498126	
n1_evidence_sd	vertex	63.470588235294116	4.474074406253342	3.960350485660314	5.0032683985247175	
n1_evidence_sd	vertex	64.35294117647058	4.500158075924287	3.983953562697014	5.032237573782949	
n1_evidence_sd	vertex	65.23529411764706	4.526038774438069	4.006317508080957	5.061292297029141	
n1_evidence_sd	vertex	66.11764705882354	4.551725444613929	4.028580104351092	5.090747813274019	
n1_evidence_sd	vertex	67.0	4.577226986344952	4.050868933751413	5.1209464653753285	
n1_evidence_sd	vertex	67.88235294117646	4.602552261500462	4.072839983121751	5.1483778442364185	
n1_evidence_sd	vertex	68.76470588235294	4.627710099853813	4.094819260621258	5.176078260857898	
n1_evidence_sd	vertex	69.64705882352942	4.652709306020782	4.11680063485283	5.204030382158726	
n1_evidence_sd	vertex	70.52941176470588	4.6775586673882845	4.139395467655017	5.231993431719132	
n1_evidence_sd	vertex	71.41176470588235	4.702266963009724	4.1613430075861535	5.259702017471874	
n1_evidence_sd	vertex	72.29411764705883	4.726842973434405	4.1835410550204015	5.2869811539163045	
n1_evidence_sd	vertex	73.17647058823529	4.751295491434527	4.204571876110621	5.313447940096644	
n1_evidence_sd	vertex	74.05882352941177	4.775633333583791	4.2254642698336555	5.340373662869005	
n1_evidence_sd	vertex	74.94117647058823	4.799865352636935	4.247519002656321	5.367181727432262	
n1_evidence_sd	vertex	75.82352941176471	4.824000450649778	4.269003903129416	5.393996452820756	
n1_evidence_sd	vertex	76.70588235294117	4.848047592774082	4.291073739447511	5.421093783936905	
n1_evidence_sd	vertex	77.58823529411765	4.8720158216515985	4.3130050622198794	5.447896400664461	
n1_evidence_sd	vertex	78.47058823529412	4.895914272328198	4.334061795997891	5.4749306484762705	
n1_evidence_sd	vertex	79.35294117647058	4.919752187597817	4.356189830475474	5.500914364676757	
n1_evidence_sd	vertex	80.23529411764706	4.943538933684067	4.378220085764415	5.527646316284381	
n1_evidence_sd	vertex	81.11764705882352	4.967284016158758	4.399964798796897	5.5550036875128415	
n1_evidence_sd	vertex	82.0	4.99099709599344	4.42184900480542	5.580705461301472	
n1_evidence_sd	vertex	82.88235294117646	5.014688005637109	4.443708577499633	5.606972075082317	
n1_evidence_sd	vertex	83.76470588235294	5.038366765009324	4.464897443735044	5.633616647400193	
n1_evidence_sd	vertex	84.6470588235294	5.062043597299679	4.488067136310131	5.6591981773379745	
n1_evidence_sd	vertex	85.52941176470588	5.085728944464867	4.51035228145591	5.683438140679085	
n1_evidence_sd	vertex	86.41176470588235	5.1094334823190035	4.532423540438706	5.710989060247341	
n1_evidence_sd	vertex	87.29411764705883	5.133168135119242	4.554086815365893	5.7344205307717315	
n1_evidence_sd	vertex	88.17647058823529	5.156944089559399	4.5748675811356305	5.758375267550571	
n1_evidence_sd	vertex	89.05882352941177	5.180772808097326	4.597729919511255	5.784919121552008	
n1_evidence_sd	vertex	89.94117647058823	5.204666041560456	4.620829671310548	5.808443892807694	
n1_evidence_sd	vertex	90.82352941176471	5.228635840996535	4.643725088933652	5.833800814106106	
n1_evidence_sd	vertex	91.70588235294117	5.252694568766081	4.666086163159066	5.859888333708325	
n1_evidence_sd	vertex	92.58823529411764	5.276854908907013	4.688411795029692	5.882686806529916	
n1_evidence_sd	vertex	93.47058823529412	5.301129876845331	4.7111916278913775	5.9084600250755175	
n1_evidence_sd	vertex	94.35294117647058	5.325532828573352	4.734486709035032	5.932510265573462	
n1_evidence_sd	vertex	95.23529411764706	5.350077469475784	4.759182579031702	5.958865801493538	
n1_evidence_sd	vertex	96.11764705882352	5.3747778630492835	4.7828694047280464	5.985898313446694	
n1_evidence_sd	vertex	97.0	5.399648439834756	4.806721134025648	6.0123034928790515	
n1_evidence_sd	vertex	97.88235294117646	5.424704006965397	4.831201967238361	6.040354729969819	
n1_evidence_sd	vertex	98.76470588235294	5.449959758823891	4.855139558715937	6.0673915561457825	
n1_evidence_sd	vertex	99.6470588235294	5.475431289400646	4.87865095692606	6.095833224516973	
n1_evidence_sd	vertex	100.52941176470588	5.501134607049324	4.902313535578519	6.124467927248909	
n1_evidence_sd	vertex	101.41176470588235	5.527086152447028	4.927536989676326	6.151867386376491	
n1_evidence_sd	vertex	102.29411764705883	5.553302820676339	4.953468468122915	6.181959437537007	
n1_evidence_sd	vertex	103.17647058823529	5.579801988458744	4.977551327788272	6.210945841225469	
n1_evidence_sd	vertex	104.05882352941177	5.606601547674997	5.001109286182022	6.240302045747648	
n1_evidence_sd	vertex	104.94117647058823	5.6337199463983625	5.02688356450388	6.271725812569678	
n1_evidence_sd	vertex	105.8235294117647	5.661176238741339	5.0541139002519415	6.30414656526487	
n1_evidence_sd	vertex	106.70588235294117	5.688990144848421	5.077873280150015	6.334842067661104	
n1_evidence_sd	vertex	107.58823529411764	5.717182122349034	5.102997746756833	6.367462123517945	
n1_evidence_sd	vertex	108.47058823529412	5.74577345048259	5.129180445190184	6.399911422645234	
n1_evidence_sd	vertex	109.35294117647058	5.774786327886924	5.155338196012646	6.432436840153765	
n1_evidence_sd	vertex	110.23529411764706	5.804243984661335	5.180696512596909	6.465585980529414	
n1_evidence_sd	vertex	111.11764705882352	5.834170808721535	5.208718488662711	6.501890776211601	
n1_evidence_sd	vertex	112.0	5.864592485612084	5.232909040170663	6.540663455829178	
n1_evidence_sd	ips - vertex	7.0	0.37514554044445925	0.12404151784262418	0.6912189617837383	
n1_evidence_sd	ips - vertex	7.882352941176471	0.35492468161909396	0.13141745589863013	0.6313359094877857	
n1_evidence_sd	ips - vertex	8.764705882352942	0.337474870196122	0.13506022103089427	0.5835340955981546	
n1_evidence_sd	ips - vertex	9.647058823529411	0.3231723117333735	0.13369679523311406	0.5492919015561306	
n1_evidence_sd	ips - vertex	10.529411764705882	0.3120384743665549	0.13005317278130651	0.5255170291969986	
n1_evidence_sd	ips - vertex	11.411764705882353	0.30384182559241163	0.12473193126059189	0.5114216113661755	
n1_evidence_sd	ips - vertex	12.294117647058822	0.29820844676500136	0.11848200782783998	0.503734619188182	
n1_evidence_sd	ips - vertex	13.176470588235293	0.2947208659256014	0.11366481902790726	0.5009112963825619	
n1_evidence_sd	ips - vertex	14.058823529411764	0.29298728772973887	0.10897457119519305	0.5003308915330573	
n1_evidence_sd	ips - vertex	14.941176470588236	0.2926749999696066	0.10685331922725681	0.5020380842989809	
n1_evidence_sd	ips - vertex	15.823529411764707	0.2935138589958589	0.10619358205239465	0.503930068004867	
n1_evidence_sd	ips - vertex	16.705882352941174	0.29528166359882285	0.10682202241062813	0.5061632406986805	
n1_evidence_sd	ips - vertex	17.588235294117645	0.2977826333979336	0.10921881838203731	0.5084822912637981	
n1_evidence_sd	ips - vertex	18.470588235294116	0.3008265806513709	0.11132593964114879	0.5111517863032146	
n1_evidence_sd	ips - vertex	19.352941176470587	0.3042127214430314	0.11469925344149276	0.5147596501606585	
n1_evidence_sd	ips - vertex	20.235294117647058	0.30772035458360625	0.11705988268340223	0.5177286871912815	
n1_evidence_sd	ips - vertex	21.11764705882353	0.31118816315074255	0.11955520327608497	0.5216863059221664	
n1_evidence_sd	ips - vertex	22.0	0.31459803229844413	0.1215993469753865	0.5259298298958904	
n1_evidence_sd	ips - vertex	22.88235294117647	0.31794835073171757	0.12384837811478712	0.5291836565062077	
n1_evidence_sd	ips - vertex	23.764705882352942	0.32123784335278893	0.12565119779742867	0.5329880561280478	
n1_evidence_sd	ips - vertex	24.647058823529413	0.3244655307116278	0.12706357064822352	0.5379374700069561	
n1_evidence_sd	ips - vertex	25.52941176470588	0.3276306914004326	0.12810716008590967	0.5423104771702577	
n1_evidence_sd	ips - vertex	26.41176470588235	0.33073282741053484	0.12907119732686118	0.5459675974640522	
n1_evidence_sd	ips - vertex	27.294117647058822	0.33377163242498237	0.1308118075792511	0.5514809367448964	
n1_evidence_sd	ips - vertex	28.176470588235293	0.33674696298566614	0.13189574010677785	0.5565313594650287	
n1_evidence_sd	ips - vertex	29.058823529411764	0.3396588124473866	0.13308921248530825	0.5610410355687669	
n1_evidence_sd	ips - vertex	29.941176470588236	0.3425072876113476	0.13447660568335934	0.5655332725196714	
n1_evidence_sd	ips - vertex	30.823529411764707	0.34529258791585726	0.13571540804411894	0.5703032514918512	
n1_evidence_sd	ips - vertex	31.705882352941174	0.3480149870511993	0.1364612896143155	0.5753797257999327	
n1_evidence_sd	ips - vertex	32.588235294117645	0.35067481685823987	0.13708854435115223	0.5801742095516028	
n1_evidence_sd	ips - vertex	33.470588235294116	0.3532724533656597	0.13746605402113427	0.5845933650782066	
n1_evidence_sd	ips - vertex	34.35294117647059	0.35580830481827985	0.13792673200233335	0.5889121553967384	
n1_evidence_sd	ips - vertex	35.23529411764706	0.358282801548289	0.13850053557513706	0.5928650750644835	
n1_evidence_sd	ips - vertex	36.11764705882353	0.3606963875424564	0.13890738167924424	0.5969698074500615	
n1_evidence_sd	ips - vertex	37.0	0.36304951356071113	0.1394233393822797	0.6009909384361437	
n1_evidence_sd	ips - vertex	37.88235294117647	0.3653426316651265	0.13987984574023296	0.6047760693597869	
n1_evidence_sd	ips - vertex	38.76470588235294	0.36757619102306416	0.14043721500552536	0.60817557861617	
n1_evidence_sd	ips - vertex	39.64705882352941	0.3697506348534304	0.14038066892274215	0.6113727982399627	
n1_evidence_sd	ips - vertex	40.529411764705884	0.3718663983912567	0.1403656600851937	0.6157013526719886	
n1_evidence_sd	ips - vertex	41.411764705882355	0.3739239077522796	0.14081721390891963	0.6194654693958852	
n1_evidence_sd	ips - vertex	42.294117647058826	0.37592357958598666	0.14096785508096377	0.622725454453453	
n1_evidence_sd	ips - vertex	43.17647058823529	0.37786582141296576	0.14061677435265055	0.6264794399761783	
n1_evidence_sd	ips - vertex	44.05882352941176	0.3797510325492942	0.14088770600564834	0.6301249937641068	
n1_evidence_sd	ips - vertex	44.94117647058823	0.3815796055281608	0.14079247930212618	0.6336785007301146	
n1_evidence_sd	ips - vertex	45.8235294117647	0.38335192793568695	0.1411074195083524	0.637007479061102	
n1_evidence_sd	ips - vertex	46.705882352941174	0.385068384584911	0.14148682390908657	0.6400629567827795	
n1_evidence_sd	ips - vertex	47.588235294117645	0.3867293599583004	0.1414171833602977	0.6435262114677669	
n1_evidence_sd	ips - vertex	48.470588235294116	0.38833524085521126	0.14158797205981968	0.6466597789141492	
n1_evidence_sd	ips - vertex	49.35294117647059	0.38988641918641104	0.14141763484081904	0.6494493955433431	
n1_evidence_sd	ips - vertex	50.23529411764706	0.3913832948629751	0.14041746037891475	0.6519239043688296	
n1_evidence_sd	ips - vertex	51.11764705882353	0.3928262787313103	0.14073820728566505	0.6542643195429623	
n1_evidence_sd	ips - vertex	52.0	0.39421579551047586	0.14031297806456586	0.6569898141714923	
n1_evidence_sd	ips - vertex	52.88235294117647	0.3955522866912446	0.13984690841192762	0.6601734859230588	
n1_evidence_sd	ips - vertex	53.76470588235294	0.3968362133596283	0.13940950201215752	0.6623728959861517	
n1_evidence_sd	ips - vertex	54.64705882352941	0.39806805891010955	0.1393440267233179	0.6650890012825813	
n1_evidence_sd	ips - vertex	55.529411764705884	0.39924833161600737	0.1385074054074636	0.6675942115202539	
n1_evidence_sd	ips - vertex	56.41176470588235	0.4003775670261815	0.13822960327491546	0.66986995204447	
n1_evidence_sd	ips - vertex	57.29411764705882	0.40145633015878945	0.1379179874862133	0.6726714294940166	
n1_evidence_sd	ips - vertex	58.17647058823529	0.40248521746399796	0.1379076982087901	0.6748963622222466	
n1_evidence_sd	ips - vertex	59.05882352941176	0.4034648585287737	0.13720804137402393	0.6768680863971055	
n1_evidence_sd	ips - vertex	59.94117647058823	0.40439591749769993	0.13656028191571798	0.6788995535396244	
n1_evidence_sd	ips - vertex	60.8235294117647	0.4052790941849734	0.13539716503762037	0.6809864969794012	
n1_evidence_sd	ips - vertex	61.705882352941174	0.40611512485376877	0.13487920775365025	0.6833112985510146	
n1_evidence_sd	ips - vertex	62.588235294117645	0.40690478264054414	0.1335186098180375	0.6853730283706744	
n1_evidence_sd	ips - vertex	63.470588235294116	0.4076488776032808	0.13288052233928596	0.6880156268358527	
n1_evidence_sd	ips - vertex	64.35294117647058	0.4083482563747747	0.13242306284875313	0.690011030644178	
n1_evidence_sd	ips - vertex	65.23529411764706	0.40900380140406684	0.1317612058082146	0.6918116286822328	
n1_evidence_sd	ips - vertex	66.11764705882354	0.4096164297719918	0.130763702991601	0.6943880510929195	
n1_evidence_sd	ips - vertex	67.0	0.4101870915698753	0.13069891048454796	0.6962422986325686	
n1_evidence_sd	ips - vertex	67.88235294117646	0.41071676783387295	0.12894110904357808	0.6983030965682345	
n1_evidence_sd	ips - vertex	68.76470588235294	0.41120646803165445	0.12744795143150361	0.6995733116124805	
n1_evidence_sd	ips - vertex	69.64705882352942	0.4116572271023788	0.1261472328221686	0.7015811693057965	
n1_evidence_sd	ips - vertex	70.52941176470588	0.41207010205593997	0.12478354445197715	0.703865873236511	
n1_evidence_sd	ips - vertex	71.41176470588235	0.4124461681425161	0.123616704259021	0.7049242218818519	
n1_evidence_sd	ips - vertex	72.29411764705883	0.41278651460906424	0.12288227209390619	0.7063671459234171	
n1_evidence_sd	ips - vertex	73.17647058823529	0.413092240065117	0.1222131749265974	0.7078722188695611	
n1_evidence_sd	ips - vertex	74.05882352941177	0.4133644474861	0.12190494923945201	0.7100544596138599	
n1_evidence_sd	ips - vertex	74.94117647058823	0.41360423888853665	0.12013969928369815	0.7114593213029118	
n1_evidence_sd	ips - vertex	75.82352941176471	0.4138127097173764	0.11883668296045993	0.7126285925295222	
n1_evidence_sd	ips - vertex	76.70588235294117	0.413990942991886	0.11833667605728937	0.7143271918087557	
n1_evidence_sd	ips - vertex	77.58823529411765	0.4141400032622916	0.11717976263241969	0.7158253581946571	
n1_evidence_sd	ips - vertex	78.47058823529412	0.4142609304351494	0.1161865188877645	0.7179657977796144	
n1_evidence_sd	ips - vertex	79.35294117647058	0.41435473353096697	0.11474667288084908	0.7193087792190171	
n1_evidence_sd	ips - vertex	80.23529411764706	0.41442238444265084	0.11259381794788366	0.7205728853646005	
n1_evidence_sd	ips - vertex	81.11764705882352	0.4144648117682692	0.11119483136833955	0.7213673981735456	
n1_evidence_sd	ips - vertex	82.0	0.41448289479598044	0.1097879090389361	0.7237656989358527	
n1_evidence_sd	ips - vertex	82.88235294117646	0.41447745772273464	0.10891548617507572	0.7257333137012578	
n1_evidence_sd	ips - vertex	83.76470588235294	0.4144492641915511	0.10735055460775911	0.727365667319711	
n1_evidence_sd	ips - vertex	84.6470588235294	0.41439901223467795	0.10494198537015335	0.7286659990768068	
n1_evidence_sd	ips - vertex	85.52941176470588	0.4143273297113366	0.1033654036053443	0.7307041493913456	
n1_evidence_sd	ips - vertex	86.41176470588235	0.41423477032915146	0.10135200287788555	0.7328341655731252	
n1_evidence_sd	ips - vertex	87.29411764705883	0.4141218103375426	0.09885945302410208	0.7336656815493233	
n1_evidence_sd	ips - vertex	88.17647058823529	0.4139888459787588	0.09771345944878614	0.7365281505343774	
n1_evidence_sd	ips - vertex	89.05882352941177	0.41383619177786096	0.09555768523599847	0.7381294727262925	
n1_evidence_sd	ips - vertex	89.94117647058823	0.41366407974636005	0.09328759236288083	0.7389113637323756	
n1_evidence_sd	ips - vertex	90.82352941176471	0.413472659565084	0.09118982585344082	0.7409774119387605	
n1_evidence_sd	ips - vertex	91.70588235294117	0.4132619997994911	0.0886583917367935	0.7419023201298257	
n1_evidence_sd	ips - vertex	92.58823529411764	0.41303209018523257	0.08626868059798252	0.7438228936084446	
n1_evidence_sd	ips - vertex	93.47058823529412	0.4127828450021984	0.08309876681956666	0.7447238942528198	
n1_evidence_sd	ips - vertex	94.35294117647058	0.41251410753160506	0.08005364472666927	0.7472391631079165	
n1_evidence_sd	ips - vertex	95.23529411764706	0.41222565556247	0.0757795943624151	0.7491678009374273	
n1_evidence_sd	ips - vertex	96.11764705882352	0.41191720788057246	0.07189809394068825	0.7521335989324452	
n1_evidence_sd	ips - vertex	97.0	0.4115884316347249	0.06726768289280786	0.755115951001937	
n1_evidence_sd	ips - vertex	97.88235294117646	0.41123895043135433	0.06286665632923023	0.7583520432745336	
n1_evidence_sd	ips - vertex	98.76470588235294	0.4108683529598046	0.058576239018675244	0.7615342923511561	
n1_evidence_sd	ips - vertex	99.6470588235294	0.41047620189619155	0.05341236858081182	0.7648930635447878	
n1_evidence_sd	ips - vertex	100.52941176470588	0.41006204277456043	0.04719993496592641	0.7691862763485409	
n1_evidence_sd	ips - vertex	101.41176470588235	0.4096254124501024	0.0412441334617026	0.773555388560803	
n1_evidence_sd	ips - vertex	102.29411764705883	0.4091658467105568	0.03493706016373007	0.776997118773087	
n1_evidence_sd	ips - vertex	103.17647058823529	0.4086828865201057	0.028670445549005996	0.7828105911435381	
n1_evidence_sd	ips - vertex	104.05882352941177	0.4081760823053361	0.02115132844693295	0.7884516964833269	
n1_evidence_sd	ips - vertex	104.94117647058823	0.40764499561785117	0.012953821713357594	0.7927202541903144	
n1_evidence_sd	ips - vertex	105.8235294117647	0.4070891974357044	0.004097626251115568	0.7995564266177798	
n1_evidence_sd	ips - vertex	106.70588235294117	0.40650826230214476	-0.004093415120018322	0.8068355475754965	
n1_evidence_sd	ips - vertex	107.58823529411764	0.40590175745454565	-0.013193562908827467	0.8150523500951389	
n1_evidence_sd	ips - vertex	108.47058823529412	0.4052692260831363	-0.024618547795101305	0.8233117264577618	
n1_evidence_sd	ips - vertex	109.35294117647058	0.40461016390020244	-0.036278119916709504	0.8338816380169216	
n1_evidence_sd	ips - vertex	110.23529411764706	0.40392398832483783	-0.05014838023991528	0.8427398391805024	
n1_evidence_sd	ips - vertex	111.11764705882352	0.40320999983183076	-0.06369378497904743	0.8538506350345819	
n1_evidence_sd	ips - vertex	112.0	0.40246733541562674	-0.07803294176474757	0.8661120924801725	
n2_evidence_sd	ips	7.0	1.8486749095207753	1.4049795709468273	2.3418663931418364	
n2_evidence_sd	ips	7.882352941176471	1.9561158998268067	1.5313977724821353	2.409434981279779	
n2_evidence_sd	ips	8.764705882352942	2.0578242380820373	1.6470645696034767	2.4806395236226764	
n2_evidence_sd	ips	9.647058823529411	2.1536911389454088	1.755200211267272	2.556681476637423	
n2_evidence_sd	ips	10.529411764705882	2.2437673654620283	1.852087660505448	2.6283549008739477	
n2_evidence_sd	ips	11.411764705882353	2.32822712090708	1.9429519370488741	2.7068405450662776	
n2_evidence_sd	ips	12.294117647058822	2.4073395250018597	2.0246502861240647	2.783852278448511	
n2_evidence_sd	ips	13.176470588235293	2.4814465314918754	2.1005166252414624	2.853592619040626	
n2_evidence_sd	ips	14.058823529411764	2.5509460254175607	2.170734829492046	2.9239926606299984	
n2_evidence_sd	ips	14.941176470588236	2.616278961087242	2.2362084725295177	2.9874760844970236	
n2_evidence_sd	ips	15.823529411764707	2.6779196010916255	2.2972622029044807	3.048859827979828	
n2_evidence_sd	ips	16.705882352941174	2.736368117442099	2.355069769292848	3.1103326961119597	
n2_evidence_sd	ips	17.588235294117645	2.79214498935776	2.4091557097701677	3.168036731106354	
n2_evidence_sd	ips	18.470588235294116	2.8457867714736085	2.460358610639086	3.222517422513711	
n2_evidence_sd	ips	19.352941176470587	2.8978429134342925	2.510749110351516	3.2748803212866373	
n2_evidence_sd	ips	20.235294117647058	2.9488715753422934	2.5590588298495818	3.326913943005127	
n2_evidence_sd	ips	21.11764705882353	2.999251741730606	2.6064440988512767	3.3784356831070035	
n2_evidence_sd	ips	22.0	3.049018328359115	2.653667065961153	3.4296847450605625	
n2_evidence_sd	ips	22.88235294117647	3.0981696330202997	2.701250376446898	3.48144843705986	
n2_evidence_sd	ips	23.764705882352942	3.146704922315767	2.7461517678736964	3.5323860829658797	
n2_evidence_sd	ips	24.647058823529413	3.194624353506856	2.7924085167238846	3.582983617971842	
n2_evidence_sd	ips	25.52941176470588	3.2419289025918103	2.8370058288347924	3.6323722388470703	
n2_evidence_sd	ips	26.41176470588235	3.288620298168823	2.8802671513305236	3.680944824905599	
n2_evidence_sd	ips	27.294117647058822	3.3347009606614346	2.923576639713338	3.729117273523276	
n2_evidence_sd	ips	28.176470588235293	3.380173946503328	2.9657511565312604	3.7761604652356167	
n2_evidence_sd	ips	29.058823529411764	3.425042896901568	3.0082925173052675	3.822015185383425	
n2_evidence_sd	ips	29.941176470588236	3.469311990819285	3.04976885478449	3.8699566142657966	
n2_evidence_sd	ips	30.823529411764707	3.5129859018420175	3.0900267380291218	3.9166976157771627	
n2_evidence_sd	ips	31.705882352941174	3.5560697586147567	3.130598353327859	3.9625457202152568	
n2_evidence_sd	ips	32.588235294117645	3.5985691085581917	3.1695278293556357	4.007007290974189	
n2_evidence_sd	ips	33.470588235294116	3.6404898845941505	3.2079774442104765	4.052147378198216	
n2_evidence_sd	ips	34.35294117647059	3.681838374630917	3.2471328070694865	4.096249377451839	
n2_evidence_sd	ips	35.23529411764706	3.7226211935777815	3.2848038762212886	4.139921777120262	
n2_evidence_sd	ips	36.11764705882353	3.762845257676729	3.3219836283318056	4.183533810744959	
n2_evidence_sd	ips	37.0	3.802517760956711	3.3584284094696946	4.225499942632971	
n2_evidence_sd	ips	37.88235294117647	3.8416461536297635	3.3940475641941545	4.266361695266168	
n2_evidence_sd	ips	38.76470588235294	3.8802381222666598	3.429617711571249	4.307905853957967	
n2_evidence_sd	ips	39.64705882352941	3.9183015715993164	3.4644964913591325	4.348635969101124	
n2_evidence_sd	ips	40.529411764705884	3.955844607813368	3.4986128667297756	4.389360867497534	
n2_evidence_sd	ips	41.411764705882355	3.992875523203741	3.5326966004028466	4.430250296683091	
n2_evidence_sd	ips	42.294117647058826	4.029402782078276	3.5660178390671873	4.47087193131865	
n2_evidence_sd	ips	43.17647058823529	4.065435007802767	3.599494013176469	4.5095548898115645	
n2_evidence_sd	ips	44.05882352941176	4.10098097089204	3.6317246538798105	4.548658091555531	
n2_evidence_sd	ips	44.94117647058823	4.136049578057853	3.6627429245514556	4.586303441703914	
n2_evidence_sd	ips	45.8235294117647	4.1706498621334624	3.6937920449571466	4.624044604223016	
n2_evidence_sd	ips	46.705882352941174	4.204790972800785	3.724981672999554	4.661947609938204	
n2_evidence_sd	ips	47.588235294117645	4.238482168053477	3.75493796913353	4.698608086420444	
n2_evidence_sd	ips	48.470588235294116	4.271732806333777	3.7847219974002915	4.734869677882357	
n2_evidence_sd	ips	49.35294117647059	4.30455233928737	3.8138612681300814	4.771394329052692	
n2_evidence_sd	ips	50.23529411764706	4.336950305085039	3.8423550438833556	4.807659957433822	
n2_evidence_sd	ips	51.11764705882353	4.368936322264065	3.8699324732925544	4.8427058335250965	
n2_evidence_sd	ips	52.0	4.400520084046312	3.8974900933942465	4.877523643879697	
n2_evidence_sd	ips	52.88235294117647	4.431711353094569	3.925592791682467	4.911856068301932	
n2_evidence_sd	ips	53.76470588235294	4.4625199566707145	3.951428322194073	4.9463310033472565	
n2_evidence_sd	ips	54.64705882352941	4.492955782163216	3.97840181165674	4.979657028089286	
n2_evidence_sd	ips	55.529411764705884	4.5230287729544125	4.005865810421416	5.01255681738908	
n2_evidence_sd	ips	56.41176470588235	4.552748924599164	4.032658830921717	5.045597639507912	
n2_evidence_sd	ips	57.29411764705882	4.5821262812913055	4.05893533389148	5.079284599457316	
n2_evidence_sd	ips	58.17647058823529	4.611170932593882	4.084077979815467	5.111648971467232	
n2_evidence_sd	ips	59.05882352941176	4.639893010412069	4.10854104294002	5.143049348367866	
n2_evidence_sd	ips	59.94117647058823	4.6683026861910335	4.1333558647198565	5.174978781657091	
n2_evidence_sd	ips	60.8235294117647	4.69641016831855	4.157747203109839	5.206008775946185	
n2_evidence_sd	ips	61.705882352941174	4.724225699719262	4.181864668611812	5.238152609221708	
n2_evidence_sd	ips	62.588235294117645	4.751759555622871	4.205743971856582	5.269476436270711	
n2_evidence_sd	ips	63.470588235294116	4.7790220414947635	4.229357383252323	5.300603790633731	
n2_evidence_sd	ips	64.35294117647058	4.80602349111559	4.254030772784095	5.331946584116287	
n2_evidence_sd	ips	65.23529411764706	4.832774264798477	4.278031928430129	5.362807325976268	
n2_evidence_sd	ips	66.11764705882354	4.859284747733281	4.301088361021348	5.392559732136372	
n2_evidence_sd	ips	67.0	4.88556534844864	4.324727070410727	5.421824461435438	
n2_evidence_sd	ips	67.88235294117646	4.911626497382071	4.347370433573519	5.450831469724071	
n2_evidence_sd	ips	68.76470588235294	4.93747864555083	4.370336253208133	5.480090175931402	
n2_evidence_sd	ips	69.64705882352942	4.963132263315436	4.3932103179926045	5.508693985813675	
n2_evidence_sd	ips	70.52941176470588	4.9885978392288735	4.415781840024491	5.5374731265949055	
n2_evidence_sd	ips	71.41176470588235	5.013885878965171	4.438069557058371	5.565143360377169	
n2_evidence_sd	ips	72.29411764705883	5.039006904321821	4.461342777053017	5.592438008087032	
n2_evidence_sd	ips	73.17647058823529	5.063971452289754	4.483675237972861	5.6209167189954234	
n2_evidence_sd	ips	74.05882352941177	5.088790074186562	4.506316225214423	5.648001388659519	
n2_evidence_sd	ips	74.94117647058823	5.1134733348478525	4.528490087589671	5.67472722271002	
n2_evidence_sd	ips	75.82352941176471	5.138031811872864	4.550435034458766	5.702223564922352	
n2_evidence_sd	ips	76.70588235294117	5.162476094919839	4.572304904681396	5.7290687387321215	
n2_evidence_sd	ips	77.58823529411765	5.186816785047633	4.595517136668225	5.755474092281234	
n2_evidence_sd	ips	78.47058823529412	5.211064494100532	4.617729787599612	5.7823430067451165	
n2_evidence_sd	ips	79.35294117647058	5.235229844132671	4.639905427990475	5.8094952543935	
n2_evidence_sd	ips	80.23529411764706	5.259323466869042	4.662637938543592	5.836089075592678	
n2_evidence_sd	ips	81.11764705882352	5.283356003200696	4.685129206266379	5.8622311677802035	
n2_evidence_sd	ips	82.0	5.307338102711633	4.706619618050683	5.888159088238995	
n2_evidence_sd	ips	82.88235294117646	5.331280423234532	4.729284850042971	5.914136830975635	
n2_evidence_sd	ips	83.76470588235294	5.355193630433743	4.750722069024476	5.940426139923382	
n2_evidence_sd	ips	84.6470588235294	5.379088397413031	4.772955632039795	5.966423529375433	
n2_evidence_sd	ips	85.52941176470588	5.402975404346627	4.795813594098874	5.990986853717896	
n2_evidence_sd	ips	86.41176470588235	5.4268653381312095	4.818259167826467	6.016840888383537	
n2_evidence_sd	ips	87.29411764705883	5.450768892058001	4.840621964841377	6.042884604568553	
n2_evidence_sd	ips	88.17647058823529	5.474696765502882	4.8635115446045925	6.067929171740027	
n2_evidence_sd	ips	89.05882352941177	5.498659663632851	4.88649233633466	6.092725191664318	
n2_evidence_sd	ips	89.94117647058823	5.522668297128681	4.909726771685011	6.118626671733041	
n2_evidence_sd	ips	90.82352941176471	5.546733381921209	4.933475190136472	6.144723376103937	
n2_evidence_sd	ips	91.70588235294117	5.570865638940822	4.955481251928793	6.1697621630701995	
n2_evidence_sd	ips	92.58823529411764	5.595075793879331	4.9773529898632125	6.1952947614252665	
n2_evidence_sd	ips	93.47058823529412	5.619374576962408	5.002417342768656	6.219143927119049	
n2_evidence_sd	ips	94.35294117647058	5.643772722732694	5.025745236046419	6.24593298649004	
n2_evidence_sd	ips	95.23529411764706	5.668280969841958	5.047672072911569	6.271761244221543	
n2_evidence_sd	ips	96.11764705882352	5.692910060851859	5.071118298132334	6.296947634756316	
n2_evidence_sd	ips	97.0	5.717670742042844	5.095906499965296	6.322781829498716	
n2_evidence_sd	ips	97.88235294117646	5.742573763230069	5.118028252429575	6.347119095873517	
n2_evidence_sd	ips	98.76470588235294	5.767629877586059	5.141656725588876	6.3720960849325055	
n2_evidence_sd	ips	99.6470588235294	5.792849841469574	5.16532371294419	6.398790852751352	
n2_evidence_sd	ips	100.52941176470588	5.818244414259921	5.1904348672871885	6.424431853070121	
n2_evidence_sd	ips	101.41176470588235	5.8438243581970895	5.215935782542891	6.449855102777051	
n2_evidence_sd	ips	102.29411764705883	5.869600438225837	5.241170600077599	6.474032583919532	
n2_evidence_sd	ips	103.17647058823529	5.895583421844905	5.265764965879135	6.500916143926436	
n2_evidence_sd	ips	104.05882352941177	5.921784078960634	5.291111416221443	6.529053882067825	
n2_evidence_sd	ips	104.94117647058823	5.948213181743698	5.317605519345706	6.557928653352152	
n2_evidence_sd	ips	105.8235294117647	5.974881504490351	5.3430422360025505	6.587488436871022	
n2_evidence_sd	ips	106.70588235294117	6.001799823487	5.3709703127698	6.61795786413302	
n2_evidence_sd	ips	107.58823529411764	6.028978916878008	5.399113812555075	6.647979082644183	
n2_evidence_sd	ips	108.47058823529412	6.056429564536892	5.425878126240042	6.6786206118538	
n2_evidence_sd	ips	109.35294117647058	6.0841625479407595	5.452342948429321	6.70809958644646	
n2_evidence_sd	ips	110.23529411764706	6.112188650048064	5.479917850241213	6.73708777274532	
n2_evidence_sd	ips	111.11764705882352	6.140518655178677	5.504951870892311	6.769309197978201	
n2_evidence_sd	ips	112.0	6.169163348898225	5.530893280611124	6.803529705190012	
n2_evidence_sd	vertex	7.0	1.491926766800476	1.184468600932863	1.8442351690836152	
n2_evidence_sd	vertex	7.882352941176471	1.6235710066374685	1.3275356623731382	1.9464170131133327	
n2_evidence_sd	vertex	8.764705882352942	1.7473572069624839	1.4546228624055901	2.05348552194156	
n2_evidence_sd	vertex	9.647058823529411	1.8626208434418094	1.56763607608933	2.160719785939947	
n2_evidence_sd	vertex	10.529411764705882	1.9691110404891752	1.672363608771991	2.266535932983692	
n2_evidence_sd	vertex	11.411764705882353	2.066894139819334	1.7647436708764548	2.3709876364277025	
n2_evidence_sd	vertex	12.294117647058822	2.1562755977884915	1.8472511887490217	2.465756874246497	
n2_evidence_sd	vertex	13.176470588235293	2.2377395373200097	1.9238352683604119	2.556061945443232	
n2_evidence_sd	vertex	14.058823529411764	2.311903132083969	1.991387132797514	2.6384304657064175	
n2_evidence_sd	vertex	14.941176470588236	2.379482648125104	2.0525454856375376	2.7135856347478504	
n2_evidence_sd	vertex	15.823529411764707	2.4412683356656433	2.11012393894518	2.7819444175066663	
n2_evidence_sd	vertex	16.705882352941174	2.4981059277726976	2.164072278103331	2.842485528549421	
n2_evidence_sd	vertex	17.588235294117645	2.5508830445233395	2.213224375943894	2.898564587996549	
n2_evidence_sd	vertex	18.470588235294116	2.600519249288612	2.2605557653223842	2.9500557634222937	
n2_evidence_sd	vertex	19.352941176470587	2.6479588480198237	2.306035892158682	2.99895544531082	
n2_evidence_sd	vertex	20.235294117647058	2.694162650329903	2.350142461319679	3.046655047008857	
n2_evidence_sd	vertex	21.11764705882353	2.7397841099062856	2.3937401443644966	3.0934789015538193	
n2_evidence_sd	vertex	22.0	2.7848845994424725	2.437089916076442	3.1403276488740612	
n2_evidence_sd	vertex	22.88235294117647	2.829461714437248	2.4797151605146075	3.187860535268918	
n2_evidence_sd	vertex	23.764705882352942	2.8735139718178377	2.5207822574792864	3.232290060375399	
n2_evidence_sd	vertex	24.647058823529413	2.9170407415238895	2.5617841158319004	3.2781759031599673	
n2_evidence_sd	vertex	25.52941176470588	2.960042182980074	2.602104963299913	3.323190487695394	
n2_evidence_sd	vertex	26.41176470588235	3.0025191861744274	2.6420840697085475	3.368560934817253	
n2_evidence_sd	vertex	27.294117647058822	3.0444733170609797	2.681504898183801	3.413036985001975	
n2_evidence_sd	vertex	28.176470588235293	3.0859067670109335	2.719554506345987	3.4565309720900523	
n2_evidence_sd	vertex	29.058823529411764	3.126822306044889	2.757421650301257	3.5005970535480193	
n2_evidence_sd	vertex	29.941176470588236	3.167223239587897	2.795355852041248	3.54343791543702	
n2_evidence_sd	vertex	30.823529411764707	3.207113368501676	2.83226567138786	3.58602348835755	
n2_evidence_sd	vertex	31.705882352941174	3.2464969521596925	2.8690410595870715	3.6289077638653207	
n2_evidence_sd	vertex	32.588235294117645	3.2853786743438063	2.9055781598378094	3.671221376670235	
n2_evidence_sd	vertex	33.470588235294116	3.3237636117543348	2.9410344001563646	3.7133605628791266	
n2_evidence_sd	vertex	34.35294117647059	3.3616572049384836	2.975588910019824	3.755637617835889	
n2_evidence_sd	vertex	35.23529411764706	3.399065231453303	3.0096413088431015	3.795831942783333	
n2_evidence_sd	vertex	36.11764705882353	3.435993781094163	3.0436497183066566	3.8361884354215574	
n2_evidence_sd	vertex	37.0	3.4724492330287386	3.076291617340413	3.876420545056201	
n2_evidence_sd	vertex	37.88235294117647	3.5084382346897844	3.109263410485142	3.91581128323161	
n2_evidence_sd	vertex	38.76470588235294	3.543967682290025	3.140829206604035	3.9547677815841196	
n2_evidence_sd	vertex	39.64705882352941	3.579044702831965	3.1722555936757937	3.994231102334521	
n2_evidence_sd	vertex	40.529411764705884	3.6136766374965292	3.2036157663754534	4.0317135518453915	
n2_evidence_sd	vertex	41.411764705882355	3.6478710263012313	3.234458169969186	4.0693606088266705	
n2_evidence_sd	vertex	42.294117647058826	3.6816355939289576	3.264703253830097	4.10638404507323	
n2_evidence_sd	vertex	43.17647058823529	3.7149782366348436	3.2934396075930574	4.144941233495863	
n2_evidence_sd	vertex	44.05882352941176	3.7479070101464385	3.323855281650982	4.1802141905648575	
n2_evidence_sd	vertex	44.94117647058823	3.7804301184788134	3.3526813549276953	4.215671355692612	
n2_evidence_sd	vertex	45.8235294117647	3.8125559035933803	3.3816010490554116	4.251359677379707	
n2_evidence_sd	vertex	46.705882352941174	3.8442928358328974	3.4104039785923015	4.287253166100966	
n2_evidence_sd	vertex	47.588235294117645	3.875649505072755	3.438213626975907	4.3224078386425555	
n2_evidence_sd	vertex	48.470588235294116	3.906634612532566	3.4667202124003285	4.357860245762685	
n2_evidence_sd	vertex	49.35294117647059	3.9372569631951717	3.4939905560928937	4.3929843743205685	
n2_evidence_sd	vertex	50.23529411764706	3.9675254587871915	3.5210328837267686	4.42657634730711	
n2_evidence_sd	vertex	51.11764705882353	3.9974490912765637	3.546367922947573	4.459772805515887	
n2_evidence_sd	vertex	52.0	4.027036936847329	3.5725702003805315	4.493730088415286	
n2_evidence_sd	vertex	52.88235294117647	4.056298150314581	3.5984515802209143	4.5271991304968076	
n2_evidence_sd	vertex	53.76470588235294	4.0852419599456	3.6242162409805707	4.559783041420023	
n2_evidence_sd	vertex	54.64705882352941	4.113877662656546	3.649156754659115	4.591044020891167	
n2_evidence_sd	vertex	55.529411764705884	4.142214619555081	3.673719004667769	4.622891634613356	
n2_evidence_sd	vertex	56.41176470588235	4.170262251803215	3.6983274191568465	4.653150033315528	
n2_evidence_sd	vertex	57.29411764705882	4.198030036775877	3.7218503737666726	4.683520860107418	
n2_evidence_sd	vertex	58.17647058823529	4.225527504492556	3.7449576396659405	4.714881020673931	
n2_evidence_sd	vertex	59.05882352941176	4.25276423430189	3.7689925860776348	4.745801650415155	
n2_evidence_sd	vertex	59.94117647058823	4.279749851799942	3.7929640512388594	4.775657265490082	
n2_evidence_sd	vertex	60.8235294117647	4.306494025964476	3.8167842855830867	4.805773633190632	
n2_evidence_sd	vertex	61.705882352941174	4.333006466489456	3.838949662442117	4.835644645242688	
n2_evidence_sd	vertex	62.588235294117645	4.359296921305171	3.861623456096876	4.865690999951704	
n2_evidence_sd	vertex	63.470588235294116	4.385375174269118	3.8848662788652515	4.8945585221936145	
n2_evidence_sd	vertex	64.35294117647058	4.41125104301641	3.907919084340384	4.924204417546563	
n2_evidence_sd	vertex	65.23529411764706	4.436934376957222	3.9300440900970024	4.953624058696013	
n2_evidence_sd	vertex	66.11764705882354	4.462435055410664	3.9524447152791597	4.982283629753436	
n2_evidence_sd	vertex	67.0	4.487762985864857	3.973916254795609	5.010280210406915	
n2_evidence_sd	vertex	67.88235294117646	4.512928102354768	3.9960029323126793	5.038814821678527	
n2_evidence_sd	vertex	68.76470588235294	4.537940363948376	4.018775042883103	5.068806381866771	
n2_evidence_sd	vertex	69.64705882352942	4.562809753333638	4.041117901745085	5.096707274097028	
n2_evidence_sd	vertex	70.52941176470588	4.587546275499493	4.063701528382818	5.122576455152183	
n2_evidence_sd	vertex	71.41176470588235	4.612159956502978	4.084699935271568	5.150646756730355	
n2_evidence_sd	vertex	72.29411764705883	4.636660842317292	4.106192676272969	5.178905167927994	
n2_evidence_sd	vertex	73.17647058823529	4.661058997754467	4.128345158090045	5.207379151897155	
n2_evidence_sd	vertex	74.05882352941177	4.685364505457131	4.150338161224318	5.234912863154743	
n2_evidence_sd	vertex	74.94117647058823	4.709587464955063	4.172443289278646	5.2620921603682245	
n2_evidence_sd	vertex	75.82352941176471	4.733737991780581	4.193820650863782	5.289195160783801	
n2_evidence_sd	vertex	76.70588235294117	4.757826216640142	4.21502304936683	5.315540002676787	
n2_evidence_sd	vertex	77.58823529411765	4.781862284636478	4.237219471440519	5.343281640990351	
n2_evidence_sd	vertex	78.47058823529412	4.805856354538732	4.2586531014587905	5.368426147380211	
n2_evidence_sd	vertex	79.35294117647058	4.829818598096505	4.279511848221117	5.395947804392708	
n2_evidence_sd	vertex	80.23529411764706	4.853759199394881	4.300364080446881	5.423334592577172	
n2_evidence_sd	vertex	81.11764705882352	4.877688354246794	4.321372297535146	5.4499820830469625	
n2_evidence_sd	vertex	82.0	4.901616269621138	4.343420425365535	5.476109797182715	
n2_evidence_sd	vertex	82.88235294117646	4.925553163102493	4.364704148025389	5.501379489334602	
n2_evidence_sd	vertex	83.76470588235294	4.949509262381493	4.387180491389721	5.527105563740692	
n2_evidence_sd	vertex	84.6470588235294	4.973494804772156	4.409744295945164	5.552707862888149	
n2_evidence_sd	vertex	85.52941176470588	4.997520036755552	4.431943513130896	5.578481787613318	
n2_evidence_sd	vertex	86.41176470588235	5.02159521354628	4.454894573369385	5.6053266565979945	
n2_evidence_sd	vertex	87.29411764705883	5.045730598681319	4.4773413296173645	5.630622869679736	
n2_evidence_sd	vertex	88.17647058823529	5.069936463628536	4.499490484465138	5.656378370069414	
n2_evidence_sd	vertex	89.05882352941177	5.094223087413944	4.52313495274185	5.68121391136078	
n2_evidence_sd	vertex	89.94117647058823	5.118600756265711	4.54526955825537	5.708578276040899	
n2_evidence_sd	vertex	90.82352941176471	5.143079763274017	4.569083928502665	5.735222957469154	
n2_evidence_sd	vertex	91.70588235294117	5.167670408065217	4.592320589016122	5.761880880773908	
n2_evidence_sd	vertex	92.58823529411764	5.192382996489311	4.615478677420515	5.788068198664953	
n2_evidence_sd	vertex	93.47058823529412	5.217227840319403	4.638575520303756	5.8140722163591825	
n2_evidence_sd	vertex	94.35294117647058	5.242215256962665	4.66119950196611	5.839940448616113	
n2_evidence_sd	vertex	95.23529411764706	5.2673555691813085	4.684574279174266	5.866054585625981	
n2_evidence_sd	vertex	96.11764705882352	5.292659104823252	4.709051884774911	5.892678829728728	
n2_evidence_sd	vertex	97.0	5.3181361965614595	4.732648291499848	5.921619682784222	
n2_evidence_sd	vertex	97.88235294117646	5.343797181641407	4.7577904639685515	5.949108861994609	
n2_evidence_sd	vertex	98.76470588235294	5.369652401636059	4.783200803467619	5.976771204536875	
n2_evidence_sd	vertex	99.6470588235294	5.395712202207793	4.808638259995192	6.0055545042488285	
n2_evidence_sd	vertex	100.52941176470588	5.421986932877173	4.833355807595203	6.032390619565229	
n2_evidence_sd	vertex	101.41176470588235	5.448486946797007	4.85825550030768	6.062530617517405	
n2_evidence_sd	vertex	102.29411764705883	5.47522260053345	4.884375610943926	6.090914228425954	
n2_evidence_sd	vertex	103.17647058823529	5.502204253851714	4.909764125480873	6.119717692435603	
n2_evidence_sd	vertex	104.05882352941177	5.5294422695070065	4.9361835198966535	6.148320195212537	
n2_evidence_sd	vertex	104.94117647058823	5.55694701304132	4.961829277923746	6.179257891948521	
n2_evidence_sd	vertex	105.8235294117647	5.584728852584589	4.989075819410074	6.20967298216716	
n2_evidence_sd	vertex	106.70588235294117	5.612798158660715	5.014735667475961	6.241017292870547	
n2_evidence_sd	vertex	107.58823529411764	5.641165303998843	5.040850363480461	6.27242426017668	
n2_evidence_sd	vertex	108.47058823529412	5.6698406633489355	5.068418447579956	6.306749244292246	
n2_evidence_sd	vertex	109.35294117647058	5.698834613302657	5.094307325110125	6.339640264781689	
n2_evidence_sd	vertex	110.23529411764706	5.728157532118693	5.119045141948402	6.377047615160162	
n2_evidence_sd	vertex	111.11764705882352	5.757819799553293	5.142230184549101	6.4153146494812185	
n2_evidence_sd	vertex	112.0	5.787831796695919	5.168818388362603	6.451896585942067	
n2_evidence_sd	ips - vertex	7.0	0.35674814272031224	0.10929167653723416	0.6707489455127751	
n2_evidence_sd	ips - vertex	7.882352941176471	0.3325448931893415	0.11271526374625035	0.6038170592141722	
n2_evidence_sd	ips - vertex	8.764705882352942	0.310467031119531	0.11417987999769282	0.549269636970094	
n2_evidence_sd	ips - vertex	9.647058823529411	0.29107029550359625	0.10920070351677685	0.5094642389913482	
n2_evidence_sd	ips - vertex	10.529411764705882	0.27465632497284476	0.10107612634195101	0.47902825212169703	
n2_evidence_sd	ips - vertex	11.411764705882353	0.26133298108774	0.09100844974786228	0.45850906402842406	
n2_evidence_sd	ips - vertex	12.294117647058822	0.251063927213398	0.08137783803476914	0.4438173337295825	
n2_evidence_sd	ips - vertex	13.176470588235293	0.24370699417188538	0.07221086578144062	0.43472514630756715	
n2_evidence_sd	ips - vertex	14.058823529411764	0.23904289333358256	0.06544578402968493	0.4307505624171035	
n2_evidence_sd	ips - vertex	14.941176470588236	0.23679631296215156	0.0602233024455302	0.42919095861785655	
n2_evidence_sd	ips - vertex	15.823529411764707	0.23665126542597972	0.057779250091378076	0.4299159689646535	
n2_evidence_sd	ips - vertex	16.705882352941174	0.23826218966939028	0.058164544781063886	0.4325901601057189	
n2_evidence_sd	ips - vertex	17.588235294117645	0.24126194483441205	0.06048511845852263	0.43617288287115125	
n2_evidence_sd	ips - vertex	18.470588235294116	0.24526752218498782	0.06389655256117065	0.4407442271095774	
n2_evidence_sd	ips - vertex	19.352941176470587	0.24988406541446162	0.06733835207933828	0.4449295196411541	
n2_evidence_sd	ips - vertex	20.235294117647058	0.25470892501239634	0.07175628943101292	0.45027624620612033	
n2_evidence_sd	ips - vertex	21.11764705882353	0.25946763182433175	0.07567772639262091	0.45614259533190993	
n2_evidence_sd	ips - vertex	22.0	0.2641337289166165	0.07901699361436636	0.4620110150298109	
n2_evidence_sd	ips - vertex	22.88235294117647	0.2687079185830474	0.08274894217676257	0.46773632434265905	
n2_evidence_sd	ips - vertex	23.764705882352942	0.2731909504979581	0.08564639286415086	0.4731203911892144	
n2_evidence_sd	ips - vertex	24.647058823529413	0.2775836119829995	0.08854994417527261	0.4791745536293937	
n2_evidence_sd	ips - vertex	25.52941176470588	0.28188671961175155	0.09064600047418896	0.48541668616018446	
n2_evidence_sd	ips - vertex	26.41176470588235	0.2861011119944022	0.09274815174547976	0.4908492902732456	
n2_evidence_sd	ips - vertex	27.294117647058822	0.29022764360045733	0.09493564371749555	0.49726611472935234	
n2_evidence_sd	ips - vertex	28.176470588235293	0.29426717949239245	0.0973653965988623	0.5043742827426827	
n2_evidence_sd	ips - vertex	29.058823529411764	0.298220590856708	0.09913584872539824	0.5101265949853714	
n2_evidence_sd	ips - vertex	29.941176470588236	0.30208875123139967	0.10172485840840469	0.5150899230408615	
n2_evidence_sd	ips - vertex	30.823529411764707	0.3058725333403125	0.10374458123959926	0.5199433568249084	
n2_evidence_sd	ips - vertex	31.705882352941174	0.30957280645504015	0.1059021788236316	0.525377943327111	
n2_evidence_sd	ips - vertex	32.588235294117645	0.3131904342143961	0.10780170386709724	0.5310873642952695	
n2_evidence_sd	ips - vertex	33.470588235294116	0.3167262728398231	0.10972643873950426	0.5373942349776597	
n2_evidence_sd	ips - vertex	34.35294117647059	0.3201811696924794	0.11097640579225349	0.5427582930817897	
n2_evidence_sd	ips - vertex	35.23529411764706	0.3235559621244765	0.1127154560525417	0.5482794189510235	
n2_evidence_sd	ips - vertex	36.11764705882353	0.3268514765825969	0.11376647804030855	0.5539904528244486	
n2_evidence_sd	ips - vertex	37.0	0.3300685279279664	0.11427731908340166	0.5598576525772087	
n2_evidence_sd	ips - vertex	37.88235294117647	0.3332079189399706	0.11583985690568001	0.5651619272258253	
n2_evidence_sd	ips - vertex	38.76470588235294	0.33627043997664025	0.11703139891036037	0.5698062442976671	
n2_evidence_sd	ips - vertex	39.64705882352941	0.3392568687673337	0.11797794513687607	0.5741440666096942	
n2_evidence_sd	ips - vertex	40.529411764705884	0.34216797031682455	0.11974349855272375	0.5789399962248043	
n2_evidence_sd	ips - vertex	41.411764705882355	0.3450044969025547	0.1212543313144972	0.5829706098574458	
n2_evidence_sd	ips - vertex	42.294117647058826	0.3477671881493411	0.12167542134336073	0.5864330854783493	
n2_evidence_sd	ips - vertex	43.17647058823529	0.35045677116791374	0.12210715822897421	0.5904602996611924	
n2_evidence_sd	ips - vertex	44.05882352941176	0.35307396074560754	0.12279021336242145	0.5942419521323762	
n2_evidence_sd	ips - vertex	44.94117647058823	0.3556194595790136	0.12358660172264144	0.5984686382824185	
n2_evidence_sd	ips - vertex	45.8235294117647	0.3580939585400497	0.12455001781886318	0.6028951953063092	
n2_evidence_sd	ips - vertex	46.705882352941174	0.3604981369679217	0.12478546700986189	0.6068908856429788	
n2_evidence_sd	ips - vertex	47.588235294117645	0.362832662980718	0.125237125268673	0.6109616963544463	
n2_evidence_sd	ips - vertex	48.470588235294116	0.36509819380118436	0.1267990806480154	0.6154412827656783	
n2_evidence_sd	ips - vertex	49.35294117647059	0.367295376092182	0.12678129195049187	0.6198482625826784	
n2_evidence_sd	ips - vertex	50.23529411764706	0.369424846297873	0.12823843583759448	0.6231809168414179	
n2_evidence_sd	ips - vertex	51.11764705882353	0.3714872309874967	0.12869599399467505	0.6271963445206936	
n2_evidence_sd	ips - vertex	52.0	0.37348314719895687	0.12862036776715943	0.6309471713281274	
n2_evidence_sd	ips - vertex	52.88235294117647	0.3754132027799861	0.12892970141457571	0.6344021312051233	
n2_evidence_sd	ips - vertex	53.76470588235294	0.37727799672508655	0.1293328627488986	0.6376694391000925	
n2_evidence_sd	ips - vertex	54.64705882352941	0.37907811950667747	0.12917767750834364	0.6414142640130721	
n2_evidence_sd	ips - vertex	55.529411764705884	0.38081415339930597	0.12878152898654877	0.6443802635169741	
n2_evidence_sd	ips - vertex	56.41176470588235	0.382486672795907	0.12847669208444248	0.6473383114493054	
n2_evidence_sd	ips - vertex	57.29411764705882	0.3840962445154393	0.1271743044948038	0.6507779704862114	
n2_evidence_sd	ips - vertex	58.17647058823529	0.38564342810131186	0.12775324675473318	0.653312607751046	
n2_evidence_sd	ips - vertex	59.05882352941176	0.3871287761102084	0.12748907813139204	0.6558122581747725	
n2_evidence_sd	ips - vertex	59.94117647058823	0.38855283439107696	0.12680441812340373	0.6583032199451542	
n2_evidence_sd	ips - vertex	60.8235294117647	0.3899161423541238	0.12671311046610773	0.6614841064370899	
n2_evidence_sd	ips - vertex	61.705882352941174	0.39121923322977664	0.1264947547269402	0.66469248803396	
n2_evidence_sd	ips - vertex	62.588235294117645	0.3924626343176427	0.1262573061293116	0.6672075844202775	
n2_evidence_sd	ips - vertex	63.470588235294116	0.39364686722561676	0.12564373833148584	0.6691225397622851	
n2_evidence_sd	ips - vertex	64.35294117647058	0.3947724480991803	0.1247514792364505	0.6715061049630987	
n2_evidence_sd	ips - vertex	65.23529411764706	0.39583988784124446	0.12385735980521433	0.6734861281254144	
n2_evidence_sd	ips - vertex	66.11764705882354	0.39684969232267503	0.12328138558359515	0.6759393710758987	
n2_evidence_sd	ips - vertex	67.0	0.39780236258381513	0.12188222121419041	0.6779202531976739	
n2_evidence_sd	ips - vertex	67.88235294117646	0.3986983950273071	0.1213517232989255	0.6801637021607729	
n2_evidence_sd	ips - vertex	68.76470588235294	0.3995382816025035	0.12091584074356265	0.6819613885026011	
n2_evidence_sd	ips - vertex	69.64705882352942	0.4003225099818118	0.11962625443931255	0.6836548492881572	
n2_evidence_sd	ips - vertex	70.52941176470588	0.4010515637293547	0.11913367402767282	0.6855944252252273	
n2_evidence_sd	ips - vertex	71.41176470588235	0.40172592246217415	0.11833573813464944	0.6877286958055281	
n2_evidence_sd	ips - vertex	72.29411764705883	0.402346062004509	0.11701347089262482	0.6908261685048811	
n2_evidence_sd	ips - vertex	73.17647058823529	0.4029124545352858	0.11613502266246752	0.69229727876402	
n2_evidence_sd	ips - vertex	74.05882352941177	0.4034255687293657	0.11595051204654458	0.6941426731048074	
n2_evidence_sd	ips - vertex	74.94117647058823	0.40388586989277653	0.11554497536231505	0.6955093167509289	
n2_evidence_sd	ips - vertex	75.82352941176471	0.4042938200922804	0.11538608449236668	0.6967536681653748	
n2_evidence_sd	ips - vertex	76.70588235294117	0.40464987827969207	0.11444927337786144	0.698453800445132	
n2_evidence_sd	ips - vertex	77.58823529411765	0.40495450041115993	0.1131586224668725	0.7003795983275982	
n2_evidence_sd	ips - vertex	78.47058823529412	0.4052081395618358	0.11183082621322127	0.7021270024027083	
n2_evidence_sd	ips - vertex	79.35294117647058	0.4054112460361689	0.11055990005139858	0.7034359889156401	
n2_evidence_sd	ips - vertex	80.23529411764706	0.40556426747416463	0.10949041525017865	0.7048174822050731	
n2_evidence_sd	ips - vertex	81.11764705882352	0.4056676489538928	0.10810033431001147	0.7068251226318044	
n2_evidence_sd	ips - vertex	82.0	0.4057218330905013	0.10711648547278532	0.7090562966504603	
n2_evidence_sd	ips - vertex	82.88235294117646	0.40572726013203086	0.10570460623356755	0.710430089319063	
n2_evidence_sd	ips - vertex	83.76470588235294	0.40568436805227187	0.10515683960993333	0.7121552986904982	
n2_evidence_sd	ips - vertex	84.6470588235294	0.4055935926408899	0.10320731753182624	0.7134621106501957	
n2_evidence_sd	ips - vertex	85.52941176470588	0.40545536759108475	0.10163683364113194	0.7141929750117362	
n2_evidence_sd	ips - vertex	86.41176470588235	0.4052701245849364	0.09926535791162842	0.7154105364020757	
n2_evidence_sd	ips - vertex	87.29411764705883	0.4050382933767381	0.09588684566475973	0.7172838037312891	
n2_evidence_sd	ips - vertex	88.17647058823529	0.40476030187435413	0.09336188112037898	0.719494703003815	
n2_evidence_sd	ips - vertex	89.05882352941177	0.40443657621892554	0.09077005542464651	0.7213240185176726	
n2_evidence_sd	ips - vertex	89.94117647058823	0.40406754086300356	0.08832608491413751	0.7234745036203881	
n2_evidence_sd	ips - vertex	90.82352941176471	0.40365361864719645	0.08681814326866259	0.7249326887043176	
n2_evidence_sd	ips - vertex	91.70588235294117	0.4031952308756073	0.08378015868636916	0.7271136375342407	
n2_evidence_sd	ips - vertex	92.58823529411764	0.4026927973900184	0.07996995082745673	0.7283855082117263	
n2_evidence_sd	ips - vertex	93.47058823529412	0.40214673664300893	0.07614643385102404	0.7295838422303791	
n2_evidence_sd	ips - vertex	94.35294117647058	0.40155746577004203	0.07292624877069762	0.7323704071015443	
n2_evidence_sd	ips - vertex	95.23529411764706	0.40092540066063753	0.06844164814128346	0.734050117963691	
n2_evidence_sd	ips - vertex	96.11764705882352	0.40025095602858984	0.0646596684250025	0.7362155434910451	
n2_evidence_sd	ips - vertex	97.0	0.3995345454813736	0.05961904098821623	0.7384095590591341	
n2_evidence_sd	ips - vertex	97.88235294117646	0.39877658158864643	0.05584870528226353	0.7407069411403295	
n2_evidence_sd	ips - vertex	98.76470588235294	0.397977475949985	0.05184127861954502	0.7436030249011426	
n2_evidence_sd	ips - vertex	99.6470588235294	0.3971376392616891	0.04654036456262611	0.7449634599810591	
n2_evidence_sd	ips - vertex	100.52941176470588	0.3962574813827896	0.04065477830425046	0.7496689434928225	
n2_evidence_sd	ips - vertex	101.41176470588235	0.39533741140009054	0.03333011515127689	0.7541433019368834	
n2_evidence_sd	ips - vertex	102.29411764705883	0.3943778376923213	0.027160038217106976	0.7572616719477767	
n2_evidence_sd	ips - vertex	103.17647058823529	0.39337916799323014	0.019739754238273698	0.7621768073910111	
n2_evidence_sd	ips - vertex	104.05882352941177	0.3923418094536397	0.012127368327745244	0.7674750801494014	
n2_evidence_sd	ips - vertex	104.94117647058823	0.39126616870234654	0.0038641616369517796	0.7735843902335672	
n2_evidence_sd	ips - vertex	105.8235294117647	0.39015265190576653	-0.006273807673896801	0.7800394256241411	
n2_evidence_sd	ips - vertex	106.70588235294117	0.38900166482628035	-0.01433498382662128	0.7854378472781245	
n2_evidence_sd	ips - vertex	107.58823529411764	0.38781361287915705	-0.025714949945557283	0.7925150635011377	
n2_evidence_sd	ips - vertex	108.47058823529412	0.38658890118792144	-0.03610580325075289	0.8012204120452825	
n2_evidence_sd	ips - vertex	109.35294117647058	0.38532793463812726	-0.048143929529128514	0.8082394707127727	
n2_evidence_sd	ips - vertex	110.23529411764706	0.3840311179293399	-0.05873006914959952	0.8157161320847018	
n2_evidence_sd	ips - vertex	111.11764705882352	0.38269885562534856	-0.07052735940088667	0.8228666308308248	
n2_evidence_sd	ips - vertex	112.0	0.3813315522023126	-0.08526133914991398	0.8335614069873596	
memory_contribution	ips	7.0	0.038429428673093395	0.00386500634735103	0.141159488675808	1.0
memory_contribution	ips	7.882352941176471	0.04512405663616232	0.007679040258243147	0.13581397559570105	1.0
memory_contribution	ips	8.764705882352942	0.0533679041163616	0.01360366237461882	0.13571404894555256	1.0
memory_contribution	ips	9.647058823529411	0.06287087117401903	0.021035919455221284	0.13858950158541822	1.0
memory_contribution	ips	10.529411764705882	0.07317188234386324	0.029128185842115805	0.14582757404349658	1.0
memory_contribution	ips	11.411764705882353	0.08367398269242533	0.0365476772489048	0.15745121247391472	1.0
memory_contribution	ips	12.294117647058822	0.09372779514189572	0.04269479087423474	0.1697671361168759	1.0
memory_contribution	ips	13.176470588235293	0.10273688251549867	0.04761664885719951	0.1837677977514901	1.0
memory_contribution	ips	14.058823529411764	0.11025061462571364	0.051303740053389904	0.19569746747633687	1.0
memory_contribution	ips	14.941176470588236	0.11601919078732678	0.05396854265160724	0.20463275772647763	1.0
memory_contribution	ips	15.823529411764707	0.12000342339761491	0.05670216864542636	0.20978642503146044	1.0
memory_contribution	ips	16.705882352941174	0.12234749811700808	0.058943630687125825	0.2114170887147035	1.0
memory_contribution	ips	17.588235294117645	0.12333045616686852	0.06098790400726152	0.2093547637361959	1.0
memory_contribution	ips	18.470588235294116	0.12331228789603858	0.06265632805690693	0.2055009657602173	1.0
memory_contribution	ips	19.352941176470587	0.12268663784160544	0.06410779666856595	0.20090530875341095	1.0
memory_contribution	ips	20.235294117647058	0.12184597415273409	0.06530003884848143	0.1959095945580988	1.0
memory_contribution	ips	21.11764705882353	0.12104417557063755	0.06646660887834865	0.19181864163614432	1.0
memory_contribution	ips	22.0	0.12029920044351212	0.06744336738648843	0.18838414610368157	1.0
memory_contribution	ips	22.88235294117647	0.11960448705325068	0.0685470363084771	0.18522957018974281	1.0
memory_contribution	ips	23.764705882352942	0.11895410109895804	0.06924701743774572	0.1822105507867821	1.0
memory_contribution	ips	24.647058823529413	0.11834268955994509	0.06974992319618603	0.179534664920827	1.0
memory_contribution	ips	25.52941176470588	0.117765437902493	0.07015414728268043	0.17750478101490177	1.0
memory_contribution	ips	26.41176470588235	0.11721803031523773	0.07051397365153247	0.17570152264928507	1.0
memory_contribution	ips	27.294117647058822	0.11669661267481708	0.0705965588781279	0.1747137086638113	1.0
memory_contribution	ips	28.176470588235293	0.11619775796648792	0.07061946781183863	0.17384472515175936	1.0
memory_contribution	ips	29.058823529411764	0.11571843391078096	0.07057926063696521	0.17298536318465021	1.0
memory_contribution	ips	29.941176470588236	0.11525597257496491	0.07037738395558737	0.1721440983579949	1.0
memory_contribution	ips	30.823529411764707	0.11480804177558424	0.07026500335489408	0.17111721789646078	1.0
memory_contribution	ips	31.705882352941174	0.11437261810446159	0.0699649907559436	0.170634880385057	1.0
memory_contribution	ips	32.588235294117645	0.11394796143492326	0.06963900253713785	0.17012559376674458	1.0
memory_contribution	ips	33.470588235294116	0.11353259078693968	0.06923604368144623	0.17031267940721798	1.0
memory_contribution	ips	34.35294117647059	0.11312526144943677	0.06875371523988624	0.16978219691860663	1.0
memory_contribution	ips	35.23529411764706	0.11272494327504044	0.06837032044572111	0.16962197521612146	1.0
memory_contribution	ips	36.11764705882353	0.1123308000771249	0.06801622957259915	0.16937289888658769	1.0
memory_contribution	ips	37.0	0.11194217007137229	0.06757109035125282	0.16904860505040084	1.0
memory_contribution	ips	37.88235294117647	0.11155854731431951	0.06719353648549706	0.16896363169755468	1.0
memory_contribution	ips	38.76470588235294	0.11117956409967983	0.06693404036727894	0.16897096816173013	1.0
memory_contribution	ips	39.64705882352941	0.11080497427999905	0.06651271167768234	0.16910621304074966	1.0
memory_contribution	ips	40.529411764705884	0.11043463748642002	0.06596625805347664	0.16897970960022868	1.0
memory_contribution	ips	41.411764705882355	0.11006850422338757	0.06550226986347478	0.1692205245801154	1.0
memory_contribution	ips	42.294117647058826	0.10970660181806602	0.06505845707043367	0.1692755393785986	1.0
memory_contribution	ips	43.17647058823529	0.1093490212063968	0.06452044798838363	0.16927836882515368	1.0
memory_contribution	ips	44.05882352941176	0.10899590453910948	0.06398011972036478	0.16912173177913845	1.0
memory_contribution	ips	44.94117647058823	0.10864743359187212	0.06336320156167283	0.1692253738222674	1.0
memory_contribution	ips	45.8235294117647	0.1083038189641788	0.06287252611637645	0.1692971542620156	1.0
memory_contribution	ips	46.705882352941174	0.10796529005172867	0.062227322555985155	0.1691329643518525	1.0
memory_contribution	ips	47.588235294117645	0.10763208577693535	0.061531255848375224	0.1692484935840308	1.0
memory_contribution	ips	48.470588235294116	0.10730444606200444	0.060976168682787324	0.16940027861469117	1.0
memory_contribution	ips	49.35294117647059	0.10698260402877463	0.06042624641741166	0.16949985475346746	1.0
memory_contribution	ips	50.23529411764706	0.10666677890921779	0.0598652164488046	0.16968782853200087	1.0
memory_contribution	ips	51.11764705882353	0.10635716965035563	0.059291570955869545	0.16985749740163786	1.0
memory_contribution	ips	52.0	0.10605394919720755	0.058542706766113686	0.16993390159115704	1.0
memory_contribution	ips	52.88235294117647	0.10575725943742643	0.057722002367658655	0.17045822035291894	1.0
memory_contribution	ips	53.76470588235294	0.10546720679142675	0.057037692717276586	0.17094938132545204	1.0
memory_contribution	ips	54.64705882352941	0.10518385843212898	0.05637161227337224	0.1713552363972975	1.0
memory_contribution	ips	55.529411764705884	0.10490723911889409	0.05570939655828204	0.17196845011911047	1.0
memory_contribution	ips	56.41176470588235	0.10463732863082673	0.054864219391040046	0.17253142741627203	1.0
memory_contribution	ips	57.29411764705882	0.10437405978533115	0.05390991618666434	0.17310827728895614	1.0
memory_contribution	ips	58.17647058823529	0.10411731702867123	0.0531272538181599	0.17411041103135366	1.0
memory_contribution	ips	59.05882352941176	0.10386693558616157	0.05242623280967158	0.17464097181430954	1.0
memory_contribution	ips	59.94117647058823	0.10362270116062239	0.05150804335291435	0.17547656491354874	1.0
memory_contribution	ips	60.8235294117647	0.10338435016870505	0.050694608339344624	0.17626737073573726	1.0
memory_contribution	ips	61.705882352941174	0.1031515705056863	0.05008525643212627	0.17714220519670568	1.0
memory_contribution	ips	62.588235294117645	0.10292400283028814	0.04917592355277163	0.17790421562387176	1.0
memory_contribution	ips	63.470588235294116	0.10270124236191125	0.048364320670018834	0.17859278246207452	1.0
memory_contribution	ips	64.35294117647058	0.10248284118347349	0.047456311807433774	0.17946288372389316	1.0
memory_contribution	ips	65.23529411764706	0.10226831104362705	0.0465582334347878	0.18077718645751056	1.0
memory_contribution	ips	66.11764705882354	0.10205712665260006	0.04579821583222177	0.18192966601104021	1.0
memory_contribution	ips	67.0	0.1018487294661594	0.04500276508806793	0.1828610875366896	1.0
memory_contribution	ips	67.88235294117646	0.10164253195223846	0.04419649682919596	0.1842255434595673	1.0
memory_contribution	ips	68.76470588235294	0.10143792233463107	0.04337035811912045	0.18522068076648884	1.0
memory_contribution	ips	69.64705882352942	0.10123426980768056	0.04258309207196835	0.18623138921222107	1.0
memory_contribution	ips	70.52941176470588	0.10103093021533986	0.0419103376934985	0.18725240642782923	1.0
memory_contribution	ips	71.41176470588235	0.10082725218702615	0.041127447560976325	0.1879334512423496	1.0
memory_contribution	ips	72.29411764705883	0.10062258372164966	0.04041244983990724	0.18889868071192886	1.0
memory_contribution	ips	73.17647058823529	0.10041627920989905	0.03970978787138237	0.18997233963217072	1.0
memory_contribution	ips	74.05882352941177	0.10020770688337899	0.03905616033485113	0.19086111819985171	1.0
memory_contribution	ips	74.94117647058823	0.09999625667762876	0.03838470729631545	0.19224176522316372	1.0
memory_contribution	ips	75.82352941176471	0.09978134849430473	0.037841586236494626	0.19312279015061862	1.0
memory_contribution	ips	76.70588235294117	0.0995624408461093	0.037221063742168846	0.19374138175949912	1.0
memory_contribution	ips	77.58823529411765	0.09933903986627148	0.0366334660240595	0.19443311695798174	1.0
memory_contribution	ips	78.47058823529412	0.09911070866278511	0.036020254917438876	0.19538740457023823	1.0
memory_contribution	ips	79.35294117647058	0.09887707699609367	0.03550204625881583	0.19574218312982875	1.0
memory_contribution	ips	80.23529411764706	0.09863785125769572	0.03496895897044565	0.19670432651198155	1.0
memory_contribution	ips	81.11764705882352	0.09839282472630854	0.03435111121297489	0.19783043204850256	1.0
memory_contribution	ips	82.0	0.09814188807779417	0.033899808146413205	0.1982771448607379	1.0
memory_contribution	ips	82.88235294117646	0.09788504012531614	0.03328363942058092	0.19933818704847106	1.0
memory_contribution	ips	83.76470588235294	0.09762239876713165	0.032827074549922286	0.19977532970955864	1.0
memory_contribution	ips	84.6470588235294	0.09735421212131014	0.032360920544603	0.19971431641523224	1.0
memory_contribution	ips	85.52941176470588	0.09708086982960831	0.03190147070436988	0.19945671146089264	1.0
memory_contribution	ips	86.41176470588235	0.0968029145169628	0.03151529343440869	0.20009286167293663	1.0
memory_contribution	ips	87.29411764705883	0.09652105339874194	0.031050510381196328	0.2008585250707916	1.0
memory_contribution	ips	88.17647058823529	0.09623617003525123	0.03056846673222626	0.20156977940710122	1.0
memory_contribution	ips	89.05882352941177	0.0959493362423083	0.03018468413098894	0.20187796626317658	1.0
memory_contribution	ips	89.94117647058823	0.09566182417810858	0.029745269721852007	0.20188441341532937	1.0
memory_contribution	ips	90.82352941176471	0.09537511864043278	0.029181565102238283	0.2022409289481694	1.0
memory_contribution	ips	91.70588235294117	0.09509092962473614	0.028661489807662966	0.20280331817125805	1.0
memory_contribution	ips	92.58823529411764	0.0948112052129307	0.028178313187352845	0.20360925395853502	1.0
memory_contribution	ips	93.47058823529412	0.09453814488513397	0.027752873469008878	0.2039921314187986	1.0
memory_contribution	ips	94.35294117647058	0.09427421337225028	0.027259657567710094	0.20414567982705034	1.0
memory_contribution	ips	95.23529411764706	0.09402215519631621	0.026672039567527304	0.20488221804286103	1.0
memory_contribution	ips	96.11764705882352	0.093785010078019	0.026111854581267323	0.20587400125116914	1.0
memory_contribution	ips	97.0	0.09356612942662226	0.02562915913053292	0.20604722763829827	1.0
memory_contribution	ips	97.88235294117646	0.09336919416666482	0.02506315648798363	0.206739010425362	1.0
memory_contribution	ips	98.76470588235294	0.09319823419766388	0.024349572116518205	0.20863161889624982	1.0
memory_contribution	ips	99.6470588235294	0.0930576498272971	0.023653688819556585	0.2101649783817129	1.0
memory_contribution	ips	100.52941176470588	0.09295223556395422	0.02302805607938432	0.21222139229762296	1.0
memory_contribution	ips	101.41176470588235	0.09288720670006426	0.022556629873667643	0.2147795065196757	1.0
memory_contribution	ips	102.29411764705883	0.09286822916107909	0.02180901665628623	0.21738378049846185	1.0
memory_contribution	ips	103.17647058823529	0.09290145313394765	0.02107700346279806	0.2203666755500595	1.0
memory_contribution	ips	104.05882352941177	0.09299355101969092	0.02051396606490106	0.22409316965667908	1.0
memory_contribution	ips	104.94117647058823	0.09315176027253012	0.019724822663413	0.2269477439285136	1.0
memory_contribution	ips	105.8235294117647	0.09338393168670694	0.01892039210069505	0.23091886655154292	1.0
memory_contribution	ips	106.70588235294117	0.09369858366356483	0.018023854276151607	0.2365340382212899	1.0
memory_contribution	ips	107.58823529411764	0.09410496292559802	0.01724663901991481	0.243231783289467	1.0
memory_contribution	ips	108.47058823529412	0.09461311202885499	0.01635839893825195	0.25019700789706567	1.0
memory_contribution	ips	109.35294117647058	0.09523394384635626	0.015561983374991418	0.2579996276227624	1.0
memory_contribution	ips	110.23529411764706	0.09597932293816341	0.014705900571061914	0.26592807528429874	1.0
memory_contribution	ips	111.11764705882352	0.09686215337470475	0.013915153471190923	0.27567489583904087	1.0
memory_contribution	ips	112.0	0.09789647212949662	0.013012759508648997	0.2859331584214496	1.0
memory_contribution	vertex	7.0	0.020032030948943777	0.00114950058096559	0.08479937591202959	1.0
memory_contribution	vertex	7.882352941176471	0.02274426820641147	0.0024754869857539054	0.07865077060735387	1.0
memory_contribution	vertex	8.764705882352942	0.026360065039771466	0.004712311736764984	0.07628128778584631	1.0
memory_contribution	vertex	9.647058823529411	0.030768854944240472	0.007866216436775042	0.07664622261765826	1.0
memory_contribution	vertex	10.529411764705882	0.035789732950154765	0.011701825963827262	0.07908524155064856	1.0
memory_contribution	vertex	11.411764705882353	0.04116513818775284	0.015589301952558171	0.08434798744457966	1.0
memory_contribution	vertex	12.294117647058822	0.04658327559029033	0.018750444027803192	0.09114594709130523	1.0
memory_contribution	vertex	13.176470588235293	0.05172301076178307	0.021284539411041924	0.09858308617612845	1.0
memory_contribution	vertex	14.058823529411764	0.056306220229557856	0.023577774190001344	0.1063491487249946	1.0
memory_contribution	vertex	14.941176470588236	0.060140503779871665	0.025357422336498594	0.11259160147594821	1.0
memory_contribution	vertex	15.823529411764707	0.06314082982773808	0.026872359199776874	0.11705694399183941	1.0
memory_contribution	vertex	16.705882352941174	0.06532802418757615	0.02831196424474224	0.11969409495304334	1.0
memory_contribution	vertex	17.588235294117645	0.0668097676033498	0.029742259849429565	0.12012204663867955	1.0
memory_contribution	vertex	18.470588235294116	0.06775322942965215	0.031065587227583756	0.11960782891630159	1.0
memory_contribution	vertex	19.352941176470587	0.06835798181303303	0.032334921237692715	0.11839727788497399	1.0
memory_contribution	vertex	20.235294117647058	0.06883454458152495	0.033580477080675256	0.11731267800807882	1.0
memory_contribution	vertex	21.11764705882353	0.06932364424422359	0.034756275815450564	0.11622135925344555	1.0
memory_contribution	vertex	22.0	0.06983489706168419	0.03585087050257999	0.11575461346350396	1.0
memory_contribution	vertex	22.88235294117647	0.07036405490457914	0.03689859860076643	0.11568938529631582	1.0
memory_contribution	vertex	23.764705882352942	0.07090720824412623	0.037639444477739446	0.11556341733257001	1.0
memory_contribution	vertex	24.647058823529413	0.07146077083131648	0.038386264292655826	0.11564034591621022	1.0
memory_contribution	vertex	25.52941176470588	0.07202146611381194	0.03905803083900124	0.11597864551597778	1.0
memory_contribution	vertex	26.41176470588235	0.07258631489910314	0.03971732054206023	0.1165308699601254	1.0
memory_contribution	vertex	27.294117647058822	0.07315262385029077	0.0403664093332141	0.11686798905490836	1.0
memory_contribution	vertex	28.176470588235293	0.0737179744732136	0.04091789970283285	0.11715230910040993	1.0
memory_contribution	vertex	29.058823529411764	0.07428021232010003	0.04147806008506951	0.11782998929099836	1.0
memory_contribution	vertex	29.941176470588236	0.07483743619501664	0.04194342916203446	0.11842154779665627	1.0
memory_contribution	vertex	30.823529411764707	0.07538798720003917	0.04229173658386076	0.11948465534257072	1.0
memory_contribution	vertex	31.705882352941174	0.0759304375083013	0.042690324739230776	0.12001353655209404	1.0
memory_contribution	vertex	32.588235294117645	0.0764635787910812	0.04304915451685211	0.12098621412040637	1.0
memory_contribution	vertex	33.470588235294116	0.07698641026109931	0.04331084114519986	0.12164708686697163	1.0
memory_contribution	vertex	34.35294117647059	0.07749812632363165	0.04362523917077097	0.12229559671232851	1.0
memory_contribution	vertex	35.23529411764706	0.0779981038512296	0.04383082019235242	0.12324009599629708	1.0
memory_contribution	vertex	36.11764705882353	0.0784858891172644	0.04404485655732909	0.12401658867955107	1.0
memory_contribution	vertex	37.0	0.07896118443862674	0.04421221080713359	0.12486087790440023	1.0
memory_contribution	vertex	37.88235294117647	0.07942383458916212	0.044324540829683776	0.1259497397546791	1.0
memory_contribution	vertex	38.76470588235294	0.07987381305325482	0.04437791501691398	0.12707275561145956	1.0
memory_contribution	vertex	39.64705882352941	0.08031120819390448	0.0444599024382783	0.12791288250907473	1.0
memory_contribution	vertex	40.529411764705884	0.08073620941198734	0.044493618693238965	0.12919997044258685	1.0
memory_contribution	vertex	41.411764705882355	0.0811490933736648	0.04456593575242172	0.13019958063077303	1.0
memory_contribution	vertex	42.294117647058826	0.08155021038141827	0.04461919483420625	0.13093547087438823	1.0
memory_contribution	vertex	43.17647058823529	0.081939970961348	0.04457970035773683	0.13199132133945235	1.0
memory_contribution	vertex	44.05882352941176	0.08231883273542172	0.044389462688503856	0.13278971334663528	1.0
memory_contribution	vertex	44.94117647058823	0.08268728764272311	0.04436290470240334	0.13390697414619993	1.0
memory_contribution	vertex	45.8235294117647	0.08304584956854022	0.044173122334818	0.13528893887735757	1.0
memory_contribution	vertex	46.705882352941174	0.08339504243473918	0.043879093677933245	0.13639944973918042	1.0
memory_contribution	vertex	47.588235294117645	0.08373538879935186	0.04355481569337503	0.137591101030798	1.0
memory_contribution	vertex	48.470588235294116	0.08406739900798361	0.04304733288997523	0.1388778406634526	1.0
memory_contribution	vertex	49.35294117647059	0.08439156093454712	0.042760499313580745	0.14046641872281082	1.0
memory_contribution	vertex	50.23529411764706	0.08470833034411984	0.04238358949339068	0.14187151153853206	1.0
memory_contribution	vertex	51.11764705882353	0.08501812190654545	0.04193237845664789	0.14363207788046448	1.0
memory_contribution	vertex	52.0	0.08532130088568758	0.04143648228129689	0.14496867553982673	1.0
memory_contribution	vertex	52.88235294117647	0.08561817552616767	0.04078321309840819	0.1465274170777142	1.0
memory_contribution	vertex	53.76470588235294	0.08590899015688586	0.04026964559260723	0.14798916942360504	1.0
memory_contribution	vertex	54.64705882352941	0.08619391902869873	0.03960977925262578	0.1495570213310732	1.0
memory_contribution	vertex	55.529411764705884	0.08647306090219213	0.03896613481386026	0.15114271771221013	1.0
memory_contribution	vertex	56.41176470588235	0.08674643440054755	0.03831567110397941	0.15284299228666307	1.0
memory_contribution	vertex	57.29411764705882	0.08701397414198066	0.037561972588590044	0.15488644897995443	1.0
memory_contribution	vertex	58.17647058823529	0.08727552766598408	0.03677719833993955	0.15696365010192337	1.0
memory_contribution	vertex	59.05882352941176	0.08753085316759569	0.03602085614765323	0.1592953038636179	1.0
memory_contribution	vertex	59.94117647058823	0.08777961805399959	0.03533083857715354	0.16136286095422567	1.0
memory_contribution	vertex	60.8235294117647	0.08802139833785622	0.03463681030827041	0.16374187205123458	1.0
memory_contribution	vertex	61.705882352941174	0.08825567888169061	0.03398333161807625	0.16577931582055885	1.0
memory_contribution	vertex	62.588235294117645	0.08848185450739131	0.03320391880547742	0.16868451104528054	1.0
memory_contribution	vertex	63.470588235294116	0.08869923198424826	0.03250974923900207	0.17097965573647933	1.0
memory_contribution	vertex	64.35294117647058	0.08890703290787766	0.03180386427178463	0.17358274370145507	1.0
memory_contribution	vertex	65.23529411764706	0.08910439748080565	0.031043342307246792	0.175890712550244	1.0
memory_contribution	vertex	66.11764705882354	0.08929038920328272	0.03039480120655713	0.17855564925718131	1.0
memory_contribution	vertex	67.0	0.08946400048010154	0.029666107297710687	0.18114402918225278	1.0
memory_contribution	vertex	67.88235294117646	0.08962415914567577	0.02894970332256299	0.18344621613869394	1.0
memory_contribution	vertex	68.76470588235294	0.08976973590548017	0.028247760296691717	0.18597572027614934	1.0
memory_contribution	vertex	69.64705882352942	0.08989955268711497	0.027432432158220867	0.1883806186554122	1.0
memory_contribution	vertex	70.52941176470588	0.09001239188875132	0.02684955224320913	0.19091404474616747	1.0
memory_contribution	vertex	71.41176470588235	0.09010700650668589	0.026194119854469955	0.19363309499555398	1.0
memory_contribution	vertex	72.29411764705883	0.0901821311170942	0.02555884897014926	0.19619068035193207	1.0
memory_contribution	vertex	73.17647058823529	0.09023649368006853	0.02494412412354039	0.19846595245570853	1.0
memory_contribution	vertex	74.05882352941177	0.09026882812664534	0.024434912238198315	0.20067526494192897	1.0
memory_contribution	vertex	74.94117647058823	0.09027788768186773	0.02386820860563288	0.20348150168302084	1.0
memory_contribution	vertex	75.82352941176471	0.09026245886920983	0.023411815137155	0.205457670583818	1.0
memory_contribution	vertex	76.70588235294117	0.09022137613391386	0.022892870834188984	0.20760024645220718	1.0
memory_contribution	vertex	77.58823529411765	0.09015353701514145	0.022364058566273014	0.210310124595687	1.0
memory_contribution	vertex	78.47058823529412	0.09005791778947216	0.021918534815895098	0.21276615975550606	1.0
memory_contribution	vertex	79.35294117647058	0.089933589501292	0.021357595227807245	0.21382683230005736	1.0
memory_contribution	vertex	80.23529411764706	0.08977973428920964	0.020905791329487732	0.2159350941657707	1.0
memory_contribution	vertex	81.11764705882352	0.08959566191193265	0.020451605015728336	0.21734686339530332	1.0
memory_contribution	vertex	82.0	0.08938082637231319	0.02004299552842581	0.2181670733447418	1.0
memory_contribution	vertex	82.88235294117646	0.08913484253461426	0.019610350821327116	0.21925533982903914	1.0
memory_contribution	vertex	83.76470588235294	0.08885750262785579	0.019218131688256212	0.221231647761099	1.0
memory_contribution	vertex	84.6470588235294	0.08854879252752361	0.018818211984927325	0.22261908994779586	1.0
memory_contribution	vertex	85.52941176470588	0.08820890770935401	0.01848017556434114	0.22319810141300658	1.0
memory_contribution	vertex	86.41176470588235	0.08783826877275223	0.018044927268744203	0.22401528752073818	1.0
memory_contribution	vertex	87.29411764705883	0.08743753643793872	0.01766757270256549	0.2245260989535899	1.0
memory_contribution	vertex	88.17647058823529	0.0870076259308444	0.017448066405991967	0.22444771748911244	1.0
memory_contribution	vertex	89.05882352941177	0.08654972068337682	0.017111085692232474	0.22406518759711586	1.0
memory_contribution	vertex	89.94117647058823	0.08606528529474958	0.016849542824719378	0.2237018442700818	1.0
memory_contribution	vertex	90.82352941176471	0.08555607772254648	0.01650082459222648	0.2235535858316927	1.0
memory_contribution	vertex	91.70588235294117	0.08502416070085576	0.01613964882967458	0.22167127911542625	1.0
memory_contribution	vertex	92.58823529411764	0.0844719124177172	0.015687646821653134	0.22083073490783336	1.0
memory_contribution	vertex	93.47058823529412	0.08390203652594061	0.015363231995436854	0.22093960112675573	1.0
memory_contribution	vertex	94.35294117647058	0.0833175716106859	0.014983407349828393	0.22140136655557954	1.0
memory_contribution	vertex	95.23529411764706	0.08272190029448644	0.014510826798074384	0.22052828345946873	1.0
memory_contribution	vertex	96.11764705882352	0.08211875822603665	0.014225509635694111	0.21933661331406984	1.0
memory_contribution	vertex	97.0	0.08151224327327333	0.01386017729697515	0.21793126739484905	1.0
memory_contribution	vertex	97.88235294117646	0.08090682532396058	0.013459424399265396	0.21698838311485705	1.0
memory_contribution	vertex	98.76470588235294	0.08030735718784197	0.013125059534319528	0.2154045840237924	1.0
memory_contribution	vertex	99.6470588235294	0.07971908719279601	0.012757150946107654	0.21496151724369808	1.0
memory_contribution	vertex	100.52941176470588	0.07914767417218153	0.012341699628194137	0.21484041219261596	1.0
memory_contribution	vertex	101.41176470588235	0.07859920565005163	0.011908853139411524	0.21493250329648864	1.0
memory_contribution	vertex	102.29411764705883	0.07808022014284198	0.01146905627641559	0.21462111168026454	1.0
memory_contribution	vertex	103.17647058823529	0.07759773460707409	0.011015225702432541	0.21474532522042594	1.0
memory_contribution	vertex	104.05882352941177	0.07715927816799967	0.01057064343043621	0.21606773078499006	1.0
memory_contribution	vertex	104.94117647058823	0.07677293335702405	0.010101049370828785	0.21706752399479654	1.0
memory_contribution	vertex	105.8235294117647	0.0764473861567677	0.00965668434584206	0.21857465729035855	1.0
memory_contribution	vertex	106.70588235294117	0.07619198618770152	0.00916698340483968	0.2207848169978593	1.0
memory_contribution	vertex	107.58823529411764	0.07601681835020939	0.008798998536655445	0.22327407962137258	1.0
memory_contribution	vertex	108.47058823529412	0.07593278713364325	0.008273917820227128	0.22653058915739446	1.0
memory_contribution	vertex	109.35294117647058	0.07595171458427452	0.007804397597428059	0.2303711598146564	1.0
memory_contribution	vertex	110.23529411764706	0.07608645254266753	0.007314533364431952	0.23657695354772923	1.0
memory_contribution	vertex	111.11764705882352	0.07635100916822178	0.006806856957604168	0.24303932815545554	1.0
memory_contribution	vertex	112.0	0.07676068891618333	0.006282964933574586	0.2528236068687854	1.0
